#{"t_start": 1789504209.485163, "env_id": "None"}
r,l,t,is_success,collision,timeout,path_length,start_dist
-26.174796,21,2.426307,False,True,False,1.4386407397352918,7.571680769127
-20.607085,32,2.685032,False,True,False,2.0264854893678272,1.9662809714910798
-31.652825,81,3.303119,False,True,False,4.963461106814854,5.52247331547386
-31.332392,234,5.156921,False,True,False,13.640045978825949,4.923519138177152
-30.783334,300,9.805182,False,False,True,18.5024338100012,1.8513785203728204
-45.733424,264,11.819279,False,True,False,16.108790044180022,2.2077088196557564
-22.162962,300,16.186827,False,False,True,18.085686962397777,1.922585601339538
-10.098629,300,27.39232,False,False,True,18.025980329290313,5.4960255918289125
-11.115604,300,31.657809,False,False,True,18.675563870456884,3.7155675142554103
-21.625951,300,35.920717,False,False,True,18.371540085507743,4.054622088654238
-27.41256,300,38.182899,False,False,True,17.874741783533544,3.5931586670210844
13.417767,214,49.350793,True,False,False,14.122135891565282,2.306200649414331
24.300286,121,50.280676,True,False,False,7.861506551862405,2.82130558709553
-18.144194,56,50.72345,False,True,False,3.7069342889740566,3.676398833337146
30.726859,97,51.466711,True,False,False,6.831467409359071,3.6834747436982367
26.811438,233,55.31975,True,False,False,14.37324184506057,5.089720177586081
24.977894,159,56.553945,True,False,False,11.219917823046918,3.5374452442698376
14.550137,224,58.294339,True,False,False,14.301492107606665,2.8188615720304186
30.579447,148,61.548401,True,False,False,9.657434550662257,4.384059182439563
-16.033385,74,65.631963,False,True,False,4.6512234816312565,2.925444736812128
-18.188531,38,65.926511,False,True,False,2.6302050181011216,2.5595280900602337
33.445186,223,67.625838,True,False,False,15.344409969425215,6.466551706482257
22.213988,116,70.587581,True,False,False,7.349622084230629,2.982754786458538
22.204059,54,71.001728,True,False,False,3.4261669618395434,1.7178644399624483
23.007917,92,71.715652,True,False,False,5.5510749657695095,2.1863365430174984
26.405976,77,72.311631,True,False,False,4.973910309205055,2.5789430495123487
-14.60076,25,72.502257,False,True,False,1.9196131060819526,3.208017973375393
36.244135,115,73.387162,True,False,False,7.842389835950672,4.822505727515861
-16.314312,61,73.86157,False,True,False,4.173600806331017,2.549104923619748
-6.848754,121,77.032342,False,True,False,9.265027421150181,6.116177323082275
31.510927,57,77.474588,True,False,False,4.27019145853336,3.1918823946721564
-23.863224,72,78.034898,False,True,False,4.558702978344483,3.837433350187073
33.44454,158,79.280708,True,False,False,10.86340280607875,5.032201883228579
23.33825,103,82.100517,True,False,False,6.506441483336419,2.883419530605357
-10.157182,36,82.387469,False,True,False,3.1766510113997017,6.502533810339301
36.711916,81,85.163373,True,False,False,6.163879839959242,4.44746011590727
34.074014,104,85.982177,True,False,False,7.53902202577192,4.301245782018738
36.495151,164,87.284078,True,False,False,11.69463487129733,6.037746888868565
42.093173,203,91.069642,True,False,False,14.28325790959563,7.231183874699903
31.08986,100,91.863533,True,False,False,7.0463679431517585,3.6803726387663303
25.552372,41,92.187751,True,False,False,3.2082008631282353,2.0442620530985263
-5.419543,46,92.547908,False,True,False,4.185273739790182,5.0775494847458384
36.613678,72,93.113724,True,False,False,5.744698536534747,4.442525970691626
43.943989,133,94.173816,True,False,False,9.842360367363126,6.522191907840658
30.924909,59,94.64167,True,False,False,4.5267098292705255,3.0928179003296967
41.012716,99,97.520114,True,False,False,7.430495132805062,5.471149917183962
33.965219,63,99.62194,True,False,False,5.05311179633168,3.6822668119006536
35.697429,85,100.286268,True,False,False,6.667238384959204,4.788447596093593
41.436121,112,101.170809,True,False,False,9.211070138527834,5.9554207761351865
-18.452837,41,101.492661,False,True,False,2.899140850658756,2.382109968127089
31.343917,61,101.975373,True,False,False,4.652998798872394,3.310801716012948
25.359957,32,102.227606,True,False,False,2.448685224301122,1.7017737940567186
39.204583,100,105.310095,True,False,False,7.113606899554462,5.1777067347305925
39.160141,80,105.944123,True,False,False,6.256657443240638,4.930805438048511
32.06232,52,106.352794,True,False,False,4.165186149968646,3.1987396366995906
31.202881,74,106.950732,True,False,False,5.759534068245207,3.3606977464130128
36.979132,117,107.853591,True,False,False,8.37194236308587,5.187428939671598
36.158669,81,108.494185,True,False,False,6.238518545184454,4.317455973517146
-19.400773,7,108.553218,False,True,False,0.3827360813560625,2.1458088759830534
26.384255,38,108.856804,True,False,False,2.773398209725189,2.021614672335845
18.648505,99,111.862632,True,False,False,7.004232214762582,1.6169713597146145
33.973627,47,112.228011,True,False,False,3.8932292930118964,3.4571373194433637
35.785532,63,112.723366,True,False,False,5.017068105209415,4.012031998068412
28.643107,80,113.342283,True,False,False,5.64656286099971,3.0820880332214586
35.689802,61,115.529243,True,False,False,4.809196379480554,3.9934707766274604
44.31967,80,116.156551,True,False,False,6.628323105415901,5.748775488313944
38.519776,80,116.797239,True,False,False,6.484717340325526,4.766800804447415
32.3654,74,119.485644,True,False,False,5.696603538250424,3.5737402035111128
36.350659,48,119.864376,True,False,False,4.37372510044672,3.9162237128188098
28.01475,55,120.288178,True,False,False,4.103764892058516,2.512293521780817
27.591198,48,120.668141,True,False,False,3.5157713043328984,2.3637248691866795
38.939427,79,121.285376,True,False,False,6.214390641773368,4.848232841161186
30.367052,39,121.590127,True,False,False,3.0637769331402143,2.7923631263149393
42.087863,89,122.285265,True,False,False,7.486902860247064,5.552291143486666
-19.313322,5,122.323202,False,True,False,0.3632356919602872,2.4684647766034162
41.964591,66,122.830724,True,False,False,6.054406591332471,5.199443862634199
32.787571,91,125.776038,True,False,False,6.779691093089339,3.961866520985769
34.257155,51,126.164563,True,False,False,4.243705174838943,3.7169671116604097
38.727323,76,126.764055,True,False,False,6.341943721109921,4.782454844897874
33.314975,66,127.271969,True,False,False,5.331458257862702,3.6483245333423855
31.22877,52,127.67572,True,False,False,4.204256006502105,3.0341933150854734
35.427001,64,128.177129,True,False,False,5.091611999737819,3.9643237675307126
39.41145,74,128.768003,True,False,False,6.353422541958466,4.891554513502098
46.344454,93,131.73457,True,False,False,8.152296208378024,6.286228218454949
34.185462,51,133.531798,True,False,False,4.680899039602696,3.6237671641578793
42.783538,126,134.512547,True,False,False,9.351553244932855,6.205193773673776
36.916219,68,135.047451,True,False,False,5.484581233938623,4.368056161179557
-10.122996,57,135.494244,False,True,False,4.464247617277024,6.138027134375555
29.768274,25,135.693408,True,False,False,2.6714128242182396,2.3525110104957263
34.212157,69,136.228903,True,False,False,5.078956765141763,3.9099474996631853
42.08413,101,139.127101,True,False,False,8.163584810210548,5.68907322308189
28.591436,36,139.40853,True,False,False,3.0257818849971283,2.3777256678438583
26.38487,44,139.75263,True,False,False,3.1886371801470847,2.0390788078893456
43.192948,84,140.40691,True,False,False,7.745207027219508,5.659157048137935
-18.159791,25,140.598204,False,True,False,1.691511692909801,2.771027621809062
25.123412,22,140.773526,True,False,False,1.8943406833248635,1.7201439929748088
38.008952,67,141.301,True,False,False,5.54584843841275,4.486541801083917
31.065836,42,141.63215,True,False,False,3.3654030080746704,2.825614346248757
31.091139,34,141.895056,True,False,False,3.3087425449831174,2.76085924152705
43.840196,110,142.744883,True,False,False,9.177040076091949,6.209355489053816
29.130039,29,142.972968,True,False,False,2.67354606431468,2.322289410922321
30.566237,31,145.284459,True,False,False,2.857805828379217,2.7168351512022806
27.66163,30,145.511438,True,False,False,2.5932027204029318,2.049328097126931
40.448825,107,146.327348,True,False,False,8.388633895329393,5.485728871680852
41.652818,69,146.872093,True,False,False,6.374837447351936,5.216102924366046
32.882394,96,149.098058,True,False,False,7.256463555202489,4.15578248559352
33.854446,89,149.791445,True,False,False,6.84410167760662,4.4005071153160795
-2.086231,84,150.45051,False,True,False,7.262683256361884,6.339965912923177
27.684586,30,152.831773,True,False,False,2.81372932481385,2.172872166460563
29.466039,68,153.350725,True,False,False,5.5753262132642485,3.0296899998649844
41.593516,102,154.13626,True,False,False,8.555272174506705,5.695417771222808
32.094852,38,154.428068,True,False,False,3.5176961468969354,3.137487209149818
34.747839,51,154.827613,True,False,False,4.6236850623276595,3.5962102376759155
-12.649174,30,155.060745,False,True,False,2.344296556094323,3.23937073375726
35.501742,51,155.455088,True,False,False,4.561479552262872,3.773605673641253
26.284869,49,155.834868,True,False,False,3.8870109745613206,2.356163510849444
32.274802,39,156.13781,True,False,False,3.3805304116023556,3.0089050743719836
36.698372,67,156.665908,True,False,False,5.6601701256278245,4.22498175275146
-13.932392,42,159.071829,False,True,False,2.921143782034002,5.18562089409122
44.969698,87,159.753394,True,False,False,7.510770053702048,5.958374308801341
38.220341,48,160.125747,True,False,False,4.564345735030124,4.223431977345835
28.30758,28,160.341171,True,False,False,2.4782120909203336,2.17026985666291
39.38099,147,161.488165,True,False,False,13.100248379986047,6.078232688331971
39.923595,70,162.03277,True,False,False,6.05414096552825,4.875895525669121
37.151455,99,166.264371,True,False,False,7.88576223068636,4.7875418347525915
29.745416,30,166.491778,True,False,False,2.963059557764048,2.3676086148491784
32.644167,52,166.904678,True,False,False,4.414964758374235,3.5017104324134234
42.608092,64,167.403775,True,False,False,5.959167324565971,5.461090520848389
33.170855,39,167.715271,True,False,False,3.7603405947605055,3.281531356484061
44.572648,88,168.415446,True,False,False,7.487360512192266,6.01346380780985
32.986116,40,168.726933,True,False,False,3.5325450782971606,3.119370696732633
37.755173,88,169.419886,True,False,False,6.713249336249944,4.726337805229753
39.918938,77,170.016301,True,False,False,6.539214479594177,5.012511788127913
30.760662,44,172.595432,True,False,False,3.59288013484721,2.8118080349623185
33.448361,43,172.923853,True,False,False,3.82241060738901,3.302839431579736
34.779638,34,173.183781,True,False,False,3.467602971952244,3.4006326489537804
30.535781,29,173.411144,True,False,False,2.914225281816796,2.5345449577353523
39.658153,62,173.889796,True,False,False,5.591616897508,4.707214199893815
26.440352,23,174.076888,True,False,False,2.0464899691518896,1.7491258470553135
28.541595,41,174.414555,True,False,False,3.1925869685358057,2.4042587932676467
27.349955,26,174.623908,True,False,False,2.195561364588315,1.9782400330880912
31.190949,43,174.969986,True,False,False,3.3857569893569273,2.912783067812018
29.037427,27,175.181491,True,False,False,2.2608240907615405,2.2901299820990526
37.334229,40,175.490756,True,False,False,4.0672489689115485,3.9285889244896866
30.064763,48,175.859763,True,False,False,3.934197366573842,2.7602180401568073
31.115331,35,176.126771,True,False,False,2.994287713500817,2.7303616102174804
30.425658,47,178.612308,True,False,False,4.3075849131565,2.7097166810929982
36.950541,41,178.933045,True,False,False,4.1731042108222205,3.9155770133574244
42.791875,74,179.511896,True,False,False,6.348317420204858,5.421477812755498
32.123459,54,179.926051,True,False,False,4.530245334217561,3.281521567339438
28.095538,17,180.054336,True,False,False,1.823304604795114,1.9835136940122322
30.069536,32,181.501971,True,False,False,2.6540510417370538,2.549342978907022
36.335012,57,181.945527,True,False,False,5.404160478240912,4.038818549049002
41.77312,61,182.424209,True,False,False,5.592551075632967,5.007025681900264
31.536259,40,182.741288,True,False,False,3.6363928895906006,2.9109053761018084
43.617559,101,183.542099,True,False,False,8.450578931704474,5.909959628686671
31.911818,30,183.779777,True,False,False,3.0622500338141774,2.778795101731795
28.417031,26,186.191618,True,False,False,2.121476328563442,2.119953965592488
30.481632,25,186.385406,True,False,False,2.6116848545053672,2.4492516682759264
35.328514,46,186.749556,True,False,False,4.014422285052772,3.6416819200257318
38.3775,50,187.137458,True,False,False,4.836579437875823,4.255797249152948
29.079962,39,187.450344,True,False,False,3.141479771205922,2.4701797063133144
36.572912,64,187.964731,True,False,False,5.5086510748344715,4.195151204121364
30.058462,25,188.162876,True,False,False,2.4404108831393447,2.423250133993181
38.902255,52,188.578054,True,False,False,4.807586964106029,4.3766043929306315
30.535203,28,188.802255,True,False,False,2.9238351193170793,2.563903207429682
30.8946,47,189.191984,True,False,False,3.9659739231307274,3.0806321408999193
31.647597,37,189.491822,True,False,False,3.322140305938017,2.9033195617136944
-17.94675,9,189.562407,False,True,False,0.7141606489781743,7.070376300360813
39.03451,71,192.197533,True,False,False,6.532941341679101,4.743645892998147
45.311003,72,192.764218,True,False,False,6.785443250645567,5.87098051555114
46.97587,81,193.377903,True,False,False,7.642569695408518,6.2609285141131945
27.80409,21,193.544917,True,False,False,1.8424490337618216,1.9076638798595373
26.660152,18,193.685392,True,False,False,1.7300196548903972,1.763062812574119
37.106422,52,194.084468,True,False,False,4.92743118244833,4.063361352980017
37.457775,51,194.479868,True,False,False,5.143841836776217,4.127774430944851
32.510954,34,194.746559,True,False,False,3.36758514361496,2.986535836868768
27.155023,22,194.916654,True,False,False,1.9824251960945802,1.8677297139187217
32.393824,31,195.156624,True,False,False,2.9483488585129733,2.894816926450543
36.081564,37,195.45152,True,False,False,4.175819456237251,3.6782656269952883
44.547428,86,197.208164,True,False,False,8.271901474613271,5.8034395883504235
42.378985,66,199.803888,True,False,False,6.391884309163697,5.3523651091614015
34.683202,46,200.155207,True,False,False,4.209167146683835,3.5302360354332194
32.055219,37,200.440589,True,False,False,3.3241043412860125,2.9791058553470102
-1.555366,41,200.76299,False,True,False,4.332608655596712,4.975684228958288
28.190533,30,200.991745,True,False,False,2.814184071936387,2.155002132171156
-19.272396,4,201.025121,False,True,False,0.29623511868734237,5.123062850564334
-5.544861,39,201.332006,False,True,False,3.7751288569853294,4.527315966636172
28.399226,21,201.49856,True,False,False,2.2883745847025523,2.041930882485328
32.709752,50,201.890217,True,False,False,4.274199619383998,3.242929364202102
41.849402,55,202.311596,True,False,False,5.438625813110468,4.977336854539485
49.039484,85,202.973558,True,False,False,8.259576221804204,6.682570638181928
27.91014,23,203.148895,True,False,False,2.3977736140173684,2.016464996809973
34.590601,58,205.75962,True,False,False,4.723489359273085,3.840849619734095
49.884305,104,206.555642,True,False,False,9.438031920041112,7.063006512533208
37.01816,44,206.912817,True,False,False,4.358621422923179,3.9860109352113504
39.324163,54,207.342266,True,False,False,4.7704628530878335,4.475199861784221
49.306194,81,207.977164,True,False,False,7.876695920595487,6.622326518714931
43.291548,66,208.485159,True,False,False,6.442432788095086,5.373478515944873
28.977414,24,208.672583,True,False,False,2.4290091742635687,2.194283961087428
29.513401,22,208.840256,True,False,False,2.263477499006074,2.2286978977793424
31.659027,33,209.099057,True,False,False,3.2552038731500557,2.819097146807039
33.237647,41,209.42591,True,False,False,3.7937438916136,3.314305375592764
45.549356,64,212.01258,True,False,False,6.5179195052457075,5.6942914116971
20.530182,60,212.479851,True,False,False,4.590703344541805,1.5110809558377147
42.794176,65,214.162565,True,False,False,6.490577756878516,5.320790636187175
33.278963,36,214.444297,True,False,False,3.665919263684057,3.1718722287556376
30.526991,31,214.695112,True,False,False,3.0425931710354943,2.5844111077614302
29.357993,37,214.980809,True,False,False,3.1577835728029755,2.453504053224917
26.15633,35,215.255294,True,False,False,2.9579045222885707,2.29611982974348
47.396103,73,215.822751,True,False,False,7.130781455214845,6.1661450444787524
33.479554,45,216.171175,True,False,False,4.084325290564695,3.308285642202421
26.088059,14,216.277959,True,False,False,1.4658814756689453,1.5578736718591515
37.140791,52,216.690738,True,False,False,4.989383966150631,4.309251046681131
28.74438,25,219.077824,True,False,False,2.4352668574357788,2.203547552529103
31.703386,27,219.289333,True,False,False,2.759544137781225,2.6933539732341014
33.779036,37,219.572031,True,False,False,3.5144194000348263,3.2015868575090827
37.455855,71,220.116121,True,False,False,6.137842037487501,4.601512983799497
-12.199727,22,220.291241,False,True,False,1.9888438175502967,7.294332025021252
31.397482,35,220.566196,True,False,False,3.2577554940277915,2.7667699276964504
43.557686,58,221.019825,True,False,False,6.027314388609022,5.237331471182863
34.867861,39,221.334676,True,False,False,3.713413519548583,3.5545930667730907
-14.838149,17,221.475237,False,True,False,1.573973156786867,3.6848595114865885
40.114199,56,221.922059,True,False,False,5.1977367381117165,4.68956057209989
48.320049,80,222.412334,True,False,False,7.47804512778037,6.464077519345086
44.743699,72,224.232823,True,False,False,6.908678759404005,5.893512763095368
31.471046,42,224.555378,True,False,False,4.017753888018046,2.9584806926982528
32.651212,39,224.811918,True,False,False,3.614407328811376,3.068209187287148
42.618841,81,225.19354,True,False,False,7.504366488269602,5.4009871357807375
27.840549,18,225.279246,True,False,False,1.8004387810210765,1.9276699045798051
-18.88071,5,225.302088,False,True,False,0.4082351198087175,5.2982847318440704
36.065257,35,225.527473,True,False,False,3.7284862379580725,3.6795106580304577
43.533783,54,225.827191,True,False,False,5.823681870366611,5.230739755444586
-15.158328,19,225.932039,False,True,False,1.789018204005677,2.0792270038710554
-16.10287,16,226.039616,False,True,False,1.3801025140512926,2.0501225578557998
26.635983,20,226.190446,True,False,False,1.7995219323483738,1.7255318083317808
33.663625,32,227.787985,True,False,False,3.3859314429175935,3.1132723973302148
40.809014,54,228.04107,True,False,False,5.605413030551069,4.90374488657955
27.591255,25,228.172193,True,False,False,2.250085623108876,2.068596022115452
28.132116,21,228.272187,True,False,False,2.150661937288237,2.0033802698234795
40.898144,52,230.534458,True,False,False,5.105433852573224,4.779447434740383
35.591931,40,230.85027,True,False,False,3.9057011198077864,3.6991307513338088
36.795899,50,231.249722,True,False,False,4.891663722019747,3.9729177737253747
33.203411,36,231.526313,True,False,False,3.6496888422133327,3.1225569395847868
31.99404,28,231.74455,True,False,False,2.9091551697023212,2.822068997249412
27.144194,24,231.936437,True,False,False,2.3419327662751046,1.897428812629947
25.480308,22,232.109215,True,False,False,1.8313566152367093,1.5897624344213492
39.167716,66,232.623545,True,False,False,6.608380003281364,4.777750262087526
41.069049,67,233.145297,True,False,False,6.56360864035843,5.009189248211488
32.804249,40,233.457279,True,False,False,3.4379036548679873,3.1335410225229117
32.673057,44,233.803524,True,False,False,3.8511148228861467,3.1918738537046627
30.081819,27,234.016805,True,False,False,2.8341959840131734,2.4080690141198597
33.360088,30,234.249879,True,False,False,3.2593248003923407,3.090371757644843
35.736246,70,236.909101,True,False,False,6.2220535727086625,4.123581136248649
38.526363,56,237.353432,True,False,False,5.372466869433091,4.32727912854791
38.443457,101,238.133308,True,False,False,8.734189177527673,5.101314685057698
35.686074,47,238.507964,True,False,False,4.690302035845444,3.7179353536990147
26.167483,14,238.627702,True,False,False,1.431887463075621,1.5620808621587432
38.858314,45,238.989078,True,False,False,4.5595685316662,4.329139677729888
31.84932,27,239.208113,True,False,False,2.704587958622519,2.743885995530453
31.69586,37,239.495755,True,False,False,3.6084768936038363,2.90277671437582
28.96265,30,239.731707,True,False,False,2.684453502908757,2.2570612752349657
-11.659155,59,240.190881,False,True,False,4.715407121055956,4.718397111312431
32.890779,30,240.43837,True,False,False,3.089047634158872,2.9830984930975597
33.201941,39,242.843623,True,False,False,3.8062501915454097,3.2041013512703795
42.164673,56,243.269142,True,False,False,5.494171221502612,5.004715741502026
31.156576,48,244.807327,True,False,False,4.265957748851446,3.0474307379980674
27.93361,17,244.943301,True,False,False,1.8008454502866722,1.8903259894131101
39.550286,47,245.307665,True,False,False,4.972767329861765,4.395983228531844
38.723431,47,245.683963,True,False,False,4.866096530143269,4.284018298726964
27.426892,27,245.899086,True,False,False,2.7134209937418423,1.9685017958692537
49.971316,88,246.577673,True,False,False,8.192480212969215,6.89162989728505
41.279049,75,247.16923,True,False,False,7.039688764731713,5.0370620246066995
41.98412,65,247.671797,True,False,False,6.539956853113245,5.34175429604736
39.55208,62,250.391614,True,False,False,5.89596792372144,4.688442815273551
33.116948,35,250.671093,True,False,False,3.487624266513041,3.2061340874489717
33.756335,52,251.079408,True,False,False,4.374690056503867,3.46804317617457
33.799382,45,251.437698,True,False,False,4.044689805255533,3.559902379797795
27.677406,27,251.652199,True,False,False,2.3753270476038493,2.0433681626995495
39.19605,51,252.051682,True,False,False,5.254117518924892,4.401245010942807
33.224416,32,252.29985,True,False,False,3.2237377200773,3.058424792950963
38.825546,57,252.745717,True,False,False,5.6564339341083505,4.45588009515277
48.420756,70,253.292167,True,False,False,7.316611810109974,6.318327117575329
32.667067,36,253.569513,True,False,False,3.2586029979782025,3.0464985879264206
32.128136,32,253.818144,True,False,False,3.124118027750617,2.869877908114852
34.374244,44,256.533839,True,False,False,4.632861405558462,3.4280273231608445
47.932783,71,257.166614,True,False,False,7.226307759459665,6.369986892592335
35.126447,41,257.508002,True,False,False,4.079960836269686,3.6159660227831587
32.921734,30,257.739789,True,False,False,3.0912305701235034,2.9958602414803233
54.787927,86,258.41879,True,False,False,8.938263467037157,7.680731760640373
25.49679,31,258.662014,True,False,False,2.7078032842066535,1.7228125341357678
29.855302,26,258.85159,True,False,False,2.4714440993963134,2.360445288709445
37.004125,51,260.670027,True,False,False,4.681227001151835,3.972067216534994
39.88283,58,261.094505,True,False,False,5.384090409671119,4.716408134256177
31.957706,29,261.322981,True,False,False,2.978258882882193,2.7653066174598244
35.132418,39,261.623062,True,False,False,3.857496568378551,3.4904559331323397
45.305319,75,264.29936,True,False,False,7.580250616797516,5.947427020260272
48.46678,76,264.90162,True,False,False,7.822347245376189,6.326183764284317
37.789155,59,265.458199,True,False,False,5.208450692699961,4.29179691456305
49.370504,71,266.007643,True,False,False,7.291258482971521,6.525580940812052
41.688978,50,266.405789,True,False,False,5.337056466897404,4.833746017313983
31.847217,38,266.713964,True,False,False,3.6464348552460315,2.9360145850101267
43.306774,49,267.102436,True,False,False,5.375707412706597,5.071193881842646
33.11592,35,267.377091,True,False,False,3.5662318072656154,3.0999154647375757
48.253135,71,267.950682,True,False,False,7.420562457584627,6.415872110720819
32.080619,28,270.352239,True,False,False,2.795398791873119,2.7910609482172735
41.128893,50,270.734139,True,False,False,5.297794307914777,4.682626268186254
34.487491,41,271.055628,True,False,False,3.930546704829663,3.471252183976337
41.719242,47,271.419853,True,False,False,4.956126280521504,4.798091591179917
39.824799,73,271.97867,True,False,False,6.6431572385978495,4.8819868154737645
31.799317,29,272.212763,True,False,False,2.9739684060668443,2.7584594104763145
38.88216,50,272.603901,True,False,False,4.740816938071708,4.338977263010444
33.026642,33,272.857863,True,False,False,3.448056715470773,3.0061629010464666
34.219084,41,273.187203,True,False,False,4.078263605816521,3.3597325837500294
34.233174,36,273.460669,True,False,False,3.5716935582886653,3.315470762919252
28.483043,18,273.601817,True,False,False,1.9422794336240392,2.005601888640134
43.005716,58,274.03785,True,False,False,6.114061281792592,5.214365442850654
50.045208,74,277.936444,True,False,False,7.741439254988206,6.618508239154932
31.967393,25,278.124834,True,False,False,2.8179547489939045,2.6872922964150847
29.541371,21,278.283137,True,False,False,2.203761754926033,2.198210397419382
27.235841,16,278.405956,True,False,False,1.698786102516039,1.759055954494288
25.557377,26,278.605806,True,False,False,2.313702220867501,1.5915618103994937
28.551304,20,278.759035,True,False,False,2.0988902120299398,2.040810683128844
51.514663,72,279.313811,True,False,False,7.671714771256181,6.889884663800625
29.491769,23,279.485305,True,False,False,2.3593843098301472,2.2867010597390522
-5.653305,36,279.759587,False,True,False,3.586864164807294,4.661647199950367
39.684559,45,280.097004,True,False,False,4.601111135493517,4.392881034541134
36.336284,50,280.475115,True,False,False,4.59511675475413,4.11999071056293
43.597868,69,280.998476,True,False,False,6.893611604469965,5.450125526707656
27.373802,18,281.13764,True,False,False,1.9030454416709013,1.8351645012782065
42.998413,50,283.551942,True,False,False,5.593435139034068,5.0562269671363085
43.853776,56,283.987707,True,False,False,5.773072517236748,5.3115111994185735
32.718266,31,284.238119,True,False,False,3.156877135440076,2.9369644610622916
29.49489,21,284.405669,True,False,False,2.2350370840055227,2.2679948972662483
34.758241,36,284.689571,True,False,False,3.7585498623763582,3.4040351573030025
34.306075,29,284.916567,True,False,False,3.263008729934072,3.2380715158644295
27.777511,17,285.04851,True,False,False,1.8527865220366093,1.8387479039601944
43.727921,57,285.503632,True,False,False,5.855832296947556,5.298354834585726
37.44096,41,285.823169,True,False,False,4.288127277927434,3.928640102482702
33.72371,39,286.122241,True,False,False,3.910035861178495,3.2729329961789295
46.537164,51,286.52279,True,False,False,5.970763157582326,5.585852414399015
35.68503,39,286.843243,True,False,False,4.070678863439926,3.6119070503230732
43.042742,55,287.262794,True,False,False,5.53189977031754,5.086598116839829
41.34306,60,289.668976,True,False,False,6.445955191786614,4.916985481545135
42.909193,55,290.090465,True,False,False,5.880746999341237,5.052507296302009
29.656248,23,290.268774,True,False,False,2.404633718250507,2.3296375765214785
48.47391,63,290.757338,True,False,False,6.460013167383601,6.180592572626058
40.00928,52,291.15142,True,False,False,5.19165055417359,4.617783659386044
34.587449,31,291.385931,True,False,False,3.3822910530789034,3.28523244509438
29.195779,22,292.62519,True,False,False,2.2213404730799997,2.2014219261017645
39.920792,48,292.997135,True,False,False,4.8241707381412455,4.4819977471438905
48.202762,59,293.453155,True,False,False,6.358167133457179,6.073737150355517
40.571932,46,293.799172,True,False,False,5.046897105136914,4.527455151335206
26.637472,17,293.927109,True,False,False,1.6859582560169057,1.6816873392574345
40.742932,58,294.367616,True,False,False,6.174149202132585,4.7916444718343545
41.075056,59,296.856719,True,False,False,5.959465500932488,5.030847991874851
46.168987,59,297.317295,True,False,False,6.112538354142131,5.781016475081958
48.356007,73,297.902174,True,False,False,7.518010459704651,6.324034837758543
37.05154,39,298.182451,True,False,False,4.023389787774888,3.8252693153242596
32.25603,32,298.42374,True,False,False,3.205013773934412,2.9209692216798415
28.205288,30,298.663007,True,False,False,3.033374067955681,2.116686589405324
25.620951,19,298.821856,True,False,False,1.9420007040318785,1.538455825055763
32.866645,30,299.074562,True,False,False,3.1130851792522494,3.0025948391659383
32.871592,27,299.292786,True,False,False,2.903730906382322,2.978798615703242
44.949416,52,299.709651,True,False,False,5.859986255072039,5.4327994280738015
-14.424167,23,299.896581,False,True,False,1.8875082341887455,2.7652821757272177
39.853776,43,300.233039,True,False,False,4.767495738992541,4.444732210922542
40.362522,45,302.718988,True,False,False,5.0461120083997795,4.555455517037032
27.031781,30,302.956192,True,False,False,2.529281992029989,2.021939554438607
32.183744,32,303.198812,True,False,False,3.424042614023091,3.112501093733812
39.042893,47,303.551402,True,False,False,4.658378498080864,4.346545568776875
52.74209,72,304.126718,True,False,False,7.900429730676138,7.329510948779526
43.394868,72,304.684694,True,False,False,7.54047390416536,5.69184253400566
45.529645,59,305.158658,True,False,False,6.114777503288423,5.633457395864939
33.511897,29,305.393855,True,False,False,3.2439011229462267,3.0313016885299606
41.629665,47,305.771292,True,False,False,4.967965834191896,4.7171480229247225
31.031567,24,305.960778,True,False,False,2.564180820863449,2.567333463609491
36.23025,39,306.257291,True,False,False,3.965728276248124,3.756205351460053
30.05012,19,306.403281,True,False,False,2.172114203741032,2.2718344781137336
42.241678,61,310.114197,True,False,False,6.142245631613566,5.100052283797714
38.08775,47,310.487641,True,False,False,4.943682262629901,4.10923099548964
42.993148,58,310.948811,True,False,False,5.7125029202142255,5.157659260251606
44.469914,59,311.398083,True,False,False,6.077280149728889,5.374886997956932
30.802836,25,311.588349,True,False,False,2.609174033354796,2.542172317788787
36.581076,41,311.894157,True,False,False,4.235128327982646,3.8045235706717673
39.489197,48,312.253848,True,False,False,5.00989039337081,4.41926383641547
29.735682,25,312.449627,True,False,False,2.480072773021576,2.379054797646932
28.122643,21,312.619727,True,False,False,2.122985382394163,2.002531587012257
42.645456,54,313.02924,True,False,False,5.589497602048338,5.107715021725262
40.734363,50,313.412777,True,False,False,5.052305218278339,4.639073838731616
46.817283,62,315.959608,True,False,False,6.427127193269037,5.881561970189627
45.49005,55,316.387089,True,False,False,5.864408722580769,5.570871628304936
38.285054,47,316.764843,True,False,False,5.186094214064435,4.168859202128853
46.74511,62,317.231069,True,False,False,6.418927089751601,5.877010426331873
28.091409,15,317.347732,True,False,False,1.7279430240447458,1.8515900925946385
46.201705,56,317.791475,True,False,False,6.0624041589299775,5.6503030798669185
31.109891,23,317.968866,True,False,False,2.6729099041726,2.607050919414043
28.019787,17,318.099102,True,False,False,1.7676331438866062,1.8500213297604573
35.00985,51,318.490916,True,False,False,5.065688836075962,3.656750767733355
32.991374,24,318.676337,True,False,False,2.8225008539667518,2.9173256488405515
41.310238,48,319.046452,True,False,False,5.379461102298453,4.742333580943621
36.796076,45,319.417688,True,False,False,4.475828425594497,3.9390646158482236
27.356518,20,319.570048,True,False,False,1.9742891300614054,1.7836511167863276
33.996457,41,319.881363,True,False,False,4.077143893559344,3.3397048285648956
40.099848,46,322.247863,True,False,False,4.829356630805026,4.485437080577997
37.996528,39,322.541194,True,False,False,4.289181484671709,3.997514964211068
48.093425,76,323.112321,True,False,False,7.6536879482137765,6.333822528323173
27.330604,19,323.262609,True,False,False,1.8516685375633801,1.8680025730068814
31.178753,25,324.526362,True,False,False,2.6195068602514118,2.5933599368219067
29.533025,39,324.83487,True,False,False,3.6831225929059013,2.796644457182837
34.453117,37,325.117551,True,False,False,3.9752248812004596,3.356437288189526
26.207391,14,325.224236,True,False,False,1.4717628827670077,1.57180303417819
39.53115,54,325.643042,True,False,False,5.548463870448131,4.568325085937772
39.657606,54,326.069264,True,False,False,5.380819283956818,4.595102225063207
47.242235,65,326.566403,True,False,False,6.8501372608262265,6.207413820186337
41.535122,58,329.13802,True,False,False,5.699459060277089,5.032901831886122
39.358536,47,329.517168,True,False,False,4.955865425019727,4.431541508280222
30.27898,24,329.708166,True,False,False,2.507007311298748,2.4953818212770535
43.578437,54,330.120851,True,False,False,5.998863564473971,5.210209515258336
45.249298,73,330.699216,True,False,False,7.308587856105058,5.799223288473302
35.381919,35,330.978735,True,False,False,3.8244496332422586,3.483472473013694
47.41272,59,331.448963,True,False,False,6.458103476258621,5.94746478260277
48.424121,81,332.11504,True,False,False,8.085400639576767,6.542838929499542
34.634654,47,332.489711,True,False,False,4.5592057317308585,3.7193431492093216
41.784793,44,332.84181,True,False,False,4.78263474992378,4.73648799605603
30.306135,35,333.102153,True,False,False,3.203775496566968,2.521907857559681
36.540253,35,335.400708,True,False,False,3.8262905031058843,3.690418261748516
31.466724,27,335.61463,True,False,False,2.909916282684282,2.663163997056936
29.388782,23,335.798313,True,False,False,2.2865024073031193,2.2770972861204797
28.981794,23,335.980928,True,False,False,2.573729236619062,2.267365954241072
30.49585,22,336.161131,True,False,False,2.390510845916531,2.3944255795289493
46.537355,55,336.587632,True,False,False,5.874500765995796,5.748033868550504
-12.408916,21,336.761142,False,True,False,2.0733907284750335,7.053839861022795
-4.673673,44,337.123959,False,True,False,4.255274104974798,4.773874121761044
30.312477,27,337.368418,True,False,False,2.792107802375996,2.4952176954355503
28.422075,23,337.567364,True,False,False,2.273293980223515,2.128726982561796
40.497676,47,337.929989,True,False,False,4.947582255123179,4.510512422900422
40.999973,45,338.28236,True,False,False,4.805645041595513,4.669978512259603
37.380275,37,339.778543,True,False,False,3.981939720473041,3.8826691499954675
51.635598,80,340.412218,True,False,False,8.138211845227424,7.00470625040093
44.916824,51,342.949917,True,False,False,5.703811738849705,5.385527228893814
33.808698,70,343.499254,True,False,False,5.743787025225977,3.911374197896593
38.312971,46,343.864088,True,False,False,4.7481373645959675,4.156315473339954
37.402112,75,344.479007,True,False,False,6.71861354252834,4.450726152084501
40.603446,54,344.912407,True,False,False,5.440086739609941,4.7230543956416255
27.279243,22,345.09435,True,False,False,1.9772953307421384,1.9765107628473697
27.583979,18,345.238859,True,False,False,1.9231207088320448,1.8410197179878465
32.148465,31,345.481107,True,False,False,3.3763946033227983,2.8733171724998217
32.932896,32,345.737358,True,False,False,3.3013755787262338,2.965034901776735
33.79933,31,345.987927,True,False,False,3.1400421460309746,3.1305195230668335
27.210795,16,346.115966,True,False,False,1.796385461697955,1.801541860901145
48.183162,60,346.560347,True,False,False,6.509883972107597,6.113963855681554
47.625448,85,349.362603,True,False,False,8.173776757300066,6.420220496146617
35.728498,37,349.655334,True,False,False,3.8008809008794184,3.544814827719269
41.085911,42,349.991607,True,False,False,4.761148592298617,4.538336207695331
41.124097,44,350.342679,True,False,False,5.010758325758588,4.63524381490002
38.952528,41,350.670175,True,False,False,4.393327813114039,4.201605477610401
34.062786,29,350.904669,True,False,False,3.2793209302389075,3.244001732497509
33.857787,41,351.236378,True,False,False,4.238366950732478,3.5062110706592673
33.251185,32,351.486874,True,False,False,3.314632170821951,3.088295693928706
31.943409,32,351.743035,True,False,False,3.333606864453909,2.8296742797663597
28.611761,20,351.904441,True,False,False,1.9805562881747751,2.1858453048595385
40.417426,43,352.248889,True,False,False,4.774027790387903,4.645901130916834
28.916521,22,352.42609,True,False,False,2.2625828140627715,2.0998005149370482
28.698626,17,352.564385,True,False,False,1.8862366533796817,2.059260588615094
35.504468,37,355.084406,True,False,False,3.779073662275215,3.5339200977191965
38.626071,67,355.613678,True,False,False,6.501894190074672,4.511013292894965
35.348076,39,355.928897,True,False,False,4.038870823680636,3.5001118174278414
31.712179,25,356.164473,True,False,False,2.642339922389088,2.7049083500785023
45.397194,48,357.735698,True,False,False,5.560329836655588,5.410067669387166
32.139969,44,358.087216,True,False,False,4.2031518803383765,3.049005729542589
42.704005,59,358.532889,True,False,False,6.277402805040663,5.10924859331114
27.286232,16,358.670061,True,False,False,1.6499444945619384,1.8052812137372365
39.432894,42,359.017703,True,False,False,4.642391892038167,4.231847880599255
38.938379,37,359.333768,True,False,False,4.20663420707976,4.1335926631717825
34.427484,43,359.670146,True,False,False,4.483365527402194,3.547654082756338
32.284199,27,359.889194,True,False,False,2.8969608727244776,2.852973713469618
33.982134,34,360.171324,True,False,False,3.3519059514541785,3.2275092267269447
37.17498,40,362.363344,True,False,False,4.303746868816954,3.8507012954880806
32.060068,23,362.535759,True,False,False,2.6593404460988976,2.6410637976967415
34.261456,37,362.804156,True,False,False,3.775218086975891,3.4389228743696663
32.319326,26,362.99385,True,False,False,2.774733857845377,2.811351715066428
34.78654,38,363.27457,True,False,False,4.085459036949178,3.5297843051821567
41.175889,42,363.582431,True,False,False,4.921275359116665,4.567156638533187
34.282865,34,363.838881,True,False,False,3.6546909919414476,3.231542115604353
36.342897,32,364.08957,True,False,False,3.6338724973640093,3.564436633434715
32.509519,29,364.314536,True,False,False,2.936336553434982,2.8837522566955234
42.66869,47,364.673249,True,False,False,5.120274697081509,4.9431813516304155
51.843916,72,365.230323,True,False,False,7.864438208349315,6.937115099621088
36.320873,41,365.547862,True,False,False,4.203845197419855,3.730090577412941
40.735247,46,365.895902,True,False,False,4.89828335791139,4.6980043887566305
-18.404596,8,365.955895,False,True,False,0.6451098149410465,5.2028267769396175
34.855512,30,368.254637,True,False,False,3.3214776271722246,3.25371245464916
28.806532,36,368.53145,True,False,False,3.32101409483867,2.4169137830906346
29.093929,29,368.754608,True,False,False,2.9204807829937756,2.341210548643043
40.214855,45,369.104218,True,False,False,4.8132962478119445,4.446078831096968
46.64374,57,369.515594,True,False,False,6.1047326763701095,5.798441420007425
37.117417,37,369.786074,True,False,False,3.945392722671421,3.8308143443232208
34.873031,28,369.923731,True,False,False,3.2149812155254955,3.315839587576069
42.612216,70,370.302824,True,False,False,6.722277121018785,5.329729097574569
33.051965,32,370.487454,True,False,False,3.289233716947126,3.0737154884910414
45.197654,58,372.070097,True,False,False,6.344308862008249,5.53354550592487
45.705559,69,372.668381,True,False,False,7.556338653279378,5.858697781599583
35.748704,36,372.913753,True,False,False,3.797699811552238,3.523272330680429
35.307283,30,375.174139,True,False,False,3.405979412993397,3.3649897195969958
25.590773,23,375.401917,True,False,False,1.7097389123838478,1.6007626893230626
27.725197,36,375.724102,True,False,False,3.408902750843041,2.307291789128338
35.802668,39,376.058236,True,False,False,4.011115315183968,3.7124236385111913
38.762317,45,376.411477,True,False,False,4.906824767019201,4.370063397196218
33.144595,36,376.704727,True,False,False,3.604811999275565,3.0709325958423874
31.115748,26,376.914126,True,False,False,2.646865793635042,2.536558685419912
37.213297,39,377.221957,True,False,False,4.055716576604645,3.896201747363147
38.556695,37,377.507686,True,False,False,4.089522048077293,4.067598332224031
43.806081,61,377.997191,True,False,False,6.107320747993691,5.596952438897896
40.656385,42,378.330647,True,False,False,4.653170528419165,4.486465203388471
33.754017,30,378.563101,True,False,False,3.1111812175519975,3.1460263691765595
40.824302,47,378.922699,True,False,False,5.18888487285641,4.622548992450346
48.482765,94,381.734654,True,False,False,8.925681954429564,6.616798786012599
26.601659,15,381.857385,True,False,False,1.650898724403919,1.76161822429911
30.538826,22,382.03145,True,False,False,2.411472664316116,2.4490668170976098
35.856416,35,382.311885,True,False,False,3.7555021837020597,3.539891007942939
32.08881,47,382.690521,True,False,False,4.2029947111445916,3.280957067634111
45.034303,61,383.172054,True,False,False,6.604074067767946,5.530673447688027
32.617851,28,383.404565,True,False,False,2.8974729272299697,2.913812534494453
38.468521,41,383.755966,True,False,False,4.3947313158951005,4.0540808814989
35.278611,31,383.996267,True,False,False,3.436203453465632,3.445645104915001
26.327623,13,384.105767,True,False,False,1.4233831056052761,1.5665451558471502
32.128409,29,384.324186,True,False,False,2.8902798103950946,2.8099731438375017
28.769501,28,384.545741,True,False,False,2.599614588807285,2.2134270357495223
28.647483,29,384.775794,True,False,False,2.845559928856128,2.3962637566079663
36.28609,43,385.10719,True,False,False,4.568763036529175,3.7524320235988737
30.716638,25,385.314659,True,False,False,2.667071117632394,2.538613150711207
-18.862616,5,387.504397,False,True,False,0.363068930731066,4.18580812255758
39.999674,41,387.817391,True,False,False,4.5153977392936175,4.421034355920692
46.028131,51,389.375471,True,False,False,5.825041611310265,5.629383367769624
35.01185,31,389.614851,True,False,False,3.3869184070073084,3.380266258239334
38.293483,42,389.939306,True,False,False,4.489951315220255,4.134956911256341
45.466064,54,390.353822,True,False,False,5.978536725685214,5.634192783272235
47.159018,94,391.061217,True,False,False,8.758578617923522,6.367900903380775
28.59494,23,391.252347,True,False,False,2.163345510062211,2.056689209429986
30.023608,24,391.44892,True,False,False,2.5881014647370195,2.379295565600047
38.641352,45,391.819276,True,False,False,4.755735741509575,4.177395352309101
50.104796,81,392.481825,True,False,False,8.263917194630567,6.8067473361012505
31.604591,26,394.802718,True,False,False,2.825268048565093,2.7208323357283652
36.272394,45,395.171469,True,False,False,4.82949348441243,4.119225214739442
40.416692,43,395.508847,True,False,False,4.717264417086659,4.4604372215789185
36.33127,33,395.769118,True,False,False,3.6711904283461725,3.541200977261181
36.998726,41,396.088998,True,False,False,4.43575574245691,3.9856420010109734
42.626162,95,396.873967,True,False,False,8.428442780619159,5.654564050480407
34.153511,31,397.12177,True,False,False,3.2354162000761804,3.1335951405091267
42.637191,52,397.541291,True,False,False,5.359677482164976,5.0186932144766505
41.661289,45,397.900355,True,False,False,5.089606623723423,4.744961452390602
-12.984834,19,398.049027,False,True,False,1.894065643971648,3.422956210788818
44.74592,43,398.391255,True,False,False,5.177244283570508,5.229617393563751
30.715655,41,398.719262,True,False,False,3.9721578507144937,2.9169502541000663
30.821335,22,398.903125,True,False,False,2.423778979277914,2.49835790053937
33.163215,47,401.392597,True,False,False,4.361967979155172,3.3219705758933595
44.86546,49,401.782728,True,False,False,5.603592271640422,5.286990197291067
42.493973,47,402.167924,True,False,False,5.363455277405567,4.984534939764227
38.374451,44,402.520561,True,False,False,4.8133380372852,4.1411259877268565
41.046884,40,402.841186,True,False,False,4.59541037254406,4.530220342045502
47.491836,66,403.370246,True,False,False,6.924641970115527,6.128690732309127
34.979303,38,404.9497,True,False,False,4.037122186713803,3.454539356719769
32.764509,38,405.247072,True,False,False,3.7727331803680917,3.1270767469978313
45.092986,59,405.714133,True,False,False,6.24088986671318,5.571738804382669
27.290578,15,405.832037,True,False,False,1.5548815178799817,1.707776023836192
27.498957,51,406.22582,True,False,False,4.269602452893401,2.3331574982366203
27.772344,30,408.595682,True,False,False,2.7047974767569767,2.05954125124812
28.662279,23,408.775437,True,False,False,2.377872043554844,2.3115715480147907
36.657421,32,409.035609,True,False,False,3.6836411410667345,3.6198788377353717
36.435293,32,409.324677,True,False,False,3.699108995987958,3.638617872692045
45.526034,62,409.856973,True,False,False,6.730847666159857,5.633923769306863
42.420203,63,410.375587,True,False,False,6.126402451554243,5.205174125354983
26.589694,15,410.495197,True,False,False,1.566540858266789,1.6073300066301948
30.24398,19,410.646753,True,False,False,2.2359671280713354,2.385051017572643
45.201152,50,411.046691,True,False,False,5.764631779431874,5.473833423811905
29.102628,19,411.197194,True,False,False,2.051663333834689,2.163661669095952
40.108303,40,411.519434,True,False,False,4.447544056186897,4.432690138445922
29.226329,31,411.767595,True,False,False,2.772733356046779,2.324891526137298
37.698062,43,412.112016,True,False,False,4.540873620229216,3.991561997308549
30.293991,23,412.294023,True,False,False,2.4181589291826877,2.434219870296845
44.366437,45,412.644324,True,False,False,5.285953464717775,5.23293747146373
31.64259,29,414.784812,True,False,False,3.2491811234430084,2.867639294917707
39.132487,45,415.136949,True,False,False,5.0798283046220485,4.319405830328585
45.906032,51,415.541604,True,False,False,5.807135297207083,5.5766277619469005
31.33511,24,415.730652,True,False,False,2.6177353554940987,2.628682397705658
46.89801,51,416.132278,True,False,False,5.870223648843868,5.726208112051144
39.100143,39,416.439796,True,False,False,4.4042245635753945,4.136389389276956
32.703171,34,416.707981,True,False,False,3.3303666367493636,2.9640989896499543
32.241245,24,416.898264,True,False,False,2.7185996366570504,2.8057084061089386
43.047505,50,417.282324,True,False,False,5.330086115676115,5.055864101400577
32.390861,42,417.599664,True,False,False,4.062181531929588,3.0292710745342863
26.933844,14,417.705301,True,False,False,1.6465715124936349,1.6794974784110914
34.55385,29,417.919229,True,False,False,3.306934938711252,3.2887872013200337
33.405579,29,418.134096,True,False,False,3.1072961485258066,3.080945316023627
38.385773,38,418.416713,True,False,False,4.210930304036843,4.065145784381692
47.605602,62,421.866479,True,False,False,6.826026746722343,6.112948042906998
44.404753,47,422.239774,True,False,False,5.294625735082135,5.214473159893149
31.49446,26,422.451945,True,False,False,2.739282658588571,2.5780050080872545
31.674968,29,422.68856,True,False,False,3.124471735085959,2.826694849580639
41.948203,47,423.061868,True,False,False,5.281295205475229,4.85622614450015
36.573045,35,423.345838,True,False,False,3.7329702225218915,3.7019852080266076
26.606259,13,423.446854,True,False,False,1.4625709533470668,1.5901567534116314
33.369501,29,423.67101,True,False,False,3.1386151614073317,3.0034593742985134
43.779539,50,424.074032,True,False,False,5.7483916560076915,5.19216043914529
37.573699,33,424.34588,True,False,False,3.802994411490572,3.769442301917657
46.604694,55,424.786574,True,False,False,6.179993736470245,5.794804563062301
43.07397,51,425.196268,True,False,False,5.645968089829462,5.02167984163094
32.736045,33,425.457817,True,False,False,3.6313440434935425,3.003245779913728
38.688526,37,427.894977,True,False,False,4.071910235111272,4.105265416496417
39.535081,56,428.322371,True,False,False,5.592446068552079,4.545511304417752
32.615321,30,428.558867,True,False,False,3.129329534002925,3.007251558927748
35.412384,27,428.76811,True,False,False,3.2416485336571714,3.3323790992427913
27.241524,14,428.877334,True,False,False,1.5859433556094307,1.7663369687030437
36.184128,36,429.167011,True,False,False,3.9452443103618617,3.639172596784478
46.409926,45,429.524849,True,False,False,5.484327926146006,5.578903077912273
28.973638,17,429.660673,True,False,False,1.9889130261402264,2.0916407414604077
26.735714,14,429.774816,True,False,False,1.48712198602332,1.6504075209170974
41.246448,37,430.064483,True,False,False,4.529623754275745,4.6157734075383186
30.477835,21,430.230099,True,False,False,2.4605327304780573,2.3731682446532747
1.733763,42,430.56427,False,True,False,4.911206148813198,5.798454209149327
35.018046,31,430.814407,True,False,False,3.5502992859671973,3.4007002992704995
36.586099,40,431.127464,True,False,False,4.071404703198497,3.7711766657059753
31.432943,21,431.291685,True,False,False,2.393897610480262,2.5911119084019654
34.144481,29,431.5186,True,False,False,3.263578117965468,3.128604568289141
28.240513,17,431.652698,True,False,False,1.9290636139067083,1.964941165372463
32.963927,27,433.96871,True,False,False,3.0261233553336124,2.994287451073163
26.924946,14,434.075281,True,False,False,1.4699036479072594,1.6532377794158322
29.918892,22,434.24781,True,False,False,2.413031153669274,2.267370180378835
29.544867,21,434.408797,True,False,False,2.360554431213095,2.267173918635326
27.158915,20,434.564211,True,False,False,1.8856777326087133,1.7881312166504908
43.357559,51,434.954999,True,False,False,5.667150539552793,5.072748602078671
46.780256,63,435.427787,True,False,False,6.663592256289042,5.905517305435236
33.199494,28,435.672267,True,False,False,3.1046573319981348,2.928899657995033
46.780147,55,437.114908,True,False,False,5.916864395980007,5.764326051014433
29.363434,19,437.270666,True,False,False,2.045323710877886,2.128554138566797
39.683181,49,437.659558,True,False,False,5.475133604942541,4.5899783138425345
31.583399,21,437.83017,True,False,False,2.45096381179025,2.5798667137573585
45.13175,51,438.242287,True,False,False,5.706907870006563,5.474576407966435
49.377263,58,438.71396,True,False,False,6.543676283430037,6.309504567488633
35.075696,38,441.10025,True,False,False,4.371554933696915,3.4909462921753187
-6.26458,34,441.376772,False,True,False,3.582749374894452,4.727399802269835
27.756166,17,441.507965,True,False,False,1.8555779545178637,1.8968012499309566
33.90696,30,441.75516,True,False,False,3.34816646807635,3.1292253385453845
32.999406,28,441.98671,True,False,False,3.088693918707933,2.9373103595984817
26.345963,11,442.08103,True,False,False,1.336431816442575,1.5470849290935336
29.593745,18,442.227655,True,False,False,2.05716247348314,2.1381855834466608
43.27746,48,442.607938,True,False,False,5.261052776667384,5.033352609166208
34.598723,34,442.868983,True,False,False,3.79185717233021,3.3026988875455396
27.388178,17,442.994861,True,False,False,1.8068216641568253,1.8244907749432628
41.685024,42,443.350044,True,False,False,4.902366911302979,4.814986565118548
31.930208,23,443.542571,True,False,False,2.723800196849818,2.6254729596314417
40.954835,46,443.923143,True,False,False,5.173549748172807,4.570197306394341
47.920558,60,444.397178,True,False,False,6.59446825297465,6.162862471018585
49.649293,55,444.816185,True,False,False,6.4490903888350095,6.312731887983696
42.624716,42,447.201475,True,False,False,4.916891641351828,4.827125865112304
44.236659,47,447.574947,True,False,False,5.405187336241824,5.253890905568928
47.430645,59,448.028708,True,False,False,6.631610426194375,5.968011622725709
29.691562,20,448.185908,True,False,False,2.305075689759716,2.215882473570594
32.063506,22,448.354846,True,False,False,2.6707315485584884,2.6732014625621985
32.519605,32,448.605016,True,False,False,3.3098043463835727,2.9825455891982897
32.483462,25,448.804718,True,False,False,2.8155765437626994,2.805365359677882
-14.889535,23,448.987981,False,True,False,2.107095306147927,3.9894941268048836
36.78699,40,449.320963,True,False,False,4.436849419754468,3.8152633521015553
39.074889,53,449.750988,True,False,False,5.813124714173567,4.426073168028057
30.903621,24,449.936382,True,False,False,2.8322531477083976,2.559659732701076
35.13744,29,450.163774,True,False,False,3.443898718677895,3.333966802146193
39.566615,44,450.518119,True,False,False,4.749614724894986,4.318772282453165
43.007597,48,450.898809,True,False,False,5.485352203813431,5.049168796686218
-12.153604,17,452.354004,False,True,False,1.8832518802123406,3.5802002225589464
36.827677,35,454.672373,True,False,False,3.8266000814084244,3.6835582878761928
33.518886,34,454.934864,True,False,False,3.515341707370265,3.1211563184056486
27.04785,23,455.110579,True,False,False,2.4065722081791145,1.9694327370038642
51.794363,78,455.702838,True,False,False,8.336550938060087,7.158011174427594
27.113321,14,455.809163,True,False,False,1.649687820316209,1.7112576481926753
33.85403,26,456.005512,True,False,False,2.9981490047194703,2.975851761082326
27.456574,17,456.134735,True,False,False,1.8433819047612334,1.7861586913031453
39.874609,34,456.390831,True,False,False,4.148784093424573,4.199439716905654
39.246481,35,456.659726,True,False,False,4.160293755597828,4.1698682970588115
34.227693,32,456.91153,True,False,False,3.381310665391194,3.263914032745038
40.348842,49,457.280908,True,False,False,5.013564542488596,4.607667609871974
31.624774,26,457.477235,True,False,False,2.8340720564222748,2.744371680000384
46.502934,51,457.863816,True,False,False,5.949225402688606,5.725768214113717
44.781687,55,458.277326,True,False,False,6.275594455048981,5.36397705123813
42.835013,44,460.67309,True,False,False,5.12688553937713,4.8952608706239085
28.939448,24,460.854715,True,False,False,2.3327158536156714,2.210161348638532
48.289572,52,461.247641,True,False,False,6.006129504613733,6.01779448313928
38.046594,36,461.520837,True,False,False,4.114654410930204,3.9556945320487524
52.86032,62,461.998854,True,False,False,7.293658183935712,6.883029074904813
46.775016,61,462.52242,True,False,False,6.921125285014266,5.769667439882169
40.82829,44,462.883473,True,False,False,4.863641554209905,4.563440106501778
33.207952,29,463.104781,True,False,False,3.366874265447204,2.9346789307224075
35.393242,32,463.352711,True,False,False,3.614014959054763,3.4380436407919843
49.789568,58,463.795989,True,False,False,6.921933880860298,6.405645760595378
35.228387,32,464.036179,True,False,False,3.537162977497358,3.526200016924496
47.16316,60,464.499084,True,False,False,6.724300497687602,5.908337563260317
27.159087,15,466.706569,True,False,False,1.6550878005248055,1.748701050840536
30.899915,23,466.890125,True,False,False,2.422726931212791,2.4742815758877073
45.619113,57,467.318595,True,False,False,6.36671106178474,5.607495267212205
34.867532,31,467.57501,True,False,False,3.3529679659186065,3.405012971601403
34.544937,25,467.783929,True,False,False,3.010993772933681,3.168311336210655
31.400641,25,467.981861,True,False,False,2.5944369282646274,2.621528867799826
36.041368,35,469.285978,True,False,False,4.055062638549861,3.7923270575494845
30.802373,21,469.434881,True,False,False,2.4413296557975337,2.499688220434808
30.563598,27,469.638641,True,False,False,2.8195729726414873,2.5106065986173
37.568751,44,469.97822,True,False,False,4.32692890238023,4.005611265440371
33.762521,30,470.224113,True,False,False,3.290262243284232,3.2107213584787497
42.698939,41,470.543986,True,False,False,4.841598831443882,4.82883611254078
32.754374,28,470.759712,True,False,False,3.0591346559268127,2.9462503125481225
32.449968,24,470.95603,True,False,False,2.6636497036269233,2.7976723588219268
37.333088,29,471.194935,True,False,False,3.5544276367996788,3.7082051142777974
26.143637,19,471.335901,True,False,False,1.950561162249243,1.601944754610957
35.842354,31,471.57501,True,False,False,3.653084026675468,3.5447809636930807
43.422429,44,474.00018,True,False,False,5.173067536365009,5.004733675635527
42.725768,53,474.399551,True,False,False,5.958958923402654,5.045944103009763
45.673252,67,474.920714,True,False,False,7.253472841348714,5.800264762013451
46.194787,54,475.330639,True,False,False,6.0918809164276295,5.647454619388442
40.962977,42,475.648544,True,False,False,4.643173936924958,4.5900756059591235
57.353114,76,476.224481,True,False,False,8.554911783471995,7.943534409017722
29.272002,26,476.419795,True,False,False,2.99946130169016,2.3958989640711565
29.812316,20,476.572968,True,False,False,2.2086475566056105,2.319505242605935
45.666663,55,477.018705,True,False,False,6.167384745443729,5.639547914535983
28.357423,16,477.140296,True,False,False,1.8569086497323974,1.8821133040009281
26.3499,15,477.256018,True,False,False,1.7137615383369817,1.6080823429607218
36.74797,35,477.523355,True,False,False,4.0668792076567035,3.63902519650558
40.312689,71,480.158935,True,False,False,6.859089097959672,5.042978115612762
39.315909,38,480.460118,True,False,False,4.4850541338336045,4.250642260510098
29.38669,19,480.614055,True,False,False,2.2113981601642467,2.189397225760746
42.851952,45,480.966173,True,False,False,5.0689956450501965,4.97799694154157
35.697939,37,481.253389,True,False,False,3.9781666783807106,3.5928665442333743
33.365773,24,481.438779,True,False,False,2.8553851950454168,2.9895856401565153
42.318885,55,481.864238,True,False,False,5.891873563144525,5.043507112348531
34.469287,36,482.139305,True,False,False,4.013289302338455,3.408519704694702
40.399186,43,482.475639,True,False,False,5.004975739360527,4.581544638495465
43.189588,43,482.804379,True,False,False,4.85940631593311,4.915208200771715
43.652233,47,484.037547,True,False,False,5.440230842694694,5.112717779397804
51.254453,59,484.488043,True,False,False,6.870110279645257,6.581530692050865
41.41794,44,486.873365,True,False,False,5.060993007628276,4.6666997608084175
44.892063,49,487.241052,True,False,False,5.782259408294973,5.492683523890438
51.824376,58,487.678211,True,False,False,6.991187692691231,6.687188990870773
28.416678,15,487.796625,True,False,False,1.753107670398869,1.9647265078072074
37.652437,40,488.095989,True,False,False,4.612845911080256,3.9848836054177386
27.626589,16,488.217691,True,False,False,1.7124136984634786,1.7911589097451657
30.374534,26,488.415956,True,False,False,2.5922300501005013,2.509466035473897
33.123875,31,488.647552,True,False,False,3.511154689194766,2.9979165951641145
29.045896,29,488.866959,True,False,False,2.996753457705456,2.2431604022802025
48.145964,62,489.353578,True,False,False,6.824545289358093,6.168828159616369
38.044125,41,489.670974,True,False,False,4.638536350708489,4.021964706482469
35.655802,29,489.894242,True,False,False,3.3192327246407207,3.3977715725841207
30.28386,20,490.043035,True,False,False,2.365015698381184,2.3514719601545067
41.033624,40,490.348583,True,False,False,4.691454233017988,4.538871281588436
34.712283,26,490.547884,True,False,False,3.0720419173678004,3.1605464720601573
39.4607,38,492.904099,True,False,False,4.3077952288621635,4.198336486687771
37.08181,40,493.213005,True,False,False,4.146878106173186,3.813990364235348
38.301904,32,493.464187,True,False,False,3.9402279966073865,3.9223149520860368
42.846715,50,493.850719,True,False,False,5.624494187188642,5.010620581527694
43.45943,59,494.299767,True,False,False,6.4947879087227784,5.2621668512962
29.055794,26,494.497187,True,False,False,2.669298299406976,2.2520036922576305
35.643791,32,494.740853,True,False,False,3.6788906973023403,3.473883900033192
32.588096,23,494.917383,True,False,False,2.618267145465779,2.802614328074926
42.209708,41,495.23011,True,False,False,4.834400422786975,4.788218137473389
29.215109,30,495.4617,True,False,False,3.2274818900545457,2.324493693083204
47.808429,50,495.838479,True,False,False,5.948560316630466,5.870854877213675
51.387448,55,496.253722,True,False,False,6.559098197236565,6.556606147916321
35.018923,38,496.546516,True,False,False,4.033940887887476,3.451305807919701
30.53582,22,498.745391,True,False,False,2.3895334838947946,2.392308592214114
40.754024,42,499.057942,True,False,False,4.832382702030419,4.540421319825793
29.457678,18,499.201242,True,False,False,2.0183897456708495,2.2239370593539762
42.645954,48,500.609991,True,False,False,5.439560474906868,4.878464835738321
33.633919,24,500.796142,True,False,False,2.9092051334391247,3.0228797724088157
43.133818,42,501.121173,True,False,False,5.107304614770213,4.85385203424271
26.323201,14,501.237047,True,False,False,1.4337085193996728,1.5758845434561075
28.619194,16,501.361544,True,False,False,1.87399922070493,2.0091575472831753
29.63175,17,501.490966,True,False,False,1.9892428639999034,2.1461793902865876
38.934582,48,501.855999,True,False,False,5.036207399247162,4.235888788593644
44.881064,52,502.249477,True,False,False,6.05863771516893,5.348120004292636
36.07207,32,502.49482,True,False,False,3.7347477345562012,3.5309027422899417
34.685814,29,502.722554,True,False,False,3.3565370282155476,3.264298604534993
49.741673,56,503.148007,True,False,False,6.62501787297675,6.35928032819226
40.645654,36,503.440522,True,False,False,4.322400494132746,4.377259470299805
33.985912,28,505.724681,True,False,False,3.1032347798500797,3.165606664600583
39.532656,41,506.042534,True,False,False,4.711882719760499,4.3013981484668
43.455529,51,506.43098,True,False,False,5.983797525257036,5.063371746837353
34.712684,29,506.66128,True,False,False,3.48635593221591,3.2716576129986583
31.388174,21,506.832295,True,False,False,2.498101414750371,2.578156673063736
42.225845,39,507.138191,True,False,False,4.7149303827928435,4.76538371313894
34.624641,25,507.331301,True,False,False,3.008162123161863,3.1376614767977533
29.930606,21,507.490918,True,False,False,2.371445942413463,2.3858002601280406
40.680276,38,507.780459,True,False,False,4.468923636322577,4.470596974588379
35.720681,29,507.99942,True,False,False,3.4833339270970347,3.4300162431608396
42.863272,51,508.389018,True,False,False,5.924882497251472,5.1769344929051675
38.284446,42,508.706891,True,False,False,4.622426681005879,4.151563488626211
44.664408,43,509.032332,True,False,False,5.273178654801633,5.240893424125349
26.37433,12,509.126074,True,False,False,1.411143739851934,1.5741570401456664
28.006947,17,509.257679,True,False,False,1.7299611097121708,1.8400400669277452
29.437549,18,509.396453,True,False,False,2.100696212548529,2.208696551877291
46.778893,57,511.875944,True,False,False,6.607879935866212,5.868036048915235
47.847339,56,512.308663,True,False,False,6.467150678885415,6.01621623450901
51.401683,68,512.844882,True,False,False,7.900631632845455,6.893171522676368
32.173579,23,513.024828,True,False,False,2.678297867679377,2.739687883721267
37.374863,33,513.276958,True,False,False,3.9010502783648238,3.851317156281011
52.833106,61,513.755936,True,False,False,7.171788059645794,6.881280124489691
36.304686,38,514.049558,True,False,False,4.218211259159179,3.8352724295126888
43.932777,47,515.254644,True,False,False,5.541929295278108,5.171196404596072
29.788026,24,515.438852,True,False,False,2.543893746960084,2.2999557641222035
34.736136,36,515.718893,True,False,False,3.8947911827628845,3.4192576939960464
33.560998,28,515.944338,True,False,False,3.2810317339798063,3.0355807120330587
46.929034,45,516.304828,True,False,False,5.497154762299454,5.687201473080942
48.023558,48,518.740629,True,False,False,5.914615523476153,5.839568521312906
42.014534,42,519.075373,True,False,False,4.994020569568707,4.752018231894497
37.588918,37,519.370649,True,False,False,4.256410165526087,3.8382616769979023
31.133045,33,519.628893,True,False,False,3.5538509405635827,2.8644431343147816
39.98902,35,519.894031,True,False,False,4.328575115601185,4.247085513948417
29.327001,18,520.026447,True,False,False,2.1321667092850163,2.1036018706203117
33.816282,26,520.224354,True,False,False,3.128326706585618,3.07369188642321
42.403825,42,520.541481,True,False,False,4.943512151372204,4.833431813188611
41.716006,46,520.885077,True,False,False,5.147138414738271,4.692943229846484
39.981331,36,521.158939,True,False,False,4.344940510073889,4.427527202311918
32.734793,28,521.365664,True,False,False,3.0958093044685424,2.9320962386134006
34.868587,37,521.650167,True,False,False,3.936206111833735,3.3869258185184967
34.33431,28,521.853981,True,False,False,3.2480660907825127,3.1945765830169903
43.35933,51,522.242757,True,False,False,5.79515126536015,5.054801358848569
31.331596,20,522.39166,True,False,False,2.4721211001155363,2.574073850050808
30.718623,25,524.542236,True,False,False,2.7650320755761864,2.5294452415717954
42.03811,58,524.972583,True,False,False,6.530159194513727,4.981814428205324
-1.625057,40,525.274673,False,True,False,4.5309797502832,6.471545107038074
43.624807,45,525.627587,True,False,False,5.43160479000886,4.993651539861522
30.349298,20,525.777733,True,False,False,2.399328211293293,2.49661234042749
47.847034,63,526.248656,True,False,False,7.003017148686239,6.046331310133464
34.765776,25,526.436285,True,False,False,3.0461448695876596,3.2299480697284273
41.154327,47,526.806854,True,False,False,5.634433715829418,4.666867603525094
51.228934,64,527.290295,True,False,False,7.5552010102799,6.690345582699397
-4.637014,40,527.60082,False,True,False,4.265945135474511,5.247684373285714
46.003626,47,527.951251,True,False,False,5.655258680456995,5.432056698030952
26.858685,15,528.064834,True,False,False,1.7743756688398094,1.6808169037134113
40.326945,36,530.242021,True,False,False,4.425538026866963,4.375637379106256
47.485362,51,530.620353,True,False,False,6.013604982153878,5.844369084846872
36.137212,29,531.704773,True,False,False,3.442524485706752,3.5426445978672745
28.723097,17,531.826906,True,False,False,1.9881592103295729,1.998681667933253
42.388473,45,532.155705,True,False,False,5.421963803122294,4.817078123615173
51.191195,59,532.602866,True,False,False,6.838682054445114,6.600341334594098
34.054557,30,532.829238,True,False,False,3.455295854222166,3.1319464247969906
35.354414,28,533.031796,True,False,False,3.3791000166855527,3.3722815153695462
35.175939,26,533.229556,True,False,False,3.1531442250923205,3.2882516047353385
49.255382,56,533.663387,True,False,False,6.5944872409445985,6.202416994796076
47.740891,51,534.05215,True,False,False,6.005529949436696,5.862855097618314
39.395904,36,534.349588,True,False,False,4.430200984534557,4.117594670330508
40.437109,49,534.737057,True,False,False,5.418171552603399,4.548696820739706
33.273211,27,534.942906,True,False,False,2.989910576106731,3.0001396917748466
41.172045,41,537.316636,True,False,False,4.852324742090463,4.831679231262847
41.647063,59,537.778694,True,False,False,6.3048664159394585,5.076016157488918
39.167861,48,538.148635,True,False,False,5.147095423726596,4.310874013405469
45.555997,43,538.490288,True,False,False,5.297534758930128,5.324363658679439
47.037784,51,538.890324,True,False,False,6.183897311041163,5.704618518650235
45.015208,48,539.276417,True,False,False,5.714655543866294,5.355731496945038
45.63235,49,539.673394,True,False,False,5.8378795829045735,5.44671671893932
33.20706,24,539.854341,True,False,False,2.782834081760471,2.9488200206094666
38.39831,37,540.13329,True,False,False,4.23512403968195,4.008991544920369
32.092048,28,540.345654,True,False,False,2.9177596244693427,2.809316223064312
29.426402,21,540.509057,True,False,False,2.2644564296006537,2.246903780482276
31.815094,24,540.695042,True,False,False,2.909011799528125,2.6948928317784437
35.614668,32,540.94253,True,False,False,3.4802090666794445,3.4874477244739537
33.188895,29,543.200831,True,False,False,3.4814696626718686,2.9381833750369593
27.361035,15,543.320774,True,False,False,1.6397138052377598,1.7118977408277536
49.932748,62,543.808485,True,False,False,7.198301563372627,6.474522308856308
34.464881,27,544.0184,True,False,False,3.0673375080506853,3.162750152775624
33.450041,27,544.225561,True,False,False,3.1795180996136017,3.1155552230302845
32.59144,24,544.408197,True,False,False,2.885590683777375,2.802594327564457
50.027949,68,544.936998,True,False,False,7.372427519952827,6.538108566948063
40.697316,37,545.214947,True,False,False,4.339158242871283,4.435366098222434
39.883443,55,546.79172,True,False,False,5.9844219154299445,4.482319726550933
36.479362,37,547.07289,True,False,False,4.246636870572535,3.846016314155408
31.043348,33,547.323006,True,False,False,3.524294227875115,2.6504789060324243
36.646957,31,547.563458,True,False,False,3.6982494290814896,3.633564422363741
37.850703,35,547.829707,True,False,False,4.128356816248054,3.8625419174828832
34.136468,28,548.037683,True,False,False,3.1037953532972145,3.101256754635938
24.986169,46,550.427737,True,False,False,4.742805162324151,2.061283228774349
38.967728,39,550.72692,True,False,False,4.5080809248888025,4.137521455281248
44.198304,50,551.111708,True,False,False,5.851132566480601,5.224813111948159
37.738219,41,551.422772,True,False,False,4.331942502779631,3.9955698298938285
37.248116,34,551.690143,True,False,False,3.9342006722166074,3.7106348701112872
47.641188,63,552.159065,True,False,False,7.354671798276521,6.234571035199948
46.196117,70,552.698064,True,False,False,7.8449039414651685,6.05534391144858
39.004806,31,552.93499,True,False,False,3.875664051551595,4.021218792462984
40.902277,44,553.264897,True,False,False,4.9914487377566354,4.613870132565736
40.429109,38,553.552202,True,False,False,4.6679709821833955,4.41594073377456
30.390126,23,553.728904,True,False,False,2.687470353804957,2.417145420644705
41.831746,38,554.016676,True,False,False,4.643486897738388,4.651892078821214
57.584811,85,556.697289,True,False,False,9.761228851212534,8.135409752571338
35.29943,33,556.949914,True,False,False,3.819417716492451,3.4436337843862677
31.314847,30,557.177112,True,False,False,3.158991592218099,2.669638626195398
52.186224,55,557.586265,True,False,False,6.722073361154738,6.718272131876464
48.616893,49,557.959326,True,False,False,6.035847602681143,6.041485656589457
34.188894,32,558.200717,True,False,False,3.705760360445377,3.2164978231116303
35.707202,28,558.410957,True,False,False,3.449030161748961,3.342978136128636
39.989408,35,558.676119,True,False,False,4.290294428038472,4.294857354033813
39.336834,34,558.931045,True,False,False,4.061311394621987,4.097709040985701
39.305187,37,559.217331,True,False,False,4.329737361522763,4.233343426037557
34.411702,38,559.506732,True,False,False,4.238474470777291,3.346230365611361
43.455048,42,559.832955,True,False,False,4.993775290145867,5.070912904345711
25.985272,15,559.94204,True,False,False,1.5674491168751354,1.569334995167065
27.714976,16,563.030643,True,False,False,1.828299549139128,1.8700430238343904
44.136318,41,563.356617,True,False,False,5.105813413206517,5.166083678521747
33.68936,29,563.585298,True,False,False,3.364365106610124,3.12640883177483
-17.673908,14,563.700002,False,True,False,0.9929105134212469,5.53746454760708
32.43566,23,563.879627,True,False,False,2.7152210834464707,2.821558326272494
34.239828,25,564.079726,True,False,False,3.0129669500361125,3.120476040080418
42.887088,55,564.510675,True,False,False,6.200672337013386,5.100094429224149
48.804953,57,564.956209,True,False,False,6.9039368039785,6.15563647465932
36.796567,31,565.201692,True,False,False,3.6308604092397827,3.6196972778993834
32.086768,20,565.35708,True,False,False,2.4717296742378827,2.72837706104479
52.442036,55,565.795602,True,False,False,6.727715129791293,6.770589810627289
29.559178,18,565.939156,True,False,False,2.1136473632526855,2.1929410246369363
32.074591,21,566.105668,True,False,False,2.5370357063321394,2.654372111451489
41.646361,41,566.420874,True,False,False,4.843655717068149,4.651569335712565
32.762869,24,566.60583,True,False,False,2.8414062753872766,2.8225090810854008
38.576149,37,566.906947,True,False,False,4.1712461109296415,4.053870306982934
50.019675,52,569.274763,True,False,False,6.33600766267766,6.2098800207479465
41.738303,44,569.612393,True,False,False,5.058519039047,4.795253178263103
48.175009,54,570.021643,True,False,False,6.366272904583605,6.0086268461556935
34.065929,30,570.251878,True,False,False,3.304932434099704,3.090932589896347
29.14054,18,570.386457,True,False,False,2.12163370256042,2.1363620125943323
41.196119,40,570.69912,True,False,False,4.866706297840172,4.564691887906129
-15.289416,19,570.849906,False,True,False,1.8503159409550838,2.806131283800992
35.756769,30,571.086267,True,False,False,3.465923844828204,3.4677196040884306
41.084752,38,571.40732,True,False,False,4.447073554251813,4.545465104052538
46.19572,47,571.792199,True,False,False,5.619313670434429,5.559607270031442
27.871747,15,571.910366,True,False,False,1.7671583860003441,1.9113879996754077
31.876962,29,572.155206,True,False,False,3.292155485920969,2.8480428033543186
34.71193,25,572.351062,True,False,False,3.034140420083465,3.1583735325492555
36.362061,29,572.574766,True,False,False,3.5032539400074865,3.543301770902911
46.131087,47,572.946056,True,False,False,5.783886042558237,5.688494803634523
41.573503,44,575.215332,True,False,False,4.799526244533977,4.699461745972248
34.030179,25,575.407137,True,False,False,3.0748014297534008,3.0162335705702588
26.020053,14,575.512039,True,False,False,1.5058904810815261,1.509736420732892
35.618567,28,575.724476,True,False,False,3.391673351052987,3.388443968929429
46.456053,53,576.12567,True,False,False,6.20142232018218,5.73710110579744
33.511082,34,576.39848,True,False,False,3.6880687098106497,3.1203096051540538
32.803447,41,577.707067,True,False,False,4.228635083554808,3.024429834011986
28.180217,19,577.863915,True,False,False,2.185627726214994,1.9574510037091468
28.41856,24,578.049883,True,False,False,2.4142124755849204,2.0923235864462804
35.798243,30,578.303954,True,False,False,3.5576171075798815,3.4231826354793826
31.886431,28,578.521255,True,False,False,2.9581432034452693,2.762996841099189
33.874842,27,578.729543,True,False,False,3.1304870609200224,3.0809551277442764
43.801638,51,579.126477,True,False,False,5.81977379499199,5.187567609592393
36.34187,28,579.341364,True,False,False,3.3932327246957223,3.4657729311192
37.900462,35,579.608091,True,False,False,4.123665576268275,3.9105692597370565
28.841866,21,579.76587,True,False,False,2.1473954243537934,2.204209750425724
31.895808,23,582.006246,True,False,False,2.7089919863495977,2.6708243218345156
36.475263,31,582.247116,True,False,False,3.615763690084935,3.61733750332297
30.721391,18,582.385879,True,False,False,2.205328906241452,2.4361405265687637
28.074903,14,582.493632,True,False,False,1.6902331122550651,1.9008418192168837
49.207915,55,582.921779,True,False,False,6.515215544770115,6.261370557518435
52.984561,60,583.374385,True,False,False,7.2543450357263985,6.920146401785132
46.481492,57,583.816109,True,False,False,6.364029779795193,5.749358983167852
31.767838,27,584.025654,True,False,False,3.1178460312234697,2.721067786332589
32.476068,26,584.228347,True,False,False,3.1156758713362613,2.834063460608513
48.135052,57,584.661397,True,False,False,6.621944566402177,6.19724568438798
38.850384,36,584.933791,True,False,False,4.3616499069058765,4.109801590994608
35.405415,39,585.233511,True,False,False,4.3145340832076675,3.7331232622375343
37.207668,35,585.511792,True,False,False,4.012955483627924,3.7302092768272916
2.72077,50,585.892405,False,True,False,5.723273719023008,6.60157799214262
36.684784,37,588.417697,True,False,False,4.1085247241589204,3.778934950018434
26.280446,28,588.546174,True,False,False,3.11607976053368,1.949051873135953
34.797557,30,588.684918,True,False,False,3.416931909712327,3.315721327358472
48.642398,54,588.930266,True,False,False,6.377594897765548,6.107097137844289
42.578358,47,589.153861,True,False,False,5.29587842443859,4.919550567024505
29.725029,31,589.303164,True,False,False,2.8343288519526837,2.340423371139816
35.935834,30,589.441731,True,False,False,3.3769088560888263,3.459709164131768
28.407829,16,589.514424,True,False,False,1.8676963935239401,1.9608349157126859
31.696037,26,589.636455,True,False,False,2.8541610274311444,2.6973263141888357
33.872663,27,589.762734,True,False,False,3.1633882999145047,3.1217127006459315
50.533287,66,590.111906,True,False,False,7.6916446037981565,6.584669794284679
34.656568,28,590.321406,True,False,False,3.321233209007564,3.2047503227734526
33.98924,25,590.438172,True,False,False,3.077121025224795,3.0546261896158984
28.1535,14,591.171596,True,False,False,1.6980494802246833,1.9271528418195762
37.684227,38,591.348156,True,False,False,4.352098076850086,3.8534742053970543
42.191644,42,593.60073,True,False,False,5.077034261576867,4.783658267479195
37.439121,35,593.865304,True,False,False,4.161720128316793,3.76443686746454
37.14268,42,594.188123,True,False,False,4.351593310474295,3.858922762611322
34.782092,30,594.409954,True,False,False,3.5619843297894525,3.3052484731784695
31.646487,20,594.564365,True,False,False,2.4407249221569014,2.5765760590626114
31.50233,27,594.770996,True,False,False,2.821068625059367,2.675491627346195
32.702699,31,595.006076,True,False,False,3.2854133837686326,2.973716052112264
54.17255,69,595.536777,True,False,False,8.065826086470302,7.365698433816863
31.946818,22,595.704577,True,False,False,2.621608479477187,2.7020323704469904
29.840545,20,595.854885,True,False,False,2.2610553096720567,2.2454515629613305
33.284701,26,596.051875,True,False,False,2.9539025630930658,2.998738322215789
44.670276,50,596.841161,True,False,False,5.722048769033697,5.28238197774771
46.690783,55,597.365403,True,False,False,6.401514778961105,5.765459723659333
26.344595,12,597.462971,True,False,False,1.3688804626396696,1.5925095768168505
42.583854,53,599.792166,True,False,False,5.731712030311918,5.035531132051228
47.973945,49,600.143939,True,False,False,5.902837599448401,5.894907272784932
30.775994,18,600.253258,True,False,False,2.210091754956669,2.3567059582266423
27.618985,25,600.404663,True,False,False,2.4255360089804654,1.9474083608131727
27.594647,23,600.541603,True,False,False,2.5208252241216162,1.8818353562878665
30.164509,19,600.656638,True,False,False,2.206771083668834,2.301698941001862
43.26018,41,600.89321,True,False,False,4.962309550373547,4.930486734372455
36.010071,32,601.095042,True,False,False,3.68518528366535,3.53219223987048
-16.66194,10,601.15865,False,True,False,0.9189769514212894,2.289166641926696
28.28544,38,601.401635,True,False,False,4.075450196153739,2.233298575539304
48.736058,49,601.709386,True,False,False,5.944631930551219,6.022856178132231
42.849746,46,602.019934,True,False,False,5.324887194545693,4.911328579745081
30.173061,22,602.175282,True,False,False,2.4056294435563657,2.3537868825634423
33.777943,43,602.459366,True,False,False,4.353972526909205,3.296269843185774
35.53957,28,602.659668,True,False,False,3.425989089269843,3.3696514740727523
43.976568,59,603.126213,True,False,False,6.714164348638214,5.330495603682508
39.739387,33,605.448206,True,False,False,4.013881841464515,4.223082644188806
31.230458,40,605.758378,True,False,False,4.263195253439738,2.7680611047620345
38.693816,53,606.175471,True,False,False,5.881762071693152,4.385413542938328
37.035067,30,606.410986,True,False,False,3.6509837886386407,3.7315366490145014
33.898075,25,607.605175,True,False,False,2.9926209807257456,3.0757889615188274
28.009558,18,607.742151,True,False,False,2.0110812970036527,1.9691006818168981
26.443689,11,607.824067,True,False,False,1.336431816442575,1.5804731647753876
34.378195,42,608.157956,True,False,False,4.587841973076755,3.47155230204431
47.942457,53,608.587006,True,False,False,6.208609240034068,5.892418389336309
26.598013,14,608.696676,True,False,False,1.5888863377989273,1.6328141538837864
32.270731,22,608.874666,True,False,False,2.7365032431919394,2.6964889101745713
33.178941,24,609.070719,True,False,False,2.810359841763343,2.890767966235255
26.948841,18,609.217545,True,False,False,1.917413678139472,1.726623110999044
46.962942,48,609.610929,True,False,False,5.754979442486481,5.6301487068173115
32.224155,23,609.795541,True,False,False,2.728697733693063,2.754012082465802
45.06484,47,610.138901,True,False,False,5.606230647960331,5.413458449521079
30.817794,22,612.282913,True,False,False,2.5218182264421816,2.4076491792496086
41.299871,47,612.655194,True,False,False,5.223373854547508,4.660052031716899
50.972654,58,613.112677,True,False,False,6.844130087290269,6.511847076001261
34.664525,27,613.321301,True,False,False,3.254528929854708,3.199986765011729
53.827267,62,613.802788,True,False,False,7.4267309553865895,7.05204584966633
46.569664,49,614.185461,True,False,False,5.9349967161797395,5.625883480752292
34.676092,32,614.439468,True,False,False,3.6289870495827947,3.3999208586379313
28.661001,19,614.587765,True,False,False,2.2301804543145285,2.0084475262861434
42.989073,45,614.92779,True,False,False,5.183332023497853,4.910159746165147
44.740498,48,615.295762,True,False,False,5.733379172296463,5.295656146799434
28.286199,15,615.420185,True,False,False,1.701402530161754,1.8871265562428443
35.333149,33,615.682332,True,False,False,3.6146511837602686,3.4404429164920165
34.480663,29,615.908207,True,False,False,3.375884032349874,3.2332890897764437
27.150067,24,616.098481,True,False,False,2.5646191586376825,1.9892658956099916
49.262159,53,618.45319,True,False,False,6.282779379702189,6.164042355519681
35.313636,34,618.716869,True,False,False,3.618313257125278,3.4461444752484387
30.663812,22,618.879112,True,False,False,2.604983429050536,2.4253859775763686
37.76451,32,619.119435,True,False,False,3.857839328254159,3.846252657961709
41.552116,49,619.504006,True,False,False,5.551248977234444,4.783750969526471
48.244373,65,620.004739,True,False,False,7.459506888129716,6.235891276588675
30.009469,25,620.21612,True,False,False,2.751265229802512,2.395520675562538
37.060252,47,620.598182,True,False,False,4.89964722549468,4.0635108556612325
26.757676,13,620.709464,True,False,False,1.4621442482690368,1.5777016123439844
42.039134,46,621.107017,True,False,False,5.204864108058829,4.859712203871036
34.906894,30,622.403623,True,False,False,3.5174004541173427,3.2620934797813255
28.433192,17,622.531464,True,False,False,1.929540474285505,1.9874294994770245
33.676531,24,622.714341,True,False,False,2.850359111931332,3.052597773933551
3.650178,51,623.100315,False,True,False,5.785953096576374,6.524919203120662
-0.990884,42,625.487339,False,True,False,4.7260818907717175,5.723727357753578
43.664674,45,625.842411,True,False,False,5.2023962377658615,5.096087894251662
37.406233,34,626.099475,True,False,False,4.022996325958023,3.7597433544685304
47.0277,47,626.504033,True,False,False,5.791880366325031,5.643212097370156
-19.518439,20,626.683805,False,True,False,2.005349380451112,2.222109900521322
35.973591,29,626.940569,True,False,False,3.408251277143407,3.466690082315184
48.288465,52,627.508202,True,False,False,6.1496536358088,6.006104030786253
40.852591,40,627.842386,True,False,False,4.789718277495892,4.497163589450738
47.338242,53,628.262783,True,False,False,6.112124635495008,5.81455703386612
43.235677,41,628.576461,True,False,False,4.901885890127677,4.905443779129485
38.509337,33,628.827411,True,False,False,3.935610131399926,3.973997955639817
41.413733,40,629.133691,True,False,False,4.971853762932783,4.6802096180975195
49.535719,54,629.545604,True,False,False,6.591987199275072,6.217938201777072
41.484627,44,631.95372,True,False,False,4.983821323757002,4.6872634248421905
33.595327,29,632.179442,True,False,False,3.2563156570964873,3.042578316639087
43.016532,45,632.543199,True,False,False,5.19467483246806,4.902988462999506
29.072104,23,632.722716,True,False,False,2.3351167919217253,2.219610544773636
48.781605,56,633.168743,True,False,False,6.3788557095712,6.2619457380543775
50.242911,56,633.618911,True,False,False,6.672875744459711,6.314525887085121
36.916125,31,633.85996,True,False,False,3.6744342221388604,3.6723967620944746
37.673672,43,634.184834,True,False,False,4.5178287366469085,3.9296209302776126
40.034413,38,634.4728,True,False,False,4.514248400285666,4.514371787017097
39.904992,38,634.765173,True,False,False,4.632084626634686,4.35148303754616
-5.75729,30,634.991293,False,True,False,3.3816443940297085,3.8855990042109396
38.662438,36,635.281143,True,False,False,4.253268539866173,4.079601551380489
43.691715,56,637.809379,True,False,False,6.11753309948157,5.211550481558262
33.527643,24,637.998426,True,False,False,2.975695088184598,2.969877341441792
31.398155,20,638.157049,True,False,False,2.4276639897206667,2.5345684785879574
29.436544,16,638.291417,True,False,False,1.927087540830507,2.0828551826701904
27.882792,17,638.440659,True,False,False,1.9332679182982366,1.8983185340315487
39.343831,34,639.745806,True,False,False,4.087972604037397,4.142602242262048
51.161559,56,640.185858,True,False,False,6.7664917184352005,6.508387285516911
27.766679,38,640.474194,True,False,False,3.576825837212394,2.194714597678367
29.62527,19,640.624714,True,False,False,2.1617748920965645,2.2009882674208656
32.560069,28,640.846131,True,False,False,3.2022562140745645,2.9284014266019436
28.912016,16,640.972388,True,False,False,1.9316080397025859,2.0824756138121154
37.717486,30,641.212589,True,False,False,3.6589075863158076,3.825517139558148
37.395631,33,641.474164,True,False,False,3.844248036018714,3.909417059692696
39.715388,45,641.829186,True,False,False,5.224370903290109,4.372196515018706
51.530311,76,642.47539,True,False,False,8.239442425728496,7.014845953081659
31.732486,25,642.688863,True,False,False,2.6984479360792024,2.688313116369173
35.1398,28,644.940177,True,False,False,3.312008365808319,3.295889437780606
33.304189,23,645.122669,True,False,False,2.801996465118117,2.854931189944927
34.138925,25,645.323258,True,False,False,3.081359157102891,3.1160169894122123
-16.820724,9,645.398877,False,True,False,0.9001464269952246,2.5325366051483775
37.134012,30,645.651838,True,False,False,3.69837789320129,3.7520059254692786
36.819259,31,645.89985,True,False,False,3.709727639179705,3.6855081351908767
27.815816,15,646.022463,True,False,False,1.745429178059925,1.8893330166961486
33.325867,24,646.211179,True,False,False,2.865430954484715,2.919300296065955
43.594687,43,646.557841,True,False,False,5.103713381293651,5.041403279474837
27.279489,14,646.679234,True,False,False,1.592429660729177,1.7132570946742758
28.060916,14,646.799649,True,False,False,1.7049921328673814,1.9221281525469796
26.203634,14,646.914143,True,False,False,1.6115988610958372,1.5575787250818318
45.205543,56,647.349357,True,False,False,6.357751517085111,5.509976813285371
33.449743,26,647.554644,True,False,False,2.9663797296952366,2.9948231963441185
45.159663,56,647.987848,True,False,False,6.1347519547282925,5.4985609265448145
40.379855,47,648.350532,True,False,False,5.284959392825923,4.636310527118181
43.129544,45,648.690063,True,False,False,5.319340244055162,4.959783937300268
34.581448,25,648.878868,True,False,False,3.0491855011716074,3.119518496177669
36.043785,31,651.07578,True,False,False,3.5502907188725312,3.475410445449863
29.851725,17,651.207034,True,False,False,2.0917877242277134,2.2650054154120367
38.822954,39,651.514591,True,False,False,4.534281389223855,4.186892706529066
39.083579,46,651.874863,True,False,False,5.23323128150977,4.245464448700721
26.619476,12,651.970077,True,False,False,1.4615811615236423,1.5180893332390522
41.493963,47,652.329871,True,False,False,5.4732008726861965,4.910053246414718
34.984807,29,652.581452,True,False,False,3.3664223590698734,3.3177355616496365
35.592301,34,652.851108,True,False,False,3.778650862576346,3.5184885792628764
36.073388,30,653.098905,True,False,False,3.5117715357690997,3.5141312772894655
36.558155,29,653.334961,True,False,False,3.461263295887333,3.599265567008337
38.773784,37,654.574353,True,False,False,4.1523941741473696,4.092599067510271
32.063331,20,654.734658,True,False,False,2.4819448019647825,2.6172076765136905
33.937662,28,654.958167,True,False,False,3.2823523561786385,3.1115997574713243
28.714598,15,655.072158,True,False,False,1.8057757686110165,1.9792025334701777
35.316656,30,655.299972,True,False,False,3.492340114028204,3.4135048954055343
26.29297,13,655.398532,True,False,False,1.4426513476092966,1.5185068737307583
29.242611,16,655.528549,True,False,False,1.9644884217855363,2.1126074417042644
30.776606,28,655.761209,True,False,False,3.2227936174584606,2.563023533664516
45.639744,46,658.120849,True,False,False,5.623237867055284,5.371890447834196
45.181546,48,658.547038,True,False,False,5.633289955114896,5.470391613930038
30.998407,22,658.712144,True,False,False,2.4781032511244017,2.4992584492110472
30.649176,20,658.86809,True,False,False,2.453133183901364,2.421432281228433
49.985344,61,659.365392,True,False,False,7.151854019089955,6.414129929309357
46.910857,48,659.751628,True,False,False,5.766124521872256,5.686353584221553
35.872881,28,659.975647,True,False,False,3.3658988710685995,3.396876292188714
32.332795,22,660.162664,True,False,False,2.6290008433108385,2.770366792091062
40.503867,39,660.494106,True,False,False,4.732563389673671,4.403433755200937
27.141485,14,660.610397,True,False,False,1.6152266814859424,1.6940243532794292
41.777502,40,660.928607,True,False,False,4.691591842768658,4.690276026176335
38.615935,34,661.206593,True,False,False,3.9512379753472624,4.059249334868872
34.485061,26,661.412949,True,False,False,3.092550338608608,3.129478598630677
37.472888,35,661.69735,True,False,False,4.1000965540277,3.995680363306788
37.19938,33,661.962758,True,False,False,3.8856172595951746,3.9022883119257594
40.068179,34,664.350916,True,False,False,4.148126000968756,4.2446836771135805
43.583344,42,664.809295,True,False,False,5.156427993437781,4.973659604650585
36.969857,32,665.093571,True,False,False,3.8484898867295536,3.7058160722601707
30.357196,29,665.356138,True,False,False,2.7722061337606307,2.5019298333768916
47.249024,54,665.822478,True,False,False,6.42108095522373,5.806526313899424
49.389242,51,666.247831,True,False,False,6.149739196208683,6.171756005095582
29.535469,19,666.413748,True,False,False,2.2022787295008057,2.2268884245483953
31.767572,22,666.617055,True,False,False,2.660688781372392,2.839161103313732
46.581316,47,666.996944,True,False,False,5.785536801804763,5.584183065397584
48.383808,57,667.452798,True,False,False,6.59453271621126,6.0941962120341575
33.724468,30,667.701833,True,False,False,3.2735115026368216,3.1919175244645372
34.783957,29,667.93502,True,False,False,3.3893870565845177,3.238393250278338
50.301166,58,668.415303,True,False,False,6.957210708501592,6.4382520730178125
36.795242,37,670.736673,True,False,False,4.1195953772935265,3.784909094565819
36.988099,35,671.020985,True,False,False,4.120585941027235,3.7147851942187953
47.158992,47,672.533685,True,False,False,5.702846312259858,5.7563616171014935
36.394245,33,672.782554,True,False,False,3.665779577916731,3.6281097833794376
-16.781505,12,672.875767,False,True,False,1.1661716893865508,2.9986041635673772
31.471321,36,673.156168,True,False,False,3.248648848718218,2.7854792636136945
47.634382,52,673.548853,True,False,False,6.211066976802456,5.990885013588254
46.358373,48,673.910173,True,False,False,5.713947662251796,5.540363665728299
36.370935,32,674.147321,True,False,False,3.6796959462132994,3.603232908015008
42.080247,40,674.446615,True,False,False,4.79961546687358,4.669655646848693
44.840986,46,674.795878,True,False,False,5.534979017069844,5.263914707711201
-17.683266,12,674.887274,False,True,False,1.1131731314479199,2.208987981923984
32.763703,25,675.076763,True,False,False,2.9660821008283613,2.861424077065708
29.965157,19,675.222428,True,False,False,2.3433849782578,2.2510366890840507
39.617845,39,675.521357,True,False,False,4.417739163858827,4.287768153051678
47.489088,55,677.950089,True,False,False,6.4003488755209395,5.907176192732371
35.952343,31,678.182417,True,False,False,3.5925155066742476,3.5331996506342302
33.290458,24,678.360478,True,False,False,2.8037559368848486,2.8468587282119024
37.535767,31,678.595463,True,False,False,3.7233522897147946,3.7296388419773345
33.742495,32,678.83421,True,False,False,3.753900123065892,3.2264207986944533
39.190952,36,679.112789,True,False,False,4.338000199892719,4.165715506235721
44.316343,44,679.450615,True,False,False,5.36722447593647,5.193859700914193
33.088129,22,679.61897,True,False,False,2.6863053099764787,2.9075296854821224
34.916792,30,679.848391,True,False,False,3.498634458133121,3.280863937298004
38.107927,33,680.098019,True,False,False,4.074014369801698,3.9295642853186683
-15.213888,13,680.196541,False,True,False,1.3644840236306535,2.263753227278889
45.716763,54,680.604236,True,False,False,6.20456702858064,5.662336290444943
31.056472,21,680.761724,True,False,False,2.4824589878145864,2.4585402809940904
38.028485,35,681.034206,True,False,False,4.003006503945129,3.9297291016737907
39.984952,41,681.351955,True,False,False,4.6336787095041725,4.410878560397847
32.8079,23,681.527341,True,False,False,2.7638845579644857,2.8058060590826512
33.95722,26,683.777184,True,False,False,3.0437725331360044,3.0937970479084758
39.823348,44,684.118268,True,False,False,5.041155681985101,4.330070157729745
26.042615,13,684.218407,True,False,False,1.4406337879133448,1.5150088271999849
35.600985,29,684.438098,True,False,False,3.511635728964929,3.4587695511836927
-11.546126,17,684.570779,False,True,False,2.0305267379874437,2.857941744902601
31.823805,22,684.74609,True,False,False,2.5568787729150353,2.615503859680384
45.271388,44,685.086268,True,False,False,5.459775777422244,5.282661479173549
39.241122,41,685.399119,True,False,False,4.571144128654698,4.175029816465125
46.891275,50,685.781806,True,False,False,5.913621297659478,5.765050211121594
45.07146,44,687.036529,True,False,False,5.367978296892133,5.265419581172732
42.996637,41,687.345507,True,False,False,5.013436369105684,4.9035338188383895
30.09307,23,687.523877,True,False,False,2.468802939600303,2.335685818299537
42.777379,44,687.860141,True,False,False,5.218235133478307,4.88969616749996
30.859815,21,688.016917,True,False,False,2.4725118101189176,2.4395221533258935
27.830272,13,688.117374,True,False,False,1.590990257669732,1.80343015437256
42.041036,45,688.455682,True,False,False,5.078739306349555,4.805623054404747
40.945254,48,690.828809,True,False,False,5.219517905307036,4.6299631824616645
28.668596,16,690.962542,True,False,False,1.8535528178104201,1.9934942216668596
30.470299,21,691.132216,True,False,False,2.4747461774179094,2.402902750644024
37.571254,32,691.380918,True,False,False,3.952219798056198,3.8439693471200713
25.845311,23,691.56193,True,False,False,2.3991827615725656,1.876407677847383
32.158759,37,691.84564,True,False,False,3.9511691007096794,2.8556844884188135
32.059274,32,692.099707,True,False,False,3.64747765628199,2.803942909497061
40.743144,48,692.48183,True,False,False,5.456493905602536,4.79576558418606
47.627778,50,692.88838,True,False,False,6.108529705014608,5.817051289843277
39.511217,39,693.196139,True,False,False,4.474396641228392,4.1949222797039765
48.017664,49,693.575195,True,False,False,6.071419558451733,5.920811017790421
43.684362,40,693.883625,True,False,False,4.926640955346293,4.993799273929029
44.519239,44,694.220528,True,False,False,5.404392665369445,5.202436756189106
42.457792,38,694.511495,True,False,False,4.740007644869703,4.755579859618395
29.84849,20,696.706762,True,False,False,2.3353523020439195,2.218668581138651
38.902854,36,697.012061,True,False,False,4.2790186636898335,4.128078712374974
39.261457,36,697.304088,True,False,False,4.274404751043185,4.204607517917942
41.032744,41,697.638726,True,False,False,4.7282145357144065,4.633729975645857
25.573561,12,697.733346,True,False,False,1.3467714707173981,1.5166481247486692
33.600043,26,697.936084,True,False,False,3.145899540729038,3.018762314323907
46.696868,47,698.336077,True,False,False,5.633663357363639,5.5950742639247615
36.442216,31,698.587847,True,False,False,3.693657111176663,3.5684909239392804
33.166797,30,698.817016,True,False,False,3.553214588781847,2.9883494377125026
28.569621,16,698.937675,True,False,False,1.9134140172069656,2.025613990278181
40.943572,37,699.229731,True,False,False,4.40408624507976,4.379752873564276
28.913951,19,699.374936,True,False,False,2.2724555432555382,2.0852719623957077
43.009611,45,699.720955,True,False,False,5.466286291278179,4.96741766491244
43.809911,44,700.05733,True,False,False,5.17034436611293,5.15096074624097
35.73814,30,700.290856,True,False,False,3.713517128292687,3.4134178032413676
29.582844,17,700.425058,True,False,False,2.0897218779463347,2.222287078753628
44.875192,44,703.756829,True,False,False,5.372646668171601,5.278878690119322
46.060203,48,704.123594,True,False,False,5.872212312089555,5.4873085303241655
32.873891,24,704.310946,True,False,False,2.9239509133998838,2.8773345186628996
46.16138,54,704.734794,True,False,False,6.237925790661405,5.733278694834214
37.056458,30,704.967665,True,False,False,3.6916621250695587,3.7344177914698915
-14.869677,13,705.067122,False,True,False,1.286164268222721,3.4977142219905133
43.234035,50,705.459577,True,False,False,5.709841565222687,4.961638380168376
-4.682977,40,705.77175,False,True,False,4.235892711984118,4.696607044943546
40.637811,38,706.055854,True,False,False,4.548349560470079,4.376347603714004
31.284442,24,706.240282,True,False,False,2.769812062860801,2.700202840601363
31.444266,21,706.403655,True,False,False,2.4718571530947893,2.5408354421822
38.827415,37,706.696222,True,False,False,4.320921813478096,4.115705364081537
34.323689,34,706.971136,True,False,False,3.530707960690948,3.221412038175206
29.879194,29,707.199979,True,False,False,2.9356222112499064,2.3539484668886503
41.529428,41,707.531392,True,False,False,4.857541325831965,4.616973598861775
-13.106165,19,709.69188,False,True,False,1.8392243610424075,3.005392421418855
48.124312,49,710.054223,True,False,False,6.027493594190068,5.927573664091159
42.97595,46,710.411211,True,False,False,5.1502128712852,5.11398502546532
28.206137,16,710.538126,True,False,False,1.8721941373990827,1.8635343960684057
48.627101,63,711.023603,True,False,False,6.938269939245216,6.181277912877667
41.199454,44,711.383546,True,False,False,4.896225586229158,4.557801940414984
41.417425,45,711.74222,True,False,False,5.027302393427101,4.650824290378887
42.939971,44,712.121302,True,False,False,5.249881098212121,4.947823433682351
31.428524,23,712.308073,True,False,False,2.688137385688616,2.507763207197181
36.284384,28,712.535807,True,False,False,3.3756363205858673,3.538367666505183
50.825545,55,712.968629,True,False,False,6.579806748672894,6.4497098278949165
49.958074,52,713.377492,True,False,False,6.438222961375162,6.3061716151515546
-14.565503,13,713.483653,False,True,False,1.35303468648935,2.7541839204301204
35.62844,29,713.705956,True,False,False,3.485592120120491,3.3913108590078864
46.770049,48,716.18147,True,False,False,5.887650554887999,5.66689191876263
28.388677,16,716.311948,True,False,False,1.7960061329144483,1.9136148858746478
27.058439,12,716.408326,True,False,False,1.4443904774376368,1.684313702000017
38.467375,36,716.705405,True,False,False,4.358453517546793,3.9923197255428065
36.663536,32,716.965957,True,False,False,3.6490262829225584,3.6309878200719767
40.650685,40,717.282293,True,False,False,4.834223781316672,4.392972025804115
39.027296,36,718.591096,True,False,False,4.21702726337075,4.086384171007587
34.889651,28,718.808202,True,False,False,3.485118016428644,3.3381857766813616
33.431282,23,718.989866,True,False,False,2.775166248841651,2.982749949817498
31.520079,23,719.179394,True,False,False,2.6081551148014968,2.5701972189736195
35.995047,28,719.405555,True,False,False,3.425596959298332,3.50243224753024
47.458735,49,719.79267,True,False,False,5.873495709106567,5.833369238285992
47.62173,50,720.18818,True,False,False,5.963350598074405,5.7450587356222735
32.54532,27,720.401979,True,False,False,3.067956905421729,2.800756976514192
41.576483,38,720.707227,True,False,False,4.5847148633323345,4.546192062372998
36.401704,33,723.028066,True,False,False,3.784301969062289,3.6669134810270685
36.51534,50,723.412687,True,False,False,5.221831094519944,3.9293757769586812
31.608773,21,723.576026,True,False,False,2.609224022578361,2.721671751785228
-7.787358,29,723.801088,False,True,False,3.3105252240235323,3.5663048120012544
42.132889,40,724.114307,True,False,False,4.779781434026657,4.713536062734601
31.362745,21,724.275633,True,False,False,2.4761398127852443,2.5435803404137123
27.68196,14,724.386063,True,False,False,1.6956505121635268,1.7573228985149811
35.895069,31,724.636063,True,False,False,3.619398502286376,3.4852195120074527
32.921326,31,724.873129,True,False,False,3.526684006413288,2.980513610599274
32.030031,22,725.035886,True,False,False,2.577093066304253,2.7114812430581807
35.851179,30,725.263302,True,False,False,3.5138115397272647,3.4379683853937513
40.841066,37,725.555285,True,False,False,4.518710497284178,4.420602797721437
28.066941,20,725.717265,True,False,False,2.0797718642449854,1.867324917866859
35.171337,33,725.98576,True,False,False,3.8514991618671255,3.372759011147657
45.462028,45,726.326202,True,False,False,5.43860681503551,5.45630128319621
47.542389,54,726.750921,True,False,False,6.289813028392272,5.824615498417264
-17.672624,11,726.837574,False,True,False,0.8631261640164712,5.431209362109146
33.408375,31,729.076646,True,False,False,3.4253565221427533,3.173952067951295
35.489835,33,729.343462,True,False,False,3.8062856344216693,3.421569961587491
37.552389,34,729.604758,True,False,False,3.973758535972033,3.861301556654019
46.237157,53,730.005726,True,False,False,6.349211466050287,5.765014766167796
39.139,33,730.268589,True,False,False,4.039931739228658,4.082906880070928
49.635836,52,730.679569,True,False,False,6.35768672603802,6.2725807878862
31.032329,21,730.849241,True,False,False,2.405956579776746,2.4678487982930832
41.424591,48,731.237382,True,False,False,5.29136841477049,4.6978894597720915
32.278851,22,731.414796,True,False,False,2.6524293741484035,2.7141601795503916
43.796357,43,731.766474,True,False,False,5.2008147088545895,5.097532651952172
50.160988,54,732.191518,True,False,False,6.567131548362363,6.406923987195529
34.877892,29,732.424873,True,False,False,3.554855383676285,3.25773709563075
35.927453,27,733.588916,True,False,False,3.3134854439563313,3.474059456108946
26.939068,14,733.698413,True,False,False,1.5724928838778565,1.6784668988797022
39.991725,36,736.864194,True,False,False,4.237225175116301,4.24979828707534
39.429722,34,737.140805,True,False,False,4.180355264321098,4.080785133079447
26.818864,14,737.255976,True,False,False,1.551510838756496,1.6327816635440418
36.984206,32,737.508663,True,False,False,3.740589026546865,3.663096459098731
40.84233,37,737.805081,True,False,False,4.478914193885164,4.4240812145833175
35.684008,28,738.030387,True,False,False,3.4581757326537184,3.4017942923591735
33.588969,24,738.223974,True,False,False,2.89582967170367,3.012909416633725
33.437332,23,738.406395,True,False,False,2.8291968001716787,2.9267141312698217
39.174363,33,738.659958,True,False,False,4.0534680227277144,4.063256584164349
45.758555,43,738.985901,True,False,False,5.295700596361742,5.339062939321711
35.59834,29,739.210965,True,False,False,3.5255000163303847,3.3833654490065097
48.748355,53,739.610392,True,False,False,6.311491320756558,6.086357472206724
39.650906,35,739.870605,True,False,False,4.244995637500417,4.18995428543383
42.405955,43,740.189935,True,False,False,5.2074969465385585,5.013994490124069
27.364003,18,740.325468,True,False,False,1.905481095231895,1.8161898701826826
33.06872,25,740.513199,True,False,False,2.9444610175713084,2.944479625105063
32.463137,21,740.674227,True,False,False,2.6092240225783616,2.7074798503213815
28.860418,16,740.792364,True,False,False,1.8954754419725022,2.031948730833203
29.880248,30,743.101656,True,False,False,3.030934564403129,2.3994437296228983
38.582652,31,743.35142,True,False,False,3.8760921669659005,3.986787134938825
32.092627,21,743.522669,True,False,False,2.5867668364988665,2.6874867173899633
42.892659,51,743.914515,True,False,False,6.092980612227697,5.144570632524664
42.36603,38,744.209598,True,False,False,4.6831874626088075,4.6466087578095525
32.406898,22,744.378196,True,False,False,2.612101619069629,2.778435825094452
40.239066,38,744.689671,True,False,False,4.6552205363116235,4.310587755781326
-1.777864,34,744.952126,False,True,False,4.026794233116531,4.954912152075182
27.23542,16,745.075052,True,False,False,1.9418309519464247,1.6990396994149908
55.332818,60,745.536998,True,False,False,7.425904214506737,7.295834701861
43.287751,42,745.863659,True,False,False,5.097101675724729,4.925083825494143
29.225734,18,746.002469,True,False,False,2.0282609910220653,2.094638388068354
28.624505,17,746.132194,True,False,False,1.9158871781999864,1.9523610131747304
45.402652,43,746.46802,True,False,False,5.223437458510549,5.397638275335522
40.250686,38,746.804257,True,False,False,4.672024298455204,4.337725149398953
44.987261,48,749.530625,True,False,False,5.781465177154591,5.352580598855077
42.446531,49,749.921003,True,False,False,5.660470524524867,4.994928406626359
38.981774,32,750.177277,True,False,False,4.0058713048780605,4.0903441943793775
28.972331,22,750.352141,True,False,False,2.3512653122790335,2.157318157266496
38.158619,34,751.54864,True,False,False,4.113210947660594,3.921278572201726
40.660002,42,751.891085,True,False,False,4.696651933183903,4.572414077174206
42.421762,43,752.232975,True,False,False,5.101872295615945,4.976900255576301
30.628804,24,752.424088,True,False,False,2.6856996731266833,2.4527487956780054
34.111851,28,752.646235,True,False,False,3.09388493475592,3.1338546839038535
31.031229,20,752.804365,True,False,False,2.3718658728538733,2.4058356514495625
31.413592,21,752.96623,True,False,False,2.5240316121783053,2.578881156849771
34.484022,36,753.260997,True,False,False,4.245167646201976,3.317594654629006
27.310397,13,753.368783,True,False,False,1.5860654225054704,1.7088231355690549
34.093459,27,753.597396,True,False,False,3.2190475963502325,3.10773418787076
-15.63994,14,753.714219,False,True,False,1.311797460730694,3.0288618600109003
34.455774,27,753.928912,True,False,False,3.368092779545597,3.1971798989600924
38.588512,37,754.224019,True,False,False,4.462154560154823,3.970269681955229
42.696889,42,756.640622,True,False,False,4.959684894563187,4.873132733679252
44.643247,45,757.011669,True,False,False,5.454907724128063,5.258188616973076
34.047546,28,757.236187,True,False,False,3.168578685743426,3.148527323843826
47.204438,46,757.606679,True,False,False,5.630932948822964,5.63626687740982
45.73753,47,757.999256,True,False,False,5.6285767131285125,5.4432955649851875
31.556103,24,758.197441,True,False,False,2.647374376015921,2.61867601797407
35.248951,29,758.427179,True,False,False,3.343030699072917,3.290370526209793
37.264072,38,758.739485,True,False,False,4.085388490364275,3.751157218696252
28.112357,15,758.859983,True,False,False,1.692530800350539,1.8535691870878541
41.200726,42,759.212065,True,False,False,5.070159614279656,4.771229798398213
35.744136,34,759.483734,True,False,False,3.83336661754237,3.573405390256922
38.324207,43,759.814789,True,False,False,4.850973410148458,4.155267213701832
32.960318,22,760.001645,True,False,False,2.728807647513511,2.9048673416286346
42.175549,39,760.297322,True,False,False,4.7541919984980945,4.643964455515402
30.14492,44,762.596705,True,False,False,4.510827989796424,2.7134360217238465
38.355287,41,762.922037,True,False,False,4.794378730898428,4.137761802093447
30.122085,21,763.090577,True,False,False,2.3930916198127483,2.414355004238158
33.797894,25,763.285899,True,False,False,2.948371549801334,3.085464875287489
46.893126,50,763.697492,True,False,False,6.004122774107426,5.6907611230770625
31.631373,21,763.8614,True,False,False,2.4478764292375823,2.566791009822523
51.672616,57,764.316974,True,False,False,6.957617353527111,6.667181305507031
-12.43603,17,764.449652,False,True,False,1.858278702609266,3.738429978571598
45.182317,41,764.774207,True,False,False,5.10188506354127,5.22075446683625
35.387326,27,764.994948,True,False,False,3.2802587078742684,3.394002627315745
30.64491,24,765.194688,True,False,False,2.7269031108353654,2.4271423889541937
29.585122,17,765.323394,True,False,False,1.999484348122939,2.121447902299798
45.438345,43,766.803894,True,False,False,5.240605598504237,5.398988350660944
34.080619,24,766.986578,True,False,False,2.904125928631946,3.084988677610391
27.238104,17,767.114657,True,False,False,1.9626863478237915,1.8063505722500615
32.321536,23,767.291759,True,False,False,2.8353461396279918,2.7548869899497843
41.43732,46,767.643747,True,False,False,5.620370108926034,4.656527773486699
32.898996,26,769.920069,True,False,False,3.0621838975782674,2.823502668446625
40.139145,34,770.188248,True,False,False,4.220313222687979,4.262409347340344
27.766944,15,770.30122,True,False,False,1.7442417993562476,1.8749824355970992
42.905819,37,770.593252,True,False,False,4.602033550147547,4.8136506692486725
36.479343,31,770.842299,True,False,False,3.5430941162379446,3.581971863719286
36.702638,30,771.08858,True,False,False,3.6727767554815425,3.615711073460279
31.752153,22,771.262204,True,False,False,2.6074776179689874,2.6862109147050433
47.634257,51,771.675178,True,False,False,6.186263440597261,5.897768994638885
35.529283,33,771.932576,True,False,False,3.681135880667515,3.4501362936889106
34.276801,25,772.130786,True,False,False,3.051204324305118,3.1617672989067716
27.758272,18,772.268996,True,False,False,2.036628659476675,1.8618375329555985
42.914866,40,772.581355,True,False,False,4.757449983822645,4.876967934284975
42.231032,38,772.876221,True,False,False,4.687409316604917,4.628995712692118
31.579613,20,773.030185,True,False,False,2.468473616119996,2.5302825760934113
47.887388,48,773.389989,True,False,False,5.9791496794894705,5.944741702020325
33.230111,25,773.579981,True,False,False,2.961497834719335,2.946957426534628
32.939198,23,775.82051,True,False,False,2.817763281117205,2.8813690207039913
41.523888,37,776.107711,True,False,False,4.520377265309156,4.579078628568164
38.154575,41,776.424122,True,False,False,4.6822233945134375,4.180321801076975
44.945507,45,776.787421,True,False,False,5.418703740914154,5.279717250359311
36.535452,31,777.035198,True,False,False,3.63081090201968,3.6058153189219193
27.797864,19,777.185281,True,False,False,2.1627945080417668,1.8825797697456101
39.229392,35,777.451693,True,False,False,4.211259535786795,4.063539989173679
31.615663,22,777.621378,True,False,False,2.5648799365624524,2.5742417925458048
38.296434,33,777.87407,True,False,False,3.94414512028858,3.9462500721745526
36.145079,33,778.120167,True,False,False,3.809667228973214,3.5404191962413067
30.67063,22,778.29475,True,False,False,2.4097117871180256,2.4361417412428517
40.31029,39,778.595615,True,False,False,4.841045366356075,4.583967497148921
39.848223,34,778.852833,True,False,False,4.11921823612003,4.193828538933165
30.121531,21,779.013527,True,False,False,2.539367683710783,2.406787476543641
48.66201,48,779.383921,True,False,False,5.948298201667853,5.938439760620498
31.148924,24,779.567632,True,False,False,2.7247139838601635,2.577229882856015
30.726537,21,779.726646,True,False,False,2.430117662766545,2.4953476608337946
36.291525,28,781.971968,True,False,False,3.4065384006978534,3.459451131845183
27.533421,16,782.095974,True,False,False,1.850656213097724,1.8112099207262873
36.645151,28,782.308024,True,False,False,3.4632312079876053,3.6036964041192663
27.77754,15,782.423041,True,False,False,1.7890362689563353,1.85755711317378
46.096054,45,783.656264,True,False,False,5.411789136295013,5.5140660586828805
42.827122,40,783.981476,True,False,False,4.939237987849055,4.8962521397118035
31.885065,21,784.146878,True,False,False,2.5299768635340385,2.641934471419947
39.392245,34,784.411384,True,False,False,4.07534380679215,4.163317632961132
36.960948,34,784.674442,True,False,False,3.956170464989779,3.652829285963293
42.897328,42,784.993788,True,False,False,5.021981930451555,4.911339187462778
30.563496,19,785.13852,True,False,False,2.2891056886953884,2.394330386428497
42.23902,38,785.422792,True,False,False,4.631996194092326,4.70850460903705
40.46079,35,785.685655,True,False,False,4.271620357914303,4.408243026777537
30.923955,19,785.834651,True,False,False,2.3257678966668447,2.43728244519613
30.686703,21,786.003017,True,False,False,2.4574072197214325,2.3997582777309865
41.386522,36,786.282782,True,False,False,4.430781665025952,4.565737005933451
-0.408994,44,786.619721,False,True,False,4.838731890331708,5.964006672723135
41.048097,40,789.00386,True,False,False,4.866165173656487,4.521045641370515
34.971202,32,789.283925,True,False,False,3.662449899984189,3.4228962085229546
46.391341,45,789.639989,True,False,False,5.4666058475607295,5.475088133856612
42.742845,40,789.980649,True,False,False,4.8475699924089595,4.86629046864917
50.07658,60,790.468091,True,False,False,6.984414707673799,6.416268113074654
27.765159,19,790.619737,True,False,False,1.8687387728015599,1.920364159740404
36.737771,28,790.845255,True,False,False,3.4681006345918934,3.6233467824661885
36.086973,27,791.060695,True,False,False,3.372899346259835,3.4711562257323045
45.503783,49,791.458809,True,False,False,5.879368641427044,5.362165730359466
45.235176,45,791.824183,True,False,False,5.412513751220502,5.334839541526112
34.790384,25,792.019521,True,False,False,3.0801185769421604,3.228096599539346
44.242523,45,792.381094,True,False,False,5.331840764919264,5.210365117091586
42.247925,39,792.693823,True,False,False,4.749383209462995,4.770886636525495
28.415364,15,792.811382,True,False,False,1.7532533771506496,1.9995039362394698
50.972134,51,795.31345,True,False,False,6.370283496837075,6.432795574011157
26.489459,11,795.404851,True,False,False,1.3364318164425748,1.5676178629863071
39.733874,40,795.730851,True,False,False,4.665870882902945,4.274717380293253
31.61508,22,795.906519,True,False,False,2.566829515834314,2.644592628464852
43.6631,40,796.224783,True,False,False,4.965971936865118,4.99547338743927
45.097711,44,796.586711,True,False,False,5.322217489216598,5.318242328228623
44.138267,46,796.942358,True,False,False,5.633905597528583,5.200263286245475
30.080164,18,797.092515,True,False,False,2.126073795857558,2.2816690345616033
33.755761,32,797.337209,True,False,False,3.7456442465358686,3.216522197437756
40.472009,40,798.773532,True,False,False,4.634354161972393,4.43018871184888
28.014616,18,798.907325,True,False,False,2.1611194323546896,1.8761731430081787
37.912184,33,799.177348,True,False,False,3.9346678831738684,3.9397078054584784
28.747302,15,799.30064,True,False,False,1.790792129373141,2.027170043677453
34.296796,25,799.497022,True,False,False,3.0469973262459655,3.0534359578065686
30.849433,19,799.63654,True,False,False,2.2667298365587834,2.427457984575769
48.806686,52,800.060614,True,False,False,6.154159495371608,6.046035118626613
46.811034,50,802.651735,True,False,False,5.956286011146708,5.758840514178981
50.489378,52,803.036371,True,False,False,6.451737628321916,6.306684290312213
36.716,31,803.279354,True,False,False,3.680617654799024,3.6793470535237454
52.053948,56,803.730097,True,False,False,6.86431463025162,6.694211672881692
43.511264,42,804.076112,True,False,False,5.2532572023306345,4.940139212358053
26.843704,12,804.169818,True,False,False,1.4468332048738837,1.6718871357247007
39.886947,36,804.443103,True,False,False,4.2322723162362,4.29713191961452
39.687805,45,804.842849,True,False,False,5.287780665745102,4.318937533988889
48.224277,52,805.366136,True,False,False,6.148435598619921,5.924635293886499
35.760343,29,805.606059,True,False,False,3.4738466286613043,3.4239075810540283
48.933942,50,806.000554,True,False,False,6.231978647697038,6.045232397277994
31.201281,23,806.190284,True,False,False,2.662774140081933,2.5366942002074815
36.977749,35,806.474448,True,False,False,3.9470877724204074,3.681903998418725
-14.594296,16,808.641289,False,True,False,1.574534798826489,3.1311186693211077
43.587825,42,808.965678,True,False,False,5.0373915039402135,4.983833985052374
46.028425,46,809.320442,True,False,False,5.542007318149509,5.5178318872731555
43.770821,39,809.623636,True,False,False,4.86044519682244,4.9431660713307854
28.826128,17,809.753416,True,False,False,1.9387863120527025,2.0552130811240525
26.111891,21,809.916344,True,False,False,2.5325677554724315,1.5852014146592044
53.121283,61,810.378959,True,False,False,7.201530276086341,7.000107256352237
44.024532,42,810.703542,True,False,False,5.14311594495427,5.0363664125374505
38.050048,30,810.934504,True,False,False,3.698400823292563,3.800862372862535
45.052529,47,811.298072,True,False,False,5.696363538452722,5.470126639844928
32.321619,31,811.531764,True,False,False,3.2866932358204206,2.830848378700548
40.029365,36,811.808085,True,False,False,4.278606621239911,4.278750913968595
47.758184,48,812.191607,True,False,False,5.830490504768007,5.769794465673392
37.654027,32,812.431122,True,False,False,3.7755904248708343,3.851035778729758
27.340973,15,814.574564,True,False,False,1.8049791800436386,1.727348774293983
40.615222,35,814.838158,True,False,False,4.319951717940193,4.38845967391554
42.02998,46,816.362562,True,False,False,5.458832858836213,4.792391143811921
34.107956,27,816.572988,True,False,False,3.2298211718017074,3.27199895715722
46.426805,44,816.926746,True,False,False,5.477232194387163,5.558850081439793
34.551572,29,817.161615,True,False,False,3.4397275850732756,3.231891719085991
43.068078,48,817.529567,True,False,False,5.769613217145637,5.036467938993534
42.658378,42,817.852766,True,False,False,5.095292613654308,4.881687093179245
36.438756,29,818.075876,True,False,False,3.5475513739295206,3.542376597179741
41.703383,42,818.406082,True,False,False,4.770194583978775,4.64421481055186
29.588742,25,818.594927,True,False,False,2.6313528179888115,2.2379753568067224
29.414797,17,818.725461,True,False,False,1.9933598850461136,2.1488300226082795
46.221446,54,819.133396,True,False,False,6.238050268317696,5.640176346147932
32.959723,22,819.298762,True,False,False,2.7365032431919385,2.8476864748155597
33.049727,25,819.484327,True,False,False,2.9841759626344886,2.8838739554651625
34.97682,27,821.687913,True,False,False,3.2690651447669588,3.2508665728825954
27.537339,16,821.809365,True,False,False,1.8212071972084325,1.7317471546379084
43.843684,40,822.113765,True,False,False,4.871034298968489,5.018263439519407
27.566242,13,822.213104,True,False,False,1.5557370149628647,1.7633337884974345
46.483484,46,822.570234,True,False,False,5.65213165745413,5.580359728388728
29.31482,17,822.703778,True,False,False,1.985818104167798,2.059095419136113
32.982617,24,822.892054,True,False,False,2.7922416925316633,2.874383087360898
37.695705,31,823.129869,True,False,False,3.7802516384778206,3.729880320611113
38.942779,32,823.355404,True,False,False,3.8774993985573176,4.015177492313622
37.163474,33,823.616453,True,False,False,3.8757598230011743,3.7895002962036335
33.468983,24,823.805087,True,False,False,2.9143746964603503,2.951952883613932
27.575905,14,823.920155,True,False,False,1.6220389298676605,1.7373062436649351
32.237684,25,824.115498,True,False,False,2.8249599936799052,2.8340035434951156
29.585931,19,824.267016,True,False,False,2.06634384288773,2.1729039925497426
49.428236,50,824.664471,True,False,False,6.1849618241896565,6.214048668453001
43.569232,46,825.023462,True,False,False,5.368525819555151,5.054215320246138
28.423048,24,825.210189,True,False,False,2.796356160274687,2.16158366596119
30.282758,27,825.423721,True,False,False,3.202733273147995,2.5201837772246205
34.895807,32,827.659742,True,False,False,3.63856408802413,3.273685747939166
29.802888,35,827.924846,True,False,False,3.5311448470355256,2.4285158445108253
43.237423,41,828.242714,True,False,False,4.931756140533849,4.867450684781748
35.279414,27,828.462767,True,False,False,3.217810727124901,3.3136967904398498
35.149647,26,828.659226,True,False,False,3.137377713912365,3.300326759368701
26.429886,15,828.780125,True,False,False,1.6078626019174103,1.5767261129102286
39.398358,35,829.059284,True,False,False,4.189126778051421,4.150209391954338
47.589301,54,829.484603,True,False,False,6.5246640577504795,5.921681344350912
44.166619,41,830.810935,True,False,False,5.0370134262724555,5.059740062652746
27.198995,14,830.922153,True,False,False,1.6458437264194512,1.6622289131439345
36.275839,40,831.245995,True,False,False,4.44738265508131,3.674381447872108
54.28668,62,831.737154,True,False,False,7.507632442204581,7.164941829912463
35.162842,29,831.959871,True,False,False,3.4644008038225738,3.4699479593226155
31.677686,20,832.112473,True,False,False,2.468068568111778,2.649966686512261
50.995814,54,832.523204,True,False,False,6.645369336701317,6.432896860500524
37.462552,32,834.699397,True,False,False,3.792528258934272,3.8449150787266366
26.560816,12,834.795388,True,False,False,1.4533819531849144,1.5706218749155556
25.688506,11,834.875785,True,False,False,1.2881607759974907,1.520076246569586
27.490129,17,835.009236,True,False,False,1.7915169747399085,1.865717128698213
36.484523,28,835.223165,True,False,False,3.4193825247055805,3.591683898775503
27.768552,17,835.359272,True,False,False,2.039329570995428,2.0042178241148525
41.316747,39,835.671261,True,False,False,4.656453974809335,4.606869251761525
30.739081,20,835.831895,True,False,False,2.3472334132640107,2.4511609490837354
42.559062,39,836.147796,True,False,False,4.8047871876225,4.756328623415828
-18.610893,6,836.195044,False,True,False,0.5965107998725449,2.512558930860777
32.952592,23,836.372119,True,False,False,2.732484670477201,2.871473758108063
45.980072,47,836.743777,True,False,False,5.59552672112257,5.47939381876136
40.978235,38,837.041756,True,False,False,4.501079756489825,4.451117764489596
47.10829,51,837.429262,True,False,False,5.9880839621881305,5.75427540958161
39.401853,35,837.69821,True,False,False,4.365042280919182,4.17913339903027
30.357552,20,837.849341,True,False,False,2.2375135297818605,2.362926448632275
39.127804,32,838.089101,True,False,False,3.8953319009485705,4.0023766596778065
33.946703,25,838.277829,True,False,False,2.969163051327863,3.1075961484138523
34.220919,26,838.478749,True,False,False,3.139094023819817,3.113687359320174
33.942175,25,840.683235,True,False,False,2.9592183632668796,2.9892991254806116
34.167308,25,840.876961,True,False,False,3.0271383023550684,3.103409391451859
30.146517,21,841.037366,True,False,False,2.4517806168239877,2.371710320658849
27.836368,16,841.157413,True,False,False,1.830943949925131,1.8610866745794132
43.043492,43,841.491838,True,False,False,4.994130613404816,4.865760559028562
31.695481,26,841.692978,True,False,False,3.00389923809347,2.6681219482034066
36.465498,52,842.092465,True,False,False,5.376941599318526,4.095556525240425
35.230452,32,842.337405,True,False,False,3.8251468095614185,3.4411982034991646
46.148613,48,842.716125,True,False,False,5.7469412065656975,5.583021766741945
49.460166,52,843.11601,True,False,False,6.422286982324531,6.197298282865167
29.82201,19,843.261245,True,False,False,2.354665581351204,2.2721455076445176
31.656386,23,843.43905,True,False,False,2.6127047347013304,2.5552687049479115
43.204543,38,843.733983,True,False,False,4.7628367261808435,4.884976140236803
36.835743,32,843.981802,True,False,False,3.7840518347286998,3.6247762974041624
40.118812,37,844.278353,True,False,False,4.477605521220909,4.353492788368727
35.175554,27,845.456325,True,False,False,3.222741874042591,3.2843772442544803
28.778398,16,847.624213,True,False,False,1.9100919339498998,2.0193687584243296
26.786346,13,847.723448,True,False,False,1.4400641337981166,1.64458938198027
36.831532,31,847.958081,True,False,False,3.6941545016068207,3.6915780834283813
29.752128,32,848.199751,True,False,False,3.5088581824210654,2.3586123792947573
48.741809,51,848.5909,True,False,False,6.344101706798486,5.998771827245277
41.083017,38,848.884205,True,False,False,4.628234308922579,4.478756182254548
46.055253,43,849.223719,True,False,False,5.387138989688987,5.525856347491063
34.337472,25,849.418311,True,False,False,3.101943909873635,3.089518614552526
28.852954,16,849.542228,True,False,False,1.846073680381306,2.0661727089472777
35.417893,29,849.764881,True,False,False,3.566608528454312,3.3966181068618444
29.110549,17,849.893827,True,False,False,1.9229819679980897,2.101417692756844
29.704544,16,850.012985,True,False,False,1.9728279195104679,2.1984435133486087
43.790933,43,850.334862,True,False,False,5.283338371918856,5.111243407543342
27.181951,14,850.441212,True,False,False,1.6479947112259212,1.695870293241692
44.037802,46,850.798777,True,False,False,5.293836879434806,5.153841392232243
44.976273,46,851.150742,True,False,False,5.568908431860978,5.26787890262883
34.176801,25,851.343692,True,False,False,3.0081149743897724,3.1190363577169253
40.851499,36,853.631842,True,False,False,4.421714834695548,4.364284859759946
26.489076,12,853.727981,True,False,False,1.4042971347526507,1.615908197166348
34.121735,26,853.934775,True,False,False,3.1770193913893428,3.286254246059825
-14.147857,15,854.057652,False,True,False,1.640413432768635,3.043042372769218
35.927426,42,854.382156,True,False,False,4.758467371126715,3.6587220543012733
45.164779,45,854.739591,True,False,False,5.422121321787478,5.289280439670055
45.183638,48,855.087629,True,False,False,5.736009083335655,5.362982985498837
30.699781,20,855.237623,True,False,False,2.315543851373842,2.402628728704736
39.636178,54,855.659344,True,False,False,6.313563841166518,4.48668287297354
38.808628,31,855.904572,True,False,False,3.8644267377289125,4.046880872229067
56.626024,64,856.400999,True,False,False,7.9097369283973284,7.631656274283213
40.37953,35,856.677397,True,False,False,4.182497370807793,4.309751176361004
51.018988,59,857.148849,True,False,False,7.032907400597385,6.558037832132608
29.654968,18,857.284754,True,False,False,2.132556521335125,2.1823769821447727
34.955985,28,859.533908,True,False,False,3.350737736090717,3.204347758238162
40.008379,39,859.831229,True,False,False,4.591006932691688,4.349341635574643
46.042405,44,860.177844,True,False,False,5.409415746416733,5.510440665642353
36.956808,30,860.413918,True,False,False,3.617775390424724,3.6257600162059944
45.752537,47,860.799013,True,False,False,5.685121166949206,5.372843191972183
51.273409,58,862.305274,True,False,False,6.898763807927023,6.607973346936502
35.940993,28,862.527373,True,False,False,3.422340665151952,3.4302854747840277
26.42218,13,862.631135,True,False,False,1.4903017769359228,1.5156497775273217
29.797701,19,862.777415,True,False,False,2.260302721472134,2.2625552546754553
44.061624,49,863.192556,True,False,False,5.8528337676956665,5.184289133470379
33.250558,28,863.42565,True,False,False,3.3016230602285335,2.9815038738619313
37.905175,31,863.665198,True,False,False,3.8034185778143192,3.8514076053252766
26.667375,13,863.765175,True,False,False,1.4695918048396877,1.562603114702894
38.46334,32,864.018823,True,False,False,3.9190058479117935,4.0192197928181415
34.790578,27,864.230306,True,False,False,3.257245782221816,3.2675981893817516
45.434148,47,864.587559,True,False,False,5.409318250945643,5.317663626696853
34.353006,40,866.865015,True,False,False,4.602845381486419,3.4798631941564935
29.699543,17,866.990029,True,False,False,2.0406932378205433,2.1425211366690955
33.600565,24,867.17415,True,False,False,2.9778015096540393,2.9535817102189603
44.931809,41,867.478837,True,False,False,5.143187076529491,5.1607415424489504
35.966135,26,867.680679,True,False,False,3.2141106629131695,3.4092247643371403
34.3192,25,867.87147,True,False,False,3.0395472189117756,3.110534233497111
40.975073,37,868.120115,True,False,False,4.587126343134477,4.61234860188941
45.168347,43,868.446443,True,False,False,5.19200081656974,5.279892952452635
46.105325,46,868.797597,True,False,False,5.627600646884211,5.489233450665736
37.37136,35,869.069721,True,False,False,4.282454859395115,3.9242145808724858
51.830423,54,869.479962,True,False,False,6.708753622066966,6.683615914360156
41.492213,39,869.781447,True,False,False,4.717865185892871,4.632026215126199
42.741642,42,870.105934,True,False,False,4.884870661106012,4.878222457466078
47.804325,47,870.473209,True,False,False,5.916036818259482,5.762507813383205
29.068669,27,872.722031,True,False,False,2.8700509308656397,2.3539861646723397
43.635688,44,873.072334,True,False,False,5.336133715338128,5.049868444825956
39.230803,32,873.324425,True,False,False,3.924881051937804,4.149286131903161
32.764267,22,873.501128,True,False,False,2.6426353083680163,2.788704279846849
37.770426,33,873.794441,True,False,False,3.971220644581897,3.8428201269863154
40.083361,36,874.064976,True,False,False,4.375729463548803,4.2608837721779365
34.061875,36,874.317646,True,False,False,4.181745917167103,3.3530738118854773
41.928335,40,874.601447,True,False,False,4.8862025159665325,4.700063122016996
28.491658,15,874.704,True,False,False,1.7861347965933865,1.998524222492293
32.407786,25,874.88463,True,False,False,2.7564833488815927,2.803325177540892
29.946478,18,875.013745,True,False,False,2.1582657949377735,2.282216142387848
39.165326,38,875.268999,True,False,False,4.541151201387657,4.345769156560935
28.898544,16,875.374396,True,False,False,1.9134140172069654,1.9838968584244079
47.076907,46,875.691144,True,False,False,5.651054740354604,5.643102915242263
33.367918,27,876.808331,True,False,False,3.2451296970209955,3.0474289621088992
35.413246,28,876.973967,True,False,False,3.2469654983330036,3.3760740081686915
44.29216,39,878.69765,True,False,False,4.900249993622777,5.0031385808575815
29.584433,17,878.794482,True,False,False,2.0847176937274874,2.232660582957805
44.519076,40,879.10215,True,False,False,5.002787042144697,5.18636860193999
36.074444,27,879.310765,True,False,False,3.336774406836187,3.416801095847312
27.731748,13,879.413124,True,False,False,1.5909902576697312,1.7731838373435032
43.059773,38,879.70357,True,False,False,4.772970773009198,4.862298188514925
32.442477,22,879.876791,True,False,False,2.610093497826811,2.781612844070843
44.300826,43,880.205106,True,False,False,5.264380545916594,5.114755822657514
45.189471,46,880.555947,True,False,False,5.613521654691217,5.441966115647963
29.018798,17,880.684667,True,False,False,1.977303425656872,2.1012057853833297
41.09252,40,880.961926,True,False,False,4.734040714045726,4.6485838064606835
43.749795,39,881.232168,True,False,False,4.90024999362277,4.913864983069004
34.893401,27,881.415133,True,False,False,3.2456378408208426,3.18716677544431
34.085244,24,881.581955,True,False,False,2.9224098280779347,3.0471843860557084
30.967376,19,881.712441,True,False,False,2.2855061601979636,2.422221720394476
42.191048,41,881.99855,True,False,False,5.0740367350112745,4.832426713539864
53.291807,55,884.463304,True,False,False,6.847853885380559,6.919843611103942
35.29124,34,884.737218,True,False,False,3.769734846170876,3.419818375805147
39.222985,46,885.104943,True,False,False,5.491902068635146,4.444325969385604
42.584668,43,885.453695,True,False,False,5.111061998513739,4.995619878158357
43.28637,40,885.774469,True,False,False,4.829108251811668,4.883416670846114
34.173389,25,885.978919,True,False,False,2.9695238761504243,3.1045776809922616
36.70368,31,886.246438,True,False,False,3.822602326410645,3.703663217286116
43.233396,44,886.588171,True,False,False,5.347704204404704,4.936809981437364
34.213075,26,886.809301,True,False,False,3.120237419491355,3.152508005116603
41.708348,37,887.100625,True,False,False,4.475511695987925,4.540904997195723
28.282034,21,887.268855,True,False,False,2.2184082663829985,2.1901275651325642
31.09679,26,887.475115,True,False,False,3.0927983306317386,2.779902074591975
27.374055,14,887.58562,True,False,False,1.6346766204195156,1.7200624259893604
49.133139,48,887.938952,True,False,False,6.045762979144971,6.0640077644448835
29.064508,23,888.129782,True,False,False,2.480107717873142,2.18763368899113
25.457084,16,888.264626,True,False,False,1.9051088593447691,1.6603218761960397
32.277781,24,888.450516,True,False,False,2.933775249095551,2.9586928482441217
43.586694,44,890.70953,True,False,False,5.172531150783402,5.226269492042318
44.080816,44,891.046044,True,False,False,5.398169954372804,5.158543799604347
37.526366,34,891.31601,True,False,False,4.0606479072814805,3.931029979194795
52.974273,57,892.669814,True,False,False,7.1603799049571695,6.826050497031303
27.916915,14,892.778313,True,False,False,1.7182694782833114,1.8227510593249072
42.131304,38,893.066962,True,False,False,4.6558146765914445,4.674392757257043
34.489034,26,893.268516,True,False,False,3.1022915141827383,3.097052587117647
29.151812,17,893.401681,True,False,False,2.0268478392312175,2.06348095195858
38.974771,33,893.670395,True,False,False,3.9563996357968745,4.092439657235248
36.156952,27,893.877288,True,False,False,3.357776826941936,3.597378766310316
38.683038,34,894.139986,True,False,False,4.084354302246481,3.9501141996068734
35.24429,27,894.361092,True,False,False,3.2051972800221384,3.2614867987573284
45.422345,44,894.703462,True,False,False,5.5281492914434525,5.308846682202321
46.205754,49,895.096492,True,False,False,6.002372710385099,5.654699780302184
30.395602,19,895.252189,True,False,False,2.2868721205299516,2.340960013227303
38.557354,31,897.467353,True,False,False,3.805153036659706,3.957582412061754
36.928282,30,897.700686,True,False,False,3.6848623771182942,3.6090273257461227
26.602176,18,897.840819,True,False,False,1.9047939374920586,1.9580454978868935
-17.054519,8,897.899754,False,True,False,0.8837162301524287,1.6495471763726963
25.835072,18,898.033599,True,False,False,1.808483042599772,1.5491548941108988
40.319882,36,898.295918,True,False,False,4.375767194061556,4.370396569112609
35.188216,30,898.520844,True,False,False,3.6938186300682188,3.384661391695524
46.977723,51,898.905537,True,False,False,6.098167512647577,5.740227989690598
37.627781,30,899.146772,True,False,False,3.7442286234584663,3.888325690464896
37.058326,31,899.372592,True,False,False,3.7213700950114674,3.640952797159509
27.227452,16,899.488344,True,False,False,1.6790255917273154,1.7250640778435706
28.745111,16,899.615382,True,False,False,1.8324940399279734,1.9614856574759254
31.548134,21,899.778264,True,False,False,2.557421488269126,2.6210136423096655
47.408832,48,900.13705,True,False,False,5.816751525500687,5.7243705024901566
46.433247,42,900.45264,True,False,False,5.282087655463507,5.445598450255935
43.820428,40,900.751035,True,False,False,5.022983159556324,4.983561432990618
30.533408,19,900.886842,True,False,False,2.233489983444511,2.411821091741884
46.03963,48,903.136699,True,False,False,5.895868466224413,5.469389440991418
37.469338,29,903.356551,True,False,False,3.627457787486991,3.7754653361084918
28.758714,20,903.507613,True,False,False,2.3992983576893887,2.06157276030877
38.641268,40,903.807541,True,False,False,4.66054081022828,4.163277053481433
35.270746,26,903.991838,True,False,False,3.224359570345482,3.421678359602401
36.347255,34,904.243086,True,False,False,4.030522212465421,3.7313099026410397
36.916288,30,904.476028,True,False,False,3.695323105797067,3.759223403157876
58.973652,68,905.010147,True,False,False,8.461206581297738,8.036930361298069
27.748511,15,905.128133,True,False,False,1.7204652439285213,1.8431433380355975
34.329401,27,905.336812,True,False,False,3.280840132105118,3.1473746794846003
40.481723,35,905.592435,True,False,False,4.31016577778826,4.32175325865048
45.788814,49,907.054094,True,False,False,6.05039010670803,5.680563167950417
51.699349,61,907.50291,True,False,False,7.260944162733932,6.837614288343427
26.867379,13,907.607676,True,False,False,1.5909902576697326,1.6518316305377452
38.364893,33,907.861053,True,False,False,4.07470993403986,3.8770218385299033
40.125797,36,909.978767,True,False,False,4.461418029811786,4.198856578176473
32.723897,23,910.160056,True,False,False,2.7512145346808046,2.844612570333944
42.110776,42,910.474466,True,False,False,4.988534334214931,4.712626240121654
44.775079,46,910.832195,True,False,False,5.503843588693441,5.399952394332351
41.224279,35,911.10166,True,False,False,4.382100501801008,4.459847601369566
36.590765,32,911.350023,True,False,False,3.9464639049239247,3.549785116176186
34.403815,27,911.562117,True,False,False,3.1147096538064143,3.1688300636807205
26.385844,12,911.65923,True,False,False,1.4063146263207567,1.526200612544106
41.726297,41,911.967008,True,False,False,4.923281761015337,4.689514911452763
39.292999,44,912.299273,True,False,False,5.003777023003462,4.44515750167628
29.068746,16,912.425547,True,False,False,1.9374769346542862,2.0384052333648044
33.924835,28,912.640435,True,False,False,3.2161914043635975,3.0190316903278456
36.312667,30,912.872087,True,False,False,3.518795933776199,3.5845516147372574
35.173584,29,913.086977,True,False,False,3.4421846840668278,3.2878409532371866
48.768888,50,913.458485,True,False,False,6.280162263041682,5.974965944708536
44.7282,43,913.795818,True,False,False,5.078628764550465,5.238098410823025
37.179676,29,915.89718,True,False,False,3.557727665236706,3.6945597445192524
42.46836,39,916.200033,True,False,False,4.895586824235321,4.733524619708631
43.484034,42,916.506277,True,False,False,5.071391248174855,4.872551046857925
30.022372,20,916.665485,True,False,False,2.329291006731251,2.2412509286688027
32.697087,23,916.848691,True,False,False,2.768743898986141,2.8511810719343713
42.236918,39,917.128365,True,False,False,4.820017181455553,4.733166958062029
47.778243,51,917.501162,True,False,False,6.208411984464087,5.89523371809513
36.108133,28,917.718982,True,False,False,3.3491474318183907,3.431419112839205
50.826115,55,918.120848,True,False,False,6.605006418341358,6.442696569505035
-14.777629,11,918.204687,False,True,False,1.2609052498622466,5.131886921860866
47.198852,48,918.577573,True,False,False,5.875675154835163,5.723767631334659
31.392467,20,918.723199,True,False,False,2.3844921647504527,2.510656086832817
34.543255,26,918.913587,True,False,False,3.1368589552167108,3.104358887627173
49.472763,54,919.323351,True,False,False,6.56320776876159,6.3603485183749315
34.578027,25,919.511829,True,False,False,3.100726874190315,3.144148700280222
39.409058,38,921.757756,True,False,False,4.362549567275797,4.184845216276099
27.339479,21,921.912951,True,False,False,2.234534707798727,1.8283194078498037
29.01956,15,922.024791,True,False,False,1.8455486988968897,2.0220526535205856
37.443535,48,923.23416,True,False,False,5.4788421738595865,4.025616610336309
39.50665,36,923.525496,True,False,False,4.302146339914806,4.263557931649026
37.838983,31,923.761904,True,False,False,3.882016228714147,3.972509855602256
44.675531,47,924.113203,True,False,False,5.64372097043446,5.534982372107417
32.962523,24,924.289913,True,False,False,2.8757943586570325,2.797422265528236
36.887249,30,924.51725,True,False,False,3.617443395191083,3.674302319424747
45.4692,44,924.841574,True,False,False,5.391668917902492,5.2994631627198725
44.07617,43,925.161232,True,False,False,5.047422864212256,5.072381203557745
29.589644,16,925.279393,True,False,False,1.9728279195104665,2.1299075535025636
35.460238,39,925.568763,True,False,False,4.567554199073437,3.763816724469156
40.694569,37,925.84925,True,False,False,4.5264570382541285,4.451065383007873
44.379279,41,926.158481,True,False,False,5.013514688356057,5.114375948140967
35.324262,26,928.375831,True,False,False,3.1435654980273506,3.2647911328417707
31.901236,23,928.55085,True,False,False,2.7149958298762544,2.7734871832635823
35.236662,25,928.741788,True,False,False,3.0958941866598177,3.281330138614831
43.719203,45,929.086014,True,False,False,5.398427575151292,5.211280104042089
43.901053,48,929.462117,True,False,False,5.7711107404233655,5.120514580799261
43.221965,44,929.798987,True,False,False,5.334428240619937,5.109812094369702
38.514585,31,930.040684,True,False,False,3.76175444286154,3.9513816823559664
42.762922,50,930.406957,True,False,False,5.920466915212028,4.932970687077437
41.251885,43,930.73405,True,False,False,5.256176565075195,4.778323866977098
31.59304,21,930.892153,True,False,False,2.534987967165856,2.539186690137806
37.77445,31,931.121944,True,False,False,3.7574978230247464,3.7576388049450187
42.406339,41,931.422354,True,False,False,4.994760750435039,4.729611841803388
43.177503,40,931.732215,True,False,False,4.910270575845401,4.8794054097117945
38.524633,34,931.988144,True,False,False,4.052370306770815,3.9769954084833334
28.418184,14,932.09839,True,False,False,1.7182694782833103,1.8915840897919582
31.389926,22,934.157461,True,False,False,2.590413212903657,2.5543741171392607
44.660037,40,934.443085,True,False,False,5.024311732053953,5.116455074575301
32.098892,20,934.596612,True,False,False,2.481944801964783,2.7182407231381984
29.962388,23,934.767033,True,False,False,2.6332427807259378,2.3618648018734123
30.854322,18,934.897784,True,False,False,2.203233567364315,2.425137597782403
37.127582,30,935.133774,True,False,False,3.690869091785962,3.661158624202059
34.757507,28,935.368955,True,False,False,3.2446260797729205,3.2268118521908202
34.789702,25,935.56537,True,False,False,3.0796853376742366,3.1718982357842074
42.766989,37,935.844558,True,False,False,4.6456915523956175,4.753349012465104
-14.233614,12,935.933818,False,True,False,1.4271605400736627,3.233476737950773
40.539732,35,936.191363,True,False,False,4.282751436505347,4.257572427348806
46.806129,50,937.651752,True,False,False,6.133957980535008,5.633741052911684
34.963023,26,937.838578,True,False,False,3.2016486538822244,3.266243583907674
35.134237,28,938.035278,True,False,False,3.3100518623787707,3.2276723948075396
38.077891,33,938.28087,True,False,False,4.0689589364178635,3.9774679775947335
27.908868,16,938.397311,True,False,False,1.8751998834840307,1.912686785773956
26.626863,19,938.529902,True,False,False,1.9381595160386678,1.6467321796762429
42.109286,37,938.80496,True,False,False,4.552945077134389,4.67058220985388
46.786065,46,941.014498,True,False,False,5.685152171573096,5.653542403002507
42.870887,41,941.327599,True,False,False,4.994676534387483,4.882329905152074
27.111429,12,941.416971,True,False,False,1.461367146094663,1.7015719114202204
41.048198,35,941.686754,True,False,False,4.318413001429523,4.496340534873058
34.498394,32,941.922683,True,False,False,3.7194472649178794,3.4031822610995586
29.620108,16,942.045882,True,False,False,1.966286520470002,2.11095388936897
53.574345,58,942.484822,True,False,False,7.107708390639512,7.039186825948389
46.344878,45,942.824636,True,False,False,5.476453134543682,5.498981526496728
47.558847,47,943.184761,True,False,False,5.779542148644874,5.788662487270946
39.207956,46,943.508275,True,False,False,4.9853623561424705,4.381369357825636
35.243722,26,943.699843,True,False,False,3.186206223342752,3.333382674288162
37.040659,31,943.929228,True,False,False,3.6061929522680702,3.6565289142218864
29.490851,16,944.05049,True,False,False,1.9728279195104683,2.1423777794632604
34.694113,25,944.240705,True,False,False,3.040861906647746,3.1258900191842116
34.954506,26,944.42811,True,False,False,3.157379806551382,3.190297151330449
28.612079,20,944.581481,True,False,False,2.411131351556885,2.06320785139233
38.384384,30,946.62693,True,False,False,3.7478678387449795,3.877112152514391
38.346939,41,946.9548,True,False,False,4.608307538102787,4.284342857490849
36.818635,31,947.18994,True,False,False,3.642383052562856,3.626229217942824
30.297184,18,947.318442,True,False,False,2.162188601624983,2.26021445721928
30.732715,25,947.509007,True,False,False,2.8258806411892516,2.4140050656370846
34.470468,24,947.686933,True,False,False,2.991061684419097,3.0944010870773857
44.456861,41,947.986037,True,False,False,5.087338619117679,5.149816012457597
29.214154,16,948.099682,True,False,False,1.972827919510468,2.2201472414127434
30.828766,18,948.231614,True,False,False,2.2054442210063447,2.3522164631546434
47.112593,51,948.606925,True,False,False,6.200401890606289,5.779879586165566
50.193562,55,948.992884,True,False,False,6.795879667949691,6.324646608936907
28.127974,15,949.103616,True,False,False,1.747472764675953,1.8274910954242944
47.271701,45,949.428451,True,False,False,5.657966032737934,5.631439031414021
31.988712,21,949.58556,True,False,False,2.549810120274858,2.603337827470009
33.862632,33,949.840041,True,False,False,3.4846436968508265,3.1903767436697064
45.368985,43,950.165346,True,False,False,5.333070509021697,5.307780036411566
30.513827,18,952.137037,True,False,False,2.158439647085742,2.358092783809583
44.619779,45,953.345793,True,False,False,5.2904040851376966,5.25253247941083
37.641574,32,953.576229,True,False,False,3.8827535093116676,3.731238765957984
32.924777,25,953.765907,True,False,False,3.012708388914023,2.978815582309399
30.893501,21,953.924357,True,False,False,2.499098521063601,2.5327265091396445
36.574128,29,954.149779,True,False,False,3.5171901114050548,3.513227523206459
30.364554,22,954.308731,True,False,False,2.587764633779759,2.385955657631714
46.335991,44,954.643554,True,False,False,5.5166243976693226,5.51818021383769
40.032794,38,954.924539,True,False,False,4.627549834603692,4.34224956152732
31.17015,21,955.079936,True,False,False,2.50703368507953,2.560738363702751
33.106782,30,955.299171,True,False,False,3.48277018705945,2.979022658927044
49.673272,50,955.679265,True,False,False,6.23510700102316,6.167283965864125
48.505733,49,956.042266,True,False,False,6.072482180018588,5.944414351160661
32.854145,27,956.245623,True,False,False,3.253029341162171,2.8583578768210876
34.585222,27,956.460541,True,False,False,3.2651436680611012,3.363959617884061
34.875203,36,956.752692,True,False,False,4.034224636791732,3.543634683281788
50.786073,56,959.162691,True,False,False,6.9437235529595585,6.464149755398718
39.123837,39,959.455186,True,False,False,4.656277526246017,4.300889975160781
38.490558,33,959.704838,True,False,False,3.989529062857297,3.9736478835326885
35.667887,32,959.945583,True,False,False,3.7382345328452717,3.4704193008338935
31.692931,21,960.112135,True,False,False,2.4714273446429145,2.606584506201843
27.589063,16,960.239971,True,False,False,1.8114568526973052,1.7552880326971814
37.837861,32,960.488086,True,False,False,3.897580945620497,3.814206893361915
30.792487,20,960.64218,True,False,False,2.3133016242611424,2.3911479293068663
33.150867,25,960.832407,True,False,False,3.0021823415457036,3.0022576967499184
42.015348,41,961.143404,True,False,False,4.945910271390644,4.6699050470176555
39.605314,34,961.399368,True,False,False,4.088325323754191,4.161428836876953
35.924634,27,961.599674,True,False,False,3.287926479683765,3.4434966923691266
26.861485,13,961.69739,True,False,False,1.43573220873411,1.6803487313194088
38.780175,34,961.960183,True,False,False,4.107792462263867,4.174315779169738
29.490624,16,962.086226,True,False,False,1.947776306489032,2.1858351149423036
37.888443,29,962.300508,True,False,False,3.6274577874869913,3.797771734582256
35.397768,32,962.535008,True,False,False,3.641320773954531,3.5231385587659867
27.422352,13,962.631138,True,False,False,1.5788136172266698,1.762499870232252
29.984581,25,964.815969,True,False,False,2.761303006775979,2.424426817820055
33.955444,26,965.008038,True,False,False,3.037334318212215,3.113665691434793
34.774155,56,965.422591,True,False,False,6.068501223941326,4.065408358218129
45.118562,41,965.736854,True,False,False,5.154808434849936,5.215017364563259
50.004155,57,966.185212,True,False,False,6.7271256972355875,6.351210832508078
30.275334,23,966.356807,True,False,False,2.49830664874431,2.3409787892106544
33.687147,24,966.537463,True,False,False,2.882667254958423,3.013394850146322
58.281031,66,968.086567,True,False,False,8.20035839815922,7.892067989919603
47.769361,47,968.431661,True,False,False,5.832945002495384,5.74849757792732
36.956762,29,968.64538,True,False,False,3.5268240053756066,3.578624704078832
45.314271,45,968.980775,True,False,False,5.387316347530784,5.350612916610372
35.694293,26,969.193328,True,False,False,3.245620125646255,3.4019535961670644
36.286571,29,969.414052,True,False,False,3.534669633755701,3.505200349727983
28.53103,15,969.526769,True,False,False,1.8310949657814526,2.0159425721217774
34.104875,27,971.704438,True,False,False,3.175805719370935,3.122976465667473
43.474048,48,972.062195,True,False,False,5.918743042654688,5.092358089580594
35.661397,31,972.303068,True,False,False,3.7975552778355914,3.4339414566071924
43.978944,51,972.695832,True,False,False,5.884676363062281,5.1887151582653965
28.512916,16,972.817012,True,False,False,1.8759058770100552,1.9438119761835015
44.499043,46,973.16616,True,False,False,5.668109161816834,5.177527991525376
32.481977,22,973.329899,True,False,False,2.622444609965922,2.771837162965063
40.583711,37,973.604848,True,False,False,4.63033068012221,4.369798665519581
33.508044,31,973.846182,True,False,False,3.2129551488705683,3.035308169179983
30.334055,22,974.02721,True,False,False,2.4804052488470414,2.344196761060305
28.287064,16,974.155938,True,False,False,1.8384505251225982,1.9211186800838083
27.480859,16,974.289889,True,False,False,1.6867187169616926,1.796813080979397
43.347221,43,974.618376,True,False,False,5.147924209547637,5.00331049441231
33.840809,33,974.867941,True,False,False,3.907140505321341,3.2682445786114616
46.847639,48,975.223108,True,False,False,5.888325351176587,5.681322183349889
42.324493,36,977.336734,True,False,False,4.497221654000822,4.630320036694384
47.658697,47,977.692399,True,False,False,5.752971813817969,5.74598682020078
35.866951,29,977.914377,True,False,False,3.627082905457451,3.4468653404046203
39.547526,35,978.183162,True,False,False,4.3249595185416405,4.1766971032636055
46.646151,48,978.540189,True,False,False,5.849633293347974,5.560638158023228
45.042334,45,978.87672,True,False,False,5.327780008306085,5.2127919023169405
36.901879,29,979.09211,True,False,False,3.540184054062457,3.647349867045559
39.381302,33,979.342481,True,False,False,4.077160767637802,4.0658656455392554
35.487197,33,979.57972,True,False,False,3.944737930488249,3.4002809724106617
42.032527,41,979.862988,True,False,False,4.844511932858265,4.719763462785755
32.969501,25,980.042256,True,False,False,3.1092040394530884,2.945294244344474
39.524833,34,980.281904,True,False,False,4.186104659274563,4.178265276350136
46.283065,46,980.628649,True,False,False,5.59830196613925,5.505663337540727
35.294555,27,980.831282,True,False,False,3.2560407613999125,3.3374137332397957
48.219146,49,983.949157,True,False,False,6.0460850066244145,5.9277198722297655
27.819606,14,984.061542,True,False,False,1.6588555759798067,1.85883833441604
31.658854,23,984.230567,True,False,False,2.562694695445242,2.602812517195889
31.185725,23,984.400163,True,False,False,2.7296010893496554,2.585909897862036
29.51732,17,984.525735,True,False,False,2.040693237820544,2.1661490601798308
39.402887,38,984.814889,True,False,False,4.568076892962482,4.230523179384209
29.980688,26,985.004057,True,False,False,3.0898825051940855,2.3599757633919807
39.288588,33,985.247097,True,False,False,4.077160767637802,4.172622050683123
36.1469,29,985.463777,True,False,False,3.572640323576277,3.505166702234492
35.057829,29,985.682952,True,False,False,3.439082696912635,3.363093291523185
55.149392,66,986.189607,True,False,False,8.086336333673875,7.343713119518693
41.335433,39,986.485959,True,False,False,4.831597160737893,4.693948419319642
44.330203,43,986.839844,True,False,False,5.196931848736709,5.134497874715176
32.046572,23,987.024568,True,False,False,2.6459656436689425,2.644689522450455
28.356993,16,987.148906,True,False,False,1.8883669686319113,1.934611910489703
32.703602,23,987.322261,True,False,False,2.7385187442654595,2.795398053661541
40.448776,36,987.605266,True,False,False,4.344754919048563,4.405075237059403
35.635708,30,989.818482,True,False,False,3.5370794319379866,3.3555600617146486
37.386167,31,990.046835,True,False,False,3.6963199339441664,3.7547957717732428
47.884788,54,990.455049,True,False,False,6.627776926871048,5.886922651866332
39.185901,40,990.768105,True,False,False,4.690801672314047,4.151142006774212
35.422977,26,990.968263,True,False,False,3.2456201256462545,3.3582634219535623
35.795201,27,991.172184,True,False,False,3.2618810962695015,3.3852471972725917
40.781367,35,991.444983,True,False,False,4.39113311116846,4.51442863046916
30.997459,19,991.592613,True,False,False,2.2699685089638946,2.4027915067656904
41.860811,43,991.922838,True,False,False,4.975304668547342,4.840202459188122
31.905529,23,992.108655,True,False,False,2.692320314778167,2.65491682916862
30.680151,34,992.367312,True,False,False,3.595577933352312,2.54583364187312
28.862069,17,992.493882,True,False,False,1.949620080857533,2.0428411862754494
40.040055,35,992.754157,True,False,False,4.143638375937443,4.246208992000875
32.584444,24,992.928727,True,False,False,2.8082952612343117,2.711964599715179
31.577554,22,993.090174,True,False,False,2.5481020768968263,2.642797578084454
31.327402,19,993.234042,True,False,False,2.354665581351204,2.5218603421135626
34.327657,35,993.493045,True,False,False,3.833150543738897,3.4783680427462365
27.358814,13,993.591158,True,False,False,1.5345821014511762,1.7785932317307356
34.817962,28,995.65117,True,False,False,3.475289930526003,3.387925932075399
36.57292,29,995.871403,True,False,False,3.6274577874869913,3.570572143181875
39.32977,33,996.118702,True,False,False,4.0659835087690475,4.11794527081968
28.379589,15,996.234808,True,False,False,1.7840923517828255,1.907601729093523
51.427227,55,996.63937,True,False,False,6.843549709779922,6.5375345784209635
34.452086,28,996.859412,True,False,False,3.363841659182402,3.1451732590964494
36.014939,31,998.062328,True,False,False,3.6929121947633488,3.47360798494339
30.572011,18,998.19596,True,False,False,2.227386360737626,2.2995091222734496
26.048884,14,998.299247,True,False,False,1.379282135548997,1.5327022976659912
49.366691,53,998.683766,True,False,False,6.557549080045117,6.112621670621114
45.460967,44,998.99698,True,False,False,5.397438069785309,5.47652962766082
28.682582,21,999.167984,True,False,False,2.1649092976992934,2.0991930925990574
47.897234,48,999.520796,True,False,False,6.039265960236158,5.757854314581884
34.844009,26,999.722476,True,False,False,3.2456201256462545,3.234577661665265
38.704404,31,999.958759,True,False,False,3.857928161368853,3.974705433728213
35.526793,35,1000.225678,True,False,False,4.106406843852731,3.6482284093651836
44.94242,44,1002.47884,True,False,False,5.442531800629624,5.470991851354545
26.656911,12,1002.570143,True,False,False,1.4637110370561532,1.5914112372635976
44.771466,45,1002.918702,True,False,False,5.480363789800483,5.32434617009337
47.682064,53,1003.321325,True,False,False,6.394166517366515,5.8934118015072725
46.40789,52,1003.71574,True,False,False,6.40234197026819,5.630053778690145
33.794802,26,1003.920212,True,False,False,3.139970357312039,3.024450166552066
26.499657,17,1004.048562,True,False,False,1.7645922173313437,1.6649373861330488
47.434304,46,1004.405919,True,False,False,5.791204537917819,5.743727226877247
34.459437,25,1004.594332,True,False,False,3.0483033970628575,3.177676347301341
47.918738,48,1004.980131,True,False,False,5.810602321098537,5.803388312935466
38.004123,31,1005.223255,True,False,False,3.862781754845014,3.8587741413128205
39.393834,37,1005.5154,True,False,False,4.330533371478215,4.2282618020704295
38.17708,35,1005.781907,True,False,False,3.9859992296695688,3.991283116953581
54.701341,60,1008.173934,True,False,False,7.4660489941812385,7.179447023080563
34.009317,25,1008.352756,True,False,False,2.9687655703946314,3.0792891728785734
36.88872,28,1008.567757,True,False,False,3.4619450986297857,3.6476121302031403
46.744657,46,1008.909767,True,False,False,5.707000382180826,5.593678988006028
39.098359,40,1009.20742,True,False,False,4.827292769002352,4.293453886333591
37.331842,33,1009.453089,True,False,False,3.8806215564808886,3.7094546186438673
39.385587,33,1009.710481,True,False,False,4.046044879748331,4.08747226712984
38.110293,32,1009.938361,True,False,False,4.004049261594476,3.8440023644164634
36.514533,31,1010.172121,True,False,False,3.661647045744024,3.5610138750036335
31.354006,31,1010.405929,True,False,False,3.4687023063897904,2.9406405895845475
34.268343,26,1010.607035,True,False,False,3.1199700189125195,3.161063397875387
43.683324,46,1010.960973,True,False,False,5.701619631377115,5.182134093733294
50.698993,53,1012.261479,True,False,False,6.453442010185521,6.354436053822452
41.154604,37,1012.531573,True,False,False,4.486638615477588,4.562420543909923
39.224506,37,1012.807946,True,False,False,4.383538775638483,4.3381262971216525
37.307348,32,1014.962049,True,False,False,3.7126831898223767,3.7443527410204407
27.824944,20,1015.109984,True,False,False,2.4416076706615817,1.9965395848939989
33.813254,25,1015.296417,True,False,False,3.009027200934895,3.0278380888871417
36.756466,31,1015.52694,True,False,False,3.7077460837734986,3.669663954974919
31.030573,21,1015.685593,True,False,False,2.6092240225783625,2.561970219898624
43.101272,40,1015.991155,True,False,False,4.912874762661232,4.9066818439765605
37.621725,33,1016.244459,True,False,False,4.004709001621243,3.748871392869872
39.992175,37,1016.524095,True,False,False,4.3810054112354155,4.257561177745698
26.780756,27,1016.746194,True,False,False,2.567101596804809,1.8464023702269035
30.098756,17,1016.880459,True,False,False,2.100107140124047,2.243036699830979
28.896426,19,1017.031746,True,False,False,2.170578174997851,2.0423102439541383
32.003394,22,1017.197902,True,False,False,2.6086565462429547,2.6443032688830668
28.94417,18,1017.333274,True,False,False,2.1259060050646883,2.0544570411914984
27.499367,21,1017.494292,True,False,False,2.2583624609489985,1.8484224875168112
31.454129,23,1017.668655,True,False,False,2.6170658147081847,2.6022037343882096
36.335916,29,1017.889084,True,False,False,3.5680438851834873,3.543601889673229
34.349748,27,1018.092225,True,False,False,3.135446383799682,3.1419614037350296
30.933138,24,1018.273714,True,False,False,2.9384767252028645,2.4932281165729084
34.282507,26,1018.468368,True,False,False,3.1993515031669335,3.0889780627131285
44.659412,46,1020.799714,True,False,False,5.747836904977889,5.331594961459604
37.741204,30,1021.028813,True,False,False,3.6862016828557223,3.7685589568307676
54.852029,61,1021.493227,True,False,False,7.543568930169909,7.281362021895507
34.217844,26,1021.696451,True,False,False,3.067714743023826,3.0609158845475237
31.395555,23,1021.8751,True,False,False,2.608296405582623,2.4930925275758886
53.13979,56,1022.312137,True,False,False,6.9289057344986364,6.906017273181087
47.258077,53,1022.723889,True,False,False,6.215032048341228,5.9104017372433315
40.185472,34,1022.982721,True,False,False,4.263853890554882,4.275388697714663
33.333435,27,1023.187031,True,False,False,3.149220538598347,3.224780261178964
54.74327,61,1023.645732,True,False,False,7.499672424565664,7.298747014347974
36.117851,28,1023.859687,True,False,False,3.4243437636216,3.5039215735492477
37.749844,35,1024.126624,True,False,False,4.172831372958764,3.958659083020171
27.839381,15,1024.240359,True,False,False,1.727318010438281,1.810081692630989
45.428097,42,1024.552325,True,False,False,5.258802671953272,5.329270158503543
47.938457,49,1027.017359,True,False,False,6.096657421940197,5.930700981212303
48.707376,47,1027.381804,True,False,False,5.859069856227895,5.963910472985555
30.541265,20,1027.53647,True,False,False,2.301610830143253,2.3484226411287574
36.848462,35,1028.627604,True,False,False,4.188284485505731,3.7356526303697466
32.563724,22,1028.794654,True,False,False,2.6520460526678935,2.8041156544918375
36.835686,29,1029.023659,True,False,False,3.5491224872555955,3.6280671050240527
-13.84346,13,1029.122855,False,True,False,1.5030779008097224,3.7551415540632185
47.740763,51,1029.50595,True,False,False,6.030364902122484,5.84596096336949
32.986456,26,1029.701812,True,False,False,3.055520008826879,3.00844226609854
41.442212,40,1029.996414,True,False,False,4.722686995149623,4.605969117944995
47.019702,52,1030.400473,True,False,False,6.233023287906375,5.758624861340954
47.240933,44,1030.735473,True,False,False,5.525754559460687,5.585238791693411
47.928748,46,1031.084063,True,False,False,5.682451363390188,5.8376282457086335
45.757134,52,1033.356626,True,False,False,6.2196020143991095,5.683442050232781
51.253988,55,1033.763959,True,False,False,6.936717523440022,6.514291069456469
33.87564,28,1033.973099,True,False,False,3.0001903011881734,3.0770517679995133
32.758698,24,1034.152995,True,False,False,2.9297381018920508,2.815884373281886
43.34251,41,1034.442794,True,False,False,5.10074301664572,5.006972692454468
47.739774,45,1034.764596,True,False,False,5.663925317304242,5.745208313256439
40.344758,37,1035.04704,True,False,False,4.503246198474088,4.315504494254977
32.475606,23,1035.219195,True,False,False,2.6927592086121006,2.758735224390673
30.793889,22,1035.386081,True,False,False,2.5247467690787753,2.5061208029438196
45.905604,43,1035.714571,True,False,False,5.392230149266782,5.384258259453056
32.980135,32,1035.956276,True,False,False,3.635295522741885,3.0683921525911084
37.917183,35,1036.223347,True,False,False,4.247367689256523,4.0018223474857155
32.502066,24,1036.408932,True,False,False,2.9840701961358875,2.940744004065772
44.731764,43,1036.74248,True,False,False,5.409366876077084,5.2290615109001655
26.029998,15,1036.858268,True,False,False,1.4916166569943627,1.5115695496537225
44.976747,44,1039.005351,True,False,False,5.25428940762674,5.280543469079269
41.632639,35,1039.259986,True,False,False,4.3638790957707885,4.553569927948928
40.602314,36,1039.531876,True,False,False,4.379222004175505,4.35509368861649
36.212675,33,1039.775694,True,False,False,3.859780228282144,3.614977448133667
30.165726,19,1039.914988,True,False,False,2.3546655813512047,2.2994330337999136
44.660968,41,1040.220116,True,False,False,5.0874196126936475,5.096990711606026
31.50323,23,1040.392003,True,False,False,2.794143797387404,2.5884441495964277
32.327568,37,1040.674342,True,False,False,3.6711861137933024,2.9093575185842435
32.008047,20,1040.828734,True,False,False,2.458962705236318,2.6718546574195057
-19.370685,15,1040.939726,False,True,False,1.0643445874777702,4.611378775057247
46.411881,46,1041.284436,True,False,False,5.562228365453889,5.553144739047292
37.003329,33,1041.534628,True,False,False,3.784167336366544,3.7243003459314354
46.658102,46,1042.774145,True,False,False,5.610683651428089,5.576705716022034
44.757825,42,1043.092242,True,False,False,5.19762670458496,5.190624808306818
43.801005,41,1043.407578,True,False,False,5.143728836434893,4.9969370340877095
34.940064,26,1043.613961,True,False,False,3.186206223342751,3.23281152993961
48.19473,57,1046.053667,True,False,False,6.884096077423523,6.201254297128768
28.515311,16,1046.171929,True,False,False,1.9411396727846453,1.900047028156489
31.917316,26,1046.367033,True,False,False,2.9997172581533165,2.8659103783461783
49.636929,50,1046.771192,True,False,False,6.1474208794577905,6.243882005260245
26.717241,15,1046.887639,True,False,False,1.6127744604701486,1.600127119140673
48.20512,50,1047.269569,True,False,False,5.982643276010892,5.8158125597166705
34.96557,30,1047.495328,True,False,False,3.6216162985106486,3.2797661025733427
29.352724,19,1047.637375,True,False,False,2.1111305831124416,2.1399348762033705
43.760297,38,1047.923809,True,False,False,4.768996859033573,4.915532818589833
49.398298,51,1048.3204,True,False,False,6.213384507660462,6.1618585554128025
28.775301,15,1048.435251,True,False,False,1.8455486988968892,1.932700658363299
29.320656,21,1048.592857,True,False,False,2.325012530632441,2.1425602647338473
48.873838,49,1048.954414,True,False,False,6.173042199758546,5.974514483281178
33.905102,23,1049.130646,True,False,False,2.8377473454074305,3.0411742639595643
43.567713,56,1049.571782,True,False,False,6.579475994463873,5.201680834930889
36.813629,29,1051.696936,True,False,False,3.568043885183486,3.583835153922709
37.280239,32,1051.931324,True,False,False,3.8769683820957996,3.7473167195124546
28.358183,16,1052.051625,True,False,False,1.8726652086127924,1.975018164335909
38.700309,33,1052.308641,True,False,False,4.040911821316349,4.023608109810317
35.853658,28,1052.51908,True,False,False,3.3843565083513516,3.4354047374158503
-2.525519,37,1052.803341,False,True,False,4.443890567259125,5.37295917585578
30.448338,19,1052.952469,True,False,False,2.221735025504983,2.2889116122764506
34.677577,27,1053.158643,True,False,False,3.1761460429440267,3.245932056298601
32.096453,21,1053.313791,True,False,False,2.5302736550621794,2.5813540227542098
53.406518,58,1053.756451,True,False,False,7.218425357286628,6.8971039319385365
37.376717,29,1053.965082,True,False,False,3.612013801948036,3.670257098682225
36.240222,29,1054.179067,True,False,False,3.347079504484288,3.5022661002836752
47.356172,46,1054.518673,True,False,False,5.766157489342768,5.699749749223762
39.586022,34,1054.775072,True,False,False,4.16639617062905,4.213223412717909
41.856959,40,1055.083025,True,False,False,4.760705040732224,4.816933018969889
30.09185,18,1055.218181,True,False,False,2.1333919688732665,2.209477911406139
47.865932,48,1057.459299,True,False,False,5.9299409206229114,5.749059372770092
31.641003,22,1057.62075,True,False,False,2.6166134426716985,2.642510379466239
50.297713,51,1058.779675,True,False,False,6.4129738817001165,6.244176051010084
39.42109,32,1059.013666,True,False,False,4.009295449327727,4.065146571556977
35.858998,30,1059.249807,True,False,False,3.4734684240290568,3.486197868881417
42.713668,43,1059.567657,True,False,False,5.1334697360474175,4.838197423897736
46.420631,48,1059.915481,True,False,False,5.815729790518374,5.574151722228968
34.104869,24,1060.087688,True,False,False,2.9910616844190967,3.000366642234835
47.371119,49,1060.462566,True,False,False,6.05084907869477,5.829916133358753
37.224286,29,1060.68397,True,False,False,3.5979581333280515,3.721097360081483
34.612175,27,1060.885882,True,False,False,3.1710195536170716,3.1579066508718756
33.12425,24,1061.062436,True,False,False,2.748958164923451,2.914397131975947
-15.465091,11,1061.145869,False,True,False,1.1452975538677577,2.442191625745471
40.949441,37,1061.423557,True,False,False,4.481710167694047,4.417273506541412
40.78249,48,1061.803744,True,False,False,5.554433788362459,4.8777989124733
42.906341,42,1063.930244,True,False,False,5.2635109532528865,4.873241598964568
38.553831,32,1064.177039,True,False,False,3.903150408970394,3.966887768521571
35.540665,27,1064.389715,True,False,False,3.281077585572084,3.372684792227865
31.575362,28,1064.603599,True,False,False,3.260851454691043,2.6612402344030155
28.288056,18,1064.740963,True,False,False,2.0748119070748485,1.9209965766137884
35.237012,27,1064.946868,True,False,False,3.2110115466114517,3.302572921749323
41.229117,46,1065.296759,True,False,False,5.233367986644083,4.775232733633977
32.318323,28,1065.523259,True,False,False,3.1543858544385595,2.7802163958586426
46.109044,53,1066.009804,True,False,False,6.466661921894531,5.58413858450882
35.499565,28,1066.242104,True,False,False,3.4079400511820053,3.3776779304263305
26.860816,16,1066.351195,True,False,False,1.8540001149034628,1.6875489097387315
26.789723,20,1066.486412,True,False,False,2.3009762534221503,1.7394176486770483
30.034521,21,1066.62684,True,False,False,2.3689479979075188,2.3268919649656796
31.105755,20,1066.773104,True,False,False,2.464159339400934,2.4086096020780787
30.113126,17,1066.871763,True,False,False,2.1001071401240456,2.2868458067086386
40.477759,38,1067.111767,True,False,False,4.629789336335035,4.53973760291607
30.119922,18,1067.214623,True,False,False,2.1130407081823432,2.233858663618396
38.194189,30,1067.398962,True,False,False,3.75473700810057,3.815944925271505
39.444763,50,1069.59845,True,False,False,5.589251376852487,4.452541290954006
35.887991,34,1069.77858,True,False,False,3.966266522934851,3.6359128306923063
34.974567,29,1069.994146,True,False,False,3.3634053408416955,3.255901832511169
48.03841,51,1070.391071,True,False,False,6.347146728219713,5.909893326422418
44.434356,42,1070.725557,True,False,False,5.20455826140856,5.146676159385932
45.582059,44,1071.02115,True,False,False,5.377500065954611,5.280395756970422
57.462491,62,1072.389603,True,False,False,7.827672067735062,7.739264284639068
-1.265463,38,1072.65228,False,True,False,4.57178661631353,5.243079419668889
42.658056,42,1072.927368,True,False,False,4.8809116186482555,4.733585142761569
34.358193,27,1073.103347,True,False,False,3.161042169905772,3.1942620880605137
29.442877,21,1073.245013,True,False,False,2.3777710117382984,2.435575614689732
44.676061,44,1073.559284,True,False,False,5.4419092130932265,5.221970696551053
38.86449,39,1073.881335,True,False,False,4.526060076965017,4.153032733379055
36.295292,32,1075.92452,True,False,False,3.8727346546836645,3.5664305702806915
37.330032,32,1076.143104,True,False,False,3.8179148550430533,3.692883330398576
29.879714,17,1076.26002,True,False,False,2.068662607439644,2.2309410703706654
43.43314,43,1076.587085,True,False,False,5.208757919339559,4.9973576473005465
44.618616,44,1076.897117,True,False,False,5.317638891494331,5.167204709345809
30.628061,19,1077.037915,True,False,False,2.2945944060692582,2.4213256265263996
38.281474,33,1077.286664,True,False,False,3.9109314143822105,3.9469578756856123
30.407804,21,1077.43989,True,False,False,2.586142411449641,2.407481581777898
35.925373,27,1077.642305,True,False,False,3.31348544395633,3.394851041720152
48.430393,58,1078.041027,True,False,False,6.843444119500328,6.235803379525684
28.458684,31,1078.263072,True,False,False,3.529156742861614,2.1423178172504533
28.327138,15,1078.367884,True,False,False,1.845548698896889,1.8724617585809593
41.63058,38,1078.644734,True,False,False,4.74819533616031,4.675874696120049
50.881102,52,1079.012493,True,False,False,6.488118174775576,6.496489387791553
29.076867,22,1079.187999,True,False,False,2.6250669778845945,2.1458953246876176
38.188181,32,1081.281197,True,False,False,4.009295449327726,3.989024598477431
-16.625927,9,1081.34057,False,True,False,0.984587798823577,2.0414100983245533
28.161811,29,1081.564478,True,False,False,3.0179914738539693,2.009237056346285
40.660316,34,1081.822273,True,False,False,4.263853890554882,4.36036272563239
42.078674,38,1082.096814,True,False,False,4.758177190450708,4.625942028063775
32.525585,24,1082.28034,True,False,False,2.739769448118873,2.750229216313899
31.727632,24,1082.464126,True,False,False,2.73139335910079,2.643054954839726
36.892467,30,1082.6798,True,False,False,3.75473700810057,3.626557413769501
30.729371,19,1082.814013,True,False,False,2.354665581351203,2.3567946459870046
52.793679,62,1083.271118,True,False,False,7.5795116206232604,6.947579735886525
-14.853311,14,1083.378357,False,True,False,1.3353978693158866,5.274728109826945
42.139592,46,1083.722039,True,False,False,5.538287790276887,4.79302979554498
40.834142,36,1083.991281,True,False,False,4.448736631578049,4.452563210534187
29.241485,21,1084.152519,True,False,False,2.551558710403886,2.164162810555623
46.44673,45,1084.493315,True,False,False,5.52883775945702,5.577510565134599
34.611806,33,1084.742124,True,False,False,3.952066178512735,3.501402007920599
30.582412,20,1084.89268,True,False,False,2.4225308996612793,2.412164731640924
28.782734,17,1085.019946,True,False,False,1.9259589072903667,2.020428984818604
32.194572,22,1087.954782,True,False,False,2.6564224129304352,2.753679793526378
35.292425,27,1088.152789,True,False,False,3.2889239564215313,3.3291662738592023
40.489886,37,1088.410848,True,False,False,4.377386405524039,4.370908287792625
42.612332,41,1088.711967,True,False,False,5.038160135099915,4.780546329823521
49.892614,50,1089.08823,True,False,False,6.262144394152205,6.204443085351422
33.740664,33,1089.340948,True,False,False,3.6620739036179804,3.2365328026071927
40.628901,34,1089.604973,True,False,False,4.263853890554883,4.364068192651172
26.951947,15,1089.720421,True,False,False,1.595938405254463,1.6513371189233683
34.018989,23,1089.89289,True,False,False,2.863782463805519,3.069351887365497
37.659335,35,1090.157231,True,False,False,3.9285547833654255,3.7906673177104193
31.322903,20,1090.310328,True,False,False,2.4614435399952046,2.495970760669113
40.086566,37,1090.600682,True,False,False,4.466784598546751,4.2563629689406515
33.536557,26,1090.803158,True,False,False,3.0020299118871003,2.984133310470505
36.085047,31,1091.04855,True,False,False,3.820149213050152,3.518382093605323
37.319182,31,1091.291735,True,False,False,3.8343652623936975,3.6443497938202016
43.036834,39,1091.593049,True,False,False,4.9002499936227695,4.863828356499786
38.479001,31,1093.825199,True,False,False,3.8024635169784173,3.9058318997032617
33.778311,23,1094.004275,True,False,False,2.8552826244879,2.988034085534543
29.934388,22,1094.169261,True,False,False,2.480687431411411,2.2486161921667045
40.312029,36,1094.436368,True,False,False,4.4519417638729,4.400068295210798
39.455009,34,1094.694887,True,False,False,4.058226315871442,4.169261049929119
50.157139,54,1095.09505,True,False,False,6.649676313750933,6.34455669781882
46.561033,49,1095.472898,True,False,False,6.071992394451665,5.7252497730131315
38.856905,32,1095.729339,True,False,False,3.9333627249655807,4.017765627652049
42.616138,42,1096.046046,True,False,False,5.18868664597236,4.841706014670362
42.479065,40,1096.349071,True,False,False,4.906990471807799,4.795189138048518
29.286202,16,1096.473135,True,False,False,1.940953812463557,2.0885827065645923
34.000775,26,1096.681751,True,False,False,3.176940570784385,3.018100455247146
27.665989,14,1096.799951,True,False,False,1.662415152732112,1.7160578490519842
49.642549,60,1097.25259,True,False,False,7.439493501504112,6.417136623195481
38.710005,34,1097.5039,True,False,False,4.024792526356224,3.9948992029738983
30.500707,23,1099.713065,True,False,False,2.606625609242055,2.4025496944745512
36.234208,31,1099.945315,True,False,False,3.5013428265038633,3.567552150036331
33.936086,27,1100.143478,True,False,False,3.2524500120387745,3.067275856698337
29.823996,17,1100.270546,True,False,False,2.0406932378205433,2.2488894644243906
42.706133,40,1100.573855,True,False,False,4.766097523700395,4.7478542843685485
39.811441,41,1101.152879,True,False,False,4.661237225865158,4.2621059411186915
31.972308,22,1101.419292,True,False,False,2.649990422242319,2.7028611857175724
33.879,29,1101.648173,True,False,False,3.438009625816638,3.0796182559968246
30.690418,25,1102.725063,True,False,False,2.984442847982729,2.3791783787728336
41.162103,36,1102.987678,True,False,False,4.372721471722524,4.409190112052994
39.437543,32,1103.222736,True,False,False,3.9528872931091703,4.06208617618214
38.527529,36,1103.49637,True,False,False,4.254433623794579,4.044247633452215
41.396249,36,1103.776485,True,False,False,4.433066006702483,4.489860472470033
-18.962,7,1103.833143,False,True,False,0.620463922409175,1.889615136745847
-12.575013,17,1103.958798,False,True,False,1.759153334722957,6.554137708515335
33.395548,25,1104.147135,True,False,False,2.9961351906116978,2.930088154543759
39.76574,33,1104.39544,True,False,False,4.075334477910388,4.205799778927287
40.484692,41,1104.699419,True,False,False,4.865218168854996,4.534843025663429
27.380882,14,1106.52569,True,False,False,1.6294842031251773,1.7710782994503447
32.136428,21,1106.691642,True,False,False,2.5498101202748584,2.6640526594487866
41.370766,40,1106.962065,True,False,False,4.713553746578601,4.5746771204315095
29.927399,19,1107.104545,True,False,False,2.3546655813512043,2.291337239559754
44.751852,43,1107.384737,True,False,False,5.277035201942988,5.170971522539854
38.416382,31,1107.580255,True,False,False,3.806119272209981,3.969788061774007
39.655394,33,1107.808308,True,False,False,4.027012586891471,4.199392288143605
37.263344,31,1108.049579,True,False,False,3.782926645433945,3.6715829392862838
44.799999,44,1108.36438,True,False,False,5.301566052300987,5.193214256158806
29.328979,18,1108.498577,True,False,False,2.1604239849990976,2.1037154126600623
40.217008,37,1108.75385,True,False,False,4.494832645216472,4.309133801540848
44.765622,46,1109.097324,True,False,False,5.589502152961425,5.282206003448287
36.138642,32,1109.29665,True,False,False,3.9172485595810844,3.599975822279806
26.172405,12,1109.372736,True,False,False,1.40429713475265,1.5017031575710669
34.094054,24,1109.518635,True,False,False,2.991061684419097,3.137245604570294
29.48347,27,1109.705729,True,False,False,2.9379812780378507,2.245463609281782
40.975408,40,1109.996871,True,False,False,4.944403904939803,4.5365226648240595
43.586119,43,1112.06597,True,False,False,5.409366876077081,4.995113700967338
50.214264,52,1112.449643,True,False,False,6.270298614544844,6.324670190529458
47.453596,50,1112.820909,True,False,False,5.971436070753566,5.704399669195691
36.761986,32,1113.057949,True,False,False,3.698098294970239,3.618451509397358
37.030315,37,1113.330585,True,False,False,4.363149567838227,3.709920875032025
32.140544,21,1113.485139,True,False,False,2.5498101202748575,2.6163856348324694
39.605331,35,1113.74799,True,False,False,4.132071206206761,4.172161281204234
29.91447,18,1113.879618,True,False,False,2.08810080406232,2.1891021323360937
37.381669,40,1114.183542,True,False,False,4.495735953108842,4.016730423303335
30.926333,22,1114.350934,True,False,False,2.5235511417780523,2.434346920725795
35.867983,30,1114.580137,True,False,False,3.602332209722182,3.5891826559681044
38.039112,32,1114.832744,True,False,False,3.8849214862662023,3.8757830725286304
27.268007,17,1114.95252,True,False,False,1.8679721539325715,1.7988014386181195
38.612734,36,1115.217063,True,False,False,4.24129260934143,3.9409444856266247
43.284407,40,1116.509315,True,False,False,4.934473695328963,4.880289942020482
32.414535,21,1118.515794,True,False,False,2.6092240225783616,2.6847099528398544
35.776026,28,1118.731181,True,False,False,3.5001785668734127,3.3607485445599576
45.984177,52,1119.140733,True,False,False,6.282333317147633,5.6176510025208355
31.817872,24,1119.323701,True,False,False,2.9255487848279236,2.7922440653888314
37.656147,40,1119.626232,True,False,False,4.662560341962802,3.896394593428319
36.350958,29,1119.858094,True,False,False,3.5257513196766173,3.536294050339689
42.01191,47,1120.212898,True,False,False,5.421602567118985,4.78620033123217
34.653724,33,1120.446245,True,False,False,3.9979502876178628,3.255527476237476
41.548016,37,1120.72561,True,False,False,4.643933189208657,4.523690284459675
39.386507,34,1120.981372,True,False,False,4.156830828696315,4.157392179655003
26.96832,13,1121.085296,True,False,False,1.5115467278393249,1.6539519712280595
51.679291,54,1121.490756,True,False,False,6.768218423018553,6.604621173278683
43.938267,48,1121.848151,True,False,False,5.759480264699864,5.075724743904621
29.104343,18,1121.987241,True,False,False,2.2273863607376256,2.0728977670873583
38.468338,31,1122.228848,True,False,False,3.8820162287141473,3.946322257625919
30.866641,19,1122.373963,True,False,False,2.344343354619299,2.4467679922159418
35.848395,33,1124.579603,True,False,False,3.8984527893500713,3.4746779039800533
38.779729,31,1124.809957,True,False,False,3.8820162287141473,4.032822694158231
26.484036,14,1124.916876,True,False,False,1.527364874942489,1.6030003861297415
30.644832,20,1125.055282,True,False,False,2.3209141524081027,2.3956604796727072
33.510546,27,1125.256902,True,False,False,3.0621070820880902,3.01088719410653
29.121376,20,1125.424437,True,False,False,2.2870069173314334,2.2154863135688365
32.211915,20,1125.584075,True,False,False,2.481944801964783,2.691125976194542
39.993172,36,1125.858001,True,False,False,4.349292810076803,4.3252836373518635
42.980508,38,1126.133835,True,False,False,4.76465778388249,4.8422424096741645
42.132221,36,1126.395447,True,False,False,4.518412331782037,4.628657500188807
49.079125,56,1126.84638,True,False,False,7.060465634469229,6.065100948395681
33.034346,35,1127.111309,True,False,False,3.7703178225615432,3.219210242618057
42.275144,39,1127.419999,True,False,False,4.884478803566651,4.877087759544673
28.378141,15,1127.536974,True,False,False,1.8455486988968892,1.9648855943885746
34.927416,25,1127.731712,True,False,False,3.0525272902973932,3.1819602708222052
38.454859,31,1127.974704,True,False,False,3.8674160395887394,3.8877103867487524
44.491117,43,1130.362747,True,False,False,5.203252167891643,5.144844373666752
43.501183,49,1130.732563,True,False,False,5.776731246324393,5.252523141163686
31.719397,25,1130.9188,True,False,False,2.8903194913143078,2.6752967033491424
30.092554,24,1131.102716,True,False,False,2.8256947651810704,2.4051688972689367
40.939609,37,1131.384975,True,False,False,4.529869493873556,4.4507614608574855
29.082507,20,1131.540293,True,False,False,2.3485319336845585,2.046108876591046
46.24269,49,1132.879425,True,False,False,5.962955239080193,5.646680012497681
34.457293,27,1133.088053,True,False,False,3.2571279781547307,3.197499748101889
33.95162,25,1133.277969,True,False,False,2.9693575076123535,3.008095966393038
27.328973,13,1133.378803,True,False,False,1.521921091550647,1.6800392041540615
34.90434,26,1133.580149,True,False,False,3.143656633594855,3.1991737942449228
47.092062,43,1133.90935,True,False,False,5.409366876077092,5.579364555602641
40.386058,38,1134.207602,True,False,False,4.607661810807902,4.326531908454732
38.770081,35,1134.467784,True,False,False,4.277506523477151,4.097759962027326
30.23935,25,1134.655926,True,False,False,2.8856266427321264,2.382459720107035
42.526779,43,1134.986763,True,False,False,5.222132940212847,4.806807549112542
33.896126,23,1135.171624,True,False,False,2.8637824638055176,2.9815628928197033
31.263112,19,1137.384104,True,False,False,2.3546655813512034,2.445943013191564
52.34074,66,1137.889636,True,False,False,7.903586400146786,6.9247555906688465
43.431409,41,1138.213414,True,False,False,4.910600025106858,4.904158374283477
41.593131,39,1138.505074,True,False,False,4.617528499100203,4.584251683224355
42.21777,38,1138.784718,True,False,False,4.6622642094364,4.650555931109496
32.719777,39,1139.088518,True,False,False,4.595623807040518,3.2927229884234572
32.021336,21,1139.24861,True,False,False,2.6092240225783625,2.6683173179787048
5.002865,51,1139.632064,False,True,False,5.927180174268628,7.33940121495488
35.062336,26,1139.831836,True,False,False,3.2129418142361277,3.2741983380082647
36.276676,30,1140.059053,True,False,False,3.6112153870980066,3.531819926206967
32.078408,24,1140.244865,True,False,False,2.732458843097887,2.6574359744529588
41.206051,41,1140.559228,True,False,False,5.027524533992793,4.576102156182414
32.807778,25,1140.748047,True,False,False,2.9183190714891696,2.867680209479746
39.667854,35,1141.008057,True,False,False,4.231135452771798,4.139232509083499
43.380787,38,1143.323728,True,False,False,4.772970773009195,4.932876622732941
36.43212,30,1143.552979,True,False,False,3.470883631615302,3.5761332503522847
29.229989,19,1143.698282,True,False,False,1.9833148197742878,2.1567483724259437
33.982747,25,1143.868142,True,False,False,2.961142528284199,3.0751305222460075
37.896716,37,1144.139884,True,False,False,4.429936247229004,3.968083691766221
49.550993,54,1144.519193,True,False,False,6.627461226484532,6.208182681537358
41.931624,37,1144.786992,True,False,False,4.547866941221172,4.67303580842898
49.127402,52,1145.166153,True,False,False,6.447644653242746,6.06198727605853
44.376506,42,1145.470554,True,False,False,5.094398477533788,5.059139034628196
27.146719,13,1145.569909,True,False,False,1.5513701811263174,1.678266150589483
28.833112,16,1145.688386,True,False,False,1.9728279195104683,1.9917056650552178
48.419916,49,1146.058048,True,False,False,5.900524753550622,5.8939442096945465
31.025426,21,1147.228202,True,False,False,2.543087296360869,2.416345664707027
35.578312,27,1147.436374,True,False,False,3.291610521531596,3.383141374091627
32.427552,22,1147.614775,True,False,False,2.654800994999541,2.7678243872242563
48.379116,56,1149.96077,True,False,False,6.4432511056062145,6.028503388475308
36.012803,30,1150.182927,True,False,False,3.6032352484449666,3.4891716918735276
34.059721,28,1150.395245,True,False,False,3.3640898029002266,3.0651311656527143
27.218758,14,1150.505766,True,False,False,1.6176356961719258,1.70303590256244
35.343251,28,1150.717217,True,False,False,3.443770410654856,3.33095074856386
27.917979,13,1150.818019,True,False,False,1.590990257669732,1.8686547402869258
36.713474,31,1151.052986,True,False,False,3.802151913924273,3.6185574832694476
46.778801,46,1151.407328,True,False,False,5.784047344271984,5.519269971417482
39.15238,36,1151.680052,True,False,False,4.230820680395258,4.214429752095277
35.873325,27,1151.879352,True,False,False,3.288484482962361,3.4021844976710316
32.935547,25,1152.069737,True,False,False,2.928136448022156,2.9995590051178103
52.616562,53,1152.467242,True,False,False,6.68215908221286,6.721186536430793
37.415034,30,1152.691597,True,False,False,3.65011829729115,3.7465693319488
30.359563,19,1152.828111,True,False,False,2.2250375634108903,2.2756050598781323
52.182811,58,1153.242996,True,False,False,7.044356048735593,6.690446776503256
40.441821,41,1153.536802,True,False,False,4.863653108121533,4.566030913620379
30.498565,19,1153.682116,True,False,False,2.1773979899193394,2.3236472339962115
44.449537,42,1155.90648,True,False,False,5.219362837860054,5.231692385804865
34.562696,26,1156.10314,True,False,False,3.1755567532238964,3.200905232882249
47.951149,55,1156.512657,True,False,False,6.449264693248115,5.924533885733774
27.799642,14,1156.614458,True,False,False,1.6842052525233775,1.8327220504284172
42.982465,53,1157.029287,True,False,False,5.8401228634852,5.194352109188611
31.763666,20,1157.183825,True,False,False,2.465385276444518,2.5409306110305376
31.835671,20,1157.332933,True,False,False,2.441520629102187,2.5972624085474623
48.851464,54,1157.740386,True,False,False,6.601548884534871,6.163798099604221
46.499723,44,1158.071179,True,False,False,5.43901835186043,5.543327048724529
58.271306,67,1158.598256,True,False,False,8.152107079900654,7.876645251685268
49.78757,51,1158.970674,True,False,False,6.2197134738211375,6.228328538420798
27.740535,13,1159.069992,True,False,False,1.5909902576697312,1.844376908536312
35.421938,28,1159.288663,True,False,False,3.428140921083463,3.366603190225767
35.356015,35,1159.55406,True,False,False,4.161925229141024,3.3983011847569817
39.17742,34,1161.737099,True,False,False,4.102325756778534,4.145540326597597
37.197637,28,1161.933428,True,False,False,3.500178566873412,3.6250651275303745
34.863203,28,1162.144969,True,False,False,3.3397102577529543,3.399235036261455
42.561719,37,1163.460534,True,False,False,4.6456915523956175,4.738211325454354
35.688211,26,1163.663886,True,False,False,3.2077813509897672,3.4066030108555885
42.716116,38,1163.951202,True,False,False,4.708064838565496,4.815761088723628
48.843506,52,1164.334123,True,False,False,6.403417194959704,6.016903210673716
36.051823,29,1164.559216,True,False,False,3.5590220134465587,3.516020092017184
35.932098,32,1164.80118,True,False,False,3.766056141880353,3.462555467510266
30.910902,23,1164.959157,True,False,False,2.557548506174639,2.452131314634516
45.742739,47,1165.304884,True,False,False,5.7340024901635775,5.411136932170622
28.322045,15,1165.407281,True,False,False,1.7659304959040398,1.906126050160307
32.393767,23,1165.581442,True,False,False,2.765493374731813,2.7328791950868627
49.166112,48,1165.952721,True,False,False,5.954420924134728,6.021044294005479
44.862051,46,1166.288079,True,False,False,5.658206985789386,5.23194620753255
26.957196,12,1168.432392,True,False,False,1.4592125402060208,1.6349374769378446
32.366318,22,1168.599455,True,False,False,2.659556954979524,2.6661120914817014
50.662313,52,1168.98419,True,False,False,6.554879861599283,6.360670660584842
28.005585,17,1169.11519,True,False,False,1.7593388329389004,1.8866560812199884
39.69027,36,1169.392833,True,False,False,4.412912864025682,4.199404586201054
32.161732,21,1169.552479,True,False,False,2.5340456887794374,2.7058460202106187
29.243335,20,1169.705821,True,False,False,2.3331960568939607,2.2873668920927837
46.408092,47,1170.057398,True,False,False,5.793840169577399,5.5123243568357045
28.430836,16,1170.182355,True,False,False,1.8019044451444937,1.9003067261166902
31.884754,23,1170.356939,True,False,False,2.7294086422956543,2.6130331907367115
40.852891,38,1170.652807,True,False,False,4.56025771254405,4.362328357219282
41.647891,44,1170.983386,True,False,False,5.26398193810067,4.755820973693614
45.297363,49,1171.352354,True,False,False,5.899045763439805,5.407400954384617
36.620153,29,1171.578311,True,False,False,3.5034094979739425,3.547507864179223
39.974311,35,1171.844061,True,False,False,4.232954064664539,4.210134506427861
34.524496,31,1172.07732,True,False,False,3.7016097491872695,3.1689738031883246
48.80873,49,1174.464673,True,False,False,6.024072730514593,6.03321330449145
30.848137,24,1174.663337,True,False,False,2.8260983607055437,2.426428138687125
43.711032,38,1174.957403,True,False,False,4.761399569347715,5.007209406431822
38.137156,34,1175.215715,True,False,False,4.0167706900907545,3.9156789566527195
44.02265,41,1175.525792,True,False,False,5.069960839764434,4.983975232039549
48.086961,49,1175.902842,True,False,False,5.821445216326595,5.886812492474889
42.030673,37,1176.189085,True,False,False,4.518453118279444,4.66797475251295
44.034136,52,1176.572877,True,False,False,5.925507478237469,5.304390034651591
48.980653,53,1177.920469,True,False,False,6.452907902222342,6.228224158425514
34.403881,24,1178.115841,True,False,False,2.9910616844190976,3.062990585113606
34.314929,26,1178.313831,True,False,False,3.172197621781042,3.258590089886019
43.363249,47,1178.655751,True,False,False,5.7365766232434625,5.111095304960343
43.416134,40,1178.955412,True,False,False,5.016198173645177,4.930014609172782
26.480601,13,1179.053347,True,False,False,1.47817394523262,1.621770267584532
44.141227,48,1181.236058,True,False,False,5.751888185192738,5.264765389408565
40.154968,38,1181.518184,True,False,False,4.5621837670082614,4.353797905111123
-18.017675,14,1181.631042,False,True,False,1.4445234269260203,1.6390068525905943
32.765828,23,1181.785917,True,False,False,2.76583875976885,2.8391378453546583
45.92856,42,1182.108554,True,False,False,5.282087655463507,5.426104356420486
26.945769,13,1182.207814,True,False,False,1.5315763553662287,1.682864331435165
38.785985,37,1182.474309,True,False,False,4.452280350880467,4.134216935747191
43.221932,41,1182.789533,True,False,False,5.084645755364962,4.933254654842471
39.581069,35,1183.05217,True,False,False,4.230266621400369,4.117107167846637
37.464154,31,1183.276929,True,False,False,3.8122404303647874,3.6773940140230867
45.715258,50,1183.640201,True,False,False,6.042793529175084,5.536668517865044
29.883519,20,1183.794053,True,False,False,2.245282771621899,2.234801405298791
39.779212,43,1184.119683,True,False,False,5.034896936396987,4.29815485902724
39.015395,33,1184.360443,True,False,False,4.048674342081821,4.067376393368841
52.731754,56,1184.788122,True,False,False,6.96437709844699,6.805397528637919
27.115912,15,1186.80519,True,False,False,1.6361958686087967,1.7573001203841498
41.377307,38,1187.091163,True,False,False,4.723592592404627,4.61860813389083
32.207414,24,1187.273987,True,False,False,2.8859750822085264,2.760015691853101
40.773001,44,1187.609128,True,False,False,5.392229854549888,4.7589477822554915
37.323301,31,1187.849422,True,False,False,3.766786187690253,3.664710709715442
34.203223,25,1188.035323,True,False,False,3.0242816948486766,3.0983251563880287
37.921334,29,1188.271182,True,False,False,3.615375674791059,3.7929723503395003
42.343526,43,1188.607172,True,False,False,5.286291708466262,4.78182774647547
44.765477,40,1188.920693,True,False,False,5.027529214236349,5.114056142383283
49.926061,50,1189.302068,True,False,False,6.137304126269736,6.155585326018045
28.878613,19,1189.445267,True,False,False,2.0170835470206314,2.0492837445450163
39.133496,33,1189.694874,True,False,False,4.0739746502079095,4.027906416633392
26.567806,21,1189.85511,True,False,False,2.1987143946573973,1.7205492910411748
29.888111,23,1190.03177,True,False,False,2.3702137604083275,2.3305784251233623
39.876883,40,1190.346383,True,False,False,4.773342101173162,4.393365673355372
52.071664,54,1192.617769,True,False,False,6.7568327917016555,6.667908283706261
49.623821,54,1194.046909,True,False,False,6.425349004078967,6.2821029983271455
41.305707,39,1194.35097,True,False,False,4.64334893954531,4.441581542305168
27.136162,15,1194.467885,True,False,False,1.6746785564888997,1.785038369206397
44.04591,40,1194.770382,True,False,False,4.963215579346626,5.069909661462432
41.104727,41,1195.080865,True,False,False,5.050134884253195,4.543259932055146
27.107649,18,1195.213462,True,False,False,1.8018277840407846,1.7622606991552283
34.712411,27,1195.419469,True,False,False,3.177593491634431,3.2186707852992855
48.748028,48,1195.77519,True,False,False,5.968503236905351,5.993263648568892
46.250761,48,1196.125687,True,False,False,5.6807816999494944,5.49443994820309
28.536476,18,1196.260332,True,False,False,2.0449011779725894,2.0039057158650864
43.697143,39,1196.542768,True,False,False,4.900249993622773,4.986453655102748
49.393831,50,1196.929573,True,False,False,6.106285501076569,6.12162246202519
30.81877,21,1197.086478,True,False,False,2.403868260033985,2.416425893434917
27.40042,15,1197.203742,True,False,False,1.7608344312184983,1.77965817295434
27.134638,13,1197.291853,True,False,False,1.4950645534023161,1.6562247663366325
38.541702,37,1199.608818,True,False,False,4.464282852515782,4.148542755101045
38.464853,32,1199.855109,True,False,False,3.880455693437648,3.8730917675285754
26.014685,14,1199.953274,True,False,False,1.4097551355040352,1.5513938814752604
42.334235,39,1200.244786,True,False,False,4.862137237050071,4.688523780388767
41.806569,40,1200.542371,True,False,False,4.803491013717404,4.623562116336144
29.746539,19,1200.686568,True,False,False,2.2346428575969903,2.273075505297138
30.840574,20,1200.843439,True,False,False,2.38422155530465,2.3976012862761937
43.848881,44,1201.179313,True,False,False,5.347797383021362,5.066089357454866
34.020541,24,1201.355127,True,False,False,2.894568601230121,3.0629234237009415
45.071022,44,1201.714293,True,False,False,5.419088071119586,5.310134671400621
47.253039,46,1202.06983,True,False,False,5.6565571827986805,5.696171269558145
34.86381,27,1202.27715,True,False,False,3.2745478143164646,3.295637986477383
35.898217,32,1202.526208,True,False,False,3.8904676447207214,3.484091181566688
31.613529,21,1202.694028,True,False,False,2.401955016659736,2.5361799934481204
36.290274,29,1202.91936,True,False,False,3.449419159414746,3.4644910090505636
46.641369,48,1203.287977,True,False,False,5.884085491003342,5.579738533053343
36.288313,27,1205.34162,True,False,False,3.366753499043971,3.492989261658764
39.398441,37,1205.617777,True,False,False,4.524340867471492,4.099592497522189
39.73928,34,1205.873684,True,False,False,4.263853890554881,4.155241586997713
33.533581,24,1206.055558,True,False,False,2.8528579316197935,2.9194090644426978
35.296119,29,1206.282916,True,False,False,3.6186266209767735,3.300047508723973
44.482379,47,1206.639623,True,False,False,5.750644617288617,5.277961128953491
41.294648,41,1206.963024,True,False,False,4.744619027873556,4.535180524585191
42.176013,44,1207.294148,True,False,False,5.341832688616639,4.756511891859194
41.972468,38,1208.621279,True,False,False,4.630012156427834,4.626102963050601
38.430728,34,1208.87776,True,False,False,3.9876075673168137,3.9541338261851804
29.450491,19,1209.019855,True,False,False,2.338293994736646,2.2032235106181455
45.873375,50,1209.414719,True,False,False,5.987294934160859,5.499312302398274
34.679563,28,1209.628764,True,False,False,3.218892637326178,3.1692564123264755
33.164777,25,1209.816423,True,False,False,2.807854441810875,2.936542950302834
29.358677,16,1209.94055,True,False,False,1.9728279195104688,2.1846232642357792
29.273798,16,1210.06429,True,False,False,1.9634328633543394,2.035667876023668
33.647964,27,1212.349329,True,False,False,3.143396123617265,3.1666506671465617
44.626804,48,1212.725854,True,False,False,5.784867025407942,5.472416506559133
46.685422,47,1213.083016,True,False,False,5.812020447515894,5.67433481335433
33.519497,23,1213.257174,True,False,False,2.863782463805519,2.900093003769402
33.339414,24,1213.441732,True,False,False,2.902085799003079,2.8901804276944825
45.571452,42,1213.762118,True,False,False,5.216359730565751,5.341925295898378
40.606369,36,1214.045467,True,False,False,4.403307782039377,4.3920505426811856
38.170983,32,1214.289436,True,False,False,3.8192655673374425,3.837250177125479
38.141633,31,1214.534776,True,False,False,3.8209190027511317,3.841140747087483
36.906161,30,1214.76542,True,False,False,3.7547370081005695,3.612555601929697
40.847458,36,1215.039778,True,False,False,4.344003366823309,4.353953674515535
29.160813,19,1215.190645,True,False,False,2.126039226698771,2.1419247650666087
40.509396,33,1215.440666,True,False,False,4.136574669941304,4.343895145865454
32.854846,22,1215.616203,True,False,False,2.73650324319194,2.8557375145637076
27.172137,14,1215.727072,True,False,False,1.7145396362899112,1.7036755663690886
27.159964,19,1215.879817,True,False,False,2.1074969086044817,1.8368405202930227
35.580388,27,1216.085306,True,False,False,3.3071736955185487,3.338564819143782
27.680838,17,1218.111629,True,False,False,1.9318214637824869,1.8868755990527495
30.171908,18,1218.245346,True,False,False,2.2023393121625703,2.3252899469205013
45.892891,45,1218.575978,True,False,False,5.599878693025423,5.461412697105447
36.869063,35,1218.839341,True,False,False,4.1594633394011815,3.6753219015432252
27.76375,17,1218.955044,True,False,False,1.9679366808041021,1.8457600080895222
44.705381,43,1219.275039,True,False,False,5.317391727555298,5.168907781932999
43.600596,48,1219.615355,True,False,False,5.611058887974406,5.129125375739678
30.406148,17,1219.733738,True,False,False,2.100107140124047,2.308752488078874
48.191808,49,1220.097053,True,False,False,5.906855331751785,5.910047737183443
48.164971,49,1220.457323,True,False,False,5.967937321153569,5.8539651575199025
40.106196,37,1220.745593,True,False,False,4.302877592078246,4.265953377700603
42.125206,42,1221.061665,True,False,False,4.76154400738303,4.7452489148459644
30.787397,19,1221.203538,True,False,False,2.2775818946282853,2.444199772031667
30.35832,22,1221.369511,True,False,False,2.5189051885209572,2.370631279620268
42.328872,44,1221.71622,True,False,False,5.414597870932076,4.771672964783168
41.172786,37,1224.820242,True,False,False,4.504370637762142,4.427068629492399
45.374644,44,1225.161196,True,False,False,5.378275592758076,5.253343891307873
-17.794847,6,1225.208205,False,True,False,0.5529041921871132,4.9179374769488415
49.817289,52,1225.719467,True,False,False,6.39741380567535,6.257999957730739
26.532973,16,1225.915514,True,False,False,1.7744097844828122,1.6319178285433564
33.360984,37,1226.343874,True,False,False,4.10641161433058,3.2867853770982216
46.170481,60,1227.120432,True,False,False,7.05615824212121,5.765751486382258
44.444509,42,1227.567793,True,False,False,5.257040606888453,5.140246206952927
28.250318,15,1227.729145,True,False,False,1.7588039264289008,1.8683364954098505
43.727082,42,1228.142935,True,False,False,5.097710467508628,4.963101438611723
37.317574,38,1228.659668,True,False,False,4.490817417335415,3.7782075786987837
30.145923,19,1228.886084,True,False,False,2.268676791434721,2.300522550438209
38.25028,34,1229.279757,True,False,False,4.214737890080195,3.963284463170629
45.542876,49,1229.823077,True,False,False,6.02634610302172,5.399309871307647
35.702264,30,1230.213194,True,False,False,3.5606086680450684,3.469280159347923
41.891585,39,1233.123628,True,False,False,4.900249993622771,4.650816485284717
31.315681,47,1233.692399,True,False,False,5.211685580756987,2.994183598385025
37.910811,32,1234.007033,True,False,False,3.998399776100818,4.021072825575558
39.814111,34,1234.298178,True,False,False,4.263853890554883,4.238751286408357
36.621654,27,1234.522306,True,False,False,3.372899346259834,3.479997422890681
35.409529,28,1234.713784,True,False,False,3.405875621483825,3.262296303219031
47.862371,48,1235.04917,True,False,False,5.794727074730104,5.822529630953898
38.139557,30,1235.266414,True,False,False,3.75473700810057,3.8696599317979814
34.983622,28,1235.463622,True,False,False,3.266815821695858,3.3198846345590285
28.045578,19,1235.604189,True,False,False,2.0468571705567453,1.9338403696884887
28.873027,24,1235.753629,True,False,False,2.7921326811201856,2.4446159711170874
34.325697,24,1235.931366,True,False,False,2.991061684419097,3.106600607461841
27.033611,14,1236.059042,True,False,False,1.5371295349925527,1.6678961132893344
32.877196,24,1236.248257,True,False,False,2.774894443977733,2.900398341707217
47.569113,50,1236.615096,True,False,False,6.143604891544983,5.913659577570284
39.500553,34,1236.89646,True,False,False,4.215350128081016,4.185463431304805
35.280744,30,1239.070447,True,False,False,3.543279072409306,3.501809064771359
40.596639,37,1239.357058,True,False,False,4.4935492354840525,4.401602745218968
57.599616,71,1239.943656,True,False,False,8.386604463132418,7.923810225062887
28.922828,17,1240.071721,True,False,False,2.0792548457428617,2.0037665113544847
42.27043,47,1240.434835,True,False,False,5.619797913713316,4.905482067171917
37.152975,30,1240.665324,True,False,False,3.695323105797065,3.6709173177840486
34.138439,28,1241.766644,True,False,False,3.455250972137072,3.182854999447719
35.937773,26,1241.959996,True,False,False,3.2456201256462545,3.413685943157819
37.217145,32,1242.200317,True,False,False,3.87108702665814,3.7705185936058445
45.030779,46,1242.533635,True,False,False,5.534378479213583,5.27600778270171
29.953327,18,1242.677379,True,False,False,2.1679724584341216,2.1787528921913837
42.098489,39,1242.960878,True,False,False,4.777177761040873,4.733096320477328
46.175778,54,1243.34465,True,False,False,6.399063587495608,5.611613116650823
33.456372,28,1243.5316,True,False,False,3.437339970307133,3.045547195339379
41.476071,36,1245.913979,True,False,False,4.394762232984595,4.530177890147264
33.441137,26,1246.119241,True,False,False,2.977596584482352,2.956661460349943
27.029658,15,1246.238916,True,False,False,1.6736308645849916,1.7037010480801678
27.593623,18,1246.37025,True,False,False,1.8394443997671672,1.8745459335235877
32.290564,25,1246.547267,True,False,False,2.9145441197698894,2.8402077662791245
36.434133,28,1246.806337,True,False,False,3.386002958968703,3.4910142482828084
29.36815,19,1246.959681,True,False,False,2.253654589474328,2.1050854697956587
41.863185,46,1247.313243,True,False,False,5.738567035296697,4.87641121014732
27.085071,14,1247.433682,True,False,False,1.6067398061358826,1.6973542541729019
27.1186,16,1247.563196,True,False,False,1.7983092123740196,1.7341252014690163
39.344852,34,1247.825166,True,False,False,4.181044969393575,4.076001984551721
27.800661,14,1247.936468,True,False,False,1.6419025802820204,1.7805622430767738
36.320799,32,1248.184198,True,False,False,3.845031932598816,3.5348099808377422
35.299069,25,1248.365602,True,False,False,3.118340905032674,3.336770107792419
30.041129,18,1248.496845,True,False,False,2.167972458434122,2.2856105875545394
28.507688,14,1248.596845,True,False,False,1.7182694782833114,1.992189387848214
45.231459,50,1248.946034,True,False,False,6.064813055107412,5.367704634364547
32.016699,22,1249.106198,True,False,False,2.664865588779709,2.679094410341406
44.19488,46,1249.439842,True,False,False,5.477023240071744,5.138300496982362
27.122052,16,1249.552136,True,False,False,1.827127077073727,1.7620788903830547
34.979562,28,1249.766813,True,False,False,3.5001785668734113,3.246800724692625
26.47298,16,1251.777321,True,False,False,1.9443713127707327,1.5793674470550976
37.801039,34,1252.035487,True,False,False,4.102026071349487,4.046621870392556
-17.596236,8,1252.089336,False,True,False,0.7628912136367769,3.387337420665858
39.259187,32,1252.308758,True,False,False,3.9759149710707944,4.0628988396112495
44.100072,41,1252.602647,True,False,False,5.053728970922035,5.053843503957641
43.989291,41,1252.87065,True,False,False,5.038735291920932,5.020936257137413
34.013822,26,1253.042606,True,False,False,3.0673287375613647,3.139637270158123
41.484234,35,1253.254132,True,False,False,4.391133111168463,4.479502567842927
40.71337,34,1253.495795,True,False,False,4.20352384956517,4.32208013111317
26.551412,15,1253.617407,True,False,False,1.696363477610268,1.58699225278793
34.43851,26,1253.827605,True,False,False,3.1161642547436803,3.0932947998340645
47.674405,51,1254.196065,True,False,False,6.269792780807307,5.754535571538949
43.037154,40,1254.509244,True,False,False,4.751930642881356,4.874143017020889
36.342006,33,1254.800777,True,False,False,3.6886266317276606,3.5704860221518486
35.938517,29,1255.963922,True,False,False,3.4543452175700633,3.49666768490143
40.529464,35,1256.237523,True,False,False,4.367390735252072,4.4194375937504455
45.932258,44,1258.629713,True,False,False,5.497433569602506,5.533551680109503
29.626859,20,1258.787846,True,False,False,2.1389125865199654,2.1882271291250444
28.816781,18,1258.929171,True,False,False,2.111564302215567,2.0928615112868183
29.657334,18,1259.070523,True,False,False,2.079890786529482,2.1531761072092714
38.030117,29,1259.331679,True,False,False,3.6274577874869904,3.764088709288429
39.150459,46,1259.650618,True,False,False,5.176081713840449,4.348318210280707
43.916682,45,1259.967518,True,False,False,5.409289781555522,5.063519230089782
40.630494,35,1260.238003,True,False,False,4.319882785672213,4.373195393206147
47.06225,49,1260.611687,True,False,False,6.020950143169981,5.667000463123063
48.013544,49,1260.984104,True,False,False,6.109697274718077,5.9006700011590505
48.212964,50,1261.372557,True,False,False,6.076551952020424,5.889925327937919
31.267452,20,1261.529234,True,False,False,2.4158270924119987,2.5266680030111575
-13.910251,15,1261.645025,False,True,False,1.7160521425229354,2.749660374159872
46.263832,47,1262.006153,True,False,False,5.702553361425199,5.466006901705411
49.984731,50,1264.256147,True,False,False,6.284097571722327,6.17653603203762
34.963003,28,1264.458497,True,False,False,3.387410126646021,3.2554834504176005
40.812663,36,1264.722831,True,False,False,4.419531163972701,4.391470590996265
40.504527,43,1265.029866,True,False,False,5.1668651088196365,4.4440630269537555
28.128047,16,1265.149237,True,False,False,1.7921976073769668,1.8828685700015857
42.681174,42,1265.461139,True,False,False,5.282087655463505,4.792477549472022
45.177335,42,1265.793042,True,False,False,5.243272170947141,5.188816054136597
30.142238,23,1265.981659,True,False,False,2.572514105097332,2.5749653720852104
33.453798,25,1266.182356,True,False,False,3.0076288398438984,2.976444457243193
41.791518,37,1266.479306,True,False,False,4.614224346321685,4.639463502327414
40.750907,39,1266.801061,True,False,False,4.563342876297179,4.480541798388289
33.019444,24,1266.983749,True,False,False,2.8510914237161558,2.8554750001206304
41.767516,39,1267.281388,True,False,False,4.718899108109173,4.682132667085629
38.033857,37,1267.565474,True,False,False,4.386823216944264,4.011975819900767
49.418838,58,1268.020525,True,False,False,7.005244138645114,6.125975105630222
44.510339,43,1270.206769,True,False,False,5.383083343431942,5.1632291617537955
46.710336,44,1270.534661,True,False,False,5.519244747294974,5.519709359906235
38.387014,31,1270.776515,True,False,False,3.8280785356577116,3.9237675492128132
30.89748,18,1270.915679,True,False,False,2.2023108042764132,2.4515596926786
35.048164,28,1271.116074,True,False,False,3.430901245805388,3.271985792841961
36.529256,27,1272.280111,True,False,False,3.3534061962523647,3.5685947209069666
33.012213,24,1272.47171,True,False,False,2.8782321870567658,2.832995231219635
48.467968,54,1272.898206,True,False,False,6.332640828084204,5.977050293320651
44.539435,43,1273.257984,True,False,False,5.323927268246511,5.179651545857699
35.840273,27,1273.484597,True,False,False,3.313471927560296,3.4097655475071904
27.697926,14,1273.58689,True,False,False,1.5827117765235974,1.7518022072197972
29.569783,21,1273.747908,True,False,False,2.410071922463128,2.2465858909465797
29.727164,19,1273.898582,True,False,False,2.1557070275519705,2.2677890071909044
33.020086,25,1274.094473,True,False,False,2.8851019244535654,2.9270518102568035
37.009986,29,1274.318801,True,False,False,3.5607322900114333,3.6847075082128593
37.160252,34,1274.578827,True,False,False,3.884044126768281,3.7501496128069562
33.169012,24,1274.771415,True,False,False,2.8153128641812577,2.9335760348670137
45.521832,50,1277.256323,True,False,False,6.114438405693743,5.448727802686473
30.215645,19,1277.399045,True,False,False,2.209497204507017,2.28096497860257
42.277132,38,1277.702036,True,False,False,4.656662429871665,4.6832005389862195
30.800714,20,1277.871484,True,False,False,2.370057706264483,2.461768236348215
27.405876,25,1278.08799,True,False,False,2.7780633212785246,2.0623921183064367
44.71263,50,1278.483566,True,False,False,5.954092461489099,5.315318103660248
40.202742,35,1278.753554,True,False,False,4.315180319746856,4.256931168874459
45.808682,43,1279.07546,True,False,False,5.388206167894813,5.366086837856994
32.032376,24,1279.250505,True,False,False,2.7026280597324615,2.746769847473653
-18.242933,4,1279.280911,False,True,False,0.44547727214752453,5.335602538732876
34.913016,29,1279.476926,True,False,False,3.5292007525713007,3.411148806846636
29.442725,17,1279.600241,True,False,False,2.0750600915489925,2.117014961844794
39.498959,34,1279.854706,True,False,False,4.155688551932376,4.1217840660228084
33.266801,25,1280.022291,True,False,False,2.9294202262987397,2.9509530100320327
39.849379,35,1280.26597,True,False,False,4.235320591332978,4.262439332762633
43.320424,39,1280.535223,True,False,False,4.838652723242407,4.914064772667862
28.700919,16,1280.644355,True,False,False,1.9134140172069656,2.040754889952744
53.758127,55,1283.018042,True,False,False,6.936717523440024,6.902111640237717
35.448925,28,1283.224301,True,False,False,3.3485418690329425,3.3689138497411677
40.653393,34,1283.486634,True,False,False,4.204439988251378,4.294385772462609
39.446219,31,1283.721815,True,False,False,3.8820162287141473,4.055461457541085
37.023297,29,1283.939865,True,False,False,3.627457787486991,3.6589514971499524
35.912775,34,1284.2077,True,False,False,3.9823685391311683,3.586836814494133
55.124222,65,1284.760837,True,False,False,7.80427411881438,7.397949858851987
50.128636,51,1285.134282,True,False,False,6.324113706946824,6.225254521381949
30.077726,18,1285.274934,True,False,False,2.1184793101357253,2.3103650905252584
37.95118,35,1285.535048,True,False,False,4.182736911138672,3.8991848334199517
29.528855,18,1285.673654,True,False,False,2.0353494752544026,2.1659248084316784
37.529142,32,1286.985519,True,False,False,3.7710599106267866,3.8146184071440072
32.943073,24,1287.17139,True,False,False,2.8810792376269583,2.8601165770639843
37.884075,35,1287.4417,True,False,False,4.271962922654568,4.003494902182102
31.387148,20,1287.594671,True,False,False,2.4225308996612784,2.545817714701679
35.528341,28,1287.805187,True,False,False,3.3493555895755724,3.3132429443189393
33.847143,24,1289.944155,True,False,False,2.8979767887895127,2.9666150954853223
32.735145,21,1290.133189,True,False,False,2.6092240225783616,2.7849568566550893
34.192472,24,1290.308918,True,False,False,2.8967837022756484,3.0316500729324356
33.476004,23,1290.480102,True,False,False,2.8637824638055185,2.912918933399552
35.941476,28,1290.674514,True,False,False,3.3822982858495108,3.389523880025225
34.301508,25,1290.861433,True,False,False,2.9925803163308364,3.0814705227232833
38.92977,33,1291.101557,True,False,False,4.0954874804485835,4.060695299002245
35.685832,30,1291.325993,True,False,False,3.754737008100568,3.46075234123384
44.111417,43,1291.665428,True,False,False,5.0876879086666955,5.08373018658526
26.884836,19,1291.810833,True,False,False,2.0610694139068455,1.6865470582345183
42.723542,38,1292.088639,True,False,False,4.7135568707056965,4.725601174728613
41.540108,41,1292.41078,True,False,False,4.8000208115457115,4.666716985259212
36.149779,29,1292.63059,True,False,False,3.5037273952080783,3.48467975241845
31.615393,20,1292.774931,True,False,False,2.4819448019647834,2.571418561225014
44.21039,42,1293.100751,True,False,False,5.108448679505363,5.0688758844459585
32.676543,30,1293.330888,True,False,False,3.6095927289898633,3.0140332011280555
36.704889,35,1293.587714,True,False,False,4.12989359165332,3.611446500310608
38.791852,33,1295.649662,True,False,False,3.922669710949328,3.9681026912782005
28.092029,15,1295.762293,True,False,False,1.763017153260865,1.8711337487577595
36.519422,32,1295.992814,True,False,False,3.8224798754146097,3.635869641434503
49.834281,52,1296.385681,True,False,False,6.500032617791491,6.197461793372474
28.127962,21,1296.529981,True,False,False,2.3526055503286134,1.98312561092269
46.563324,44,1296.869023,True,False,False,5.477232194387162,5.543079320163113
28.381165,16,1296.982864,True,False,False,1.830818086202999,1.9765772184847101
28.03544,18,1297.11486,True,False,False,1.900494872630286,1.894715758922655
30.780617,19,1297.258394,True,False,False,2.295251679047701,2.3715032937710117
37.579952,35,1297.509619,True,False,False,4.273162752140693,3.7814892080186775
36.246126,32,1297.747509,True,False,False,3.8695533758436196,3.6151720178152904
36.886289,32,1298.001891,True,False,False,3.8237213701269144,3.653343823730181
39.690717,35,1298.251106,True,False,False,4.290499329057076,4.237526850575046
29.907501,17,1298.374072,True,False,False,2.1001071401240465,2.264326600308421
52.968889,62,1298.897976,True,False,False,7.509551178063108,6.985301672581199
42.799899,41,1299.238388,True,False,False,5.0453558382768815,4.760954013722069
44.978012,46,1301.557083,True,False,False,5.6535330395839605,5.344428091110029
31.520084,21,1301.722049,True,False,False,2.5180421709929077,2.599395788432695
38.017922,34,1301.982175,True,False,False,4.1942555133408295,3.8467652137134314
35.124446,29,1303.180772,True,False,False,3.4439675336072937,3.475739507737906
42.753086,40,1303.474615,True,False,False,5.017584652219408,4.79325005596873
37.245433,31,1303.718019,True,False,False,3.805793073073852,3.716364531547247
27.86676,15,1303.831244,True,False,False,1.814843071992535,1.8524847931542128
32.925586,23,1303.996891,True,False,False,2.826945376156399,2.8914637377744383
45.420492,46,1304.345299,True,False,False,5.497390760103807,5.381650751529356
39.022159,33,1304.600568,True,False,False,3.9911254591528587,4.0028396150340715
47.730285,47,1304.92832,True,False,False,5.776430604142343,5.804894250270782
27.168512,15,1305.041965,True,False,False,1.73478709476308,1.7136764641302658
34.732878,27,1305.251988,True,False,False,3.2213734183725364,3.1352122285662958
28.534903,15,1305.366076,True,False,False,1.8030931224741746,1.9046252205690175
34.212923,28,1305.582724,True,False,False,3.2358561994973596,3.1457988712022273
32.278365,23,1305.744314,True,False,False,2.710805813743527,2.759733152623084
31.06432,22,1305.907723,True,False,False,2.6115130042422217,2.4426985223485924
27.434209,15,1306.021119,True,False,False,1.640605188273402,1.7183504775098093
36.618457,28,1308.256926,True,False,False,3.4226945538878852,3.5275314367016977
28.057748,15,1308.369199,True,False,False,1.7358770651631787,1.7979740194959914
36.524254,27,1308.578933,True,False,False,3.3610362152287565,3.5629969836475204
38.718951,33,1308.83433,True,False,False,4.136574669941306,4.006846606571078
36.502392,28,1309.050173,True,False,False,3.43202728951364,3.562888067689111
44.666853,42,1309.368084,True,False,False,5.192180092221183,5.145484249717593
37.953633,40,1309.677538,True,False,False,4.441403762271662,4.119681171862611
36.898223,28,1309.897028,True,False,False,3.5001785668734127,3.5725209230117194
27.435211,14,1310.008372,True,False,False,1.6182982414802003,1.7295447112346822
43.073591,41,1310.320038,True,False,False,4.988794987822696,4.905267797413929
35.09502,31,1310.556816,True,False,False,3.748785524839248,3.322507519937501
39.212633,32,1310.806165,True,False,False,3.9444820587727554,4.059440592144912
32.035762,23,1310.972872,True,False,False,2.6164206669263286,2.7400544062900773
39.365269,34,1311.225209,True,False,False,4.039406477832556,4.11120699277046
-12.842911,17,1311.351104,False,True,False,1.7895675690321757,5.806762052370322
52.125222,57,1311.76524,True,False,False,7.020688067330748,6.755275299635349
27.969646,18,1311.889684,True,False,False,2.0604162868107103,1.8521341074560713
43.941971,40,1314.053186,True,False,False,5.003931727944334,5.045282814771942
41.109009,43,1314.371848,True,False,False,5.203165213449653,4.61268349588562
34.677041,25,1314.556468,True,False,False,2.9776536346471945,3.1393323763005205
51.336583,54,1314.950901,True,False,False,6.688808059065725,6.512952945542548
39.293565,35,1315.208184,True,False,False,4.311294480338424,4.103433621081116
38.527794,33,1315.447073,True,False,False,3.91876108866833,3.9028029434692075
38.602995,31,1315.689963,True,False,False,3.8196433001832863,3.997690116171945
35.923537,36,1315.965997,True,False,False,4.031597833075536,3.6540324406864455
33.250997,25,1316.160933,True,False,False,3.0382701575102793,2.85445114261205
26.950176,12,1316.250565,True,False,False,1.4637110370561546,1.5858907508728846
41.843165,41,1317.623663,True,False,False,5.112866786613665,4.623467199222005
46.173419,45,1317.951847,True,False,False,5.417305854146162,5.428841544260569
43.261733,40,1318.237193,True,False,False,4.909200600622201,4.867635933761392
34.022813,25,1318.427465,True,False,False,3.0346437441652245,3.0697724329525276
55.577441,59,1320.777809,True,False,False,7.380132476268983,7.264434046065706
50.275715,52,1321.182753,True,False,False,6.300236248775067,6.230013993691495
36.888672,37,1321.4641,True,False,False,4.2203205560115205,3.8430669975856637
35.065179,28,1321.671884,True,False,False,3.4080872547963086,3.4688285471027482
33.607844,23,1321.854705,True,False,False,2.8485008993481706,2.9117604995675386
45.481638,43,1322.178062,True,False,False,5.249679988996154,5.3248610496582485
37.855706,30,1322.408686,True,False,False,3.7295868513961588,3.7527278359822347
33.674248,26,1322.601127,True,False,False,3.204400245838373,3.0217810393889315
33.857555,23,1322.776001,True,False,False,2.8637824638055194,2.951239369184494
40.153295,37,1323.060368,True,False,False,4.534255367722619,4.393385364360407
39.313156,34,1323.304008,True,False,False,4.180782221957916,4.059265421200433
38.879831,41,1323.614292,True,False,False,4.621083044154553,4.188019584040918
32.130806,21,1323.774227,True,False,False,2.534243445735575,2.7032051484031006
31.74074,22,1323.932845,True,False,False,2.557737254347208,2.611498019151871
39.244182,34,1324.189656,True,False,False,4.234332903247089,4.1191651037316515
50.228335,55,1324.596777,True,False,False,6.78713020606746,6.280375933018041
40.554354,36,1326.860685,True,False,False,4.376608172999469,4.390532997039319
53.520656,59,1327.325587,True,False,False,7.231462754752522,6.889760215642662
39.499089,34,1327.578472,True,False,False,4.075870639661634,4.202246852942294
39.438093,33,1327.819361,True,False,False,4.1265257013261785,4.156412842556201
53.37061,58,1328.251222,True,False,False,7.151779486550862,6.841128555425559
28.005685,15,1328.368681,True,False,False,1.84554869889689,1.9015557324210848
44.321464,45,1328.697367,True,False,False,5.35102656504709,5.2751221397381505
33.67294,24,1328.877256,True,False,False,2.931647782115594,2.9766326625789876
36.44801,29,1329.108196,True,False,False,3.464912245637748,3.5354555193001764
32.709818,28,1329.34353,True,False,False,3.4969020887534494,2.816846231534485
42.380061,40,1329.652797,True,False,False,4.884058444161838,4.692125370430593
35.421387,28,1329.856647,True,False,False,3.4507699656542723,3.356854749702769
31.630923,22,1330.024948,True,False,False,2.5883892110825415,2.6087267866732544
49.022542,50,1330.40561,True,False,False,6.22444087021795,6.031105664965806
40.190001,36,1332.535468,True,False,False,4.41639249993043,4.2426252898154155
47.140449,62,1333.801996,True,False,False,7.305606463202451,5.867697642464869
44.31745,41,1334.106347,True,False,False,5.058853536042454,5.139149485578569
36.23683,30,1334.334635,True,False,False,3.5878916515027828,3.494327731095502
40.481263,38,1334.617622,True,False,False,4.690106204401588,4.3741878745173866
38.627295,31,1334.858088,True,False,False,3.882016228714148,3.8910349126729105
30.218101,19,1335.007589,True,False,False,2.2358377767441997,2.341518447157755
32.600667,23,1335.180414,True,False,False,2.8637824638055185,2.7693677561525805
42.123535,41,1335.481923,True,False,False,4.909384974316122,4.748857942597494
45.585102,48,1335.825955,True,False,False,5.871448241676313,5.3707031451443195
40.018033,35,1336.080319,True,False,False,4.39113311116846,4.238452749969444
32.999133,27,1336.2804,True,False,False,3.243341089851377,3.008480275402268
41.533109,39,1336.579709,True,False,False,4.654350777023382,4.5935599025183445
36.479791,30,1336.821773,True,False,False,3.590121948824856,3.5712319739502925
44.283786,44,1339.011957,True,False,False,5.417983825672761,5.142145992701442
36.42644,28,1339.234347,True,False,False,3.3787635851255953,3.5592389973553114
37.152973,29,1339.461415,True,False,False,3.5216943077639873,3.5889348737681717
53.957521,57,1339.89882,True,False,False,7.17642403269847,6.956678280760384
29.176146,16,1340.015046,True,False,False,1.8950856314139248,2.121053589051746
37.155744,33,1340.25708,True,False,False,3.9801348670382177,3.8894380361027205
36.672393,31,1340.488365,True,False,False,3.667988677986714,3.7478822943146786
27.118716,13,1340.58918,True,False,False,1.5215818767387583,1.6119211419727177
33.1144,24,1340.778994,True,False,False,2.906323156535959,2.840340068331026
50.311448,65,1341.289654,True,False,False,8.042995916098212,6.542289740536601
30.756076,22,1341.460973,True,False,False,2.656220502126648,2.3960915647682834
33.077086,23,1341.641252,True,False,False,2.7914010361861323,2.856804412757432
42.446353,39,1341.926811,True,False,False,4.873181428479291,4.866562592130756
32.114775,20,1342.078332,True,False,False,2.481944801964781,2.680991341262266
40.393282,35,1342.336094,True,False,False,4.239779809271693,4.297052304636444
27.329853,26,1342.536902,True,False,False,3.052294076738909,1.9648369316538956
40.092381,38,1344.709049,True,False,False,4.5221715618319,4.335387065555251
34.841229,25,1344.895795,True,False,False,3.1183409050326762,3.1508474678079925
35.145422,25,1345.075362,True,False,False,3.1183409050326762,3.226412408798771
44.306108,41,1345.38084,True,False,False,5.154808434849932,5.052171285314799
33.019783,24,1345.561569,True,False,False,2.8015201770441593,2.8014685674480893
38.899254,33,1345.819787,True,False,False,4.070590682312467,4.022079156043276
40.491128,39,1346.117772,True,False,False,4.649435835939625,4.420254835241439
41.991812,39,1346.40526,True,False,False,4.687134563788854,4.711190282382734
30.847702,28,1346.634589,True,False,False,3.163813829770738,2.5669791180737915
27.841975,15,1347.897689,True,False,False,1.8455486988968894,1.8331013187726455
50.293656,50,1348.28702,True,False,False,6.181205239062105,6.23068904439512
27.896233,13,1348.387289,True,False,False,1.5909902576697321,1.790175468258203
36.023068,37,1348.682158,True,False,False,4.391357558476711,3.7138790664826926
31.607878,21,1348.842757,True,False,False,2.609224022578361,2.5982913285451086
33.192569,23,1349.020358,True,False,False,2.8153351497292705,2.922352825859612
38.772768,31,1349.265888,True,False,False,3.8820162287141478,3.9762311727146566
37.406396,32,1349.510096,True,False,False,3.8377225657994467,3.8066451114334505
31.740579,21,1349.67122,True,False,False,2.6092240225783625,2.560156019257866
39.629268,46,1351.889978,True,False,False,5.387891534911353,4.52775555702301
40.761615,37,1352.189007,True,False,False,4.440156049213004,4.358691326519797
26.472567,12,1352.278692,True,False,False,1.3719467585303249,1.5914886713225322
36.959822,36,1352.545973,True,False,False,4.285991653691191,3.834437429993359
47.627112,53,1352.947732,True,False,False,6.209834544883456,5.854921640165468
44.513492,41,1353.247463,True,False,False,4.997367414026825,5.066055082339072
43.791567,42,1353.562826,True,False,False,5.092911732892718,4.980801168523738
36.013817,31,1353.78914,True,False,False,3.626299187079747,3.587700128996893
55.148448,60,1354.233882,True,False,False,7.385728123107356,7.247871827597446
28.627285,18,1354.365047,True,False,False,1.9960428041362783,2.0429485937504617
36.074346,28,1354.578439,True,False,False,3.4889269490495547,3.5830969631950897
53.473089,56,1354.996716,True,False,False,6.95792043788376,6.96221946133257
51.279378,52,1355.378601,True,False,False,6.500469733495796,6.523554917667742
36.262314,28,1357.490008,True,False,False,3.439014445482888,3.4662296660416305
28.03686,16,1357.617322,True,False,False,1.8867358335321123,1.8152225616745445
41.18065,36,1357.889646,True,False,False,4.4486038658228075,4.418085400597006
39.516788,33,1358.126453,True,False,False,4.124923245530131,4.122100045720192
39.080748,33,1358.358971,True,False,False,3.96241131827807,4.006842889462904
32.103367,22,1358.521497,True,False,False,2.6472456042404153,2.784688728957419
26.76593,14,1358.627899,True,False,False,1.5890768529043209,1.6884886424631342
33.779141,25,1358.80092,True,False,False,2.971901052740529,3.029221748264297
41.275588,45,1359.152803,True,False,False,5.623079381630277,4.581115883045942
40.040988,35,1359.414061,True,False,False,4.279399527210994,4.216434618988444
33.66109,26,1359.600567,True,False,False,3.1757932787421574,3.041754072121745
35.248334,29,1359.824918,True,False,False,3.4387380395334692,3.353752562289361
44.962826,46,1360.173087,True,False,False,5.731790635614323,5.473973438773347
34.785062,24,1360.353613,True,False,False,2.991061684419098,3.139536850049562
36.192385,33,1360.604898,True,False,False,3.8225586583357365,3.589286940110673
42.792138,43,1360.934204,True,False,False,5.289617251893705,4.841775610073346
27.312731,14,1361.948847,True,False,False,1.718269478283311,1.7285753728770097
36.847357,30,1364.055255,True,False,False,3.6312397122760744,3.6622340073345083
28.832615,16,1364.175908,True,False,False,1.8772239357901441,2.065673971530446
44.304422,43,1364.499767,True,False,False,5.408793446597064,5.120945130571288
37.809764,30,1364.754434,True,False,False,3.754737008100569,3.7805558403339203
44.215041,46,1365.165945,True,False,False,5.763049424885875,5.125709249212157
36.326458,27,1365.373908,True,False,False,3.372899346259834,3.5044961013333404
44.136365,48,1365.735119,True,False,False,5.676156396503403,5.201652478044506
36.597754,27,1365.941949,True,False,False,3.3728993462598336,3.490263591104589
39.217032,32,1366.155421,True,False,False,3.994535181434647,4.0645672899645975
27.97262,16,1366.259887,True,False,False,1.8600938649677874,1.9817345833455404
32.448442,23,1366.4322,True,False,False,2.660063053971599,2.6843032050693045
39.423344,34,1366.702087,True,False,False,4.085511413772348,4.123636741881111
50.78642,51,1367.108392,True,False,False,6.362035261403191,6.395021807475201
34.299446,26,1367.320724,True,False,False,3.086420850605546,3.110976549446384
37.82235,33,1367.600868,True,False,False,3.9520307485463877,3.802083204269922
57.370561,62,1370.49989,True,False,False,7.8073042113505124,7.6328655632278455
30.577952,20,1370.67286,True,False,False,2.339154393573599,2.329979441746425
36.318988,29,1370.90614,True,False,False,3.4995879036849056,3.5109897010554754
28.371026,15,1371.026239,True,False,False,1.7302996737534595,1.931702247235431
32.989086,27,1371.251933,True,False,False,3.316491190041276,2.9100893443364106
50.539596,55,1371.681899,True,False,False,6.837307084830128,6.4339497711657625
26.806031,13,1371.785706,True,False,False,1.5273100203859182,1.6090383653385525
42.85315,38,1372.079642,True,False,False,4.751222719485313,4.835450276316163
35.772104,29,1372.302395,True,False,False,3.6039278300764126,3.380628031249682
41.748088,47,1372.680064,True,False,False,5.820604774045276,4.8987466501905645
35.110707,25,1372.880518,True,False,False,3.1183409050326762,3.1990875612229215
33.637229,27,1373.096286,True,False,False,3.272771173856744,2.953143921797085
33.727458,29,1373.309571,True,False,False,3.3382516405482234,3.121883365352046
37.954668,32,1373.550892,True,False,False,3.943183551037446,3.8972920606160684
29.879288,18,1373.687657,True,False,False,2.10746224604075,2.1864585447916913
47.726082,50,1374.089784,True,False,False,5.997447057060953,5.850985538979324
35.785923,31,1374.321683,True,False,False,3.571056659964604,3.4556598902683215
36.767413,28,1376.518996,True,False,False,3.490733823131545,3.5554115387241847
39.75643,37,1376.827101,True,False,False,4.404937602423456,4.2633982127338745
26.399338,12,1376.921564,True,False,False,1.4042971347526505,1.502499598770241
32.223637,21,1377.07917,True,False,False,2.552815866359806,2.6805508458315397
44.256654,43,1377.39992,True,False,False,5.234417663567227,5.027022278983179
36.408834,27,1377.621658,True,False,False,3.3721913121756115,3.4692541622195727
33.268876,23,1377.81127,True,False,False,2.768355854817082,2.8809553121733233
45.088717,43,1379.171913,True,False,False,5.349351190471961,5.279788650145569
40.795034,42,1379.597109,True,False,False,4.601155117970491,4.464685067338854
43.893023,46,1379.97364,True,False,False,5.791204537917823,5.088615796882001
40.753591,36,1380.26094,True,False,False,4.438137114104022,4.424005224567922
42.782115,44,1380.626121,True,False,False,5.443591187392558,4.792569367623095
27.392274,16,1380.758163,True,False,False,1.6736870685201088,1.8080689625493291
42.148088,38,1381.052587,True,False,False,4.716562616790642,4.662242255515845
41.114034,38,1381.353839,True,False,False,4.701417259432892,4.4723619168638535
37.084284,29,1381.569785,True,False,False,3.5618959369297194,3.6774024047982277
44.583027,40,1383.802135,True,False,False,5.027529214236353,5.109139100734362
-19.38175,5,1383.842732,False,True,False,0.42326509096291476,1.773524091443546
35.991709,28,1384.062268,True,False,False,3.4407646645699086,3.4330195323416457
32.926977,24,1384.251251,True,False,False,2.826355328416246,2.824502220313821
40.382333,36,1384.521095,True,False,False,4.51820378525801,4.322684412087275
32.215784,22,1384.732534,True,False,False,2.668936725711906,2.725960375688847
41.777515,42,1385.079621,True,False,False,5.270851868136528,4.75103748053509
41.193434,39,1385.439895,True,False,False,4.617422414053598,4.545133743260719
42.652724,38,1385.756908,True,False,False,4.668039759649577,4.777021911154015
40.564452,40,1386.104711,True,False,False,4.666522661795323,4.5287105392234475
33.632146,24,1386.307717,True,False,False,2.882709661144365,2.98170855749779
46.498939,46,1386.673336,True,False,False,5.636974444109206,5.546277252561371
36.475454,29,1386.902152,True,False,False,3.568043885183488,3.4927711319560943
34.819999,24,1387.081722,True,False,False,2.9910616844190967,3.1969178810582983
28.109184,16,1387.207924,True,False,False,1.928689710999787,1.8640573952548851
41.604127,36,1387.47593,True,False,False,4.518412331782036,4.586261061126632
30.041344,22,1387.642276,True,False,False,2.537137258126287,2.3552584869012336
52.446439,56,1390.324125,True,False,False,6.945376068850654,6.665385313931269
35.09127,25,1390.512933,True,False,False,3.1183409050326754,3.2468417937670098
44.119366,45,1390.861405,True,False,False,5.6639253173042405,5.033987753794864
48.885756,50,1391.250401,True,False,False,6.0881844405994014,6.013409670933777
-18.654324,7,1391.305107,False,True,False,0.5908257514772635,2.394576254381968
52.109702,60,1391.803161,True,False,False,7.113340672405003,6.77484067771828
52.219542,55,1392.243348,True,False,False,6.8473056878200405,6.661167228818424
38.208732,38,1392.551996,True,False,False,4.367704192232041,3.9526682981029433
35.094151,26,1392.776677,True,False,False,3.1046446529943217,3.2452240705459383
26.771632,12,1392.860829,True,False,False,1.4637110370561521,1.5793056319815957
-18.467319,5,1392.899007,False,True,False,0.44238966106347466,4.758785648540658
48.546927,54,1393.308821,True,False,False,6.628046891841696,6.2406799859415365
45.499105,43,1394.670555,True,False,False,5.333454452838379,5.338395165762914
48.690833,50,1396.983905,True,False,False,6.103037819806637,6.077135387152719
43.424059,44,1397.350785,True,False,False,5.169952583338063,5.002573326522012
28.491381,16,1397.490604,True,False,False,1.9017200673532995,1.9666749593724089
30.089553,18,1397.656644,True,False,False,2.167972458434123,2.290702752821075
46.499937,42,1397.987756,True,False,False,5.28208765546351,5.469145113817284
32.623067,23,1398.152838,True,False,False,2.825767446215524,2.7387373284490586
42.137471,38,1398.428331,True,False,False,4.716782861970311,4.72492158607312
43.675102,42,1398.751316,True,False,False,5.220697782126624,5.049053053075303
26.685985,14,1398.852998,True,False,False,1.619651768429105,1.6144474045763315
30.463337,17,1398.98464,True,False,False,2.1001071401240465,2.34167701310255
46.705294,45,1399.299013,True,False,False,5.522887739543588,5.5915512442948145
41.519123,39,1399.574024,True,False,False,4.796135555455743,4.530122584928936
46.305201,47,1399.932869,True,False,False,5.677818422075731,5.475956611668735
36.563413,27,1400.111941,True,False,False,3.3279636647783413,3.5337954728230856
34.885368,28,1400.310929,True,False,False,3.323688597094723,3.2729575666332154
32.576323,21,1400.467037,True,False,False,2.6092240225783616,2.746708598630275
39.382507,38,1400.74199,True,False,False,4.52351073553049,4.218702820680551
37.31716,30,1403.028089,True,False,False,3.6739091285867986,3.732776727304558
31.494469,20,1403.179663,True,False,False,2.3605018767813304,2.4898077237161202
44.36512,42,1403.517847,True,False,False,5.174894154853727,5.159249897606783
41.859567,37,1403.807141,True,False,False,4.59315542482284,4.616301683859923
37.342425,28,1404.11186,True,False,False,3.500178566873412,3.698005328883076
27.261161,13,1404.241059,True,False,False,1.5345821014511767,1.709709648945143
43.55497,39,1404.625042,True,False,False,4.900249993622778,4.880648887877189
35.314751,30,1404.854507,True,False,False,3.7464167690125896,3.495556894804743
28.867944,19,1404.99485,True,False,False,2.2744976009769684,2.0646509206597203
49.868167,51,1405.390167,True,False,False,6.339157072974264,6.197865400698353
44.767449,42,1405.710161,True,False,False,5.176990547391877,5.206063165271159
32.275298,21,1405.867919,True,False,False,2.518332202793023,2.724600968538311
38.623012,32,1406.106143,True,False,False,3.9348310851560333,3.9441783246600255
41.469491,37,1406.420692,True,False,False,4.543126753960662,4.548738751340961
35.583009,26,1406.641884,True,False,False,3.229345670334469,3.382511602641887
58.062931,66,1409.101998,True,False,False,8.137923605125115,7.770662696235047
29.752412,18,1409.240089,True,False,False,2.1175655725145925,2.205187336324267
35.67871,29,1409.453578,True,False,False,3.4222320538442736,3.349304427784223
34.47495,24,1409.627476,True,False,False,2.9910616844190976,3.0939412009982563
30.194532,18,1409.765231,True,False,False,2.2273863607376247,2.3246523763618954
36.428866,30,1409.998416,True,False,False,3.746431328919225,3.6823501453735585
42.388774,38,1411.253761,True,False,False,4.764202744730236,4.736118366473455
38.841864,31,1411.474622,True,False,False,3.8820162287141478,4.020325158746537
40.205822,37,1411.752932,True,False,False,4.4284565168903,4.353723740792624
28.039145,18,1411.888018,True,False,False,2.0839190239588867,1.9083050180945864
39.007098,33,1412.12979,True,False,False,4.103987965999754,4.032658973903609
28.856278,30,1412.370884,True,False,False,3.6304321589643607,2.203476391494686
32.490337,23,1412.540435,True,False,False,2.6142829584191922,2.7748883583239676
26.570894,12,1412.631368,True,False,False,1.4042971347526498,1.5056856777909338
41.321568,37,1412.931119,True,False,False,4.52946125435565,4.511597852128541
36.642164,30,1413.302122,True,False,False,3.6199305643551183,3.599791899983171
37.052724,34,1413.659085,True,False,False,3.993932553299728,3.753266699484576
27.170731,13,1413.808175,True,False,False,1.4622818685086836,1.7331769757119835
30.948028,20,1414.043084,True,False,False,2.348705986580333,2.4414300988038278
47.353905,45,1416.627795,True,False,False,5.60451141500074,5.715995464908871
27.02962,16,1416.786079,True,False,False,1.972827919510468,1.6582227344568168
27.917842,17,1416.943229,True,False,False,1.8629233362946545,1.8248868412590757
36.203732,30,1417.19049,True,False,False,3.55253710717289,3.440687977828316
41.812981,36,1417.49526,True,False,False,4.518412331782038,4.526730988336632
38.390461,33,1417.783352,True,False,False,4.0106014358612745,3.9845382164188368
33.513876,27,1418.01558,True,False,False,3.3118996145473485,2.915104496104607
39.556097,40,1418.323718,True,False,False,4.6557658121549705,4.42510345853285
27.334838,13,1418.423567,True,False,False,1.5909902576697326,1.7354373487215897
37.770162,30,1418.655179,True,False,False,3.7547370081005695,3.8798476104365625
26.498282,13,1418.758364,True,False,False,1.5079459780246496,1.6234334534395434
26.241028,14,1418.866693,True,False,False,1.6059565776216553,1.5849934750549262
33.976414,29,1419.110909,True,False,False,3.269152760880543,3.1966511923756893
34.406873,24,1419.309951,True,False,False,2.991061684419097,3.1125610673686586
27.592672,14,1419.424528,True,False,False,1.7182694782833101,1.7607151978725537
37.110614,30,1419.71093,True,False,False,3.5899296011260926,3.6264659947400935
44.077059,43,1420.16025,True,False,False,5.240661406713323,5.071072252033455
29.485708,21,1420.331251,True,False,False,2.4413024513097166,2.453092153460647
36.321271,29,1420.580283,True,False,False,3.5108532336106317,3.5956875599633147
30.589567,20,1420.757509,True,False,False,2.481944801964782,2.323312560387201
30.060705,19,1423.380851,True,False,False,2.264001478836526,2.2538118262552365
39.766283,33,1423.626941,True,False,False,4.0518357880437765,4.179051748114574
46.157721,42,1423.926836,True,False,False,5.265535133401564,5.396656039594539
37.251784,32,1424.146454,True,False,False,3.877348065278184,3.6377651281302983
37.065987,29,1424.353202,True,False,False,3.5985057879071722,3.711667197064789
28.839498,18,1424.478965,True,False,False,2.0602479528092363,2.0797913552482945
33.434913,23,1424.634857,True,False,False,2.7402099028139255,2.869309377081942
37.729534,30,1424.864702,True,False,False,3.7382632986104576,3.7496032359495066
34.905779,25,1425.059458,True,False,False,3.1054001510131632,3.2156858336157796
33.920239,23,1425.233387,True,False,False,2.8637824638055163,2.968599261216227
43.285183,42,1425.549991,True,False,False,5.208911257967244,4.876016620319946
29.825682,23,1425.718429,True,False,False,2.5697258215700463,2.350699551127556
41.306353,38,1426.026711,True,False,False,4.77297077300919,4.482985486340105
-17.943182,9,1427.208885,False,True,False,0.7620643699429313,2.6400295711470956
35.09797,32,1427.460322,True,False,False,3.7070953887891793,3.5841547663161264
38.90161,40,1427.77757,True,False,False,5.027529214236355,4.191789364133553
33.13535,23,1427.948389,True,False,False,2.733396270849794,2.925581803558802
33.103381,29,1428.179634,True,False,False,3.545860411645087,2.8603283139924867
34.458658,32,1430.427137,True,False,False,3.9754476617751524,3.232804182637051
28.305568,16,1430.566641,True,False,False,1.82846033838583,1.9268165181186123
43.818143,44,1430.91347,True,False,False,5.299874347292869,5.101862371619796
47.527698,49,1431.276886,True,False,False,5.987643545179342,5.787083341122301
45.425213,47,1431.629739,True,False,False,5.726067431161398,5.362402327846972
46.378048,47,1431.988558,True,False,False,5.76199937078775,5.573976964511014
27.123731,13,1432.086837,True,False,False,1.5315763553662287,1.6704603719421838
39.116027,32,1432.329868,True,False,False,4.009295449327726,4.103703899220082
36.262574,29,1432.545225,True,False,False,3.627457787486991,3.520492195174647
40.785594,36,1432.813194,True,False,False,4.3390947858122795,4.42091177918626
27.350504,14,1432.920446,True,False,False,1.6421593708325155,1.755002535264114
39.137155,41,1433.225027,True,False,False,4.675244171319166,4.217431059253296
42.267354,41,1433.536838,True,False,False,5.040053204717416,4.717567613391464
37.963059,34,1433.779711,True,False,False,4.240321634509561,3.849562544981311
44.506658,41,1434.074862,True,False,False,5.150371545328951,5.068740118916956
31.6526,21,1436.093994,True,False,False,2.5080401587494494,2.625816137259142
31.307885,22,1436.257092,True,False,False,2.6176754385849343,2.531887220696075
30.0333,18,1436.408842,True,False,False,2.1597052604773075,2.2241954801557013
33.188868,24,1436.631603,True,False,False,2.8956120935266187,2.9196855238292745
39.620158,38,1436.939728,True,False,False,4.41782992009188,4.315323085701239
32.731762,25,1437.157658,True,False,False,3.1183409050326762,2.7876335304294555
44.228192,42,1437.443836,True,False,False,5.147660980448502,5.064330808535933
37.77291,34,1437.686641,True,False,False,4.062237626061554,3.821612807325667
33.130805,25,1437.853697,True,False,False,2.9889092720959773,3.0095188154829327
28.255046,18,1437.988002,True,False,False,2.226167306379728,1.9984042499476213
46.12895,47,1438.333368,True,False,False,5.5436822852968595,5.5130754490782135
41.231212,38,1438.624198,True,False,False,4.629844746855953,4.51056367292794
34.315158,29,1438.835118,True,False,False,3.4996981751306593,3.105384107494555
27.162962,12,1438.902534,True,False,False,1.4637110370561524,1.6555430179705501
35.909296,29,1439.120107,True,False,False,3.568043885183488,3.5294076386396624
37.592142,30,1439.332377,True,False,False,3.689383854610362,3.7271889719031734
37.032315,31,1439.539072,True,False,False,3.7088423853864376,3.6650816023199924
48.987426,48,1441.972699,True,False,False,6.042794140915266,6.010011951311954
55.686939,60,1442.413139,True,False,False,7.452634451541671,7.392086841939847
31.469314,24,1443.461451,True,False,False,2.7933639314970176,2.5133328933360266
46.843345,47,1443.81044,True,False,False,5.724083756971504,5.582314389690268
27.755181,13,1443.904272,True,False,False,1.5909902576697326,1.7726875953183434
43.542589,39,1444.187227,True,False,False,4.900249993622774,4.97813055221756
25.785678,22,1444.368316,True,False,False,2.480765072406474,1.8906465534640116
30.501275,20,1444.530448,True,False,False,2.2776699667403557,2.40123997931848
28.482443,17,1444.680343,True,False,False,1.9387663552801975,2.01608510111366
34.802637,30,1444.920743,True,False,False,3.6760010680456316,3.4436638259795864
44.745999,40,1445.219357,True,False,False,4.987607201500636,5.154715072440237
28.347767,16,1445.351188,True,False,False,1.885752888615502,1.9612454954342422
31.9005,21,1445.526546,True,False,False,2.5190367240857214,2.657769648519011
51.614492,52,1445.975738,True,False,False,6.540715105784826,6.483920916320012
26.606231,12,1446.057252,True,False,False,1.3982067226963335,1.5483695599508045
37.766438,34,1446.294692,True,False,False,4.02922518367032,3.850054320264076
27.516283,14,1446.38782,True,False,False,1.5784406445099886,1.7448818886972994
32.5284,23,1446.57017,True,False,False,2.7992346432573623,2.8006453328085135
42.625341,39,1448.857915,True,False,False,4.7849668075806315,4.782992623590297
32.429405,23,1449.050968,True,False,False,2.7079367072937703,2.761628999891504
36.404538,38,1449.380828,True,False,False,4.369384123335356,3.8346788080273275
34.921707,28,1449.638722,True,False,False,3.345860665672596,3.3490215334147555
47.39758,47,1450.01562,True,False,False,5.89589265642803,5.751868165466289
46.56883,48,1450.395411,True,False,False,5.835152420704522,5.665339180902837
42.781475,38,1450.707603,True,False,False,4.772970773009192,4.717623349693654
41.233802,38,1451.003766,True,False,False,4.570853051648615,4.611725589568578
39.419938,35,1451.278978,True,False,False,4.122359842259749,4.194067019759513
26.842796,14,1451.389703,True,False,False,1.5735410683626265,1.7085886846523004
43.519195,41,1451.714189,True,False,False,4.959970271733774,5.065558681393209
42.630185,38,1451.990439,True,False,False,4.741269895350131,4.785892222161414
33.176358,22,1452.163166,True,False,False,2.7215666996068437,2.891535204511476
41.282303,36,1452.429991,True,False,False,4.518206461419453,4.443591910384018
45.856401,42,1454.742529,True,False,False,5.199393023675777,5.3547614111257955
43.529014,43,1455.059478,True,False,False,5.212660839003583,4.99290073911343
36.331615,28,1455.291231,True,False,False,3.3913846852438607,3.533897438531545
29.158411,15,1455.408876,True,False,False,1.8455486988968886,2.0374649571207764
31.437338,21,1455.56747,True,False,False,2.503087748838061,2.4730644992640065
37.704429,30,1455.796268,True,False,False,3.684615349751122,3.7085354386588816
27.159092,14,1455.903233,True,False,False,1.683441275521569,1.7229019201184144
34.01198,25,1456.088178,True,False,False,3.118340905032676,3.103261789880502
36.348948,28,1456.299309,True,False,False,3.4692040557694455,3.5656392245254107
36.121546,28,1456.506933,True,False,False,3.440764664569909,3.461388942870079
30.649685,27,1456.785096,True,False,False,3.21002830165927,2.439881503540243
30.433632,19,1456.934924,True,False,False,2.158758223425854,2.3603610809489277
39.207392,34,1458.214357,True,False,False,4.062713040356706,4.0383952760632535
49.340209,48,1458.5704,True,False,False,6.045762979144978,6.151922936878315
32.107396,26,1458.783791,True,False,False,3.1527669918052212,2.8078454304665725
36.220718,29,1459.041827,True,False,False,3.5367973607566245,3.5254434938567427
41.66146,41,1459.388062,True,False,False,4.929836776961701,4.640979253678805
36.841319,31,1459.612574,True,False,False,3.8203595931512027,3.6806579588417936
29.044615,16,1459.723833,True,False,False,1.9045299368477822,2.0023104279580877
29.964737,17,1462.043761,True,False,False,2.1001071401240456,2.190819284506159
-18.76706,7,1462.095793,False,True,False,0.5503270615124646,3.097172274149437
28.635288,17,1462.221968,True,False,False,1.9337118979031473,2.0494854347884575
41.849163,43,1462.547357,True,False,False,5.008746062277394,4.817848132293577
46.134678,47,1462.900032,True,False,False,5.8119835033125815,5.410458339628498
37.664921,34,1463.161835,True,False,False,4.043131571848477,4.000421807470602
41.455889,43,1463.505262,True,False,False,5.400386626954602,4.564808326926471
48.559568,52,1463.918292,True,False,False,6.275379452973206,6.006729239827215
28.246472,15,1464.039664,True,False,False,1.820501650321835,1.90999579997515
34.81748,27,1464.246171,True,False,False,3.2541490595439813,3.187559125412326
34.423808,24,1464.432605,True,False,False,2.9910616844190954,3.09300687606623
42.665454,38,1464.725159,True,False,False,4.652248386293308,4.718974541139334
43.512878,42,1465.044218,True,False,False,5.0871598026805,4.938713459380673
44.842247,41,1465.353138,True,False,False,5.095330375790619,5.253625908840569
46.181863,45,1465.68939,True,False,False,5.543490398400624,5.414593404479161
38.949638,31,1467.814433,True,False,False,3.8573603830228174,4.074453589287792
31.738302,22,1467.983701,True,False,False,2.6170195122237243,2.5698045367425553
32.267778,22,1468.149717,True,False,False,2.6030066565972185,2.7136266260065
34.834396,30,1468.38122,True,False,False,3.516789428588112,3.282859528667313
49.637573,52,1468.76988,True,False,False,6.3556178340916105,6.099734210117517
28.53078,15,1468.881984,True,False,False,1.8044397663554128,1.925397269268393
31.140416,22,1469.04505,True,False,False,2.539241862239964,2.6017584074570332
39.312875,34,1469.298193,True,False,False,4.049061018338801,4.108851291812836
34.949443,29,1469.508733,True,False,False,3.401528248517569,3.301303437662163
27.577879,15,1469.619121,True,False,False,1.6469065946348573,1.7862269062080653
45.183152,42,1469.929857,True,False,False,5.179421869477257,5.229089886970502
36.651798,33,1470.182612,True,False,False,4.030133246463041,3.7730577363345117
32.21756,24,1470.346611,True,False,False,2.9316477821155953,2.754777067263867
47.48812,47,1470.706533,True,False,False,5.814680884206466,5.770566819425715
45.557592,44,1471.038447,True,False,False,5.462278594471544,5.413299289669325
38.351907,38,1471.316089,True,False,False,4.466387482576027,3.9859343049783633
47.167907,48,1473.527174,True,False,False,5.938873718259793,5.675140920646327
46.979908,59,1474.893301,True,False,False,7.1132446132488125,5.899519585603849
28.993963,19,1475.019899,True,False,False,2.233581085955259,2.039852959268847
56.284588,65,1475.499682,True,False,False,7.846269088716524,7.443707988449227
43.184757,41,1475.801927,True,False,False,5.1548084348499295,4.845931662086134
33.229447,23,1475.975823,True,False,False,2.739355739694612,2.920460509666654
37.639277,36,1476.266053,True,False,False,4.244730030368979,3.934854928764108
48.488429,55,1476.708482,True,False,False,6.580092680229569,6.208550880128462
44.320141,44,1477.039662,True,False,False,5.374110660978084,5.1362245210060085
35.510296,29,1477.253861,True,False,False,3.5277806072578453,3.4458555961605017
47.441672,44,1477.561763,True,False,False,5.53664609669066,5.713155640952635
27.913213,16,1477.684569,True,False,False,1.714637914395134,1.893500018057022
32.273048,22,1477.844326,True,False,False,2.605296200604406,2.6468379540830167
35.884947,27,1478.040565,True,False,False,3.284126184418393,3.414036246886351
28.883726,18,1478.174808,True,False,False,2.0116969496283974,2.0749955745331397
38.968522,37,1480.329904,True,False,False,4.463597106276158,4.241685692759975
35.411091,28,1480.525676,True,False,False,3.4604163144581155,3.4045936814710283
32.737076,27,1480.732815,True,False,False,3.1104937453712003,2.8328665372925244
27.100687,12,1480.82338,True,False,False,1.446935629959506,1.6061722290802138
30.79749,25,1481.010707,True,False,False,2.9262977575873945,2.438022922566251
32.186091,21,1481.170141,True,False,False,2.514858757529409,2.713647265234315
31.302004,19,1481.311035,True,False,False,2.318473347038137,2.5228278995229614
36.433095,28,1481.519688,True,False,False,3.4463105656522877,3.5488277949291036
33.875268,23,1481.701556,True,False,False,2.8528765559700684,2.9611180930238152
29.361717,20,1481.853467,True,False,False,2.3547159156469664,2.1688512280153653
34.887624,28,1482.051954,True,False,False,3.291282730016648,3.1984476975908587
50.835146,54,1482.470179,True,False,False,6.743592830074133,6.39341260715594
33.862993,26,1482.674389,True,False,False,3.155800060764211,2.9860769411732546
33.603213,27,1482.879301,True,False,False,3.1038226210405884,2.936260835632907
35.99339,27,1483.081054,True,False,False,3.3119224801460048,3.466060543160529
40.155263,35,1483.348387,True,False,False,4.184213062382226,4.310961046511916
35.714879,38,1483.639568,True,False,False,4.146886902950401,3.6389262831745133
45.852355,44,1485.810798,True,False,False,5.360196046614838,5.36131866165709
35.177531,27,1486.013075,True,False,False,3.3698681955820873,3.3147537983239697
34.473803,25,1486.202369,True,False,False,3.040838097909921,3.18472713222141
27.433881,16,1486.326795,True,False,False,1.7421626616886539,1.8121773648413992
44.505877,43,1486.652459,True,False,False,5.284677082695945,5.139209468219854
28.250292,16,1486.787398,True,False,False,1.8005977047698527,1.8514470896162423
36.811629,30,1487.008917,True,False,False,3.7547370081005678,3.65915130232856
32.785148,23,1487.170606,True,False,False,2.756060956496115,2.7641335590606353
34.622179,29,1487.394143,True,False,False,3.371790385746265,3.2593828976383565
33.253746,23,1487.570747,True,False,False,2.758932654333035,2.854115563929388
-18.034691,6,1487.618851,False,True,False,0.6278098353563554,1.9192360113463807
48.046609,48,1488.871899,True,False,False,6.022427043434269,5.806278286649538
28.038941,18,1489.003635,True,False,False,2.0795504397467384,1.9946248236186523
46.821968,47,1489.363684,True,False,False,5.667025828284536,5.645200815324518
31.961769,20,1489.509931,True,False,False,2.481944801964783,2.5919925763411484
45.252992,42,1489.826641,True,False,False,5.1822307368316585,5.247428222880156
31.178016,20,1489.985159,True,False,False,2.3545059137047373,2.446046198560906
42.007568,37,1490.275855,True,False,False,4.617119020470622,4.657508336088302
36.17356,30,1490.506201,True,False,False,3.6755833525291406,3.5137322963360194
47.129423,46,1492.821041,True,False,False,5.575603445017001,5.687542307026329
52.993653,57,1493.236413,True,False,False,6.940342934623705,6.8596191823204675
49.173879,50,1493.609305,True,False,False,6.1098618455554,6.104711835679316
27.893939,15,1493.723709,True,False,False,1.7056331747630125,1.8259797033910907
44.486597,44,1494.056929,True,False,False,5.369443367978444,5.188622409844777
38.915262,32,1494.295696,True,False,False,3.9498815470242223,3.986715939796733
33.145777,24,1494.470179,True,False,False,2.9819847355836666,2.822340178638928
37.406297,28,1494.677911,True,False,False,3.4978834149860525,3.731650619007952
33.240416,24,1494.851839,True,False,False,2.962992315114474,2.8623082535961504
34.190715,24,1495.031394,True,False,False,2.9910616844190976,3.076361013358128
55.039548,57,1495.440809,True,False,False,7.188520095195932,7.19227776059225
39.978007,33,1495.685616,True,False,False,4.136574669941305,4.2360130787944925
31.760357,22,1495.839777,True,False,False,2.5348448437174538,2.5524731160733483
44.245638,46,1496.184939,True,False,False,5.489622098498169,5.191038702063084
44.819299,42,1498.442703,True,False,False,5.216257289860858,5.179356853456107
28.740643,16,1498.565304,True,False,False,1.9088165440103353,2.028061658464366
50.555976,51,1498.964101,True,False,False,6.315507556597875,6.339488854297151
30.887977,18,1499.10901,True,False,False,2.21168176007292,2.375728758468883
36.462669,28,1499.336967,True,False,False,3.44801886852293,3.5461614378850976
52.929286,56,1499.770247,True,False,False,7.063385102578962,6.797956447528347
44.846136,42,1500.082101,True,False,False,5.159888577023114,5.177535693570705
32.72743,24,1500.267369,True,False,False,2.727865298095582,2.849488381250934
28.113381,15,1500.384694,True,False,False,1.7586280763980862,1.8789321764904912
28.35735,15,1500.497878,True,False,False,1.7578152550668467,1.8485968057302007
37.187599,29,1500.722259,True,False,False,3.6140631185651597,3.7365419467767613
31.610035,21,1500.88076,True,False,False,2.482605389799392,2.499048862841893
37.998257,33,1501.127152,True,False,False,4.031201859626929,3.8611999394727397
36.612495,28,1501.353249,True,False,False,3.4083408506698496,3.5701997081793486
27.738866,15,1501.463798,True,False,False,1.7349342712557076,1.8064016615163478
40.790988,35,1501.731096,True,False,False,4.311740307323073,4.3550213705884815
46.561723,51,1503.077201,True,False,False,6.046905175988636,5.7329419096507515
30.210287,18,1505.176067,True,False,False,2.156824222779363,2.265110248853657
30.48851,19,1505.314427,True,False,False,2.224835224925301,2.301107788718957
33.437691,27,1505.520314,True,False,False,3.1949790394143567,2.969711098518423
29.815527,17,1505.647243,True,False,False,2.07675980698683,2.188530611325826
46.646141,46,1505.992399,True,False,False,5.521339226743908,5.541679653065184
33.603726,22,1506.153172,True,False,False,2.7365032431919403,2.9828183525900647
30.997687,19,1506.292533,True,False,False,2.2878772252501105,2.4574262928516704
37.338355,33,1506.537228,True,False,False,4.008394455859598,3.9208253600536116
37.34264,31,1506.785262,True,False,False,3.7127127508482674,3.6797770399152676
27.566706,14,1506.88919,True,False,False,1.5937666680006375,1.7172759933359074
40.802968,36,1507.155989,True,False,False,4.4263986275486635,4.357420985440651
45.871525,51,1507.557445,True,False,False,5.963729570599456,5.6728853854837595
41.500339,39,1507.846668,True,False,False,4.656398769560092,4.484916248862592
47.639739,46,1508.192205,True,False,False,5.728357357925547,5.713597170707906
32.893498,34,1508.447163,True,False,False,3.9637740453617156,3.135491626278279
48.308857,47,1508.794414,True,False,False,5.806435064389945,5.842963451291482
32.012798,23,1508.954058,True,False,False,2.738836350775757,2.716121680773896
46.713665,44,1511.16519,True,False,False,5.502179330339708,5.571219144654639
40.468656,43,1511.494428,True,False,False,4.942122311974579,4.46229350998587
40.513761,34,1511.742013,True,False,False,4.263853890554882,4.377344969727851
30.283475,18,1511.885238,True,False,False,2.1679724584341225,2.279727911427214
28.79557,17,1512.015256,True,False,False,2.0287416447613382,2.0747266869764918
48.066198,49,1512.376362,True,False,False,5.925988948619969,5.816778705403839
40.33508,35,1512.651039,True,False,False,4.206022700057843,4.250798333165786
29.995571,17,1512.780194,True,False,False,2.0962349201882082,2.2583381584033924
40.116207,33,1513.023006,True,False,False,4.117172491461231,4.2319166400296355
28.919251,18,1513.157172,True,False,False,2.000995482560183,2.048545727341957
28.523643,15,1513.267202,True,False,False,1.805074317708908,1.9522438257860604
26.158004,13,1513.36525,True,False,False,1.464207884121396,1.5347204285471527
38.376679,33,1513.618357,True,False,False,4.0622753870711374,4.011528286186241
54.377832,60,1514.074268,True,False,False,7.4193720080257535,7.179463804545149
41.018769,35,1514.337796,True,False,False,4.275466369891673,4.437531784150375
30.385305,23,1514.512854,True,False,False,2.672930063805995,2.4564502304412072
32.220415,21,1514.676548,True,False,False,2.609224022578361,2.660200023219053
-15.777967,10,1516.765995,False,True,False,1.0072537736467502,2.358742116523499
33.169778,29,1516.984278,True,False,False,3.2725452874656953,2.9409439424877544
38.125664,32,1517.215492,True,False,False,3.8680385498521206,3.8468978567337455
39.248689,46,1517.559966,True,False,False,5.220863275527146,4.380598552241265
28.033846,15,1517.671106,True,False,False,1.7726312025092654,1.8666606534960004
41.141704,38,1517.950331,True,False,False,4.577430781379841,4.493428593492476
33.841078,24,1518.136069,True,False,False,2.925081598021955,3.036536904221639
37.529851,29,1519.358195,True,False,False,3.594536069497788,3.713492841644389
50.011418,50,1519.735272,True,False,False,6.227358176795423,6.2276999106180115
33.452047,26,1519.921574,True,False,False,3.1621444438402304,3.116913417883011
47.134069,49,1520.294345,True,False,False,5.931766988549926,5.688568665295715
42.767488,37,1520.56573,True,False,False,4.6406703426365405,4.776261079236587
35.196651,28,1520.772033,True,False,False,3.3598439884673,3.271374087029131
43.001734,39,1521.067952,True,False,False,4.878174250471646,4.851206728355308
43.878598,41,1521.359557,True,False,False,5.046131250727517,5.018275574863006
37.929603,31,1523.429118,True,False,False,3.761740685832239,3.7780173287485033
35.202078,26,1523.624928,True,False,False,3.2456201256462545,3.3314011855406718
41.271364,37,1523.914888,True,False,False,4.598899687414899,4.475812775060532
40.147536,37,1524.20369,True,False,False,4.442562440715238,4.24197349307388
43.578566,41,1524.516971,True,False,False,5.015712190425606,5.01076702782625
42.913677,38,1524.819002,True,False,False,4.754306252460291,4.857596444902319
55.709906,60,1525.27342,True,False,False,7.458569168794914,7.372694753473258
48.511336,48,1525.645829,True,False,False,6.0017963107493735,5.923856002107048
38.743872,34,1525.900908,True,False,False,4.061003865723264,4.0652008959961625
28.514953,15,1526.019927,True,False,False,1.794971612360794,1.948915753233269
29.946336,24,1526.209557,True,False,False,2.7609458718905038,2.5069098843384574
37.536043,29,1526.416826,True,False,False,3.618920119755451,3.7739845038970725
27.846385,23,1526.597423,True,False,False,2.4552135076003427,2.09090707091
31.714527,20,1526.767446,True,False,False,2.42253089966128,2.5487575048973428
44.235488,40,1527.080218,True,False,False,5.02752921423635,5.075561977091402
36.378709,28,1527.298173,True,False,False,3.3726195802355337,3.5502647318608727
28.497266,19,1529.295442,True,False,False,2.059116576808152,2.0095322004027563
44.934977,41,1529.597274,True,False,False,5.069835945029226,5.17866839267811
50.004676,52,1529.984646,True,False,False,6.481215154475872,6.3658441248974915
39.354428,35,1530.2502,True,False,False,4.335860921071533,4.172921442203083
33.9494,24,1530.427483,True,False,False,2.9210759181913275,3.078860901485586
41.871066,38,1530.714336,True,False,False,4.71048710622173,4.6195866810154875
28.85362,17,1530.842457,True,False,False,1.9868721752762644,2.044602341427253
32.540496,23,1531.01564,True,False,False,2.863782463805519,2.788238930565429
45.840452,45,1531.351537,True,False,False,5.440005358183939,5.403657973767093
30.106463,21,1531.509827,True,False,False,2.4159761692688226,2.339772921273841
49.077065,48,1531.874939,True,False,False,5.903723084610256,5.942526797844252
47.162507,56,1532.291258,True,False,False,6.591915639458944,6.034936304855421
43.967753,43,1533.536988,True,False,False,5.301505940798991,5.019098965834607
33.470764,23,1533.715669,True,False,False,2.804368561502015,2.968677070848582
35.186162,28,1533.92728,True,False,False,3.4132399656242627,3.3363727496734503
36.506362,29,1536.174421,True,False,False,3.5474705243473057,3.549152389594285
47.854772,48,1536.530467,True,False,False,5.810025997283388,5.800600998324347
50.070646,51,1536.932248,True,False,False,6.214512392157521,6.2724365291285515
30.061515,20,1537.084765,True,False,False,2.3001770179953858,2.2811833514509057
42.805811,42,1537.41621,True,False,False,5.125939892131374,4.821002350622105
38.319864,31,1537.65899,True,False,False,3.787676877166438,3.8432651018473423
29.412519,22,1537.824051,True,False,False,2.580676617125903,2.2410400436912323
46.917779,45,1538.168634,True,False,False,5.630392608764752,5.57008518653908
33.322034,24,1538.351301,True,False,False,2.843156429410601,2.9293934961785193
27.971965,16,1538.475389,True,False,False,1.8645543848335837,1.8739430188553727
27.392292,13,1538.575217,True,False,False,1.5825929361359554,1.6942487677767835
45.013041,43,1538.912155,True,False,False,5.276308592010193,5.2502521698934075
29.669812,17,1539.041654,True,False,False,2.031724911714481,2.1933384031528886
44.111703,40,1539.353091,True,False,False,4.887754716528995,4.980139971881703
55.179131,61,1539.835767,True,False,False,7.340235431966617,7.249125415507837
37.873768,31,1541.994051,True,False,False,3.8653089931316855,3.960389565832971
26.843279,14,1542.102609,True,False,False,1.516531754485217,1.6539029225685158
31.964548,23,1542.276592,True,False,False,2.773907940186405,2.686703433217099
33.146161,24,1542.451794,True,False,False,2.969550189580825,2.9203809839358974
38.920385,36,1542.734915,True,False,False,4.211685130540413,4.073980941565739
41.242084,38,1543.039164,True,False,False,4.627253659892959,4.484641255806998
47.827725,46,1543.378897,True,False,False,5.686818256741698,5.814104142181712
31.947514,24,1543.558857,True,False,False,2.8886067717494157,2.6955200281587026
30.235471,19,1543.706085,True,False,False,2.23936165423007,2.2558703422427495
26.046431,12,1543.797851,True,False,False,1.4042971347526507,1.5267194106274358
53.85476,57,1544.238764,True,False,False,7.144910059668447,7.0872714481063195
34.159405,23,1544.405142,True,False,False,2.863782463805518,3.024387933022391
43.004632,40,1544.736815,True,False,False,4.982275878171878,4.904580688911697
33.808958,25,1544.937479,True,False,False,2.9886869215434873,2.9470659506452663
32.793223,24,1545.125875,True,False,False,2.927015696488171,2.8361140242921477
44.538424,42,1545.455785,True,False,False,5.199274801211759,5.159200267245597
48.419943,46,1545.804273,True,False,False,5.762332198906632,5.837804247937224
33.441284,24,1547.936642,True,False,False,2.9316477821155935,2.889912298868254
39.8888,33,1548.192296,True,False,False,4.074420073420542,4.165762925004999
31.88818,24,1548.383104,True,False,False,2.8401581638820956,2.627620841320366
42.311986,38,1548.688784,True,False,False,4.616695772271117,4.749470490619468
47.079801,43,1550.120998,True,False,False,5.409366876077087,5.605128733374703
36.318063,28,1550.333065,True,False,False,3.4407646645699073,3.53842421531546
43.224518,39,1550.626584,True,False,False,4.840836091319269,4.892678486597848
