#{"t_start": 1789506607.7764492, "env_id": "None"}
r,l,t,is_success,collision,timeout,path_length,start_dist
-26.271795,146,0.81999,False,True,False,4.109795612380663,5.085432292502608
-31.398274,62,0.840246,False,True,False,2.1770421018759687,3.147069757252435
-23.389861,24,0.848441,False,True,False,0.8938535595122584,1.5132183720768433
-36.204067,108,0.882449,False,True,False,5.132462265505389,3.730288177022083
-22.418872,62,0.905248,False,True,False,2.41903017498776,3.6971134380048554
-24.363868,300,1.004087,False,False,True,12.36436916964152,3.8551051459112373
-29.224009,289,1.094594,False,True,False,10.828387090885878,4.632832315200002
-29.227569,90,1.122521,False,True,False,4.181938217158581,7.58763159995416
-45.613968,251,1.207634,False,True,False,11.913390049754547,4.4530981408216235
-25.52629,52,1.223862,False,True,False,1.3806119103224512,3.8878804853678495
-19.758069,300,1.320693,False,False,True,12.973158338041202,5.665509645722473
-28.576772,300,1.415154,False,False,True,10.55924239719499,5.456364679094336
-21.158699,95,1.447565,False,True,False,2.9385606474744788,3.0439811069641016
-24.126626,107,1.482232,False,True,False,3.958236208767195,3.1778873463561923
-17.717684,179,1.53844,False,True,False,8.106925664987005,4.499196799675712
-32.288541,78,1.563086,False,True,False,3.711145617392958,6.481133782344534
-47.725258,158,1.61983,False,True,False,8.15685013530986,3.2979099145120854
-33.10652,120,1.663892,False,True,False,3.9933333602321026,1.789770353769145
-19.447587,78,1.695775,False,True,False,2.597151541999757,7.263755376056618
-20.914745,300,1.809267,False,False,True,7.621174988307351,5.950697477430955
-22.627346,300,1.908739,False,False,True,11.478371530674012,2.8869445011018686
-21.153793,17,1.915882,False,True,False,0.5182880532502508,4.717756046858592
-20.423891,42,1.929743,False,True,False,1.7037837635821167,6.247134948766826
-32.410112,300,2.023157,False,False,True,11.483787279142248,2.1907878542975987
-24.160331,271,2.109783,False,True,False,13.819439887103146,4.47836539950896
-19.846807,300,2.206702,False,False,True,11.135859361478598,4.7600692146993975
-20.210968,300,2.303978,False,False,True,10.606087204400994,4.148493114421394
-21.025459,26,2.312411,False,True,False,1.1978600801897625,5.630342385728922
-35.870362,255,2.394084,False,True,False,13.044367796051787,3.4525019659960328
-32.03455,107,2.552779,False,True,False,2.688035414948139,1.9683628661206023
-25.377068,32,2.799098,False,True,False,1.3026995679470879,3.6088458985167664
-32.134677,90,3.481497,False,True,False,2.5898876832507662,5.081437055010593
-22.081786,300,5.791627,False,False,True,13.390296471903458,4.597719254003938
-18.593776,50,6.197537,False,True,False,2.809703479696546,5.806707653267589
-25.151435,69,6.711328,False,True,False,3.0940722119979385,3.5992844947253633
-15.18612,300,9.013222,False,False,True,12.028974264020523,3.3319502499709297
-27.55536,83,9.650137,False,True,False,3.4995862934800965,1.8598014524922302
-24.238513,300,11.971088,False,False,True,9.37597616374692,5.439595931394689
-35.341322,299,14.863848,False,True,False,10.862902858114467,2.74860747661532
-41.186001,235,16.668779,False,True,False,11.318191071639035,4.953963611908518
-19.032786,68,17.220048,False,True,False,2.042203788534967,5.262219791539515
-24.412104,300,19.55528,False,False,True,13.900991828402216,2.34018136862882
-28.429035,300,22.489199,False,False,True,11.056732820281114,1.5649387699467285
-48.276915,176,24.557122,False,True,False,6.0553074434111975,1.8923565797341575
-17.469906,300,26.963006,False,False,True,11.834665320477571,4.9380447642061025
-19.358065,300,29.642548,False,False,True,7.844803355311617,2.291431559376595
-17.930036,300,32.013371,False,False,True,9.03398034389217,6.506560622992738
-17.628076,300,34.456974,False,False,True,7.839415617385741,2.099798809002189
-23.987158,153,35.794931,False,True,False,5.1753113866919245,3.2302412034448116
-25.305765,166,37.145101,False,True,False,8.483375032630226,5.754430771944457
-32.358211,233,39.164038,False,True,False,7.8296298448468304,3.859741020852988
-20.430111,49,39.55745,False,True,False,1.9225718642217733,2.959387410379663
-10.600156,300,41.967056,False,False,True,11.070274525998672,3.5220241024279484
-22.142204,300,48.122711,False,False,True,10.91534413446438,5.885516139317818
-33.375537,242,50.000939,False,True,False,8.553981051694125,5.233956095217267
-61.807997,267,52.121407,False,True,False,10.509386984229732,3.625329447628865
-23.68948,300,54.515922,False,False,True,12.353121851979155,3.47949315946417
-30.383535,300,56.860258,False,False,True,14.512063244683132,2.8908850508135497
-27.308453,300,59.203033,False,False,True,7.522019202617172,4.331940770896192
-13.814468,300,61.685007,False,False,True,10.395302272410124,2.682337511402912
-33.638599,300,63.961419,False,False,True,11.253507790246106,2.9816729031803013
-28.614686,300,66.332375,False,False,True,15.342259230275905,5.02592671373599
-26.594754,300,68.749686,False,False,True,13.731758671140243,2.4114654286255774
-8.594415,300,71.172936,False,False,True,10.1381020986485,5.110428895601085
-28.822993,300,73.584368,False,False,True,10.290663718771832,2.772304436882885
-54.174043,278,75.791421,False,True,False,10.420610086596819,5.697394117767527
-21.370335,300,78.080316,False,False,True,13.160195103957204,3.700987258132457
21.737075,170,79.382388,True,False,False,6.942846215365534,2.9687222048685213
16.775219,229,81.242446,True,False,False,9.457798647393652,2.782246645411385
-23.684567,300,83.561239,False,False,True,9.616282540512367,2.4929102762115574
-16.848812,300,86.073551,False,False,True,13.53040396994637,2.439538797194815
-26.523176,300,88.433856,False,False,True,12.680035403700153,5.3228068545420815
-26.057612,300,90.816659,False,False,True,9.0637887727571,5.276696739876994
-18.548383,300,93.31622,False,False,True,14.884308851827615,5.294778737343513
-24.533015,300,96.231434,False,False,True,13.626372490226178,4.962275376692229
-7.254546,300,98.592703,False,False,True,8.737457335963294,5.008596013992587
12.519192,184,100.018875,True,False,False,11.113970399046027,1.82039937952892
10.100854,236,101.879442,True,False,False,6.483161255901256,1.8651771570485765
-9.480696,300,104.299021,False,False,True,10.74780486375958,2.903655252223722
-19.746835,72,104.852777,False,True,False,3.281589724685245,4.094016852553878
-2.058017,300,107.743091,False,False,True,11.27983309714598,4.9610911935866975
-20.535035,300,110.199994,False,False,True,9.646338605650971,4.05198041656915
-8.376034,300,112.545622,False,False,True,10.871772127140968,4.044002199953911
-0.765564,300,114.926618,False,False,True,14.844947093217886,6.742370358851263
-20.693618,300,117.280565,False,False,True,11.141047605560061,3.2819718105723656
-19.402787,300,119.665915,False,False,True,11.017947913490183,5.543899508379227
-17.391689,300,122.134711,False,False,True,13.6861245736792,5.559801582814321
-17.739505,300,124.45289,False,False,True,8.666179563024102,3.0938933762224257
-28.836456,285,126.694965,False,True,False,11.808309638900855,5.178219598453364
21.95911,178,128.118855,True,False,False,6.455760954142833,3.045500347201619
-26.064725,90,131.145836,False,True,False,4.267729789461413,4.5620189496227015
-30.234089,265,133.3033,False,True,False,8.429494426707977,3.312316523779864
19.483406,201,134.918421,True,False,False,12.021722277201476,3.1659723763971934
-12.350141,300,137.203269,False,False,True,18.413981843890475,3.9553154201952037
-33.678527,299,139.525051,False,True,False,8.8043190136835,6.211237981679156
-20.297055,31,139.779664,False,True,False,1.156755372738242,3.7241280635299705
-16.691807,54,140.225467,False,True,False,3.7962826379255183,4.282528883588628
-21.650679,142,141.328007,False,True,False,5.21412503579241,3.977749801139201
-19.539655,300,143.684287,False,False,True,13.19687360429734,1.8142998236200012
-17.305528,151,144.917806,False,True,False,8.160256086210127,4.498551921868709
-28.324481,268,147.093774,False,True,False,11.374187155210834,4.87800973659707
-8.970537,300,149.422761,False,False,True,11.030676049272028,4.9943635460701765
-23.136777,300,151.718825,False,False,True,9.384412758642219,3.244215738081262
-22.252039,300,154.068875,False,False,True,11.455882264065101,3.8550746056160166
-23.326399,300,156.339798,False,False,True,12.767446943050327,2.5349406219581287
-18.336541,81,156.948818,False,True,False,4.161001708924175,3.2075126908934295
10.9689,268,159.109421,True,False,False,11.740787245842704,2.3041372686871298
-20.93974,300,161.588248,False,False,True,19.24184707414806,3.247495944971598
-22.985294,166,162.883099,False,True,False,7.645611978148831,3.6745130292633155
-26.717873,300,165.245794,False,False,True,8.491272219180487,3.3437530095632457
29.983008,189,166.733187,True,False,False,8.263326725162248,4.582970091502526
-16.793378,300,169.022878,False,False,True,8.587742043343518,5.442226004372343
7.294992,300,171.415665,False,False,True,11.23308058133048,6.273779056277357
-22.381985,173,172.832058,False,True,False,8.021388349949149,5.876824315848989
6.812227,300,175.163608,False,False,True,11.100744441133964,6.148305632034951
42.413784,299,177.482515,True,False,False,16.192666604920426,8.184668516810417
-31.125389,80,178.096054,False,True,False,3.799884220269048,1.665538873298957
32.187349,187,179.558017,True,False,False,7.92735118046653,4.755147638914856
-24.569942,300,181.906758,False,False,True,8.587748644397218,3.2631619847293556
23.404089,45,182.24545,True,False,False,2.084751254762578,1.8936107569574576
28.989078,201,183.777774,True,False,False,9.388010831893606,4.609401463291672
27.822273,52,184.208474,True,False,False,2.3580687637186264,2.2966329710052404
-15.084837,125,185.15964,False,True,False,7.1726196895305,8.19451461348321
23.448487,242,187.02713,True,False,False,6.806772210929975,4.090176371864154
14.006628,243,189.006371,True,False,False,13.45736385785433,2.6517707276370315
21.34161,160,190.282051,True,False,False,5.803577415479943,2.5131236566576804
29.817644,235,192.106003,True,False,False,11.112824309664715,5.463098774035363
24.600331,57,192.567125,True,False,False,2.542601682280928,1.7976171362416569
-10.033321,71,193.127535,False,True,False,4.4348126398454255,5.956651694339151
24.980572,198,194.69188,True,False,False,8.497059259961652,3.762261790440091
25.077359,138,195.757028,True,False,False,6.693695265011522,2.9886772862027122
-20.192923,74,196.38008,False,True,False,4.812112075377439,2.890142298383897
32.381111,94,197.136544,True,False,False,5.437221938898451,3.8558281603612734
31.708404,32,197.378003,True,False,False,3.2480784456976597,2.8130013538594976
-16.868226,84,198.036137,False,True,False,5.179650094082264,4.47621185817266
-19.044475,25,198.241942,False,True,False,1.2435831739678087,3.4838779259935206
27.749426,39,198.530865,True,False,False,2.181257315846785,2.125444642894954
20.249889,120,199.456585,True,False,False,4.034528422076293,1.943237203714316
33.095071,48,199.856571,True,False,False,3.5971748740764466,3.3009416684177078
27.019851,46,200.230728,True,False,False,3.065925839864664,2.1331578769914414
30.393194,64,200.733153,True,False,False,4.495652539098896,3.0216140165236696
23.934813,142,201.895559,True,False,False,5.290818929395667,2.8308576135985493
28.995277,40,202.213813,True,False,False,3.2893392706142026,2.436981492980168
23.127379,144,203.560792,True,False,False,10.010333199223075,3.280410624857777
24.320297,66,204.275343,True,False,False,2.9698612169879186,1.863587197168035
-9.897837,114,205.268568,False,True,False,6.6579053838937,5.077066338263877
-25.101267,251,207.214986,False,True,False,12.205652733934075,4.93379189669894
-18.843229,16,207.334602,False,True,False,0.9886974771827146,6.0819531333396
25.422772,138,208.367314,True,False,False,7.414212465277847,2.986106161678633
30.489577,59,208.896991,True,False,False,2.9779476937779994,2.8252058966979714
-14.804477,57,209.385131,False,True,False,3.7172708736555826,5.625237675752059
-15.175151,206,212.104893,False,True,False,7.2263403516819515,5.909155061343432
35.381837,59,212.545813,True,False,False,3.9494301721506844,3.823816528967636
25.658272,250,214.559662,True,False,False,10.640368053894477,4.901204414013167
-16.521627,18,214.697673,False,True,False,1.1771885460073859,3.5614892272646665
-21.513807,95,215.574064,False,True,False,5.375181349536563,3.3136230935736437
28.114074,120,217.005698,True,False,False,5.842941914685856,3.3879881342140483
35.910416,104,217.839294,True,False,False,6.108167758578902,4.704171284564224
12.301753,199,219.37122,True,False,False,10.997046854556269,1.904702377930203
42.382506,111,220.265842,True,False,False,8.233492753318425,5.8753212019924534
26.180268,51,220.646418,True,False,False,2.3831183963270233,2.0366981890714286
44.003353,234,222.524448,True,False,False,12.84896931558102,7.870388808936248
-25.940344,300,224.899129,False,False,True,10.84366530557467,3.35824359489233
30.819222,250,226.841306,True,False,False,10.047416937261705,5.242545825707366
24.324795,120,227.770761,True,False,False,6.390974589774592,2.5567152615932884
30.662726,111,228.70254,True,False,False,4.944482199308019,3.53144386981367
35.270408,139,229.766836,True,False,False,7.910045500838524,4.994766951638987
27.390631,91,230.483169,True,False,False,5.9516061219541125,2.806683630318278
36.64233,123,231.458379,True,False,False,6.157147124758449,4.5985677637505304
32.128249,178,232.889359,True,False,False,7.898826503193676,5.413303157709101
27.588858,129,233.992028,True,False,False,5.25345091326734,3.2239642957557355
-10.178903,124,234.983008,False,True,False,6.0165643751318285,4.790392409356772
25.21967,33,235.275053,True,False,False,1.9421889228059646,1.59518622883008
28.543472,41,235.588814,True,False,False,2.358035859571605,2.338498272355409
-15.108693,28,235.796428,False,True,False,2.03606530890872,2.782382040997187
29.522777,64,236.272214,True,False,False,3.950676561749084,2.7369986959958053
31.079917,104,237.158451,True,False,False,5.588354380728259,3.5886466858855393
-11.606245,77,237.921968,False,True,False,3.846299147523948,4.545790588211928
27.768497,219,239.647126,True,False,False,8.827125242457251,4.405892035871637
37.01254,90,240.341181,True,False,False,5.656425128717816,4.448184468590637
-18.034939,40,240.651019,False,True,False,2.021075688380446,1.8593578539016367
35.09888,129,241.680663,True,False,False,6.702705099652959,4.580896217667204
35.826259,104,242.495471,True,False,False,7.231654924931703,4.41447468864052
25.223046,126,243.497117,True,False,False,5.239048940877792,2.974420968488169
28.941106,205,245.102383,True,False,False,11.582926559233764,4.377784017756689
-21.479528,78,245.735494,False,True,False,2.9043308627341773,3.2742092151227227
34.205737,119,246.680429,True,False,False,9.532644041312462,4.45137241211098
29.735454,89,247.372346,True,False,False,3.965361579591815,3.1046553124593483
-16.734438,117,248.315401,False,True,False,5.334916043641855,4.891191455012734
-10.233878,33,248.578199,False,True,False,2.444577434859179,6.715555050352417
21.950649,203,250.233171,True,False,False,9.674409877956514,3.2183146779878067
44.02365,100,251.000663,True,False,False,8.174989711916867,5.93298774618554
30.54326,43,251.335118,True,False,False,3.04921552460956,2.7523755381369623
45.331164,117,252.256475,True,False,False,8.042926220539577,6.099629865423793
-15.363858,18,252.405533,False,True,False,1.151409669280659,2.8607614281260485
-17.760396,11,252.505865,False,True,False,0.6905338870018671,5.016806919401046
-17.506432,17,252.648385,False,True,False,1.0052493107636673,4.7379585688674055
-21.230733,24,252.845623,False,True,False,1.2032370231396148,3.5195995065281727
35.725317,97,253.643157,True,False,False,5.15263929423111,4.169713955948643
30.032706,69,254.161879,True,False,False,3.4235671605278557,3.012126729735829
38.342699,101,254.97152,True,False,False,5.8303160497972915,5.032316133337907
-19.093397,87,255.960276,False,True,False,3.8673215790582884,3.8906961194602654
32.716602,51,256.536211,True,False,False,3.0684887613571945,3.1381202682997698
36.265275,55,256.987774,True,False,False,4.660913489198553,3.9271958200848824
32.890645,205,258.654423,True,False,False,7.923829531243572,5.107540445533245
36.150125,70,259.228453,True,False,False,5.228977814901803,4.37579896615128
26.347922,42,259.553061,True,False,False,2.5101077091081363,1.8822692656547966
26.758987,63,260.043792,True,False,False,2.9592919816594367,2.2329113585714087
1.123867,107,260.923431,False,True,False,7.26015292745434,7.230836507330263
25.023534,87,261.599105,True,False,False,5.129762443638565,2.38338283905876
27.144528,58,262.060616,True,False,False,3.2258788251847674,2.339636447275266
27.011805,138,263.168923,True,False,False,4.76084840167025,3.317648057368419
27.300348,42,263.503546,True,False,False,2.592271437483889,2.0317548372895695
25.358095,77,264.110535,True,False,False,4.430151900900921,2.160840861318391
26.569129,23,264.280401,True,False,False,1.689747329263987,1.7183426173183396
27.561926,51,264.677567,True,False,False,2.4230995286528176,2.270689520243714
36.533112,214,266.556888,True,False,False,9.106882759350343,5.988086162637445
39.237865,185,268.464819,True,False,False,14.493487929683294,6.205021598798744
27.882281,37,268.819776,True,False,False,2.6445886751306853,2.2029212228782638
9.437559,300,271.324017,False,False,True,14.891770244024963,6.608694637252491
21.64929,153,272.549304,True,False,False,5.272431225441302,2.4087660990293527
-7.485691,300,274.931234,False,False,True,9.457869340455318,4.337226051105356
42.605353,130,275.973857,True,False,False,9.510955348621936,5.968651303730519
39.020284,139,277.061696,True,False,False,6.833456849269596,5.403800350550123
42.675178,87,277.72292,True,False,False,6.745798143906087,5.228609997995061
29.139088,59,278.226383,True,False,False,3.8028217089361576,2.57928522699522
-3.435374,86,278.911728,False,True,False,7.054931642044626,5.019565046389731
36.256632,91,279.592832,True,False,False,7.16864963126807,4.6289097551965765
15.731395,204,281.199085,True,False,False,7.18910457639301,2.2409315685544566
45.881179,149,282.345567,True,False,False,9.297653953990755,6.6513299662245515
43.336037,101,283.187205,True,False,False,7.150325000315203,5.551337898221506
23.215703,57,283.647033,True,False,False,2.6250800263177436,1.5567621893841137
26.106811,48,284.02138,True,False,False,2.4737551171313448,2.3285936186132177
36.058795,150,285.420962,True,False,False,10.999646426296472,5.373146486096385
26.502455,106,286.227756,True,False,False,7.804852429029398,2.934020417950379
-20.538007,31,286.554193,False,True,False,1.238261589680245,1.6153950551228196
28.51874,46,286.933966,True,False,False,2.6781676618218326,2.276425515242995
44.166129,152,288.107118,True,False,False,9.346521299726588,6.586537182211307
30.756481,78,288.698558,True,False,False,4.090325001870299,3.0265917486065663
26.852433,21,288.878766,True,False,False,1.5451621274752523,1.7297293595146324
24.564673,174,290.238966,True,False,False,6.493101593049605,3.4769097942027147
32.250385,85,290.883462,True,False,False,5.54720959091478,3.5387645011881705
32.400554,62,291.413848,True,False,False,5.35170893954093,3.405075547692573
33.640384,47,291.775734,True,False,False,3.2550241837641822,3.206229714858925
30.944146,47,292.126693,True,False,False,3.399275107943468,2.8868021471926273
40.205126,68,292.632113,True,False,False,5.891644900076873,4.697464710252809
-17.731755,163,294.856598,False,True,False,6.319454032123918,5.227006566757283
30.096725,77,295.494531,True,False,False,4.946846139901079,2.9650477032552383
28.661323,65,296.078575,True,False,False,3.6887749120147477,2.543470593565062
43.925019,103,296.860502,True,False,False,6.5478396969256,5.870989342076297
32.057078,142,297.977791,True,False,False,6.511742096759722,4.115901973579391
26.371675,36,298.27421,True,False,False,1.8879276344212477,1.8390343987274973
28.236093,73,298.845916,True,False,False,3.1028805484644075,2.612725710295651
30.846824,44,299.202138,True,False,False,2.787065328874732,2.752510850145408
-18.723128,59,299.669199,False,True,False,2.4423657449945186,5.11339778126051
-23.436886,85,300.344339,False,True,False,4.749119663789414,2.2150342734894717
28.859125,116,301.254947,True,False,False,6.493086032012927,3.743329238621746
36.668203,102,302.109031,True,False,False,9.098163493676298,4.74876044726019
46.3557,101,303.016669,True,False,False,9.191765332957257,6.204762976263263
46.729973,106,303.979004,True,False,False,9.963928286648908,6.467381640845484
39.288645,64,304.581894,True,False,False,5.902768845225622,4.596569256651755
-20.200181,41,305.028347,False,True,False,2.095254307514889,1.9958685779629468
41.694381,156,306.225552,True,False,False,11.93837130700841,6.326510564224656
24.317827,26,306.427082,True,False,False,1.6109968704947148,1.5041515857694867
35.221891,80,307.034383,True,False,False,5.788645701791282,4.0407011457898525
-11.264289,83,307.687135,False,True,False,6.442698884580373,6.1262335861652675
35.060418,104,308.56402,True,False,False,7.286597548074086,4.3475214159939215
28.579155,58,309.020619,True,False,False,2.9877623441974412,2.4184742445427014
30.635498,72,309.582375,True,False,False,3.55188488839388,3.003722947715647
38.801968,92,310.292364,True,False,False,5.623225046179328,4.655613807355481
28.170226,66,310.853786,True,False,False,3.6800615405291923,3.044842945907698
30.570366,93,311.596025,True,False,False,5.790209843245513,3.4910268364610415
30.806251,36,311.883349,True,False,False,3.375841361242826,2.7036338454825546
27.834213,47,312.272299,True,False,False,2.885857188072294,2.3589643100963635
25.022855,42,312.641351,True,False,False,2.7005579551036303,1.6717180097188515
28.968331,32,312.90077,True,False,False,2.281843490343297,2.249222624710692
28.939576,72,313.466314,True,False,False,4.885585964946656,2.840288619139608
48.247972,96,314.213995,True,False,False,7.629810998184069,6.361590720324694
43.786874,59,314.665652,True,False,False,5.760868397484813,5.454586087123398
35.786545,109,315.524196,True,False,False,7.971901047604536,4.565452169177076
29.4542,61,315.988018,True,False,False,4.78529645619786,3.102112753562053
-5.157726,154,317.233959,False,True,False,11.045596683919179,6.463632343896498
40.81699,106,318.054534,True,False,False,9.132971949424837,5.149171310398885
32.168583,95,318.786025,True,False,False,5.161767193959112,3.7270505699887417
-14.801319,33,319.067213,False,True,False,2.4588660891039256,2.211151554703967
36.371872,176,320.484066,True,False,False,13.43713218841834,5.681025489276091
39.319767,119,321.398314,True,False,False,6.71457277172639,5.08308215083328
-17.574661,26,321.607252,False,True,False,1.7515004065873394,2.1866221333951747
43.68279,122,322.532509,True,False,False,10.28365048827374,6.115424971888533
35.079265,41,322.84517,True,False,False,4.1757444341992,3.4966908293951913
34.380634,74,323.415666,True,False,False,6.2582607686887535,3.8473945070758493
29.901483,158,324.618587,True,False,False,6.8267443748016,4.1471364228739445
38.535897,48,324.979266,True,False,False,4.817731977541205,4.246656460951778
40.34861,127,326.024377,True,False,False,9.746158702160752,5.413342129097741
33.291935,57,326.503473,True,False,False,4.995719938707101,3.3478331531978487
32.577126,53,326.916649,True,False,False,4.582853449220086,3.21016995041427
28.935007,145,328.09308,True,False,False,6.419542134439566,4.611724140231455
36.763525,57,328.533549,True,False,False,4.398930030024669,3.9895993774614094
37.667924,56,328.990676,True,False,False,4.421451376131518,4.03276720136018
25.686666,73,329.564308,True,False,False,3.305428941481435,2.1038440364611235
46.259699,95,330.320619,True,False,False,8.4794411061301,6.210747461334202
41.402945,173,331.667729,True,False,False,12.655667604699902,6.562795563907545
27.805527,37,331.963861,True,False,False,2.8099956710261025,2.1594213925387478
39.23365,75,332.60442,True,False,False,7.593257534760496,4.643637033923579
44.592404,79,333.231743,True,False,False,7.878761434190087,5.8046853748389005
48.187228,116,334.15642,True,False,False,12.00892831596587,7.017983110874386
32.243042,51,334.60803,True,False,False,3.2937983432837736,3.0217455828252673
39.49138,51,334.993755,True,False,False,5.71124523851482,4.40709546997342
36.176049,139,336.041381,True,False,False,7.5765626796010315,5.024313982583019
32.048234,62,336.570748,True,False,False,3.672586254866879,3.0057761836389063
37.776594,65,337.050159,True,False,False,5.044701723990416,4.233915400663742
31.834088,106,337.970265,True,False,False,7.858912877167961,4.113589958592057
27.679844,37,338.27002,True,False,False,2.426033050954255,2.0538872572776863
-11.219342,51,338.700055,False,True,False,3.963381357299121,5.775345723455336
37.982644,56,339.118605,True,False,False,5.489893433308472,4.41927807432648
46.057572,65,339.614763,True,False,False,6.710589258048412,5.809184407835192
38.596543,136,340.793539,True,False,False,9.729620269254424,5.4395821514663405
34.284134,61,341.269634,True,False,False,5.17932438942448,3.5912068458871906
27.954246,50,341.659347,True,False,False,3.3752740290804235,2.3587849583622216
-1.287126,49,342.055146,False,True,False,4.693485407114304,6.217345626414538
28.353572,32,342.307583,True,False,False,1.963420558682161,2.120936356281827
39.740652,45,342.662722,True,False,False,5.100843539802253,4.395584636924086
29.078037,113,343.580793,True,False,False,7.579376941103953,3.4748571830763977
29.689146,21,343.741237,True,False,False,2.203575407369194,2.3109170278129976
29.904152,46,344.114237,True,False,False,3.4399643550404813,2.583611497686442
35.866199,73,344.693621,True,False,False,5.146062679888404,4.028978125729364
27.272541,44,345.075835,True,False,False,3.261803684076954,2.0549559906247663
40.147183,83,345.729595,True,False,False,5.3158151680013335,5.119524596129116
31.602668,72,346.304604,True,False,False,3.662373657090159,3.066135597221515
44.800713,86,346.972619,True,False,False,6.738596512924172,5.774888639340471
43.423379,120,347.886565,True,False,False,9.944504380290745,6.25250787141168
28.54865,48,348.244997,True,False,False,2.4442269196914976,2.3272624515496707
30.078774,77,348.822273,True,False,False,4.079156835838265,2.8633360384217967
-14.368518,19,348.958764,False,True,False,1.5046379824121696,2.5028665785705395
34.605517,46,349.32599,True,False,False,3.413019726723951,3.404907514472959
24.784013,130,350.352613,True,False,False,8.342137240991006,2.9305032947608933
33.851571,66,350.868796,True,False,False,3.723849135873563,3.4483531144817334
34.944873,53,351.283321,True,False,False,4.0064713100038665,3.699200571817669
-7.671439,96,352.042821,False,True,False,4.507187661528854,4.680226799927987
34.677788,49,352.405811,True,False,False,3.8217886327500117,3.5115679352823213
46.199536,104,353.206332,True,False,False,7.5656499887628215,6.071198075346
34.755458,38,353.503849,True,False,False,3.959678171857732,3.244079884948139
44.175698,78,354.134663,True,False,False,6.849636143040819,5.621904974789629
32.09056,46,354.491251,True,False,False,3.0760931968189764,2.9949419698656423
37.972928,85,355.172403,True,False,False,6.5657969364834905,4.4563434901946986
44.157313,85,355.850481,True,False,False,9.046721052929138,5.631138517110458
33.415106,66,356.385898,True,False,False,4.302999824108601,3.4300962642589625
-9.563816,61,356.861493,False,True,False,5.711366686038503,4.838264867987305
-13.453925,31,357.117854,False,True,False,2.2436194841186783,2.868310534146381
39.839332,50,357.532308,True,False,False,5.450018825948752,4.496232789919449
31.367219,35,357.822291,True,False,False,2.7905528756441114,2.7451168427541437
37.737848,73,358.399621,True,False,False,5.407341195626323,4.289541088196028
40.834616,112,359.268636,True,False,False,10.528917473222878,5.64420924443813
46.091172,237,361.160809,True,False,False,13.14527998260078,7.664193425573948
40.774135,65,361.651759,True,False,False,7.113665035270726,4.852796861894065
30.469391,45,362.01019,True,False,False,2.906114751528659,2.758953320566255
38.423555,100,362.842402,True,False,False,9.798016378985835,4.826632741697551
30.291444,154,364.015194,True,False,False,8.871442512136602,4.115778901145067
30.97682,30,364.243672,True,False,False,2.5901512261807973,2.5887131107213524
34.841752,61,364.736362,True,False,False,5.158718183012952,3.7434298398446355
31.488923,155,365.937249,True,False,False,11.060465821509757,4.3854515372721155
39.290738,57,366.357559,True,False,False,4.625619353645976,4.310538868597373
32.65788,47,366.745645,True,False,False,3.656699890714478,3.1008666330538315
34.751326,63,367.219754,True,False,False,4.929584840647073,3.7617828695173254
-11.933172,66,367.719217,False,True,False,5.9261630586467255,4.890263926638955
37.881771,65,368.237164,True,False,False,4.968965509631832,4.242127346209986
38.874195,57,368.692904,True,False,False,5.071746044198612,4.326774491787683
39.806421,49,369.0948,True,False,False,4.578362251938198,4.388430428079572
-7.962424,102,369.922744,False,True,False,5.560829660663328,6.130202206705111
35.051168,121,370.876544,True,False,False,7.044992004546849,4.3725503918547455
33.084131,172,372.26382,True,False,False,13.323834439665418,4.778640424113592
24.563099,103,373.159593,True,False,False,4.468857532482635,2.319604072392616
32.226914,54,374.505025,True,False,False,6.102147488670329,3.1473068706907417
40.13912,133,375.54651,True,False,False,6.840569255219894,5.702492500731336
4.028636,300,377.857192,False,False,True,13.788217733054797,5.064568356387977
36.283917,215,379.555012,True,False,False,14.276740347025294,6.199914080115357
27.849822,39,379.867819,True,False,False,2.6327266932352917,2.123662697924148
42.439475,142,380.936386,True,False,False,10.094092872106328,5.874506032160048
35.499889,108,381.808981,True,False,False,6.984509813479388,4.372841772820217
34.992988,61,382.325673,True,False,False,5.250258297680779,3.803746205880469
26.32419,65,382.828872,True,False,False,3.903277867774302,2.158610256606112
25.806231,151,384.062093,True,False,False,6.421388621835271,3.2534291129703847
39.897522,107,384.892211,True,False,False,7.493428818896054,5.26520347088354
35.859991,45,385.25316,True,False,False,3.8753053069690555,3.659188289029686
27.605481,23,385.425022,True,False,False,1.9650231853163505,1.9621089558956786
29.75632,49,385.804469,True,False,False,3.4608451537927527,2.6410683589771944
-14.240833,76,386.448952,False,True,False,4.416782017585794,3.6269306261733094
-9.675658,31,386.678888,False,True,False,2.727303179512074,4.941855871169156
33.643493,26,386.880483,True,False,False,3.0296524614395537,3.0463909642465676
48.65456,72,387.451559,True,False,False,7.960836799122612,6.4549243430541905
47.811319,115,388.407055,True,False,False,7.802120057877058,6.44699816967738
28.582271,34,388.68073,True,False,False,2.331777925620257,2.207901298155029
48.149111,57,389.144795,True,False,False,7.149115422214025,6.102246050394927
21.177544,85,389.806504,True,False,False,4.701710332916248,1.8687089781448045
25.180679,43,390.133554,True,False,False,1.7858045857324978,1.708822359959195
29.496752,65,390.674078,True,False,False,4.372047799772957,2.773465652916501
28.186503,26,390.874898,True,False,False,1.89025509716479,1.9814964157737402
39.849445,75,391.446157,True,False,False,6.195748947570263,4.789135653665048
30.180863,39,391.770322,True,False,False,3.2134304273415175,2.5526194680213825
-21.721617,38,392.061134,False,True,False,2.923044101704383,5.937083034646246
37.471409,116,392.970863,True,False,False,9.432974459332401,4.856711638280999
45.423557,97,393.697135,True,False,False,7.5982236693611105,5.901311196923712
45.639179,71,394.272173,True,False,False,7.33564557804973,5.792661757863844
30.085971,64,394.792858,True,False,False,3.5951114669056157,2.8553701310467865
34.48561,32,395.046372,True,False,False,4.1913816880935295,3.289494629151988
36.589942,54,395.460302,True,False,False,4.132608811927923,3.7978569108137683
33.424931,69,396.023757,True,False,False,4.978498379184409,3.4228412854787504
30.886509,27,396.24345,True,False,False,2.6104296796972712,2.5615854599277785
-1.563007,40,396.57106,False,True,False,4.242597453931378,6.137947167512821
30.473803,41,396.915936,True,False,False,3.2032333420197223,2.722918492833832
38.775564,79,397.549357,True,False,False,5.587135204123539,4.492694435707698
25.148329,30,397.790195,True,False,False,2.1969029965164952,1.514800977621768
32.163181,34,398.054132,True,False,False,3.754720227063267,2.8300765581743588
-9.582747,41,398.367079,False,True,False,4.206459250889053,7.9820603309994755
43.822928,80,398.999006,True,False,False,6.139073651515813,5.4880378510178485
29.514953,64,399.513602,True,False,False,6.6906116450276345,2.743198699793019
35.91336,45,399.871256,True,False,False,3.969572172684488,3.6130466500549123
46.098271,82,400.512989,True,False,False,7.587411794867691,5.784405282455793
36.557713,91,401.246472,True,False,False,7.157525284139924,4.336453147326118
27.025427,26,401.448999,True,False,False,1.8576309360319774,1.8479078488478444
23.618601,59,401.894557,True,False,False,4.292053484866741,1.8834197652829563
31.173635,97,402.614204,True,False,False,5.511823284956062,3.348625734041008
24.695374,42,402.926224,True,False,False,2.0410254892758077,1.6502342112202604
41.550565,134,403.985909,True,False,False,7.223685663451926,5.511970241519402
33.688035,56,404.419321,True,False,False,4.489721173331605,3.366728870278117
29.465151,40,404.728772,True,False,False,5.109278956994083,2.470843136960028
31.63576,37,405.018656,True,False,False,2.6739869407797867,2.7520622429667276
42.6277,65,405.563082,True,False,False,5.592071021803135,4.967428233759569
37.663574,123,406.543381,True,False,False,8.322146588691897,4.832825340907577
46.190356,60,407.031686,True,False,False,6.49219593487052,5.761240351515819
38.584667,47,407.392533,True,False,False,4.294545563071584,4.101592766154278
47.45226,104,408.196705,True,False,False,7.0634483888654405,6.277736009776325
26.773825,45,408.540512,True,False,False,4.0654813986039535,1.9828807862436735
31.586476,81,409.138861,True,False,False,4.071921188987732,3.2420836231173626
39.924101,93,409.882689,True,False,False,6.3343852945606445,5.060180447254686
29.682015,37,410.166261,True,False,False,2.1984902403937845,2.3842570380193644
49.55372,71,410.741896,True,False,False,7.868466250968564,6.518097336804779
36.179488,97,411.508726,True,False,False,6.397684319725861,4.238521250285922
29.473698,25,411.708197,True,False,False,2.213965871739788,2.221701685203011
40.000714,88,412.414504,True,False,False,6.244773839828444,4.890193305874717
24.881453,98,413.175615,True,False,False,5.611290283048561,2.4278516397860304
28.024897,41,413.488918,True,False,False,2.2153180655900875,2.1331811208100864
33.772817,33,413.750095,True,False,False,3.371435069261474,3.11211122512919
47.621583,88,414.463862,True,False,False,6.791423206074124,6.164481448723965
37.587042,65,414.957618,True,False,False,6.040935920502721,4.43045036227045
39.399832,87,415.635656,True,False,False,5.701606800100698,4.807915883788085
33.619366,35,415.899971,True,False,False,3.042894305880026,3.1117488138066562
-13.785621,14,416.009316,False,True,False,1.6859289474446948,5.528902430318858
35.575068,36,416.322692,True,False,False,3.5278892372617627,3.517428854018334
38.156894,89,417.073891,True,False,False,7.6094825401329755,4.692927859482849
40.237868,62,417.564852,True,False,False,5.003608377590461,4.672957071614746
34.295069,100,418.374947,True,False,False,5.810617303116242,4.251891215775374
30.976084,54,418.7897,True,False,False,4.192917043940341,3.0765957728921425
23.928491,43,419.146999,True,False,False,4.778589150123619,1.6142791094246203
54.488817,107,419.962252,True,False,False,9.54117329814929,7.582828207549066
46.868437,124,420.945098,True,False,False,7.454552915711753,6.581878581651758
40.281451,58,421.395338,True,False,False,4.89587136596586,4.661380802549741
38.073659,183,422.843716,True,False,False,10.309342700090818,5.925141126882281
36.764313,89,423.547235,True,False,False,6.89853140547918,4.295675517410839
37.40928,58,423.99736,True,False,False,5.553088245980812,4.111953299711786
46.798529,72,424.566645,True,False,False,6.804352684407624,5.98682095511523
45.274943,91,425.293147,True,False,False,7.7802804785717345,5.775918594067667
42.492186,63,425.786814,True,False,False,5.899393145568494,5.079498971309603
42.870816,71,426.329565,True,False,False,5.916704795238509,5.137141410043053
26.447581,68,426.871434,True,False,False,4.145615187727108,2.131829481034213
44.488774,54,427.311691,True,False,False,6.07288007411285,5.409992752131258
43.317473,83,427.959625,True,False,False,6.330702368924316,5.292440848788688
39.728603,74,428.534204,True,False,False,6.523074316086156,4.746038663688168
47.96059,97,429.329956,True,False,False,6.9851631166576835,6.410731178561614
45.668413,58,429.780377,True,False,False,7.065154989056902,5.70432653629949
35.936417,113,430.664607,True,False,False,9.00011703039095,4.55803903216679
27.689033,47,431.018217,True,False,False,2.495336135717679,2.1590957813114975
40.504307,72,431.631832,True,False,False,6.171776484606611,4.834986346544926
47.054792,117,432.624919,True,False,False,7.984058753578739,6.505482632595307
31.694803,188,434.151728,True,False,False,8.483422989516285,4.820708362584342
36.510616,85,434.778636,True,False,False,5.360325479758635,4.323205755295473
33.068191,64,435.299253,True,False,False,4.824485596987744,3.3503110998001797
29.773739,55,435.757669,True,False,False,4.160860486263073,2.6283221021667695
30.38303,50,436.129368,True,False,False,3.8433124227038964,2.884378811809392
36.501891,38,436.418989,True,False,False,4.624499612687373,3.8353258093199143
43.967577,66,436.922673,True,False,False,5.471576086913001,5.437139386761701
29.279293,50,437.306405,True,False,False,4.368008639786257,2.5093457691812615
42.515793,71,437.879192,True,False,False,5.552916899770845,5.113450254700477
37.580602,70,438.421309,True,False,False,5.054014670295606,4.314620684277523
32.912226,46,438.775512,True,False,False,3.3935413067611875,3.2008708061489153
41.568324,96,439.521789,True,False,False,6.458799489745514,5.392218831816764
-16.24308,300,441.909157,False,False,True,11.638506717753254,6.149707041630196
49.194104,88,442.619745,True,False,False,7.40106203967354,6.376518534786563
31.569713,42,442.95771,True,False,False,3.368831221653343,2.883813955000052
30.798727,35,443.235257,True,False,False,3.411541426185964,2.614108681056801
36.253464,131,444.318846,True,False,False,8.447096583448259,4.804804618585627
41.800643,179,445.712986,True,False,False,9.172353989654534,6.230417534049483
27.435341,18,445.85349,True,False,False,2.0316078295474225,1.823508213891367
30.488108,24,446.039301,True,False,False,2.4856656858485406,2.4653287458563793
39.648214,50,446.459805,True,False,False,4.904694258578557,4.508000817387185
45.434262,69,447.047472,True,False,False,7.157108112769374,5.61809477744204
30.700428,57,447.525708,True,False,False,4.039096762025738,2.8752072315563746
36.326392,41,447.850702,True,False,False,3.8449714473365866,3.6855228305084875
30.014447,74,448.424438,True,False,False,4.54225660211834,2.895329147394629
25.187901,139,449.565157,True,False,False,10.050194111750246,3.204464762880774
29.387079,49,449.942271,True,False,False,2.4829115469039724,2.496348476588879
32.781878,29,450.180038,True,False,False,2.9401542645148404,2.923394012402444
42.166817,64,450.681943,True,False,False,6.415701001432852,5.046026366571468
43.479004,145,451.784453,True,False,False,8.120765447548578,6.14726328301693
40.99334,47,452.163056,True,False,False,4.825593896219381,4.565202113998017
48.759436,62,452.64596,True,False,False,6.794758829342194,6.271156702208791
25.049512,50,453.067616,True,False,False,2.917658018202521,1.7797445715101274
31.11606,44,453.418621,True,False,False,4.746014009814472,2.794914980888867
27.509537,20,454.413541,True,False,False,1.8141723664407645,1.8132496284783846
34.920377,46,454.770823,True,False,False,4.359884046881393,3.524856937730037
35.633292,41,455.121025,True,False,False,3.6280377418465997,3.4730444925328485
36.199167,46,455.47655,True,False,False,4.956244107364555,3.731471804023223
35.388926,39,455.791963,True,False,False,3.902737938127623,3.577659415925448
40.685734,59,456.285316,True,False,False,5.653765130869631,4.764618202980787
51.032056,76,456.859351,True,False,False,8.602414422625879,6.958135261982503
30.343917,65,457.372044,True,False,False,5.061432055914885,2.8002301316527207
46.424476,140,458.424839,True,False,False,9.760121443170636,6.801645495819924
45.19774,60,458.87046,True,False,False,6.524173845677017,5.796412037844873
34.502965,49,459.24573,True,False,False,3.7488293931473455,3.465570806254365
26.53881,16,459.397536,True,False,False,1.6687375721569295,1.7332017270355304
39.839044,94,460.110273,True,False,False,7.618848352295784,5.083720047519064
33.874859,60,460.571482,True,False,False,4.925375964184062,3.5202100532768714
20.303148,120,461.523125,True,False,False,6.683146859616403,2.1744358692984886
34.271815,48,461.903871,True,False,False,4.430963201366585,3.426054204241794
38.113273,107,462.74809,True,False,False,8.380634580267596,4.684885922886565
32.514503,29,462.967075,True,False,False,2.7390683450120696,2.902784223061026
-17.086335,16,463.090934,False,True,False,1.2554841021428,5.675722938427304
29.427401,47,463.482551,True,False,False,4.243781593793769,2.5377992552793223
27.034364,65,464.00933,True,False,False,4.730925403842742,2.5701658554657856
27.119677,33,464.280937,True,False,False,2.500582775534328,1.9171390046245296
27.662214,45,464.620347,True,False,False,3.0234154417299353,2.212524320502506
30.817757,64,465.126822,True,False,False,4.962169105334832,2.876696172155505
40.466328,109,466.067021,True,False,False,6.7174565331254765,5.0172224843831765
33.406875,62,466.551372,True,False,False,5.150524713906796,3.35920689426565
38.332733,57,466.989296,True,False,False,4.6320013917048914,4.320115875435014
34.754298,53,467.405076,True,False,False,4.0533795637556045,3.499586832383417
37.377669,97,468.176687,True,False,False,6.455803111150578,4.959247589732963
27.380855,31,468.435111,True,False,False,2.121514174285359,1.9320608770058205
-23.653193,46,468.785335,False,True,False,2.690138885901748,5.029637132481875
33.241421,46,469.141506,True,False,False,3.1965356829354605,3.1488871792417585
44.22059,110,470.026533,True,False,False,9.147498553172369,6.022842163801757
44.92726,61,470.489819,True,False,False,5.845795502622441,5.543465134730026
31.080111,37,470.794898,True,False,False,2.524436812971432,2.743243660007062
25.584438,64,471.287172,True,False,False,3.2403046516846157,2.238664775928009
40.041945,97,472.051477,True,False,False,5.677430187236187,4.831641800293722
40.254998,85,472.796222,True,False,False,5.934744356442825,5.138900826313402
29.743832,34,473.067289,True,False,False,2.9602239981099836,2.439379089878503
-16.539299,13,473.157869,False,True,False,1.1952997486076697,3.4536037302359985
40.4185,82,473.784737,True,False,False,6.091752413269622,4.844285794361694
27.009883,16,473.904177,True,False,False,1.5017425469444656,1.711547336456578
29.700726,20,474.057492,True,False,False,1.9942627551689411,2.2711306229179407
25.571565,46,474.421109,True,False,False,2.4198534346651597,1.7926623869698486
42.306553,59,474.910678,True,False,False,5.911993252537584,4.9638869342217085
26.856602,16,475.038136,True,False,False,1.4529820812555798,1.6763222884601652
33.994235,73,475.597303,True,False,False,7.438788587520076,3.577081197165974
27.551518,76,476.182734,True,False,False,5.7879126026594045,2.6836879763363335
31.785549,57,476.659979,True,False,False,4.518649342408001,3.299548586884157
-20.774999,40,476.995064,False,True,False,1.5966682116994695,1.7267209750146686
26.761846,29,477.223019,True,False,False,2.0288706228912,1.8183823508713282
48.770884,104,478.02675,True,False,False,9.215917722283109,6.887360063804706
32.041305,44,478.372127,True,False,False,3.2390709246779834,2.911844750771482
44.367742,89,479.10194,True,False,False,6.422327161605196,5.597482278564982
38.596038,81,479.720967,True,False,False,7.106528458099318,4.6053399291866235
48.377887,96,480.466994,True,False,False,6.953249541240761,6.390613113913719
52.28922,98,481.260299,True,False,False,10.428587333672166,7.479341974624423
31.814778,49,481.644049,True,False,False,4.225495303564449,2.9478105852006933
36.36015,67,482.166314,True,False,False,6.898504324543961,4.022839981415134
37.385469,66,482.674472,True,False,False,5.676860578813594,4.130962596753191
46.021285,75,483.322565,True,False,False,6.3489510603469475,6.035431301605163
48.884039,72,483.884039,True,False,False,6.655461968591059,6.21555251460874
36.670578,110,484.759504,True,False,False,6.967811407583793,4.8403325855627415
29.58136,37,485.051823,True,False,False,2.55051930989822,2.4351611057354914
40.186995,91,485.774377,True,False,False,6.601942301021975,5.07802063505089
41.126336,47,486.120607,True,False,False,5.409830666528031,4.718150295493812
31.754173,79,486.712682,True,False,False,4.043662170008266,3.553505965438387
39.169336,49,487.0842,True,False,False,4.923389571837684,4.351657576337717
40.640896,91,487.786692,True,False,False,7.048810865341575,5.078903041839528
32.523864,29,487.998608,True,False,False,2.781378337066513,2.7817269851210455
35.367541,37,488.284092,True,False,False,4.43617180809484,3.633146901500562
39.472548,65,488.77415,True,False,False,6.156074782907207,4.557972157319167
28.199396,46,489.135336,True,False,False,2.637494610824408,2.239331856463244
46.579143,80,489.798366,True,False,False,8.765397491886922,6.078915528174957
31.303421,39,490.111232,True,False,False,2.9566812218859737,2.670596277577356
34.939892,117,490.999975,True,False,False,8.440436634504296,4.631116397188184
42.563382,54,491.431458,True,False,False,4.981924206614627,4.995171349932367
38.208248,86,492.137888,True,False,False,7.854799869184284,4.819357802372035
34.484815,30,492.395188,True,False,False,4.333500900665173,3.136680766512044
55.377965,65,492.929606,True,False,False,7.830955240606283,7.422315852398138
30.056911,36,493.226176,True,False,False,3.8253636124680694,2.499498864587341
24.699297,39,493.53597,True,False,False,4.031919376552599,1.659104892394048
34.369345,48,493.95001,True,False,False,4.294831680820745,3.434438888812692
42.972781,48,494.328616,True,False,False,5.559150212394376,5.039686661869351
-18.529949,15,494.462947,False,True,False,0.9391525752950243,3.2454301151346097
28.66379,24,494.648688,True,False,False,2.323818616024534,2.113624464324284
37.146053,35,494.918299,True,False,False,3.959435882561516,3.7609423336188987
38.550457,72,495.478611,True,False,False,6.687275031367942,4.494186962731705
48.699262,133,496.57527,True,False,False,9.218449115177311,6.827756842614986
28.10971,35,496.872418,True,False,False,2.182679550497923,2.1226091451862517
37.264793,92,497.710772,True,False,False,5.409375920442904,4.34476316581408
27.824625,51,498.118202,True,False,False,2.967548123350269,2.304567103487589
36.111648,51,498.501216,True,False,False,4.792011681728599,3.816124445771745
25.062053,45,498.844324,True,False,False,2.5349526413134216,1.6886335704361732
36.846337,44,499.176683,True,False,False,4.006927656148464,3.923455972303477
41.757572,120,500.087891,True,False,False,7.046833441794748,5.506084238172543
46.042663,82,500.729331,True,False,False,6.291176919633461,5.735596678690432
28.584447,33,500.980847,True,False,False,3.23607629039508,2.2155402626958978
31.389218,62,501.450737,True,False,False,4.473542702094903,3.097907952895656
26.746047,22,501.615769,True,False,False,1.5041613689330937,1.7000600497607143
33.64421,56,502.040876,True,False,False,4.235467220178009,3.4433401769223058
29.068527,56,502.51726,True,False,False,3.508020276050126,2.6374575718668463
25.571647,21,502.68686,True,False,False,1.4221255266135233,1.5291069789336535
37.486401,73,503.248366,True,False,False,4.599269673476341,4.125644310286408
26.163852,38,503.54315,True,False,False,2.7023801995885313,1.8350222764597988
25.349951,30,503.785326,True,False,False,2.181639379984672,1.578379257584454
40.478674,91,504.525105,True,False,False,6.578077263000861,5.057901844316992
29.887505,24,504.721093,True,False,False,2.242646257400915,2.327763001478345
31.872729,40,505.028732,True,False,False,3.633888790225962,2.9565489606933464
37.39726,53,505.437963,True,False,False,4.0275245878218096,4.062069633446424
47.748867,74,506.016068,True,False,False,7.20483463756004,6.3414001049563185
-13.137696,29,506.250302,False,True,False,1.7403984527773069,3.555997820276597
30.949711,47,506.618132,True,False,False,2.726845209356665,2.6784954061642594
49.943671,76,507.245801,True,False,False,7.649076839995347,6.756465372022882
26.317683,29,507.476603,True,False,False,2.058727631160212,1.6631501333308354
25.914479,14,507.585794,True,False,False,1.6136301867622356,1.524253295973236
26.757128,51,507.97799,True,False,False,3.604313857927757,2.1140625231898325
45.622965,103,508.82896,True,False,False,6.266375929195108,5.988159469087055
46.485582,63,509.367075,True,False,False,6.399929460775476,5.794890088603654
31.978528,23,509.551612,True,False,False,2.5509331853155213,2.7142728537109115
25.685573,59,510.01905,True,False,False,3.1722570976123863,1.9608142044968204
27.807577,40,510.352419,True,False,False,2.205343645073767,2.048207796948688
50.225986,88,511.044707,True,False,False,7.62937962798135,6.924665909542268
34.297698,55,511.494383,True,False,False,4.802390802264847,3.5417234514050455
37.76358,152,512.654222,True,False,False,7.6895055095512355,5.21938003673622
33.15862,39,512.941587,True,False,False,4.332007896319854,3.1061188018635764
44.493386,58,513.415834,True,False,False,7.7388471953067945,5.513726644998396
-20.525124,103,514.216388,False,True,False,5.034037123021795,2.8559100616949484
28.035754,64,514.70452,True,False,False,5.207533053160895,2.538193955530759
43.127358,52,515.094074,True,False,False,6.381845870753708,5.061134294213989
35.524506,64,515.599059,True,False,False,4.2753646030757695,3.6657019071856025
39.163667,53,515.994481,True,False,False,4.666027355232766,4.234121387145787
43.758722,83,516.64107,True,False,False,5.555573574828023,5.410946747198795
40.141523,54,517.05739,True,False,False,4.8448117548157725,4.577515439013734
35.249309,52,517.490913,True,False,False,6.0716954097818965,3.7010837333596114
26.906869,33,517.742686,True,False,False,1.9249306566070028,1.884144534250581
42.475945,75,518.332821,True,False,False,5.674079792918805,5.042208125624619
33.604897,38,518.622199,True,False,False,4.081128304845809,3.0897168381028486
45.125542,93,519.335949,True,False,False,6.878153746283181,5.864799098784371
28.664515,24,519.529968,True,False,False,1.8697943885387063,2.0820113358911465
29.114866,20,519.694591,True,False,False,2.0687467963482202,2.1886483652438105
36.322538,48,520.070288,True,False,False,4.830449921879089,3.8619635859968273
36.456032,46,520.432755,True,False,False,4.601640813286393,3.8487618224584312
30.381506,57,520.891891,True,False,False,3.749306512409728,2.786423944087816
27.559312,31,521.135006,True,False,False,2.326057001876723,1.9731705238941866
27.725622,31,521.402323,True,False,False,1.9393882885621387,1.9790360921148586
42.527533,42,521.771975,True,False,False,5.165642187299877,4.922358743286657
37.814149,81,522.427184,True,False,False,6.323866789612399,4.4927459477334555
30.847868,91,523.154188,True,False,False,4.697966511578166,3.409565749427123
27.026228,18,523.29671,True,False,False,1.6196255866911362,1.7338495839748675
45.048585,43,523.622161,True,False,False,6.09109206629478,5.3505458011662785
36.247431,44,523.980516,True,False,False,4.04141156864725,3.7539583304336595
32.618285,55,524.421835,True,False,False,3.688912976566324,3.1980731212398754
47.846805,85,525.067294,True,False,False,6.750814406537473,6.118995792731093
34.869311,58,525.525798,True,False,False,5.624578085266655,3.711707979854359
49.390285,62,526.005279,True,False,False,7.602290970937676,6.363638226394174
40.896385,77,526.621429,True,False,False,6.061368106296718,5.1146013478730765
-7.729604,52,527.005899,False,True,False,3.434859364771836,5.960589424473021
50.113401,75,527.568347,True,False,False,8.583171714581761,6.613666154401067
32.016391,30,527.794383,True,False,False,3.5447269489033997,2.843791501117542
29.538455,58,528.258589,True,False,False,4.37249499538407,2.622216557101727
25.742278,17,528.410345,True,False,False,1.5167710179836025,1.5113805238171691
44.28894,82,529.018142,True,False,False,6.022151197988794,5.557434065391782
38.769307,72,529.57837,True,False,False,7.024738281260447,4.9247684136650705
44.652652,86,530.241149,True,False,False,6.947964413245572,5.838818644433606
28.53678,34,530.539718,True,False,False,2.82231027088191,2.1965221692772707
32.476914,31,530.771248,True,False,False,3.513296601608464,2.9011625878574585
26.522236,37,531.059649,True,False,False,3.436734978384811,1.8566321901822664
26.512584,36,531.343059,True,False,False,2.3737683976566353,1.8162251360352173
41.303281,56,531.773299,True,False,False,5.608431614557687,4.7930207030408205
28.572732,40,532.079399,True,False,False,2.519443507196272,2.24734538887662
40.016399,61,532.576854,True,False,False,5.9665117021062635,4.648466718600021
40.659997,71,533.183979,True,False,False,5.521435842584178,4.802425692341777
33.504318,31,533.420119,True,False,False,3.1353867890253277,3.1000592204448023
25.997834,27,534.407982,True,False,False,1.6206109025148419,1.6059639147191036
38.707098,43,534.757041,True,False,False,5.5047844483330115,4.139820704064339
34.163251,85,535.422482,True,False,False,4.924874677856097,3.725874836094207
42.621796,70,535.971237,True,False,False,6.469227099723942,5.237153110766123
42.230878,60,536.447827,True,False,False,4.8798687108911,4.870414098848244
36.606814,30,536.686719,True,False,False,3.813570676218537,3.6081730382085437
39.358758,71,537.297592,True,False,False,5.5996864849567025,4.474535398892785
-12.389257,36,537.57679,False,True,False,2.7934273844927326,7.627020999414177
46.424832,81,538.218664,True,False,False,7.645650251643172,6.0150831942123135
45.330217,80,538.852072,True,False,False,6.691230235173893,5.689100573516603
26.514488,35,539.135974,True,False,False,2.0420697705524633,1.8548993683204502
27.745815,106,539.954436,True,False,False,5.697186883650721,3.182415945088553
45.980715,73,540.521873,True,False,False,6.3363521590457195,5.750860219959088
30.924209,32,540.783633,True,False,False,2.593869991661089,2.5257068174600654
34.676382,39,541.083185,True,False,False,3.7014742772082285,3.3655455242568157
31.022468,40,541.463056,True,False,False,3.3673929405273273,2.627300176888701
39.049014,47,541.821905,True,False,False,4.586336136944889,4.2239079342032095
40.385967,76,542.397175,True,False,False,5.469977676571874,4.850853565354942
33.858068,56,542.834522,True,False,False,3.2081931017001746,3.3153724573527272
38.817806,42,543.163266,True,False,False,4.576732694944756,4.050556642568637
44.378103,70,543.73374,True,False,False,5.497345279732223,5.370471578252188
27.614887,53,544.128951,True,False,False,3.237027906580035,2.2573035910594816
46.407139,89,544.82512,True,False,False,6.688512862767064,5.884521236646225
29.228316,41,545.132638,True,False,False,3.369674913043973,2.7083093181357447
39.32018,75,545.76474,True,False,False,5.397074448977859,4.595769875366531
-20.961,15,545.877074,False,True,False,1.1401998706634555,5.254806650309877
37.320295,36,546.183978,True,False,False,3.98554805157804,3.7766858171784725
48.775124,98,546.964495,True,False,False,8.306677225026823,6.5252703400265935
38.057232,80,547.58692,True,False,False,4.6687220345384475,4.496854623895281
36.075599,52,547.996186,True,False,False,3.844881070248715,3.7013747631627587
32.3068,45,548.362997,True,False,False,3.0972308537932913,2.9581212290948744
33.535824,44,548.710976,True,False,False,4.40624387446531,3.282560700847116
32.126169,41,549.010331,True,False,False,3.498659685866037,2.90863037813827
44.744375,53,549.415379,True,False,False,6.203159623916273,5.314911838693572
40.353875,63,549.90642,True,False,False,5.351238843885103,4.823860718282483
32.778231,33,550.162654,True,False,False,3.0186465222453998,2.9665250078219914
-11.088614,41,550.475097,False,True,False,4.2366123040124934,3.3528575780912395
24.14108,54,550.897684,True,False,False,2.8841524399255456,1.7408106243616164
47.855681,59,551.355025,True,False,False,6.739724447434719,6.020523625549237
35.900907,89,552.099408,True,False,False,5.155113653074052,4.156690809543475
48.552797,69,552.672265,True,False,False,6.534465956293443,6.384023129264104
43.489632,133,553.73861,True,False,False,8.697017008273079,6.160910568695901
24.788563,59,554.241749,True,False,False,4.118329064804996,2.2925297436454026
44.425448,84,554.892876,True,False,False,6.405085351762701,5.773664319216964
38.510667,49,555.266403,True,False,False,4.641827933414952,4.116859939073999
30.729423,25,555.46538,True,False,False,2.52775837785056,2.4925422847593484
33.444098,38,555.764791,True,False,False,3.241662020746959,3.1527442522266815
32.575846,45,556.105261,True,False,False,3.275370203194465,2.982543615397501
39.816218,78,556.737181,True,False,False,4.925166094198264,4.58547048348614
39.139493,59,557.198879,True,False,False,5.698633972352112,4.464721616878188
40.3501,50,557.597325,True,False,False,5.353672244278676,4.531010862318376
36.440014,42,557.917372,True,False,False,4.072840064353788,3.6961973246029847
25.847975,19,558.057988,True,False,False,1.4357457748553581,1.5742608422124915
31.252277,42,558.411017,True,False,False,3.2490888467212398,2.87445348639634
35.33171,31,558.688074,True,False,False,3.8529867919555905,3.451127301524108
28.647183,32,558.958558,True,False,False,2.4919494251566072,2.1587183686704052
34.940441,59,559.415575,True,False,False,6.21550940432494,3.701944226044037
43.617387,125,560.390583,True,False,False,11.686426095369344,6.245133413334814
46.57137,54,560.841806,True,False,False,7.060877549142811,5.720828274802794
38.10563,69,561.367937,True,False,False,5.585989254407518,4.3698816414109904
27.692418,17,561.505332,True,False,False,1.622482572755219,1.8380511593935063
48.564394,66,562.013878,True,False,False,6.807920168866714,6.200918964916122
41.394038,65,562.516424,True,False,False,4.915779811769791,4.8410002815917235
44.369048,65,563.077912,True,False,False,5.414622241959673,5.338020947776768
41.896959,43,563.405607,True,False,False,4.941591446694591,4.627095366266777
25.658018,19,563.560287,True,False,False,1.519316920184433,1.5389281429734925
28.430067,106,564.405006,True,False,False,4.856664055916885,3.1150184116672386
39.908408,79,565.034996,True,False,False,5.563491980327246,4.762809232818289
38.263326,64,565.531535,True,False,False,4.393331718930922,4.226112671648264
45.421598,57,565.977622,True,False,False,6.059201982835361,5.585234211937786
30.582052,31,566.209528,True,False,False,2.541883022678432,2.482229584890726
40.248431,66,566.720407,True,False,False,6.571741549253354,4.743427575496835
43.697468,66,567.27411,True,False,False,5.565741567046839,5.303759988094348
44.015267,48,567.636383,True,False,False,5.5063077481482825,5.121794834604223
41.344577,54,568.051718,True,False,False,5.211396657328602,4.773518348069908
27.656467,72,568.598249,True,False,False,4.42790186965648,2.423560817221905
26.414349,60,569.06288,True,False,False,3.2441786776946717,2.0525221641856217
42.542596,94,569.796894,True,False,False,6.729180024082739,5.317189490722353
29.021254,29,570.021735,True,False,False,2.359757012262898,2.233424061907834
27.067927,27,570.217055,True,False,False,2.536406206343087,1.822767557767814
39.169673,76,570.814881,True,False,False,8.02055926585577,4.720753255875343
36.63222,105,571.653841,True,False,False,8.254571143886837,4.619782324180261
22.141865,73,572.210119,True,False,False,4.337639815937516,1.5282413726713988
32.933895,36,572.500932,True,False,False,2.931009015533323,3.000367306412148
27.558229,93,573.225589,True,False,False,6.2557295240039625,2.926132437110509
29.682556,37,573.520733,True,False,False,2.77712609163889,2.4005715825522542
40.480217,71,574.082135,True,False,False,6.3068479857489015,4.971071997548314
28.569324,120,575.013566,True,False,False,5.862921522085413,3.110301388063107
40.405031,43,575.35383,True,False,False,4.5400519068903,4.5880065425188254
53.05751,111,576.235924,True,False,False,10.041921916260991,7.641199287904777
28.534467,150,577.421036,True,False,False,9.702728817678716,3.783302384554369
30.338913,36,577.708714,True,False,False,2.77761855643128,2.601576313984628
38.98288,76,578.353074,True,False,False,6.40292191722067,4.650136158808858
29.98512,36,578.634897,True,False,False,3.0675063080904694,2.453112339083591
34.599653,49,579.00733,True,False,False,3.8443602651883952,3.6989894964591787
38.319204,51,579.413155,True,False,False,6.913759562161854,4.2774570157014065
45.887319,131,580.449665,True,False,False,7.351696545073991,6.33437782554172
40.972425,61,580.924598,True,False,False,4.769661436351189,4.731928311556417
42.987964,127,581.889378,True,False,False,6.496431374517098,5.724535962601717
42.578238,59,582.385166,True,False,False,5.1778075050704695,4.8972158218819635
27.381928,24,582.578244,True,False,False,1.6729598628530407,1.8388281501117592
-13.632576,44,582.91179,False,True,False,3.3583384142404453,2.3615637831563965
36.285123,92,583.65289,True,False,False,7.055120794796513,4.3306558553510275
50.358743,73,584.205504,True,False,False,7.479481691164779,6.788820860268197
44.550285,99,585.003334,True,False,False,7.55237234156754,5.761807840305705
38.860668,55,585.412134,True,False,False,4.384754242047905,4.281714418888299
34.657288,33,585.670622,True,False,False,3.339844349621081,3.2704623117551304
28.659303,17,585.796964,True,False,False,2.1194093836768797,2.084134811511324
-10.910379,49,586.181475,False,True,False,3.1236636792358428,5.081212880003244
45.543865,64,586.715083,True,False,False,6.647836369942749,5.614137507533728
45.312936,100,587.501701,True,False,False,8.921024575740352,6.121553409385602
42.264499,91,588.228956,True,False,False,6.4240371266662,5.5122271665038225
43.888197,70,588.816628,True,False,False,6.400465111701125,5.295851356789419
24.791732,61,589.296554,True,False,False,4.841716290701031,1.8125289929119741
34.387186,38,589.601758,True,False,False,3.344090503487564,3.4026193490640524
29.271282,19,589.741093,True,False,False,2.1534473204837825,2.1300121127527563
32.596074,30,589.969735,True,False,False,3.071407565134969,3.0867844340549797
27.946013,29,590.209569,True,False,False,2.4735938056901468,1.9821213827336412
35.385401,56,590.64595,True,False,False,4.352044426463729,3.664975681507147
40.521613,46,591.031949,True,False,False,4.852947120361678,4.536956146485835
42.643931,65,591.526913,True,False,False,5.691529882073061,5.13836140263705
47.878342,78,592.127272,True,False,False,7.749771826999298,6.342683001329582
40.838237,75,592.726744,True,False,False,5.86706117771458,4.787187607022346
29.2494,91,593.490588,True,False,False,4.63763852276157,2.9498690242709458
42.236843,50,593.877509,True,False,False,5.014774094687339,4.868094581820269
31.020085,29,594.140146,True,False,False,3.2776854040630714,2.59632089434193
41.929653,73,594.701534,True,False,False,5.6885806660137685,4.916463246399575
41.752593,45,595.063095,True,False,False,5.177390912884724,4.708983240336166
34.489294,85,595.775898,True,False,False,4.489992018074719,3.828122579951253
32.319453,59,596.27703,True,False,False,6.119612485622001,3.2803283424001024
35.196815,57,596.744539,True,False,False,4.361223717041768,3.6429612040998314
30.416172,25,596.964613,True,False,False,2.6892616347267855,2.4656415562387335
30.374468,26,597.192741,True,False,False,2.359480016430655,2.443687410511986
45.125614,43,597.543982,True,False,False,5.679135611924106,5.275652796214757
35.453993,42,597.885993,True,False,False,4.399542998209197,3.675162906937456
24.444025,51,598.301748,True,False,False,2.697157565691881,1.5914525204656054
42.341622,90,598.985982,True,False,False,7.921367542877325,5.314030409141008
-16.923982,28,599.198047,False,True,False,1.8367687708741929,2.5555508111837164
28.941263,33,599.46946,True,False,False,3.5086783043880145,2.274796724697474
30.928412,43,599.813252,True,False,False,2.902306479221899,2.6737547940382798
35.65253,45,600.156364,True,False,False,3.8538249915604155,3.6898973872840672
35.578853,51,600.565416,True,False,False,3.641621518253847,3.5654718953718976
40.440248,64,601.060334,True,False,False,5.905224666760857,4.6414484791770665
42.265612,74,601.653388,True,False,False,5.698041755807468,5.171230839167496
29.335348,117,602.58017,True,False,False,7.800416400316728,3.319297950885636
41.434318,72,603.131326,True,False,False,5.472927438830465,4.7973899482752165
36.680597,49,603.532745,True,False,False,4.522837456851,4.07008256305937
44.57464,60,604.056968,True,False,False,5.856906706207496,5.424525233937411
50.391813,104,604.884845,True,False,False,7.558901009190166,7.100576697825164
27.146115,17,605.009431,True,False,False,1.546065749863903,1.777925878071685
48.43049,88,605.705041,True,False,False,6.98449180347353,6.377773426070562
42.929175,67,606.276811,True,False,False,6.903713921255487,5.224382975185593
34.370531,38,606.569961,True,False,False,3.0744393349871166,3.2455628705485915
42.231615,56,607.023547,True,False,False,5.822194147142819,4.993676902078212
43.331263,72,607.599636,True,False,False,5.538477243276392,5.167253743795189
53.3504,63,608.148983,True,False,False,7.986014157307838,7.144284475836835
30.090832,50,608.563005,True,False,False,4.743246886943772,2.7218898337395547
40.394018,56,608.986829,True,False,False,4.6476995706201985,4.44186848615142
30.661188,37,609.278435,True,False,False,3.1553925198481565,2.663305682225011
28.701049,32,609.518912,True,False,False,3.0875128097862805,2.220561230672457
25.502604,145,610.621785,True,False,False,8.013667499603905,2.9457139507849868
27.296215,31,610.860976,True,False,False,1.8971099148664907,1.967612922814098
36.336172,30,611.101229,True,False,False,3.6759563560885145,3.579463244991889
43.479534,54,611.506734,True,False,False,6.353136560845745,5.241041471730107
-16.27079,55,611.933711,False,True,False,3.519201231871152,2.416667083443102
26.576423,12,612.025203,True,False,False,1.3892218480986631,1.601035091750985
25.58484,52,612.439565,True,False,False,3.9433384969356666,1.859069905491316
43.658052,69,613.029464,True,False,False,5.6273971739141,5.244079677023342
33.964065,45,613.3712,True,False,False,3.4873643439389213,3.187523955731116
30.742523,37,614.375193,True,False,False,2.673164330150149,2.63191898623857
40.192825,64,614.907229,True,False,False,5.575278960285383,4.714502925366068
36.544629,38,615.198637,True,False,False,3.772692172851225,3.664961765398676
-14.810899,13,615.296296,False,True,False,1.3352272408754506,4.983663602920075
32.226243,36,615.751057,True,False,False,3.2592634582537565,2.9166826693742474
33.793804,39,616.051567,True,False,False,3.448433443523143,3.2236220024307403
29.970484,35,616.313797,True,False,False,3.8274793164195478,2.486332113069335
46.272612,89,617.035614,True,False,False,7.754967827062788,6.0782438253113495
33.278373,59,617.479404,True,False,False,4.24766633558891,3.3273366618446136
49.81921,55,617.903004,True,False,False,6.520455153762514,6.334663280259435
32.047716,70,618.443427,True,False,False,3.8074130370246766,3.257923802602524
31.381353,42,618.768643,True,False,False,3.4032522498075175,2.8495422336900638
52.142396,102,619.607699,True,False,False,7.784431641451906,7.1366159761679215
36.932434,40,619.916737,True,False,False,4.228204960417965,3.8421528847858815
38.193681,86,620.635116,True,False,False,4.555148241219266,4.370156040310655
37.681848,74,621.227728,True,False,False,5.292375006688825,4.514680415780803
32.829435,49,621.602294,True,False,False,3.5092246065489374,3.2470494452627854
28.25408,18,621.755541,True,False,False,2.067314954169926,1.9682339345668618
29.674666,61,622.234049,True,False,False,3.1118700740496177,2.905004186282766
44.475543,137,623.347177,True,False,False,8.219599076643991,6.15950150783823
30.374488,32,623.60094,True,False,False,3.7513293755503945,2.5226544935668067
43.980626,67,624.127975,True,False,False,5.904458493326094,5.437318913941374
36.459933,32,624.381285,True,False,False,3.7868722688129774,3.6986570514533534
-9.222098,300,626.718081,False,False,True,14.78817599137617,2.47970038243771
40.165207,62,627.185249,True,False,False,7.1346166981935,4.634685148010703
42.778964,45,627.544597,True,False,False,4.968665156156445,4.973096925509432
37.496062,44,627.905322,True,False,False,3.701359286743524,3.8380417024569815
48.148648,110,628.748352,True,False,False,7.087520000356029,6.550447977950959
44.521969,89,629.430782,True,False,False,6.671221064903927,5.526769174467652
41.303464,44,629.773297,True,False,False,4.706055203697952,4.588666870945853
32.570807,75,630.331993,True,False,False,4.552078447712235,3.3262230330075333
41.434351,58,630.76403,True,False,False,6.723778056957745,4.82288642396375
29.430034,28,630.978492,True,False,False,2.7575748543912937,2.24327872756768
45.168036,88,631.640132,True,False,False,6.236426004156149,5.8031825610914
35.777522,38,631.944167,True,False,False,3.649409516552869,3.579899499827965
40.467143,71,632.544628,True,False,False,4.691915843799286,4.580985521767395
32.056571,29,632.784314,True,False,False,3.375865827960547,2.8283201884651366
40.546474,70,633.351354,True,False,False,6.46920215694685,4.870548175804114
27.673272,30,633.586679,True,False,False,1.9281758165272387,1.9848192515139678
42.850324,54,634.019479,True,False,False,6.085478508459136,5.054604790158899
35.564428,34,634.308376,True,False,False,3.4674355874504785,3.494746979601074
32.980316,34,634.576082,True,False,False,3.098815112679761,2.997752254773381
39.380017,59,635.038954,True,False,False,5.37225991657044,4.322481745950288
29.020827,85,635.693633,True,False,False,4.38145377068808,2.9270576136587985
38.024415,57,636.149332,True,False,False,4.875755812353502,4.246207183886087
45.117063,81,636.813739,True,False,False,7.521168796761122,5.885409110965292
43.100311,52,637.219039,True,False,False,5.480271747971978,5.096906400197761
31.466647,27,637.435172,True,False,False,2.545539932695751,2.646138886380423
21.658903,100,638.212431,True,False,False,4.264055472828406,2.007264966710206
35.176047,39,638.537343,True,False,False,3.2916848945195047,3.388537228164884
35.852804,53,638.9529,True,False,False,3.8978319045932888,3.777551319910186
36.642414,43,639.274938,True,False,False,4.234792125268486,3.706103357988596
32.350293,38,639.575872,True,False,False,2.981321050806423,2.8764121647978422
31.223608,23,639.762085,True,False,False,2.5114420980758556,2.6026883004056267
27.136954,55,640.180117,True,False,False,3.2082607822198836,2.175071783145733
34.288409,40,640.506245,True,False,False,4.529729209470769,3.3204179759794568
41.948368,90,641.21628,True,False,False,7.841476581821177,5.452494036277133
33.93612,29,641.448866,True,False,False,3.058828130983047,3.1275077889441443
44.248741,77,642.021353,True,False,False,5.5969254270230495,5.317859024556657
40.203976,72,642.575225,True,False,False,6.395381436744863,4.927039942384882
33.006551,43,642.947278,True,False,False,3.2206996388844633,3.0053779039349213
46.484804,99,643.696607,True,False,False,6.094359008850186,6.026426222113073
31.527095,45,644.039462,True,False,False,4.742209447177754,3.0200180176159286
35.342768,36,644.315365,True,False,False,3.732117509215275,3.4316443735312676
32.837379,89,645.063529,True,False,False,5.354505650070071,3.5737852830309413
27.902375,22,645.249899,True,False,False,1.8192847252816184,1.9622693679269319
28.119346,17,645.391979,True,False,False,2.0202272088983464,1.957602942267124
49.260878,112,646.257253,True,False,False,7.221427119551904,6.613240237550542
44.815415,86,646.932779,True,False,False,6.875037921859639,5.906384754776098
-12.371598,37,647.228449,False,True,False,2.8332831050120912,6.413723725053815
34.262561,73,647.81057,True,False,False,4.950918857985968,3.658680208979727
40.160196,54,648.228337,True,False,False,4.61458995562869,4.491255004245023
35.05553,50,648.622466,True,False,False,4.400437076331277,3.5441971135309944
37.48357,50,649.007746,True,False,False,5.294774089019005,4.125980404257776
32.889942,41,649.347338,True,False,False,3.811569882897543,3.05637349397298
-13.636996,52,649.756816,False,True,False,3.8627803505108216,2.6970654110447585
40.913013,92,650.474202,True,False,False,6.3662366912835955,5.089903561196884
26.785909,26,650.679555,True,False,False,1.98957758952266,1.7846180131094824
42.21264,59,651.137578,True,False,False,5.764140826661609,4.973644545157711
43.151563,97,651.908404,True,False,False,6.195993825727873,5.519721700715928
42.787485,51,652.315445,True,False,False,5.305421731165478,4.917545649020489
35.863502,44,652.663859,True,False,False,3.6280571427804706,3.577345155204114
43.290912,63,653.15859,True,False,False,5.888285721283056,5.21984234888214
34.796037,53,653.595855,True,False,False,5.184561623837188,3.587151831236918
42.211552,51,653.971334,True,False,False,5.127629302597235,4.857565371741842
34.095855,55,654.390942,True,False,False,4.9607770431357485,3.496407910323722
33.308737,47,654.731171,True,False,False,3.1824527605958495,3.140940666205327
38.470954,56,655.144878,True,False,False,5.508806568837655,4.225237660227056
40.983234,90,655.879052,True,False,False,6.069430308938011,5.092171477209158
43.887637,75,656.468929,True,False,False,6.444314723125904,5.416100427059537
32.199074,49,656.842886,True,False,False,3.672960582702811,3.0184341664572325
46.360235,55,657.302378,True,False,False,5.929561441508873,5.659749412685143
25.885124,33,657.576237,True,False,False,2.6166395703510896,1.7149005135218889
29.563137,90,658.29269,True,False,False,4.506441951463694,3.033673476848943
28.120519,20,658.442763,True,False,False,2.0391232461909077,1.9865586707111704
31.178852,46,658.789031,True,False,False,3.593769038815459,2.7625906506710165
26.061267,25,658.984631,True,False,False,1.5287415329617988,1.6223578406522188
28.228803,30,659.209984,True,False,False,2.130027371049612,2.0718973631912982
29.579528,45,659.547355,True,False,False,3.755983772039724,2.4984844792374905
-10.498944,24,659.730453,False,True,False,2.1741745520067184,4.1420395386039734
34.81372,46,660.108347,True,False,False,3.8624878476487856,3.4710005221361944
36.157354,40,660.423013,True,False,False,3.702026337222538,3.570334707913178
34.058587,41,660.757797,True,False,False,4.32329000795978,3.286614977930697
24.509286,115,661.658681,True,False,False,7.148332606904282,2.343132749489265
48.279742,59,662.142538,True,False,False,6.497682615814447,6.11321657851
-11.41448,34,662.461043,False,True,False,3.6687805002960836,3.183683510040781
29.607499,78,663.091465,True,False,False,5.600364561087376,3.0224165899203346
34.426122,49,663.467228,True,False,False,3.668462685279129,3.314507747899864
40.469596,134,664.541052,True,False,False,6.2987417263718655,5.691792667051336
33.183104,39,664.856402,True,False,False,3.2093060912070106,3.0738732429794458
32.708111,59,665.315106,True,False,False,3.699165594050583,3.281811432253463
31.560918,56,665.752468,True,False,False,3.354532955268446,2.9072100451888225
26.104804,18,665.902009,True,False,False,1.4481537381948175,1.5646622647503798
36.132331,58,666.369899,True,False,False,4.122146954662153,3.81220153018668
40.546631,66,666.908173,True,False,False,4.815462156712961,4.677687566213842
48.532381,91,667.626229,True,False,False,7.786911499093601,6.646484157732902
35.284722,39,667.924716,True,False,False,3.578970711232602,3.486002142273353
30.100923,34,668.197929,True,False,False,2.6354246913848054,2.6057168762944434
32.186113,37,668.51207,True,False,False,2.752867168372243,2.8544427832116726
44.359139,50,668.934458,True,False,False,5.6037365115037225,5.327384767399548
39.872544,87,669.63097,True,False,False,5.011831037287634,4.752791217959429
30.261426,54,670.09159,True,False,False,4.2309479233302865,2.788618514421547
41.388097,56,670.525973,True,False,False,5.346866954675295,4.860671712680439
40.18242,47,670.940136,True,False,False,5.052403785255854,4.529770324332926
45.256479,54,671.353177,True,False,False,5.533905202916572,5.372362218354741
45.207445,52,671.758592,True,False,False,5.658902159071541,5.465183992190732
35.8047,47,672.115469,True,False,False,5.289323303751722,3.640443834568651
37.727272,61,672.595274,True,False,False,4.26021606384805,4.183498574214236
27.005364,52,673.065146,True,False,False,2.742262717795123,2.17251319364034
24.581877,39,673.37809,True,False,False,2.5459621068521745,1.619962720101834
30.148833,37,673.667186,True,False,False,3.681137459057085,2.6603490981788824
-15.034069,17,673.789952,False,True,False,1.4515716942901469,5.911674505698723
38.950694,45,674.149183,True,False,False,4.264155452202682,4.1558930924201025
45.980727,62,674.646313,True,False,False,6.946033976978003,5.932207632865723
26.337705,45,674.993013,True,False,False,1.9171641127028818,1.8594506064387855
27.561723,23,675.199192,True,False,False,1.7978726915145318,1.8872557812120865
36.824428,59,675.65895,True,False,False,4.981784242329907,4.323992262874101
38.560273,46,676.026326,True,False,False,5.622934250904486,4.114659133217243
31.026066,32,676.284847,True,False,False,2.7203347005484098,2.6018835838138212
37.581589,71,676.844655,True,False,False,4.83840651181552,4.1525523329072485
39.757959,77,677.482592,True,False,False,6.358536964605237,4.735681045657626
24.160177,52,677.906405,True,False,False,3.118732712844895,1.6865915325371712
26.670442,21,678.075365,True,False,False,1.5470696305672393,1.7463019874254435
29.997839,32,678.336863,True,False,False,2.727183346145659,2.463829101525518
40.840239,43,678.671552,True,False,False,5.053491395996117,4.6579685765458825
45.193349,62,679.151031,True,False,False,6.605692380908993,5.558541690471144
27.032098,35,679.448995,True,False,False,2.2472284982585156,2.1940789690737694
27.547615,73,680.009356,True,False,False,6.886527997443273,2.594987280427361
46.043473,72,680.56998,True,False,False,5.991789704869882,5.730902368455294
25.76942,24,680.764254,True,False,False,1.3875097051235359,1.536402267041521
51.949889,72,681.334468,True,False,False,7.371360753103569,6.753227429606138
39.263972,63,681.863867,True,False,False,6.202331505134753,4.527541137150213
34.45321,81,682.516882,True,False,False,4.303015065365737,3.672392676186737
29.876684,30,682.739189,True,False,False,2.9799223673486783,2.518461145309713
-3.060739,34,683.01043,False,True,False,4.25342741130776,4.110621392992571
34.030109,38,683.298935,True,False,False,4.565722718495636,3.2527848106713817
33.151579,28,683.529079,True,False,False,2.8185472740351063,2.9986455895360637
31.842807,22,683.728456,True,False,False,2.571163334167244,2.699637186435228
31.217242,42,684.070621,True,False,False,2.8981556806527125,2.781297058486603
34.414058,32,684.317129,True,False,False,3.478358942891764,3.2315805315627997
34.824098,32,684.564316,True,False,False,3.3694891300364933,3.290263836842782
40.6073,50,684.955395,True,False,False,4.922113043215846,4.381422747288132
28.128099,34,685.216772,True,False,False,3.0691962468101535,2.131290061353861
29.139354,47,685.591457,True,False,False,3.784193892552478,2.4149737376914397
37.7318,46,685.962034,True,False,False,3.934115258125969,3.906368143676339
35.306166,45,686.327765,True,False,False,3.5969772763579653,3.4804435710216155
37.18002,41,686.65197,True,False,False,3.6460801957577442,3.8346980752016937
41.937197,66,687.167689,True,False,False,5.162294236256463,4.805077517350262
44.727375,105,687.986341,True,False,False,6.838599188396509,5.864445216246428
43.282761,146,689.178576,True,False,False,7.864271915202958,6.05538244942203
34.836719,41,689.502464,True,False,False,3.4887967316161035,3.3674629365079047
34.522828,50,689.886427,True,False,False,4.990150637647234,3.657484550007413
31.933827,33,690.14405,True,False,False,2.8210714896923785,2.875290257554167
34.304729,43,690.521606,True,False,False,4.176916947463379,3.3906643396834117
36.026108,38,690.838477,True,False,False,3.9426452585284943,3.6234458510219945
25.936289,72,691.407491,True,False,False,4.220379777031874,2.197369755227571
27.302748,30,691.64076,True,False,False,1.996774561436264,1.9702148116358535
41.350632,60,692.109144,True,False,False,5.665736087709253,4.8842566058062
35.86488,60,692.603235,True,False,False,4.489883664272228,3.8380123117412075
50.271042,62,693.082597,True,False,False,6.781001128956781,6.395197019185494
26.707877,17,693.208932,True,False,False,1.5677444381755157,1.6995605098545934
30.286973,27,693.438736,True,False,False,2.398927507686364,2.430374835872856
38.239863,48,693.809081,True,False,False,3.921119020880214,4.036035233542043
35.698981,48,694.959308,True,False,False,3.837527181852897,3.5275401783433047
42.612954,64,695.474387,True,False,False,5.444981333329483,5.065182152819384
35.477884,33,695.725675,True,False,False,3.563388947395143,3.4650788488032793
28.859398,52,696.126329,True,False,False,4.158757552774184,2.453322692353812
-13.285652,14,696.234735,False,True,False,1.4433237605086249,5.426709558989886
30.484004,54,696.670395,True,False,False,4.322571927127328,2.8513133489113507
42.418266,59,697.15081,True,False,False,5.413813719846848,5.027549128370496
43.411567,87,697.814687,True,False,False,7.355383979381165,5.480267711557381
26.631822,47,698.184593,True,False,False,3.5197600321599456,2.077631726373857
33.86007,83,698.851489,True,False,False,4.729277276759638,3.724091453284167
37.842724,108,699.709425,True,False,False,6.150450367978097,5.0468401368765
40.283622,61,700.187419,True,False,False,5.8228487265419036,4.6494205674170885
30.724983,35,700.453889,True,False,False,3.340109365039469,2.6428332561078878
26.047256,18,700.591169,True,False,False,1.526830080968171,1.5221388771749969
35.417274,56,701.04109,True,False,False,4.245240120625856,3.67178714071507
38.254595,62,701.52732,True,False,False,5.6824484213597515,4.282489505365603
40.718256,74,702.098276,True,False,False,5.848946591932186,4.948381548408752
37.547661,44,702.443266,True,False,False,4.625556531544784,3.9680747741149136
44.094244,69,702.980817,True,False,False,5.929629045453415,5.50032336826567
41.718757,51,703.406447,True,False,False,6.2781604376718425,4.8578447558131455
33.3064,30,703.639874,True,False,False,3.1711077749347707,2.9869970280670883
36.882728,43,703.980605,True,False,False,4.069907983399824,3.821483572881093
24.482642,48,704.366799,True,False,False,1.8678711985268883,1.63801479974927
29.113011,98,705.145134,True,False,False,5.567136177845021,2.9993962421809175
42.870089,54,705.584248,True,False,False,6.19448192843377,5.121647231897043
39.756324,44,705.924225,True,False,False,4.333678529755706,4.285769939185136
39.31056,51,706.314489,True,False,False,4.785409109704109,4.297004996836369
51.920307,55,706.779704,True,False,False,7.74584339088008,6.873259587287471
43.099665,80,707.394566,True,False,False,6.100862665650646,5.390939423960169
39.998862,85,708.029238,True,False,False,5.478118615708,4.6723399720167444
32.677386,37,708.319349,True,False,False,3.1297535635698406,3.0217897285177138
34.171223,59,708.761385,True,False,False,3.986565888473253,3.3769497533327573
41.81304,92,709.459615,True,False,False,6.253769844069651,5.221715702213781
29.148937,46,709.835527,True,False,False,3.409114787471834,2.4096353073453263
-18.981259,4,709.86711,False,True,False,0.2922907859496231,4.522853264359834
27.303875,54,710.277705,True,False,False,4.7426101925332045,2.123730807724261
29.602741,58,710.750556,True,False,False,3.1368664860617734,2.6099926819421357
38.397743,104,711.55709,True,False,False,6.314643966931497,4.918929881049169
36.721548,57,712.033691,True,False,False,5.503681836424869,3.981863691702984
31.323702,49,712.403643,True,False,False,4.3283598507370336,2.937488652740475
43.346607,85,713.055452,True,False,False,6.525846064995895,5.44989422326583
38.325375,54,713.468067,True,False,False,4.483151277475695,4.00438638979835
40.592861,51,713.851495,True,False,False,5.746091520605221,4.786304438022747
28.996035,28,714.067447,True,False,False,2.3447299446547776,2.18133330336488
38.371074,82,714.719437,True,False,False,5.265821439895358,4.7061575220406455
40.645977,81,715.330303,True,False,False,5.187411321408289,4.789831130824495
29.516407,43,715.675688,True,False,False,4.429853405515652,2.4678215698348382
29.270051,39,715.999781,True,False,False,2.533277576728637,2.360989543069652
39.141243,71,716.578389,True,False,False,4.752057444524776,4.518359871536334
47.452787,89,717.294988,True,False,False,7.064561080773366,6.25679653349956
41.121655,69,717.834996,True,False,False,5.034197962235029,4.800577303791661
40.792871,81,718.561767,True,False,False,5.963077180955872,4.9545724428692814
27.460632,47,718.937793,True,False,False,3.1491860691745046,2.126011297187363
45.036234,59,719.409683,True,False,False,5.617120861428437,5.316680378666178
-13.152511,36,719.689507,False,True,False,2.2881362429868375,2.067020101568423
29.932035,43,720.01352,True,False,False,2.823857353842111,2.5649923475063874
35.72294,62,720.522088,True,False,False,4.580963771577894,3.863667926115988
25.969298,32,720.769,True,False,False,1.583873121915771,1.7086188813802492
35.128504,34,721.032509,True,False,False,3.3916200011290063,3.4795775402284965
33.159393,30,721.274114,True,False,False,2.962117239396178,2.965873715787999
44.987555,70,721.818865,True,False,False,6.0348497895327,5.514724788590071
38.989709,75,722.422565,True,False,False,5.405908646898134,4.586879459882644
44.663131,63,722.926598,True,False,False,6.012573148904149,5.500018220471962
26.700714,28,723.142301,True,False,False,2.455197416062169,1.8156486557896048
46.868657,66,723.660639,True,False,False,6.60861974777087,5.985990278982441
46.533138,65,724.190916,True,False,False,6.0328468720687765,5.822572729635793
-9.638216,300,726.560087,False,False,True,18.561997714216407,3.0886708571129944
36.018474,43,726.903414,True,False,False,4.192786980228273,3.71840038493498
28.699794,26,727.110323,True,False,False,2.955740203834011,2.262300607231996
25.717902,45,727.466532,True,False,False,2.070348804073749,1.7933171513918766
35.911621,34,727.723809,True,False,False,3.5664254832776465,3.5472049058540205
-1.708766,50,728.11875,False,True,False,5.082400853785405,5.010629946271033
26.220972,25,728.31469,True,False,False,2.1898920951387737,1.7082820901966653
26.205068,20,728.471575,True,False,False,1.4734195232132954,1.6131637171963915
48.200932,86,729.143381,True,False,False,7.239964153138137,6.240037174612103
36.515268,51,729.544363,True,False,False,3.948059277566178,3.786740363729238
38.244364,84,730.195663,True,False,False,6.672135414212647,4.481403603862797
47.463088,84,730.852318,True,False,False,7.910659726099556,6.365173719585624
41.623482,101,731.718757,True,False,False,8.3695478026559,5.294803612720421
37.551948,34,731.990485,True,False,False,3.8630139733822406,3.901766233946491
43.611096,69,732.564556,True,False,False,6.31556255447695,5.491980957569145
32.75108,32,732.825437,True,False,False,3.6589089640738184,2.9835676540776452
28.665736,22,732.999816,True,False,False,1.930449177672679,2.0009553627234298
44.643426,94,733.79048,True,False,False,6.733680307836945,5.7419388538320515
41.840394,80,734.425237,True,False,False,6.376055494857638,5.234962199565421
48.597,72,734.986913,True,False,False,7.364746509466248,6.3074142668698725
26.384648,35,735.250258,True,False,False,2.6013937087999666,1.8195185010898394
28.392472,14,735.368016,True,False,False,1.7085515375196079,1.8931434732063694
27.537176,23,735.570556,True,False,False,1.879866408398604,1.867526323577239
53.132154,119,736.495352,True,False,False,9.198808747708428,7.430048433674935
27.253576,65,737.009377,True,False,False,3.5724597548397945,2.2696713819757086
32.363684,40,737.320585,True,False,False,4.468391390691766,2.985463126857407
36.897322,75,737.943959,True,False,False,4.332817296123604,4.076117182452097
29.119119,29,738.176772,True,False,False,2.3472485632768816,2.2093727762187996
28.991509,37,738.46348,True,False,False,2.7359286987910947,2.2878536203043986
44.527659,83,739.101446,True,False,False,5.437699669705003,5.448039574553517
32.275764,40,739.400752,True,False,False,3.0205267788328625,2.9105132051923137
44.509659,93,740.113096,True,False,False,6.564850703857361,5.843979292612404
37.811177,57,740.555516,True,False,False,4.929559857560508,4.019813921811433
26.850384,29,740.768214,True,False,False,1.8361648979919858,1.8257034605406937
40.45597,70,741.293273,True,False,False,6.720409074857256,5.091484080178748
31.196492,60,741.760023,True,False,False,5.129908736723165,3.2067962220575126
29.527957,21,741.941342,True,False,False,2.129832392932715,2.2676351387998412
33.676472,53,742.341866,True,False,False,3.8972446384391075,3.322834657877735
31.800241,48,742.713745,True,False,False,3.668279863317156,2.930881108999551
36.912616,46,743.06619,True,False,False,4.612794595654978,3.928238798787281
31.491737,21,743.269163,True,False,False,2.547467966165254,2.526433650621591
40.338215,54,743.748327,True,False,False,4.975516279897484,4.718333217465478
27.07672,23,743.922399,True,False,False,1.7788829290173576,1.84861208245978
41.607753,45,744.29697,True,False,False,4.90447455216438,4.663237299979679
32.008947,32,744.549661,True,False,False,2.920834633041183,2.7844874102426496
26.439596,24,744.737481,True,False,False,1.4267871099582887,1.6257415913982065
34.79272,44,745.078332,True,False,False,3.5199993431346885,3.3918704644626505
38.514565,57,745.529109,True,False,False,4.676779797779289,4.303265004776178
38.258106,101,746.349138,True,False,False,5.852412062995842,4.838320326649749
38.604179,57,746.79488,True,False,False,6.069294411814261,4.415001305047412
43.662091,62,747.27473,True,False,False,6.261493891267616,5.274032455523528
28.970287,36,747.56419,True,False,False,2.309887311192345,2.2897967467868767
25.895837,24,747.759655,True,False,False,1.793140457251792,1.6017976872257267
24.179726,40,748.070003,True,False,False,1.768576862180326,1.506584186977294
44.028877,64,748.632825,True,False,False,6.477442995249411,5.402532138036195
43.581835,64,749.129647,True,False,False,5.219155788831838,5.074907763547337
29.671356,111,749.998477,True,False,False,5.309161406051422,3.3110162293686956
41.514148,65,750.501479,True,False,False,5.1645837796427685,4.844375158986537
34.072659,52,750.923012,True,False,False,3.2509271136356386,3.3812188690371934
36.071059,74,751.512705,True,False,False,4.11320318287682,3.9056418405358775
35.180253,47,751.895871,True,False,False,4.110173178257289,3.6300445524744394
45.956754,83,752.530175,True,False,False,6.167762498798561,5.883053018742712
30.141907,33,752.830072,True,False,False,3.12715824284386,2.529428635546978
37.972963,31,753.063349,True,False,False,4.2825098272634365,3.929037691919513
33.200302,39,753.379444,True,False,False,3.318938489916725,3.2485170216507986
40.548473,58,753.840752,True,False,False,5.064532719231413,4.647695168490947
33.893458,52,754.244402,True,False,False,5.275879802359101,3.390154809020394
27.887561,18,754.385066,True,False,False,1.8893211092875912,1.8394293919667564
57.845915,107,755.248245,True,False,False,9.079021450684305,8.203322356188826
33.0143,40,755.573233,True,False,False,3.6204489487624443,3.379917705535063
28.572633,62,756.096197,True,False,False,4.887561028741181,2.66014672097108
38.225984,43,756.442489,True,False,False,4.580830139818648,4.032981567976538
35.814606,41,756.756986,True,False,False,3.7579102697418323,3.674149683638402
31.684547,41,757.109941,True,False,False,2.756990928891097,2.7662362371076803
36.583453,53,757.516688,True,False,False,5.011661209437676,4.033003948943178
46.48869,43,757.86943,True,False,False,5.828162405270298,5.589423868761574
42.628701,53,758.285571,True,False,False,5.292649528995499,5.02924308988163
25.998415,16,758.409563,True,False,False,1.420580278097692,1.5669236451300685
27.232511,25,758.614742,True,False,False,2.0699606644793263,1.8091839817458295
27.399296,21,758.780602,True,False,False,2.1031184071044473,1.8414796012986692
43.507625,119,759.760369,True,False,False,8.232942916435945,6.0471048115350285
35.228446,37,760.04294,True,False,False,3.5028492469596997,3.460295756303092
31.005235,31,760.291164,True,False,False,2.8381290697029384,2.595028721026756
40.538086,86,760.971351,True,False,False,5.340705018494608,4.95405894209912
37.121119,52,761.409412,True,False,False,4.381870556915007,3.9027794017216637
35.050804,41,761.726552,True,False,False,3.90209723311431,3.603140792919496
38.046833,80,762.347212,True,False,False,5.000641433907368,4.599933184207081
26.378304,25,762.544122,True,False,False,1.883141366793059,1.8312509511501875
39.597092,39,762.828399,True,False,False,4.914550079346273,4.324271627715357
27.889949,24,763.019407,True,False,False,1.8319590436273168,1.9723021944196377
37.678078,49,763.402631,True,False,False,4.320829092056395,4.037467972059102
41.472245,51,763.830464,True,False,False,5.53272049932786,4.868921283707998
42.299012,50,764.204017,True,False,False,6.122761468050168,4.874615986538829
37.182711,74,764.772202,True,False,False,5.306096490042713,4.253760656806824
44.197582,102,765.539469,True,False,False,6.0483785010294175,5.661832151403961
28.696731,47,765.942568,True,False,False,2.4166972963825293,2.3022003332255885
49.497021,72,766.528378,True,False,False,6.952477401075241,6.268364873300786
45.760799,96,767.281298,True,False,False,6.754464091636815,5.94126594171408
40.181776,62,767.788647,True,False,False,5.944283239406096,4.606025679532964
38.96926,54,768.254405,True,False,False,4.493522852636518,4.3737186367061796
37.716555,60,768.732955,True,False,False,5.294281432447822,4.175287360471737
36.24439,50,769.117866,True,False,False,4.818847321651815,3.7755356129310087
30.806989,53,769.522491,True,False,False,4.470619982148042,2.91072778045122
41.051593,52,769.943815,True,False,False,4.484364613441392,4.578142779776541
36.497841,33,770.209905,True,False,False,3.7830355120630754,3.6682443762122454
30.501544,20,770.366306,True,False,False,2.2786878551446716,2.395394454710158
31.170055,27,770.570294,True,False,False,2.4091844772076456,2.541502890255089
35.234499,86,771.234607,True,False,False,6.673658858490576,4.123455663626717
36.567073,75,771.83781,True,False,False,6.846486297745857,4.326264997264718
32.407183,39,772.172704,True,False,False,3.4592035884859356,3.0061914414084914
-21.677699,300,775.182473,False,False,True,11.382803848271656,1.7196901543570957
37.527698,48,775.566839,True,False,False,4.139378147365667,4.042092938418761
26.741392,16,775.688586,True,False,False,1.5946182965019056,1.6714288773752248
51.373477,72,776.300952,True,False,False,7.70419812892545,6.855815704355735
38.231161,84,776.968292,True,False,False,4.857093651609005,4.415508720695163
31.448679,34,777.234573,True,False,False,2.668736734167082,2.7132122645794454
28.130708,17,777.38811,True,False,False,1.8309215619897368,1.9554544210160067
29.584041,46,777.744112,True,False,False,2.4767643193468816,2.4483006026365777
41.194709,117,778.703785,True,False,False,7.924100278658142,5.678764733410753
25.673893,24,778.913691,True,False,False,1.8940621637541966,1.5969371379027137
42.059899,56,779.351696,True,False,False,6.139148511461294,4.936150649474186
29.326966,83,780.019768,True,False,False,4.205534554252063,2.9459796311677744
36.670346,46,780.39453,True,False,False,3.759967103131332,3.7110544055384893
28.824627,26,780.632554,True,False,False,2.8007013965997936,2.2349922838110867
27.320398,18,780.779628,True,False,False,1.5602593469539794,1.7727192591587724
46.588175,95,781.717041,True,False,False,6.606523510279073,6.229631385659494
36.011942,50,782.126836,True,False,False,4.247268408784521,3.7440000366162725
28.686777,30,782.373397,True,False,False,2.496567219267597,2.211653130527352
41.943492,55,782.821056,True,False,False,5.225871755615252,5.001633243807133
29.431373,39,783.122294,True,False,False,2.419481889842614,2.430678663609711
26.479644,16,783.247394,True,False,False,1.5075786066667767,1.6651965125135704
41.908725,57,783.805265,True,False,False,5.721182415637217,4.92027262945294
41.427114,54,784.251049,True,False,False,5.663228620993897,4.849412293995319
25.667418,67,784.774441,True,False,False,4.975050294665631,2.115469745616087
31.06367,39,785.120356,True,False,False,2.414283435339342,2.6024084509041487
51.696851,83,785.756913,True,False,False,7.684196729868333,6.880438465694049
33.611625,43,786.115056,True,False,False,3.6021909702743806,3.2758477978815215
26.264847,22,786.288757,True,False,False,1.4933307560832332,1.6934862264211106
35.401406,43,786.619535,True,False,False,3.613522067319239,3.4894164004969497
29.60423,33,786.888587,True,False,False,2.3728423484044723,2.37342689919006
49.305527,101,787.699366,True,False,False,9.042828628958686,6.739647939042262
41.249638,41,788.032398,True,False,False,4.991042320162497,4.646090195866438
39.198005,56,788.470733,True,False,False,5.0659077696521635,4.465922647234035
40.012218,62,788.96592,True,False,False,6.273535979126709,4.5494926905806725
44.796069,86,789.674701,True,False,False,6.366495802992218,5.68742911206115
44.373406,64,790.185793,True,False,False,7.191282305514742,5.4836014370837
40.080981,78,790.794478,True,False,False,4.873054410707875,4.60353214492052
40.85115,58,791.243183,True,False,False,5.787769867969425,4.812371768248367
47.666627,64,791.779597,True,False,False,7.265476782040743,6.177810036587743
48.998844,121,792.755009,True,False,False,7.263767233593178,6.760036058265714
31.96358,45,793.132147,True,False,False,3.198855345179937,2.945372488807438
26.379328,52,793.567699,True,False,False,3.8576891028928073,2.096498898105868
44.75247,91,794.356099,True,False,False,6.379394529309438,5.6587067808401255
31.325235,30,794.605961,True,False,False,2.966411213061222,2.7423441961571555
37.134404,39,794.912428,True,False,False,4.020469381923859,3.8588943646764986
39.516187,55,795.338882,True,False,False,4.660469154815474,4.354588476835641
43.90396,90,796.08389,True,False,False,6.892826102598076,5.644712474580662
25.611441,29,796.314705,True,False,False,1.8166572506543812,1.587134769323292
46.963966,62,796.810165,True,False,False,7.143253934643134,5.988084471874357
29.14906,32,797.06048,True,False,False,2.6705417590201885,2.216660182176395
42.111836,61,797.531813,True,False,False,5.054066021969438,4.959355263345672
37.977893,35,797.811695,True,False,False,4.170756961394319,3.9166053393894056
38.397282,39,798.131192,True,False,False,4.517651248290037,4.06411278538106
30.849817,48,798.507257,True,False,False,3.718266078666994,2.7548022594418415
42.067345,64,799.017656,True,False,False,6.734384202778584,5.18173945474504
30.364309,51,799.428216,True,False,False,3.7165168553307137,3.0086976527285203
40.852148,62,799.909346,True,False,False,5.772310881711808,4.931591622383254
28.550211,33,800.194853,True,False,False,1.9816614597269233,2.1333800300586914
44.82457,59,800.677472,True,False,False,6.0277190984037485,5.473844104664421
25.734094,20,800.83415,True,False,False,1.2754731943862083,1.5070670639650987
27.515277,20,800.98848,True,False,False,1.634375462407362,1.774811612881271
47.74002,65,801.488613,True,False,False,6.298037444622294,6.1026064654010845
28.334175,47,801.870276,True,False,False,2.5775710609529394,2.468769689329736
26.695048,26,802.071027,True,False,False,1.8282441885624447,1.7949305149153294
29.31904,32,802.362505,True,False,False,2.6707203703423716,2.186346538149199
36.938058,56,802.80666,True,False,False,4.179182739812469,4.128403082316655
38.265483,35,803.081979,True,False,False,3.957427918316004,3.9357792661271622
39.446563,65,803.603523,True,False,False,5.61918755612907,4.512379694826048
46.163533,42,803.94556,True,False,False,5.929601310142863,5.553240836438879
41.402251,80,804.584713,True,False,False,6.604639152849748,5.035965268526106
38.991077,48,804.944508,True,False,False,4.8302248015599,4.173049561993167
35.976653,45,805.279169,True,False,False,3.813213005538908,3.5911329406552266
31.948903,27,805.488712,True,False,False,3.708287296886921,2.7589231116028845
34.449577,47,805.849604,True,False,False,3.788448867079259,3.4002635344199876
33.684944,118,806.871019,True,False,False,7.262627990751788,4.452609064833566
31.620025,36,807.156187,True,False,False,2.837369022216929,2.7993177832641027
36.593811,48,807.528189,True,False,False,4.536384773369074,3.8165812612205694
34.649011,28,807.737716,True,False,False,3.0917224566090753,3.1746292685361124
33.927349,31,807.979167,True,False,False,3.5122878641453608,3.184964243312629
37.78658,70,808.544878,True,False,False,5.647823517075093,4.292735627793462
30.014457,18,808.702199,True,False,False,2.1087399149859785,2.2681723906863835
45.924135,77,809.340119,True,False,False,7.1948184128252235,6.041931587976913
35.160981,32,809.594345,True,False,False,4.274624845958626,3.323868732123657
30.615871,36,809.872614,True,False,False,3.3292857417789175,2.584055002738024
27.384764,50,810.276274,True,False,False,2.8047881871532767,2.479173678367161
36.944192,65,810.793315,True,False,False,4.4257700136595775,4.066519686269875
40.007231,65,811.305732,True,False,False,5.825471703863685,4.6802966958813705
32.612699,31,811.560631,True,False,False,2.991220604972096,2.807805806012182
32.085261,35,811.821719,True,False,False,3.4872375768980293,2.813594281101962
29.146914,25,812.016216,True,False,False,2.0735458128683044,2.174033340842349
41.422501,64,812.543267,True,False,False,6.023454298745157,5.029093752916504
31.878599,42,812.864007,True,False,False,4.423071604846305,2.8524061335247897
35.611868,60,813.344873,True,False,False,4.5412112864625644,3.687930320717423
38.206828,59,813.798487,True,False,False,5.368120078810623,4.450080919081618
31.338087,32,814.049842,True,False,False,2.5557282022585444,2.670540553578368
26.242893,12,814.149855,True,False,False,1.4293327486745688,1.5581405890944462
32.219029,30,814.386307,True,False,False,2.789364759085262,2.840847538736954
42.720485,67,814.927292,True,False,False,5.324551096867679,4.979144999876264
47.959518,113,815.835288,True,False,False,7.740768154866269,6.437702845332429
52.731763,115,816.749159,True,False,False,7.912342294399717,7.291512860262741
40.011893,65,817.257066,True,False,False,5.012301102218405,4.498955749146183
28.830925,16,817.395117,True,False,False,1.8561050359677094,2.0541997425425382
40.282265,41,817.726,True,False,False,4.670731236262324,4.371916134515081
35.372005,64,818.226661,True,False,False,5.441790927359753,3.7553337054712808
41.085111,50,818.653712,True,False,False,5.079668286166656,4.682810665770579
35.30028,50,819.041207,True,False,False,3.963266444224684,3.544242156588991
27.448491,57,819.493902,True,False,False,3.3755026712767298,2.4028415596483255
34.939247,51,819.904712,True,False,False,4.015932279457166,3.529091577536706
35.220273,82,820.544876,True,False,False,5.723200083860812,3.864971125745239
35.710535,54,820.948608,True,False,False,4.024817367035806,3.7751595580406176
41.084176,72,821.501592,True,False,False,5.484895974104443,4.899365332518681
33.413754,43,821.854119,True,False,False,3.372861628455953,3.23516094625146
15.850915,105,822.662153,True,False,False,4.394672385614638,1.5308052774450795
54.243243,95,823.408571,True,False,False,8.018333901057023,7.583561728609674
50.375751,94,824.180284,True,False,False,7.984359986245898,6.912330327946932
49.859167,92,824.879942,True,False,False,7.251305792475088,6.577087957771697
38.801005,44,825.208575,True,False,False,4.6243339857713615,4.056033133959182
38.837812,63,825.708639,True,False,False,5.013926147257743,4.296557895148679
29.600811,31,825.972165,True,False,False,2.6498587734404824,2.3670851468812657
27.487028,22,826.138995,True,False,False,2.0073131689827104,1.8147008816017427
39.416245,86,826.810523,True,False,False,6.756711357870299,4.796129415725058
29.383467,28,827.016306,True,False,False,2.226652615832086,2.2235517582126136
35.385426,40,827.326052,True,False,False,4.085899947180319,3.7355237052444896
29.970607,27,827.566788,True,False,False,2.460686941453086,2.3973471281373495
39.256824,82,828.232952,True,False,False,6.2143715004213185,4.626128458128525
44.326715,140,829.334733,True,False,False,7.240540700790679,6.433322796591269
41.741925,74,829.932063,True,False,False,5.07932757347032,4.945876560970934
27.82026,31,830.179464,True,False,False,2.044180011857949,1.9900570036852996
31.655101,22,830.370152,True,False,False,2.51451123171756,2.6039947194257835
32.09436,42,830.708095,True,False,False,3.9079095235267864,3.006209535198267
37.689584,80,831.399872,True,False,False,6.236660936527133,4.290766148317564
43.021395,70,831.94439,True,False,False,7.121937447662431,5.487235676522099
42.40707,50,832.333047,True,False,False,4.832203413658872,4.886858041523576
41.638335,52,832.744722,True,False,False,5.289468195650433,4.6903239876793466
41.37539,47,833.113676,True,False,False,5.278020698378482,4.716390970718968
41.188674,48,833.47853,True,False,False,4.971898084067087,4.61592496333779
42.510179,106,834.269076,True,False,False,6.825075448673638,5.753514880955974
34.255141,41,834.592249,True,False,False,4.8425641629709455,3.419436486279136
49.625701,102,835.368153,True,False,False,7.573166521318196,6.5572840830939905
40.948392,52,835.764034,True,False,False,5.020500984664886,4.6706869870772225
27.362775,17,835.898695,True,False,False,1.685250156047267,1.7243739358114427
43.154317,85,836.559419,True,False,False,5.567853114191066,5.2317156165357535
38.191186,46,836.944576,True,False,False,4.960396755013994,4.044340112743136
47.237819,87,837.643721,True,False,False,6.708144833367507,6.17628073121755
29.713966,29,837.861588,True,False,False,2.324394326649678,2.361750190096964
40.63846,45,838.217081,True,False,False,4.764520487042102,4.592435675012292
32.652222,37,838.526509,True,False,False,3.213596428591352,2.9771284808529908
29.202054,21,838.704263,True,False,False,2.1783833898565987,2.1767850362666
28.799617,27,838.922207,True,False,False,2.0193656133953772,2.1662892193839633
44.897881,58,839.3865,True,False,False,5.248767634118178,5.353222982756485
41.616688,69,839.937278,True,False,False,5.543659640790215,4.80104637986035
26.556211,31,840.17071,True,False,False,2.129578462851038,1.7557706191496822
28.134378,24,840.360196,True,False,False,2.1102563589734626,1.991858273442802
33.416104,43,840.707402,True,False,False,3.081849340956101,3.180741655749747
45.730433,97,841.484349,True,False,False,5.941087988303077,5.9780752038707865
50.135758,68,842.015548,True,False,False,6.485633210165994,6.4112335455783676
27.075303,46,842.372465,True,False,False,1.9283757687273615,2.0512376264346286
29.839517,21,842.549175,True,False,False,2.1757469876065896,2.32194348320082
41.397884,54,842.97283,True,False,False,5.351969175848963,4.873412671765147
37.679805,45,843.339773,True,False,False,4.3834526128808395,3.9427320561931536
29.345012,27,843.589606,True,False,False,2.210514433822271,2.250019379466572
28.824823,39,843.89807,True,False,False,2.642910459913507,2.206079100316568
37.893912,37,844.201754,True,False,False,3.883275385462128,3.9730668026026286
29.710692,30,844.43657,True,False,False,2.4484320120658944,2.375066172398073
25.619672,48,844.815634,True,False,False,1.8580915375229328,1.821487203877711
34.599492,97,845.597434,True,False,False,5.829751699470018,3.8705316535596577
40.710932,50,845.991163,True,False,False,5.240681598625894,4.693781701311054
44.666775,55,846.426399,True,False,False,5.747343658576702,5.363800603514303
39.8011,63,846.917768,True,False,False,5.95263909085839,4.90871785849561
44.774116,55,847.353486,True,False,False,5.602056307882678,5.291893613389534
32.879547,33,847.642961,True,False,False,2.9047454666451467,2.8957843784199597
34.997682,58,848.093674,True,False,False,3.4715077664667056,3.551601026435056
42.469829,54,848.532413,True,False,False,5.121164578207011,4.9216929349432945
41.374014,91,849.267363,True,False,False,6.81479708309092,5.3721475157479
29.384845,16,849.40744,True,False,False,1.9622145959613715,2.1617884428306304
30.901378,34,849.692301,True,False,False,2.6192572624364616,2.6127933444113967
28.271213,25,849.880491,True,False,False,1.9543960440945332,2.0290929850089947
36.89142,46,850.224638,True,False,False,3.880100027751632,3.7573242151222583
28.049394,22,850.394026,True,False,False,1.867883067244674,1.9545416273541822
35.354916,51,850.802146,True,False,False,3.9944412378888203,3.56919948180566
39.652455,65,851.301175,True,False,False,5.440142977977159,4.502246119628031
34.348566,45,851.660741,True,False,False,3.168754607388142,3.321129312467819
37.828584,54,852.129174,True,False,False,4.0745606390063935,4.059903061131389
26.935937,23,852.305586,True,False,False,1.6896785590197783,1.749081917690532
-16.80148,14,852.419624,False,True,False,0.9587299629830174,3.1198414232011964
32.502586,77,853.062305,True,False,False,5.100527866679482,3.5346731813520766
35.975724,35,853.327055,True,False,False,3.904005495903341,3.5746502204389374
35.938768,55,853.765184,True,False,False,3.6204958689960396,3.679979237011456
40.200533,42,854.10041,True,False,False,5.100618584085147,4.460953578943823
32.309584,50,854.486465,True,False,False,3.8009956289119873,2.959758500928411
39.276288,57,855.511038,True,False,False,5.09574504092622,4.573761447092918
29.788657,23,855.742978,True,False,False,2.09435839808345,2.2625941603709396
45.305194,98,856.5665,True,False,False,6.420255784636678,5.883293606977277
29.461053,38,856.85764,True,False,False,2.4803048100624325,2.4492152665840106
40.237231,67,857.354176,True,False,False,5.320465003595516,4.592337300915928
28.48134,21,857.537708,True,False,False,2.0539263826974987,2.0117156692718527
37.597636,39,857.833423,True,False,False,4.120359178685064,3.976980106631861
32.867503,44,858.1765,True,False,False,3.14321003544809,3.103778498380185
40.65543,40,858.50567,True,False,False,4.821356645705608,4.471157126489415
37.662283,119,859.423672,True,False,False,5.366016458919448,4.727127890236345
39.28314,65,859.929324,True,False,False,5.230694249331607,4.584403784933603
38.26948,33,860.193156,True,False,False,4.079910129111455,3.970732574360694
41.397621,51,860.618461,True,False,False,4.886416824666883,4.694314023261439
34.69648,36,860.912472,True,False,False,4.070585493359777,3.4201350900727547
37.110076,45,861.274418,True,False,False,4.169946053125325,3.965424560805541
48.207683,60,861.752978,True,False,False,6.207998985284609,6.042204664043419
46.565687,80,862.403608,True,False,False,7.187434722075717,6.00505055546759
34.263897,55,862.868673,True,False,False,3.4253362684897968,3.3943212557577795
44.870635,80,863.495129,True,False,False,6.465311975578609,5.76799747513077
33.540722,39,863.819129,True,False,False,4.2735744587893025,3.1899361157877615
34.978092,45,864.203269,True,False,False,4.0266861052425496,3.5292382800375486
32.283148,38,864.501562,True,False,False,3.51227415828401,2.9726854560279192
39.926601,88,865.207797,True,False,False,8.155330893256423,5.061576139101203
45.589249,74,865.788653,True,False,False,5.990738637070942,5.744523739463545
38.497506,56,866.448725,True,False,False,5.05257730511045,4.267422767845217
35.633365,65,867.27247,True,False,False,4.2743047210157785,3.7898208748567273
46.708485,85,868.030226,True,False,False,6.461948303334092,6.028214634942804
32.157578,31,868.28836,True,False,False,2.724126783756888,2.8031119753446645
25.236371,22,868.458519,True,False,False,1.394720482903296,1.5092894699342754
41.164243,59,868.94165,True,False,False,6.288278922459548,4.76430635443465
33.857749,50,869.357909,True,False,False,3.882094526122622,3.5701694988232777
43.420377,65,869.892423,True,False,False,6.383825836404603,5.322484218033447
35.61474,84,870.576927,True,False,False,4.613049198328472,4.157723290882363
32.942826,59,871.050629,True,False,False,4.3429980199509925,3.41881627546851
40.535165,57,871.541359,True,False,False,5.9301719883239885,4.6303144285389335
38.731844,102,872.335016,True,False,False,5.265111271106218,4.867248189969489
26.634135,30,872.574079,True,False,False,2.707779976800653,2.137716018642485
33.186502,40,872.897214,True,False,False,3.2904030163404157,3.154004917534907
33.15914,27,873.099861,True,False,False,2.733875721798957,2.8933106211888724
39.823495,51,873.546091,True,False,False,4.670844526788251,4.478108375653266
29.380557,43,873.884656,True,False,False,2.9812171650336254,2.4901699228395664
29.601394,23,874.066239,True,False,False,2.254513738297529,2.31839173936739
29.665566,24,874.251997,True,False,False,2.4111393313518685,2.241101397220287
32.755271,34,874.52135,True,False,False,3.360156692602082,2.985587177273712
48.540736,74,875.098679,True,False,False,6.981826985409055,6.128478569431404
29.652214,29,875.318737,True,False,False,2.365108703345693,2.2845667583426192
49.185343,64,875.854098,True,False,False,7.023433232972234,6.209185947078649
42.487251,95,876.600328,True,False,False,5.872103988559759,5.20005762856216
31.550038,40,876.909874,True,False,False,3.396445654519935,2.7798262704177032
37.978094,46,877.252188,True,False,False,5.356009120769676,4.089635608156795
42.151749,81,877.89612,True,False,False,5.369852110840953,4.953903918622076
37.197816,46,878.240677,True,False,False,4.673845036851025,3.94314042180797
42.209598,98,879.105197,True,False,False,5.762348329261078,5.491670485670213
-13.1953,20,879.333164,False,True,False,2.286023203990607,2.1508193080325873
48.787413,57,879.793875,True,False,False,6.502816796558412,6.1854072980194195
41.574877,56,880.28127,True,False,False,4.729988080305559,4.754766611477776
33.104932,20,880.445528,True,False,False,2.8546058958270875,2.915097594310525
28.018757,27,880.668932,True,False,False,1.8631109485452844,2.0127849330054377
50.715376,104,881.494583,True,False,False,8.16055088250716,7.147911536212679
37.961416,47,881.86143,True,False,False,3.978292924129535,4.0191000973823225
38.093392,33,882.132342,True,False,False,3.749114106327385,3.860672449468703
35.819493,48,882.496678,True,False,False,4.791516197197212,3.73545833988382
35.958222,40,882.795498,True,False,False,3.8038503808266957,3.5719701158852715
28.466605,26,882.996315,True,False,False,2.0553424611694955,2.0915893896963236
42.308386,55,883.418834,True,False,False,4.885207748192422,4.793689516218712
28.966641,21,883.576151,True,False,False,2.2147640066770795,2.126771751049558
29.953509,47,883.947796,True,False,False,2.9731489829126616,2.6325597341540616
28.782055,31,884.206063,True,False,False,2.0606469043393196,2.1776646826280057
40.975208,57,884.677595,True,False,False,5.780688466739895,4.728698446787904
35.391681,38,884.98518,True,False,False,3.812066797009748,3.4446370319530777
29.439792,19,885.125281,True,False,False,2.282954627042474,2.187131416826551
41.076331,65,885.645354,True,False,False,6.525620203844291,4.975916756482962
35.413603,52,886.057851,True,False,False,3.735068574885769,3.623769594795855
38.768313,102,886.876903,True,False,False,5.239279011032807,4.636130327761932
40.97107,97,887.637269,True,False,False,5.88460344064848,4.972258356617559
42.764688,68,888.173073,True,False,False,5.934033074365088,5.158779310663599
41.480628,48,888.565809,True,False,False,5.883395007815938,4.76551104801856
42.350455,66,889.085406,True,False,False,5.788475942425686,5.100656106692719
32.305628,34,889.372007,True,False,False,2.811196600412062,2.838153432848709
36.162039,81,890.035594,True,False,False,5.234726188074777,4.131721241446072
49.732635,130,891.092831,True,False,False,7.11570899970472,6.907398932820253
33.849278,51,891.473662,True,False,False,3.36855458397351,3.236004372553138
45.882955,78,892.06505,True,False,False,6.433136667958653,5.641383323318271
26.014004,22,892.235966,True,False,False,1.770033387624491,1.58567545029726
28.089605,23,892.427642,True,False,False,1.8770070877084895,1.9905201453626815
41.491908,71,893.037483,True,False,False,5.820754459502734,4.877488687397672
43.512948,106,893.892249,True,False,False,6.055437637391069,5.590651749231542
31.506316,47,894.266955,True,False,False,3.9543875638479644,2.9374935774335382
26.513495,18,894.410451,True,False,False,1.4988997089553002,1.660768366183547
30.869806,65,894.932815,True,False,False,5.6507693672665855,3.074530185005924
31.429905,24,895.149318,True,False,False,2.4968293538409423,2.6061308391271094
30.900376,31,895.395482,True,False,False,2.49010870806986,2.5815272488080883
38.394763,98,896.169894,True,False,False,5.110354242587098,4.65661067228358
41.434409,52,896.573378,True,False,False,4.693367572768487,4.77754610287403
42.288146,71,897.151541,True,False,False,5.060435196084622,5.040640368792098
33.537012,27,897.393692,True,False,False,3.0237036016281857,2.95451694911216
46.160582,64,897.907892,True,False,False,5.809701824143058,5.680002186724923
36.213411,95,898.670519,True,False,False,4.649681022523708,4.1022650867989485
39.797399,68,899.217052,True,False,False,5.3169767629183715,4.770559566071272
41.844839,67,899.838809,True,False,False,6.0922925060211695,5.125358681912946
31.283532,40,900.373248,True,False,False,3.8740383026454217,2.8111517200222833
-16.715844,13,900.543869,False,True,False,1.305482134159563,4.949470535328198
41.480102,47,901.080959,True,False,False,5.143429727604022,4.723847660901177
40.791859,41,901.526353,True,False,False,4.92740619078993,4.4532708444843925
34.567108,42,901.869245,True,False,False,3.2701589950260335,3.3151937845233017
27.837702,16,901.99121,True,False,False,1.6771061106304725,1.8314016121427477
35.75501,65,902.501853,True,False,False,5.218943250349484,3.949220417337157
40.54892,50,902.921134,True,False,False,6.220001466711851,4.569702585437912
53.827492,105,903.769928,True,False,False,9.672070466968277,7.639085146270861
25.722887,18,903.916308,True,False,False,1.3637977881708658,1.5054902403789705
36.285828,50,904.334736,True,False,False,4.283821140506075,3.983646912874721
41.866582,52,904.754802,True,False,False,5.7228479787048645,4.810199953830517
30.965949,27,904.972508,True,False,False,2.975928917745252,2.552467736284043
25.99698,30,905.222965,True,False,False,3.90076534682398,1.7651343420920582
37.518874,51,905.654495,True,False,False,5.491602114407549,4.123776803054744
33.667107,38,905.969754,True,False,False,3.2538748430008027,3.1340256623157265
29.344736,38,906.287521,True,False,False,2.2529536822600877,2.375150948786685
32.098338,54,906.707903,True,False,False,3.110111096367601,3.0034855450881754
32.152868,35,906.988394,True,False,False,2.8992602359935096,2.817075827850886
25.330115,27,907.210244,True,False,False,1.7108227124966615,1.643954767508378
29.927426,17,907.361253,True,False,False,2.085559814553127,2.228250218269278
42.139289,87,908.071086,True,False,False,6.224763685767381,5.279396941138538
47.10712,73,908.716036,True,False,False,6.302694109229389,6.0063744400773516
46.9156,96,909.500069,True,False,False,6.578422097736962,6.311237464580013
25.828366,22,909.668953,True,False,False,1.4030622132235244,1.5974290096630823
30.348587,36,909.957373,True,False,False,2.8625864017890117,2.5688417946908717
44.23592,66,910.480984,True,False,False,5.640057811733635,5.426123765689537
36.640394,44,910.822934,True,False,False,3.747941581713323,3.711440988586164
38.842666,46,911.166952,True,False,False,4.003855005154781,3.9871420381486544
32.613027,23,911.335884,True,False,False,2.963631948394071,2.804070864537445
40.615587,79,911.973201,True,False,False,6.172410412194309,4.846761479081743
32.61034,55,912.435674,True,False,False,3.968749209551559,3.178581652246676
28.004269,38,912.757653,True,False,False,2.8780640351667426,2.158188631774102
39.830596,58,913.222301,True,False,False,5.317487182669824,4.597115432736099
41.117342,58,913.693445,True,False,False,4.781877861866433,4.596486619469789
35.553189,36,913.983044,True,False,False,3.355321989651515,3.4411168577339044
30.589257,25,914.20129,True,False,False,2.4243955795486567,2.4235744358355267
44.378631,69,914.780682,True,False,False,5.854571532436215,5.495954809227662
41.399573,96,915.534783,True,False,False,5.938631099713122,5.2021148349904145
39.221028,75,916.14753,True,False,False,7.5381187700962045,4.748004017490036
34.781615,35,916.436208,True,False,False,3.3303514591577517,3.249437024547501
26.146007,18,916.591378,True,False,False,1.3624985118672321,1.5253239922142638
30.427888,28,916.815027,True,False,False,2.740314147189436,2.405445005936345
47.403189,77,917.43244,True,False,False,7.2762088547933725,5.989705554045552
28.588343,30,917.682929,True,False,False,2.0893893281859692,2.0997975170879815
37.11085,48,918.06189,True,False,False,4.54351452911917,3.938252577225995
35.259381,46,918.430731,True,False,False,4.006721101439378,3.615222079496045
24.573144,32,918.707712,True,False,False,1.4915157981736684,1.5277364370196942
38.220433,61,919.16627,True,False,False,4.614694525821811,4.354179098134151
25.535821,22,919.33188,True,False,False,2.3213138927041657,1.549291709705323
27.011703,27,919.545156,True,False,False,1.8138604186199478,1.8232157482190807
29.606738,38,919.829753,True,False,False,2.9478554069836997,2.471922407867247
31.253122,40,920.134775,True,False,False,3.0896827311516044,2.9117731997036946
31.126492,25,920.311346,True,False,False,2.4258151713495133,2.4991245558935535
41.390631,54,920.750971,True,False,False,4.884405758747235,4.765525316321646
30.417675,34,921.021137,True,False,False,2.6380360801491083,2.5430697764488333
38.953538,55,921.463973,True,False,False,4.9344283104304685,4.356317576678223
38.053298,66,921.977102,True,False,False,5.8030425565173855,4.350319351528709
35.117058,32,922.245767,True,False,False,3.114242131791504,3.254298814814776
47.215033,61,922.972617,True,False,False,6.482115505937987,6.109664060194248
33.329973,51,923.511699,True,False,False,4.325487430120003,3.3036685443099967
32.236882,36,923.814797,True,False,False,3.2531831991477698,2.950867530950103
44.876321,59,924.271658,True,False,False,5.595756715305969,5.359027585336929
30.256502,26,924.491871,True,False,False,2.4064640697167365,2.4361370296891063
51.480917,121,925.486568,True,False,False,7.520894557677266,7.101935371715399
29.914154,44,925.817749,True,False,False,2.9928516521066104,2.5696876886772513
29.271892,18,925.953362,True,False,False,1.9149478901879287,2.1664089469313557
36.503263,72,926.522335,True,False,False,5.702750290444333,4.12746299292614
34.807125,46,926.876873,True,False,False,3.663215856219471,3.4819755424019174
29.379305,94,927.629839,True,False,False,5.390959244009,3.3676564874947443
35.460144,48,928.003866,True,False,False,3.7706306912383347,3.649063502768872
42.541598,72,928.57661,True,False,False,5.28391252713613,4.988348619787713
38.413659,48,928.958045,True,False,False,4.406251076933076,4.125457764009201
35.449938,41,929.263733,True,False,False,3.647072126360562,3.5683728130369694
35.206712,41,929.609609,True,False,False,3.5484697662996623,3.5397523558269266
45.082892,62,930.155201,True,False,False,6.2792813909026375,5.522592960998282
41.735301,48,930.535843,True,False,False,5.149446059103318,4.794467558132955
30.140225,28,930.750639,True,False,False,3.2756273251612202,2.364448145136452
41.359001,98,931.507101,True,False,False,5.544977270742254,5.026143294777177
38.57982,58,931.988233,True,False,False,5.4604490742418035,4.430387348856779
35.778693,40,932.296283,True,False,False,3.6497405243403422,3.6315060280439395
46.763894,77,932.880556,True,False,False,6.414765106012347,5.864596201875489
29.545542,37,933.168756,True,False,False,3.083878572802721,2.437973621228886
44.011445,122,934.125518,True,False,False,6.345408322344947,5.93577376180271
24.215671,90,934.800486,True,False,False,4.387567448976823,2.5580944221948663
41.932696,55,935.209925,True,False,False,5.655811136070271,4.898921694067139
35.12301,46,935.562626,True,False,False,3.81477024223118,3.4504921003267377
26.232791,19,935.717436,True,False,False,1.5596530186544053,1.595607155462009
27.373633,30,935.964369,True,False,False,1.9221031397945887,1.894814908668496
39.449023,89,936.650744,True,False,False,4.729659894073,4.68602234478778
31.904902,37,936.939252,True,False,False,3.578534524116979,2.894893778055055
33.240823,45,937.996277,True,False,False,4.393253829160967,3.2638812115334193
35.908132,57,938.459347,True,False,False,4.241598445242655,3.805215908735701
30.073808,26,938.657253,True,False,False,2.315069267620661,2.381513455913131
26.023833,27,938.851117,True,False,False,2.500102034722273,1.69397364466248
41.779205,57,939.303684,True,False,False,5.207191306891407,4.924705885154918
41.74141,56,939.733745,True,False,False,6.842200247601218,4.864391834076988
39.146839,62,940.217261,True,False,False,4.85274291072533,4.410387931204299
-12.979601,15,940.330368,False,True,False,1.7498507258066034,5.858162486768303
45.117315,67,940.857618,True,False,False,6.725952652198201,5.726459888007468
31.025303,41,941.167446,True,False,False,2.4898658973443903,2.67112784037896
35.549187,66,941.676859,True,False,False,5.1914415562049925,3.866414728353137
41.744039,96,942.460293,True,False,False,6.771450932513825,5.237201687337269
46.231497,80,943.096077,True,False,False,7.251272586628078,6.092412890403736
53.604136,77,943.697162,True,False,False,7.874984929923431,7.280212940473533
33.754344,31,943.931207,True,False,False,3.1938117580841516,3.120379539182446
-9.535296,23,944.113968,False,True,False,2.4613840600938572,3.477688620825264
42.188049,44,944.453105,True,False,False,5.444603820859284,4.782628706820763
35.905453,96,945.22514,True,False,False,5.4749926068308294,4.241071845533664
29.643222,30,945.453518,True,False,False,2.1889764206494666,2.3407867076268314
31.505228,45,945.791605,True,False,False,2.99034884919503,2.993233255098535
26.961208,24,945.976165,True,False,False,1.5946893922229615,1.7896975063842564
38.424604,48,946.349815,True,False,False,5.613761524586552,4.174060774433259
-16.211505,13,946.457471,False,True,False,0.883581771239583,5.457400127535207
42.530841,43,946.794967,True,False,False,5.094930988905077,4.848138406122107
27.81006,15,946.921163,True,False,False,1.75837780398535,1.8358395996706152
34.633126,41,947.227728,True,False,False,3.242194294005804,3.3558433961208873
37.632432,59,947.691944,True,False,False,4.633299508652407,4.21525361143486
29.393627,27,947.895453,True,False,False,2.12073115681026,2.197864619628876
27.918058,32,948.139024,True,False,False,2.427441224984538,2.3360426047357015
32.619995,37,948.429571,True,False,False,2.9255005053298806,3.0480571930823626
30.903561,35,948.691209,True,False,False,2.7988690521508963,2.6405499908913894
40.020117,48,949.078945,True,False,False,5.1107725191791715,4.482178680889884
35.153004,34,949.333566,True,False,False,3.524625163397978,3.4230359761209317
26.151335,27,949.551184,True,False,False,1.7034907814845446,1.6607084177241482
35.273,48,949.919993,True,False,False,4.1015739841788434,3.64585993741653
44.016318,56,950.348472,True,False,False,5.184789107192784,5.196035171323864
33.137235,31,950.608453,True,False,False,2.850987830463928,2.9727809208184643
46.930129,71,951.181915,True,False,False,6.86775714761192,6.010484902967549
38.992668,54,951.604636,True,False,False,4.367781156557394,4.19018218333979
34.834727,37,951.910632,True,False,False,3.2703714013800322,3.348783450748899
-16.907698,8,951.970598,False,True,False,0.7594220947569758,4.123568733250825
38.387002,67,952.483345,True,False,False,4.16196911970256,4.292172132220703
40.321273,72,953.032308,True,False,False,4.979964662412022,4.769039986180395
28.184014,45,953.384247,True,False,False,2.0903197628338006,2.202726395439761
30.715444,45,953.731278,True,False,False,4.053377074321867,2.76965021426619
25.725383,31,953.97088,True,False,False,2.5828466631433744,1.6583627624996193
29.313083,20,954.12385,True,False,False,2.240274051329542,2.154772213698012
-7.665753,41,954.449807,False,True,False,3.6338282113152682,3.898912985291092
37.331746,64,954.968326,True,False,False,4.865500161602282,4.206056905547676
41.88325,61,955.469814,True,False,False,5.691788473290716,4.9627554999184476
34.443427,58,955.92066,True,False,False,3.6330778033695186,3.4674397598123106
30.230547,22,956.087918,True,False,False,2.5583788216090357,2.371099944631497
-15.938396,13,956.195568,False,True,False,1.126587213239697,5.698562588622266
41.857198,70,956.737422,True,False,False,6.1241458135488545,4.910632682860232
39.573438,52,957.137715,True,False,False,4.624156739051595,4.434045833194038
50.800672,88,957.839762,True,False,False,7.52368795351549,6.858573517057854
37.860223,49,958.208096,True,False,False,4.197884112987344,3.9902180947329304
27.606674,15,958.332583,True,False,False,1.5919734749575096,1.7739732025781576
40.264139,52,958.730477,True,False,False,4.858689074339964,4.477042943904528
46.307321,125,959.693851,True,False,False,6.708522297828479,6.208402266384609
30.343489,26,959.898408,True,False,False,2.860327776317063,2.520045807844578
43.534259,55,960.320108,True,False,False,5.814218455859994,5.127144804813115
34.032566,51,960.690149,True,False,False,4.036644009433853,3.3254023745507792
32.728328,30,960.914421,True,False,False,2.7392331195036284,2.8695609969311735
-7.998894,43,961.235804,False,True,False,3.6180242196230497,4.777655064414374
41.744904,54,961.642651,True,False,False,4.865292875511787,4.792695475641712
38.033064,42,961.977567,True,False,False,4.194502663039856,4.0030075846419795
37.418882,42,962.284785,True,False,False,4.546287337058628,3.940543146117893
39.344537,83,962.916832,True,False,False,5.332275281628112,4.835404248876487
34.572398,33,963.177553,True,False,False,3.8116705285434436,3.3534522697881815
33.638159,42,963.509513,True,False,False,3.849153677037209,3.2188203111650258
38.493867,60,963.991728,True,False,False,5.708194736219725,4.248717944694691
34.416518,38,964.28331,True,False,False,3.2919911348063122,3.307064206490672
44.013173,46,964.637588,True,False,False,6.314144255344726,5.2509214055487154
39.273193,79,965.236479,True,False,False,5.406328587446429,4.741450734681221
36.833868,47,965.601607,True,False,False,3.805517709567375,3.82067995469057
30.823178,58,966.070915,True,False,False,4.572713891157726,2.9931172698888444
42.848498,68,966.597896,True,False,False,5.734782746052723,5.1145380169892505
36.383249,36,966.883884,True,False,False,3.9290322615837003,3.7044824715747593
36.912087,39,967.190338,True,False,False,4.059961114547036,3.7235505401420927
36.42258,51,967.587152,True,False,False,4.3367745915200215,3.852783361835031
41.989025,81,968.220261,True,False,False,5.9094573524183955,5.040970979430102
39.57192,51,968.623379,True,False,False,4.748166179963778,4.379867126748635
36.48983,65,969.126431,True,False,False,4.972073102421239,3.982832909972503
35.279257,40,969.431714,True,False,False,3.9179846498149984,3.565938981292908
41.291525,66,969.95715,True,False,False,5.562207761773171,4.766697008527794
52.264085,58,970.421195,True,False,False,7.960825165670835,6.828968883022042
28.380841,60,970.882696,True,False,False,3.7948132037845674,2.5027938860302656
31.400174,30,971.112824,True,False,False,2.837078582651698,2.7386669303016826
35.270468,35,971.390879,True,False,False,3.358113968893725,3.380219002472972
29.785774,55,971.802245,True,False,False,2.6619001997537426,2.605290919237639
25.396256,25,972.016659,True,False,False,1.5790619949612863,1.5595120075060966
31.057429,31,972.253705,True,False,False,3.378341779524042,2.6410454509654304
29.711215,45,972.645954,True,False,False,3.3918384926228984,2.700329233575254
31.578977,48,973.018522,True,False,False,2.7986846224541915,2.8735150943096777
31.813404,28,973.22589,True,False,False,3.3649876826999705,2.680294362213953
29.219344,53,973.617116,True,False,False,3.38539562624698,2.553675702719623
25.641379,22,973.78108,True,False,False,1.3515279490427328,1.5760605370895011
31.654766,44,974.110643,True,False,False,2.9754494637937308,2.893797446685764
38.715385,59,974.568409,True,False,False,4.77321432254124,4.39975651087083
33.53108,54,975.026243,True,False,False,3.9014976664593,3.2928145484139004
38.440591,48,975.38524,True,False,False,4.8966786076453825,4.167073163849875
-16.094805,53,975.779662,False,True,False,4.398539480942808,2.684075918112797
39.665377,52,976.164087,True,False,False,4.4667150056466385,4.4896205029394185
29.103946,25,976.377467,True,False,False,2.1032535048136496,2.143661109676067
45.897788,66,976.901109,True,False,False,5.903969052791607,5.639610621351741
36.453743,51,977.28583,True,False,False,3.7119048609816123,3.7686693657052084
30.158059,35,977.560804,True,False,False,2.2970947107079693,2.458890494255142
37.058993,53,977.958712,True,False,False,3.8120023564960097,3.833588168772857
36.084343,41,978.280186,True,False,False,3.944723530451061,3.6639158048739495
34.392139,69,978.807826,True,False,False,4.836380520291805,3.5907601594275147
38.499259,48,979.205988,True,False,False,4.559046148498489,4.209625793850846
38.022635,37,979.531395,True,False,False,4.0984961407182725,4.037828273838591
43.750688,100,980.30106,True,False,False,6.392794641012486,5.585647916260401
42.444042,58,980.744535,True,False,False,5.325791160950172,5.049058351024494
40.382511,59,981.237522,True,False,False,5.056521095905259,4.645089515438636
43.8229,84,981.892469,True,False,False,5.476999772287613,5.435005610757905
30.772238,33,982.156434,True,False,False,2.978605890744699,2.5237930658997882
38.62299,57,982.593521,True,False,False,4.848613853470402,4.357177737294324
52.748079,65,983.109236,True,False,False,8.168386689160604,6.97949647514191
41.990781,48,983.502749,True,False,False,4.867815026589714,4.791653181221959
43.998467,59,983.950135,True,False,False,5.8655353702317035,5.156030856286387
29.940124,27,984.166177,True,False,False,2.5347850683022948,2.5178045185900624
47.920207,73,984.725075,True,False,False,6.3610993362730825,6.048605832835996
33.682172,30,984.955426,True,False,False,3.204496604876386,3.068861018042309
-17.2071,27,985.178095,False,True,False,1.5587441403359887,2.1978568588601473
50.642987,113,986.052004,True,False,False,8.340899298328747,7.166967243379128
29.995411,30,986.278717,True,False,False,2.6890104468689184,2.4652931099301787
25.919033,30,986.502092,True,False,False,1.680391289582976,1.6888151496827561
47.073895,97,987.224575,True,False,False,7.80121498966692,6.236539915721594
28.545653,18,987.359049,True,False,False,1.9591486117542123,2.070989524481271
31.271311,69,987.892207,True,False,False,4.756379349441026,3.10764799560763
25.643715,25,988.081617,True,False,False,1.9453415992642296,1.565758512145205
50.352021,66,988.579782,True,False,False,7.655459288137818,6.651855162589382
37.358707,47,988.920296,True,False,False,4.0512882522348725,3.877461599468277
29.734541,23,989.096476,True,False,False,2.443147222086875,2.308894491872042
45.346973,67,989.595658,True,False,False,6.000683823897843,5.6973169844370055
38.117198,61,990.075872,True,False,False,4.55464103901143,4.168246509782789
44.901454,63,990.53719,True,False,False,6.623680935990071,5.604132632382661
45.781643,53,990.947564,True,False,False,6.179005878926332,5.665937225699762
35.870357,38,991.240417,True,False,False,3.5892565501201683,3.4935855179722606
30.476316,40,991.557156,True,False,False,2.8651388710257537,2.5501979398810013
33.222962,33,991.822358,True,False,False,2.937711093124033,3.00269773174723
49.140321,80,992.459179,True,False,False,7.330816739110021,6.465472417445149
32.36814,30,992.686912,True,False,False,2.6645831938544213,2.83433152873078
30.707539,27,992.905895,True,False,False,2.393145648382611,2.472350844454287
25.53094,23,993.073843,True,False,False,1.5220808324568282,1.5722121123537554
35.153268,43,993.410043,True,False,False,3.2735733811906624,3.390512479260081
34.418897,45,993.757432,True,False,False,3.6089400314464117,3.454696047108967
39.496406,56,994.207617,True,False,False,4.591421314057669,4.388862482153091
26.244768,24,994.385941,True,False,False,1.6841658781387752,1.6443885426089502
34.502775,52,994.77022,True,False,False,4.12729404192341,3.4651897443572413
46.996162,90,995.444123,True,False,False,6.867010910567518,6.01800206088059
39.085562,88,996.140299,True,False,False,5.126765206050526,4.6132006508976655
49.195389,76,996.742738,True,False,False,7.565236399648703,6.328374585301973
31.5901,28,996.958439,True,False,False,2.656848512932589,2.661699928883322
48.630609,85,997.617917,True,False,False,7.550116595958705,6.3505026697456355
41.723763,48,997.98758,True,False,False,4.90527753304891,4.801596810184841
42.775533,69,998.549547,True,False,False,7.01483628829024,5.3996002518547765
44.635246,57,998.99921,True,False,False,5.921776140727629,5.369607670305407
28.960888,42,999.32463,True,False,False,3.058688694075943,2.3105076918474916
33.089832,80,999.940414,True,False,False,5.462514208720446,3.8755406965788417
45.084999,91,1000.655892,True,False,False,9.234208427939723,6.203971926980739
32.225337,23,1000.836492,True,False,False,2.8946000467558535,2.7595197016770836
31.142849,89,1001.510871,True,False,False,4.612349112124385,3.435397626804662
39.280789,47,1001.876174,True,False,False,5.494745335595908,4.238333330038384
33.756003,35,1002.133893,True,False,False,2.947246874167663,3.1300733049082807
34.207685,27,1002.353218,True,False,False,3.125869760927639,3.1999159897944542
28.41337,27,1002.566173,True,False,False,2.2343585591974446,2.1502804661318415
45.043407,69,1003.10255,True,False,False,5.873684431017022,5.442502185763795
31.153033,40,1003.423205,True,False,False,2.5096071691586115,2.6561277661922036
46.058301,75,1004.00315,True,False,False,6.546175235883235,5.71597710560421
42.031486,87,1004.699244,True,False,False,5.832957007841774,5.2191440566115395
30.166913,23,1004.874403,True,False,False,2.267649691278382,2.347688191100935
39.906586,49,1005.263944,True,False,False,4.701942463053435,4.38839902436332
35.115077,43,1005.581056,True,False,False,3.391684159032222,3.463061579131146
43.577988,92,1006.258385,True,False,False,6.692214231778675,5.909193234485552
29.119963,21,1006.42517,True,False,False,2.088520449271068,2.1332640407181356
26.484831,16,1006.547061,True,False,False,1.542204197007469,1.6129231350323405
27.438037,41,1006.876753,True,False,False,3.4355903730542434,2.199157984134708
39.537149,62,1007.351168,True,False,False,5.860616551251978,4.565960787734757
44.990142,55,1007.786452,True,False,False,6.694481194285624,5.4741891895647266
43.055561,57,1008.208301,True,False,False,6.502693190305939,5.0411472783028675
-1.302592,60,1008.673473,False,True,False,5.848493126886727,5.698402362782479
40.962615,70,1009.233819,True,False,False,5.672946558611327,5.1443443520107435
28.162694,25,1009.440987,True,False,False,2.224725050392746,2.0243397560331546
43.017758,64,1009.957641,True,False,False,5.703922585272354,5.1264075939352125
25.728995,14,1010.064646,True,False,False,1.476977888426196,1.5001837364419306
29.760547,30,1010.292657,True,False,False,2.225442071436125,2.351872452582612
27.416092,28,1010.523505,True,False,False,1.9177301497469317,1.9505235891677237
36.40404,51,1010.918782,True,False,False,3.666262347443968,3.7513863875379942
29.786166,27,1011.150061,True,False,False,2.5007872040405124,2.3702234824804362
30.168285,58,1011.602548,True,False,False,3.344252978511952,2.693095101307616
40.789353,61,1012.065856,True,False,False,6.3936425626320785,4.792882239037304
30.295784,32,1012.315099,True,False,False,2.3412512001050625,2.4577154991037187
37.488177,79,1012.929928,True,False,False,4.9099846629608574,4.26888361372005
39.085461,38,1013.233575,True,False,False,5.039634980324609,4.190858651597344
30.322105,30,1013.474387,True,False,False,2.461994449640142,2.5170760874446225
26.911964,24,1013.665166,True,False,False,1.9986889066467293,1.799573614933485
49.40557,65,1014.156156,True,False,False,6.929115074457436,6.425504404088452
42.392691,56,1014.590195,True,False,False,4.910161938731222,4.758092701913707
31.778761,46,1014.946189,True,False,False,2.724452920208022,2.83668899189515
28.026176,39,1015.260065,True,False,False,3.093505414684735,2.145139351768205
26.610236,38,1015.571274,True,False,False,2.3725363489464546,1.8922801573903085
38.654996,52,1016.690062,True,False,False,4.5874688775081465,4.22072966224263
47.700544,86,1017.623376,True,False,False,7.707536114532136,6.210833009792146
-9.855441,40,1017.945345,False,True,False,3.4539299292499037,4.085179737833931
32.860686,44,1018.319033,True,False,False,3.074739088580199,3.061688954462198
34.067462,52,1018.730554,True,False,False,3.2948538991355254,3.4049340456975563
53.843015,92,1019.446824,True,False,False,7.8809786080475215,7.335220256208066
37.173229,62,1019.952,True,False,False,4.70730628741826,3.965006042150454
29.522162,39,1020.262926,True,False,False,2.2409541338955097,2.386654753937529
30.274775,27,1020.489039,True,False,False,2.121475471092279,2.3417347561409962
39.963224,77,1021.084048,True,False,False,5.228258521572392,4.704743482132622
42.369164,52,1021.482479,True,False,False,5.169506638643556,4.963350116840626
26.38427,19,1021.634545,True,False,False,1.5090432860405694,1.6167884783770239
38.010538,68,1022.155809,True,False,False,4.813319625047292,4.246685706730173
46.133489,74,1022.721026,True,False,False,6.087201343012328,5.7854050759653095
34.057431,44,1023.046021,True,False,False,4.2353923297497635,3.2893205851298317
36.604769,34,1023.309362,True,False,False,3.6358390183047873,3.5851161016132616
41.110053,80,1023.943706,True,False,False,5.860073765446278,4.877316077494158
29.379022,22,1024.124287,True,False,False,2.507332843579573,2.246959227587534
34.755641,34,1024.388053,True,False,False,3.668919927788022,3.411424223216098
52.002356,68,1024.914792,True,False,False,8.175115949269221,7.053588503588242
33.281953,45,1025.254423,True,False,False,3.197979489289869,3.07386440904113
36.334606,35,1025.54348,True,False,False,4.135664671757879,3.6752481365688072
39.555745,51,1025.928338,True,False,False,4.692955071782497,4.285197281245567
37.007357,41,1026.275725,True,False,False,4.2337080598930035,3.862740093370901
30.743104,129,1027.294002,True,False,False,6.433419777165156,3.7159273186009862
47.000476,65,1027.803791,True,False,False,6.35138190359842,5.785072986621023
34.303542,39,1028.09808,True,False,False,3.7726813285372613,3.2195137857360017
25.44603,24,1028.29932,True,False,False,2.1925849469257384,1.5697283339593806
30.576465,22,1028.485863,True,False,False,2.60316021032445,2.4189950601212438
37.346856,50,1028.911407,True,False,False,4.419630904786981,4.002375589139752
-10.685746,27,1029.12923,False,True,False,2.4972172320197252,4.185643109077094
33.745152,40,1029.436434,True,False,False,3.1818249855229865,3.1141051703170954
44.358781,47,1029.794458,True,False,False,5.441642470570013,5.270773213003777
55.500426,104,1030.619442,True,False,False,8.947596753265735,7.79852839929318
40.749563,73,1031.184182,True,False,False,5.271783526062261,4.740325782836518
-13.448823,30,1031.420512,False,True,False,1.8846561017266503,6.239397478102601
34.671479,47,1031.779297,True,False,False,3.7325294152107213,3.4317317525879325
37.100843,51,1032.186156,True,False,False,3.899646672631343,3.8664676539116254
37.514318,51,1032.588639,True,False,False,3.9710274991426577,3.8769821908541897
36.051546,37,1032.885665,True,False,False,3.6989506803144345,3.5967032588928194
26.998842,30,1033.112904,True,False,False,1.753259102145484,1.825408288842938
33.80716,44,1033.449004,True,False,False,3.8383909653816777,3.3231233857007356
35.34572,69,1033.97634,True,False,False,4.281852723845529,3.8030148782931428
39.234323,44,1034.316671,True,False,False,4.303175890578706,4.144522259438197
43.634738,78,1034.922888,True,False,False,5.92725130357038,5.509298622868664
35.984557,44,1035.269828,True,False,False,3.5037148619383007,3.579271017028709
40.588578,47,1035.628585,True,False,False,4.718277892997364,4.519677055995126
49.711563,79,1036.207377,True,False,False,7.308241299598056,6.715575891788241
27.426842,23,1036.386036,True,False,False,1.7934863976834228,1.8101323321963987
27.871557,19,1036.533726,True,False,False,1.8516226350437948,1.8673345153674095
26.245834,54,1036.954594,True,False,False,2.833952046166414,1.9492293925319102
26.516929,28,1037.172757,True,False,False,1.7475804008349887,1.7833608109130392
37.497573,75,1037.770701,True,False,False,4.294885665107188,4.2144553849723385
33.406714,42,1038.095761,True,False,False,4.103875221898018,3.1419800021910405
41.375587,102,1038.891534,True,False,False,6.614001634178764,5.286222177257054
38.667796,53,1039.308871,True,False,False,4.379558414216278,4.268620150818233
42.089067,66,1039.819253,True,False,False,5.776259144293829,4.849485088013432
26.601448,36,1040.097758,True,False,False,3.039876795004198,1.836598927983767
42.034712,63,1040.598119,True,False,False,5.26459263596003,4.7945675623549615
52.172286,78,1041.239721,True,False,False,8.284621173870692,6.839288037883945
32.249852,30,1041.490268,True,False,False,2.5813887141930643,2.794220005159039
32.13949,38,1041.789418,True,False,False,3.709354335583296,2.948711092237725
34.406315,121,1042.738949,True,False,False,8.16733943047963,4.435076348598067
31.820709,28,1042.955439,True,False,False,2.763249838074044,2.779931304509041
42.161016,58,1043.420423,True,False,False,5.004139478610654,4.89743643398269
26.418306,35,1043.699415,True,False,False,1.9469085960546397,1.8242712955297933
38.180753,39,1043.990705,True,False,False,4.145588714695231,4.004194334193879
38.149625,64,1044.463258,True,False,False,4.842585818829934,4.202678484570254
37.803026,41,1044.778631,True,False,False,4.0044493552883695,4.0293046622719455
42.390458,57,1045.205297,True,False,False,5.226847201896043,5.001109053036583
37.728208,39,1045.515202,True,False,False,4.4241944802145525,3.9642482965529635
38.806096,52,1045.915703,True,False,False,4.362642649300912,4.193183455915328
38.521529,81,1046.538009,True,False,False,7.0476208791447545,4.649252993897633
37.782692,54,1046.958659,True,False,False,3.959172396978888,3.99588937144094
44.332284,74,1047.527412,True,False,False,6.432401227972883,5.455893472547941
44.210201,59,1048.015115,True,False,False,6.31251914900385,5.283586402470389
33.758243,51,1048.397659,True,False,False,4.319804534615207,3.3936226127372824
37.199858,37,1048.69966,True,False,False,3.6706170439054886,3.732654122255227
33.624405,28,1048.926663,True,False,False,3.5464829471583545,3.114991512479854
29.533122,28,1049.141474,True,False,False,2.1943655522207752,2.2890212237212504
45.453536,64,1049.630903,True,False,False,6.153262777223441,5.619058621115793
43.38996,61,1050.122837,True,False,False,7.027292675517135,5.230678982859844
31.75584,36,1050.418649,True,False,False,3.5522145162060297,2.830002766050422
40.20834,56,1050.853912,True,False,False,5.120218644380218,4.461364381568757
37.078931,88,1051.529301,True,False,False,5.883188528406581,4.4748444026461796
38.391466,52,1051.94497,True,False,False,4.555634610259159,4.162107887009821
30.894732,21,1052.125214,True,False,False,2.4335325981358187,2.4703816721472243
36.741795,54,1052.551596,True,False,False,4.062325661155938,3.8634171057568505
28.494305,35,1052.825393,True,False,False,2.2969273121899563,2.204564514371927
37.132076,40,1053.146387,True,False,False,3.8231635371461463,3.7907115580681667
37.314296,53,1053.585007,True,False,False,4.369151818432892,4.003239470465088
33.898654,84,1054.236533,True,False,False,6.080744604994076,3.7317221635841005
36.131803,35,1054.494828,True,False,False,3.6438443259808073,3.497397955622124
37.320245,46,1054.843066,True,False,False,3.7822458231851104,3.852240850156377
40.128427,50,1055.216487,True,False,False,5.0109615853689355,4.436948005749467
30.983483,22,1055.381827,True,False,False,2.4710372578269126,2.512883719737781
36.462803,41,1055.703329,True,False,False,3.9895129718132223,3.7026030512328876
33.60442,39,1056.000908,True,False,False,3.117989592599078,3.1682865919051344
-18.490253,9,1056.076642,False,True,False,0.47250764941857243,1.9872261452777216
-16.923058,13,1056.176665,False,True,False,0.811239707590852,4.889454159106697
-16.31697,9,1056.263349,False,True,False,0.9230326824432972,5.376981277377799
40.775707,93,1056.981864,True,False,False,5.50442092134881,5.056526107920018
33.584035,53,1057.392697,True,False,False,3.293132188936481,3.254873008765267
46.706258,66,1057.89942,True,False,False,6.924260734878864,5.908088959168645
51.026217,70,1058.451786,True,False,False,7.41334576063333,6.7829288953514295
42.234514,44,1058.801635,True,False,False,4.9401982843353105,4.8849228435300445
32.055282,47,1059.160047,True,False,False,3.4954971633856147,2.947433222540296
26.437048,26,1059.359264,True,False,False,1.6549035500714542,1.6839394070358344
32.044027,43,1059.696525,True,False,False,3.168841922864888,2.8619704741236793
39.904627,53,1060.10013,True,False,False,5.796834936881756,4.664147569512495
-17.681618,12,1060.188595,False,True,False,0.7311358466719605,2.814592841587172
27.650163,55,1060.622184,True,False,False,3.2509024821961954,2.323577558957125
47.080038,82,1061.24896,True,False,False,7.802965687654031,6.513532054239829
31.850089,35,1061.503934,True,False,False,2.790823943361314,2.814450323057075
38.926141,51,1061.895223,True,False,False,4.252289556204479,4.152706222133911
29.268913,81,1062.498133,True,False,False,5.186157679416156,3.0667770283086657
36.567533,58,1062.965819,True,False,False,4.505988982568216,3.972561291814296
36.091814,40,1063.26359,True,False,False,4.244786204232962,3.696125639101065
32.57072,51,1063.657624,True,False,False,3.267134905421149,3.039633160433883
51.046082,80,1064.278368,True,False,False,7.676217786115317,6.842599758707942
42.923833,62,1064.745763,True,False,False,5.794442908313236,5.192317192379562
41.648682,51,1065.1547,True,False,False,5.743426600960373,4.889097645926237
34.642297,41,1065.491137,True,False,False,3.400391941917012,3.3373900305137973
37.552631,61,1065.997785,True,False,False,4.718895325060864,4.143228703378638
40.517243,74,1066.570193,True,False,False,5.700452130826889,4.822398595659492
30.293392,21,1066.743187,True,False,False,2.2581866879192884,2.263731982767113
36.813945,39,1067.058276,True,False,False,3.7860090506184694,3.7227373538805755
34.833506,60,1067.524109,True,False,False,4.360420582865975,3.583851573457469
36.415309,63,1068.029795,True,False,False,4.531220781424064,4.017590942507818
33.786167,62,1068.506331,True,False,False,4.029233337953704,3.494904438182542
43.09156,50,1068.88957,True,False,False,5.354623596561459,5.041228595168438
49.087539,63,1069.386123,True,False,False,6.458232306850398,6.309238492184428
30.052359,23,1069.571225,True,False,False,2.682948895887845,2.315612359115245
41.17784,101,1070.347274,True,False,False,6.3245880326706505,5.1776919188923465
27.005795,35,1070.624868,True,False,False,2.919166658175816,1.9486153521656195
45.335258,90,1071.333626,True,False,False,6.596710225540082,5.76666513233139
34.498342,27,1071.549771,True,False,False,3.006592361709121,3.1213524484503257
34.122758,58,1072.003029,True,False,False,4.066338714078253,3.6166493855482966
30.781311,33,1072.270447,True,False,False,2.481256258253267,2.5533109252704906
44.437839,49,1072.624599,True,False,False,6.916381673021567,5.346444734003245
34.926624,48,1072.982175,True,False,False,3.825152771863391,3.5156270935670864
47.98444,57,1073.419989,True,False,False,6.350516727697931,6.006213479607222
45.407717,64,1073.914913,True,False,False,6.824720206558812,5.543637828479538
27.415084,41,1074.225366,True,False,False,2.0246660489297654,2.0244291274439754
38.743503,87,1074.900139,True,False,False,5.813014462576301,4.588796507043497
33.264591,27,1075.11411,True,False,False,3.1635813553200713,3.014601492025617
44.14868,69,1075.664989,True,False,False,6.028685538538637,5.317043309269674
42.321621,68,1076.206399,True,False,False,5.456690668274263,4.992800336447829
35.489041,64,1076.698028,True,False,False,4.097312789836786,3.7359196869913
33.344452,61,1077.163435,True,False,False,4.999180755779098,3.4145318010071444
39.782835,52,1077.572995,True,False,False,4.7372499986706975,4.441680630691602
36.358614,68,1078.185809,True,False,False,4.835762866969061,3.9378842114162556
46.158807,63,1078.681322,True,False,False,6.967347446436329,5.764215766918343
27.478368,25,1078.889964,True,False,False,2.139074639738094,1.875000641082502
28.080812,25,1079.091833,True,False,False,1.9527998068220596,1.977899474571483
43.908526,57,1079.523244,True,False,False,5.709306945993076,5.265366950181727
33.987531,36,1079.800673,True,False,False,3.5208836497181344,3.210815094967874
40.608617,50,1080.211944,True,False,False,4.721418187083827,4.626392396868155
33.718969,89,1080.935133,True,False,False,4.778310845826933,3.709075315072117
37.396447,47,1081.308838,True,False,False,4.277036701978504,3.8756317935436106
32.711388,30,1081.540246,True,False,False,2.6830283532247936,2.882172637329917
37.305025,33,1081.816331,True,False,False,4.703736445272235,3.821851369550584
31.216779,62,1082.320693,True,False,False,3.8646774762012637,3.17389668299548
28.093456,22,1082.489381,True,False,False,2.151548697899495,1.9902197063936478
35.684048,37,1082.769847,True,False,False,3.478652188346404,3.503467058432351
30.362447,101,1083.583509,True,False,False,5.027894262832624,3.4983497588651495
54.479672,115,1084.48418,True,False,False,9.56306826064733,7.903282804549385
42.880576,87,1085.165918,True,False,False,6.979114514088358,5.500602311470832
36.916235,54,1085.579276,True,False,False,4.403558843379515,4.131190053756623
37.234135,89,1086.283592,True,False,False,6.150636333645453,4.6106946270287255
36.231218,41,1086.622317,True,False,False,4.019788341395019,3.748044150708185
35.223574,62,1087.102755,True,False,False,6.152071001476407,3.830705538595005
33.547423,24,1087.295898,True,False,False,2.8588678429925216,3.0346020616569516
33.678408,56,1087.742654,True,False,False,3.7067342426511933,3.4306918561613493
35.710582,78,1088.333831,True,False,False,4.736877272301963,4.144261166327307
30.028837,51,1088.73228,True,False,False,3.8878909576119396,2.8773221581049904
31.629514,84,1089.361922,True,False,False,4.921139033058645,3.274733205279412
45.857274,64,1089.840232,True,False,False,6.4098628400750055,5.575309185533446
32.911867,55,1090.269545,True,False,False,4.071911663075402,3.162485556021147
39.627561,54,1090.692978,True,False,False,5.2701025485779445,4.472326116228617
27.928178,19,1090.833193,True,False,False,1.8456349326030466,1.9597008893869439
25.243511,27,1091.055125,True,False,False,1.5560088972334585,1.5107604512794344
26.321292,43,1091.390908,True,False,False,2.0190653671106493,1.8736538044549407
39.37429,51,1091.800271,True,False,False,4.9574881011288845,4.417576182773922
37.130978,42,1092.125882,True,False,False,4.565597702508147,3.8787924980838673
45.413197,64,1092.642249,True,False,False,5.96782000935479,5.62740214412776
38.511921,34,1092.940747,True,False,False,4.315445016491081,4.184427727662582
31.209489,39,1093.250429,True,False,False,2.9829819724735134,2.7641177176893597
26.348307,19,1093.404356,True,False,False,1.5575662277085016,1.650003966965877
43.976005,63,1093.897526,True,False,False,6.17344874502539,5.327920212544495
48.026038,42,1094.234076,True,False,False,5.908617680291509,5.890640139353924
44.812138,59,1094.695306,True,False,False,5.500964591648171,5.370625308433041
47.479272,56,1095.734864,True,False,False,6.883795630703591,5.895977224072211
30.771684,23,1095.915327,True,False,False,2.314893522832551,2.4823566850296372
28.84106,26,1096.12212,True,False,False,2.4708394517392627,2.1362229235151937
39.104273,57,1096.584517,True,False,False,5.606200815478837,4.345998427818296
37.121498,35,1096.853043,True,False,False,4.168665018786594,3.902505447330369
41.397457,62,1097.363799,True,False,False,5.375620045704217,4.678411746007752
42.536879,46,1097.734344,True,False,False,4.92943972823696,4.876498495248193
37.487856,58,1098.188551,True,False,False,4.728732845286852,4.060815223938517
51.253582,67,1098.721955,True,False,False,7.174861757064229,6.7144063268511935
28.50255,23,1098.891755,True,False,False,2.097721490662536,2.1077831659532396
32.081217,52,1099.294746,True,False,False,3.1915128031013738,2.965568486579225
31.362138,38,1099.611803,True,False,False,3.284710154971475,2.815069329478938
47.104423,47,1099.977389,True,False,False,6.335142526396193,5.707847563937364
27.823097,22,1100.146544,True,False,False,1.8122757499006608,1.9320652317651819
34.195584,31,1100.378097,True,False,False,3.829490383756113,3.1926820779453395
34.787048,29,1100.605574,True,False,False,3.376243448393197,3.307707881223546
34.054741,31,1100.833423,True,False,False,3.347784842936495,3.147752209117464
45.744585,73,1101.396633,True,False,False,6.559755209580924,5.906518886152035
29.765588,36,1101.695725,True,False,False,2.958505184792522,2.516945439893871
46.207048,57,1102.127929,True,False,False,6.054723804609119,5.5872586740115295
35.706611,51,1102.532874,True,False,False,3.801211509476233,3.7873461163473485
43.997351,48,1102.90228,True,False,False,5.424128405975846,5.219797122691685
31.464636,32,1103.148288,True,False,False,2.9344372519980455,2.744401416977872
53.299815,66,1103.690124,True,False,False,7.344410270714871,7.126953788550034
41.647674,53,1104.128039,True,False,False,5.590971138210227,4.887679560103255
37.350842,45,1104.491719,True,False,False,4.471059748149276,3.8704569524042824
35.576377,33,1104.740808,True,False,False,3.697888241879456,3.4550984949427637
35.39662,43,1105.079036,True,False,False,3.558255930440559,3.492168199052682
31.935921,29,1105.301386,True,False,False,3.12132461650794,2.883741677344774
31.757559,29,1105.531877,True,False,False,3.206934490189233,2.7879027645894183
29.62585,53,1105.954917,True,False,False,4.57212729960964,2.835402857783162
29.061736,44,1106.295038,True,False,False,3.9084873415734016,2.513604834583054
39.727319,48,1106.666696,True,False,False,5.0237882603961515,4.394904087179137
41.426032,75,1107.256273,True,False,False,6.01005212707876,4.943627802123926
29.73597,30,1107.498625,True,False,False,2.5697322281345683,2.3610681025415814
41.619764,57,1107.943533,True,False,False,5.161179807068767,4.8003637764555736
30.263683,25,1108.161222,True,False,False,2.3571447421130873,2.4369596028605685
29.634826,48,1108.534904,True,False,False,3.2723336834178745,2.554132642746806
45.027463,75,1109.126817,True,False,False,5.460055550528683,5.456103793502096
46.708715,105,1109.944679,True,False,False,6.709556922400924,6.108001357886905
27.737925,32,1110.210673,True,False,False,1.8720288599465957,2.0163715522264596
40.62232,35,1110.490774,True,False,False,4.709426870478146,4.457069778362041
28.078195,46,1110.857336,True,False,False,3.709956778467451,2.1896546835701702
26.019118,34,1111.111768,True,False,False,2.5318703974710908,1.7714593171459088
46.682583,85,1111.757121,True,False,False,6.343878313389004,5.9805634199097515
30.120779,32,1112.001719,True,False,False,2.640134391678249,2.4641915945236574
35.202337,92,1112.709812,True,False,False,6.2717755259890655,3.9765739777303284
45.545915,65,1113.193804,True,False,False,5.7320352560825825,5.723824665399867
30.384638,55,1113.612914,True,False,False,3.054989325632362,2.735965035703786
29.115705,63,1114.074905,True,False,False,4.652764431629573,2.646616213224491
24.926408,42,1114.409084,True,False,False,1.6909384238864764,1.8477805774578129
26.337152,20,1114.567154,True,False,False,1.5165900562728878,1.6502017653096483
-9.441592,30,1114.794231,False,True,False,3.0057766728721087,4.550905939337725
30.418803,38,1115.079406,True,False,False,2.5901470709722068,2.5099970420159075
44.102222,104,1115.876029,True,False,False,6.88817252888144,5.667156731541859
32.619392,42,1116.236,True,False,False,3.998444372432982,3.0385953882307213
26.054666,17,1116.378716,True,False,False,1.525015348892519,1.5525015359695096
38.594818,34,1116.657436,True,False,False,4.201066406524799,4.083052819763571
38.877175,52,1117.071672,True,False,False,4.366137320495868,4.204770343558156
39.407954,76,1117.659688,True,False,False,6.869025858310443,4.916118679641413
26.743188,35,1117.920305,True,False,False,1.91193719672079,1.8306260134304873
38.929023,54,1118.340144,True,False,False,4.880432548776224,4.250215575931262
46.25925,84,1119.019599,True,False,False,7.528839448214955,6.067735827954592
38.661111,36,1119.29809,True,False,False,4.115587000872195,3.9938415235523217
35.942585,54,1119.715174,True,False,False,3.610542902463139,3.6582330906301332
29.672192,23,1119.902509,True,False,False,2.124878836661702,2.228564056585408
28.284947,27,1120.104365,True,False,False,1.9758062252342339,2.0392686533475533
32.313361,41,1120.429252,True,False,False,3.366285218953135,3.010444642215821
40.166805,82,1121.088991,True,False,False,7.293851570093252,4.835532929448114
45.564715,52,1121.496884,True,False,False,5.663684753263156,5.496986771751228
25.558826,24,1121.681692,True,False,False,1.475960993350202,1.5602133346971394
37.358119,51,1122.068802,True,False,False,4.095174948843216,3.8233770676862577
31.872877,25,1122.267002,True,False,False,2.697824156174013,2.705655489116575
31.915009,51,1122.659577,True,False,False,3.440746300726988,2.948655375013037
34.094759,48,1123.043237,True,False,False,3.150141386199925,3.2258847726965434
39.642483,60,1123.51436,True,False,False,4.912332894729383,4.433419631987916
48.151506,83,1124.171013,True,False,False,6.983812480310233,6.250931439591008
25.252224,62,1124.650669,True,False,False,4.489962725823982,1.9807925293964754
49.316731,87,1125.305801,True,False,False,6.820207456939472,6.4465041574917
28.325219,52,1125.704447,True,False,False,3.2037678235138367,2.295847205111168
46.303614,88,1126.356352,True,False,False,6.975416975722257,6.144737335032757
33.941462,50,1126.733952,True,False,False,3.478760514816111,3.296396668488991
30.235043,22,1126.902479,True,False,False,2.4396831853586587,2.3479614548059695
-17.882897,11,1126.988971,False,True,False,0.6763593231559666,5.086957170364118
28.1849,33,1127.229243,True,False,False,1.981763504705993,2.0863894497412083
30.761349,33,1127.507373,True,False,False,2.769880385703054,2.5393213957286265
41.501084,46,1127.849701,True,False,False,5.795883225219389,4.637776771396093
30.947448,21,1128.000232,True,False,False,2.3714602071662907,2.4895922196119704
31.960415,23,1128.180667,True,False,False,2.6644063496401014,2.661049057193313
26.754595,19,1128.32859,True,False,False,1.5480420118244087,1.7243505073965992
36.57757,41,1128.672807,True,False,False,4.067649835976388,3.7342729698823938
33.032517,50,1129.055141,True,False,False,3.824738668752659,3.241781314073776
47.464146,73,1129.637486,True,False,False,6.628030693921129,5.958880818449373
30.592463,33,1129.887463,True,False,False,2.6668816326936278,2.473233120645796
36.539343,58,1130.319308,True,False,False,5.217944951341238,3.8768452496156818
32.286963,31,1130.544746,True,False,False,2.689689616003572,2.8030710016822717
28.012596,20,1130.694094,True,False,False,1.8408245372249068,1.9430323177666855
30.029748,36,1130.96174,True,False,False,3.147092573503312,2.5369464760595304
29.42426,26,1131.153204,True,False,False,2.162537106311763,2.2028668946807506
34.857085,54,1131.558476,True,False,False,3.372156820116949,3.456092408516384
28.057545,31,1131.813464,True,False,False,2.853308054868467,2.1075901737775236
33.268069,80,1132.418696,True,False,False,4.8000980668082445,3.7320715505236133
31.25442,34,1132.675311,True,False,False,2.702866666866172,2.6641135679125343
26.425104,25,1132.855514,True,False,False,1.772257124401074,1.6827026885528604
40.097927,64,1133.336741,True,False,False,4.715251460403659,4.4495101574506295
43.849442,72,1133.908977,True,False,False,5.863541241149699,5.491025720079502
31.445042,38,1134.207085,True,False,False,3.584144513664946,2.741328725361356
40.268385,65,1134.718801,True,False,False,5.335341701737429,4.7389980019915905
29.003775,27,1134.921098,True,False,False,2.7728043234968727,2.231655132701997
32.389312,42,1135.2478,True,False,False,2.815141332285557,2.9620289553144463
32.840647,32,1135.499377,True,False,False,3.8292866080686894,2.943943528348886
43.747341,69,1136.061677,True,False,False,6.169055808507267,5.350670787689452
26.288083,15,1136.175558,True,False,False,1.49470610617942,1.555557454072021
43.883757,56,1136.612086,True,False,False,5.605129986415499,5.180856429581576
26.007165,36,1136.892624,True,False,False,1.8079523576684116,1.7705261163865755
29.041815,36,1137.169501,True,False,False,3.772645420301689,2.450662941083762
45.432269,62,1137.662128,True,False,False,5.888884506334397,5.473692791359235
28.922325,21,1137.833007,True,False,False,1.9777450792224625,2.11587925836611
30.230135,50,1138.239508,True,False,False,2.823631178322553,2.609496902930893
44.797918,94,1138.959248,True,False,False,6.432610290169023,5.812705063409359
33.001738,46,1139.310268,True,False,False,3.6776979813973485,3.4066256127702044
28.932662,29,1139.530803,True,False,False,2.0774369644624846,2.168821813634338
33.814122,34,1139.7928,True,False,False,3.218484011477342,3.0884461002795565
28.26649,27,1140.005813,True,False,False,3.0162524567149527,2.1056177352877152
36.946862,36,1140.300376,True,False,False,3.8319345242116194,3.771013853211975
48.253826,49,1140.692372,True,False,False,6.146387955981449,5.924170241857825
46.223199,49,1141.112,True,False,False,6.243214571474924,5.587236876153669
31.231325,75,1141.689015,True,False,False,4.783259150003178,3.1670667756445883
26.587506,20,1141.843078,True,False,False,1.5439504991289306,1.6841776675079332
47.20661,64,1142.339926,True,False,False,6.325281106475314,5.913814868971971
25.747969,53,1142.785501,True,False,False,3.7194475066355333,1.9733350070989129
44.040106,75,1143.352876,True,False,False,6.49513267076448,5.254321853502872
28.607363,49,1143.73668,True,False,False,2.929535105605054,2.2741758363252322
35.562868,35,1144.000301,True,False,False,3.8555285418725322,3.5675355478612465
37.334589,81,1144.650145,True,False,False,5.2974122766898635,4.22802860860777
36.286502,57,1145.070843,True,False,False,4.954711884402962,3.924819542237695
39.077965,53,1145.473114,True,False,False,4.100683655025273,4.150228887207366
28.924969,23,1145.644666,True,False,False,2.2751733768689526,2.178975032204049
41.256135,60,1146.092813,True,False,False,5.599360367408534,4.694455618893803
36.680885,67,1146.602787,True,False,False,5.5064379403552035,4.008757002145924
45.85483,83,1147.249773,True,False,False,6.63820449094163,5.863375250122462
31.733637,29,1147.47363,True,False,False,2.515705545156041,2.6169456081486597
48.880111,83,1148.121288,True,False,False,7.415642263557374,6.36089469932959
39.842044,104,1148.95605,True,False,False,6.481120794330595,5.421378687982985
32.613562,39,1149.263707,True,False,False,2.9923034899066727,2.9019551941257546
33.930296,69,1149.797079,True,False,False,3.6107606768087246,3.421402650735515
25.363521,23,1149.991537,True,False,False,1.6692715434544378,1.5162974936598612
30.326864,41,1150.305122,True,False,False,2.8429185168815403,2.5247124330266346
39.430216,76,1150.895108,True,False,False,6.708576799946503,4.687176728935535
31.451676,39,1151.226766,True,False,False,3.7961746180209044,2.8238253302570038
30.780294,45,1151.569073,True,False,False,2.937727712652039,2.6948554274981356
33.132655,37,1151.864288,True,False,False,2.932263094141731,3.0599207242602744
26.85362,42,1152.205331,True,False,False,3.1023601908042044,2.0121978768933224
27.780324,35,1152.479138,True,False,False,3.153896680508946,2.1219380915999895
43.458118,65,1153.008399,True,False,False,5.743854151324123,5.110206240059107
25.440107,24,1153.222507,True,False,False,1.769900148085629,1.5712669488459015
44.219334,87,1153.944488,True,False,False,5.673249144699523,5.458341581383192
30.74333,31,1154.193028,True,False,False,3.20560375537537,2.545205761381854
36.877067,50,1154.582112,True,False,False,4.0774022615833445,3.934665268909653
50.341358,60,1155.046559,True,False,False,7.536184908734807,6.501721412149605
44.629838,68,1155.597683,True,False,False,6.529328045760929,5.559568425857644
30.797052,23,1155.775997,True,False,False,2.5770501532297954,2.540513984681588
33.974324,77,1156.384928,True,False,False,4.195372645023179,3.7741193483675537
39.351038,60,1156.853222,True,False,False,4.889044974578595,4.232856927627274
43.592307,60,1157.303602,True,False,False,5.131064137319237,5.11986298462353
34.674895,52,1157.717596,True,False,False,3.7174632675788635,3.42134142621093
47.026108,85,1158.352147,True,False,False,7.034195970030331,6.077481892632347
26.97005,22,1158.516135,True,False,False,1.6356624647516664,1.7365517429779647
42.873088,39,1158.824882,True,False,False,5.114063670747218,4.872520947353985
31.875964,28,1159.033422,True,False,False,2.993048342287959,2.651977869456978
36.889103,26,1159.235277,True,False,False,3.61850490419211,3.6690934466390317
30.716257,35,1159.499169,True,False,False,3.334043336776573,2.710338834205311
47.159192,60,1159.983581,True,False,False,6.2218997512226615,5.8635463588597245
32.941217,39,1160.289216,True,False,False,3.6340057498380793,3.000257209191776
32.029515,35,1160.542742,True,False,False,2.6986519548074908,2.7189813002871976
-12.028107,19,1160.691635,False,True,False,1.8147880852419511,7.9239839562017735
47.403621,89,1161.375734,True,False,False,7.115987777931088,6.205817863589762
43.599637,42,1161.691762,True,False,False,5.0979992903894,4.970680280087047
42.525719,63,1162.209589,True,False,False,6.39670050462688,5.155958750973095
37.373436,46,1162.579584,True,False,False,4.741867977222876,3.916117847952646
37.130408,32,1162.832229,True,False,False,3.7667674393312685,3.7129670251329276
43.812948,77,1163.424298,True,False,False,5.5706535319195805,5.328486114156121
38.668775,48,1163.797302,True,False,False,4.132428635553146,4.123369406467435
30.717818,29,1164.037146,True,False,False,2.9634272429345696,2.58204856919688
44.736843,85,1164.691893,True,False,False,6.066684733562468,5.63957872153222
31.221251,63,1165.199263,True,False,False,3.978159647411809,2.923963427511691
41.005953,58,1165.669501,True,False,False,4.787175801926913,4.705060516940449
27.656105,35,1165.941241,True,False,False,2.060295036109536,2.030367828828111
49.251704,67,1166.483955,True,False,False,6.647127969417127,6.265605502480402
29.513376,27,1166.687854,True,False,False,2.790863421894453,2.37359324382472
40.131664,77,1167.28842,True,False,False,5.356754072661703,4.916901073393221
37.683882,55,1167.707556,True,False,False,3.993453368924042,3.9266530024096626
43.253892,72,1168.264546,True,False,False,5.8393936475194295,5.145010556334921
38.183576,47,1168.662561,True,False,False,4.182037521330274,4.072332209751081
44.109878,69,1169.191519,True,False,False,5.551307460729793,5.448263877333763
30.301915,30,1169.421703,True,False,False,2.5908436593350213,2.46609323642668
48.818849,109,1170.268471,True,False,False,7.322006957474939,6.607101632434689
29.201829,25,1170.468217,True,False,False,2.0464180702176114,2.126924835903586
32.126368,28,1170.697634,True,False,False,2.546486345461167,2.7129437696074294
37.305833,43,1171.093922,True,False,False,4.796942602933416,3.9327273916340046
46.809107,66,1171.634353,True,False,False,6.384568800018294,5.863227139708855
37.756543,37,1171.911927,True,False,False,4.313781247936511,3.965364917510505
43.874266,58,1172.344012,True,False,False,5.628967900214539,5.317298156266024
32.087457,38,1172.65513,True,False,False,2.7433300407855223,2.8252876464179124
27.2738,24,1172.855286,True,False,False,1.9424614209571498,1.8781115174241125
41.327009,43,1173.192164,True,False,False,4.870399845211897,4.649799317913703
35.415054,69,1173.738313,True,False,False,5.274028109121584,3.8924834517494005
38.951314,62,1174.864681,True,False,False,4.972552216053028,4.53783836254328
35.058213,31,1175.107755,True,False,False,3.650279602588504,3.37215078453556
39.467661,50,1175.482377,True,False,False,4.727113618295191,4.378688703684786
26.960335,18,1175.62158,True,False,False,1.5868704853499003,1.7446969626455564
38.281674,58,1176.072299,True,False,False,5.521963516699899,4.299662264719232
27.916721,18,1176.21063,True,False,False,2.191321519304183,1.8947833698119367
48.411619,72,1177.031876,True,False,False,6.930187969915463,6.21900126078333
35.566385,46,1177.438836,True,False,False,4.814955281233699,3.6199372734162893
-17.27702,25,1177.642353,False,True,False,1.0486172474318571,4.536939142106314
46.710197,79,1178.341756,True,False,False,7.845830860354785,6.100063218769232
49.473788,64,1178.868323,True,False,False,6.88319726792951,6.333980447073691
1.849586,58,1179.373638,False,True,False,5.3819595569178045,6.3145348578253975
33.534015,30,1179.615343,True,False,False,3.18876643826363,3.0873425824972838
48.33633,71,1180.172705,True,False,False,6.94406896426542,6.086889431418948
27.416341,35,1180.454719,True,False,False,2.568511051406973,2.0152428832992832
41.754061,52,1180.865614,True,False,False,4.841340354217798,4.752515646248847
34.772368,53,1181.30207,True,False,False,4.662816169705822,3.4615935205829422
27.849553,53,1181.735381,True,False,False,4.758832450763883,2.17069516709996
25.092366,34,1182.02702,True,False,False,1.5045301295932711,1.5370939718830732
41.463296,68,1182.563572,True,False,False,4.751610357928862,4.767572910119226
36.068007,32,1182.819975,True,False,False,3.5328708366380064,3.617465769279725
35.176153,54,1183.269437,True,False,False,4.071089926227603,3.584575101690067
45.797728,64,1183.849766,True,False,False,6.568119752124012,5.822588915363863
33.899304,33,1184.145158,True,False,False,3.155765028314774,3.120073261130947
32.097138,29,1184.384735,True,False,False,2.6989198997502655,2.818547227707345
35.937356,52,1184.795739,True,False,False,4.692314924367741,3.84182691010335
42.427831,43,1185.240226,True,False,False,5.363141169881221,4.883157750592695
35.93069,34,1185.516608,True,False,False,3.7221320853048705,3.6229245314552783
28.275216,33,1185.839504,True,False,False,2.0574229327213374,2.0818496044990304
48.59593,83,1186.503158,True,False,False,6.904396821784872,6.405759471745207
35.965882,39,1186.895219,True,False,False,3.789173024013139,3.6497245134997534
35.717208,37,1187.17783,True,False,False,3.634998798163516,3.533072535843656
-16.796771,11,1187.269722,False,True,False,0.801844525404956,4.809272333692308
31.90385,44,1187.615384,True,False,False,3.193598055839776,2.894744948420556
37.580823,38,1187.954567,True,False,False,4.344241651793562,3.7214825889813725
40.844237,49,1188.32633,True,False,False,4.624074521000753,4.675339651613678
38.592136,48,1188.695332,True,False,False,4.396938751556088,4.280029763267369
40.151575,79,1189.335999,True,False,False,6.35658989081836,4.905632520876266
47.68123,87,1190.069193,True,False,False,6.874469765838084,6.0739611458185045
37.597751,61,1190.631383,True,False,False,4.431775396532961,4.266273595034141
31.415843,30,1190.877645,True,False,False,2.7856944426323706,2.6994087604205848
55.746396,79,1191.519537,True,False,False,8.851546716533989,7.78827617778962
41.144876,60,1192.022206,True,False,False,5.202023294034921,4.844761996654765
38.88916,81,1192.70716,True,False,False,5.729793186342921,4.62210527707648
30.523671,44,1193.059674,True,False,False,3.2502845704077363,2.572715881440383
33.240614,37,1193.348353,True,False,False,3.725603204783276,3.1532807757275547
-15.959537,20,1193.514101,False,True,False,1.4079565212361156,5.123078325098147
36.457072,30,1193.75455,True,False,False,4.132334930360988,3.6703412552571977
38.264742,38,1194.063535,True,False,False,4.2722950544338305,4.089184998806945
38.155036,42,1194.419533,True,False,False,4.2569367422038,4.072269680374187
38.745329,64,1194.923059,True,False,False,6.162058766325831,4.5997557074019255
41.658994,43,1195.280781,True,False,False,4.758275520451491,4.714817621014734
30.966886,32,1195.539774,True,False,False,3.1732836186139215,2.570428400982043
27.6355,16,1195.676305,True,False,False,1.6958351007329038,1.8077816252069963
54.617302,78,1196.377732,True,False,False,7.782866416880029,7.404244309316619
29.066455,26,1196.591793,True,False,False,2.3851131148459714,2.1880156759784253
44.752688,40,1196.903859,True,False,False,5.45805021554781,5.29637559891443
48.300223,48,1197.270287,True,False,False,6.208759538837192,5.957217043553571
32.121435,30,1197.501194,True,False,False,4.021382993281363,2.8374910795088186
46.593889,87,1198.195915,True,False,False,6.307556550428703,5.955497310219298
46.810299,65,1198.747995,True,False,False,6.225158775511438,5.846573011110964
-16.975523,9,1198.811491,False,True,False,0.7337838472457475,3.849536585010187
45.188431,64,1199.309902,True,False,False,6.178709331933535,5.615064127263601
47.046321,65,1199.979195,True,False,False,5.845580243431819,5.919766240692023
48.954013,51,1200.497503,True,False,False,6.275211465460165,6.138255850684996
28.645137,24,1200.776443,True,False,False,1.8789247488852014,2.0907820596530597
29.649513,20,1200.983263,True,False,False,2.2874427718035193,2.1990971987020083
45.299535,77,1201.621438,True,False,False,6.160110622647792,5.672275520149817
26.828502,25,1201.809982,True,False,False,2.162636376483226,1.8383960207154748
29.829031,25,1202.012397,True,False,False,2.4954608896555963,2.3557519815482717
34.307901,34,1202.321058,True,False,False,3.5721159457426963,3.197853444460992
26.473219,26,1202.528663,True,False,False,1.6877054014384956,1.7166000774182195
40.868599,64,1203.207491,True,False,False,5.505797411989337,4.9980207961362595
28.675237,21,1203.409745,True,False,False,2.0348032144286705,2.0865201738295833
46.451723,89,1204.231081,True,False,False,7.894587761105175,6.251321582217869
29.498955,25,1204.430421,True,False,False,2.266509343553836,2.272184306240342
28.188321,40,1204.73767,True,False,False,2.0360250745091926,2.172909016476027
33.306149,24,1204.979592,True,False,False,2.760382409809092,2.89381750959269
43.62928,57,1205.5294,True,False,False,5.209699053395219,5.132504499104203
34.393378,37,1205.819925,True,False,False,3.1948878284781825,3.193298160228241
29.460413,25,1206.021929,True,False,False,2.313868841385577,2.259118687184334
34.040871,29,1206.238744,True,False,False,3.2346063965257503,3.099713196462405
31.662803,46,1206.610138,True,False,False,3.9217382109259193,2.994528274772326
33.084659,35,1206.890288,True,False,False,3.7473675552267123,3.046451918055891
37.677416,40,1207.276122,True,False,False,3.9773145988016427,3.886742119506499
30.22148,37,1207.558617,True,False,False,4.081028519817774,2.746077363117829
36.291123,70,1208.114309,True,False,False,4.870571248210106,4.086211203067158
28.241267,20,1208.27372,True,False,False,1.8689875344195603,1.9618913452340132
33.10162,51,1208.906507,True,False,False,3.2040674508155718,3.1357387634626863
33.934533,36,1209.337455,True,False,False,3.6957437242564244,3.3043911777005173
38.984831,39,1209.797498,True,False,False,4.072065761065158,4.172233413188774
44.144878,65,1210.338988,True,False,False,6.287989860425978,5.312940857365813
37.041476,35,1210.591763,True,False,False,3.831707918500851,3.7366792609703476
46.872779,53,1211.013606,True,False,False,6.672750284938823,5.771081777729228
37.905315,65,1211.529013,True,False,False,4.247100791380062,4.241839748340937
46.765239,66,1212.04242,True,False,False,6.302963116862281,5.905474081083255
37.775653,45,1212.420455,True,False,False,4.922334421215021,3.860266466382282
35.236793,41,1212.758958,True,False,False,4.50836471139525,3.5529528915421795
43.827455,66,1213.270512,True,False,False,5.337930659470969,5.1243599701851625
34.531919,48,1213.678163,True,False,False,4.058090718034574,3.3938684830808707
28.648094,28,1213.920175,True,False,False,1.9572040085563884,2.1313018061626927
25.423609,30,1214.150615,True,False,False,2.4182030206619367,1.650562876356307
27.669928,26,1214.367003,True,False,False,1.8628185531841062,1.9294920351580342
28.788779,18,1214.507041,True,False,False,2.107544469504691,2.06044329263541
34.581674,36,1214.784261,True,False,False,3.22313678271741,3.2564655634551967
37.804817,51,1215.220545,True,False,False,4.313216742728725,3.9932813279344614
36.371317,40,1215.523868,True,False,False,3.947411006105788,3.6986665046949456
37.061998,42,1215.869925,True,False,False,3.980183724667091,3.8570306228711133
31.838325,41,1216.191723,True,False,False,2.7894500076666136,2.822518055363913
42.511497,50,1216.57955,True,False,False,4.848989583982279,4.812618414958355
27.522797,21,1216.784095,True,False,False,1.9330426673539598,1.837930813850842
26.654811,19,1216.974212,True,False,False,1.7910482559627656,1.6632523474932832
37.367168,65,1217.475811,True,False,False,4.021421393576052,4.052876430678067
30.158581,29,1217.682985,True,False,False,2.6463394843846078,2.381534096368518
26.488511,20,1217.840341,True,False,False,1.507765053244363,1.6547578208237648
29.300424,21,1218.022186,True,False,False,1.9653925972631772,2.1584200472687836
32.967619,45,1218.39001,True,False,False,3.081434776236711,3.04674230170835
39.59251,55,1218.833166,True,False,False,4.607572162869256,4.336654118820092
28.347325,22,1219.008055,True,False,False,1.8298547655444948,2.011892807112896
41.723962,104,1219.838872,True,False,False,6.278721093852284,5.370988231174541
34.826026,57,1220.299062,True,False,False,3.587527664277697,3.5310240119354757
26.843722,36,1220.58703,True,False,False,2.3458010005583807,1.9441494380489586
45.457493,62,1221.077322,True,False,False,5.865314108849263,5.5723068071633115
30.350996,50,1221.467968,True,False,False,2.7590521561971966,2.640591930986464
29.293111,31,1221.715761,True,False,False,2.4168170496286594,2.323576952857055
-14.994381,16,1221.841131,False,True,False,1.2098141385366799,6.512607765885335
50.800887,70,1222.411446,True,False,False,7.580364047602166,6.584979625917883
35.633503,49,1222.795849,True,False,False,3.7955196728142373,3.5554781146761982
38.775775,44,1223.135567,True,False,False,4.943801652807484,4.239399339453988
30.399211,19,1223.291767,True,False,False,2.2078906729077152,2.403968253218949
34.108245,29,1223.514789,True,False,False,3.219231527871214,3.249204795696641
44.176879,48,1223.886243,True,False,False,5.213678050671521,5.174877840892925
26.653653,17,1224.022586,True,False,False,1.487917539859676,1.6766197173233293
30.062631,33,1224.279327,True,False,False,3.1723172208882886,2.4301037780979358
39.051993,41,1224.619746,True,False,False,4.879435467824988,4.270097985573318
42.211315,57,1225.05517,True,False,False,5.177287411973263,4.957316825086808
36.256659,39,1225.360039,True,False,False,3.464954863934307,3.5934732335962636
34.965611,45,1225.701299,True,False,False,3.158438999109894,3.3770824527873233
27.935588,20,1225.858601,True,False,False,1.7623410904320358,1.913098525151173
42.499725,119,1226.809132,True,False,False,6.932079919562354,5.68585528994206
36.618797,42,1227.141998,True,False,False,3.8616105047355584,3.8000675819095138
29.538662,26,1227.367181,True,False,False,2.296738332873148,2.27531689920501
36.820187,40,1227.707836,True,False,False,3.9157996530521966,3.805647783655243
28.510296,41,1228.007487,True,False,False,2.8742814548097813,2.359072238832856
40.322893,67,1228.569858,True,False,False,4.756112325343006,4.572591696412633
-18.928999,9,1228.652473,False,True,False,0.6103927151072313,1.7155982344150869
29.934004,73,1229.359293,True,False,False,3.8382156598352726,2.865038402337442
39.084429,60,1229.865739,True,False,False,4.715452082505638,4.454575397210724
40.193341,94,1230.920465,True,False,False,6.358570203827242,5.029085084292413
46.346804,100,1231.722933,True,False,False,7.34482924168413,6.329751131829081
30.170238,33,1231.978708,True,False,False,2.9396342719215376,2.542779810293603
30.855573,60,1232.440094,True,False,False,4.65512988969202,3.0012725489426955
28.365397,20,1232.596083,True,False,False,1.8621695971557117,1.9635331496207762
34.015485,45,1232.962872,True,False,False,3.7497107027825662,3.3714267724917746
34.477902,33,1233.23441,True,False,False,3.864158904620093,3.2719773670954377
31.181953,44,1233.568844,True,False,False,3.5141202984260964,2.9815318117694836
38.476502,59,1234.052295,True,False,False,4.385023794476403,4.283374776360167
35.581478,28,1234.262513,True,False,False,3.3122918524594476,3.429009356057776
40.060446,54,1234.668908,True,False,False,4.729220347288203,4.403645813391791
28.581043,23,1234.836492,True,False,False,1.9367563945643007,2.109963046542801
31.075333,37,1235.136646,True,False,False,3.2759000143964614,2.7693791380592403
41.334296,54,1235.556536,True,False,False,5.7570864505081625,4.8352113381236
42.371756,46,1235.903004,True,False,False,5.590008247288563,4.806364571878315
34.006924,42,1236.215174,True,False,False,3.9218409487446286,3.2112785641962
42.237777,49,1236.577172,True,False,False,5.899678792364138,4.940337400677298
28.927838,21,1236.740051,True,False,False,2.0297184154999495,2.110945005262952
44.223001,78,1237.355068,True,False,False,6.394686359555234,5.6839842580861735
41.113028,51,1237.744143,True,False,False,5.082418821370502,4.875951916004818
32.989122,66,1238.252385,True,False,False,4.961235834046421,3.3238615317922156
29.665757,25,1238.450686,True,False,False,2.1982825892974507,2.292209290637797
34.75774,49,1238.829641,True,False,False,4.97221976885306,3.4626782145322297
41.591592,63,1239.323328,True,False,False,5.16770125439168,4.914472847949546
40.019917,42,1239.68487,True,False,False,4.785885049137657,4.447424766888309
27.142291,20,1239.859486,True,False,False,1.684810267014814,1.756993334943092
34.249445,33,1240.109232,True,False,False,3.2081126430084126,3.203185944526983
30.007034,27,1240.314965,True,False,False,2.9895258560588602,2.379785537503097
35.445111,42,1240.639268,True,False,False,3.7228172005855815,3.412709240231294
33.909344,61,1241.084864,True,False,False,3.5153336575497067,3.46439316872618
42.648227,68,1241.6218,True,False,False,5.93354129702279,5.25744183615285
33.221321,30,1241.871082,True,False,False,3.1595764749352546,3.0074771384402337
42.164705,38,1242.164186,True,False,False,5.239957921820049,4.746306959647382
43.818507,64,1242.658982,True,False,False,6.421537074374174,5.310478736617281
46.163816,58,1243.107121,True,False,False,6.1545709584950465,5.562477396032806
37.982668,52,1243.504575,True,False,False,4.427518859327204,4.030362610659542
36.301173,47,1243.895122,True,False,False,3.532968780373689,3.6350517565330502
33.312916,49,1244.264072,True,False,False,4.147830419571589,3.5364713443495703
30.421853,20,1244.421327,True,False,False,2.2039230987541933,2.320000788816524
31.435648,22,1244.590226,True,False,False,2.530163318913303,2.5980462264107484
50.193411,104,1245.409256,True,False,False,7.573863084437744,6.831954720151079
33.719202,26,1245.607892,True,False,False,3.1451765245175674,3.0524905576942003
42.598496,69,1246.184172,True,False,False,5.539017383024696,5.191155683734526
26.238852,12,1246.276259,True,False,False,1.3746611362024903,1.512315613954262
31.686481,26,1246.491075,True,False,False,2.6502740682693524,2.7132549390084026
42.492933,64,1246.994055,True,False,False,6.223608096161093,5.022062225226661
25.235061,32,1247.245726,True,False,False,1.5161005938182368,1.5788532356809417
36.864947,44,1247.585826,True,False,False,4.653558549986742,3.83262997062248
41.854644,63,1248.094786,True,False,False,5.193056503742502,4.887920337418471
28.922318,45,1248.454152,True,False,False,2.6541261798737916,2.400505241366941
44.677167,68,1248.98482,True,False,False,5.882501792961708,5.5187998310176045
25.671052,67,1249.50904,True,False,False,2.3709900349284596,2.0247156479198227
47.225677,60,1249.992426,True,False,False,6.050786493858004,5.883921722194615
41.110294,47,1250.405425,True,False,False,4.583214986854415,4.565809233522647
30.686366,29,1250.633677,True,False,False,2.4146555101347666,2.495466303534213
43.127501,115,1251.50608,True,False,False,7.043716224044339,5.721337375292832
34.316851,34,1251.762498,True,False,False,3.211328212203579,3.234810423903593
37.960913,33,1252.021874,True,False,False,3.8734968217982013,3.8872315462868055
37.223272,56,1252.522539,True,False,False,5.767942953088304,4.121041285692892
27.866364,27,1252.740713,True,False,False,2.1439780270766833,1.9784294083529355
35.106096,40,1253.039758,True,False,False,3.7991152303175055,3.6478492538619514
33.529527,28,1253.265901,True,False,False,3.3708247801845475,3.2746773372150635
27.121502,12,1253.357579,True,False,False,1.5444565539848933,1.7278504076551238
30.864371,27,1253.552476,True,False,False,2.5757909324317603,2.549250254040843
28.774404,24,1253.736001,True,False,False,2.0020853796532094,2.107512406739151
40.945184,71,1254.296945,True,False,False,4.8597641047720606,4.78741580139384
35.369895,47,1254.678406,True,False,False,3.4052253086593796,3.473395665340013
40.675999,77,1255.2618,True,False,False,4.928257889212197,4.937699137941129
28.90534,23,1255.425965,True,False,False,1.937372152088223,2.1539425746189327
53.087116,78,1256.0277,True,False,False,7.895582689293574,7.3340913593264
30.572165,26,1256.229046,True,False,False,2.4974941769470744,2.465711957189565
38.986374,39,1256.536198,True,False,False,4.306158147120625,4.147047280510282
43.051884,68,1257.808132,True,False,False,6.4508596271299545,5.216465791086984
28.06409,19,1257.956422,True,False,False,1.7810861776638205,1.8845876399689012
44.155553,74,1258.536163,True,False,False,7.096856201822559,5.530908200909837
39.717574,38,1258.852931,True,False,False,4.3070351338302615,4.3111134814987375
43.756691,71,1259.407409,True,False,False,5.465176073470118,5.278351080771426
29.282341,31,1259.638253,True,False,False,2.8722424609528105,2.27654106605346
29.038152,30,1259.87836,True,False,False,2.2305662545832945,2.2855653739473674
43.225907,82,1260.505121,True,False,False,7.014301475792761,5.584857114523328
36.454158,66,1261.030657,True,False,False,4.108851483803235,3.951784162516137
46.678224,66,1261.587916,True,False,False,6.242362823192916,5.939181411178605
40.397987,62,1262.07273,True,False,False,5.917359472955664,4.7131280527372725
49.311,82,1262.699102,True,False,False,6.840887594372113,6.317872806434282
37.027562,55,1263.159078,True,False,False,5.490549409365544,3.9961646737678493
39.456431,71,1263.710089,True,False,False,4.431567622784241,4.444138528116539
28.161633,37,1264.031721,True,False,False,2.2684884434488697,2.1217494815223583
39.702704,49,1264.445193,True,False,False,4.884081579895261,4.355990179864765
40.67693,64,1264.951712,True,False,False,5.553309373464627,4.752460138614571
38.536592,36,1265.250479,True,False,False,4.196413814262635,4.060581508473725
32.969471,40,1265.577348,True,False,False,3.156687451346805,3.0487986238087283
36.732149,35,1265.862518,True,False,False,4.48691192793053,3.733153393909951
33.971423,40,1266.172659,True,False,False,2.981001433027178,3.1121813964006932
-16.380256,31,1266.405204,False,True,False,2.649813168069032,6.435084172766598
37.439374,36,1266.685543,True,False,False,4.305779627673983,3.8751420875852896
40.454702,36,1266.965791,True,False,False,4.6389950305962415,4.447488699694025
34.491804,43,1267.314619,True,False,False,3.492498248735264,3.260259016918482
32.414403,52,1267.726345,True,False,False,3.5844051434721154,3.1133558355383415
26.430327,14,1267.833429,True,False,False,1.5419421825108188,1.6151590529789317
30.144428,34,1268.104321,True,False,False,2.833704349692355,2.4985660951875177
33.398224,54,1268.506031,True,False,False,3.48557297608336,3.199069546821618
28.178504,20,1268.654077,True,False,False,1.7800854457256752,1.9860999740326324
49.227396,50,1269.065354,True,False,False,6.226352548040257,6.164619569010808
24.556509,38,1269.359597,True,False,False,1.9036978462353225,1.510855801560356
46.449084,77,1269.970288,True,False,False,6.451111271039398,5.859109506415941
43.894604,63,1270.47107,True,False,False,5.617188594281013,5.2037862061476865
32.491411,54,1270.891341,True,False,False,4.190956699541791,3.249430486743205
46.962094,53,1271.2929,True,False,False,6.402859962002742,5.728969523946844
43.723099,60,1271.776659,True,False,False,5.804953799925022,5.2693657628149
43.53254,52,1272.208184,True,False,False,5.594553246507706,5.1182859601639885
43.509581,77,1272.844492,True,False,False,5.2626473065478425,5.218893485471715
25.065186,45,1273.190483,True,False,False,2.9088365248122026,1.7674822030678716
47.469874,49,1273.582762,True,False,False,6.381799369384365,5.8679352507528275
25.77266,18,1273.721819,True,False,False,1.3454455849689817,1.562945019969873
44.137115,57,1274.197129,True,False,False,5.508195193376856,5.26215789661063
39.410016,73,1274.767201,True,False,False,4.763258052565838,4.519597173975116
40.423194,54,1275.188149,True,False,False,4.572134424853844,4.563720228980351
42.851862,66,1275.694048,True,False,False,7.489818919801826,5.407301678753371
35.166928,44,1276.06673,True,False,False,3.4043801661062125,3.461889346275226
34.996559,52,1276.49753,True,False,False,3.2728709585232303,3.401342794994117
45.772449,81,1277.188847,True,False,False,6.370641733003064,5.776255761081021
26.306795,20,1277.345377,True,False,False,1.4521769278045964,1.6442696714380332
37.998419,53,1277.760053,True,False,False,4.635270807326903,4.177137262625927
33.027017,39,1278.069873,True,False,False,2.9909942577491315,3.0669069700885747
33.585575,50,1278.479176,True,False,False,4.086775907555734,3.2677876394963867
29.579448,44,1278.81723,True,False,False,2.371265169207971,2.451144114169094
35.748236,51,1279.218807,True,False,False,4.098461239077433,3.6030853344859537
35.866645,34,1279.471646,True,False,False,3.5317891523747793,3.4572398668417135
25.207901,33,1279.709178,True,False,False,1.4399051886581593,1.582787501904776
31.355946,50,1280.087358,True,False,False,4.444930344674274,2.981246077046903
47.490756,74,1280.668644,True,False,False,6.9477566965826725,6.205336100586337
47.171835,54,1281.076676,True,False,False,6.6106062896063875,5.8134820564569445
33.0521,29,1281.310143,True,False,False,2.8780261155818785,2.9398222829530067
41.690571,75,1281.872383,True,False,False,5.937831847475009,4.921682374523954
35.165302,55,1282.305599,True,False,False,3.837479577801599,3.6984742973904368
41.442093,62,1282.800269,True,False,False,4.878144946394379,4.796990484317803
36.410637,45,1283.154644,True,False,False,4.176688560654791,3.666099539153738
40.033479,67,1283.684601,True,False,False,4.708862673982408,4.494606943211527
31.144659,42,1284.009693,True,False,False,2.603320794415615,2.710353594669911
40.936421,45,1284.348583,True,False,False,5.149292673469649,4.539650470625644
32.134527,44,1284.711746,True,False,False,2.938961511177163,2.9977531927027687
29.457006,37,1285.020404,True,False,False,2.567530311359367,2.417773532360847
26.595214,30,1285.263316,True,False,False,3.55812270109379,1.771425189053563
40.78604,60,1285.724234,True,False,False,5.525328686796976,4.7682729561399695
38.203425,43,1286.049455,True,False,False,4.258828007084355,3.9917706699866136
28.728622,26,1286.251803,True,False,False,2.2392314408526026,2.1131172773999762
41.068206,51,1286.657692,True,False,False,4.881326967870131,4.697732099863545
42.299117,61,1287.141541,True,False,False,5.058404000228171,5.048437089360626
26.273552,20,1287.296532,True,False,False,1.4593101493818235,1.5958471521068738
36.382079,34,1287.558218,True,False,False,4.095673491556221,3.6429183100566807
35.732989,33,1287.822354,True,False,False,3.5897008141084807,3.4653670971515793
28.389033,19,1287.961656,True,False,False,1.764204752909442,1.9527119568201505
37.081076,37,1288.25498,True,False,False,3.8338361389213773,3.7369599439770393
36.588423,44,1288.599241,True,False,False,3.867328716617925,3.7645197785952993
24.899483,38,1288.931093,True,False,False,1.766890692693554,1.585376556006598
30.660979,28,1289.170197,True,False,False,2.6897061395332105,2.499678042586267
27.565392,17,1289.306746,True,False,False,1.610682705953649,1.7588785768820028
50.278609,100,1290.094465,True,False,False,7.314531550484994,6.812412416387522
41.969383,67,1290.628841,True,False,False,5.545358964190943,5.029205124504768
31.82077,68,1291.190581,True,False,False,3.58330207305697,3.171606999282105
32.824887,39,1291.484476,True,False,False,2.86129156166567,2.992193674308303
38.260844,95,1292.245194,True,False,False,4.817071578514705,4.528165989830962
26.091934,18,1292.380049,True,False,False,1.2981929544699693,1.5231325641434128
35.353482,54,1292.778755,True,False,False,3.923272300813145,3.583773612056892
46.783392,83,1293.428102,True,False,False,7.924278144256451,6.076162126502315
32.84726,32,1293.666043,True,False,False,3.4266426436878006,2.9620227919218425
47.369077,74,1294.235994,True,False,False,7.009694272135184,6.035766819634633
36.867095,55,1294.650338,True,False,False,4.2133323666797535,3.9302427919764527
29.587327,23,1294.812743,True,False,False,2.0798702745617867,2.1424465565629935
41.147238,32,1295.069007,True,False,False,4.479837056462186,4.484080220771981
-16.631057,20,1295.22379,False,True,False,1.2744257122577813,2.7646459913989156
26.58437,15,1295.361981,True,False,False,1.4936748222119993,1.6316600753073516
45.387602,60,1295.815218,True,False,False,6.189598586161801,5.511709042121914
31.280456,32,1296.053763,True,False,False,2.645204839426411,2.616208862019911
35.903462,38,1296.337039,True,False,False,3.865357443750029,3.753707106126991
32.063906,34,1296.588999,True,False,False,3.242750959971108,2.8330929951321115
28.591263,27,1296.781859,True,False,False,1.9599564619586847,2.061595655493807
30.383422,47,1297.156655,True,False,False,3.7286629948768675,2.882106006146032
30.145407,36,1297.458516,True,False,False,2.516804924863341,2.4681279412273365
30.360259,49,1297.837329,True,False,False,2.986035453695103,2.66521528319509
54.902182,95,1298.575523,True,False,False,7.800625606289058,7.5831849574674415
32.170917,29,1298.793273,True,False,False,2.9577318605044516,2.9270129523876753
37.012111,49,1299.186081,True,False,False,3.8128990649761603,3.8827746238239813
32.088578,42,1299.511755,True,False,False,3.8952694782022537,2.9881451579458504
26.117342,31,1299.765958,True,False,False,1.9932662026793553,1.7723288832593873
37.989203,63,1300.260638,True,False,False,4.87509392181412,4.429444200350543
42.080281,66,1300.767291,True,False,False,5.179397383802736,4.878687951454868
42.273664,37,1301.054876,True,False,False,4.890709015914472,4.712978216270131
46.510068,100,1301.913378,True,False,False,9.039868165144453,6.403299298225382
25.442282,32,1302.164372,True,False,False,1.8405556019946925,1.5728010195848698
29.200701,18,1302.30817,True,False,False,2.3068686989521874,2.1309406462715184
41.090438,55,1302.739027,True,False,False,4.999468452005907,4.776256807928756
49.5432,51,1303.13608,True,False,False,6.576074105796938,6.221088347688609
47.713084,59,1303.608821,True,False,False,6.408462987038796,6.099761936129648
37.452046,35,1303.880486,True,False,False,3.8114070100923,3.7691526655743095
34.105454,44,1304.236795,True,False,False,3.5313685226787705,3.2352745885341276
41.199075,45,1304.593086,True,False,False,5.394542977368082,4.686310253152101
36.121126,61,1305.056936,True,False,False,4.546611135612565,3.8914128793948572
38.528155,46,1305.41681,True,False,False,4.470665330530079,4.068352964007725
36.975924,51,1305.815013,True,False,False,5.284592530647803,3.9596678059049935
32.912846,24,1306.011351,True,False,False,3.07947375803688,2.8796726933070693
26.792961,51,1306.437689,True,False,False,4.306835225265511,2.2522296677896505
45.762735,55,1306.918692,True,False,False,6.206034859496482,5.586978974976272
42.146821,52,1307.323663,True,False,False,4.825955800124263,4.810832199256868
29.993189,45,1307.664664,True,False,False,3.2450106026553946,2.659049021522594
32.804068,42,1307.98882,True,False,False,3.7249502524285565,3.0055800180494145
48.139569,61,1308.499989,True,False,False,6.406775934996933,6.112446440072812
45.199301,58,1308.947268,True,False,False,5.952736832996125,5.473603068315411
27.76995,20,1309.115542,True,False,False,1.8642836661401954,1.9012071057904603
37.560291,31,1309.37039,True,False,False,4.09630498139739,3.8665013064618
32.632498,33,1309.632005,True,False,False,3.216052436638654,2.9013103696379776
27.990879,33,1309.883703,True,False,False,2.1488876735990896,2.027329874093951
-12.439836,17,1310.021992,False,True,False,1.6809389271278543,4.470313892557381
31.086869,29,1310.239555,True,False,False,2.4615526746779675,2.6044867006589145
28.960315,36,1310.560035,True,False,False,2.4886360560541396,2.262670823068166
30.397417,40,1310.867129,True,False,False,2.571278026063724,2.64790939801256
26.415007,19,1311.01519,True,False,False,1.4325281755092685,1.6288604550095411
42.253893,54,1311.421363,True,False,False,4.974443951312646,4.746396757296322
43.430679,54,1311.821026,True,False,False,5.88058757412334,5.117998136875181
32.68843,33,1312.062518,True,False,False,3.8518544782680997,2.981801784817476
34.744842,81,1312.748196,True,False,False,5.490107633308141,4.2587961833962655
27.73256,14,1312.855831,True,False,False,1.7133897470309267,1.8413609759909961
35.454755,47,1313.20055,True,False,False,4.352304209817263,3.6228904117937617
47.605625,61,1313.692528,True,False,False,6.37874656962543,6.089745810419349
45.985763,51,1314.09066,True,False,False,5.7364501602711835,5.543930132842242
37.232404,76,1314.694412,True,False,False,4.962107507961201,4.1132383482270685
41.971743,38,1315.01728,True,False,False,5.001797624325982,4.688590591410022
25.281367,39,1315.324454,True,False,False,1.780414896522441,1.6077405610516258
32.99294,24,1315.509105,True,False,False,2.7544011620740467,2.868848886276543
32.426556,35,1315.771019,True,False,False,2.7871265701748844,2.8698246550600808
32.146881,42,1316.097755,True,False,False,3.801093473102481,2.94367529940474
28.924403,27,1316.313444,True,False,False,2.503025363880135,2.154802780047711
26.560188,29,1316.533951,True,False,False,1.6635399645842477,1.765124956431303
37.098757,45,1316.928,True,False,False,3.897962673326487,3.815203395639359
39.931455,71,1317.483185,True,False,False,6.957427649304536,4.832986621204087
28.037717,31,1317.736771,True,False,False,1.9562368706394813,2.0721088189574037
27.760496,36,1318.016042,True,False,False,2.04411571711981,2.0658766311252497
40.509126,61,1318.483012,True,False,False,5.439718590897246,4.631514850266545
34.36585,39,1318.798518,True,False,False,3.9371864741352613,3.2473553077646335
31.145537,47,1319.193887,True,False,False,4.09543913121724,2.8029267447853528
41.294394,57,1319.64433,True,False,False,5.694493176630976,4.915698986942681
30.062528,26,1319.846139,True,False,False,2.664264315304335,2.3223226674581974
42.501832,50,1320.245967,True,False,False,5.152286923432139,4.867857802601112
38.190275,37,1320.52676,True,False,False,3.965564771225843,3.995064741987077
38.451317,65,1321.032174,True,False,False,4.76889668935836,4.264024289909011
27.390831,20,1321.194874,True,False,False,2.060492922004016,1.8301644760317126
37.353393,45,1321.552357,True,False,False,4.606137961331759,4.036033051972095
45.530138,91,1322.284743,True,False,False,7.142350553711507,5.98777457028847
33.52987,51,1322.673376,True,False,False,3.3534838720958002,3.29704259759863
35.522803,58,1323.11887,True,False,False,3.919283495701064,3.57797025228492
50.609317,103,1323.933234,True,False,False,7.864743566126903,6.988165848857441
46.868899,67,1324.427072,True,False,False,5.98958011440261,5.953338523068164
40.460511,63,1324.925989,True,False,False,5.248180981794342,4.717270225496913
46.430964,69,1325.45605,True,False,False,6.231701132176758,5.796354817893412
38.208302,30,1325.70018,True,False,False,4.020142298433481,3.9342248063320615
44.817218,52,1326.138902,True,False,False,5.324123890338179,5.2872183159303425
29.330517,35,1326.443871,True,False,False,2.13956952344413,2.3121574979520534
33.384557,30,1326.674948,True,False,False,2.950541256822723,3.0472010701979926
44.898365,83,1327.308949,True,False,False,6.300570735705747,5.721929020582994
31.26613,38,1327.609199,True,False,False,2.643697296327277,2.677966842683995
25.574122,19,1327.771585,True,False,False,1.5112847869726516,1.543701600829668
27.054265,21,1327.936323,True,False,False,1.697080629072572,1.7548192459892862
29.660333,39,1328.247929,True,False,False,2.47946669287216,2.449947370131729
36.772445,42,1328.586156,True,False,False,4.072828231125729,3.76446578030544
28.29387,15,1328.69501,True,False,False,1.820651410548999,1.8813692576046885
34.770852,46,1329.0566,True,False,False,3.5580982060839403,3.435645672991072
28.149014,23,1329.243059,True,False,False,1.8037795744153557,1.8929992971023923
36.235901,51,1329.632144,True,False,False,4.786421080109311,3.9102905027761707
47.976004,79,1330.276064,True,False,False,7.721951049670276,6.163051394244029
36.309041,34,1330.539282,True,False,False,3.797418753340388,3.640829888782557
40.463168,58,1330.987844,True,False,False,4.969375619676064,4.578414399658613
29.49724,24,1331.1749,True,False,False,2.201006402705293,2.284175930584038
46.041701,88,1331.856687,True,False,False,5.984706534761495,5.767813732753028
47.486134,83,1332.543372,True,False,False,6.325551697375255,6.076918515922931
33.541845,40,1332.865297,True,False,False,3.2341633418260445,3.0793587826779287
28.616627,41,1333.197311,True,False,False,2.6209572616681824,2.3056485708607597
32.19038,29,1333.417539,True,False,False,3.0489817729589235,2.8311732203622855
30.359033,34,1333.690198,True,False,False,2.790380486767015,2.4475948324099734
44.623086,83,1334.355027,True,False,False,6.723332014505672,5.517833951937937
39.167715,64,1334.839216,True,False,False,5.734740948979816,4.450509022655998
34.542315,43,1335.165905,True,False,False,3.437222043477973,3.362349376213076
42.596199,79,1335.762121,True,False,False,6.48276308028209,5.394177379176761
28.397308,46,1336.103017,True,False,False,3.4127709263729304,2.283772297341491
35.178205,43,1336.455433,True,False,False,3.561417585012862,3.4401939562236143
51.363976,63,1337.555943,True,False,False,6.771984168164321,6.691437841905892
40.177861,75,1338.107125,True,False,False,7.3050483035130815,4.879226906176759
40.825158,56,1338.594456,True,False,False,6.495128985798748,4.753781309061762
33.00639,26,1338.81774,True,False,False,3.057746339798876,2.9095168414652552
33.590431,49,1339.204222,True,False,False,3.1657259449624213,3.23886298595413
41.006499,38,1339.494898,True,False,False,4.5232192862755225,4.452313949130442
41.439792,45,1339.841997,True,False,False,5.107108368406315,4.76249483286092
33.927415,57,1340.287781,True,False,False,4.649739236298172,3.5285755784077653
38.452198,56,1340.733078,True,False,False,4.805691221276788,4.221413834655926
30.300795,22,1340.920181,True,False,False,2.5895381208693795,2.327409155307385
29.385104,23,1341.092384,True,False,False,2.2224355321621365,2.250342345264053
45.174208,56,1341.51082,True,False,False,5.855247716381102,5.564571210103458
50.502917,68,1342.0302,True,False,False,7.286512795755689,6.553587724167786
49.192215,99,1342.813298,True,False,False,7.667644163312863,6.649747203642675
38.488284,72,1343.387368,True,False,False,5.044455278466557,4.448905359046245
37.905201,62,1343.874172,True,False,False,5.312434763232123,4.2215602830183006
32.708967,31,1344.106311,True,False,False,2.850168827974873,2.932079242975979
32.664273,32,1344.352878,True,False,False,3.003477094574723,2.83220960101367
30.650548,25,1344.555239,True,False,False,2.841881781311626,2.555124094580632
-12.675277,26,1344.758774,False,True,False,2.2342554562612253,6.834892221027112
42.574163,38,1345.068338,True,False,False,4.843404534196172,4.827803494546344
32.686237,23,1345.239748,True,False,False,2.626558888364243,2.853216493809431
28.977261,17,1345.379237,True,False,False,1.9185171858135621,2.074801091670689
30.658453,49,1345.75007,True,False,False,4.253119082352849,2.7716529788804447
34.993959,29,1345.988689,True,False,False,3.4036556917074408,3.3177073619639192
37.169221,38,1346.281929,True,False,False,4.074058649641451,3.84208011148324
46.758296,70,1346.826195,True,False,False,6.405128696485965,5.803089709922442
28.697966,23,1346.997323,True,False,False,2.0628586292074,2.117407598559483
38.870033,61,1347.504178,True,False,False,5.6506019321313605,4.364408088964409
37.539292,56,1347.938898,True,False,False,4.060980946875826,4.081090878275769
42.216,48,1348.307862,True,False,False,5.773530260957621,4.965912084617261
28.317231,38,1348.606311,True,False,False,2.696496608721988,2.354627462730197
41.092851,48,1348.984223,True,False,False,5.217107569612695,4.593873059333389
38.842889,65,1349.507493,True,False,False,4.735194555468188,4.290216330358265
41.231451,68,1350.037457,True,False,False,4.9326815327366855,4.705802559359591
42.512426,51,1350.442026,True,False,False,5.8674607009767925,5.088581523953025
35.430563,26,1350.651471,True,False,False,3.1922073930819277,3.4158744470126603
36.764951,69,1351.218487,True,False,False,4.846079313609482,4.019474698043963
36.497122,63,1351.746719,True,False,False,5.492174764114457,4.098041890003748
33.055239,25,1351.943247,True,False,False,2.660417712885045,2.8102452229188737
37.293991,90,1352.638971,True,False,False,8.626353409437785,4.5955631981646015
27.73415,13,1352.748476,True,False,False,1.6731095244454524,1.8418188346078328
30.592693,53,1353.153525,True,False,False,2.799112278978905,2.7590913088470765
38.336774,75,1353.769226,True,False,False,5.468639736265431,4.672363077629643
40.24593,61,1354.23402,True,False,False,5.222220786010305,4.724992212386243
30.689309,41,1354.558765,True,False,False,2.5225053376363955,2.6165757421205926
30.144847,41,1354.872337,True,False,False,4.117102346349075,2.692095013543911
40.385182,78,1355.477542,True,False,False,5.729750375082835,4.731271407553459
39.831824,62,1355.981568,True,False,False,5.004291756405715,4.548822636711445
42.783496,65,1356.48596,True,False,False,5.704359234319395,5.214859243104696
35.520274,49,1356.858467,True,False,False,3.914274453586901,3.6120222583817454
25.338077,25,1357.058278,True,False,False,1.521729117830838,1.5196054812259503
48.168674,68,1357.579835,True,False,False,6.181396259795799,6.1230589491123775
27.16154,32,1357.833767,True,False,False,1.714650594560337,1.888324556928434
28.522791,26,1358.04554,True,False,False,2.4159282110242617,2.085900960407045
41.226365,80,1358.662885,True,False,False,6.16244165662524,4.997848181241684
28.102197,18,1358.806923,True,False,False,1.6787239516799841,1.8624039448095508
34.257129,57,1359.238225,True,False,False,3.5589670350542364,3.4305692484031485
38.948252,52,1359.638796,True,False,False,4.6368046109472285,4.300020331850066
44.861988,49,1360.0399,True,False,False,5.769519914473312,5.267072527002099
31.691521,49,1360.416366,True,False,False,3.1441325222815704,2.9377751789276068
31.78036,52,1360.817214,True,False,False,3.0181849063371544,2.917729031876307
41.46874,63,1361.321212,True,False,False,4.82536488441753,4.681607819391101
39.8344,34,1361.573187,True,False,False,4.396634322728182,4.262598609196745
25.695266,41,1361.873314,True,False,False,2.1971584203518377,1.7187973669395626
40.152103,69,1362.418104,True,False,False,5.196357193892705,4.562366033801697
29.394644,22,1362.585615,True,False,False,2.264702411557795,2.177029061913225
40.630078,54,1363.014522,True,False,False,4.503432258270629,4.548993555252804
29.563614,24,1363.215199,True,False,False,2.2609708531353414,2.293849201543845
48.501289,79,1363.801918,True,False,False,6.833295821205824,6.2874258577619955
51.886969,86,1364.464358,True,False,False,8.111789560275295,7.297251770002609
35.024925,37,1364.758073,True,False,False,3.380638939381657,3.3328457901079602
29.812068,32,1365.017194,True,False,False,2.4912229256369116,2.360726531989517
43.278932,64,1365.502711,True,False,False,5.879085444472654,5.180753651778539
47.0551,64,1365.982273,True,False,False,7.154152241156424,5.945873249178609
33.165236,51,1366.375342,True,False,False,4.587559294050533,3.236011513816047
35.308728,39,1366.7151,True,False,False,3.9607263155902857,3.5063700199062144
39.938803,47,1367.081841,True,False,False,4.881101235188928,4.432744718394254
39.485302,56,1367.517431,True,False,False,4.600029137405925,4.330713641423968
43.981507,87,1368.207379,True,False,False,5.606622234207232,5.518104295313852
49.976957,94,1368.969234,True,False,False,7.273931219976203,6.679458475755745
42.066821,88,1369.64655,True,False,False,7.898858219495297,5.485940598873807
32.778616,52,1370.060426,True,False,False,3.684368135148296,3.3426201112257954
39.21912,66,1370.684432,True,False,False,4.435085403357056,4.322590338239982
29.690936,38,1371.048291,True,False,False,2.2737844218607397,2.380180063675719
33.650373,48,1371.432723,True,False,False,3.5054697082028063,3.267310468511512
31.658179,29,1371.650847,True,False,False,3.123109777365715,2.7358954421215516
28.288867,36,1371.941982,True,False,False,2.354196202191423,2.0542765216697223
32.593882,36,1372.231093,True,False,False,3.00459245478334,2.9152688243369567
37.389335,38,1372.542933,True,False,False,3.926603267542162,3.8423108056766484
40.183524,45,1372.893648,True,False,False,4.526381727569611,4.376682292580256
32.214586,31,1373.144202,True,False,False,3.11004538539917,2.870356134227747
38.775095,54,1373.56593,True,False,False,5.30265621608598,4.333029297211463
47.672861,69,1374.093442,True,False,False,7.694841509854848,6.134575798556665
46.256295,54,1374.508518,True,False,False,5.68695595782908,5.596683171042629
39.412213,70,1375.056116,True,False,False,5.798948276045848,4.724774939130358
40.095401,39,1375.42509,True,False,False,4.444888795300376,4.292839489974007
29.209909,33,1375.731304,True,False,False,2.403057645534491,2.265008628701841
36.757171,62,1376.251782,True,False,False,4.3829274573978,3.920203550408936
44.636285,78,1376.876688,True,False,False,7.327577837218965,5.819614111601488
27.088258,22,1377.060133,True,False,False,1.9355493258514678,1.8382157695809345
29.724,118,1378.0464,True,False,False,6.16406509154198,4.375528459799955
38.60876,61,1378.517238,True,False,False,4.538738617114598,4.308561224096208
33.543949,26,1378.730643,True,False,False,2.892744639423338,2.9668761484824056
43.728558,77,1379.357952,True,False,False,6.230341121983697,5.592834461906037
44.440786,44,1379.750181,True,False,False,5.552669115885956,5.213652525606597
30.286463,19,1379.904103,True,False,False,2.4151596630195242,2.358501063437139
45.301731,64,1380.424168,True,False,False,6.3623521338660876,5.563388188365816
35.573845,59,1380.953532,True,False,False,3.971212237347611,3.6970069445112794
48.765941,62,1381.540182,True,False,False,7.29621919626705,6.237856406452468
34.212073,73,1382.207369,True,False,False,3.979874259104845,3.613144928670686
46.32707,77,1382.925931,True,False,False,6.220260467550967,5.786748527485072
33.479894,44,1383.273953,True,False,False,3.266015495454023,3.095937718699562
29.388061,23,1383.445233,True,False,False,2.314353698825001,2.233275778241169
38.223545,72,1384.070063,True,False,False,5.917107804945891,4.5318092918096315
26.522432,21,1384.253624,True,False,False,1.5081901693026503,1.682586501930405
32.015385,30,1384.490071,True,False,False,3.2730450876387946,2.8508265060101436
32.141248,31,1384.75035,True,False,False,2.842522649347847,2.779337495037503
34.207974,48,1385.157201,True,False,False,3.6926540497433886,3.4469916349806686
37.225518,54,1385.660857,True,False,False,4.003796806721308,3.8766710155930677
46.199462,72,1386.348501,True,False,False,8.882034646314247,6.051047315213595
40.960853,65,1386.907516,True,False,False,5.541698115022261,4.899410939442218
41.9832,49,1387.347856,True,False,False,5.346725207835846,4.816976386596626
39.861856,47,1387.797612,True,False,False,4.3716730046811705,4.36689671568857
35.951083,28,1388.067871,True,False,False,3.4827408248720286,3.4440378224639123
44.923997,59,1388.597853,True,False,False,5.886174513028142,5.311007378563463
41.564573,83,1389.286153,True,False,False,5.392665279616138,4.9008436352290605
44.356296,78,1389.964637,True,False,False,5.571402491182196,5.387501640567352
35.119765,40,1390.292508,True,False,False,3.639917092005488,3.4203172700427555
28.489042,32,1390.559753,True,False,False,2.011176211472375,2.0991357721735575
45.623324,60,1391.052192,True,False,False,5.812725882486656,5.563279672697876
28.18004,33,1391.30766,True,False,False,2.6355199947445613,2.1176157102767723
50.216325,62,1391.89737,True,False,False,6.529960660377096,6.453219127510259
45.699198,83,1392.613169,True,False,False,6.8390985313583155,5.851559826483615
38.379534,48,1393.019193,True,False,False,4.636482748114636,4.169134741074574
36.402482,49,1393.404997,True,False,False,4.513784061647914,3.748841508646829
35.251526,39,1393.733399,True,False,False,3.952445713838811,3.5048273655588944
36.706856,37,1394.003773,True,False,False,3.9695967516068875,3.7715880961870236
37.883062,55,1394.457215,True,False,False,4.479233832740217,4.135730009884761
27.074949,27,1394.669751,True,False,False,1.9229943532777578,1.8228553910043994
44.103958,73,1395.304518,True,False,False,6.325413000014153,5.605184198175986
37.680345,46,1395.673786,True,False,False,4.699098477302991,3.9867167630399662
40.919496,47,1396.047941,True,False,False,4.964551970968174,4.604191284633288
26.963503,41,1396.370511,True,False,False,3.170993502450846,2.0846947592621006
43.86519,72,1396.951157,True,False,False,5.4680716692002,5.373429642544887
27.121852,21,1397.133965,True,False,False,1.5814661385810547,1.7259315770517454
46.098154,84,1397.854915,True,False,False,6.557541109140291,5.8109086159610435
45.404025,65,1398.37336,True,False,False,6.411284572903844,5.488677095741357
45.468715,78,1399.005044,True,False,False,5.778870332193435,5.752146795856635
40.029716,64,1399.580146,True,False,False,4.333225604168462,4.482432811070446
36.673891,56,1400.034986,True,False,False,5.5824184689843035,4.028237756029089
50.046237,68,1400.601079,True,False,False,7.592287512174556,6.503629752623967
26.435518,30,1400.844008,True,False,False,1.8353540683624994,1.7963649856133173
36.75609,49,1401.247452,True,False,False,4.327909753581288,3.8503568516053095
30.532429,33,1401.548275,True,False,False,2.501674566363897,2.498209769952366
49.994165,57,1402.071848,True,False,False,7.1569930330312355,6.441138549453344
40.10367,48,1402.478541,True,False,False,4.530367935323562,4.556435708524078
31.858518,28,1402.705479,True,False,False,2.7926005877542406,2.730268795578612
31.129891,29,1402.939483,True,False,False,2.755795820245226,2.6505496661650163
49.150563,74,1403.609797,True,False,False,6.6848035902173955,6.336380629051139
30.847589,21,1403.766876,True,False,False,2.4365834814923817,2.49193552796685
23.85883,36,1404.033191,True,False,False,2.3520661968797127,1.6464538065989387
28.150447,27,1404.286636,True,False,False,2.9076091227610035,2.0606730089266465
33.368695,39,1404.615627,True,False,False,3.041874723451893,3.1114420142961077
30.919539,42,1405.019338,True,False,False,2.765390155560324,2.6935090239401167
34.851448,32,1405.32562,True,False,False,3.4692225833270074,3.370593703909586
41.676933,31,1405.609244,True,False,False,4.556943959408306,4.55860275933327
31.896917,53,1406.009322,True,False,False,3.4468901057506005,2.9302561430864977
37.097682,45,1406.359942,True,False,False,4.272875937448139,3.8493500519100565
47.526488,82,1406.975352,True,False,False,7.013293658584857,6.230909290560995
31.433627,49,1407.335726,True,False,False,3.0970006197840676,2.8154614147704713
33.460814,74,1407.945048,True,False,False,4.171931462674102,3.5240170361975283
44.020071,54,1408.36371,True,False,False,6.374067511385641,5.203558871189901
36.46497,41,1408.707409,True,False,False,4.183334882538439,3.7599028844164586
45.374362,49,1409.078085,True,False,False,5.716261741179475,5.4785008966407425
38.65171,57,1409.541852,True,False,False,4.420049701864516,4.167049387948391
34.259651,28,1409.747891,True,False,False,3.481396401428503,3.2403844265278137
37.777933,72,1410.349392,True,False,False,6.780905082131691,4.568414663791001
38.29523,31,1410.583033,True,False,False,4.0416840466094355,3.959942684716901
47.642019,64,1411.082427,True,False,False,6.847898430662364,6.095541208143517
34.520515,45,1411.444148,True,False,False,3.401057645172644,3.328914737930776
43.741011,55,1411.844293,True,False,False,5.658300812633899,4.973513962851803
49.9217,82,1412.554631,True,False,False,7.213858294010185,6.634060398551644
33.206316,37,1412.857749,True,False,False,3.3012022067609776,3.173036834236929
33.024733,57,1413.31139,True,False,False,3.5745081494906072,3.1919275162970293
-17.860922,7,1413.371739,False,True,False,0.5518134321166751,2.725505292459693
40.840768,63,1413.947429,True,False,False,4.994716344991564,4.659297325643987
44.412959,73,1414.593881,True,False,False,5.9982872002177,5.420825844563283
26.066676,28,1414.819825,True,False,False,2.042991223447839,1.764678688937107
-5.279201,50,1415.205976,False,True,False,4.283980092671983,5.053698197905507
40.506084,68,1415.77098,True,False,False,5.442056725129318,4.943123193071261
37.998237,47,1416.126888,True,False,False,4.549128027279174,4.0472037364433175
31.97281,27,1416.368162,True,False,False,2.8768746007222976,2.8216247969613617
39.347805,61,1416.890903,True,False,False,4.582532984959429,4.3986852551225235
40.678313,67,1417.432511,True,False,False,4.861961788104801,4.756488557848246
32.225208,27,1417.632163,True,False,False,2.6320782940287337,2.735525964384485
26.523503,21,1417.801488,True,False,False,1.6520228645163033,1.7213139170268432
26.989834,16,1417.924508,True,False,False,1.7228949469854005,1.7198662345598363
27.402803,22,1418.095524,True,False,False,1.6201313295323096,1.7954511217965747
36.90084,41,1418.430166,True,False,False,3.7037390234228913,3.6293542567500867
32.464562,23,1418.711984,True,False,False,2.738013090837488,2.7300910600356643
39.747948,54,1419.771018,True,False,False,4.551236954875883,4.521901059493564
28.064154,57,1420.204499,True,False,False,3.2941611233196646,2.543672998029326
37.010583,52,1420.617247,True,False,False,4.369678202255393,3.840852487001269
28.885527,45,1420.995157,True,False,False,2.2729593743212333,2.3874219125259883
26.584207,16,1421.118507,True,False,False,1.5309328938537186,1.6514450157590355
49.250429,69,1421.668415,True,False,False,6.684507171188115,6.2827796641132325
47.80256,139,1422.76768,True,False,False,9.164367819625953,6.697050567337809
28.925113,31,1423.034053,True,False,False,2.4533617294651466,2.2370432832704097
42.298273,59,1423.492337,True,False,False,5.246735977147699,4.9052471649460765
30.340029,23,1423.65962,True,False,False,2.1505728486111026,2.4001757587181167
38.440181,46,1424.002148,True,False,False,5.656480069952301,4.299639555595659
36.564439,40,1424.313139,True,False,False,3.9505727202826226,3.713289188776596
43.337952,50,1424.702504,True,False,False,6.470240710925561,5.175436304299144
30.527957,32,1424.975709,True,False,False,2.6568941907567902,2.4989831702501344
-14.652838,17,1425.126613,False,True,False,1.6160356612143347,5.564822948118653
38.341465,38,1425.414521,True,False,False,3.966882582178958,3.9868508013142296
41.196652,45,1425.767468,True,False,False,4.763956751011014,4.565098645672324
26.262258,14,1425.894877,True,False,False,1.3544428491840146,1.5675440800122822
36.361338,51,1426.344795,True,False,False,3.8147038398384656,3.7737525934408325
39.818365,77,1426.949577,True,False,False,5.29908642304375,4.610992092278546
26.976056,19,1427.126303,True,False,False,1.6454970280519032,1.7385490057917596
42.20129,80,1427.821785,True,False,False,6.189250737687675,5.178948690906634
32.302865,32,1428.078114,True,False,False,2.721053392253573,2.817893424188605
26.08181,13,1428.170962,True,False,False,1.3532442428663738,1.5416257208326816
27.28585,29,1428.404928,True,False,False,2.072986675372013,1.857706004615241
41.519402,50,1428.8156,True,False,False,4.85699261920689,4.668673570810844
-14.428738,20,1428.971837,False,True,False,1.407125765731549,6.267269666366455
26.772378,19,1429.120279,True,False,False,1.5346650527615988,1.6810424686273453
30.326451,42,1429.52083,True,False,False,3.3306691212343362,2.6114591828989333
-17.489933,14,1429.631053,False,True,False,1.05878716415605,3.030026021792927
33.068738,43,1429.9823,True,False,False,2.9624935717634586,3.0283374712419295
30.627585,28,1430.196784,True,False,False,2.713334875597838,2.555473888557255
36.832304,48,1430.589321,True,False,False,3.9880328767110766,3.8630268732501083
45.114788,71,1431.14283,True,False,False,5.71964197031413,5.58898572448658
38.320747,59,1431.661629,True,False,False,3.9514278971750456,4.0965943712823805
36.787598,61,1432.114975,True,False,False,5.123734162245544,4.112961438670032
30.44716,40,1432.424664,True,False,False,2.7389660472075446,2.6535945685832787
34.574151,59,1432.882665,True,False,False,4.135168634550688,3.798131544958037
35.572088,63,1433.354211,True,False,False,4.490632404853951,3.651238969939026
48.942755,62,1433.871813,True,False,False,6.818032268539904,6.276182766703713
-15.640165,18,1434.006884,False,True,False,1.3171690195777115,4.92550460565187
25.989442,27,1434.223047,True,False,False,1.9193328971582395,1.6362077090055276
26.730041,19,1434.35753,True,False,False,1.4349234584240058,1.7091927262584874
27.899479,26,1434.561494,True,False,False,1.9617046471945452,1.9436428698716262
36.299295,36,1434.838952,True,False,False,3.735219434566712,3.568483077272907
30.972218,25,1435.034763,True,False,False,2.8744143894858674,2.537022728117853
-15.015608,23,1435.198039,False,True,False,1.4449311383512051,3.496186620560356
39.00586,37,1435.500677,True,False,False,4.520698073239613,4.142179268743381
33.952488,32,1435.771188,True,False,False,3.3088380679980776,3.175922575277991
35.705774,51,1436.201768,True,False,False,4.790574259829216,3.715773418819982
36.651662,48,1436.585059,True,False,False,3.6644245650517178,3.7106440395364517
50.158084,78,1437.195588,True,False,False,7.096494880120271,6.667253928530442
31.859068,48,1437.574703,True,False,False,2.835599973849658,2.930172651295621
32.439306,21,1437.789828,True,False,False,2.6164321344674626,2.7596388114368207
29.460605,23,1437.992832,True,False,False,2.533826077767983,2.2669567812133873
33.844253,30,1438.303855,True,False,False,3.539684586357644,3.165372390480578
29.828135,24,1438.510899,True,False,False,2.2239606597903205,2.2583238517987745
36.32395,25,1438.771067,True,False,False,3.373806992848092,3.4724026693931456
-4.137582,50,1439.165759,False,True,False,3.675813208391239,5.651713291503969
35.200466,40,1439.483822,True,False,False,3.6859521399874753,3.4671470855769453
43.639202,55,1439.898814,True,False,False,5.815332169441632,5.230639744298375
26.130907,18,1440.083487,True,False,False,1.3371060422173828,1.5535003271923433
38.027457,39,1440.444032,True,False,False,4.174757791229988,4.0092308676510005
45.389924,52,1440.854803,True,False,False,5.930042402441648,5.502951632460745
47.496038,59,1441.331889,True,False,False,6.331819207764943,5.918316759798924
37.034012,55,1441.763233,True,False,False,4.600992956116198,3.850856999549683
41.523403,68,1442.375748,True,False,False,4.9495895197279385,4.8718933612107636
44.810519,71,1443.013514,True,False,False,5.7418511919822794,5.517031507022863
49.576622,65,1443.527482,True,False,False,6.8641587129584885,6.451866646284005
34.308387,41,1443.848641,True,False,False,3.284031115123976,3.271478171777763
31.846468,41,1444.168091,True,False,False,2.908889640038279,2.827839615263527
33.191748,43,1444.589206,True,False,False,3.10848583113503,2.98871655894926
52.380812,68,1445.131926,True,False,False,7.263033168044636,7.007110318240398
40.836883,57,1445.598497,True,False,False,4.548757078824556,4.601836685734126
31.401916,30,1445.822884,True,False,False,2.6103693444739453,2.5975301698745312
26.538185,14,1445.928096,True,False,False,1.4525225800207915,1.6592534797837757
28.742992,22,1446.095814,True,False,False,1.874939836735366,2.0802280724131252
37.650016,38,1446.381278,True,False,False,4.149909046207681,3.927907875151415
26.479618,18,1446.527292,True,False,False,1.5257486742926578,1.6671168179297502
27.606475,43,1446.88569,True,False,False,3.0287192863701753,2.1503794298223506
32.916034,34,1447.153622,True,False,False,3.4308647629273485,2.9633304208407405
48.836706,52,1447.547812,True,False,False,6.311402194237788,6.114904192897335
57.905613,72,1448.112591,True,False,False,8.294216910723891,8.096904359147473
34.995065,40,1448.424475,True,False,False,3.31463479286,3.372492735753601
37.17367,42,1448.800083,True,False,False,4.701445974250505,3.981250798238107
51.314153,73,1449.474569,True,False,False,6.754067129700625,6.52576568871776
42.556045,89,1450.210178,True,False,False,5.838947659868121,5.232242895593744
29.73683,29,1450.449314,True,False,False,2.2980349339630464,2.2981747405000834
39.268946,61,1451.002565,True,False,False,4.938750173439541,4.3566370878736524
51.314896,72,1451.620046,True,False,False,6.853991908070682,6.638115657207718
30.468102,42,1451.938182,True,False,False,2.4480369045212855,2.616018269452542
22.265239,74,1452.556253,True,False,False,2.4601443430230425,1.6836197231182268
33.553206,25,1452.771515,True,False,False,2.859138957754982,2.9420030907727597
28.514131,23,1452.957223,True,False,False,1.9130272298285977,2.025292875431524
31.075451,34,1453.298451,True,False,False,2.896589184494837,2.638761681942561
32.497756,40,1453.640916,True,False,False,3.3795677700919153,3.110087667940088
25.832947,22,1453.80952,True,False,False,1.4372416151182539,1.5399444693753617
40.699283,49,1454.18494,True,False,False,4.957880463081466,4.657897499697916
32.457671,37,1454.479915,True,False,False,3.58373042060296,2.9736900079969484
28.567768,21,1454.653073,True,False,False,1.9891582266809062,2.0064840487913282
40.742721,37,1454.933545,True,False,False,5.099562977676106,4.542863956655003
38.375224,64,1455.480568,True,False,False,5.243641937354567,4.398612314271152
32.821506,37,1455.790932,True,False,False,2.967337942649972,2.9535828903375636
39.976301,40,1456.126437,True,False,False,4.49952235513432,4.282009049007431
35.514689,50,1456.520529,True,False,False,4.728257311887368,3.6832711695844162
32.285747,42,1456.877244,True,False,False,2.932908596557225,2.905227957573854
49.580379,72,1457.470817,True,False,False,6.392172665029202,6.293261109288712
38.087853,38,1457.856346,True,False,False,3.9481370887973535,3.916506501351234
35.275965,48,1458.238392,True,False,False,3.3834823675434964,3.4757693322973897
48.136387,52,1458.657734,True,False,False,6.613232855192324,6.038740911874285
43.645292,68,1459.185773,True,False,False,6.709433150296465,5.30245008135515
45.771191,57,1459.653681,True,False,False,6.8392049308621035,5.515671486948042
39.658976,60,1460.148605,True,False,False,5.798502311710018,4.530136257129312
28.874078,27,1460.364967,True,False,False,2.282573912285174,2.1204195011247706
28.911013,35,1460.626218,True,False,False,2.3715299425056013,2.2217639814949908
28.604078,25,1460.840312,True,False,False,1.9424598524348458,2.0867309529570988
40.655915,58,1461.295593,True,False,False,4.803356747630526,4.642188984198442
28.384512,24,1461.491771,True,False,False,2.215799036066858,2.0578883509069885
33.900619,37,1461.802809,True,False,False,3.2879461466982565,3.124061357416525
28.676515,13,1461.965209,True,False,False,1.8302976126082915,1.9670764161304513
32.825988,26,1462.181997,True,False,False,3.0157489030139515,2.8424328282834317
33.826681,40,1462.500853,True,False,False,3.7844259055317684,3.2297365779577976
39.358233,73,1463.147777,True,False,False,5.028537165059925,4.610213697742039
28.91114,30,1463.419035,True,False,False,2.141313736058268,2.2312515679402596
41.117493,56,1463.849079,True,False,False,4.927285659975779,4.669029168080653
37.919918,85,1464.625891,True,False,False,5.253033859081526,4.437036914130163
44.669632,103,1465.404833,True,False,False,5.688464576286012,5.7143921413354315
43.981063,74,1465.957513,True,False,False,5.7123991808547725,5.29423477613662
41.242294,62,1466.512115,True,False,False,5.916708324509821,4.718651486742198
30.348222,37,1466.808215,True,False,False,2.485902491383868,2.4817733576387084
35.825498,43,1467.123899,True,False,False,3.8214091221748188,3.5608913694404154
39.691387,52,1467.519649,True,False,False,4.3739806156112975,4.372682805515771
40.68654,51,1467.924841,True,False,False,4.526297299931576,4.449283503935399
33.093194,35,1468.198232,True,False,False,3.6361478196741923,3.002009429812887
44.004897,60,1468.752874,True,False,False,5.621774799200532,5.509142209801237
44.57461,51,1469.186904,True,False,False,5.458587689758224,5.307287687423118
28.114432,28,1469.401726,True,False,False,3.29880180944134,2.054275285562956
39.488592,52,1469.825136,True,False,False,4.686137204685666,4.426114644994415
31.662227,35,1470.087635,True,False,False,2.958264283479307,2.7769327803005908
38.400587,35,1470.401543,True,False,False,4.109337202657273,3.978806693229676
35.7898,40,1470.786719,True,False,False,4.0357123602933,3.6324307463662486
36.91934,41,1471.108368,True,False,False,4.035637760308155,3.8413218657102535
39.198131,30,1471.340577,True,False,False,4.007947947478749,4.101324416903021
38.513249,49,1471.723797,True,False,False,4.760582106692182,4.424922589001439
27.207826,17,1471.850769,True,False,False,1.5162414117872367,1.7170332200752176
46.01972,73,1472.439796,True,False,False,6.02199162041811,5.803934014569121
30.059115,30,1472.710355,True,False,False,2.3886078572397533,2.4047160119134783
48.089103,63,1473.240853,True,False,False,6.027611310560542,5.994708414134725
34.011529,32,1473.480627,True,False,False,3.28131693034759,3.1472262592882165
43.374028,70,1474.028396,True,False,False,6.6424580943569245,5.116335703644955
31.512428,41,1474.340248,True,False,False,3.519368980161538,2.857260664675672
41.023068,78,1475.015091,True,False,False,6.497465718536402,4.8364422998932755
28.712609,23,1475.226115,True,False,False,2.078722647862703,2.1170364892345375
44.498087,54,1475.700573,True,False,False,5.9487457656031575,5.30240083975587
31.907569,29,1475.97678,True,False,False,3.445109757020894,2.75491848341424
38.73788,63,1476.438629,True,False,False,4.288868615440602,4.331609885605671
33.491039,48,1476.815093,True,False,False,4.104476206873014,3.524406684679473
42.809849,76,1477.426866,True,False,False,6.435212262980578,5.272043051681595
26.894892,31,1477.665714,True,False,False,2.8898261763712862,1.8625610042350091
50.060193,72,1478.230206,True,False,False,7.154656008295156,6.448765892151304
28.074195,20,1478.38391,True,False,False,1.6629477532714134,1.9014329875341165
42.23608,37,1478.688813,True,False,False,5.359992470975358,4.721693740782511
39.353261,65,1479.213216,True,False,False,4.674951015019972,4.4980353043240315
44.109999,64,1479.764002,True,False,False,5.311984937917016,5.2860141989232226
34.729006,52,1480.181219,True,False,False,3.5877462069990576,3.474047873010314
28.320176,19,1480.322034,True,False,False,1.879986147546173,1.9122226294946443
44.910172,71,1480.89065,True,False,False,7.127708167551724,5.716712886251707
44.21029,86,1481.645702,True,False,False,7.456159646068724,5.722815556378318
35.580895,50,1482.0316,True,False,False,4.692332972435124,3.6460833029613084
43.525647,73,1482.587517,True,False,False,5.763957303302978,5.24684467353935
42.746391,69,1483.173032,True,False,False,5.896145696272919,5.07041036980319
38.693446,69,1483.766043,True,False,False,5.16668265102055,4.549754707233928
29.955489,30,1484.010535,True,False,False,2.506527505446886,2.4327602453381454
35.473522,36,1484.304981,True,False,False,3.913095274913836,3.499313942164654
42.251494,50,1484.68939,True,False,False,4.772652225690995,4.834976241013781
40.4922,50,1485.090825,True,False,False,5.109374631961855,4.589346590035864
40.953056,42,1485.427196,True,False,False,5.028694070269408,4.643069176596436
37.889077,70,1486.043691,True,False,False,5.49081790221923,4.224679303074454
45.127482,51,1486.444277,True,False,False,6.365583717994445,5.336310425222774
35.712519,56,1486.885939,True,False,False,3.6137319812582454,3.6620575498920758
26.455963,25,1487.075586,True,False,False,2.4500554770131795,1.7733489080161364
30.200298,19,1487.273062,True,False,False,2.1722912358156017,2.314013184507374
39.90202,57,1487.704886,True,False,False,4.97496946443048,4.445009965736426
39.601331,53,1488.182228,True,False,False,4.843160361771908,4.450879710071399
26.694374,22,1488.370208,True,False,False,1.5289528782282,1.6922640068643247
42.600386,77,1488.983043,True,False,False,5.942034919123967,5.294625910924241
34.611716,61,1489.459645,True,False,False,4.988577635605122,3.554489612024963
48.644513,75,1490.040864,True,False,False,6.463409539218383,6.195678250528998
33.400941,56,1490.504193,True,False,False,4.301094778385344,3.5572559677226545
32.221734,29,1490.736448,True,False,False,2.8772714966761153,2.7205582032429447
39.960677,97,1491.45113,True,False,False,4.778099035437827,4.808337427772329
40.878564,66,1491.958344,True,False,False,5.076579971956062,4.7121383303718325
39.529231,40,1492.294512,True,False,False,4.726901063337939,4.227944334927836
29.952976,71,1492.87554,True,False,False,3.9114350939369893,2.8420000015050024
29.280144,33,1493.145354,True,False,False,2.298522373187391,2.2616900088802434
30.947689,52,1493.546427,True,False,False,4.923239977501176,3.0539314599135765
44.391324,95,1494.266266,True,False,False,6.378192571958191,5.763458964111737
32.130297,42,1494.681739,True,False,False,3.1939769239638127,2.8648474541277373
37.248133,40,1494.985117,True,False,False,4.570762656694764,3.8721515937667617
33.132107,46,1495.337557,True,False,False,3.7399656587538184,3.215526887204686
44.766675,114,1496.213613,True,False,False,7.012031739589647,6.094669143630734
28.276701,22,1496.377444,True,False,False,1.7553049453302727,1.976035023297995
48.067157,54,1496.888433,True,False,False,6.453522610477544,5.962655551036453
28.274271,18,1497.051909,True,False,False,2.0024388838364207,1.942766399097314
40.9511,65,1497.609916,True,False,False,4.877124298421607,4.7402401472244176
42.948875,70,1498.185459,True,False,False,7.361858666206164,5.235749855888903
43.257685,88,1498.945689,True,False,False,7.118862594603473,5.487890257054515
29.10187,27,1499.233249,True,False,False,2.379836033011793,2.2296417445019467
-2.774306,35,1499.566773,False,True,False,4.265551626732756,5.935601505782556
46.473901,64,1500.310301,True,False,False,6.263527795310068,5.806071590864447
49.793938,64,1500.946543,True,False,False,7.589308158388536,6.385949336022791
47.582489,81,1501.708195,True,False,False,7.065732827035521,6.201729533263011
42.829264,53,1502.730551,True,False,False,5.094217778535831,4.969269639105197
-4.947528,64,1503.328391,False,True,False,5.664992246584867,5.810913866293988
34.065148,48,1503.746275,True,False,False,3.2940638382982055,3.363487781193876
43.689341,83,1504.392486,True,False,False,7.406938311511248,5.620255812871558
40.295305,61,1504.873466,True,False,False,5.486086905038833,4.669029536186969
27.108532,26,1505.074475,True,False,False,1.929648998589565,1.8278399532290068
32.2962,34,1505.374872,True,False,False,3.4583830860456293,2.915703036263303
37.576927,61,1505.871244,True,False,False,4.586420902936286,4.206959972167347
34.67001,39,1506.177185,True,False,False,3.7461844522659207,3.3366126389916335
27.805054,28,1506.392178,True,False,False,2.6142161936757886,1.993203218171804
41.100473,54,1506.834354,True,False,False,4.936563044949347,4.660687649151893
41.145233,55,1507.279683,True,False,False,5.090488281125138,4.67222460725796
30.613344,33,1507.561898,True,False,False,2.5430920079898023,2.561384690630888
32.824571,40,1507.880161,True,False,False,3.4739063155608827,2.978689393835381
32.439961,48,1508.28284,True,False,False,3.2140284138281046,3.1398018656716986
34.202882,29,1508.508949,True,False,False,3.2567812224628163,3.2482445940020774
34.363261,51,1508.882688,True,False,False,3.7142806337753957,3.440225272755091
35.618749,75,1509.464791,True,False,False,4.929259161814652,4.112798892945036
36.720522,40,1509.839412,True,False,False,3.7040266578513172,3.7442259450805713
30.546119,37,1510.120351,True,False,False,3.163993794732579,2.6013605212418796
39.146826,58,1510.570971,True,False,False,4.340980640419669,4.235533503627616
26.047633,24,1510.757645,True,False,False,2.244198190717369,1.7793467074134917
33.854853,49,1511.177825,True,False,False,3.9461230348945926,3.299630562005771
25.760855,21,1511.33283,True,False,False,2.8286623509302937,1.5129756793259088
27.517499,23,1511.528552,True,False,False,2.052786277872459,1.9040225926574963
40.977956,56,1512.015563,True,False,False,5.053047678976502,4.721314984495972
36.287448,76,1512.71267,True,False,False,4.848721514597965,4.279929471183528
-2.139337,70,1513.353103,False,True,False,7.04444650046454,5.352147908473146
42.165799,38,1513.668669,True,False,False,5.48808881108243,4.711178453102777
42.898976,56,1514.219054,True,False,False,5.4773765563217,5.083480385223108
44.07366,60,1514.693943,True,False,False,6.97082216363813,5.320041564650978
32.788384,39,1514.992605,True,False,False,2.9323943559435888,3.0583243075999573
28.929567,23,1515.179094,True,False,False,1.9672023269417094,2.1574648439075075
27.937556,34,1515.454508,True,False,False,2.0711475163751705,2.060056731542866
34.01423,51,1515.965101,True,False,False,3.6379315443072464,3.3444357566504115
37.129899,49,1516.490581,True,False,False,4.5039238655389875,3.914115165245706
47.789449,52,1516.916913,True,False,False,6.1642648398241935,6.018639974520049
37.192535,52,1517.599728,True,False,False,5.379914334068706,4.035557636151828
49.142174,103,1518.760042,True,False,False,6.951204507268827,6.46889729204774
30.570653,25,1519.001606,True,False,False,2.574154583120761,2.5149673398333157
33.081994,37,1519.285753,True,False,False,2.8995615012706484,2.9563290973936036
31.039342,25,1519.491913,True,False,False,2.3945424355527,2.5562157634393166
48.058777,47,1519.837519,True,False,False,6.298918225924163,5.917349147254988
25.762241,20,1519.998839,True,False,False,1.587077517141422,1.57583589542234
29.566828,34,1520.262249,True,False,False,2.346213960996485,2.2563853798458218
39.84659,48,1520.689276,True,False,False,4.4119028637976925,4.400861916261699
42.304026,50,1521.062091,True,False,False,5.0691060613200944,4.849865116902074
30.710701,36,1521.331213,True,False,False,3.287138991011896,2.624468950469845
47.794914,91,1522.029395,True,False,False,8.118341745958208,6.297388398230017
27.912511,18,1522.178469,True,False,False,1.7976175547223217,1.8912448964629
33.452859,26,1522.374846,True,False,False,3.118496013693807,3.016758498723744
33.052367,77,1523.041011,True,False,False,4.248761469862008,3.5156447377285143
40.570192,66,1523.540228,True,False,False,6.662343620220922,4.785121631785333
42.26183,76,1524.107301,True,False,False,5.269937627582137,4.951981795019915
30.256772,37,1524.392984,True,False,False,3.3733523026681618,2.5790760562026382
40.197017,47,1524.773549,True,False,False,4.575465604166121,4.3616959306069045
36.615423,44,1525.246861,True,False,False,3.6520900177523696,3.740693274105316
30.090321,28,1525.563514,True,False,False,2.3175942367501223,2.428959022786729
44.529511,73,1526.182002,True,False,False,5.430400798595035,5.388939267639552
32.990008,44,1526.576845,True,False,False,3.1634650345095694,3.052567416983239
28.02798,23,1526.794127,True,False,False,2.1984263472743284,2.022096954261842
30.801655,34,1527.132791,True,False,False,2.760110563454516,2.6028279852153577
28.303448,30,1527.36579,True,False,False,2.008480003585641,2.0651950196213686
46.600639,54,1527.814236,True,False,False,6.799810065802268,5.675095656376346
37.286408,45,1528.185018,True,False,False,3.860705685959537,3.870979567935228
38.552597,60,1528.654967,True,False,False,4.308309031100038,4.3388147085437625
30.44674,44,1529.009922,True,False,False,2.928978901720728,2.6682321835264347
33.056018,25,1529.242003,True,False,False,2.8306917457928003,2.9118170802573493
26.761129,20,1529.405457,True,False,False,1.6509106109633307,1.6989646498886144
32.5873,56,1529.85549,True,False,False,3.9223021098659574,3.2423740053466
30.777636,17,1530.014891,True,False,False,2.39030324998613,2.430590189538887
45.319691,100,1530.859305,True,False,False,7.17788851521041,6.110065026587329
30.827114,27,1531.061094,True,False,False,2.38230324982978,2.543901575578607
36.894504,62,1531.665222,True,False,False,3.866803584878016,3.9358909615724067
31.603532,36,1531.943309,True,False,False,2.599018311788032,2.722319181141369
25.624243,41,1532.280059,True,False,False,1.7455775711680408,1.6948851589987746
33.530576,38,1532.58557,True,False,False,3.857338317585228,3.134686561821292
27.609827,21,1532.741331,True,False,False,1.8649449696089129,1.9231582033894357
29.552405,15,1532.863429,True,False,False,1.9516972628178162,2.1250634633459184
44.022144,60,1533.430178,True,False,False,5.492000461610212,5.2628179813632
27.684867,49,1533.865603,True,False,False,2.6966681641827916,2.360762321991865
43.74223,51,1534.311961,True,False,False,6.349166142484159,5.19810796199877
42.504081,67,1534.808859,True,False,False,5.51802330624646,4.924292399283764
36.050979,58,1535.276717,True,False,False,3.8149626831061827,3.7075099481770675
41.166694,69,1535.866504,True,False,False,5.214460729502598,4.706994888341214
35.294268,46,1536.211589,True,False,False,3.7007705769208754,3.4960272477565817
51.217275,66,1536.720319,True,False,False,7.154490656240411,6.791360575061324
37.741363,51,1537.125651,True,False,False,4.811262663523926,4.007781370907639
33.669549,38,1537.421247,True,False,False,3.4434943924095127,3.2175688400977926
39.860259,77,1538.146345,True,False,False,5.715214456514188,4.627399123741402
35.969504,30,1538.369603,True,False,False,3.4088238647647455,3.5393492260139534
28.274122,38,1538.65598,True,False,False,2.33532347493483,2.1679148870994838
30.725697,21,1538.805071,True,False,False,2.4291422039709984,2.481431554764991
39.696385,97,1539.594954,True,False,False,6.052408104032028,4.843524860868415
33.460577,25,1539.790882,True,False,False,2.8372523970278705,2.9018371042871918
45.635343,53,1540.259868,True,False,False,6.648362007539008,5.4918547757211345
47.731342,121,1541.212999,True,False,False,6.819025072623103,6.474497166266485
31.464066,39,1541.525634,True,False,False,2.920809744985237,2.758420457780129
27.130845,18,1541.664867,True,False,False,1.642136498202352,1.7808143982688427
34.778595,38,1541.957766,True,False,False,3.5094172466095808,3.4680996088548155
-12.978764,33,1542.238414,False,True,False,2.0477165276033444,6.27262626323847
49.724542,63,1542.78055,True,False,False,6.988197214261579,6.337152910540284
43.627801,70,1543.320987,True,False,False,6.425828065673876,5.3963802720299
-19.150316,5,1543.35323,False,True,False,0.36871652336204996,4.367372440878747
34.180526,40,1543.674149,True,False,False,4.074071137734107,3.3216764037908773
37.409132,30,1543.935293,True,False,False,3.7376737316610735,3.6987453807333996
28.62853,27,1544.16389,True,False,False,2.0437518445474003,2.117080971632082
37.519233,37,1544.495882,True,False,False,4.422002892340364,3.950100524496039
47.98757,55,1544.940148,True,False,False,6.301418627005309,6.044876785652737
50.258394,58,1545.390992,True,False,False,6.466599345114596,6.431315772358244
41.652778,42,1545.742234,True,False,False,4.6425360685871055,4.65639705879759
38.877686,52,1546.152746,True,False,False,4.220184851027384,4.19774229548616
41.098569,36,1546.482871,True,False,False,4.83210077006434,4.459076605155201
43.16377,108,1547.390952,True,False,False,5.785380029264706,5.587746740236134
41.462405,39,1547.697716,True,False,False,4.919072020520284,4.57344264059072
34.690049,58,1548.184158,True,False,False,4.2274489347260005,3.5792930198876833
43.493118,76,1548.906018,True,False,False,5.793246606772253,5.371991719574618
41.539158,67,1549.501392,True,False,False,5.212587139926561,4.909119000285993
-9.425658,48,1549.881886,False,True,False,4.486190287399061,4.192219050886559
29.670109,39,1550.227938,True,False,False,2.8619390707340804,2.456522123290074
48.002983,76,1550.943177,True,False,False,6.3119423253006355,6.058317074632818
30.50395,37,1551.267952,True,False,False,2.4479743099072264,2.4407439126749346
26.620868,12,1551.356959,True,False,False,1.3753817055368553,1.5815399008027886
32.777329,41,1551.727289,True,False,False,3.4733777853320325,2.9563033078767407
39.177509,39,1552.041527,True,False,False,4.575080227583436,4.207759174101339
34.881166,32,1552.326017,True,False,False,3.2982715968830028,3.2483214601378125
53.105644,75,1553.127414,True,False,False,7.596959075758374,7.085904651800502
43.022212,58,1553.654032,True,False,False,6.424655061233635,5.101532921738262
42.78822,46,1554.009734,True,False,False,5.014806669253845,4.871967963072611
43.860801,54,1554.424269,True,False,False,5.356603298410956,5.007639146459842
42.614086,67,1554.980696,True,False,False,6.934387879253243,5.109900181294805
27.490089,14,1555.114853,True,False,False,1.6154520086908926,1.7636898427732386
46.980212,69,1555.718524,True,False,False,7.154965474749087,5.9763989863256635
26.651068,20,1555.874061,True,False,False,1.5699487653606232,1.6559283024985831
41.99473,61,1556.37821,True,False,False,6.095401655551297,4.962219254371968
45.427052,89,1557.069633,True,False,False,6.569702310890397,5.7010000668501615
46.459527,64,1557.6689,True,False,False,6.381772616518622,5.983084752373452
25.506119,42,1558.004823,True,False,False,2.5286748643323227,1.8935453445917507
40.18585,39,1558.310054,True,False,False,4.5448167742983285,4.413997569302301
38.496359,46,1558.703829,True,False,False,4.250653570736385,4.077851637862926
30.541359,27,1558.90634,True,False,False,2.4292232959232196,2.433914514868756
32.041561,81,1559.593293,True,False,False,5.345107113891034,3.7722115279788526
40.082413,66,1560.130213,True,False,False,6.098031161433975,4.964515946502059
45.087047,56,1560.565972,True,False,False,6.532865414676375,5.428530570593258
48.612705,49,1560.92689,True,False,False,6.188275517819182,6.01309504922668
40.431229,66,1561.428573,True,False,False,4.9730107884571835,4.812066678313266
36.504726,37,1561.754105,True,False,False,3.637847017780052,3.606575837542193
34.207931,35,1562.072492,True,False,False,3.3465531080838677,3.118066941610496
34.445118,30,1562.32331,True,False,False,3.126247481655157,3.156431980797144
35.885851,62,1562.882904,True,False,False,3.825757378018274,3.7531513619740724
25.977995,23,1563.077078,True,False,False,1.4421919728672856,1.576450503653621
33.118868,50,1563.555759,True,False,False,3.8973041053310524,3.3510895459735894
31.729428,35,1563.828449,True,False,False,3.215694216740517,2.7800535492326457
35.550757,33,1564.157796,True,False,False,3.362743150035471,3.457038641982174
33.842038,53,1564.547003,True,False,False,3.4606575696926476,3.279897825017547
39.842508,50,1564.921892,True,False,False,4.295731282771648,4.329726280415594
40.96344,47,1565.293906,True,False,False,4.850445862493123,4.664384910245247
29.632608,35,1565.549583,True,False,False,3.3451101274399875,2.465977976824419
29.251802,24,1565.74191,True,False,False,2.0204948877538396,2.219202693717109
25.587867,49,1566.181544,True,False,False,1.8523492971299753,1.7924082141265283
31.376036,42,1566.518504,True,False,False,2.82018303201912,2.738002730285988
34.451243,33,1566.761876,True,False,False,3.379594025255002,3.2538765623058286
29.271597,25,1566.955138,True,False,False,2.2259020847241824,2.332960269557602
33.75771,54,1567.373934,True,False,False,4.46209301810948,3.4497720437641637
31.759098,24,1567.564779,True,False,False,2.5961535449559032,2.6447640528464187
29.87839,26,1567.788787,True,False,False,2.361859887077049,2.354735131965075
28.152384,22,1567.961663,True,False,False,2.5016322993247626,2.050750900086935
36.524794,44,1568.399599,True,False,False,4.175086414670613,3.7919776611442164
38.405171,41,1568.722436,True,False,False,4.3413940209579405,4.035033601229812
38.515265,79,1569.34559,True,False,False,6.408241504992149,4.59711291701608
27.030366,22,1569.530717,True,False,False,1.562300729766666,1.7790205721754373
39.185439,57,1569.969141,True,False,False,4.602823677227585,4.527781414271412
30.794885,26,1570.16964,True,False,False,2.5853784585382256,2.5243815068511397
42.646052,62,1570.742982,True,False,False,5.508998149379569,4.980597521802085
41.050647,67,1571.279557,True,False,False,5.187935603573486,4.68557403633325
29.097694,36,1571.556964,True,False,False,2.2413834627840425,2.2611449479726278
27.210877,25,1571.753561,True,False,False,2.0527063124577127,1.8510906711185167
34.21303,42,1572.095728,True,False,False,3.3245963410619757,3.230054552563701
45.878512,57,1572.61025,True,False,False,6.10791540196894,5.7634062792299865
40.819934,43,1573.021419,True,False,False,5.070174647904358,4.5600329839203155
53.594298,105,1573.901473,True,False,False,7.861340809956395,7.371949000021993
27.681645,19,1574.056791,True,False,False,1.64154043065646,1.8243046430127774
35.335469,37,1574.349481,True,False,False,3.410824195599172,3.454053810604851
30.330809,34,1574.642919,True,False,False,2.5408913596113174,2.5367735625219687
45.908728,78,1575.381318,True,False,False,6.714758431660718,5.775402936697808
36.531258,47,1575.73894,True,False,False,3.744471955659558,3.739078420766032
25.470374,25,1575.929797,True,False,False,1.5553033879081632,1.5185347526873139
26.659566,26,1576.123349,True,False,False,1.8267398478738903,1.7506861993799725
28.899487,69,1576.655661,True,False,False,4.422620539913177,2.857472363090801
36.982267,71,1577.338446,True,False,False,4.630420713336812,4.120703085133793
44.545672,62,1577.812666,True,False,False,5.683391050907049,5.271207423240833
27.889647,20,1577.975421,True,False,False,2.016668029684822,1.8921248444190897
33.712646,50,1578.403444,True,False,False,4.494093321104247,3.297021622053464
32.322317,38,1578.743204,True,False,False,2.5997266263255048,2.857895828526603
27.030281,28,1579.024522,True,False,False,2.2416863619314076,1.8698208079228793
45.07494,95,1579.783103,True,False,False,6.743501906391398,5.89134839521386
48.557021,139,1580.910113,True,False,False,8.246450001241147,6.83856030423714
41.865835,60,1581.462245,True,False,False,5.33949429181612,4.804930119758527
52.27931,77,1582.066663,True,False,False,7.62889812239188,7.034957502608257
23.324085,34,1582.337793,True,False,False,2.387146798334917,1.5817679793975563
34.476461,34,1582.61057,True,False,False,3.1669145060562363,3.284713987884572
34.707832,48,1583.012741,True,False,False,3.74202903315569,3.4026674716885066
26.284984,33,1583.343729,True,False,False,1.9742011586711263,1.7680450178077347
35.264977,45,1583.776636,True,False,False,4.309557101914809,3.5573398340610725
48.967837,113,1584.737685,True,False,False,7.816403611354232,6.560525165418024
35.247886,37,1585.032383,True,False,False,4.080134917515803,3.427855712614012
52.400294,67,1585.61105,True,False,False,7.376102455229464,6.963416983686544
27.13691,19,1585.78194,True,False,False,1.5603743013392977,1.6996481304000217
29.208985,21,1585.962498,True,False,False,2.199942896987065,2.1369102617995948
41.61676,61,1586.424778,True,False,False,4.890266884165144,4.648757143742165
36.454314,59,1587.553406,True,False,False,4.033096245957535,3.9086518354287665
28.656991,31,1587.828829,True,False,False,3.1987122190383843,2.386359909724516
45.711587,61,1588.313366,True,False,False,6.386474631898155,5.588736822461455
41.261129,74,1588.945241,True,False,False,6.521390885190892,5.105392314704432
30.724207,93,1589.650124,True,False,False,4.470419867890853,3.307982242223173
33.536261,27,1589.91993,True,False,False,3.1517976821393012,3.061882208360508
27.729432,24,1590.135541,True,False,False,2.3074922245350256,1.9228860384895532
37.409431,46,1590.508849,True,False,False,3.6742355570479135,3.8628410568098337
37.970368,60,1590.960794,True,False,False,4.33107664583456,4.121007212941848
32.59553,45,1591.289513,True,False,False,3.1805847306927837,3.0104312439227354
33.501986,36,1591.558644,True,False,False,3.360354305824367,3.1096993202988568
33.670502,35,1591.827065,True,False,False,3.1831472689629736,3.077683079344143
40.493843,55,1592.31302,True,False,False,5.071290133844074,4.548031515643868
26.472202,18,1592.447305,True,False,False,1.664646896747549,1.6512270982536912
43.561993,73,1593.007874,True,False,False,6.917323500025914,5.437064356369694
32.946489,50,1593.404551,True,False,False,3.246300414309021,3.095480105641835
37.763067,58,1593.865626,True,False,False,4.742757287783735,4.065404847926132
42.474746,56,1594.377041,True,False,False,5.576066381939818,4.9751249295695255
26.5228,17,1594.507578,True,False,False,1.8737637959873725,1.6235089224525892
33.123201,47,1594.899175,True,False,False,3.977759729735926,3.2417532658976262
44.725659,57,1595.331666,True,False,False,5.6166337773228765,5.365698020474649
45.972049,65,1595.85752,True,False,False,6.122440988056857,5.6038901418065805
29.132372,31,1596.093926,True,False,False,2.2803508763969558,2.229657394433714
40.436911,50,1596.539449,True,False,False,5.22806964221255,4.475795439776993
40.276627,67,1597.075503,True,False,False,4.967238141018103,4.574441549558754
40.84186,56,1597.505882,True,False,False,4.811926963694393,4.641734722297109
33.610214,45,1597.859348,True,False,False,3.191056271610041,3.1589512179289563
50.645862,64,1598.361034,True,False,False,7.698259311926419,6.586241535126574
41.03023,48,1598.845435,True,False,False,4.487654970960949,4.518902703847125
25.140214,32,1599.111025,True,False,False,1.4963678643011844,1.5195736828227548
40.059516,41,1599.515776,True,False,False,4.658167266263908,4.412591953818489
40.664612,73,1600.129803,True,False,False,5.572934737729463,4.851413342919074
49.26798,56,1600.571711,True,False,False,6.692896684667685,6.28512534983267
48.037321,123,1601.591219,True,False,False,7.351554428393459,6.618489757997629
-9.126096,27,1601.783369,False,True,False,2.549230345896974,6.922899057597578
49.438896,84,1602.416441,True,False,False,7.521410090700243,6.5291891392713115
33.423773,39,1602.72351,True,False,False,3.411620889314251,3.074057635945444
36.279645,50,1603.13244,True,False,False,4.719980293267986,3.8956316183537396
36.081932,56,1603.558803,True,False,False,3.8204773293436904,3.762877500167889
45.913769,53,1603.967799,True,False,False,5.740353240844452,5.553678716209093
37.471941,34,1604.225404,True,False,False,4.2425857308286945,3.752702488679219
48.269218,94,1605.003759,True,False,False,7.07371194884545,6.482553450046957
42.587338,83,1605.670502,True,False,False,7.420122503589257,5.391432848302473
28.573829,28,1605.880006,True,False,False,1.8856079344049772,2.0898100867775535
42.104143,74,1606.430303,True,False,False,5.186313519294584,4.9776129110611125
35.583081,46,1606.779809,True,False,False,3.6587745737421713,3.6187848531126985
35.613479,48,1607.236504,True,False,False,3.746142053114789,3.59786220164068
40.293011,56,1607.654495,True,False,False,4.389798643616796,4.445504430693523
49.615362,64,1608.132092,True,False,False,7.629592463029138,6.529532887026781
25.820946,17,1608.261803,True,False,False,1.5674773202816088,1.5466823473637066
32.269939,23,1608.456279,True,False,False,2.567153473192169,2.64865436928357
33.553134,39,1608.770366,True,False,False,3.6454181266138437,3.182992898605346
46.127452,60,1609.282138,True,False,False,6.763005267295713,5.8607172929141855
46.622745,69,1609.884481,True,False,False,6.347394114018788,5.69413842566227
26.466207,22,1610.057595,True,False,False,1.483895107320011,1.6579753318483759
34.732363,53,1610.472835,True,False,False,3.6613512792703666,3.5300951085144074
48.694041,61,1610.970999,True,False,False,6.621767074149461,6.191281384871956
50.189298,76,1611.653226,True,False,False,8.197910462099292,6.699211407632011
40.510398,67,1612.274956,True,False,False,4.937404590864981,4.649790791589321
27.752089,42,1612.602782,True,False,False,2.5903058395649587,2.173202089417618
26.24335,13,1612.70989,True,False,False,1.496904985101752,1.5750577607568146
36.334144,50,1613.114423,True,False,False,4.255884071304199,3.7424111597656475
45.620268,99,1613.975641,True,False,False,7.059118926299291,5.939616942881065
44.391911,54,1614.418908,True,False,False,5.67607019756721,5.387287809661391
37.987601,52,1614.817777,True,False,False,4.967530668908273,4.0873330496828855
35.009448,35,1615.113739,True,False,False,3.1186919847084633,3.3292553275160324
34.10348,39,1615.407297,True,False,False,3.272634918798245,3.2699890113369885
43.967969,57,1615.912862,True,False,False,5.636987138126058,5.257201121682831
50.778829,59,1616.37249,True,False,False,8.149802278334308,6.574806060859543
36.868416,49,1616.755286,True,False,False,4.225036536719959,3.8258386152818677
33.97342,31,1617.020278,True,False,False,3.2622005735039,3.2051363959794
41.031117,108,1617.899844,True,False,False,7.327902582061852,5.382361768060736
39.002632,64,1618.412924,True,False,False,5.5750154097406135,4.39924233736478
37.889193,29,1618.64024,True,False,False,3.7468010007800987,3.784420237887503
31.693852,22,1618.804565,True,False,False,2.4002902740936687,2.5890045859610367
43.61079,54,1619.239034,True,False,False,5.2977395330690085,5.222569953666216
35.865289,51,1619.613048,True,False,False,5.247285573944578,3.8303445813434496
39.889861,56,1620.083546,True,False,False,4.47258373314837,4.394982625350497
43.122045,103,1620.914031,True,False,False,6.165170861378637,5.451507653936552
40.33689,80,1621.525815,True,False,False,5.781913322294777,4.928776506175168
48.974799,62,1622.010689,True,False,False,6.2095064352885565,6.1517503698640095
40.375228,58,1622.525969,True,False,False,4.49074573170886,4.550349914717013
33.428517,33,1622.76561,True,False,False,3.2584990388937776,3.1088076782889407
49.494418,67,1623.348747,True,False,False,6.716502412867502,6.432595444846161
27.28589,62,1623.887052,True,False,False,3.8968942190762106,2.2862307262601065
29.360291,35,1624.215343,True,False,False,2.54044009437249,2.3265691565505615
32.788962,40,1624.631536,True,False,False,3.7831162184659273,3.046086662501581
46.437264,58,1625.119563,True,False,False,6.503420150007492,5.7118873837575626
36.208593,28,1625.341382,True,False,False,3.873365165540108,3.541053425649728
30.027337,27,1625.555683,True,False,False,2.686773120637702,2.404910013901265
28.714596,21,1625.72245,True,False,False,2.0781252450509977,2.0854216664898
46.212162,73,1626.316997,True,False,False,6.784658409599593,5.8109146480611615
39.790418,45,1626.759807,True,False,False,4.596077878643854,4.408724494030081
39.0248,55,1627.214664,True,False,False,5.096940779646811,4.301168956984735
50.188097,74,1627.793922,True,False,False,7.182946115808749,6.518956715852219
34.40358,32,1628.060512,True,False,False,3.358741376288297,3.2598392407180024
43.822771,101,1628.914224,True,False,False,6.412592781407107,5.691882240830737
41.845924,82,1629.562277,True,False,False,5.965359512347201,5.032089939975713
40.249761,45,1629.901308,True,False,False,4.269165733675888,4.242825134698841
43.285711,64,1630.389449,True,False,False,5.847335256048872,5.272665747656518
32.138827,40,1630.687834,True,False,False,2.845376812820566,2.8660261681004076
40.535668,73,1631.317634,True,False,False,5.558848847497328,4.772719301971731
33.578261,39,1631.61194,True,False,False,3.18263814550977,3.129089908275864
29.531719,28,1631.831384,True,False,False,2.360870718076141,2.331679180681711
29.485459,18,1631.963643,True,False,False,1.9795628844704125,2.2329544794286518
42.796152,74,1632.649249,True,False,False,5.747047921340511,5.164153839694694
35.239321,40,1632.998111,True,False,False,3.4359000679098544,3.4314532755939786
34.163627,40,1633.417997,True,False,False,3.5198034869484,3.2749181081318346
42.676274,54,1633.877897,True,False,False,5.120007158933622,4.916096019581674
54.438931,65,1634.357542,True,False,False,7.584532836023031,7.260956894258908
29.014034,31,1634.605269,True,False,False,2.277149574472304,2.144075957593304
45.892437,66,1635.102451,True,False,False,6.431483383180257,5.755446151081044
50.551001,88,1635.798188,True,False,False,8.63714461057968,6.9156382760006485
32.156023,31,1636.02105,True,False,False,2.923868387077649,2.8650022685769523
30.671975,25,1636.217397,True,False,False,2.433759350197134,2.473189647086242
37.492243,50,1636.646256,True,False,False,4.850831805132443,3.9559218237516562
35.242418,37,1636.933452,True,False,False,3.2595595911379456,3.377807169826482
32.368418,38,1637.227529,True,False,False,2.7435212150557584,2.880284399750754
38.395436,83,1637.95805,True,False,False,5.551949951245682,4.971295483666589
-16.956835,18,1638.099321,False,True,False,1.1550311324524505,4.787860005073395
30.807976,53,1638.533339,True,False,False,5.243529621258801,2.8055926025235993
28.049096,31,1638.809874,True,False,False,1.9309585231617044,2.0432244775907096
39.953162,83,1639.49007,True,False,False,5.570336857478593,5.165144393377142
45.039216,86,1640.237284,True,False,False,6.186138903431642,5.797119134913657
48.889518,100,1641.03858,True,False,False,6.8120067688157775,6.398698579998273
47.655209,76,1641.698862,True,False,False,7.036462580749957,6.2137541397648715
35.633817,44,1642.094404,True,False,False,3.901470859587101,3.5670061019866526
46.904743,69,1642.651706,True,False,False,6.377333159012838,5.933941087316088
32.001002,50,1643.059082,True,False,False,4.087014568930372,3.010432185141394
45.816958,57,1643.508113,True,False,False,5.923981949617991,5.434070229350888
49.425715,67,1644.188454,True,False,False,6.8526686341750604,6.407815053701356
39.488611,46,1644.563209,True,False,False,5.147701689433195,4.330619346227709
-18.316425,5,1644.594001,False,True,False,0.41801264235496427,1.8047723454513833
35.704177,50,1645.020407,True,False,False,4.386312321441706,3.706434325905343
50.115846,78,1645.676312,True,False,False,6.784259731365719,6.5380290303327016
36.146112,36,1646.070674,True,False,False,3.5531543260507763,3.595062992072082
48.715177,56,1646.597458,True,False,False,6.176388487707803,5.902171678838045
33.527879,26,1646.83003,True,False,False,3.3888539132998527,3.0756756049982257
31.8392,50,1647.239033,True,False,False,6.343169953219108,3.0044265597084383
31.235805,35,1647.513348,True,False,False,2.5262351092292388,2.6900313799324955
46.709147,49,1647.87693,True,False,False,6.385984067564408,5.687969539421582
35.148807,32,1648.125328,True,False,False,3.527617331059491,3.4072650288303516
34.329785,36,1648.456345,True,False,False,3.2718455509602196,3.179800435588834
39.721754,59,1649.011502,True,False,False,4.720561513837213,4.435922163045551
38.838777,62,1649.544338,True,False,False,5.955789769651614,4.629997429421672
46.287328,61,1649.994043,True,False,False,7.600035499319207,5.893319613507301
44.349915,47,1650.431298,True,False,False,6.114058651592677,5.323197940607157
53.270728,79,1651.032664,True,False,False,8.26484669008959,7.265332016057154
25.454066,60,1651.504001,True,False,False,4.900183649437809,2.289422394800609
36.769359,45,1651.874303,True,False,False,3.9638716674214782,3.8352490800785057
49.089644,67,1652.387936,True,False,False,7.888058099330271,6.255478131518938
31.429729,32,1652.711205,True,False,False,3.21184236248204,2.7478987693317247
43.13786,72,1653.309662,True,False,False,5.353338531871712,5.125898120154739
42.659628,91,1654.160609,True,False,False,5.959945626997931,5.196366314698134
35.242183,40,1654.483192,True,False,False,3.7814745101212006,3.4841017205393032
37.602196,58,1654.998847,True,False,False,4.364947377237285,3.9767443658024337
31.062579,28,1655.214196,True,False,False,2.872030810480416,2.6111136430102966
43.598757,65,1655.710498,True,False,False,6.954454687347233,5.175575603998717
32.133054,31,1655.956776,True,False,False,2.679595427420365,2.829984278009779
34.486569,65,1656.460271,True,False,False,4.524373284746619,3.48493346409917
45.388353,111,1657.335342,True,False,False,6.56440140847785,5.974485661782465
28.831424,25,1657.516238,True,False,False,2.0158807810855692,2.032651959881213
47.41445,61,1657.993822,True,False,False,6.776255339849346,6.034848839018837
30.59938,27,1658.197046,True,False,False,2.3709679185404227,2.4685988126004297
45.250674,85,1658.847363,True,False,False,5.860817408060131,5.646810357367505
30.907894,23,1659.071958,True,False,False,2.410068986676999,2.529441511114914
36.545118,46,1659.454822,True,False,False,3.8934023008134186,3.7413676445002424
37.943422,108,1660.267381,True,False,False,7.426225258282007,4.692069393318279
34.471317,82,1660.906316,True,False,False,6.43138141733414,3.7801164897579707
31.707694,17,1661.045133,True,False,False,2.5586994804301817,2.62308163511128
33.345294,39,1661.377972,True,False,False,4.207178879328751,3.183160685221556
37.794834,37,1661.703949,True,False,False,4.310299713460185,3.9145500328754714
36.574369,58,1662.152486,True,False,False,5.020238878607638,3.8359895941973576
38.763352,39,1662.449533,True,False,False,4.510646584534757,4.172530861040744
27.445275,23,1662.628646,True,False,False,1.7368958248508737,1.8608354340045523
39.923853,44,1662.963422,True,False,False,4.721705053395159,4.424646275223867
43.044336,64,1663.511202,True,False,False,5.796996529291929,5.218788738050127
45.245116,71,1664.04597,True,False,False,6.722671425328449,5.550390282288141
40.488571,51,1664.430157,True,False,False,4.4948472821486165,4.440217015959064
34.726328,39,1664.717952,True,False,False,3.279052768836377,3.386958844938503
37.64138,49,1665.101431,True,False,False,4.951173451064317,3.992409599404137
28.465157,42,1665.455086,True,False,False,2.2075005336500197,2.2485386169671076
35.246155,96,1666.259151,True,False,False,5.943035595105452,4.1353175392723545
32.459169,40,1666.614775,True,False,False,3.2479721158226766,2.898128836628011
32.839107,61,1667.09189,True,False,False,4.144141732050233,3.2263887560157114
37.134694,56,1667.534601,True,False,False,4.252647249915014,4.084769875471059
27.9687,19,1667.708578,True,False,False,1.7893725126687774,1.8808011073245792
34.43677,66,1668.274199,True,False,False,3.9357743997801635,3.545766401515795
42.710253,70,1668.82922,True,False,False,6.545864635393794,5.092599958262418
40.469269,61,1669.98976,True,False,False,5.521121743225422,4.643781841323551
32.352733,19,1670.150754,True,False,False,2.633601388183042,2.706381812256587
34.886005,40,1670.478989,True,False,False,3.31262956395516,3.4169821054527083
30.320785,32,1670.734691,True,False,False,2.6242109023968494,2.448057967777888
43.418583,65,1671.240092,True,False,False,5.284176577509144,5.175347121345604
44.285578,58,1671.690402,True,False,False,5.300074850573038,5.2765626590416606
36.647149,88,1672.46418,True,False,False,5.474705480946799,4.310810476732047
31.921113,53,1672.897377,True,False,False,5.233138254861637,3.2685938809506774
34.851491,50,1673.284426,True,False,False,4.135986097351151,3.54852016701431
30.97348,33,1673.613346,True,False,False,2.625617290893247,2.5755818191512043
44.824556,75,1674.331017,True,False,False,6.147383928820005,5.6530421859248
36.307557,41,1674.670758,True,False,False,4.07341833869058,3.7215748371671498
47.02704,82,1675.309991,True,False,False,5.8563375755627565,5.917045217966791
-17.682043,18,1675.465891,False,True,False,1.117707993927167,5.183037505486303
36.64473,90,1676.18899,True,False,False,5.242368705766496,4.210625859792303
27.928105,37,1676.517015,True,False,False,2.4054254075569306,2.0600904988152378
33.845562,53,1676.936538,True,False,False,3.401437784381955,3.2747976125237903
33.322553,34,1677.195994,True,False,False,3.1610902028814967,3.089018164701303
28.645947,39,1677.517651,True,False,False,2.9587227738231117,2.2489394250998163
42.817362,91,1678.262786,True,False,False,7.023391572050102,5.266478565017035
46.542219,65,1678.874984,True,False,False,6.769158375416063,5.784551446419523
41.273866,66,1679.379366,True,False,False,5.140200333509373,4.943757605598756
36.847807,46,1679.736863,True,False,False,3.981305729131164,3.8211335096142367
27.998771,26,1679.936886,True,False,False,1.972965116980853,1.9893734583912115
42.942227,73,1680.537644,True,False,False,6.0464557001201005,5.194527514404297
42.328938,60,1681.064906,True,False,False,4.969527788803285,4.938332105951134
-14.903988,26,1681.264501,False,True,False,1.4522703446563034,2.302394228160694
25.730025,30,1681.493847,True,False,False,1.4467014961638671,1.6185057389203341
31.064137,35,1681.801301,True,False,False,3.2589158713179116,2.7536626052028006
46.929523,56,1682.227831,True,False,False,5.651575134598374,5.682558590864821
46.118123,82,1682.945295,True,False,False,6.190124184772084,5.89862063613469
33.654068,43,1683.293616,True,False,False,3.301973572283943,3.094154332684696
26.287538,21,1683.461141,True,False,False,1.3817510787088227,1.6128072357744672
41.258848,93,1684.220524,True,False,False,6.361561982939768,4.997137591892386
44.571714,56,1684.83295,True,False,False,6.046952492762763,5.44308371826453
50.993768,85,1685.521903,True,False,False,8.088614573767996,6.944946296363445
42.846714,48,1685.925259,True,False,False,5.272957371706434,4.9984348662678535
33.133641,35,1686.239982,True,False,False,2.7905139113375226,2.9532478831309206
26.295586,22,1686.432473,True,False,False,1.6715093737828548,1.6697124292995493
37.004853,44,1686.85118,True,False,False,4.179376590202902,3.8221818266217347
39.869203,29,1687.098871,True,False,False,4.323797596927978,4.246620260789398
45.046274,41,1687.435998,True,False,False,5.518648286100224,5.299661506364591
30.489087,33,1687.697484,True,False,False,2.619562810523566,2.5231089178901476
35.284332,46,1688.071859,True,False,False,4.540923504648861,3.5029197153846092
35.001226,42,1688.407465,True,False,False,3.3782160684894356,3.374573105126944
44.439901,52,1688.810638,True,False,False,6.0265359886130785,5.413370416402368
31.014586,30,1689.055403,True,False,False,3.0325735817306048,2.610658052618008
46.071239,75,1689.716512,True,False,False,6.4671514793794795,5.67600758884407
30.634718,23,1689.908332,True,False,False,2.343837285139218,2.422392255820811
37.070701,32,1690.144532,True,False,False,3.7794877016463273,3.67793651726393
51.647792,107,1691.012172,True,False,False,7.651537690776731,7.08170605079925
39.91622,61,1691.577748,True,False,False,6.219755293173084,4.580449878018821
40.47082,73,1692.139092,True,False,False,5.06020373333009,4.722615088523318
30.210573,17,1692.299495,True,False,False,2.290344705103529,2.2651116550444463
36.72379,35,1692.576865,True,False,False,3.8986943828830736,3.690449531385381
39.849042,50,1692.97568,True,False,False,4.502964143819464,4.358920015764161
30.14748,26,1693.207681,True,False,False,2.511351991497347,2.445366227324748
36.635988,42,1693.58417,True,False,False,3.8201628005401775,3.734850139581357
39.574861,96,1694.374372,True,False,False,6.236198663062884,4.924935370432231
45.3617,61,1694.853357,True,False,False,5.908839988706442,5.455991768526259
44.818628,53,1695.277551,True,False,False,5.352790488473449,5.250683002138875
46.570161,72,1695.877299,True,False,False,7.066720523346968,5.891209382463456
34.670762,31,1696.131307,True,False,False,3.673202060023454,3.2981936036506485
44.625656,84,1696.793974,True,False,False,6.091809058427763,5.595095950595828
38.846352,66,1697.30674,True,False,False,4.603132301943567,4.329277720587728
43.259487,85,1698.003781,True,False,False,6.504209882883095,5.458521679324951
46.070333,67,1698.663473,True,False,False,5.989533171488201,5.608050202521168
33.818416,33,1698.921901,True,False,False,3.053768432324717,3.052878824890121
55.014325,90,1699.691592,True,False,False,8.571283887874054,7.571751700403735
36.291961,36,1699.974414,True,False,False,3.701713905191392,3.6902057657060183
32.741428,30,1700.306607,True,False,False,3.049246448093797,2.915102340544776
32.229066,81,1700.937366,True,False,False,5.727746013018618,3.581631452363729
26.632643,17,1701.064697,True,False,False,1.5073491227415496,1.6219959833587159
-11.74488,30,1701.328187,False,True,False,1.960670516305144,2.7679679524212557
32.031464,38,1701.619917,True,False,False,3.196591617308677,2.9638502190569165
43.724974,69,1702.181753,True,False,False,6.144813826300388,5.354478746973891
49.500845,87,1702.879071,True,False,False,7.4213821843283245,6.422748774437898
31.300019,34,1703.137183,True,False,False,2.492788624055544,2.710051594716187
30.843189,26,1703.333089,True,False,False,2.386600861184255,2.518969928370398
33.90667,35,1703.653436,True,False,False,4.159540564102886,3.232349175252953
36.872637,40,1703.970035,True,False,False,3.889121112235206,3.804788175971991
35.793756,59,1704.484454,True,False,False,4.66548963965364,3.7267474337652273
34.99149,111,1705.350892,True,False,False,7.186242639654835,4.627516899021554
42.779527,82,1705.972936,True,False,False,7.20026416658516,5.439715861638942
33.276787,30,1706.212634,True,False,False,3.264162032793697,3.048998345692391
32.877727,55,1706.63817,True,False,False,4.39881443988573,3.1735687849826046
36.925623,55,1707.106193,True,False,False,3.8244768097206667,3.8707379865115312
41.177755,48,1707.488034,True,False,False,4.710207018027564,4.568770742164384
56.720343,70,1708.046876,True,False,False,8.883812243543668,7.882562747896936
40.036689,46,1708.407552,True,False,False,4.910089464428263,4.361467168356442
29.241306,24,1708.638657,True,False,False,2.0200707832395106,2.1296930172304687
-11.03553,40,1709.025452,False,True,False,3.7666077367637416,4.112827889647678
53.618139,70,1709.584656,True,False,False,7.905184648643595,7.138371850516519
45.192348,77,1710.192639,True,False,False,6.999560181861392,5.768710187748211
26.123621,30,1710.447435,True,False,False,2.842721019894693,1.7244126896503056
29.19556,23,1710.658434,True,False,False,2.2459540776624047,2.1382126938238613
32.885844,55,1711.09242,True,False,False,3.7200669791583443,3.2052926572934703
46.658296,71,1711.737751,True,False,False,6.65524726304019,5.92977937572811
32.77439,37,1712.051799,True,False,False,3.035573671192398,3.0319439444373524
43.003622,46,1712.418625,True,False,False,5.068700027405169,4.9832100780042525
44.644825,64,1712.935632,True,False,False,5.860438874240346,5.396748310880561
40.502817,85,1713.665191,True,False,False,6.018804165286676,4.8745539335783175
37.457269,58,1714.139499,True,False,False,4.22937421845694,4.033164115806584
45.095268,52,1714.6456,True,False,False,5.6941242196156585,5.444406808082282
32.257174,30,1714.867704,True,False,False,2.609431466695047,2.7508611063700936
36.094139,45,1715.229927,True,False,False,3.769571647764948,3.58731503037369
43.118609,54,1715.73198,True,False,False,5.650596989848136,5.020150817029018
34.634985,56,1716.259402,True,False,False,3.696914231404412,3.5045849419085346
48.498287,63,1716.764842,True,False,False,7.208621572035099,6.239846606509583
32.56936,39,1717.065979,True,False,False,2.8055081985327175,2.8710149748685554
36.469392,56,1717.517392,True,False,False,4.219938510061995,3.8117942701101657
35.45329,28,1717.765892,True,False,False,3.6801149047580886,3.4190649446134174
37.889969,50,1718.155361,True,False,False,3.954266955431881,4.0119307915980675
37.918106,32,1718.398157,True,False,False,4.106033796528329,3.9374696786761647
37.889337,41,1718.720009,True,False,False,4.225990369215429,3.9576232671362446
39.513351,95,1719.50789,True,False,False,6.196713893367971,4.832595798020822
37.914811,45,1719.873943,True,False,False,4.028753952724111,3.9551690442218876
33.412161,23,1720.04875,True,False,False,3.158112448790637,2.970642714510694
23.99357,55,1720.467374,True,False,False,3.2145719790577947,1.779801418038319
34.164014,35,1720.747711,True,False,False,3.189240966483055,3.1894377981217783
34.780709,40,1721.07992,True,False,False,4.288993656570624,3.462369938887839
37.731266,37,1721.382868,True,False,False,3.8186958118835945,3.950615950726952
46.639949,58,1721.898279,True,False,False,6.455337663852948,5.6454273826465435
40.366282,31,1722.143266,True,False,False,4.446993381984311,4.30905548434983
46.536712,56,1722.594479,True,False,False,6.5286093428966145,5.670066332263775
27.081009,12,1722.687118,True,False,False,1.5357951100895633,1.7218537470790742
27.354093,40,1722.998023,True,False,False,2.0384389071065074,1.9763370086588687
40.907092,46,1723.355925,True,False,False,4.375248027176989,4.528548905898202
34.505028,25,1723.554888,True,False,False,3.25410414818888,3.242651444666279
48.49831,78,1724.420009,True,False,False,6.745320010958672,6.279901137962953
36.405221,35,1724.727068,True,False,False,3.728998502461012,3.7254341606574704
31.063239,27,1724.970532,True,False,False,2.745328488370752,2.6092050246053757
26.016155,16,1725.128025,True,False,False,1.5224087530103296,1.5327220792447063
39.941998,49,1725.50271,True,False,False,5.456400995789011,4.406122483500623
31.170054,39,1725.819651,True,False,False,3.101459560997959,2.7064927405075876
46.790459,103,1726.721548,True,False,False,7.240645949257444,6.2212730038352015
43.436852,83,1727.39692,True,False,False,5.908734905899423,5.3640520789055905
34.132019,25,1727.582778,True,False,False,3.1668891119088545,3.078249004301225
28.184614,27,1727.798345,True,False,False,1.952473000209199,2.0684369688521937
28.287605,22,1727.987871,True,False,False,1.7883465160069891,1.9799027096907487
39.277778,41,1728.345967,True,False,False,4.507888069792452,4.271265147542709
32.769801,44,1728.707513,True,False,False,3.1778098917988458,3.052405725273938
42.416732,90,1729.471008,True,False,False,6.847354479485703,5.2018567008298735
42.429482,72,1730.046515,True,False,False,5.6035770410105865,4.889483401011132
33.276039,35,1730.321287,True,False,False,2.9715997637837743,3.0914826724752538
37.575041,71,1730.936509,True,False,False,4.433941925478375,4.123184614474227
46.726781,80,1731.574204,True,False,False,6.517339654767156,5.952095927855717
29.652122,29,1731.803814,True,False,False,2.5548973959105545,2.3335684297916788
36.633852,51,1732.199484,True,False,False,4.548215919827353,4.047206778994673
32.081592,29,1732.4473,True,False,False,2.845374252686801,2.7618219184592094
37.979718,55,1732.936481,True,False,False,4.294194369943336,4.092628900963515
40.741514,35,1733.21062,True,False,False,4.544828682733319,4.43892136879169
39.501007,62,1733.69238,True,False,False,6.185289460640069,4.623223190885459
27.89453,28,1733.908197,True,False,False,2.083202810268593,1.9884902539607454
33.163696,51,1734.318074,True,False,False,3.39005327416698,3.1349380306877386
34.987431,44,1734.684033,True,False,False,3.6019607714828283,3.4454143341216907
26.392869,26,1734.91242,True,False,False,1.7846207817200788,1.7300120122906464
32.108497,34,1735.187259,True,False,False,3.4740126721174858,2.922866732152898
31.643503,27,1735.423859,True,False,False,2.555205772361265,2.626981656353636
39.8649,71,1735.971859,True,False,False,4.755156512799168,4.579480388676519
39.316594,47,1736.410786,True,False,False,5.2957344294753055,4.335619961857268
31.930166,40,1736.787468,True,False,False,2.9425763621782486,2.753226765560731
-16.227453,28,1737.036405,False,True,False,2.1964729622181025,2.5002501148589324
35.806451,36,1737.361333,True,False,False,3.9615358223748345,3.54039330766238
39.461054,73,1737.957721,True,False,False,5.379624119348456,4.446489043259927
40.999069,53,1738.386233,True,False,False,5.620396360890081,4.77067684028784
44.637736,45,1738.75935,True,False,False,5.305588747995978,5.241997445388476
42.159298,62,1739.296392,True,False,False,5.242260381886993,4.898766742828331
30.923751,47,1739.676203,True,False,False,2.794407592781429,2.7277358225333797
28.666022,28,1739.911715,True,False,False,2.678623555894346,2.175222041627433
40.965699,51,1740.343553,True,False,False,4.997990691655898,4.65120907243071
42.859281,95,1741.07049,True,False,False,5.503268686580301,5.397930701627666
30.050861,21,1741.226624,True,False,False,2.1402804447547132,2.3169019396115593
38.270467,49,1741.694557,True,False,False,5.482211683133418,4.330424094346142
26.569202,13,1741.786763,True,False,False,1.4845531560709322,1.5708638146613738
45.661136,99,1742.54313,True,False,False,8.646191718510456,6.176515066635445
37.24554,31,1742.767186,True,False,False,4.06687369195411,3.771364888861083
30.903665,35,1743.033867,True,False,False,2.8291023717690633,2.7576908370963795
39.799495,50,1743.429196,True,False,False,4.189364876386773,4.414962071714408
44.438239,72,1743.97862,True,False,False,5.8474500051844815,5.595801613662345
47.188122,56,1744.443082,True,False,False,6.431851639401911,5.71384298145425
46.897753,88,1745.12496,True,False,False,6.773274445774682,6.097474034955857
40.502232,49,1745.497285,True,False,False,5.130792569014896,4.533272488305127
41.514953,53,1745.982565,True,False,False,5.203119622740621,4.804651387708673
35.144968,33,1746.279715,True,False,False,3.2501663224224395,3.297278910658624
40.974163,53,1746.775333,True,False,False,4.696178187889588,4.5196452722387175
-3.111123,26,1747.017948,False,True,False,4.3252561798135085,5.531025169097978
35.229228,30,1747.258074,True,False,False,3.8858102532561296,3.394520654513709
33.921683,29,1747.487481,True,False,False,2.961396899080901,3.1172731736549926
47.110406,88,1748.263914,True,False,False,6.972703496066271,6.2764869327799
33.829548,53,1748.707648,True,False,False,3.9368572790205065,3.3430209103143693
35.20069,39,1749.074491,True,False,False,3.4841055783522927,3.322331491469772
48.785902,81,1749.751842,True,False,False,7.360396627856107,6.472195453856593
41.970514,49,1750.172551,True,False,False,4.538458858276569,4.565044824053678
42.819944,66,1750.700726,True,False,False,5.311693898710124,5.140511942255134
27.321032,19,1750.853096,True,False,False,1.5681153193179398,1.7643961218686224
29.817214,27,1751.064548,True,False,False,2.2514303484682787,2.3063276832397626
44.408745,78,1751.675918,True,False,False,5.9815278113456785,5.360946588986916
34.899415,58,1752.192056,True,False,False,4.324349211069886,3.726203821393503
35.348544,40,1752.617222,True,False,False,3.569047909943022,3.464526206818866
30.554481,37,1752.93427,True,False,False,2.7488306288409596,2.5561816552959775
44.219849,62,1754.033672,True,False,False,6.415148328052088,5.429182787980315
36.51193,40,1754.366583,True,False,False,4.199830972245491,3.706515273517495
25.564975,37,1754.670877,True,False,False,1.839809739910248,1.6973373229662478
38.037515,29,1754.914967,True,False,False,4.07768041189024,3.933693534419672
39.797553,41,1755.254167,True,False,False,4.243906386591047,4.335023277578375
32.135722,31,1755.542189,True,False,False,2.9028302468511695,2.81832935880687
45.075284,49,1755.969632,True,False,False,6.1051340525943125,5.344616017406716
-16.648733,12,1756.068102,False,True,False,0.871004876474636,5.585284169210664
26.516384,25,1756.268627,True,False,False,2.643714992252389,1.8870679442832108
41.125568,45,1756.728822,True,False,False,4.526550758567008,4.553725822610209
38.834165,51,1757.16199,True,False,False,4.716744640485081,4.261170783294238
41.157374,58,1757.645555,True,False,False,5.735043983866303,4.762158214144138
38.092864,39,1757.929697,True,False,False,4.011744264597126,3.894222340344851
30.698385,31,1758.198835,True,False,False,2.5886370587988363,2.4896863695745557
33.511095,34,1758.478135,True,False,False,3.199599648795723,3.048227645391447
49.044994,80,1759.206532,True,False,False,6.711733184111977,6.221501597621399
46.629752,85,1759.915849,True,False,False,6.454330371390052,5.920581451712522
35.568373,52,1760.420094,True,False,False,4.28726862076387,3.954614712806429
30.242264,28,1760.681618,True,False,False,2.432875213896038,2.59578399172178
39.632513,48,1761.119233,True,False,False,5.891331264739322,4.336976512802931
33.083655,36,1761.432421,True,False,False,3.490289546308889,3.0602738360747037
29.985979,23,1761.646659,True,False,False,2.1677701883204943,2.3342604600715564
34.095922,61,1762.136858,True,False,False,4.389268067704148,3.491748706471106
37.174697,69,1762.776796,True,False,False,4.364749879037877,4.092140972265648
37.302778,45,1763.189176,True,False,False,3.8689649669733255,3.854334391226581
52.180242,68,1763.778921,True,False,False,8.957363873444011,6.932218353224352
45.687272,68,1764.336107,True,False,False,6.210335584850312,5.476988597018144
39.230499,69,1764.87671,True,False,False,4.552229570732519,4.411054927946536
46.257679,64,1765.437738,True,False,False,6.67005382262162,5.814077608773222
26.380323,10,1765.533327,True,False,False,1.3432436133553012,1.5330555981079632
37.55908,115,1766.461337,True,False,False,6.458739170475593,4.973961367928693
39.866877,66,1767.01687,True,False,False,4.68862694579025,4.508266209172859
40.236792,61,1767.577633,True,False,False,6.0991701212117535,4.668858244003416
35.359198,49,1767.97903,True,False,False,3.314348878429068,3.505334094049264
34.5545,39,1768.352049,True,False,False,3.2181098718721723,3.2320311514992794
46.269644,87,1769.128743,True,False,False,6.087372162927155,5.89577691941683
-18.82882,4,1769.158842,False,True,False,0.32370272796441346,2.6481934371788847
32.227643,37,1769.575595,True,False,False,3.2086220380551738,2.8575844965039137
34.840017,27,1769.798168,True,False,False,3.1159806401070145,3.229259159079394
29.834902,25,1770.007617,True,False,False,2.3419997180647045,2.243513497540872
28.452402,69,1770.749966,True,False,False,4.602991002142009,2.858627908565931
27.718874,25,1771.017279,True,False,False,1.997886825881002,1.897820855640164
28.372439,31,1771.281947,True,False,False,2.9573408627385973,2.1596636917266645
27.148973,19,1771.429619,True,False,False,1.6521364992774565,1.7767438922478291
30.869797,20,1771.589425,True,False,False,2.5866424864035666,2.45968941409559
26.97826,12,1771.702304,True,False,False,1.5064404436925907,1.6875686662783662
28.198856,23,1771.90167,True,False,False,2.2055032411212836,1.9296225267644438
37.110335,55,1772.351237,True,False,False,5.471729242909615,4.206185353519211
41.588439,49,1772.723393,True,False,False,5.2676628245880055,4.767214680532932
32.249363,25,1772.925485,True,False,False,2.563662468533646,2.7535863534666203
39.347545,44,1773.269831,True,False,False,4.304915109539979,4.292804169872773
40.402372,66,1773.900849,True,False,False,4.854676086563186,4.687574395291516
44.935552,54,1774.377838,True,False,False,5.923645399656662,5.665056639549811
31.28402,30,1774.646178,True,False,False,2.6100249194865683,2.617060286359595
-19.119738,16,1774.778351,False,True,False,1.3789025803783224,3.327311161677023
47.863888,86,1775.628899,True,False,False,6.832401320198283,6.478621220429131
35.219148,51,1776.150723,True,False,False,4.2113437025599225,3.606628386477424
29.272888,33,1776.470233,True,False,False,2.7467755059406644,2.3076851673363583
44.477059,57,1777.016175,True,False,False,5.748467437375854,5.262642026521402
35.392264,44,1777.355582,True,False,False,3.666647188224507,3.563909507624296
29.964797,28,1777.595191,True,False,False,2.5464071535494486,2.4031342281362695
32.204446,33,1777.860108,True,False,False,2.6922668046615486,2.902943801031185
39.560906,36,1778.147276,True,False,False,4.263079087081685,4.182659751407796
32.751082,39,1778.552137,True,False,False,2.940735752831993,2.9855051582351586
44.654101,62,1779.08777,True,False,False,5.420580379384949,5.36535426851589
38.931117,114,1779.979768,True,False,False,8.612221054952062,5.237469336669447
37.937952,60,1780.490652,True,False,False,4.360140967102517,4.104457482830748
45.362283,115,1781.471779,True,False,False,6.644526830390157,6.039831362288869
42.883523,58,1781.919528,True,False,False,5.254802746316637,5.109244291738435
42.502679,71,1782.479585,True,False,False,5.1342418717879275,5.022122955762925
-9.556549,28,1782.717127,False,True,False,2.6432857233466516,4.162212259407325
42.750463,58,1783.184469,True,False,False,5.442222724180228,5.058553137376419
26.180924,25,1783.378442,True,False,False,1.4877711806605949,1.6650009697285075
26.918655,13,1783.48292,True,False,False,1.5181471975158138,1.6304487448207294
34.776073,40,1783.791236,True,False,False,4.053646832747011,3.438688123902531
34.306251,45,1784.138746,True,False,False,4.435544359331212,3.3269422516480875
43.153854,68,1784.649503,True,False,False,5.674890410485023,5.370204886956983
39.828443,42,1785.041353,True,False,False,4.558169450765907,4.3005683352191015
47.594746,73,1785.602064,True,False,False,6.520474375516838,5.982510619824723
35.788893,42,1785.971258,True,False,False,4.015949354631542,3.550986121140893
44.982727,47,1786.36266,True,False,False,5.646404465267814,5.37253827600426
39.114445,51,1786.771944,True,False,False,4.5530785948484995,4.353280037942225
44.940455,83,1787.496297,True,False,False,6.093942770385487,5.52885796410802
34.623126,78,1788.159999,True,False,False,5.466176651120916,3.7969009539607894
50.724083,63,1788.648264,True,False,False,8.36536996038394,6.523713906667394
32.220051,36,1788.950078,True,False,False,2.793164450930932,2.8498414163578194
32.152189,45,1789.418544,True,False,False,3.028902199856285,3.022566723470629
35.087749,38,1789.817904,True,False,False,3.3751436648656243,3.3906044153277035
42.248464,53,1790.219266,True,False,False,5.33579551253279,4.859465079197177
49.155969,88,1790.953239,True,False,False,7.8958923373063525,6.493404028428316
27.872876,53,1791.479599,True,False,False,2.79699683809679,2.284312815781409
29.566811,20,1791.672424,True,False,False,2.3390158191743478,2.2589061660855316
42.942586,65,1792.192858,True,False,False,5.26883705813987,5.0859464414606315
34.309261,27,1792.424987,True,False,False,3.296834240530837,3.1218886521147473
26.414778,21,1792.594457,True,False,False,1.5312063960858717,1.6882685922371246
25.498408,35,1792.872038,True,False,False,1.860221589087551,1.756936173916349
30.679885,23,1793.066471,True,False,False,3.076181604883613,2.495927095138778
32.26089,56,1793.562491,True,False,False,4.618433016374698,3.0977584347176603
41.410467,55,1794.082304,True,False,False,4.965665062427238,4.753175747487163
54.731751,108,1794.964951,True,False,False,8.031113096017576,7.700448073575996
48.753477,91,1795.70426,True,False,False,7.200758152454654,6.397013260708193
33.896679,35,1796.02232,True,False,False,3.2327840973097595,3.119207842941551
36.458044,32,1796.269892,True,False,False,3.665319878878376,3.671378117366967
36.40481,53,1796.654484,True,False,False,3.523139473272313,3.694438529613881
39.293976,57,1797.094562,True,False,False,4.735453762690188,4.376123032374515
33.924175,48,1797.452413,True,False,False,3.6235192695088747,3.4891292513555983
35.945375,39,1797.733896,True,False,False,3.911314641579422,3.625716572483298
41.530537,60,1798.299492,True,False,False,5.645692570516417,4.851799729930799
33.250018,44,1798.669584,True,False,False,3.2260655940011222,3.1374466431734986
26.008551,26,1798.867913,True,False,False,1.7419295262456866,1.6455401992704966
38.268054,51,1799.275341,True,False,False,3.8877099815730305,4.036978404769226
36.001331,35,1799.567178,True,False,False,3.9088283240237067,3.55403151778533
-4.781674,62,1800.164284,False,True,False,4.7590547362676245,5.898075887821615
31.886269,49,1800.606968,True,False,False,3.3574806967567774,3.0715399906817895
44.379347,72,1801.16223,True,False,False,5.752167306862133,5.363428241804352
38.149682,50,1801.566308,True,False,False,4.694781333989088,4.051830184524843
25.943422,34,1801.828657,True,False,False,2.7290225954059637,1.9339974777641262
43.643792,58,1802.354424,True,False,False,6.489260954323227,5.187636295702324
26.195496,10,1802.445897,True,False,False,1.3532316973908523,1.5179589834491163
43.220565,58,1802.894369,True,False,False,6.4645811124520485,5.160633216641196
31.317092,31,1803.145257,True,False,False,2.8006751615223555,2.6400041887564205
29.10979,33,1803.434432,True,False,False,2.303375392254158,2.267316662662148
38.271646,51,1803.874953,True,False,False,5.373270888762923,4.2188883960743855
52.911658,67,1804.430943,True,False,False,7.829134947744261,7.009716467197317
48.180835,64,1805.029697,True,False,False,5.911712140486519,6.036012641260517
27.846644,22,1805.212135,True,False,False,1.7404414244674606,1.9162503348670772
31.999861,51,1805.599663,True,False,False,3.767845674828526,3.189193597784568
34.086802,46,1805.982015,True,False,False,3.671626404962002,3.2801538529707774
52.493779,95,1806.837242,True,False,False,7.515996879716137,6.9570620200444075
46.015665,51,1807.239891,True,False,False,6.1636679701176105,5.629298845412116
31.457814,46,1807.608843,True,False,False,4.202144381150526,2.9530522802149144
41.31735,57,1808.064545,True,False,False,5.073073078625609,4.681202288910604
36.421745,33,1808.317536,True,False,False,3.6873317786850324,3.713496897756087
39.095358,42,1808.654508,True,False,False,3.9578414026278086,4.043355247214703
28.513373,20,1808.859703,True,False,False,2.1068296924715764,2.065834977659839
27.748579,12,1808.99655,True,False,False,1.6943448017694824,1.8682461889246724
43.047873,58,1809.475436,True,False,False,5.685231272123672,5.106898341931352
37.976458,40,1809.78464,True,False,False,3.766268742144953,3.9258504375000545
35.738904,53,1810.221882,True,False,False,4.524334832494576,3.8085081821027407
35.606995,39,1810.545436,True,False,False,3.8659940512525375,3.495592511204532
27.223026,76,1811.302438,True,False,False,4.392569762156994,2.6195598920446024
37.816706,45,1811.667231,True,False,False,4.488755613470756,3.9741168541086993
33.294492,30,1811.898842,True,False,False,3.14746873789666,2.9889770435033096
35.795353,60,1812.410607,True,False,False,3.781734300105022,3.7290992038130955
38.758691,42,1812.816699,True,False,False,4.7722506815356045,4.144333698419001
33.017538,32,1813.103579,True,False,False,3.1646345485580563,2.9769508264932654
41.301053,77,1813.836184,True,False,False,5.76696424799875,5.063323612609814
40.826537,71,1814.422865,True,False,False,5.291068946822156,4.765646715113176
43.521694,98,1815.413639,True,False,False,6.614551334326397,5.920563286936131
30.146006,38,1815.795104,True,False,False,3.4820097075352616,2.5839034338950966
28.523074,26,1816.004359,True,False,False,2.005646132388617,2.2452473350907702
40.430652,49,1816.438656,True,False,False,5.54392196211481,4.595771622439384
29.43665,21,1816.614852,True,False,False,2.3305662518007932,2.35482678048838
44.494778,61,1817.076921,True,False,False,5.870032869779849,5.4481823551365505
31.192123,20,1817.23116,True,False,False,2.366691819149079,2.5536411698900507
44.086451,68,1817.808349,True,False,False,6.059688763808321,5.3888220789094
32.717781,30,1818.101295,True,False,False,2.784451239694985,2.8960524781912325
34.752938,59,1818.60285,True,False,False,4.5963167258953455,3.5162455273666557
31.854431,28,1818.823568,True,False,False,2.573477551983203,2.749319133015553
30.944207,21,1818.999964,True,False,False,2.443481846486469,2.4858123516513513
37.162553,46,1819.539735,True,False,False,4.550604224145996,3.867153283795815
29.736335,24,1819.796271,True,False,False,2.1509146116881777,2.2356984841110688
44.031665,52,1820.305485,True,False,False,5.044404938836393,5.132585781990127
36.139216,37,1820.603924,True,False,False,3.914153297460407,3.540551086474979
42.305242,48,1821.000472,True,False,False,4.729940153584578,4.792711277534971
38.336989,71,1821.549621,True,False,False,4.77488944045671,4.257961221688855
40.989228,34,1821.830776,True,False,False,4.71388528430065,4.436519232138598
33.868252,53,1822.318451,True,False,False,3.7415132357698635,3.3706127980126612
34.95374,71,1823.009077,True,False,False,5.807855650014888,3.825345479013026
42.600991,86,1823.812413,True,False,False,5.339935678858362,5.279562103683164
30.097969,55,1824.305303,True,False,False,4.359586387733517,2.8033784452878616
45.81969,68,1824.875372,True,False,False,5.686419176684838,5.612723399524028
30.075948,25,1825.05492,True,False,False,2.339833893684361,2.410060544502537
38.224658,53,1825.468316,True,False,False,4.487317454655385,4.171065538794889
41.855762,48,1825.897914,True,False,False,4.664843999408997,4.730282315086798
27.812238,25,1826.132538,True,False,False,1.7430047862962585,1.934193207999346
42.878924,61,1826.632839,True,False,False,5.601813420872513,5.069037355795669
26.712365,17,1826.838912,True,False,False,1.461587088842763,1.6792396762879587
30.735133,19,1827.106975,True,False,False,2.256554496681823,2.4513994835464876
28.729212,29,1827.47052,True,False,False,2.06041101429331,2.1008296385333933
43.627096,63,1828.298479,True,False,False,5.970790188468579,5.328512551873274
40.592057,47,1828.736274,True,False,False,4.421365374728726,4.440644566300956
26.579821,43,1829.143695,True,False,False,2.469503284310242,1.950312565918736
31.6479,37,1829.501241,True,False,False,2.66682088313081,2.747777279789167
45.960693,64,1830.030313,True,False,False,5.935685950081897,5.744954760874515
27.643108,17,1830.185249,True,False,False,1.7433046117810072,1.8587789145502072
43.320437,75,1830.909403,True,False,False,5.088576762298739,5.13849706538024
28.773807,21,1831.071159,True,False,False,1.9247230369910122,2.0392118619472663
43.323518,79,1831.807274,True,False,False,5.945600038534784,5.256132736625157
29.79692,22,1832.040895,True,False,False,2.3765643278885906,2.3043391238460753
24.830709,37,1832.338415,True,False,False,1.6724572333544154,1.5196475150605642
25.694287,17,1832.475588,True,False,False,1.3480743619388866,1.516958981005192
37.8616,60,1833.077461,True,False,False,5.69726261939206,4.282510194462799
25.896445,13,1833.202051,True,False,False,1.3959571600446656,1.5103131166403299
34.508539,71,1833.76087,True,False,False,4.604419097608726,3.653898413674458
41.987042,90,1834.509811,True,False,False,5.836659782091077,5.113499351343903
37.037979,62,1835.02896,True,False,False,4.237345900082263,4.011980764155568
32.263805,35,1835.40437,True,False,False,3.095499933483495,2.88467464663514
50.870442,78,1836.178121,True,False,False,7.490220207491343,6.680995519012538
35.491862,35,1836.437298,True,False,False,3.408187962864022,3.3639320529487455
32.76414,41,1836.802423,True,False,False,2.8900307309272737,3.0773874657420044
39.439742,46,1837.266912,True,False,False,4.632181744361202,4.270521290688267
26.786814,20,1837.427155,True,False,False,1.587890739591553,1.71491709229783
39.296376,57,1837.898197,True,False,False,4.3300949324872695,4.228023501723172
45.242644,46,1838.315374,True,False,False,5.814381436322617,5.583195352005534
38.858107,59,1838.814748,True,False,False,5.0805624596653916,4.513714010074331
46.552344,71,1839.449478,True,False,False,7.509499589073637,5.940216512975407
42.058399,51,1839.880069,True,False,False,5.160761584804862,4.762278607574028
40.36804,63,1840.423299,True,False,False,4.684939824883564,4.6152581530543175
27.232468,32,1840.688097,True,False,False,2.117636096256619,1.9244932766756238
34.971202,27,1841.575183,True,False,False,3.127027972414968,3.297491466057046
29.576897,22,1841.749163,True,False,False,2.045008113485855,2.2448504711247343
47.988257,65,1842.257474,True,False,False,6.299045364217884,6.054350448622568
31.520915,41,1842.593329,True,False,False,2.8775986081829754,2.8130358513403437
40.397764,55,1842.998353,True,False,False,5.728840213122308,4.7318854210911985
41.990394,89,1843.743974,True,False,False,6.91396232897055,5.235806394663149
27.007797,18,1843.897003,True,False,False,1.8101972193773912,1.7397052056103608
37.99476,50,1844.320001,True,False,False,4.491765577658324,4.071566380661588
31.166829,40,1844.641753,True,False,False,2.96551587154501,2.713179440221471
40.284746,65,1845.189673,True,False,False,5.437217971293421,4.957301360866772
47.600229,65,1845.793263,True,False,False,6.3190385158818305,5.926854173113207
40.236441,58,1846.248418,True,False,False,5.658972017897616,4.6161900074748345
28.922981,22,1846.436777,True,False,False,2.87450522566138,2.1679204052140006
34.938498,35,1846.7969,True,False,False,3.288793299465169,3.421577150051602
47.926855,68,1847.3451,True,False,False,6.1014334435495785,6.110907515384144
27.314408,26,1847.558413,True,False,False,1.7511658544212128,1.8804163718521205
37.240169,30,1847.895018,True,False,False,3.5674421220875976,3.707618635341688
30.167839,21,1848.190154,True,False,False,2.3134239454981746,2.3650802605859402
37.96359,49,1848.641042,True,False,False,4.983964758224531,4.104958439360343
33.621858,40,1848.959551,True,False,False,3.3128249563378653,3.1711914547807845
38.321859,75,1849.602366,True,False,False,5.174879930055202,4.34789869296345
47.469588,68,1850.231701,True,False,False,6.77511404940336,6.061774605734284
34.61284,31,1850.489493,True,False,False,3.014036746115177,3.186651388773229
39.322761,65,1851.04256,True,False,False,4.853438654418561,4.436240067562998
30.653716,27,1851.240085,True,False,False,2.4990954558385154,2.41412311405416
38.839741,56,1851.692593,True,False,False,4.8433293834891185,4.278788462523894
28.677151,32,1851.994602,True,False,False,2.20234252480172,2.1660561457025764
26.502636,19,1852.16476,True,False,False,1.543737302823741,1.6758356368690508
46.517502,98,1853.17063,True,False,False,6.273832318223804,6.062482266769501
26.708782,35,1853.430377,True,False,False,1.8722323630085052,1.8294158600841555
38.016636,46,1853.782524,True,False,False,4.837370432729408,4.11475882351716
26.324165,13,1853.918687,True,False,False,1.519965545902274,1.5709612251238354
27.5674,34,1854.1872,True,False,False,2.147008912837283,1.9782351195530465
45.042145,72,1854.826857,True,False,False,5.7920879862549635,5.558569847932769
36.948548,36,1855.135574,True,False,False,4.38300644641523,3.747219285437324
34.456294,40,1855.545316,True,False,False,3.2923974375503238,3.318229323635698
32.636579,45,1855.9283,True,False,False,3.2809763738891298,3.08892732260111
45.965384,69,1856.465931,True,False,False,6.344649999031151,5.720345310268759
32.0096,43,1856.894778,True,False,False,2.5994756043584397,2.83832417931664
28.600915,23,1857.083346,True,False,False,1.9435361736120536,2.0724511012635713
32.947297,47,1857.426866,True,False,False,3.2888524863884103,3.0862617660767655
30.585052,30,1857.701067,True,False,False,2.377511827375739,2.5082136365214183
33.481223,32,1857.940089,True,False,False,2.767478773178023,2.950107266766272
37.977376,30,1858.221882,True,False,False,4.008431936421779,3.934101215528979
30.825793,29,1858.552798,True,False,False,3.1429964112790967,2.569405023129567
41.645949,71,1859.208473,True,False,False,5.2241544323605495,4.986405255962017
37.267738,76,1859.840066,True,False,False,5.490380290330012,4.166388572043722
26.646329,13,1859.953578,True,False,False,1.4353129183145443,1.6358272347881457
26.927952,20,1860.103811,True,False,False,1.8628199749391599,1.7829805363648064
45.749348,67,1860.646137,True,False,False,6.427183806179949,5.743430593496967
35.940637,42,1860.976028,True,False,False,3.6726762027775033,3.545250839969911
36.415299,31,1861.240895,True,False,False,3.988643393215429,3.5852831834307612
46.310791,92,1861.980978,True,False,False,6.280177495259275,5.8856268359159625
39.19031,42,1862.306102,True,False,False,4.349533268663983,4.269683769236669
33.337383,39,1862.602809,True,False,False,3.140672569657077,3.094638301662371
27.771066,21,1862.786757,True,False,False,1.9594984360488343,1.8955663732148136
42.065667,58,1863.321579,True,False,False,5.755954196067604,4.991160456147014
28.585497,42,1863.657051,True,False,False,2.213442983025831,2.2198286543308634
34.571413,39,1863.952738,True,False,False,3.419911315165385,3.335584249595905
34.192714,49,1864.374917,True,False,False,3.519049320681649,3.38046200542792
43.889716,48,1864.771873,True,False,False,5.439003839717149,5.157630786649534
31.327536,42,1865.104255,True,False,False,3.8996118613051793,2.9695492683204514
29.422998,43,1865.516798,True,False,False,2.3188206010732757,2.4042361164384523
29.494838,42,1865.888023,True,False,False,3.630334350412317,2.7105251398107395
38.547092,43,1866.245931,True,False,False,4.20219959977992,4.108114884308759
40.700453,66,1866.756526,True,False,False,4.813000142158096,4.662223763497851
41.907546,58,1867.20667,True,False,False,4.546998377826803,4.742836202808408
46.419911,69,1867.8262,True,False,False,6.36377359606561,5.98802244607227
33.965464,51,1868.217506,True,False,False,3.8982561594221243,3.388529448338347
44.342325,52,1868.621136,True,False,False,6.000171958544802,5.3832271060319785
26.519207,19,1868.758401,True,False,False,2.0056701758780213,1.804625107121421
28.803481,26,1869.013594,True,False,False,2.3518436097847903,2.182973756526052
33.370394,37,1869.339397,True,False,False,3.4516383028614124,3.1739396784003615
35.072067,48,1869.766272,True,False,False,4.736181290300685,3.61542747505362
42.459177,52,1870.287799,True,False,False,5.499832712590901,4.964104124788636
30.631726,33,1870.583643,True,False,False,2.437878727260388,2.5807473363927995
35.020665,30,1870.818199,True,False,False,3.2441477237045153,3.2597077159168033
29.785311,34,1871.08956,True,False,False,2.697365414095643,2.3510126172405714
50.382738,56,1871.521221,True,False,False,6.751740642121272,6.427337329757819
29.302598,34,1871.857903,True,False,False,2.919039658808904,2.3881026277779887
40.997607,80,1872.546483,True,False,False,5.608305394261707,4.862989485508917
36.045415,62,1873.115142,True,False,False,3.7994183941969704,3.7550400770249195
31.596333,28,1873.362152,True,False,False,2.687586741735366,2.738187705960301
45.71182,55,1873.809499,True,False,False,5.707790557241867,5.67212406498803
37.618204,42,1874.179919,True,False,False,4.362021164857739,3.9797448569842504
28.70251,23,1874.344707,True,False,False,2.0735953243751455,2.0957682259706854
28.900231,43,1874.809513,True,False,False,2.819492492464287,2.5857476436346536
45.919231,47,1875.196954,True,False,False,5.650175057506446,5.47281960903478
34.479939,43,1875.548205,True,False,False,3.1716972027663077,3.2955959063323945
29.926438,27,1875.767274,True,False,False,2.704636142143333,2.3624779011834844
46.746645,92,1876.56517,True,False,False,6.897621318519213,6.048786449344129
28.07269,30,1876.808264,True,False,False,1.9057543783545707,2.038913360542434
36.395995,37,1877.103286,True,False,False,3.9658652877984917,3.6316544052141633
30.741678,28,1877.318558,True,False,False,2.6521430862352315,2.620764106869154
27.482465,22,1877.488501,True,False,False,1.8026307060872746,1.9167788664177319
37.868923,68,1878.074946,True,False,False,5.394493451008861,4.30745000473056
40.817064,64,1878.676803,True,False,False,4.74194843422218,4.6544539570434855
47.752979,93,1879.416719,True,False,False,6.421112592091219,6.315124619227216
36.907693,44,1879.774671,True,False,False,3.751672110657495,3.828902687714885
41.300137,63,1880.311817,True,False,False,5.199614638951597,4.960769577799072
37.839169,37,1880.655785,True,False,False,3.9571302656434875,3.9644409764651187
35.740221,27,1880.939109,True,False,False,3.8832474132086507,3.4673686614932087
31.891815,39,1881.257523,True,False,False,3.4641422258090477,2.876430036567709
34.183695,28,1881.474756,True,False,False,2.9881477893457844,3.2027915773735995
47.29454,63,1881.94663,True,False,False,7.386759660725639,6.079855715112314
30.11545,27,1882.152019,True,False,False,2.5057707455476064,2.3568290966776657
49.469396,91,1882.943796,True,False,False,7.228521064687921,6.461678276166703
38.434554,36,1883.231601,True,False,False,4.088766166389153,3.9585343472672125
35.330831,32,1883.467451,True,False,False,3.3805158106663655,3.4156833143005576
29.762386,23,1883.724658,True,False,False,2.1384781047912207,2.317947539828318
43.940634,51,1884.112562,True,False,False,5.225275910750786,5.0725939705048635
26.944165,23,1884.27653,True,False,False,1.9518199423301812,1.7741475292720534
29.594709,30,1884.497809,True,False,False,2.6813508833802806,2.421963484878626
28.358878,26,1884.711939,True,False,False,1.9336179952825743,2.056292804036486
26.941275,20,1884.926931,True,False,False,1.6129320382410341,1.7393102649997156
36.720521,59,1885.50089,True,False,False,4.107569198114607,3.8952541346860974
33.931565,46,1885.879352,True,False,False,3.5824323977194283,3.3133931157580645
43.265494,58,1886.32767,True,False,False,5.435582840392177,5.244109701581646
40.247553,45,1886.865029,True,False,False,4.834146755417953,4.452490030066165
35.81578,33,1887.186558,True,False,False,3.733378427006452,3.5046956249217627
29.148517,22,1887.358651,True,False,False,1.9603456207864036,2.170790803459976
34.31355,37,1887.627546,True,False,False,4.1139312286505545,3.3049575797139132
48.797962,75,1888.194726,True,False,False,8.2110725745484,6.458710359855779
40.098517,70,1888.802946,True,False,False,6.033918525239782,4.72780810246029
37.910341,36,1889.161649,True,False,False,4.134731054760925,3.895508770958614
31.36463,33,1889.443812,True,False,False,3.1274218515204897,2.7006952226498337
27.174345,51,1889.886311,True,False,False,3.335177344992783,2.1080471727814105
27.480711,29,1890.118334,True,False,False,1.9384338993063817,1.9969643959363623
36.623847,53,1890.603305,True,False,False,3.926964684042556,3.8217957331412196
36.990673,72,1891.161362,True,False,False,4.637283230487851,4.060700186013762
38.744107,52,1891.702271,True,False,False,4.40787704878619,4.25596519959167
39.463992,44,1892.068101,True,False,False,4.673346414182083,4.321965357934446
33.962647,37,1892.345307,True,False,False,3.3943221002907342,3.1924429129525467
35.252747,31,1892.60121,True,False,False,3.3209946207215517,3.384921846861897
42.200327,55,1893.043667,True,False,False,5.4895085901628375,5.008937364679683
28.591992,27,1893.271339,True,False,False,2.555431060858786,2.1722434734007185
34.11893,61,1893.823198,True,False,False,4.438476022298644,3.5000452672669398
34.757033,40,1894.143067,True,False,False,3.7440727359593793,3.3064148795516233
31.567224,41,1894.498726,True,False,False,2.751174062369262,2.6993779383190577
-4.48674,62,1894.996593,False,True,False,5.645436771331873,6.707740093828048
39.519429,40,1895.355419,True,False,False,4.496283295839027,4.251673365734862
33.824205,43,1895.70292,True,False,False,3.0929894400878726,3.198893288375438
54.094654,68,1896.301686,True,False,False,8.278705674003056,7.243877809335992
-15.766912,47,1896.690437,False,True,False,2.2577221884597534,2.054316958580316
48.259532,56,1897.124192,True,False,False,6.629521066859581,6.099284126982108
39.056522,48,1897.545046,True,False,False,4.609995353678781,4.244166102416218
31.677152,39,1897.923102,True,False,False,2.8328433565186684,2.7360123872279574
29.169721,28,1898.212954,True,False,False,2.2844300481412962,2.397895029674566
35.268638,41,1898.554649,True,False,False,3.6861923362396167,3.4839359768989873
33.56745,30,1898.796585,True,False,False,3.0553686023390956,3.062289366831815
43.093871,51,1899.175164,True,False,False,5.167201804423693,5.00151584469439
27.161528,39,1899.561191,True,False,False,2.922464310612546,1.9942366380300112
39.095159,59,1900.063023,True,False,False,4.526090625508435,4.5226470355013
31.494228,33,1900.387133,True,False,False,2.7128032792941528,2.781086097734328
46.092666,83,1901.057158,True,False,False,6.456255134858183,5.7316506518865165
25.788511,23,1901.262417,True,False,False,1.417227524152613,1.5514521628151057
40.172287,52,1901.749056,True,False,False,4.831350374080629,4.361604492688029
36.349543,57,1902.218148,True,False,False,6.258023202613285,3.9040781305535566
33.552432,33,1902.572241,True,False,False,2.9943969333103393,3.01855077573785
48.384255,63,1903.053371,True,False,False,6.32625393486788,6.0781660582538555
44.903317,44,1903.401901,True,False,False,6.18251446148139,5.360446934925099
35.62522,32,1903.65089,True,False,False,3.737635882632275,3.4979721606966274
27.089034,12,1903.743922,True,False,False,1.5448870885644732,1.6925120048228781
27.268884,17,1903.88415,True,False,False,1.7020053110931812,1.8069052196721131
47.32789,72,1904.486252,True,False,False,7.736513799906119,6.072146107439436
33.777785,27,1904.748395,True,False,False,2.8838909781632927,3.0302001148443813
49.986172,79,1905.386962,True,False,False,7.167899120895062,6.429644515473144
39.574486,59,1905.840433,True,False,False,4.30437103732024,4.402156818984054
39.371908,47,1906.238995,True,False,False,5.1332337671263835,4.2956333155253805
35.171209,81,1906.925035,True,False,False,5.161723542758597,3.934397269790704
27.341702,21,1907.092795,True,False,False,1.651410148012144,1.811908755980826
39.715303,77,1907.684095,True,False,False,5.475557733773928,4.60143846736853
30.319942,39,1908.01809,True,False,False,2.7288448462922186,2.494691268716069
38.611297,39,1908.311863,True,False,False,3.9332929804043797,3.930540876205697
44.224319,51,1908.740615,True,False,False,6.062807969941383,5.201764477317803
29.962536,19,1908.92467,True,False,False,2.280072928373447,2.3255105008002435
38.072523,50,1909.348282,True,False,False,4.425157021711305,4.03076684096397
31.018149,47,1909.744507,True,False,False,2.671614560279186,2.707326614897655
38.783748,69,1910.377383,True,False,False,5.058745454933727,4.294088867313092
32.184762,30,1910.642953,True,False,False,2.7824241040225375,2.8700499271711233
34.105098,35,1910.965072,True,False,False,3.675571285423124,3.1720582478768358
36.600334,59,1911.480059,True,False,False,4.096607239775143,3.835169499112089
46.459022,75,1912.075834,True,False,False,6.455062215242942,5.7822965134535504
27.858959,20,1912.263019,True,False,False,2.1507364895783385,1.97456118164829
31.216115,32,1912.522402,True,False,False,3.177506947914777,2.7271229327710267
45.082062,49,1912.891284,True,False,False,5.494779016291095,5.312481203755886
37.783827,46,1913.306918,True,False,False,3.7314221042942037,3.8979567241228668
32.518861,35,1913.598345,True,False,False,2.8882957185080858,2.861243040919026
36.857609,64,1914.09948,True,False,False,4.660708067505488,4.045207730155255
28.989101,33,1914.35976,True,False,False,2.9829044048338424,2.2813018430077125
26.621485,27,1914.595305,True,False,False,1.6719462267200536,1.7425229660111423
27.193485,50,1915.049145,True,False,False,3.0794943599523186,2.066182519766082
44.258894,73,1915.682353,True,False,False,6.517821314549261,5.54882181623277
44.829129,46,1916.070472,True,False,False,5.79488312861656,5.33242121792064
44.00082,70,1916.652093,True,False,False,6.647960172640941,5.536635958075426
25.46083,35,1916.975599,True,False,False,1.9567933169470082,1.602572020003783
40.804398,72,1917.672553,True,False,False,4.8905096305725415,4.7360168966294305
31.159788,34,1917.992764,True,False,False,2.796386075533665,2.603128803152045
32.696681,48,1918.400079,True,False,False,3.3129448770598184,3.2411294681587717
28.771948,33,1918.664661,True,False,False,2.740715839363188,2.2365938063243767
43.523641,60,1919.135372,True,False,False,5.112714460643861,5.16048068731722
39.148681,64,1919.684841,True,False,False,4.877536735805867,4.347885994537569
51.811656,60,1920.187704,True,False,False,7.293907136873875,6.626227359975092
39.511851,63,1920.695807,True,False,False,5.669977211881965,4.560782808165163
27.893982,15,1920.804493,True,False,False,1.6334290681990749,1.8477276040398967
34.271146,43,1921.159995,True,False,False,3.3922594095514365,3.303506453107756
37.879865,59,1921.614908,True,False,False,4.099174734946684,3.989695854868937
32.146046,52,1922.177428,True,False,False,2.790092096418899,2.9612939099478917
37.369584,59,1922.752694,True,False,False,4.823033601348741,4.063401129518503
42.820818,47,1923.14472,True,False,False,4.974033610982795,4.967876886168106
44.960272,101,1924.040578,True,False,False,7.093395827547355,5.7880264302326525
29.13717,18,1924.214663,True,False,False,1.9638984044852656,2.0686288287644934
46.906918,57,1924.752588,True,False,False,6.260000218602802,5.843916304146599
54.817187,66,1925.320137,True,False,False,8.462473935512797,7.401052876985691
32.770284,26,1925.549877,True,False,False,2.902972774963149,2.9618276858625516
36.779224,45,1926.025643,True,False,False,3.8695595910369214,3.7884505614686854
41.978951,56,1926.494534,True,False,False,5.9836123431472235,4.874722745993536
40.717902,75,1927.715397,True,False,False,4.762439871640253,4.809103317476
33.667793,37,1928.021313,True,False,False,3.4887876689422272,3.2276647061834485
29.778091,33,1928.280798,True,False,False,2.2868165586802722,2.3404138142287425
44.452005,94,1929.101816,True,False,False,6.0632029191380985,5.591860946500139
45.703242,41,1929.425229,True,False,False,5.858512606829635,5.421926440185185
40.604702,55,1929.853947,True,False,False,4.9521903235515286,4.795406912327164
40.613621,62,1930.337911,True,False,False,4.554723584977934,4.633456914581305
-16.914538,20,1930.507607,False,True,False,1.8344057056775207,1.54417243953457
35.457175,53,1931.048723,True,False,False,4.059420415968373,3.5842904246257326
33.496158,31,1931.288573,True,False,False,2.9643902813946124,3.069312513061449
46.413443,77,1931.912727,True,False,False,5.886733554531619,5.695320442183727
36.365861,31,1932.193723,True,False,False,3.558349360469826,3.611725448040124
30.9415,28,1932.406516,True,False,False,2.6221693902109102,2.531395476919404
42.248696,77,1933.133002,True,False,False,5.115700237459819,5.048059121767216
31.352275,41,1933.476955,True,False,False,2.885998596951612,2.7652672440564046
34.536733,35,1933.761843,True,False,False,3.368986905290998,3.313414301187194
36.89236,42,1934.076909,True,False,False,4.831014282915651,4.007500293390931
34.354182,42,1934.390338,True,False,False,3.526068486566743,3.3422293727070755
-12.656534,50,1934.923676,False,True,False,2.7439842381920303,2.7143997045258885
35.579577,38,1935.29975,True,False,False,3.480547871637366,3.4940564041125266
30.215391,23,1935.466662,True,False,False,2.349004337915569,2.4123973609841936
54.01919,110,1936.344757,True,False,False,8.086759651257417,7.364599068959401
44.714803,60,1936.812582,True,False,False,6.958933670325793,5.721757613658259
41.233938,50,1937.272152,True,False,False,5.792845694405326,4.737359458754173
33.042801,52,1937.760849,True,False,False,3.0801699783995655,3.1204393034505307
27.675267,31,1938.053749,True,False,False,2.263995863702631,2.001612916717793
39.725527,48,1938.475113,True,False,False,4.804971175508943,4.418877772602105
31.207944,33,1938.774065,True,False,False,2.678075291913288,2.6084001064716524
30.239622,36,1939.132203,True,False,False,2.5379842318174743,2.5060169872941627
39.425259,69,1939.78026,True,False,False,6.032876498368798,4.561433098115639
27.47791,17,1939.941203,True,False,False,1.5333352903105189,1.7607409027176737
28.384895,34,1940.242321,True,False,False,2.217520322723231,2.1270474814009024
30.638159,15,1940.359793,True,False,False,2.1894614519349456,2.3517541020193256
36.657456,42,1940.73546,True,False,False,3.7215449336735773,3.760595132924209
39.65027,65,1941.226536,True,False,False,5.294029975664545,4.553764731047675
51.472108,91,1941.992788,True,False,False,10.000178081659634,7.083345145913577
35.835917,34,1942.276133,True,False,False,3.477231382020077,3.55608754247586
46.309923,54,1942.748689,True,False,False,6.1034310133472305,5.774014480296403
45.168104,62,1943.232713,True,False,False,7.17152041699849,5.816924237477173
31.492817,31,1943.466852,True,False,False,2.5437954353487586,2.7019764320927857
35.63642,41,1943.848165,True,False,False,3.4574846185407533,3.475596787829104
27.242308,35,1944.133844,True,False,False,2.583397775280251,1.9224869285895698
33.637735,52,1944.535777,True,False,False,5.327855677121357,3.3237506312382803
36.827831,34,1944.820555,True,False,False,3.7506119044841957,3.657528645080578
41.917075,78,1945.454509,True,False,False,5.46403348842226,5.02145102121481
41.186859,59,1945.93223,True,False,False,4.792502133919282,4.632830360176663
48.771241,84,1946.637837,True,False,False,7.128648361649643,6.3906127779775845
29.791988,31,1946.910253,True,False,False,2.2595601894908026,2.3419615761371597
25.599204,32,1947.223911,True,False,False,2.4311949538625957,1.680914847445116
41.436568,77,1947.859299,True,False,False,5.621848276101444,5.005313771050018
28.249002,33,1948.149186,True,False,False,2.4884495152676402,2.1358178728983677
28.036839,34,1948.447945,True,False,False,1.9406613950034433,2.06697066875648
-17.618428,18,1948.604122,False,True,False,1.3285788455180494,2.0254226636298496
32.506813,28,1948.854145,True,False,False,2.7670517462326836,2.822412469167512
-5.251314,58,1949.320426,False,True,False,4.4590463862208765,5.468261986106216
-7.823091,50,1949.736115,False,True,False,4.374647888638991,4.6384304794927225
42.593269,73,1950.348092,True,False,False,4.901530084842742,4.9806583121773835
26.544639,21,1950.535302,True,False,False,1.6134858885871914,1.7024751769034956
32.495772,55,1950.97309,True,False,False,3.81439163802899,3.0119868049448577
39.289708,73,1951.546085,True,False,False,4.891199884754337,4.6470113185042194
40.415241,43,1951.894951,True,False,False,4.802032420463696,4.456396162536578
35.221299,42,1952.229681,True,False,False,4.008065080971257,3.661854334061925
36.299211,44,1952.694124,True,False,False,3.618915890352847,3.66590961234571
29.081663,33,1952.944241,True,False,False,2.3985069642383507,2.2249574413622164
33.741182,43,1953.290212,True,False,False,3.814681450277102,3.1412882403264275
45.120169,65,1953.797986,True,False,False,5.452446184609778,5.461880813870261
30.457219,37,1954.105518,True,False,False,2.6747057396435214,2.558097814718494
32.578412,35,1954.377836,True,False,False,2.918399912190003,2.921853185172932
30.044467,67,1955.01716,True,False,False,5.176245516019652,2.9774606781017092
44.486507,77,1955.67176,True,False,False,6.025156968869874,5.524786167746504
35.120636,40,1955.985925,True,False,False,3.4905098500504104,3.3911916032189007
44.284536,71,1956.569674,True,False,False,5.427062733378251,5.325978255601809
36.232084,33,1956.858616,True,False,False,3.747744296543386,3.6383343429703907
32.203109,71,1957.46882,True,False,False,4.039564624147026,3.338881395161322
47.955949,61,1957.932663,True,False,False,6.33266902831756,6.100806058975163
34.465185,49,1958.3794,True,False,False,3.818358641329276,3.409622920938803
38.897976,46,1958.84677,True,False,False,5.1359368382161685,4.217760022743073
42.165534,33,1959.157365,True,False,False,5.041497882173619,4.71012711301031
31.320183,48,1959.644364,True,False,False,3.4885472730319016,2.8131470178976437
34.464149,48,1960.036847,True,False,False,5.277352639387515,3.4382507109283
42.427874,43,1960.388117,True,False,False,5.122594212633335,4.8136969489827734
40.465677,64,1960.90517,True,False,False,5.071479099836488,4.63500394289989
29.146545,31,1961.180537,True,False,False,2.2508729002556915,2.235593138823703
30.392706,42,1961.553819,True,False,False,2.486848482034906,2.5140253543917495
43.07766,77,1962.170808,True,False,False,6.120111931138862,5.189398177208327
37.969404,37,1962.446193,True,False,False,4.275856118001689,3.9181867080869406
36.43551,53,1962.878479,True,False,False,5.178746641719017,4.03544361258299
39.154429,55,1963.324118,True,False,False,4.275868832745853,4.246953899856946
40.405192,53,1963.772312,True,False,False,5.27902705537119,4.5841106998965335
53.746479,82,1964.423384,True,False,False,7.799585369475784,7.342474322577666
44.014626,57,1964.898253,True,False,False,5.306288956092896,5.314935087852295
33.29404,33,1965.158214,True,False,False,3.3069946497884914,3.121802152160429
37.699361,55,1965.68426,True,False,False,4.206147741794273,4.009742769483398
41.368106,38,1965.969229,True,False,False,4.466973778393676,4.615650748876547
30.533484,36,1966.273266,True,False,False,2.590079051304164,2.5266639177440116
35.626562,52,1966.704692,True,False,False,3.696294154483692,3.7203078636865037
31.632457,39,1967.032094,True,False,False,3.055005770837821,2.963891937704096
47.592619,65,1967.523843,True,False,False,6.540748777550941,6.00301762036767
36.903415,38,1967.87615,True,False,False,4.204417011404459,3.9032703391142136
29.651341,21,1968.057963,True,False,False,2.1508345083013247,2.238501569219096
31.716234,46,1968.443223,True,False,False,3.0336737165416023,2.8279079313694373
45.581868,63,1968.925259,True,False,False,5.586242921141908,5.492448635840233
26.135679,25,1969.136468,True,False,False,1.844898646715989,1.6580288188548342
43.062519,46,1969.498737,True,False,False,5.213677918427273,4.932314930296015
43.411653,83,1970.233816,True,False,False,5.948299779369328,5.602406047623881
29.055235,40,1970.53878,True,False,False,3.7252091258374085,2.514355990654809
32.794833,41,1970.951121,True,False,False,3.499392725455704,3.1391867581606014
35.144234,39,1971.306564,True,False,False,3.535843929815395,3.390150385660683
41.194038,56,1971.740489,True,False,False,4.936373143828678,4.633313467147471
30.529544,28,1972.009648,True,False,False,2.8924198763901106,2.4837941629685893
36.590209,41,1972.433254,True,False,False,3.5860504617396125,3.620437251745856
37.073683,64,1972.913438,True,False,False,4.764635289760539,4.039693925912242
29.307892,26,1973.117015,True,False,False,2.0969968293007604,2.220959656400337
27.610645,84,1973.804138,True,False,False,3.7955337096983244,3.2882344589649186
-10.145136,80,1974.485092,False,True,False,5.301068201973458,3.5384043141450436
46.310096,85,1975.151201,True,False,False,7.017725517057454,5.995962505726033
35.43905,44,1975.490393,True,False,False,4.172895926903863,3.532660981257741
39.395557,91,1976.211327,True,False,False,6.0870005337586575,4.8085398008248
33.885372,47,1976.660477,True,False,False,4.8774427170582415,3.3478968649201155
42.987171,91,1977.400269,True,False,False,5.543428462819379,5.460979969086746
41.335776,65,1977.894293,True,False,False,5.065331929101091,4.753875245687385
34.419836,28,1978.141425,True,False,False,3.035641467355433,3.1520997161827706
44.282841,73,1978.832348,True,False,False,5.826598290099858,5.293500967718014
27.181182,21,1978.990292,True,False,False,2.375525128110357,1.872139951128944
45.24629,78,1979.646918,True,False,False,6.639693359175228,5.682707473734916
33.411433,30,1979.885954,True,False,False,3.551675396146466,3.077724813404675
42.141909,62,1980.414348,True,False,False,5.964234027575022,4.9802115712491934
37.966845,49,1980.87965,True,False,False,5.004675513849729,4.146646809115422
36.446823,35,1981.155923,True,False,False,4.432300183140328,3.6351672359285967
24.392865,50,1981.593453,True,False,False,3.6507618281225733,1.923224605367088
40.38137,65,1982.1715,True,False,False,5.66029995643384,4.741278204414534
44.885302,52,1982.619717,True,False,False,5.89675284254631,5.311562568543073
37.101729,41,1983.013726,True,False,False,5.08294983827954,3.881686981752817
49.354276,86,1983.713009,True,False,False,7.118075624539912,6.696242369680764
32.304787,31,1983.993628,True,False,False,3.0843156202003366,2.8738532373306964
36.929843,60,1984.542862,True,False,False,5.532953118265604,4.0596974531864864
31.556039,39,1984.886299,True,False,False,2.7061227044379357,2.8314285646755266
47.649397,90,1985.758203,True,False,False,6.814704338026857,6.241334381063094
55.614148,81,1986.422113,True,False,False,8.406729238266436,7.608444030664275
27.258185,32,1986.690647,True,False,False,1.963216058476677,1.9461695091742635
33.012331,51,1987.120561,True,False,False,3.0327122238012016,3.1281114137784587
28.924618,30,1987.379571,True,False,False,2.037105067866216,2.1862781404609506
36.604879,30,1987.641253,True,False,False,3.403979567342946,3.551015555047251
33.986596,41,1987.983762,True,False,False,3.348553636799004,3.266934118628615
33.857181,49,1988.396841,True,False,False,3.1443642931316105,3.1868807675942743
48.490344,72,1988.975555,True,False,False,8.854054260474323,6.364194340012021
42.704754,68,1989.651956,True,False,False,5.694185723380464,5.156690802143211
36.360284,49,1990.122503,True,False,False,4.110226160173014,3.7624492377445
50.872717,71,1990.661273,True,False,False,7.049574949335882,6.562434796785644
27.526949,26,1990.863132,True,False,False,1.790989674814313,1.9130359118347904
36.776209,39,1991.186621,True,False,False,3.7290437500675835,3.7137198116657184
43.296571,57,1991.707581,True,False,False,5.558615622279615,5.203690950861279
31.139627,25,1991.909037,True,False,False,2.460122190778546,2.5534890694271706
29.48192,43,1992.241712,True,False,False,3.8548716445793,2.6164750416214253
32.38525,39,1992.568913,True,False,False,2.9910351071334986,2.9303934919784345
37.11968,51,1992.974369,True,False,False,3.9078282064727907,3.954462985249904
37.578273,42,1993.315732,True,False,False,4.040142754262631,3.8156564349571305
28.274401,20,1993.474469,True,False,False,1.8641960946416365,1.9877549112896333
45.99865,74,1994.188365,True,False,False,6.715001123346804,5.8533736036197
44.257937,53,1994.609082,True,False,False,5.890633501731983,5.358832184049574
31.957865,28,1994.86263,True,False,False,2.7459843263800106,2.729795505711606
47.471723,71,1995.448699,True,False,False,6.7573045225195045,6.123141361399364
36.825436,42,1995.829049,True,False,False,3.80363750105664,3.7648628579572776
30.414045,24,1996.053774,True,False,False,2.4551106017430744,2.3852478351747246
37.863757,57,1996.582489,True,False,False,5.60939069178745,4.191582486885987
43.56406,70,1997.215128,True,False,False,5.564210410942003,5.303416959761331
29.699427,24,1997.401829,True,False,False,2.31002831036673,2.2899141758068393
29.483036,20,1997.572299,True,False,False,2.0782202997084798,2.2247125912398737
48.469792,71,1998.218065,True,False,False,6.322019327017749,6.167761673377377
25.903098,22,1998.401287,True,False,False,1.408365405649838,1.588896868884131
34.124821,47,1998.785135,True,False,False,3.24073832340235,3.250112642476666
34.878845,40,1999.121948,True,False,False,3.87407606728599,3.483536082533345
30.740429,48,1999.518265,True,False,False,3.4365024641989566,2.6768217005681096
35.016553,43,1999.839222,True,False,False,3.5685259009800183,3.351710993475549
40.757802,75,2000.512947,True,False,False,4.887029118129051,4.733821746294063
4.001518,43,2000.877467,False,True,False,5.184994539173974,6.231156511496703
43.218725,38,2001.199258,True,False,False,4.899767022455591,4.916883915678021
35.438542,33,2001.459387,True,False,False,3.7201671852126306,3.4722884299408596
32.384702,23,2001.633915,True,False,False,2.7078544292423667,2.72516062058457
45.68336,54,2002.106584,True,False,False,6.765273725524865,5.565132248766608
38.773602,41,2002.497929,True,False,False,5.41999689088836,4.128225597421426
42.194851,57,2002.962594,True,False,False,5.324298785280773,4.871069308730997
34.359311,36,2003.248079,True,False,False,3.088386169436557,3.234717445772108
29.879494,42,2003.621427,True,False,False,2.7086514438296643,2.461445165226367
32.230084,35,2003.898033,True,False,False,2.751447470821927,2.858384975425999
49.456889,59,2004.348444,True,False,False,7.22496756457129,6.406397196656387
43.971785,61,2004.908237,True,False,False,5.334182024496347,5.26646337349862
25.768743,28,2005.148743,True,False,False,1.465193371573538,1.6344805622949607
27.850928,32,2005.398237,True,False,False,2.5586235400799846,1.9911301146363558
55.497654,91,2006.141051,True,False,False,9.092317347347299,7.747235720989234
36.312596,61,2006.634336,True,False,False,4.196284896873925,3.862007523658439
50.457252,59,2007.12183,True,False,False,7.191979117946879,6.606649729079683
26.649126,32,2007.3737,True,False,False,3.11724019000127,1.931264927462781
27.23162,18,2007.534054,True,False,False,1.65499185428889,1.7842590744784241
40.331553,76,2008.173228,True,False,False,5.456308761877095,4.684068972334475
29.173877,28,2008.394286,True,False,False,2.388182608574601,2.2138879864639227
42.009495,65,2008.958636,True,False,False,5.025907000450916,4.843678187935648
33.514237,54,2009.461858,True,False,False,3.985434555213577,3.4754039535413077
25.682102,17,2009.620224,True,False,False,1.2846864443787478,1.5130709001701887
26.816365,36,2009.91083,True,False,False,2.4513740754526605,2.1347509146373436
43.212556,56,2010.498296,True,False,False,4.706274176428966,4.87579775423152
39.44999,49,2010.929112,True,False,False,4.891688106728142,4.364779323122136
35.008144,32,2011.240976,True,False,False,3.1872918164618618,3.345444118865273
50.48415,78,2011.849386,True,False,False,7.582706756534891,6.703830873210981
30.948277,50,2012.279725,True,False,False,3.535926115119357,2.9635966725864717
42.802555,57,2013.27266,True,False,False,5.333596566504827,4.951062388169469
34.000508,41,2013.637379,True,False,False,3.297061641222114,3.216710709791434
37.53343,76,2014.245954,True,False,False,5.615328609492384,4.636696662688064
53.036781,74,2014.837098,True,False,False,7.5858755807486915,7.077455409719124
40.200898,50,2015.237459,True,False,False,5.380057225264868,4.501576990300899
42.201177,48,2015.671806,True,False,False,4.8330821423058135,4.822287848206971
30.821557,36,2015.999417,True,False,False,2.5881840907342593,2.6216031786286393
47.635533,60,2016.476525,True,False,False,6.145419500769962,5.973725961855706
39.334795,69,2017.012153,True,False,False,4.59105035457557,4.433439066994215
31.631666,48,2017.447928,True,False,False,3.66559973271047,2.8219127684400545
47.361814,66,2018.011972,True,False,False,7.141390716977913,6.056834927749648
37.748785,45,2018.369407,True,False,False,3.9489082763306187,3.9490798020423012
48.286199,55,2018.811072,True,False,False,6.320538295889983,6.103648631224762
37.866028,57,2019.273803,True,False,False,4.918401556730237,4.097720564067898
41.437832,49,2019.691746,True,False,False,4.877978174601807,4.713697526628583
40.029213,43,2020.133268,True,False,False,4.218434773505652,4.349377253339027
30.6802,69,2020.709669,True,False,False,3.943884496217817,2.911295761521231
29.602907,14,2020.879539,True,False,False,1.9568287146716794,2.189241137884654
31.732166,31,2021.204442,True,False,False,3.3749682731586637,2.7314969543222403
31.230769,55,2021.661841,True,False,False,3.973793956913693,3.0211628719499237
32.34742,40,2022.038844,True,False,False,3.500022014434058,2.939355698421537
47.103464,63,2022.603414,True,False,False,6.173448955535358,5.782657217732165
45.110551,90,2023.323668,True,False,False,6.253709063576446,5.650583110131453
32.760761,50,2023.894314,True,False,False,5.268453881506671,3.496715010104085
49.78743,73,2024.538107,True,False,False,6.475441263744906,6.427320890045769
32.906853,37,2024.842475,True,False,False,3.188654096568585,3.0271101143609975
34.392742,57,2025.27594,True,False,False,3.5609723100325854,3.424513808546177
33.386272,32,2025.544033,True,False,False,3.123204029103444,3.078467576168537
36.474933,73,2026.141881,True,False,False,5.0564422218988945,4.125617053227893
34.169718,39,2026.508033,True,False,False,3.74379669818408,3.2525708072956325
32.744298,47,2026.87109,True,False,False,3.2451929394148586,2.981386740979292
41.694312,66,2027.357794,True,False,False,5.219561350728218,4.863791980854415
31.385391,34,2027.636628,True,False,False,3.1900008256963033,2.7186222421034145
34.934717,37,2028.006332,True,False,False,3.495648179906112,3.4075332773119587
33.568219,40,2028.437091,True,False,False,3.1677379652172384,3.1527781632077607
52.560851,72,2029.031848,True,False,False,8.022240396640242,6.953055462566276
31.23293,19,2029.184598,True,False,False,2.377235846188915,2.5528578682286263
36.313391,39,2029.491778,True,False,False,3.5772689854906923,3.6359925182306108
42.715477,62,2029.972524,True,False,False,4.964318318131556,4.851381089001276
42.04412,40,2030.299838,True,False,False,4.768622269914144,4.679595476966645
39.055153,61,2030.881489,True,False,False,5.282396405741883,4.416650783444031
42.715154,53,2031.341806,True,False,False,5.597686584411175,5.024138138128041
32.66523,27,2031.559768,True,False,False,3.100044556261181,2.80505053884235
32.064679,32,2031.806494,True,False,False,2.66832628519267,2.775685526249369
33.366908,29,2032.037172,True,False,False,2.8038264935660147,2.954045285174568
28.278027,16,2032.161464,True,False,False,1.7559211021249803,1.8828629362761848
29.732816,36,2032.473179,True,False,False,2.170099800189764,2.361214503182331
41.808688,48,2032.932175,True,False,False,5.074216426915016,4.777167393726123
30.511735,27,2033.166129,True,False,False,2.2594747951771343,2.3979636639536808
34.768611,41,2033.498581,True,False,False,3.0479580112230784,3.3229752892761018
46.874754,66,2034.017567,True,False,False,6.653835292575812,5.885193324750924
41.191209,52,2034.426143,True,False,False,4.903391216831707,4.70464096267515
38.485592,41,2034.779291,True,False,False,4.704544021636288,4.103344024594463
45.72789,50,2035.259664,True,False,False,5.917494421333083,5.49490175635195
48.934109,76,2035.876198,True,False,False,6.684158436748881,6.3298505499136395
47.849738,94,2036.59746,True,False,False,6.589875220480142,6.2571479641965615
51.521448,64,2037.108041,True,False,False,6.805460875232435,6.537124853280823
41.050635,46,2037.476711,True,False,False,4.6030277921578255,4.602613768066721
32.109196,26,2037.674762,True,False,False,2.8524966764494994,2.773683219571368
45.861169,119,2038.625302,True,False,False,7.5145757989231,6.2721912029717934
41.975104,75,2039.256433,True,False,False,6.897878199302374,5.138669768726852
42.884893,53,2039.723999,True,False,False,5.380685072814808,5.01603174645349
34.489622,39,2040.084303,True,False,False,3.6257667815331414,3.3327915557735235
41.997008,39,2040.388125,True,False,False,4.68240074977657,4.649779112653628
27.2987,26,2040.588476,True,False,False,2.2789709018554687,2.075366684888274
28.451032,34,2040.88323,True,False,False,2.143219278484753,2.1375313576101376
36.939119,41,2041.261047,True,False,False,3.8834454338650035,3.7829040345723715
47.911211,71,2041.887499,True,False,False,6.06805647152965,5.993793858747946
29.38404,24,2042.066616,True,False,False,2.116144662994778,2.220915486199462
45.929853,57,2042.539119,True,False,False,6.159566856469272,5.647349569516351
44.658797,68,2043.073349,True,False,False,6.526297037447612,5.433988101997509
34.868687,38,2043.365676,True,False,False,3.608576237820784,3.353062256486145
39.112873,62,2043.980709,True,False,False,4.577936090153369,4.4579320741511
35.449466,94,2044.764945,True,False,False,6.833048007226491,4.204691744590934
35.175657,29,2044.989514,True,False,False,3.346133940417464,3.3996553095650515
26.136079,38,2045.319255,True,False,False,2.8771994913356127,2.081990599611168
44.806597,49,2045.754452,True,False,False,5.44215307822792,5.386009719659005
43.790129,54,2046.324065,True,False,False,6.261168088462967,5.2072395414187715
38.535185,34,2046.585215,True,False,False,3.925982222319978,4.015602713290633
47.788614,85,2047.38724,True,False,False,6.383624439382501,6.1238229380139835
36.259819,41,2047.736019,True,False,False,3.648525682827401,3.5817430193275466
41.224388,74,2048.407659,True,False,False,7.65565727110284,5.084957499618966
34.465415,37,2048.701163,True,False,False,3.2114729782431732,3.317961101656428
35.363703,57,2049.149072,True,False,False,5.046548789867265,3.664517143987865
37.811134,81,2049.772572,True,False,False,4.384776263509985,4.3220996997921795
29.563618,22,2049.956486,True,False,False,2.2949239592639823,2.268006642146189
34.067085,41,2050.358187,True,False,False,3.5569176816119774,3.2865157148103257
33.957808,39,2050.650745,True,False,False,3.0396812708127636,3.177480290415708
34.3976,47,2051.04738,True,False,False,3.9577895868233246,3.4616170049956034
29.466653,15,2051.153625,True,False,False,2.1203608486506655,2.1755479010499417
28.262835,37,2051.452131,True,False,False,2.1248158141960034,2.117065617096289
27.930794,17,2051.609941,True,False,False,1.814450305239007,1.8995317011211896
29.090658,32,2051.849642,True,False,False,2.0978630950280914,2.216776051227439
27.949785,24,2052.028531,True,False,False,1.9100691344220073,1.9453178785496232
34.296377,29,2052.356384,True,False,False,3.069681065847096,3.1840151603689195
40.099869,50,2052.80795,True,False,False,5.507601106781649,4.468650665748313
38.768277,41,2053.15546,True,False,False,4.440136970439066,4.135453129477828
31.266069,49,2053.555435,True,False,False,4.250299333652495,2.9381848827825987
34.179534,42,2053.902582,True,False,False,3.6502768730462343,3.3050142270213767
33.290806,41,2054.264441,True,False,False,3.187776033432478,3.029072326691407
37.235656,58,2054.840494,True,False,False,5.547694846566703,4.206149389013908
47.167769,76,2055.686433,True,False,False,6.3458989619580155,5.984287920478845
43.411005,62,2056.16266,True,False,False,4.972741668224027,5.045610628871468
28.115401,24,2056.350267,True,False,False,2.5771457718165767,2.000756945051199
30.571255,40,2056.700865,True,False,False,2.9269918721137183,2.5322782352866087
35.463053,33,2056.996586,True,False,False,4.168636313548506,3.4778793007204687
41.688606,60,2057.478464,True,False,False,5.095679890280852,4.848943988904846
35.790218,60,2057.94539,True,False,False,4.893800618564547,3.9297081622011136
40.710081,60,2058.406299,True,False,False,4.696691326085309,4.62690788844321
45.271618,67,2058.991602,True,False,False,5.5841704276109505,5.475934027369183
42.538575,67,2059.571003,True,False,False,5.679702318431711,5.134908986228466
31.745683,35,2059.879987,True,False,False,2.7125448936850445,2.6774934238937687
36.019529,42,2060.223785,True,False,False,4.359408636398414,3.596496712975021
36.287849,41,2060.576945,True,False,False,4.815821757344047,3.7465063709585964
25.92267,15,2060.688653,True,False,False,1.252189932212487,1.5029206614917412
45.797975,70,2061.331879,True,False,False,6.063593559958695,5.67629096256234
33.251865,44,2061.68185,True,False,False,3.1662773149454497,3.134902709523034
26.396561,17,2061.866063,True,False,False,1.547702753644124,1.596141916103208
27.174515,20,2062.120836,True,False,False,1.5845939522635568,1.7762654035088443
29.738859,49,2062.535566,True,False,False,3.8848281610189974,2.6792445498727706
28.684929,22,2062.757203,True,False,False,2.086780957527514,2.1189451183453905
30.608462,21,2062.952196,True,False,False,2.1939821571779907,2.3673670663981974
43.00729,44,2063.413327,True,False,False,5.058694712382752,4.972528661075905
29.324186,24,2063.592194,True,False,False,2.6856149828410336,2.2682273066116503
31.515008,25,2063.828781,True,False,False,2.802797145353487,2.6399421651108885
32.820242,45,2064.278871,True,False,False,3.7261153167653456,3.1690930729661484
31.381983,38,2064.571547,True,False,False,2.6564174287342937,2.7032127211747286
31.95059,25,2064.781168,True,False,False,2.6473674582953093,2.7705466932364216
27.694251,28,2065.067624,True,False,False,1.7956578500558522,1.9149350608039728
28.778135,29,2065.355829,True,False,False,2.2481506548961123,2.0885075558790374
41.389612,52,2065.748075,True,False,False,5.219956989885376,4.672710535041755
36.368367,33,2066.037801,True,False,False,3.650246057632032,3.5762738789811057
29.279026,31,2066.336946,True,False,False,2.4911228168618713,2.331836280167583
28.73616,39,2066.645791,True,False,False,2.7228200534272418,2.2944422667608753
34.98909,43,2066.995121,True,False,False,3.6164391631722292,3.497365438436534
30.171452,38,2067.311882,True,False,False,3.975076049295261,2.5753778505576888
27.035226,18,2067.528734,True,False,False,1.7736465313828438,1.758254422478734
37.39755,58,2068.019971,True,False,False,5.717889215894328,4.1394377404151514
34.603003,32,2068.264014,True,False,False,3.174457245724751,3.2161276934791023
37.310845,52,2068.727709,True,False,False,4.052593691258132,3.892753163214009
29.018955,75,2069.302078,True,False,False,4.0644114975412355,2.7581046695045437
39.597912,63,2069.897563,True,False,False,4.497057791106592,4.3891227955712715
26.501179,21,2070.108646,True,False,False,1.921071901109325,1.634488699852667
40.7364,74,2070.792521,True,False,False,5.8470983652130215,4.893440829754038
35.893262,42,2071.135906,True,False,False,3.644860788265877,3.549334465546455
42.890282,54,2071.562949,True,False,False,5.716926499465498,4.916422392650494
26.19812,14,2071.696906,True,False,False,1.4784135061298516,1.5505296087941003
41.554598,75,2072.55812,True,False,False,5.982396448118029,5.245439384135981
36.693067,58,2073.047342,True,False,False,5.07768188223864,4.2947401698699545
40.743409,69,2073.582046,True,False,False,4.759150751840246,4.638660132187908
44.109175,63,2074.181478,True,False,False,6.204186675288731,5.4122970610355035
46.988604,71,2074.753954,True,False,False,6.716912704103374,5.943486643754786
41.996334,91,2075.478108,True,False,False,5.812355450704796,5.189181394083455
42.145239,34,2075.752193,True,False,False,4.6909834577705825,4.69031964319628
32.894985,32,2076.008394,True,False,False,2.79602449370514,2.8592257320641727
36.734525,52,2076.56166,True,False,False,4.3301556110820085,3.9618368508375843
33.755481,32,2076.813873,True,False,False,2.855313491582146,2.992270686153682
44.367457,82,2077.514971,True,False,False,6.065130115136682,5.413762391527441
30.550975,27,2077.718803,True,False,False,2.4327967631744483,2.504481416209746
32.763024,58,2078.16892,True,False,False,3.0957542245843377,3.199116879645503
39.343515,50,2078.608526,True,False,False,4.8085532494520296,4.468517681726155
47.49942,59,2079.150726,True,False,False,7.211796911738261,5.952426521762188
32.072055,37,2079.41704,True,False,False,3.532789410972877,2.8550475574336507
31.644851,28,2079.633159,True,False,False,2.5202888701805923,2.685556396973723
30.822383,44,2079.993411,True,False,False,3.1079933957453214,2.662249980254476
33.113591,30,2080.31193,True,False,False,2.929284660416859,2.882800964445397
50.170688,70,2080.995256,True,False,False,7.283326775892432,6.443466860172467
38.399935,66,2081.643656,True,False,False,4.157072460215928,4.181977733445808
27.935567,26,2081.83548,True,False,False,1.893622740901848,1.968556519133014
33.26802,42,2082.159438,True,False,False,3.151704793718918,3.1709098664584943
45.413714,85,2082.910432,True,False,False,7.04576484032318,5.846485661971001
30.011016,31,2083.229397,True,False,False,2.6236815430103895,2.4086571141288573
38.580817,35,2083.502155,True,False,False,4.400162530553261,4.0154835540230085
35.933021,28,2083.723736,True,False,False,3.3819865924701373,3.5218150550688314
47.985208,59,2084.196486,True,False,False,6.154427764238053,5.901266048866549
27.612736,23,2084.454031,True,False,False,1.8653039875423347,1.8980293972705289
34.209584,38,2084.792188,True,False,False,3.241850980201782,3.153528481427833
26.190263,25,2085.014015,True,False,False,1.6030864635844944,1.5919418333695279
42.151363,36,2085.373577,True,False,False,4.997876773926725,4.733917105896125
47.172444,70,2086.036634,True,False,False,6.045235714610614,5.7637629807112285
38.263394,68,2086.762496,True,False,False,4.3391463050129415,4.224682412810272
42.988654,74,2087.441872,True,False,False,5.781529408771015,5.20362613039482
36.46552,33,2087.69581,True,False,False,3.6906311492188983,3.5745125279290755
28.449245,17,2087.81804,True,False,False,1.7481516590214083,1.9627426275278113
42.833633,44,2088.158031,True,False,False,5.478713735433502,4.801013909235049
29.261417,40,2088.457129,True,False,False,2.8512745537662365,2.344817619058207
47.535339,55,2088.96591,True,False,False,5.977218557718194,5.898694213896957
37.520555,37,2089.283261,True,False,False,3.9313310708125084,3.8559878768375113
27.855282,17,2089.480435,True,False,False,1.7143964218865706,1.8309250081444495
27.787985,29,2089.702714,True,False,False,2.2574117745178834,2.057993811570109
32.295708,37,2090.068416,True,False,False,3.080471453605337,2.875250276668665
48.96297,102,2090.877243,True,False,False,6.767124896562317,6.525465288947423
29.961533,35,2091.135876,True,False,False,2.703571889120999,2.4656072902150306
39.93745,38,2091.485386,True,False,False,4.368155715707549,4.414814197803308
39.439101,43,2091.945718,True,False,False,4.51278919919707,4.201779005150117
32.284812,27,2092.152963,True,False,False,3.1333649075784487,2.886451312327278
31.352291,32,2092.423011,True,False,False,3.193146233170413,2.670417533867032
32.883915,44,2092.78605,True,False,False,3.0811229385049765,3.055370938719756
29.693752,27,2093.024977,True,False,False,2.088640338037936,2.2693494147284112
41.347003,61,2093.553007,True,False,False,5.407154331452193,4.792543477225649
46.537139,68,2094.171993,True,False,False,7.347852617754555,5.900132802544501
41.427547,63,2094.693661,True,False,False,4.946799250256233,4.8362601189305385
49.91014,80,2095.3233,True,False,False,7.1713874012969,6.709587025957754
43.430232,65,2095.877849,True,False,False,7.169981205086451,5.206895118645255
43.873344,76,2096.489545,True,False,False,6.482479516439464,5.2624049340725225
39.05836,64,2097.067499,True,False,False,4.397376906627531,4.314824552591282
26.520027,30,2097.303089,True,False,False,1.9456944658455455,1.76384722795923
39.805425,56,2097.785724,True,False,False,4.925937506672223,4.474590138525744
34.919017,43,2098.253564,True,False,False,3.423623734742417,3.511749058779501
41.041993,59,2098.748147,True,False,False,5.121061991572948,4.787590058708155
28.110048,37,2099.05772,True,False,False,2.4273555762284333,2.162144058612615
43.051481,54,2100.105954,True,False,False,5.677555507430423,5.024181972443826
30.610188,22,2100.324661,True,False,False,2.4248996921767607,2.437191925732494
40.027377,51,2100.715823,True,False,False,4.573917287052459,4.502986199010156
51.149692,83,2101.390497,True,False,False,8.27035543881532,6.863726282215403
39.138912,38,2101.702925,True,False,False,4.013742511310841,4.1332186496636725
43.659688,79,2102.396646,True,False,False,6.115255352711115,5.505797413900577
52.988845,86,2103.257706,True,False,False,8.589835981896687,7.270135240028064
41.945756,64,2103.919278,True,False,False,5.096135196279712,4.824188153753606
33.200638,34,2104.200492,True,False,False,3.0137066507799095,2.928470995945033
25.980293,21,2104.46233,True,False,False,1.4145639273220756,1.5576398480724896
37.186132,60,2104.96939,True,False,False,4.5625223600221405,4.180364751594566
46.144319,66,2105.644249,True,False,False,6.251371309608933,5.599243589880569
34.397914,63,2106.110644,True,False,False,4.473500296175529,3.5130109795921296
0.039892,84,2106.809417,False,True,False,7.647698255227266,5.793831146352537
31.006481,21,2107.012795,True,False,False,2.519407300719951,2.449798587421657
42.675944,57,2107.485274,True,False,False,6.2139672099200105,5.259173284312332
29.073529,23,2107.661622,True,False,False,2.407228923164771,2.2254425236635607
50.23748,84,2108.575457,True,False,False,7.585456074034991,6.672309733535117
43.163965,49,2109.020829,True,False,False,5.166254176132009,5.103725603663127
27.094597,22,2109.250711,True,False,False,2.1798730965879076,1.8728920325275582
32.294472,67,2109.821843,True,False,False,3.3023230498687557,3.127753201843148
38.319858,64,2110.410404,True,False,False,6.364611244280309,4.208086252443288
35.971535,55,2110.823045,True,False,False,4.964091340631943,3.7317766590067505
33.695389,44,2111.237009,True,False,False,3.0197949851642027,3.1685748267754192
36.964949,42,2111.59294,True,False,False,3.900159327152169,3.8116574105218515
34.146542,42,2111.923975,True,False,False,3.3089076101491353,3.2248962232682827
43.71358,75,2112.573116,True,False,False,6.0004320565051525,5.3629317431221555
32.740887,39,2112.904818,True,False,False,4.83548785402845,3.0520764712196646
33.694601,28,2113.168653,True,False,False,3.027082358669544,3.080981059916012
33.334257,58,2113.72321,True,False,False,4.559262176065813,3.3152962259509096
33.768469,33,2113.990757,True,False,False,4.1925299676224315,3.132762297575156
47.174292,44,2114.378078,True,False,False,6.63984921744483,5.780224397490437
31.803168,32,2114.629862,True,False,False,2.5602174444800263,2.676855085574062
42.501394,68,2115.206509,True,False,False,5.817839680788266,5.069326220069626
26.571771,16,2115.388625,True,False,False,1.5222011767760995,1.6630061675146426
32.770989,33,2115.665604,True,False,False,2.92310361541623,2.9777224018062376
41.257654,41,2116.00396,True,False,False,4.9820855999535585,4.552629560722043
29.388291,16,2116.128278,True,False,False,2.3193343193457348,2.178777637419603
42.227701,65,2116.639769,True,False,False,5.422753521767802,5.070884297891152
36.676757,47,2117.027874,True,False,False,3.8053476104778987,3.789111652118878
36.176517,48,2117.412894,True,False,False,3.7950050090152176,3.7621202858191407
36.102105,53,2117.944492,True,False,False,3.7835925930693155,3.659284214611761
31.205261,43,2118.283446,True,False,False,2.632544080328285,2.7116948918809967
37.231355,44,2118.623581,True,False,False,4.214279162153476,3.8568681647976026
40.384957,46,2119.010521,True,False,False,4.649548368987084,4.508122951243296
43.507601,57,2119.482998,True,False,False,5.06972743542668,4.969594845686685
43.809891,65,2120.053654,True,False,False,5.321429447572798,5.208765778816665
31.600222,30,2120.310735,True,False,False,2.655652760497742,2.6828375133657305
49.644193,86,2120.995109,True,False,False,6.777361400818978,6.333912938690452
33.949581,52,2121.443045,True,False,False,4.633553562078306,3.4418078276556963
35.626471,51,2121.992237,True,False,False,4.177973477791003,3.5451280218511707
30.92845,32,2122.304752,True,False,False,2.442287917762366,2.5173343538222364
38.544623,36,2122.625538,True,False,False,4.022728763407992,4.09269776118609
32.808793,36,2122.894666,True,False,False,2.8281862971404186,2.950316507446854
38.940869,67,2123.567775,True,False,False,5.618438624288804,4.383311971112615
30.394493,35,2123.90653,True,False,False,3.0979039593299724,2.5561033269336866
26.412139,17,2124.066007,True,False,False,1.6975201749834516,1.6593474316296415
37.742774,46,2124.48992,True,False,False,4.046838976800465,3.963496559715223
41.545594,62,2125.169102,True,False,False,5.3035676936946174,4.858529353392952
27.374704,17,2125.298107,True,False,False,1.5283767801184254,1.7895613627033655
46.406786,109,2126.365109,True,False,False,7.477647819997026,6.09205567047203
40.584862,77,2126.97718,True,False,False,4.9576376899869565,4.767283753477437
31.301464,21,2127.142334,True,False,False,2.351635552575789,2.5096610169801146
40.942855,45,2127.487826,True,False,False,5.083823953184087,4.647770735845407
31.085156,27,2127.741935,True,False,False,2.5294866381270893,2.535844209272546
34.290047,40,2128.051344,True,False,False,3.4340999105751218,3.2942837875937157
35.414782,38,2128.370564,True,False,False,3.554863563491586,3.5648219939223753
48.995307,126,2129.438272,True,False,False,7.557484944788329,7.144193091247061
29.662024,27,2129.643229,True,False,False,2.806330332083263,2.3414689490665253
34.404898,27,2129.870047,True,False,False,3.1530038495811348,3.1487288440413357
28.260127,18,2130.011744,True,False,False,1.8795385629243397,1.9611908682368249
40.536038,38,2130.314374,True,False,False,4.366297430151969,4.3937005285264785
34.882474,39,2130.73339,True,False,False,3.841415634791046,3.459920922875757
31.691081,38,2131.03653,True,False,False,2.934195359526455,2.7468146358256624
35.207751,36,2131.32521,True,False,False,3.8666656211597137,3.406510302580716
29.39269,31,2131.570118,True,False,False,2.5926198138894816,2.339557221013257
37.976762,36,2131.861684,True,False,False,4.439844327968322,3.999315156208153
45.11567,73,2132.427657,True,False,False,6.655342117188275,5.72791325434262
26.305786,52,2132.900777,True,False,False,4.26333969255621,2.20427623103028
35.07082,38,2133.197035,True,False,False,3.7234867696603224,3.406825551669908
33.929644,31,2133.440619,True,False,False,3.4238261592468304,3.0996849353913998
30.55917,31,2133.672665,True,False,False,2.3778033827992995,2.520189898583746
30.143603,37,2134.06873,True,False,False,2.5744035383824353,2.5640454152987577
26.355883,30,2134.359149,True,False,False,1.5749876744230606,1.7020247660654861
50.856623,84,2135.073968,True,False,False,6.895641663751006,6.6266736684539795
29.778249,22,2135.2551,True,False,False,2.19790542327984,2.245052648844526
37.23798,50,2135.677232,True,False,False,4.7281520582494885,4.094022935621232
32.76941,33,2135.975809,True,False,False,2.6805486567187833,2.8334050911176747
34.505663,49,2136.600719,True,False,False,4.027384749044998,3.5050525733476388
26.116151,16,2136.797607,True,False,False,1.4484039941552889,1.5089728079853937
43.399323,76,2137.653574,True,False,False,6.08332022886754,5.483413836993803
34.799561,44,2138.007252,True,False,False,4.036736214276487,3.5146023965663984
30.145764,37,2138.289666,True,False,False,3.254141582024945,2.512253083493434
21.500982,72,2138.887708,True,False,False,3.3748788256307583,1.751717315568143
30.334632,22,2139.076164,True,False,False,2.4264352437972594,2.329184323964366
41.07552,50,2139.48014,True,False,False,5.062791233664146,4.661161850668436
44.361772,53,2139.908812,True,False,False,5.919354013887345,5.338892629069204
34.481259,45,2140.319402,True,False,False,3.6269930251568767,3.420420380163441
46.209374,56,2140.75963,True,False,False,5.852207916386876,5.63992723369982
39.103157,60,2141.238832,True,False,False,4.7138345382577524,4.303922720576861
32.852332,29,2141.524201,True,False,False,2.7518951496596875,2.9775562213362976
30.187229,42,2141.896924,True,False,False,3.00358205443987,2.512188863318556
43.220579,65,2142.401872,True,False,False,6.402661796629238,5.261678197119387
33.645061,30,2142.633433,True,False,False,3.782028827581137,3.06234421634262
34.061726,54,2143.070498,True,False,False,3.333626898815738,3.4271209649606638
27.712837,20,2143.235053,True,False,False,2.0748901805003674,1.8864907178014092
46.514809,112,2144.181919,True,False,False,6.904725592487851,6.1325732940409665
36.572357,43,2144.535913,True,False,False,4.142861387803575,3.7086281676397035
43.773177,83,2145.308495,True,False,False,7.015223332149608,5.336835746224933
47.705745,83,2146.025188,True,False,False,7.08925086813122,6.059668527088327
27.911477,29,2146.254438,True,False,False,2.4702858023647605,2.198835694015971
33.640654,44,2146.687314,True,False,False,3.5791035296060807,3.1884381391671814
35.031928,27,2146.929203,True,False,False,3.407957635352543,3.233472408636234
33.076851,52,2147.335388,True,False,False,4.322836715651941,3.24264658598821
47.907811,58,2147.803879,True,False,False,6.071956290828686,5.861386537478227
33.107423,53,2148.270919,True,False,False,3.6894113035899396,3.153146738985583
31.161758,51,2148.655686,True,False,False,3.0075253440634,2.838133884825466
39.481452,42,2148.982366,True,False,False,4.780181280351534,4.2600255861762
28.984301,26,2149.186052,True,False,False,1.917438045606984,2.1868559188079733
47.593834,77,2149.787606,True,False,False,6.6114522271891625,5.9916684657726424
51.327351,52,2150.28518,True,False,False,7.649674481121927,6.502481174627285
40.918969,49,2150.723394,True,False,False,5.021415792087573,4.592189031492639
39.54992,42,2151.056507,True,False,False,4.259860713419943,4.383199865701658
39.246952,42,2151.37851,True,False,False,4.335607507840774,4.179522229794933
33.236816,35,2151.674668,True,False,False,3.6327675748620973,3.054909881317654
27.641775,25,2151.934379,True,False,False,1.9243593444465839,1.9075643237208548
33.114863,43,2152.296894,True,False,False,3.385250261295955,3.0691241603812096
43.608917,102,2153.093858,True,False,False,7.180336011427437,5.614584357962555
43.842307,46,2153.491213,True,False,False,5.559908234006092,5.14372905300101
36.692217,29,2153.762834,True,False,False,3.63061624854338,3.6277243673497
35.134835,29,2154.013743,True,False,False,3.7116305776328633,3.3893271314474
35.422029,81,2154.774922,True,False,False,4.518178932698998,4.066917813587868
35.031343,61,2155.255447,True,False,False,4.679397397775471,3.7623834129556553
39.830113,63,2155.835807,True,False,False,4.7428374854661985,4.3982278336724
38.937783,54,2156.271995,True,False,False,4.547709473466403,4.30520691376931
38.647959,55,2156.764082,True,False,False,4.0561231979229655,4.110778240220481
49.296761,107,2157.607901,True,False,False,7.252369282326942,6.546176184156302
38.242667,68,2158.169551,True,False,False,4.773207073910934,4.236305240756254
38.376485,36,2158.465718,True,False,False,4.106043094966455,3.9665868036888194
37.2857,68,2159.135001,True,False,False,4.956398651186429,4.03358200284362
29.954138,56,2159.606622,True,False,False,3.285483494191511,2.6795995398552077
44.073326,84,2160.268769,True,False,False,7.344285376813011,5.707800088973978
30.830247,21,2160.435948,True,False,False,2.4256974975774552,2.4572242920677962
37.158328,51,2160.845078,True,False,False,3.7739197596691874,3.850508202759908
28.478651,33,2161.136828,True,False,False,2.5223110995773506,2.2241975794387754
30.750591,38,2161.425601,True,False,False,2.632868567745924,2.6031500129358514
38.128114,74,2162.024325,True,False,False,5.046312930245249,4.328539788681698
33.262308,23,2162.200046,True,False,False,2.865585032777206,2.924416438950947
30.254461,35,2162.461354,True,False,False,2.574630648178271,2.470433608222998
31.554099,40,2162.787247,True,False,False,3.378309254667392,3.0049126442220047
29.256774,21,2162.972215,True,False,False,2.2597471095541874,2.2078027564395124
54.536714,66,2163.526555,True,False,False,7.697230288654402,7.318075492276805
29.181875,16,2163.654358,True,False,False,1.913341192230094,2.089438643820398
29.164743,24,2163.871414,True,False,False,2.281394230133139,2.137801757387937
32.740177,45,2164.235032,True,False,False,2.998089334791908,3.033918775788381
36.438293,35,2164.519839,True,False,False,3.7209104990358117,3.6566091838494876
39.82059,37,2164.825899,True,False,False,4.997016700389227,4.253398742949056
42.392052,50,2165.247773,True,False,False,5.792151926469189,4.971925774846292
57.648509,64,2165.812748,True,False,False,8.670689257883197,7.876348169736779
36.565953,99,2166.588204,True,False,False,6.4031169481877885,4.585256971652378
32.427497,35,2166.929217,True,False,False,3.3663753334122073,2.8911029347353185
46.531699,66,2167.535043,True,False,False,7.01873759756412,5.869583350004805
41.391369,55,2168.022448,True,False,False,5.426259189439988,4.868284699830563
39.857016,82,2168.707452,True,False,False,4.967744082672757,4.623140447209612
39.031671,63,2169.246981,True,False,False,4.827198991905403,4.301701751712218
36.102936,42,2169.607844,True,False,False,4.147915087751281,3.6297204260594587
31.00803,25,2169.861266,True,False,False,3.051706818326999,2.5357638210316975
29.831335,17,2169.989442,True,False,False,2.1406427663916205,2.216863621367952
41.094761,82,2170.62341,True,False,False,5.021607139301894,4.881669804420111
28.28343,23,2170.813645,True,False,False,1.9227698044464998,1.9823762830475729
47.395445,52,2171.320208,True,False,False,6.457671582773906,5.861727385034687
50.047971,78,2172.051613,True,False,False,9.796776529655936,6.796255082372146
41.468031,100,2172.922195,True,False,False,9.11325360420172,5.451338233922421
30.23352,36,2173.229616,True,False,False,2.454744156830794,2.4925387169396793
37.771452,58,2173.739076,True,False,False,3.995992160592044,4.011621239929967
47.221465,72,2174.402455,True,False,False,6.32794052344049,6.006692280936165
43.273062,78,2175.006389,True,False,False,6.14287105164381,5.391347833862381
39.634372,43,2175.365851,True,False,False,5.233319545046136,4.2809857623587275
29.81349,20,2175.520568,True,False,False,2.258923017050275,2.3293477936630373
44.097647,79,2176.231959,True,False,False,6.847688844339448,5.497369531024881
48.532549,70,2176.818705,True,False,False,7.30899545831526,6.214387025924519
39.065641,45,2177.161716,True,False,False,4.039106882359152,4.113605432078752
40.969559,54,2177.566888,True,False,False,4.811048804499224,4.636184354380233
34.93485,46,2177.937634,True,False,False,4.166970848365715,3.501696558053167
26.946671,19,2178.09992,True,False,False,1.6386740358780019,1.7482123720093323
28.458302,19,2178.256073,True,False,False,2.0184041733842144,2.0303192770526284
30.194701,39,2178.641927,True,False,False,2.945992309434127,2.4999410212690103
40.126776,53,2179.106222,True,False,False,4.748774812813804,4.400758166167011
38.301398,40,2179.41435,True,False,False,4.501760121164679,4.083292546640765
39.372553,40,2179.719658,True,False,False,4.154500149916222,4.261104096663918
35.98191,51,2180.136247,True,False,False,4.0328272922745105,3.825842876767733
41.012,61,2180.69756,True,False,False,4.860578641268675,4.563977984548966
28.356237,21,2180.880839,True,False,False,1.7571782965472218,2.0216009952141536
33.644822,35,2181.16629,True,False,False,2.986084367705948,3.0898644148703216
35.015412,51,2181.612982,True,False,False,5.208774705776619,3.5933945558114857
30.758531,18,2181.767807,True,False,False,2.23687396301195,2.3855447255193334
28.785877,29,2182.008334,True,False,False,2.4288081111811874,2.184953683555847
36.912538,55,2182.510028,True,False,False,3.9317910839462074,3.8833122006682377
31.582337,40,2182.899875,True,False,False,3.627856997625805,2.828559716913798
31.351567,23,2183.080098,True,False,False,2.3455953458003305,2.5650313373354536
29.193476,26,2183.330991,True,False,False,2.243203784710232,2.201840660087695
34.038209,43,2183.806947,True,False,False,3.72065742987545,3.31835231217648
38.137355,58,2184.268028,True,False,False,5.226510929478455,4.267384009068253
43.654442,71,2184.955355,True,False,False,5.362927192372727,5.184845275233564
43.361137,69,2185.549554,True,False,False,5.577875672719809,5.399723270265177
41.218159,43,2185.89322,True,False,False,4.9951324592364665,4.614897166269585
32.058086,46,2186.307696,True,False,False,3.8180727753445,2.878049917413106
47.160889,59,2187.429782,True,False,False,6.068393446508154,5.826282834257747
28.052285,32,2187.70286,True,False,False,3.1154798102502097,2.143779055665365
44.443069,71,2188.245963,True,False,False,6.797915649724667,5.463877144543634
46.010548,44,2188.615252,True,False,False,5.699312668242865,5.585853467919385
26.693361,23,2188.825199,True,False,False,2.0136072433625065,1.7672322203550677
43.488111,106,2189.656548,True,False,False,7.333678429032305,5.906062276757674
30.001582,34,2189.916149,True,False,False,2.4729685509191537,2.422816387656569
33.481023,28,2190.147102,True,False,False,3.3246328212709755,3.0795508173864916
35.506723,37,2190.456034,True,False,False,3.6419497999727612,3.4940763165009066
34.995632,31,2190.727579,True,False,False,3.698631212459141,3.360700535752731
37.237183,27,2190.949626,True,False,False,3.6569502873456075,3.721549785794083
35.088844,49,2191.374428,True,False,False,3.9950110968623638,3.493612564525883
46.981019,55,2191.827128,True,False,False,6.291264139638187,5.817606696492852
42.579504,50,2192.209358,True,False,False,5.165902643716226,4.946425932252234
40.70457,62,2192.690137,True,False,False,5.461857386960723,4.66879184049278
38.256371,45,2193.092189,True,False,False,4.283625148039905,4.130180218165761
39.730183,71,2193.709454,True,False,False,6.13087028574855,4.743274287741748
34.97464,60,2194.211258,True,False,False,4.263389986653984,3.654407289391126
33.092085,72,2194.767072,True,False,False,4.204080752263493,3.493546372344481
40.805611,57,2195.294358,True,False,False,5.169989959708939,4.6859470386073765
26.995187,12,2195.383381,True,False,False,1.466091768636133,1.7055276477679038
38.344063,41,2195.80383,True,False,False,3.96345987052397,3.9601660428569136
38.97971,53,2196.326465,True,False,False,4.470287253881882,4.228190731027571
31.938165,35,2196.606308,True,False,False,2.9676835025450767,2.8676101680770754
37.947365,45,2196.986945,True,False,False,4.177815118662315,4.0037692334133
36.004462,64,2197.487694,True,False,False,4.0356854123746135,3.794377087806854
47.664556,82,2198.246146,True,False,False,6.637736252558672,6.023455734462495
38.69219,49,2198.619553,True,False,False,4.231694530395191,4.216363814488973
37.786081,60,2199.092138,True,False,False,4.356382247995651,4.024432213845879
47.750629,120,2200.111467,True,False,False,8.363267148926687,6.708731859500522
46.263352,67,2200.669765,True,False,False,5.666446685579946,5.701243875616573
47.301711,51,2201.073876,True,False,False,6.573087118483357,5.836753793538567
38.671937,49,2201.491309,True,False,False,4.300651232288924,4.120836849121769
47.764561,57,2201.933463,True,False,False,6.56876064597877,6.104687426488033
38.973264,36,2202.27771,True,False,False,4.297312895408804,4.110179351667213
29.36626,28,2202.511683,True,False,False,2.50507031933397,2.310109908013538
39.432972,61,2203.018476,True,False,False,4.786330502896467,4.445039109340521
30.340044,52,2203.436309,True,False,False,3.7328122019917718,2.8041065322436696
30.081334,24,2203.634906,True,False,False,2.5058268090417104,2.3407871505195996
29.825156,35,2203.945637,True,False,False,3.1129067393071823,2.4501097997480508
33.070413,67,2204.543916,True,False,False,5.134585269557567,3.4224516051633507
38.290788,53,2204.985422,True,False,False,5.664179136632201,4.21822365213146
40.636138,73,2205.654706,True,False,False,7.90471151726276,5.252680573515989
51.856904,57,2206.123787,True,False,False,7.352414018711473,6.633827487536871
53.54064,68,2206.721135,True,False,False,8.010283534279775,7.189800429111619
41.210119,39,2207.036392,True,False,False,4.748786101200805,4.579662011070086
33.079266,36,2207.336568,True,False,False,3.3418157217421127,3.0466733688106205
39.274833,65,2207.855823,True,False,False,4.709037495382896,4.345505457020402
36.171325,45,2208.285705,True,False,False,4.079178766940049,3.637361935818441
41.899173,92,2209.14142,True,False,False,6.680700100960736,5.40287732836973
31.125712,38,2209.426825,True,False,False,2.662709004703127,2.6369977661381525
43.110391,44,2209.775694,True,False,False,5.087251263811605,4.998666242263799
29.799538,20,2209.934093,True,False,False,2.1832885667569966,2.279805059234044
25.724922,17,2210.106766,True,False,False,1.6722404649149047,1.507182959444248
35.872021,35,2210.406235,True,False,False,4.020813799348822,3.606252428368807
34.384552,35,2210.689775,True,False,False,3.6844782589108247,3.2529390898683017
38.153227,44,2211.097008,True,False,False,3.9217197726414788,4.0914895323829565
43.040997,80,2211.803969,True,False,False,5.439316298012584,5.281643396757389
37.669899,47,2212.205531,True,False,False,5.123328267072179,3.9926034350874304
40.585186,48,2212.615958,True,False,False,4.826920878856638,4.474437382586966
38.19475,66,2213.157655,True,False,False,4.39801364743908,4.227763594256489
25.262823,25,2213.413655,True,False,False,1.7115242356293905,1.5490955136076485
45.854526,63,2213.933874,True,False,False,6.202728716742295,5.6101440782353045
25.860455,19,2214.085218,True,False,False,1.3366493431030788,1.5083284091321754
26.260207,54,2214.505224,True,False,False,2.798478912354396,2.299627669914685
49.347723,63,2215.039711,True,False,False,6.695032327641686,6.349982688296999
29.539216,14,2215.147814,True,False,False,1.9713554999367935,2.159309927899263
30.067875,52,2215.642149,True,False,False,2.801166361445631,2.6252858555461973
39.48161,44,2215.97998,True,False,False,4.797312393724879,4.281885180555111
41.230865,62,2216.491435,True,False,False,4.8781204368993425,4.682546025450439
28.372142,19,2216.629883,True,False,False,1.7719820454499138,1.9737816874343599
29.243768,34,2216.912329,True,False,False,3.0238253460794797,2.324749229827243
41.766324,46,2217.285035,True,False,False,4.910452174192056,4.786567032643009
31.18542,34,2217.59954,True,False,False,2.526433113083213,2.6080335969418926
44.961019,107,2218.49782,True,False,False,7.366260856733882,6.127975411131291
-19.00565,6,2218.543711,False,True,False,0.37810226533651026,1.903194216380707
25.584387,38,2218.829311,True,False,False,2.9537711677955745,1.8095887093092713
45.225461,52,2219.224872,True,False,False,5.733703617266221,5.479827738800482
46.31389,105,2220.084185,True,False,False,8.150376320305512,6.165377326654227
28.914918,29,2220.321291,True,False,False,2.2760028940588817,2.1753643520940393
31.942464,34,2220.636494,True,False,False,2.8007734072486947,2.8630777460873795
45.532843,56,2221.108511,True,False,False,5.9763315445782705,5.542438399898781
36.255913,36,2221.386838,True,False,False,4.214315974056381,3.6644501109978895
29.685739,32,2221.648111,True,False,False,2.459664618795546,2.3328709738808104
36.826073,60,2222.184054,True,False,False,4.6716133337708685,3.9464807029416735
48.487394,69,2222.69218,True,False,False,6.871259739701672,6.240701227555424
35.610343,35,2222.971679,True,False,False,3.4945179399788406,3.512464057470825
47.577335,103,2223.751638,True,False,False,7.2625569888807116,6.443376187221519
30.534124,17,2223.903885,True,False,False,2.246260927297905,2.3849127530266125
44.207433,69,2224.472615,True,False,False,5.585949329833869,5.375482123608716
30.528186,21,2224.635382,True,False,False,2.232459678932876,2.3454821496948632
34.185703,41,2224.937435,True,False,False,3.5233359895494907,3.298425040721522
48.070982,59,2225.395825,True,False,False,6.75261988198746,6.0391843840738995
34.308748,41,2225.712996,True,False,False,3.5086992321805632,3.3118164151510707
39.467317,49,2226.161716,True,False,False,4.349990948592616,4.187878227325455
31.475068,20,2226.361903,True,False,False,2.4288530440031475,2.517406546474508
28.90812,25,2226.562553,True,False,False,2.0282247973567356,2.108489238382859
39.043454,48,2226.945627,True,False,False,4.526801192906071,4.276805869044826
40.580281,66,2227.516783,True,False,False,5.250818887372677,4.696499682875807
29.18555,29,2227.757766,True,False,False,2.1184404106224255,2.2059476842671897
47.059507,77,2228.434136,True,False,False,6.195605009333264,5.853199094642781
47.981289,94,2229.214203,True,False,False,6.780153218299236,6.216510902455144
28.872897,22,2229.385628,True,False,False,1.9391269609978379,2.1204826389726756
35.624471,33,2229.667422,True,False,False,4.0845335352999665,3.4833600553414388
27.126198,16,2229.792232,True,False,False,1.6019413051760087,1.73482201329298
48.613105,83,2230.443517,True,False,False,6.47874804970084,6.178500115767489
39.359572,44,2230.858546,True,False,False,4.340443454582236,4.2769931660508975
28.019034,24,2231.073744,True,False,False,2.1542383094194446,2.0057313264059164
31.725218,42,2231.414569,True,False,False,2.8859730651409032,2.920817633125459
35.708505,69,2231.965329,True,False,False,4.428437463834088,3.8549635975819
27.920009,26,2232.181405,True,False,False,2.0313487185738075,1.9971687548468995
34.59553,38,2232.528409,True,False,False,3.3878614609991864,3.271031828168976
36.727584,44,2233.000023,True,False,False,3.762037364822665,3.8246166363719682
25.949975,22,2233.192636,True,False,False,1.5175388787568211,1.5775566091417963
44.406687,46,2233.607395,True,False,False,5.5600693762721916,5.220614167185131
40.478199,90,2234.385624,True,False,False,5.674563606891076,4.824536571955138
51.121953,50,2234.795859,True,False,False,6.8290269535120585,6.5070070426702875
31.473667,42,2235.21214,True,False,False,3.597099708330224,2.976639307941571
37.477254,56,2235.660847,True,False,False,4.1187305774280745,4.074508426591084
44.042903,96,2236.381229,True,False,False,6.223691221042194,5.8043027168190475
45.62106,54,2236.790251,True,False,False,5.530449126661612,5.44335745150354
38.825466,49,2237.212995,True,False,False,4.175176122670697,4.181161286661812
45.835237,76,2237.816635,True,False,False,5.906701562895945,5.723212541604064
31.827091,65,2238.316485,True,False,False,3.9388449170092383,3.3538641730224588
35.36109,55,2238.740728,True,False,False,3.8344404596231794,3.6424386691238717
27.580925,25,2238.933887,True,False,False,1.982214267581058,1.8742823228323031
30.655494,24,2239.112889,True,False,False,2.6099948980790306,2.5067356916658463
48.596727,116,2240.069782,True,False,False,7.849420911004624,6.568314280673518
28.423893,24,2240.25528,True,False,False,1.7527785926481294,2.020878547868832
50.947778,65,2240.754329,True,False,False,7.513454504470343,6.59329893568286
28.547609,30,2240.987776,True,False,False,1.953242161554576,2.070899687183133
51.839669,79,2241.678108,True,False,False,6.793904137185311,6.7943288915946605
35.107293,40,2241.988512,True,False,False,3.4114659556424307,3.423586137172786
30.426816,29,2242.214861,True,False,False,2.3499338743099942,2.46884691408333
41.194866,41,2242.607201,True,False,False,4.738916233402916,4.511013649207217
34.307821,47,2243.001257,True,False,False,3.2443152711626944,3.308911102055405
32.539855,39,2243.307886,True,False,False,2.705949346906839,2.85864314995591
28.815335,41,2243.69351,True,False,False,2.3016703970041665,2.2840842897145794
44.378347,48,2244.08563,True,False,False,5.888480905547541,5.205083481329332
37.96608,38,2244.381387,True,False,False,4.145006960500494,3.9417262785319473
30.243881,33,2244.659653,True,False,False,3.029653931569636,2.478230482512262
39.906489,43,2244.986215,True,False,False,5.486436654412673,4.3785140308585255
46.668645,127,2246.182757,True,False,False,7.245779137060482,6.348342983859818
-17.818032,10,2246.258594,False,True,False,0.6379284351296463,3.165484855238878
30.109474,27,2246.454172,True,False,False,2.8253974736938763,2.3461906500074283
47.040016,59,2246.898692,True,False,False,5.862522617954732,5.856362809312602
32.76476,49,2247.257182,True,False,False,3.4096055675500745,3.158349162730858
26.004613,17,2247.391638,True,False,False,1.3459812410000647,1.5233146877110817
33.610722,49,2247.764034,True,False,False,3.4997118375792926,3.2829916180969563
30.514312,31,2248.038912,True,False,False,2.757583193751414,2.556092264806727
29.921285,31,2248.283714,True,False,False,2.3253731426000983,2.3801965474568605
36.467933,33,2248.538409,True,False,False,4.060750163126746,3.687739533697967
31.116513,23,2248.741632,True,False,False,2.3819767362960356,2.5519143827136435
30.070921,51,2249.160232,True,False,False,4.33711083907716,2.708076389235208
25.817888,30,2249.390922,True,False,False,2.1095872665223028,1.615064174040495
42.75881,52,2249.79761,True,False,False,4.735035630277301,4.91100815164653
31.449786,35,2250.099956,True,False,False,2.4595802086476897,2.6620316760977163
51.346946,84,2250.843403,True,False,False,8.423607847867725,7.033460050262552
29.850558,21,2251.004929,True,False,False,2.1689673641911407,2.268421509514745
42.096289,70,2251.522828,True,False,False,6.106099741713195,5.028355133567359
29.743042,22,2251.684601,True,False,False,2.1680914045928033,2.2708874138463075
29.284346,27,2251.891437,True,False,False,1.9664350644120288,2.2019498497636767
38.434962,33,2252.1698,True,False,False,3.896841476948764,3.968272285938228
33.063996,44,2252.552539,True,False,False,2.8714673742750674,2.9863244572477368
42.032303,56,2253.000901,True,False,False,5.489354448330765,4.849300122297443
38.698759,69,2253.549796,True,False,False,6.38514352076195,4.4247401302711165
-13.993186,14,2253.657507,False,True,False,1.3779974836006292,3.0788986153386753
36.75734,37,2253.951157,True,False,False,4.469050915528957,3.70714071387662
30.803064,24,2254.138397,True,False,False,2.346791601833043,2.4759001995207828
31.105607,27,2254.355787,True,False,False,3.1268726066575385,2.639900964564717
35.078552,47,2254.769474,True,False,False,3.737802487274281,3.482326322488086
27.461453,19,2254.911554,True,False,False,1.6932052841257181,1.8223359814415832
27.748332,14,2255.03017,True,False,False,1.7516254437058105,1.8645843123850403
40.940782,53,2255.44735,True,False,False,5.25227798150792,4.732042508116553
35.119996,42,2255.784437,True,False,False,4.221682762046863,3.498481780784994
35.040029,46,2256.140639,True,False,False,4.369981137261024,3.526874144673946
36.86077,62,2256.681351,True,False,False,5.482779820060437,4.077419099670989
37.242055,74,2257.285421,True,False,False,4.27827453430858,4.177775523027808
41.089172,46,2257.726257,True,False,False,4.752642499937717,4.612372036724371
28.976876,32,2258.074531,True,False,False,2.2932098611832403,2.246920588922342
38.62696,34,2258.344996,True,False,False,4.1395546595718775,3.9886366062679133
26.152325,23,2258.512157,True,False,False,1.7127934749583444,1.6359373794198653
34.463895,44,2258.920451,True,False,False,3.921648851654863,3.499616652793848
45.410735,86,2259.585078,True,False,False,6.234350226516336,5.680049865908681
29.732162,35,2259.856401,True,False,False,2.507395948562839,2.5335595470377714
37.260376,36,2260.12755,True,False,False,3.8866509183564153,3.834399509004467
36.018099,43,2260.441923,True,False,False,3.60799170982517,3.544594661910484
27.507869,17,2260.577511,True,False,False,2.2149652065575034,1.816119319210765
44.237628,75,2261.177048,True,False,False,6.026079019343859,5.370377713391508
33.87647,53,2261.579025,True,False,False,3.9511203623609967,3.4908720384001666
29.999749,32,2261.82286,True,False,False,2.339905385577169,2.3831782106483628
37.291349,52,2262.209738,True,False,False,4.769124361973746,3.9417510195645664
37.492699,49,2262.58684,True,False,False,4.160688420292839,4.162858449807416
37.28444,41,2262.928139,True,False,False,4.3206030555211665,3.753723352113264
44.020094,60,2263.464276,True,False,False,5.928041785208551,5.25470458724072
43.239925,54,2263.907769,True,False,False,5.552162024801712,5.076139871915716
32.93501,33,2264.176601,True,False,False,2.8986260374317636,2.981195658890945
36.784692,36,2264.461824,True,False,False,4.053659792855845,3.756187842943932
30.745229,43,2264.800405,True,False,False,2.7870049685313325,2.6265027964515237
43.482005,76,2265.473034,True,False,False,6.521793221462424,5.560530431137368
37.787592,44,2265.988478,True,False,False,3.9959608009421634,3.8998516541151846
29.908525,21,2266.157004,True,False,False,2.03466201439771,2.2770100395726898
33.165391,43,2266.622218,True,False,False,3.25577201602019,3.1145784780090424
27.87506,23,2266.805913,True,False,False,1.793414972797371,1.9005249512497682
32.655946,38,2267.16233,True,False,False,3.9044074879384776,3.131195122083134
28.388474,18,2267.38879,True,False,False,2.3764896403825344,1.9596289169775838
32.348958,34,2267.868194,True,False,False,3.1987305884534516,2.836942968146944
27.886323,49,2268.338537,True,False,False,2.9686003957455664,2.1881669496807006
42.099576,76,2268.956152,True,False,False,5.663528730991004,5.060615957444247
34.89805,49,2269.324471,True,False,False,3.4735585698334672,3.407591506182344
28.395366,22,2269.561606,True,False,False,2.541106032776695,2.0402957781446833
36.871629,69,2270.311427,True,False,False,6.493009117866256,4.250048097455926
31.811577,55,2270.774725,True,False,False,3.896611266820386,3.121604522067737
34.260895,40,2271.760864,True,False,False,3.3559569160048555,3.249009951971905
27.423342,23,2271.962146,True,False,False,2.144118035320569,1.8343355325490933
32.674598,38,2272.272523,True,False,False,3.442555271355699,3.036579328045905
42.479499,83,2272.949539,True,False,False,5.983445585687363,5.375024171490836
34.374578,49,2273.335049,True,False,False,3.77342040799248,3.4196391567279694
38.732833,55,2273.750388,True,False,False,4.419375198348036,4.3152946323108505
30.266136,43,2274.187499,True,False,False,3.1987310629680166,2.536399892868628
31.350381,29,2274.39853,True,False,False,2.9339393344721985,2.7465845752049476
43.465381,76,2275.091964,True,False,False,6.237079838941866,5.32332010848836
31.84294,37,2275.411746,True,False,False,3.0119200652000124,2.7967585247603632
36.754801,55,2275.844153,True,False,False,4.187980284128888,3.8397235599200448
26.406856,15,2275.990824,True,False,False,1.3152631978323472,1.568412579195607
53.606677,89,2276.737892,True,False,False,7.465489640259668,7.05268045747343
35.385888,35,2277.021266,True,False,False,3.3557537396474695,3.4380235463744513
37.728222,39,2277.317952,True,False,False,4.065588986022255,3.881532118280484
26.184455,17,2277.480731,True,False,False,1.3222152203968938,1.534709711385253
30.188322,26,2277.681867,True,False,False,2.254587697947446,2.4667109502126086
51.096206,69,2278.247257,True,False,False,6.8618526101241795,6.575426340071999
38.513632,52,2278.696294,True,False,False,4.420957622218611,4.2438054495904
32.204915,49,2279.208598,True,False,False,2.771095456401361,2.961641006144324
30.193071,27,2279.52315,True,False,False,2.4191244803997747,2.4146435485586597
28.608196,26,2279.743145,True,False,False,2.0536075314432516,2.1068533054729204
42.181129,60,2280.22403,True,False,False,5.281298131066813,4.885712677862552
49.529565,61,2280.752778,True,False,False,6.774077800356288,6.334683236371284
49.47544,67,2281.246921,True,False,False,7.0805811216685655,6.234164863573132
35.307891,45,2281.605426,True,False,False,3.5181748203890746,3.546555831476525
32.675427,37,2281.886908,True,False,False,2.85985860720928,2.8806115930025937
36.937549,57,2282.35766,True,False,False,5.003943376446235,3.9618758710934117
26.50541,13,2282.493285,True,False,False,1.4249891397090888,1.5927960353459447
32.089893,50,2283.046189,True,False,False,4.200532115492462,3.0877746827494437
42.408449,57,2283.517513,True,False,False,6.08484703442306,4.979855652907804
25.055703,28,2283.734303,True,False,False,2.3806231170119476,1.6911405980925622
45.117628,72,2284.311456,True,False,False,7.8409714197601765,5.907866275884598
34.504165,50,2284.748318,True,False,False,3.880570216354265,3.430586044510539
41.905015,59,2285.282469,True,False,False,4.96749032151886,4.844359571561503
56.739625,91,2285.99139,True,False,False,8.686939103713076,7.831073278043213
34.611028,33,2286.253164,True,False,False,3.289605482060056,3.303359334718026
37.079107,56,2286.70583,True,False,False,4.301209942510286,4.027969881413755
40.686352,62,2287.25628,True,False,False,5.801163629069168,4.899709599691965
41.160316,56,2287.712684,True,False,False,4.613515068858044,4.672932988971157
26.323301,20,2287.91989,True,False,False,1.4348997938488814,1.6089069017008324
41.575644,84,2288.601418,True,False,False,5.59976179352808,4.9739088737346675
27.559845,33,2288.868814,True,False,False,2.1472329902754668,1.9458348301810717
39.39996,64,2289.445805,True,False,False,4.561145022353337,4.4248126547727935
47.374498,68,2289.995776,True,False,False,5.998315486398307,5.908725978621448
45.91549,92,2290.723869,True,False,False,5.761024517253614,5.789886653344504
44.007819,57,2291.248753,True,False,False,5.9056231026728225,5.213523321135608
30.081934,55,2291.698778,True,False,False,3.97688968424194,2.840808171948643
50.245134,59,2292.230024,True,False,False,7.297102322652159,6.539458334497807
32.449243,37,2292.546395,True,False,False,4.076695260619288,2.984630180047501
31.199884,34,2292.805163,True,False,False,2.4758614126144782,2.6156439527372415
35.07798,48,2293.181757,True,False,False,4.109766922013912,3.44296002244364
25.090549,41,2293.580626,True,False,False,2.8170124328858503,1.6377831027581442
43.342317,89,2294.312311,True,False,False,8.04296037565244,5.738728937889864
42.361231,55,2294.742218,True,False,False,4.803072828683547,4.790825625772365
29.816589,29,2295.092329,True,False,False,2.1689808585646073,2.322596730931498
35.680393,47,2295.502148,True,False,False,4.240880380457212,3.532741433442527
29.492964,42,2295.883375,True,False,False,2.5311245608216106,2.428836109494779
39.124845,30,2296.136095,True,False,False,4.317004590961039,4.079124088436785
44.312006,72,2296.712451,True,False,False,5.770799413490783,5.357098984522467
30.672246,40,2297.061115,True,False,False,3.0021526896227053,2.5688352419257763
31.035705,29,2297.29648,True,False,False,2.5530433516896345,2.545794118925089
40.662234,69,2297.953472,True,False,False,5.68541774731962,4.791021446014813
44.506276,54,2298.397563,True,False,False,5.958539016180827,5.328400242834982
45.0647,47,2298.787861,True,False,False,5.526902948847655,5.272572033158428
31.29432,21,2298.952724,True,False,False,2.5059489837853413,2.6205999402662914
32.129271,29,2299.184842,True,False,False,3.1099561091052252,2.794720925525775
26.974355,19,2299.330351,True,False,False,1.8182207698504658,1.6906794632189366
39.393223,52,2299.748203,True,False,False,4.68623065659005,4.413881714749135
30.585484,50,2300.285449,True,False,False,2.7495394858903377,2.7623109680616826
31.848195,36,2300.587882,True,False,False,2.813590923778018,2.8279617506337167
40.256557,43,2300.928737,True,False,False,4.29315208795835,4.344822031191153
33.413003,38,2301.221183,True,False,False,3.322501667434137,3.0768394970685753
52.485765,73,2301.806484,True,False,False,7.604051255846158,6.900661046358974
36.393003,59,2302.402038,True,False,False,3.764272286980168,3.8592848510760565
36.965316,64,2302.936708,True,False,False,4.251252372288539,3.981805163315839
31.98919,32,2303.185652,True,False,False,3.596972080619228,2.8279463015785455
41.675296,80,2303.777308,True,False,False,5.00819801485116,4.9616908998285805
38.676229,41,2304.083691,True,False,False,4.1714045140647285,4.063468343524774
27.469635,24,2304.279732,True,False,False,1.701675459016549,1.8299047159479032
42.6815,59,2304.770149,True,False,False,5.644125417845033,5.049473188561508
51.074228,88,2305.473659,True,False,False,6.864808704718254,6.650679429582477
35.152103,54,2305.903137,True,False,False,3.7032953193646057,3.541194988055203
48.3153,64,2306.423808,True,False,False,5.995099126026328,6.047348186076683
48.406859,80,2307.05218,True,False,False,6.634996311051955,6.10462384390512
28.69317,37,2307.419144,True,False,False,2.7242773746030324,2.363747817386799
43.790494,63,2308.060154,True,False,False,5.589564455500501,5.311217468767484
42.03714,48,2308.580831,True,False,False,4.681364054953982,4.727702939802212
34.417961,32,2308.900059,True,False,False,3.3691147813425615,3.2040600005020163
41.370904,53,2309.443634,True,False,False,5.083090391127123,4.702069943513528
35.453018,71,2309.995109,True,False,False,5.2151077383754805,3.9192959608904707
30.792328,25,2310.180643,True,False,False,2.4671006400644853,2.5013547029697505
38.957656,68,2310.818177,True,False,False,5.215455994822471,4.636166028499934
42.678397,41,2311.200677,True,False,False,5.272202663028273,4.8215804031783165
28.397454,27,2311.416956,True,False,False,1.9983178066244958,2.056663969527148
41.045983,51,2311.870015,True,False,False,5.119742169932169,4.695385956716707
43.148073,89,2312.58631,True,False,False,8.592451746439812,5.5245516720652
31.124195,46,2312.962657,True,False,False,3.289560095066537,2.7389657024451997
33.574559,32,2313.240755,True,False,False,3.003161944855487,3.055206860193472
43.679631,73,2313.827272,True,False,False,6.619792301335724,5.372714425704372
33.825551,62,2314.313836,True,False,False,4.048464289353334,3.4329512721084092
46.055021,48,2314.695617,True,False,False,5.782145540450951,5.621509206261962
47.152697,84,2315.445353,True,False,False,6.010978808548131,5.963863187768397
31.59992,27,2315.647866,True,False,False,2.9044272982524912,2.707810730663455
36.19422,54,2316.090835,True,False,False,3.9913736484956126,3.7703810567110105
46.433969,72,2316.687755,True,False,False,6.565406605425294,5.894465897042002
38.940459,64,2317.208179,True,False,False,4.593856423115064,4.425962048422446
35.662721,40,2317.598638,True,False,False,3.627519190939591,3.475029793898912
48.347229,98,2318.418308,True,False,False,7.009565039641779,6.446780428982023
47.677578,66,2318.930745,True,False,False,6.267304485523481,5.977063226874259
45.564931,84,2319.698178,True,False,False,6.779594235921441,5.692186381038234
36.577156,35,2320.036425,True,False,False,3.5398213027851457,3.5707615606172944
55.316216,103,2320.961999,True,False,False,8.28737972732765,7.73325030091123
37.568348,37,2321.252569,True,False,False,4.661002301527465,3.892583351059194
37.175057,41,2321.618922,True,False,False,4.464552376435498,3.834035310309563
26.615828,30,2321.869782,True,False,False,2.2690527459153405,1.8454518379356462
35.65063,27,2322.076758,True,False,False,3.406119349465159,3.411355366679339
39.972312,29,2322.28647,True,False,False,4.109949371720737,4.178934221560736
51.004775,94,2323.014374,True,False,False,7.913597289885768,6.904168446445148
36.123327,76,2323.594784,True,False,False,5.371527387851076,4.056026316130119
35.919981,47,2324.07851,True,False,False,3.876555075339036,3.6288869049021786
34.086927,41,2324.395162,True,False,False,4.005897734090565,3.252566090027401
32.215638,30,2324.627262,True,False,False,3.2089166044856166,2.9042480925920042
31.615055,24,2324.829638,True,False,False,2.6661541013960894,2.6415501801706336
29.033862,34,2325.10146,True,False,False,2.4383214960046846,2.2546961970365267
43.698619,77,2325.75639,True,False,False,5.4719142231055935,5.384129853348862
32.975512,30,2326.030319,True,False,False,3.2767691623819153,2.9831612589843144
41.322735,69,2326.555166,True,False,False,5.863254924466523,5.052418390207812
27.54183,13,2326.661545,True,False,False,1.6541003033761086,1.7474246893438374
26.91816,25,2326.881131,True,False,False,2.295274786593755,1.8373594019398403
32.346657,30,2327.113119,True,False,False,2.7929743181409825,2.7794563361534164
27.895813,41,2327.444979,True,False,False,2.5618219433173115,2.3994879681254004
26.497711,24,2327.637969,True,False,False,1.9981457914974787,1.7405644960979803
38.776219,56,2328.1159,True,False,False,4.78058688697197,4.480756185755192
33.451653,26,2328.351667,True,False,False,3.338563313911934,3.0216072739685713
39.474799,43,2328.684819,True,False,False,4.659575311949294,4.336341335032651
32.38253,41,2329.022105,True,False,False,2.995670153322096,3.1263924735679174
33.323628,48,2329.400549,True,False,False,3.4502103009031466,3.2091847069518664
45.29749,63,2329.931403,True,False,False,5.921129725346795,5.419589218977367
36.658353,48,2330.334823,True,False,False,4.187126620432035,3.756097978624761
27.898722,15,2330.451592,True,False,False,1.6652298274849568,1.834973667281904
49.872447,101,2331.292312,True,False,False,7.184741368865118,6.79136637854505
35.269814,48,2331.664958,True,False,False,3.7458216938648308,3.669703676306802
37.541717,65,2332.199462,True,False,False,4.326553959512022,4.0307696934555155
48.838584,64,2332.829493,True,False,False,6.43441223174943,6.141753925872546
48.743567,76,2333.555472,True,False,False,6.731039021833459,6.278391075549646
31.480677,28,2333.872159,True,False,False,2.4414564163607264,2.668062744192077
35.399615,53,2334.385741,True,False,False,3.5437350679609434,3.6403360647920335
42.991752,41,2334.708493,True,False,False,5.0088877948143065,4.90144533012766
45.341482,74,2335.291217,True,False,False,6.3773042060988745,5.7254940532694345
33.933753,43,2335.603947,True,False,False,3.438103994160812,3.24078285851566
35.350783,57,2336.060452,True,False,False,3.610815098983285,3.5601099369343108
31.580839,28,2336.275908,True,False,False,2.7579306335819878,2.7982213105431812
38.543769,52,2336.744131,True,False,False,4.694767527613712,4.22991981204035
38.133137,37,2337.039326,True,False,False,4.073318487701529,4.003951327523806
-18.017229,16,2337.157429,False,True,False,0.9474657747077341,2.161426515378519
33.660944,41,2337.491947,True,False,False,3.2046520094501108,3.1042588335075654
28.149877,15,2337.59605,True,False,False,1.9462933022734985,1.9504294604819454
45.136892,58,2338.064691,True,False,False,7.139645763119299,5.653272858500407
36.031192,41,2338.435598,True,False,False,3.7927326056195687,3.6475097481479657
41.904932,68,2339.078776,True,False,False,5.110331324036613,4.916241024272423
43.753058,49,2339.467057,True,False,False,6.095122684090158,5.130971981155495
35.527211,30,2339.709933,True,False,False,3.428413663238633,3.3612757775504987
37.046531,43,2340.052324,True,False,False,3.7985471574988297,3.7673832723880625
38.254159,45,2340.416931,True,False,False,4.056578607159775,4.002257262005852
30.836766,28,2340.643597,True,False,False,2.766175235148387,2.4759802601287633
39.348915,69,2341.252673,True,False,False,5.658275504833737,4.773454303914376
43.341617,86,2341.933681,True,False,False,5.538206670763281,5.315415309250038
26.815363,15,2342.060895,True,False,False,1.4373688221422145,1.632883027896216
28.068128,26,2342.26004,True,False,False,2.608621640290278,2.0604817805575606
-18.183732,13,2342.379186,False,True,False,0.8984685113764144,2.5072299562659275
40.170353,37,2342.65572,True,False,False,4.315074733718912,4.252840202566148
35.008495,36,2342.93893,True,False,False,3.188516233648617,3.310973365138888
25.830615,39,2343.376062,True,False,False,2.259715650581139,1.9205054142813844
28.301212,36,2343.654893,True,False,False,2.626081240527025,2.174044593302614
30.344185,27,2343.856044,True,False,False,2.451656753802609,2.432899648965189
38.882399,70,2344.427215,True,False,False,4.437069812107993,4.457992010488554
35.256721,59,2344.914184,True,False,False,5.131119159165459,3.7221186162866275
47.404812,52,2345.363746,True,False,False,6.137611141021529,5.932337961318945
28.733297,40,2345.830655,True,False,False,2.5114980724162965,2.261492793141704
41.833911,59,2346.351348,True,False,False,5.2441118797192,4.950948099475457
41.407326,39,2346.720932,True,False,False,4.53271254732524,4.492454436480381
45.053904,43,2347.080692,True,False,False,5.354286952180302,5.3548391433209535
32.004492,51,2347.556258,True,False,False,4.443392404266819,2.9885210275808207
33.127559,25,2347.792387,True,False,False,2.7876967319499784,2.884424850223177
47.058997,72,2348.448315,True,False,False,7.140615488285118,6.0107669923312415
30.282557,21,2348.617236,True,False,False,2.4063264398908553,2.413002727230823
31.494611,30,2348.85724,True,False,False,3.0034955282386506,2.612316868415596
28.190856,19,2349.00025,True,False,False,1.7580244503428162,1.9856058635962497
33.414901,54,2349.432099,True,False,False,3.3897361373113455,3.205754346639533
26.482548,17,2349.577958,True,False,False,1.8554034050658754,1.6263196983730075
35.227106,52,2350.042138,True,False,False,4.038561629909165,3.62109748798566
39.24472,41,2350.359851,True,False,False,5.052457117911311,4.304660003963537
42.550717,51,2350.759352,True,False,False,5.195066842563992,4.915474989535432
47.934437,59,2351.247687,True,False,False,6.867983844231469,6.008740733976608
36.55054,43,2351.604626,True,False,False,4.915381894982127,3.7173589520186483
27.520545,16,2351.736489,True,False,False,1.623335761811341,1.7981711426252966
41.275548,61,2352.279381,True,False,False,4.815184382124845,4.753369657457867
29.116618,17,2352.454723,True,False,False,1.9259936446685972,2.1013937849205564
35.130254,44,2352.819265,True,False,False,3.5141981870291263,3.488373736505536
44.363302,59,2353.311524,True,False,False,5.217964896244843,5.285881773296169
29.018094,34,2353.574971,True,False,False,2.444292892815361,2.200285902407198
33.506833,50,2354.058149,True,False,False,4.578613533048468,3.290774798838513
34.352444,34,2354.363206,True,False,False,3.724680420438608,3.30803128647497
29.795573,21,2354.53232,True,False,False,2.4384064012593116,2.295251305354398
37.209677,51,2354.938158,True,False,False,4.055111458298942,3.9297626820389127
36.41147,43,2355.306148,True,False,False,3.6760368603910667,3.7190069632181677
26.481381,25,2355.492832,True,False,False,1.633813948889936,1.6455028358481187
46.70984,76,2356.083562,True,False,False,5.902564583216936,5.7763030351854345
28.060178,23,2356.283135,True,False,False,1.7748627226949565,1.8930019715673454
27.470186,19,2357.025489,True,False,False,1.7582224409725657,1.8393580536503091
26.042699,15,2357.160533,True,False,False,1.3346998080793444,1.5066599409796493
35.50298,51,2357.595062,True,False,False,4.086445834722181,3.7410082250184096
47.59672,41,2357.970388,True,False,False,6.131072388526018,5.7825437734053935
45.207367,63,2358.558318,True,False,False,5.4452922865843965,5.474542159754192
33.728256,32,2358.838095,True,False,False,3.1046789651773983,3.133913171943402
32.813026,23,2359.063522,True,False,False,2.721860763927137,2.8881627874275764
45.168828,68,2359.572514,True,False,False,5.982520645997106,5.633125504633468
42.730089,69,2360.145604,True,False,False,5.27870324309955,5.055902713241532
34.587979,36,2360.447857,True,False,False,3.1833191632003994,3.2135807256462914
30.769959,46,2360.854756,True,False,False,3.3692682181623534,2.7427420728812044
38.950133,31,2361.104049,True,False,False,4.353783444702895,4.11390173970563
25.954349,17,2361.239922,True,False,False,1.4310200390516379,1.5607157546706347
31.536622,33,2361.499217,True,False,False,2.647056093980683,2.741809022679989
42.599387,60,2361.989949,True,False,False,5.441855857435464,4.863940919645264
28.975834,47,2362.359297,True,False,False,3.1390637363132305,2.479576817885054
42.575024,40,2362.694825,True,False,False,4.98421784244036,4.866851862204814
31.723362,41,2363.105389,True,False,False,3.298787840325393,2.8638717088797567
27.480072,29,2363.360548,True,False,False,2.660593313245501,2.169164903588294
25.865588,22,2363.525475,True,False,False,1.531967637873892,1.5383431189026622
47.131682,89,2364.250151,True,False,False,7.347717326254888,6.041020425632816
37.450872,69,2364.801777,True,False,False,4.011391254031575,4.07982933734904
34.952662,44,2365.236994,True,False,False,3.245643289837211,3.370026939929498
49.491647,98,2365.994153,True,False,False,7.708647611096196,6.490686599666208
40.942706,56,2366.428258,True,False,False,4.728844332937334,4.673312150370367
32.48357,42,2366.76167,True,False,False,4.607267105856946,3.0294729566156726
38.274933,51,2367.225975,True,False,False,4.6427563746007845,4.185581738953577
49.40266,93,2367.986239,True,False,False,6.980351670571705,6.3919045654252775
29.233123,15,2368.111181,True,False,False,1.9549910809209075,2.0682845274524366
52.093583,76,2368.739015,True,False,False,8.019008734465572,6.811390592861714
46.613091,79,2369.457385,True,False,False,6.113520900744088,5.784893647764735
44.324827,54,2369.922937,True,False,False,6.477819400546794,5.400362206279041
40.864164,49,2370.38083,True,False,False,4.910643929449119,4.66548873294571
31.277964,55,2370.866627,True,False,False,3.2954407587289243,3.1076337470943467
40.968153,54,2371.354138,True,False,False,4.59388204883763,4.5130018427404055
34.721495,38,2371.753822,True,False,False,3.6643235579991495,3.450106443898108
29.026642,28,2372.002755,True,False,False,2.384597818013961,2.255998465109038
31.643092,29,2372.227608,True,False,False,2.9893388633992264,2.684066694166205
46.509413,81,2372.910475,True,False,False,6.3503109329731116,5.926096690226116
34.658772,44,2373.30852,True,False,False,4.304447623012628,3.414065591419855
30.487104,37,2373.641018,True,False,False,2.601559876690734,2.599722805284478
36.128646,38,2373.994215,True,False,False,4.068172216479484,3.614747143192669
38.756819,48,2374.383917,True,False,False,4.134273029794039,4.139117605004802
39.088465,54,2374.833591,True,False,False,4.416360679724758,4.217166750512144
35.863947,33,2375.080506,True,False,False,3.789268868851958,3.5045768450703645
37.926733,56,2375.533588,True,False,False,5.975440533285501,4.087324253402311
38.287672,59,2376.10148,True,False,False,4.051150072446615,4.139638808335157
28.329159,20,2376.274652,True,False,False,1.9470537099882714,2.023699117369979
35.601112,40,2376.650038,True,False,False,3.368913187910948,3.483108965959473
29.657854,47,2377.110378,True,False,False,2.3759668425602585,2.4985803236845743
27.779438,23,2377.337662,True,False,False,1.777646973259135,1.8689963985205713
36.495023,52,2377.758785,True,False,False,3.8141895834264714,3.7695405520597003
32.466129,32,2378.044918,True,False,False,2.8422184106881776,2.870694802934833
47.785703,56,2378.515331,True,False,False,7.35252035351815,6.012415634172709
43.073422,64,2379.054621,True,False,False,5.384693558346114,5.25239448415625
32.150373,38,2379.412159,True,False,False,3.2453218454005412,2.9265161531967587
41.239363,81,2380.036962,True,False,False,5.818957473224849,5.164926079266775
25.978684,16,2380.189504,True,False,False,1.335143702529435,1.5725433168714233
46.774175,94,2380.987719,True,False,False,6.247351915610375,6.183173124568956
26.501046,37,2381.291622,True,False,False,2.1681423825108492,1.8876025639575147
32.546618,39,2381.595489,True,False,False,2.791206342454928,2.9461286968624827
31.062322,40,2381.903204,True,False,False,3.636523385235995,2.7983626442007776
32.918856,43,2382.259015,True,False,False,3.2522917007704804,3.083627429829277
27.544259,21,2382.481555,True,False,False,2.1542946981475164,1.8786833066013608
32.731878,46,2382.923167,True,False,False,3.05683151764497,3.1041887752239874
34.916249,74,2383.535847,True,False,False,5.127336954168171,3.83360539461391
42.603669,84,2384.198557,True,False,False,7.567328233860878,5.691023540868745
51.21719,80,2384.881525,True,False,False,7.8386304985161175,6.8742282949679065
33.071456,35,2385.173239,True,False,False,3.783802731914158,3.094376187025052
41.398187,59,2385.648123,True,False,False,5.164460141238943,4.7778241268439805
30.00377,26,2385.850516,True,False,False,2.791284500344949,2.377699430445159
26.37906,24,2386.035871,True,False,False,1.5969103282403647,1.6365807771961516
30.652827,25,2386.237875,True,False,False,2.4317874971078446,2.444111439042941
49.480665,64,2386.803859,True,False,False,7.00627493965067,6.326974956861927
28.665841,24,2387.043732,True,False,False,2.1742834028283182,2.140303806270832
35.407601,55,2387.541176,True,False,False,4.532959079325789,3.716288441152593
29.511687,34,2387.793948,True,False,False,2.5342277911084787,2.310157425632351
30.493742,29,2388.039663,True,False,False,3.065255527637485,2.6033531900928106
47.256288,59,2388.528868,True,False,False,6.373085494282706,5.841701792395903
45.714614,64,2389.077034,True,False,False,5.934742775042626,5.649220650720992
46.461281,49,2389.481428,True,False,False,5.739577849926154,5.6472055117453905
39.340716,63,2390.050236,True,False,False,4.234116147055755,4.388244744384042
43.998733,53,2390.529462,True,False,False,5.460480924166635,5.197778277193525
35.9168,27,2390.743089,True,False,False,3.601997810234421,3.4386614011658483
46.917265,54,2391.188692,True,False,False,6.186345936534785,5.792347681937806
26.571997,16,2391.338619,True,False,False,1.4555034773446973,1.6081235391199158
26.001824,15,2391.459186,True,False,False,1.7606295234072344,1.541630687880864
39.385726,51,2391.850129,True,False,False,6.011490789308905,4.4341135544880625
46.629636,77,2392.565017,True,False,False,6.3715816094282705,6.085150317113961
30.676964,39,2392.919708,True,False,False,2.6696780566154352,2.592171534216534
37.439712,34,2393.205081,True,False,False,3.999133235047022,3.835920503823416
50.559688,79,2393.911504,True,False,False,7.794740459333503,6.825409930108207
31.650635,25,2394.119581,True,False,False,2.460843642511188,2.667754727810863
51.421881,54,2394.553045,True,False,False,6.9415729754209865,6.556344216773347
40.041761,69,2395.107067,True,False,False,4.7226220477257295,4.5294844076981695
39.117465,43,2395.54531,True,False,False,4.2252811168520426,4.222557210631334
34.50641,42,2395.949012,True,False,False,3.0193278944219846,3.2619471321000284
34.797473,35,2396.25465,True,False,False,3.088199941913266,3.2741837023748968
42.926798,63,2396.73557,True,False,False,5.3191123818559465,5.185423538565836
31.558159,24,2396.921546,True,False,False,2.533868817786686,2.6685495856576558
35.0992,44,2397.293926,True,False,False,3.4113239530582025,3.4154975245212076
48.280738,62,2397.873452,True,False,False,7.031668304475153,6.049066804639981
37.66248,70,2398.425814,True,False,False,4.996827004627716,4.193846144190151
44.046094,65,2398.969579,True,False,False,5.485607712694464,5.223066415726273
31.92659,28,2399.197945,True,False,False,3.2663322972288933,2.875720684204254
43.480508,69,2399.785165,True,False,False,5.043169180736988,5.216197470198531
44.025152,47,2400.285839,True,False,False,5.496253827726432,5.228994498142179
42.871105,41,2400.622649,True,False,False,4.948776358373324,4.850566431978857
45.307246,48,2401.023809,True,False,False,5.335592513753598,5.2960073545832715
32.918816,25,2401.234881,True,False,False,2.7890976416968516,2.8997765928834056
37.944878,62,2401.741541,True,False,False,4.903840324583273,4.0691831071391995
53.520134,80,2402.663498,True,False,False,7.596257528853747,7.193689478998141
26.558367,23,2402.873594,True,False,False,1.804792952724924,1.7243654581490615
32.284229,28,2403.118848,True,False,False,2.6528769075863847,2.769603312364821
34.404731,27,2403.379423,True,False,False,3.5476014105081077,3.182108140360329
30.305038,25,2403.603947,True,False,False,2.355701834553684,2.4487984569543206
40.34341,41,2403.960482,True,False,False,4.718309635824701,4.438855948926318
49.043771,69,2404.628599,True,False,False,6.960316679101884,6.231635227305515
32.676768,28,2404.88557,True,False,False,3.0594523340023096,2.8140157763507783
38.716597,39,2405.211641,True,False,False,4.2553426034702815,4.030364836626154
31.664674,23,2405.386698,True,False,False,2.8127134232463917,2.69253539047508
32.052867,27,2405.653443,True,False,False,2.7592901355998576,2.7265691691905825
30.843165,26,2405.876082,True,False,False,2.38924496106899,2.4310069211756566
32.472902,38,2406.249347,True,False,False,2.8491387753168653,2.9015602233330102
29.824242,25,2406.527139,True,False,False,2.5620824811450382,2.3015692868778452
29.341077,26,2406.757645,True,False,False,2.2691453747236334,2.2656005699494792
34.725726,34,2407.096109,True,False,False,3.5203710666029764,3.3617284612473455
31.489881,34,2407.372365,True,False,False,2.642270376413757,2.7022551096083824
32.973863,36,2407.728961,True,False,False,4.033708498409764,3.0585245155151175
25.487581,40,2408.101596,True,False,False,2.2552417950239207,1.7670334065009423
43.983691,81,2408.884672,True,False,False,6.040112929103803,5.508049350621402
42.976282,54,2409.337533,True,False,False,6.03181814767785,5.138504561159412
28.968206,27,2409.551377,True,False,False,2.0257766303284157,2.162568093085525
28.90573,21,2409.722099,True,False,False,1.8739650204631937,2.0747494161799893
47.422705,81,2410.380031,True,False,False,7.050856180164563,6.019926988178232
32.808359,29,2410.623174,True,False,False,2.8384674233961973,2.95557959584574
36.702007,49,2411.081295,True,False,False,3.6421343588971897,3.7392983146213377
41.694784,58,2411.569388,True,False,False,5.6478145808170215,4.897065904551883
31.968297,30,2411.810992,True,False,False,3.1667068166822676,2.755473607201856
29.541309,19,2411.96436,True,False,False,2.1179602829543027,2.19172844025769
39.306559,50,2412.403933,True,False,False,4.064340574635831,4.154600836157997
29.626497,28,2412.682081,True,False,False,2.740188791066339,2.3460910084243447
25.661606,27,2412.91064,True,False,False,1.486007523627954,1.5734958512548172
47.627936,83,2413.689181,True,False,False,6.677040957854391,6.037607172897503
37.80483,42,2414.080619,True,False,False,4.050993150698884,3.9621205817374485
37.121475,45,2414.445763,True,False,False,3.6935934242442765,3.7744201011549707
29.572508,33,2414.769618,True,False,False,2.501355447491055,2.346249058772197
35.873597,34,2415.080585,True,False,False,3.75848675524615,3.537516005470757
46.572794,67,2415.657867,True,False,False,6.319741219988467,5.887672463062529
40.239679,68,2416.235323,True,False,False,4.885943319699787,4.606433258977097
29.24175,29,2416.665591,True,False,False,2.176626035098068,2.226403451227206
31.03633,35,2416.945417,True,False,False,2.7506753814554314,2.6332628274160563
28.789522,52,2417.439285,True,False,False,3.5920839196637937,2.481748639166371
43.529361,65,2418.024155,True,False,False,5.470900352656226,5.164247139683664
28.352902,22,2418.219506,True,False,False,1.8028738999376162,1.9390224244763432
39.030764,33,2418.477117,True,False,False,4.190967925798482,4.1187776820158195
32.375443,45,2418.870055,True,False,False,3.9628637971088554,3.101875365737728
28.829438,20,2419.028241,True,False,False,1.9645206860631723,2.074127793877602
44.72218,65,2419.59249,True,False,False,5.6699073430654305,5.5093759489257605
31.255135,56,2420.151348,True,False,False,4.208432753268141,2.9169809127399415
44.074364,78,2420.869108,True,False,False,5.721551598533303,5.420052657706098
32.775792,30,2421.139315,True,False,False,2.7843202869533923,2.8286530439712445
30.483647,23,2421.336342,True,False,False,2.9769289800648684,2.434577248239926
42.809847,62,2421.935864,True,False,False,5.299968745974861,5.087326507802357
28.171144,11,2422.027755,True,False,False,1.632699711565101,1.8050623564365311
43.002072,79,2422.67076,True,False,False,5.381747063429503,5.13582236642533
48.071152,77,2423.300256,True,False,False,6.504157866292546,6.035952373374828
26.801738,19,2423.494174,True,False,False,1.790529156605047,1.7143516503417624
36.270921,43,2423.896257,True,False,False,4.335654572785298,3.6770653742987154
50.153644,60,2424.435853,True,False,False,6.719306049116778,6.30607932586664
42.314826,52,2424.84269,True,False,False,5.026141777262841,4.853161657364989
40.998546,51,2425.289894,True,False,False,4.957473459184032,4.554775227898093
26.245528,18,2425.438423,True,False,False,1.4787818419918917,1.6100889647218428
44.092289,56,2425.903638,True,False,False,5.423747683649394,5.195609890769968
29.160518,25,2426.125545,True,False,False,2.1104753581421125,2.2414265731247047
32.151045,33,2426.427943,True,False,False,3.198544545720628,2.842634422151229
40.01561,47,2426.801466,True,False,False,4.923978645297528,4.46469181676524
37.907577,48,2427.203873,True,False,False,4.138610483723291,4.020708635311943
35.363536,41,2427.52487,True,False,False,4.265618875831137,3.5736709546687258
36.54594,53,2427.94903,True,False,False,3.8817601542321505,3.8655799842053336
30.460203,35,2428.271879,True,False,False,3.5991065742579518,2.6590231965826154
37.32829,47,2428.674237,True,False,False,4.170023497334453,3.969054781773852
48.886884,71,2429.255499,True,False,False,6.6015814837155276,6.312322608040576
33.062201,38,2429.556537,True,False,False,3.728932880520323,3.184734015920969
43.455005,70,2430.129912,True,False,False,6.24989196892241,5.148544221078128
33.47036,33,2430.406337,True,False,False,3.194363623918669,3.0023399938736484
45.044009,97,2431.183529,True,False,False,6.318286738579736,5.801987258547046
37.612371,50,2431.570502,True,False,False,3.97897978109937,3.9330494679195676
42.748764,43,2431.906232,True,False,False,4.855447642279724,4.859886786467524
27.369468,48,2432.279572,True,False,False,4.127402841789512,2.203742392711803
38.886617,45,2432.774098,True,False,False,4.531208246066062,4.331684823433765
39.770759,75,2433.422861,True,False,False,4.565177114514626,4.579225884630686
33.561485,28,2433.638891,True,False,False,3.1314598721032265,3.0967984090461593
46.647671,72,2434.196879,True,False,False,7.108068892358439,5.873164069820975
30.072781,23,2434.391071,True,False,False,2.3082894693470557,2.421983542748338
34.800791,27,2434.600582,True,False,False,3.2952651264625423,3.297732133668034
44.281807,56,2435.116875,True,False,False,6.495639348205362,5.420200991380723
42.713551,45,2435.470874,True,False,False,4.951838524614218,4.848605593328843
37.377485,52,2435.872973,True,False,False,4.001089996273476,3.9068169521256824
51.006662,72,2436.436381,True,False,False,7.30811420662503,6.5067185484339465
36.071554,31,2436.671396,True,False,False,3.567713806561056,3.5092953253004886
26.859009,22,2436.849701,True,False,False,2.1639512247545603,1.79373526316034
39.343688,49,2437.333269,True,False,False,4.13016263677021,4.34619131566662
48.815487,58,2437.812858,True,False,False,6.101407450171505,6.030005607029032
31.418353,37,2438.098402,True,False,False,2.6669443920320592,2.6993785631992435
47.134737,44,2438.466606,True,False,False,5.68297661001511,5.672408863178922
40.423055,65,2439.14009,True,False,False,4.854235901040488,4.590500443673872
47.187942,65,2439.675779,True,False,False,6.875797581470371,5.970174819284776
33.689979,37,2439.978902,True,False,False,3.7319173490841115,3.1269590953745423
40.243552,74,2440.541708,True,False,False,5.5360679844109,4.727743074765844
41.480802,50,2440.933504,True,False,False,5.3923832594787084,4.762264968790423
41.935544,52,2441.421404,True,False,False,5.1829926717022,4.86678808545007
37.914738,36,2441.699898,True,False,False,4.010030530521727,3.8784211748106077
37.777213,50,2442.086834,True,False,False,4.380512508300715,4.114790624825762
47.71348,88,2442.761826,True,False,False,6.910621217153151,6.358729044889607
31.565573,27,2442.957147,True,False,False,3.0913205764229765,2.698885469310099
