#{"t_start": 1789506487.599828, "env_id": "None"}
r,l,t,is_success,collision,timeout,path_length,start_dist
-27.027289,49,3.352448,False,True,False,1.7346429414616718,7.571680769127
-44.687048,160,3.552152,False,True,False,7.241532719724304,2.5885690819540144
-35.417495,300,3.937284,False,False,True,11.039754236698515,2.144932923178661
-36.92935,114,4.069304,False,True,False,3.1219884336180974,2.558960322687204
-36.858066,278,4.409794,False,True,False,13.941790503158556,5.103493710248505
-29.304097,300,4.776917,False,False,True,7.13131539972105,4.601645587491737
-21.613054,25,4.808457,False,True,False,1.4848919567411765,3.198671960255026
-52.847226,234,5.098126,False,True,False,10.404582364443673,5.676107940889284
-25.936072,56,5.168664,False,True,False,2.5730414847998135,4.021854765358763
-12.374658,300,5.53141,False,False,True,9.427300911053157,3.4975347659191423
-53.906993,239,5.82726,False,True,False,10.344969199661708,3.1571212896403718
-20.632795,93,5.940891,False,True,False,4.897634191368105,3.3333490298086406
-29.10043,242,6.247714,False,True,False,8.07701836204767,7.199234985484703
-36.798365,183,6.463598,False,True,False,6.9039305906231325,1.9757676795784944
-30.501043,186,6.684396,False,True,False,5.914404685267892,3.6667805074930193
-35.881026,105,6.874671,False,True,False,4.902804858109323,4.122836036846122
-42.43184,152,7.056588,False,True,False,6.227801639109853,6.167604577063425
-34.165215,115,7.201792,False,True,False,5.896806705974827,2.408978925857395
-46.460079,300,7.564719,False,False,True,9.129404649390633,2.2748454242475975
-44.276698,216,7.831866,False,True,False,11.43950952196848,3.4490572700002846
-20.153217,7,7.84171,False,True,False,0.3219818897751715,2.4403335518134575
-31.311659,237,8.136243,False,True,False,8.52516197229725,3.052100689653193
-36.113153,155,8.331465,False,True,False,3.521838340201996,3.367067719503741
-41.69729,240,8.648386,False,True,False,8.587578887531656,4.715947750425046
-18.552189,300,9.026593,False,False,True,9.540169565025334,4.376667446314533
-24.524311,300,9.404382,False,False,True,6.591538984400186,3.3557533085764044
-30.983858,49,9.466496,False,True,False,2.487254645957301,4.9655319793453065
-35.182926,84,10.715763,False,True,False,4.272637639458776,5.971723144444473
-20.932335,73,11.710998,False,True,False,3.1650293540480576,2.5084243965191106
-22.129428,300,15.780085,False,False,True,10.896515134821723,4.262756977353802
-27.059589,110,17.229085,False,True,False,4.306608144794339,4.850305496267959
-26.349369,300,21.310598,False,False,True,10.111535026910195,6.104803377020811
-27.56981,300,25.310186,False,False,True,7.752242017631583,3.6143365958672815
-53.50849,238,28.565371,False,True,False,8.60953314583846,5.626572706534742
-13.910884,300,32.54664,False,False,True,7.926075794549909,2.672972840285995
-21.248021,300,36.632014,False,False,True,13.483848297377417,2.1715582071322834
-34.310643,251,39.985391,False,True,False,11.054009884711316,3.1031792292376075
-25.802479,300,44.067597,False,False,True,12.642322510053361,5.967098770649732
-43.327481,148,46.016433,False,True,False,6.1826088356650715,2.0591791851655916
-25.914896,300,50.121619,False,False,True,9.33505419548123,3.986897375222663
-21.192835,300,54.170244,False,False,True,6.440422004408602,6.156533792863157
-27.275493,300,58.236866,False,False,True,14.31697372191551,3.5007963978409915
-31.270693,300,62.34466,False,False,True,13.069974103357684,3.125852936007505
4.9512,290,66.293644,True,False,False,10.520649152175977,1.6060883530906915
-33.532984,300,70.208588,False,False,True,9.95103503240191,2.088229957999253
-34.827967,300,74.31425,False,False,True,8.130846801495816,4.691769048236498
-11.370331,300,95.459227,False,False,True,14.47033451906788,5.65477283228215
-41.166247,300,99.41675,False,False,True,13.153982517420076,2.1946919878406685
-13.951997,300,103.495043,False,False,True,9.590003781674252,4.844271032882098
-27.773419,300,107.459439,False,False,True,14.861775895418104,3.6171659774400955
-20.797712,300,111.404617,False,False,True,15.197985702922667,5.237181784934513
-16.716426,300,115.362014,False,False,True,8.241127536396837,4.095814405385494
15.370763,259,118.901022,True,False,False,13.154001548263546,3.083914428742136
-23.294059,300,122.944532,False,False,True,9.88039916506915,5.013343542419097
-24.529271,219,126.015493,False,True,False,8.871457036819534,7.171609398740727
-34.036828,165,128.111672,False,True,False,5.06282486975335,4.609143252183058
-33.54377,300,132.221785,False,False,True,12.954127720160415,2.220635670816582
23.97882,59,133.030555,True,False,False,3.7132263482053918,1.9334080211074043
-25.355388,181,135.438201,False,True,False,7.666642313575133,3.148171107230114
-23.284644,300,139.423495,False,False,True,16.966610432439325,2.822255557647027
-28.653598,300,143.472742,False,False,True,9.29271900684851,3.7576523211531985
-23.191951,300,147.37349,False,False,True,12.22084463589347,6.374186262567801
-17.733068,300,151.645505,False,False,True,12.925978838323614,3.2477595436681863
-6.131169,300,155.847528,False,False,True,11.371428429834117,4.274601254021102
-16.354204,300,159.982334,False,False,True,11.580157583948541,2.913457782797499
-17.88796,300,163.980572,False,False,True,14.383065423884384,2.6466215095669385
-13.331749,300,167.912418,False,False,True,10.226546111342788,3.5965014938554924
-22.774081,300,171.824403,False,False,True,9.182904115829828,3.7787288958494987
-21.823834,300,175.786256,False,False,True,8.500653950533017,1.5455648994832492
26.168631,42,176.399336,True,False,False,2.3998712658377017,2.0137552419309266
-14.563343,300,180.455204,False,False,True,6.403456437726708,7.397683345642376
-24.19846,300,184.469506,False,False,True,15.7084413943434,2.54957097456364
-24.037862,300,188.6102,False,False,True,10.529387539642963,3.7930835545736525
-20.994999,46,189.256276,False,True,False,1.6789253082704592,2.2622107781950302
-23.307698,300,193.253091,False,False,True,11.588361846710118,3.3164397438788358
-30.223128,300,197.260439,False,False,True,6.914222679023218,3.77497519229292
24.465833,78,198.301265,True,False,False,3.7740230777252313,2.172484304657213
25.107563,267,201.870039,True,False,False,12.558639577669165,4.951000887515314
20.029892,243,205.044402,True,False,False,9.959473626534267,3.625407302802446
27.796674,99,206.388731,True,False,False,5.180152641870413,3.029455749544948
6.931534,269,210.008502,True,False,False,11.084947692439833,1.7164755837593082
2.609523,300,214.086572,False,False,True,8.666961795676594,5.926831579239246
-21.130596,35,214.609886,False,True,False,1.0017245637598835,4.356984798426926
-14.082323,37,215.118901,False,True,False,2.188075527328259,2.9452367774780894
-5.082137,300,219.214118,False,False,True,13.218410794223447,4.747911948376107
22.454824,63,220.066818,True,False,False,3.9232164496897077,1.6540418688373173
-7.573582,300,224.169747,False,False,True,9.676773164271253,5.977886032185478
-25.272822,300,228.311709,False,False,True,14.447999054453659,2.1799572907738334
32.315218,127,241.28222,True,False,False,6.388769095784118,4.364562692096178
-14.622853,300,245.193263,False,False,True,8.751574393887187,2.915652554430874
27.55717,210,248.100424,True,False,False,11.542447695979249,4.470768200606397
-23.42755,300,252.116212,False,False,True,9.596070183193016,4.885483928119306
-20.468034,61,252.948777,False,True,False,3.134959883432591,4.055041168080807
-20.861617,4,253.002395,False,True,False,0.21284055945030245,3.884531277604425
11.118126,249,256.506224,True,False,False,11.272080956035264,2.867409756748053
24.169293,179,258.833815,True,False,False,7.571219371386022,3.413241787340891
-23.024915,300,262.88872,False,False,True,13.639556678111857,1.9919999594189661
26.55255,169,265.061846,True,False,False,7.443754475636993,3.7060095634556087
-33.349771,188,267.596103,False,True,False,7.283096424710561,2.6094416348042215
13.749175,265,271.129892,True,False,False,15.10756348894989,2.8132552905551416
26.470402,33,271.582002,True,False,False,1.789101622797371,1.8395757698421782
26.283099,57,272.382171,True,False,False,2.2693265636444764,2.1618297303110836
-6.347332,300,276.425968,False,False,True,7.445719431826426,4.10816914785211
-34.472885,114,277.999532,False,True,False,3.9419559312395482,4.904035071891133
-23.021981,205,280.745512,False,True,False,6.614984671466105,4.516820357597314
30.587491,219,283.801176,True,False,False,9.007088128132693,4.979716857302241
26.531328,40,284.343381,True,False,False,2.0594893781798382,1.9379244460304283
-24.742747,259,287.842516,False,True,False,8.248930034704697,5.898311399821912
-21.942939,298,291.838798,False,True,False,12.39270639494929,6.325749338235892
29.300113,88,293.033761,True,False,False,4.672999675616233,3.12148967093354
26.184092,124,294.67043,True,False,False,6.1196385534660065,3.1457663042889275
-18.356665,19,294.930425,False,True,False,0.902894906983664,4.441095503694422
-16.346785,113,296.420938,False,True,False,5.288551305918625,3.8936742545471454
26.984974,22,296.721885,True,False,False,1.9367380277625599,1.830621426596048
33.64271,71,297.671359,True,False,False,5.282666978053853,3.7647941837602796
25.015866,152,299.803257,True,False,False,4.55586047126578,3.4715224642466103
27.533282,28,300.169636,True,False,False,2.156472547109128,2.0817088018071344
29.172975,227,303.180488,True,False,False,11.766827546614897,5.289625827659466
-17.79963,95,304.470709,False,True,False,3.78182485442868,4.182958557451497
37.435293,166,306.692191,True,False,False,7.523279160838035,5.5911664417844475
-3.198306,300,310.778421,False,False,True,9.192623302534546,5.941144210673045
25.591316,45,311.412926,True,False,False,2.0013117451402427,1.8739803772033536
-21.805066,30,311.828719,False,True,False,1.6108394410361069,2.404735881539639
-22.136847,107,313.285486,False,True,False,4.821162848580684,3.6297162485079237
-14.108703,44,313.873589,False,True,False,2.671219806276723,4.711802205101605
27.149864,89,315.060457,True,False,False,4.242120052982561,2.71832550377336
28.215304,80,316.128295,True,False,False,3.963120723979788,2.845183648416153
-17.354281,30,316.542919,False,True,False,1.4585799409724949,6.224302361628684
20.803635,141,318.477391,True,False,False,7.220951732211998,2.662705044197653
26.306766,50,319.186582,True,False,False,2.3667823043794476,1.9827127561694222
-22.067632,300,323.322539,False,False,True,9.271374524471097,1.5329989616096376
35.882528,170,325.647355,True,False,False,8.183928454717218,5.651028518401783
28.378552,66,326.577196,True,False,False,3.107706030500648,2.6653958053504296
25.587906,95,327.790328,True,False,False,4.83788959009339,2.5527734044953103
-14.190271,48,328.427537,False,True,False,3.2606107730181457,3.8330415169651095
26.689161,59,329.283273,True,False,False,3.1590020057888055,2.270524422547274
30.605381,148,331.330336,True,False,False,6.455743411149396,4.202394402817731
-25.118376,109,332.808553,False,True,False,5.672748679367696,5.686775355682905
27.713218,149,334.897308,True,False,False,9.506879564963606,4.023937816897666
-12.14336,148,336.833127,False,True,False,7.568425585805874,5.276684089712917
27.919572,43,337.373739,True,False,False,2.7684887423980844,2.2590885982458255
38.801817,44,337.937875,True,False,False,4.530419152801194,4.277759264489533
-13.412045,54,338.649338,False,True,False,3.6440261477514855,4.700003357526969
-16.676344,36,339.119712,False,True,False,1.815529694765083,4.054229995988293
-12.173799,52,339.786667,False,True,False,2.8921975490250253,3.831726307233251
-17.810869,23,340.090224,False,True,False,1.159767564788755,5.146813894866704
25.752082,81,341.140172,True,False,False,3.889602296722602,2.3302980780376146
-13.553115,70,342.125174,False,True,False,4.168775005429078,3.882405204802646
32.748961,96,343.45748,True,False,False,7.747255229194272,3.9077593099506474
26.264882,22,343.745483,True,False,False,1.5858228579582045,1.619922501966612
27.222292,215,346.639353,True,False,False,11.073215932682135,4.330507886044763
31.723144,123,348.223122,True,False,False,8.352730348103846,4.116837880962161
26.09752,56,348.967501,True,False,False,2.7993823637323882,2.0366225564897973
26.074122,214,351.916008,True,False,False,10.594838997125338,3.9645427842839203
-19.459651,30,352.295159,False,True,False,1.5789901661145846,2.628038003146313
-20.969421,31,352.73422,False,True,False,1.716345287663103,3.182927765787228
12.000438,296,356.694579,True,False,False,13.052333009666322,2.613090042373432
-20.982031,71,357.63757,False,True,False,4.093407497122799,7.124319556913705
22.67802,81,358.678881,True,False,False,5.185624215889054,1.7568049892174846
-17.99455,12,358.854477,False,True,False,0.7124393867612653,2.38082373737308
-18.254624,189,361.357909,False,True,False,12.543111355842838,4.3702270428099945
37.564713,79,362.397432,True,False,False,6.919822328185933,4.964525900826716
29.383337,251,365.725105,True,False,False,8.752707821146663,5.082150503774021
-15.632538,30,366.117812,False,True,False,1.6427812312366155,3.2793912804137975
30.98667,107,367.564306,True,False,False,6.1579792040468515,3.5822369157899723
24.485624,113,369.143114,True,False,False,8.878840683835314,2.631187962433395
29.563685,56,369.892876,True,False,False,4.116878017008162,2.6793386018792895
-7.519502,300,373.956788,False,False,True,14.74663964955908,4.886385223874219
-19.283565,36,374.425354,False,True,False,1.0892776545869811,6.722998885078844
38.472641,178,384.85674,True,False,False,8.781479672116857,5.73904536664688
27.203299,80,385.868377,True,False,False,4.18260635715932,2.7419891673776875
-20.42301,10,386.011593,False,True,False,0.5446471562553348,4.3130185440247715
-18.102305,21,386.295676,False,True,False,1.050056837441123,5.286472497775655
-8.727624,300,390.208314,False,False,True,15.752377761918394,3.9495535217892974
-22.687706,73,391.165684,False,True,False,4.654517383557925,2.02719645883587
20.738729,171,393.520256,True,False,False,8.089032325028883,2.732836796413481
28.473259,77,394.559323,True,False,False,5.775784169625032,3.225278126246579
26.711321,109,396.011498,True,False,False,4.564388533475109,3.016518864304695
42.663758,108,397.467077,True,False,False,7.71007036551229,5.741254642348164
32.43815,40,397.947104,True,False,False,3.221101093207258,2.9905178721885273
33.154383,46,398.528589,True,False,False,3.812683235339543,3.2972397568794976
29.049913,23,398.827491,True,False,False,2.103815897484679,2.261039071968182
44.812084,135,400.52671,True,False,False,7.261752372354632,6.391157835712422
21.196999,90,401.649927,True,False,False,4.614028851790439,1.6217985521901395
32.679929,76,402.628671,True,False,False,6.737757478647887,3.7150473905729418
31.686582,40,403.150495,True,False,False,4.475324741121619,2.923537869993059
20.242485,191,405.685601,True,False,False,7.541377908404424,3.1602833175109084
25.055671,267,409.24001,True,False,False,11.236074770713074,4.677492365501045
26.81782,120,410.801172,True,False,False,8.644755951325795,3.056995408697057
27.125196,80,411.842943,True,False,False,4.377605670519085,2.5154819164184494
30.814112,71,412.774465,True,False,False,5.235538799324995,3.1462036107016935
-11.347851,300,417.018201,False,False,True,7.909013954475431,7.4367687383293
25.688167,48,417.692581,True,False,False,2.5259724130729055,1.8030425286619045
-19.839516,79,418.93134,False,True,False,3.898360065443872,4.905920314484989
34.298041,221,421.867476,True,False,False,9.756376132636012,5.813871562371246
27.45813,48,422.478276,True,False,False,2.599966833416726,2.232685916464554
-12.840502,37,422.970762,False,True,False,3.288589789833529,2.657207528634874
-12.975958,35,423.438722,False,True,False,2.783392783521088,3.9577977651673852
23.729231,58,424.210072,True,False,False,3.8195851723019767,1.7191706578400487
29.318156,42,424.79651,True,False,False,2.5867251527550286,2.451570638224294
40.694245,109,426.321667,True,False,False,6.449897032933981,5.458697387195561
31.046712,130,427.960145,True,False,False,10.742326235192087,4.3275276518424075
17.723507,168,430.182417,True,False,False,8.84413385908998,2.1202077592226214
26.487535,180,432.605708,True,False,False,10.646144106262781,3.649324003238042
33.981857,118,434.200988,True,False,False,9.610731507151051,4.459687167405385
-18.104775,19,434.467237,False,True,False,1.6333269979474312,2.6915229647239927
27.036911,209,437.413715,True,False,False,10.829401906326302,4.514890771367465
40.3847,59,438.168208,True,False,False,4.64937351818447,4.559503937168899
-16.856113,300,442.119516,False,False,True,14.743990445502918,5.306258192187579
35.643392,207,444.885102,True,False,False,10.337723417721659,5.839043984325263
-22.74559,47,445.530271,False,True,False,3.818393356625299,2.610893504701157
27.251873,20,445.825466,True,False,False,2.0521190304777965,1.7721858759681475
-11.284163,300,449.878093,False,False,True,11.975498626335668,6.176169261043086
27.709006,246,453.18107,True,False,False,13.383305829860074,4.998603694865571
28.917708,20,453.412817,True,False,False,2.0832503463790397,2.14449905487929
29.363482,31,453.822323,True,False,False,2.8061303488028546,2.384894027626948
-20.445721,41,454.370526,False,True,False,2.8823608348149468,5.158385297983402
33.275317,119,455.932348,True,False,False,6.403236801684248,4.161689527288936
-13.826284,32,456.359624,False,True,False,1.7819530003806452,3.4570980989839346
-13.492967,37,456.802437,False,True,False,2.8002767079483935,2.8490932371862123
30.072986,109,458.383738,True,False,False,4.875793445474981,3.427615575782402
27.309814,16,458.620124,True,False,False,1.7530243107483112,1.7749177918540016
-4.537968,130,460.30857,False,True,False,8.613895982961983,5.6050781631582165
33.216816,274,464.189698,True,False,False,14.652653795794983,6.008575600519574
-14.492909,54,464.96666,False,True,False,3.0068825956426335,3.9061618720220044
32.5034,46,465.551963,True,False,False,3.017536702347342,2.983366649435203
-0.524828,92,466.789556,False,True,False,5.9493598736195255,6.415831876560313
31.163321,74,467.822001,True,False,False,4.892406638795558,3.4019412792746446
27.870683,64,468.85869,True,False,False,5.42604271388091,2.601637444709071
25.432452,146,470.727279,True,False,False,10.373302906377337,3.256782152962565
38.923418,169,472.994205,True,False,False,11.904346937114063,6.098949629727269
30.863125,128,474.644291,True,False,False,8.32698546123941,3.844613421641192
29.033323,30,475.033252,True,False,False,3.210372631496338,2.263051033181895
-16.31983,300,479.005378,False,False,True,12.346430165812716,5.438117963526699
31.587682,33,479.457005,True,False,False,3.087777602770892,2.7779416399294576
-23.57163,86,480.587699,False,True,False,4.35468222824637,2.4666015079685004
33.3405,28,480.962376,True,False,False,3.373366577697882,2.927922730320525
27.52163,187,483.504228,True,False,False,9.841385339422796,4.115015942651924
27.688531,33,483.964753,True,False,False,2.4406401057200036,2.0214467894608577
41.284265,55,484.668879,True,False,False,5.105769184710719,4.844232725058649
32.897635,97,485.968537,True,False,False,6.375121376185265,3.9914083093722446
37.372527,210,488.88558,True,False,False,14.567288594206307,6.200675966792225
31.454678,172,491.298573,True,False,False,10.564590172278404,4.720205807589019
39.951706,168,493.557198,True,False,False,8.39493279859492,5.833123022506671
30.928048,208,496.326459,True,False,False,11.647938288879173,4.809120765992058
27.923736,36,496.822694,True,False,False,2.2334520543197938,2.0873357411559375
26.433854,10,496.958514,True,False,False,1.3672165858870964,1.5268228665180734
35.46522,173,499.384754,True,False,False,9.16695305939038,5.165039198162871
25.709239,31,499.809685,True,False,False,2.5127282648639198,1.6880971404075495
-26.296866,213,502.546763,False,True,False,11.882381405350477,5.917730848344866
32.281732,89,503.749931,True,False,False,5.751983842565851,3.7626935081132262
36.847222,43,504.302606,True,False,False,4.839326967964691,3.833843353327439
40.592332,96,505.629294,True,False,False,7.41712526442437,5.32336247530834
35.728319,61,506.448922,True,False,False,5.138638739145543,3.8672732127384895
33.958694,189,509.099699,True,False,False,10.30388902716765,5.185935417839485
36.057572,33,509.530014,True,False,False,3.573353305683554,3.5997286555666106
35.907355,63,510.363015,True,False,False,5.862537245362538,3.915454831838625
-16.485351,214,513.178712,False,True,False,8.319294127743268,4.637935509661696
29.392019,24,513.47024,True,False,False,2.366189418160142,2.298464483848455
37.699728,40,514.006592,True,False,False,4.0190175576578175,3.8591686169939443
31.922972,43,514.617534,True,False,False,3.161315679384458,2.9243124518275136
36.730943,106,515.985057,True,False,False,5.487779686525864,4.480757679926886
25.521527,137,517.735356,True,False,False,9.234578571342567,2.9764260830469897
-28.337516,150,527.411912,False,True,False,5.723651592800701,3.9430797543829703
-7.156389,300,531.796984,False,False,True,14.814648436684832,5.25812901456918
33.836621,65,532.65957,True,False,False,5.302236652912988,3.6093184209640268
27.789791,37,533.172607,True,False,False,3.239732579276037,2.1725482535901905
28.378272,35,533.666615,True,False,False,2.663630460400111,2.1947690655139556
38.427928,45,534.214902,True,False,False,5.170772753302687,4.222150063948273
31.639947,69,535.181743,True,False,False,3.6948107625715845,3.2214478225587917
-11.286244,300,539.124768,False,False,True,7.105415254459857,5.661221652292332
25.756024,26,539.475719,True,False,False,1.93870696794544,1.6287741272977787
31.179878,36,539.93696,True,False,False,2.8767479812823527,2.6779077483237126
-19.984694,300,544.043456,False,False,True,8.753574597177472,3.8176151189693037
32.684976,216,546.941243,True,False,False,12.60130929158602,5.202038398254921
42.157886,126,548.590339,True,False,False,7.497468729467915,5.629923151895572
26.99272,18,548.813405,True,False,False,1.6743929749044935,1.7138820208813021
28.443148,29,549.187708,True,False,False,2.2639768634274775,2.10454923963262
40.53485,124,550.813153,True,False,False,8.073868008283805,5.449094319636424
30.129944,81,552.003941,True,False,False,4.772713210177252,3.1044504202634737
32.926501,155,554.248065,True,False,False,9.61943657976948,4.697263341826587
27.442635,42,554.859172,True,False,False,2.9176256512749545,2.0738633098365216
37.653738,67,555.724098,True,False,False,6.05722431165147,4.437614169208637
36.791067,205,558.498304,True,False,False,12.123877677629553,5.547758431739414
-10.458289,95,559.738272,False,True,False,6.700140510512893,4.799995950755675
24.182334,86,560.874304,True,False,False,6.7645619568413995,2.3703359736822844
28.568754,42,561.434955,True,False,False,2.9160881729196646,2.260103443563032
25.139269,216,564.327965,True,False,False,9.840314804132317,4.061564897615707
38.341801,43,564.901371,True,False,False,4.8999481404257725,4.148348282419856
26.878634,19,565.189996,True,False,False,1.6817485399417396,1.7804724389270221
27.415989,95,566.428702,True,False,False,6.7834604251941535,2.954748458136239
-10.52415,39,566.93735,False,True,False,2.779491173712629,4.771231349526052
28.762907,125,568.511167,True,False,False,6.545548393127434,3.3842845005722726
33.723646,140,570.549276,True,False,False,6.399682398726396,4.390334319178635
31.695752,98,572.024787,True,False,False,7.005257059342973,3.7609160321419424
34.93292,54,572.753185,True,False,False,3.914012295207198,3.6918388567135745
27.765694,39,573.310502,True,False,False,2.973530440685844,2.1106740112740474
29.368902,43,573.881924,True,False,False,3.2274402976792236,2.5489886327061413
28.704996,45,574.496143,True,False,False,2.926793014839706,2.412637725722591
26.754694,126,576.18419,True,False,False,8.665220797632955,3.033794947828409
35.940772,87,577.274217,True,False,False,7.168642423445347,4.297946798700463
37.685943,58,578.026963,True,False,False,4.989425529372273,4.1579296798808345
37.385041,171,580.57336,True,False,False,9.180960242855164,5.596240713616371
30.689662,41,581.088521,True,False,False,3.1699541530751527,2.7664395921129863
35.381292,64,581.915743,True,False,False,4.663106752092116,3.759924693548385
42.015709,137,583.808004,True,False,False,7.728285455559122,5.965619151524517
32.344297,63,584.653042,True,False,False,6.098701450576074,3.2741120203801937
25.817375,20,584.892796,True,False,False,1.7559981652276129,1.5614860967025301
35.123404,64,585.743581,True,False,False,4.969173857878677,3.7283862898500715
31.861982,29,586.128916,True,False,False,2.9836745248640355,2.730329768729776
34.357321,38,586.596508,True,False,False,4.323363421684001,3.3612938487011186
43.269292,72,587.504045,True,False,False,6.47160766484097,5.348745667144981
29.248515,35,587.959987,True,False,False,2.2650600550533517,2.2514453974191198
28.230517,52,588.681167,True,False,False,3.554200899363209,2.388912789945772
-7.156721,24,588.983566,False,True,False,2.7870225902717713,3.299668624962982
-0.482714,71,589.851931,False,True,False,5.046496602879899,6.348343278848245
31.541023,83,590.903651,True,False,False,5.446693061796497,3.2423765191359655
29.433866,26,591.243609,True,False,False,2.121962217579947,2.2442623094957557
39.573088,147,593.202335,True,False,False,9.454014866428988,5.891263112524457
30.9026,27,593.544527,True,False,False,2.489917345133103,2.55359996805312
22.125462,83,594.649204,True,False,False,4.151651214858961,1.595188419237962
40.8034,96,595.900432,True,False,False,5.700436840108391,5.008385430551503
38.874841,149,597.893983,True,False,False,7.939705011380584,5.382891636601743
34.348914,52,598.574328,True,False,False,3.6259706755761516,3.4154764501236428
-9.88181,40,599.121029,False,True,False,3.1023010816999053,4.972138508931734
33.547104,44,599.697672,True,False,False,3.8331171915324256,3.177682990453387
38.497956,56,600.467601,True,False,False,4.770409760048193,4.372622303011541
36.956832,54,601.22236,True,False,False,4.63795584935416,4.024769105822432
34.507,75,602.233634,True,False,False,5.198449565251531,3.7964691648289777
36.164328,60,603.047354,True,False,False,4.886597626740417,3.943197185231578
29.478626,26,603.389626,True,False,False,2.214555784667171,2.3310547103220114
34.494244,72,604.382116,True,False,False,4.329071484389056,3.698496431929416
30.161117,121,606.042942,True,False,False,5.921311353794562,3.4886112671909943
41.384784,102,607.347443,True,False,False,7.422997988093483,5.3445486549392225
27.287428,39,607.8622,True,False,False,2.635455424836944,2.127295104535636
34.075926,50,608.517881,True,False,False,4.12813491717748,3.349077833178046
37.382732,57,609.259587,True,False,False,4.925441532371087,4.068827433745148
-19.342314,29,609.67034,False,True,False,2.1464738453562004,1.6283668857718911
40.698476,95,610.842551,True,False,False,6.44787599809936,5.348964352189214
33.240084,164,612.989707,True,False,False,7.877996620323795,4.777210874949138
30.683552,65,613.878329,True,False,False,5.634579979692198,2.989809552800511
36.06757,54,614.628812,True,False,False,3.9559619981441245,3.737805868970859
32.80838,36,615.082697,True,False,False,3.8321589491737647,2.989452298876887
-24.830626,97,616.344,False,True,False,6.481578389452984,4.477844942666529
39.170373,49,617.002693,True,False,False,5.0504284354467925,4.395998336791085
47.662776,145,618.870331,True,False,False,10.884092637941793,7.3490692023239115
39.424008,59,619.703786,True,False,False,4.944394069678934,4.453747348669684
32.111317,29,620.071459,True,False,False,2.9343176115727307,2.7028050635723933
42.663551,69,620.984501,True,False,False,7.199944908581944,5.2580549043023215
30.808499,20,621.278482,True,False,False,2.277848555579917,2.4095305250236603
29.226832,31,621.654769,True,False,False,2.4596620657085126,2.3028649671247985
31.651372,39,622.176922,True,False,False,3.1453031036887285,2.7947818760713456
-17.682169,23,622.490212,False,True,False,1.0235145788845532,4.9118878577268275
32.919106,70,623.40657,True,False,False,4.978255338829565,3.3556781238046085
38.991351,52,624.091028,True,False,False,4.263278082781089,4.2718148121041875
25.971807,23,624.412722,True,False,False,1.5384724240944898,1.5398557285272543
39.695152,87,625.586019,True,False,False,6.791619865132552,4.731262588364843
27.715302,17,625.816479,True,False,False,2.026257833259179,1.8870475450083182
31.68127,23,626.103336,True,False,False,3.059019537246551,2.6710707533236397
33.272458,45,626.714186,True,False,False,4.151369768639269,3.2122862135123254
43.367459,118,628.328499,True,False,False,8.391124809419578,5.802169962529723
32.092188,25,628.652332,True,False,False,2.677863741102924,2.7680869285383967
37.425093,98,629.898109,True,False,False,5.122133854921135,4.415600239127982
31.795824,78,630.952766,True,False,False,7.413319544847738,3.5082805256213287
32.578295,26,631.333593,True,False,False,3.1365660453351545,2.820342741090896
25.042069,206,634.07686,True,False,False,14.360500159218859,3.7746315857305195
21.907569,104,635.448875,True,False,False,6.424865469622274,1.910252818872564
36.54802,56,636.219527,True,False,False,4.693866108759559,3.8311973674657347
29.489547,33,636.680139,True,False,False,2.2636018879312885,2.3157587598646114
-17.051729,48,637.283749,False,True,False,2.6692191453338316,2.29503732426138
35.863425,52,638.006576,True,False,False,4.127348903910614,3.831014842816517
27.469802,25,638.324669,True,False,False,2.660172706055594,1.9439388379188538
26.845521,25,638.705831,True,False,False,1.631936996054452,1.7257153899839603
45.531817,100,640.043763,True,False,False,8.28611008262396,6.231764563276405
40.586322,128,641.7369,True,False,False,6.909000810502084,5.349242595838518
43.097963,139,643.531729,True,False,False,9.798168069384595,6.260732808997338
41.52504,69,644.451016,True,False,False,4.923367344701572,4.835273922068797
46.101019,123,646.037072,True,False,False,10.904800369883848,6.6354578117452405
28.639396,77,647.064206,True,False,False,5.555019927475954,2.764166450140411
45.114683,94,648.35539,True,False,False,9.578910129976864,6.093311086684946
40.483495,97,649.700541,True,False,False,7.276829318837816,5.148968190956547
27.422023,31,650.121708,True,False,False,2.4141884028211082,1.8796089965914333
39.568474,63,650.966274,True,False,False,5.194215516032043,4.54676970939385
33.073941,27,651.336724,True,False,False,2.9792875664297513,2.9665166142126407
33.235533,54,652.04627,True,False,False,4.924543170690353,3.340912567623334
44.461071,52,652.743457,True,False,False,5.700236381795379,5.417950697702812
24.813263,29,653.108774,True,False,False,1.8678952936342792,1.8157683608838044
35.859937,46,653.708746,True,False,False,3.6790017782043223,3.5638267978434928
41.299487,44,654.293112,True,False,False,4.980861101968664,4.746729773014364
41.897849,88,655.474158,True,False,False,6.9256580757672515,5.368885348807499
27.710916,21,655.764245,True,False,False,1.8501855962719136,1.8437491991997468
16.542615,191,658.351812,True,False,False,10.236460220289262,1.8951011957601278
35.333907,59,659.13093,True,False,False,4.628727172867185,3.8505949711728378
-14.617555,30,659.511294,False,True,False,1.9648676451496394,6.2111487789926505
36.30802,127,664.991462,True,False,False,6.542025121101769,4.49876075453175
37.844509,49,665.678888,True,False,False,5.261525929666935,4.139243472586283
31.959287,25,666.006734,True,False,False,2.5273760690405807,2.6820023809040894
39.55455,70,666.986544,True,False,False,4.780280075086847,4.447226173540861
27.405781,26,667.457468,True,False,False,1.6708509162866183,1.872588811928343
37.530556,44,668.029505,True,False,False,4.66446991376172,3.928376189978188
26.072297,17,668.252994,True,False,False,1.497301029241203,1.5386083318510495
38.985411,99,669.548772,True,False,False,5.645419623354056,4.689377378727173
26.709262,27,669.930325,True,False,False,2.157645305192199,1.8583045942641772
37.360642,41,670.449795,True,False,False,5.012164996058998,3.9146581362389843
37.960581,52,671.160541,True,False,False,4.718130959414746,4.14717609321012
31.053937,95,672.386161,True,False,False,8.647624818188335,3.429281256576804
32.479092,81,673.421299,True,False,False,5.133747028578138,3.4415997100347058
29.94768,32,673.875625,True,False,False,2.5940211694316226,2.4037313271487597
26.752656,34,674.317186,True,False,False,1.7667889679706752,1.8154943487335442
39.054325,86,675.4093,True,False,False,5.611387900375128,4.681924756109769
45.845254,88,676.553368,True,False,False,9.634487914891332,6.053285405972597
29.55343,28,676.925079,True,False,False,2.862980337321055,2.3691101879210925
33.277034,75,678.03099,True,False,False,4.91138020270861,3.459783307305962
41.385918,83,679.154654,True,False,False,6.209465598674126,5.179578479366481
27.087723,44,679.739484,True,False,False,3.3160200315665196,2.182240368543176
28.691714,54,680.454221,True,False,False,3.354128962340881,2.426896680503409
39.418226,86,681.568026,True,False,False,6.7949589863550095,4.910300844236238
26.855362,31,681.973255,True,False,False,1.9257084310749109,1.8215279147689758
32.931138,47,682.614073,True,False,False,4.5452759351696574,3.337656712844825
32.21121,52,683.327326,True,False,False,3.913092356439522,2.9972010706962413
33.654244,58,684.076431,True,False,False,4.076162005540764,3.380661628204856
39.21089,80,685.142258,True,False,False,5.637312690464265,4.5295202351241
30.36139,39,685.667752,True,False,False,2.628867948397524,2.5712594548570085
34.173955,103,687.020286,True,False,False,7.0590100087471805,4.082073846877365
42.170796,42,687.56608,True,False,False,5.232512077256681,4.878892432829154
41.954621,94,688.817482,True,False,False,7.730723139050548,5.429093682985448
46.592112,96,690.068547,True,False,False,8.121661412846064,6.094714553828577
49.223021,88,691.191021,True,False,False,6.820222610152425,6.534166040204107
28.637447,24,691.488458,True,False,False,2.5908238468002764,2.1692225337674036
42.919465,87,692.65534,True,False,False,5.667732815708071,5.307676774209078
29.427758,85,693.826758,True,False,False,4.947908858225323,3.0286020990976623
34.965334,73,694.844139,True,False,False,6.126103367306714,3.7667094352516304
43.818909,68,695.736813,True,False,False,5.542893253133262,5.285793566626476
43.226445,94,696.935336,True,False,False,7.57457840588956,5.5840056684974755
39.879791,52,697.582657,True,False,False,4.922101127091859,4.527100261194804
35.896571,89,698.75088,True,False,False,7.482365393805449,4.263672445891507
30.887287,193,701.189039,True,False,False,12.836976034870709,5.192158791177319
47.857776,151,703.096799,True,False,False,8.625440105832189,7.05492185929412
27.931905,16,703.291817,True,False,False,1.7782186304736345,1.912053856467486
24.627137,54,704.000021,True,False,False,2.8075676772852645,1.8231452280978053
27.648063,76,705.015991,True,False,False,4.7707354883625746,2.518041310908496
31.280185,28,705.392778,True,False,False,2.5395634993113747,2.5905368177160537
44.735346,116,706.894945,True,False,False,7.688745211298122,6.151637454817986
39.307442,107,708.218147,True,False,False,6.640192112497778,4.87648657963835
34.759151,56,708.921061,True,False,False,4.904055876679855,3.6772165451021213
-18.809306,12,709.069611,False,True,False,0.7580617150035107,4.723573704011213
26.35635,17,709.262832,True,False,False,1.4153241626881785,1.5847738404344682
37.141774,53,710.008268,True,False,False,4.650329787443639,3.9351585859531477
26.952751,243,713.194412,True,False,False,14.768556291723712,4.64041569142362
39.528363,87,714.297239,True,False,False,6.309905696513652,4.79534563149596
35.886272,51,714.946469,True,False,False,4.129911119182689,3.7248564867522584
32.312536,43,715.502584,True,False,False,3.0435089034890317,2.8936572175598996
43.996237,79,716.536377,True,False,False,7.774373910248789,5.698170231101172
29.591547,36,717.028886,True,False,False,2.6353027974823098,2.3281759853228947
30.041024,101,718.34336,True,False,False,5.397416504903611,3.6283812539526057
29.911114,59,719.165351,True,False,False,5.261181806836134,2.8133122906112527
32.805109,61,719.961452,True,False,False,3.7563607988745122,3.2517095929985564
27.690179,30,720.343221,True,False,False,2.0283675071941745,1.9210732941539423
42.05192,75,721.328346,True,False,False,6.377392768769641,5.2120698522873585
42.15821,63,722.190033,True,False,False,5.82771177092152,5.113322836180781
36.149141,42,722.695281,True,False,False,3.5893336820956807,3.6193312702058837
29.710563,39,723.244916,True,False,False,3.7070778980724066,2.517516575110912
27.932593,24,723.564519,True,False,False,2.3631091573676413,2.0371844045817227
33.779334,42,724.125146,True,False,False,4.571122966382575,3.344161929244471
45.527678,95,725.397663,True,False,False,7.5753995252275175,6.014481334493575
40.401915,54,726.130288,True,False,False,5.8168297597392,4.571228082975373
42.756045,71,727.020608,True,False,False,6.541372119303904,5.285769155075168
36.725289,38,727.490483,True,False,False,3.6213026580393444,3.719127782439594
31.346278,61,728.315401,True,False,False,5.01819853414691,3.006260213556797
26.664895,19,728.544638,True,False,False,2.048683404354971,1.731140950941878
29.047263,47,729.161012,True,False,False,3.4488242399049915,2.4772765691675307
35.966703,41,729.71402,True,False,False,3.4508431193676232,3.587388345998311
26.659034,25,730.054248,True,False,False,2.03620505141823,1.757779864168526
35.615143,70,730.952456,True,False,False,6.150958332771137,4.090720812957297
30.743049,28,731.318738,True,False,False,2.7589918799467417,2.519005952178371
41.761799,63,732.172284,True,False,False,5.847604706162651,4.901729622826706
33.674823,35,732.708562,True,False,False,2.9854487175499314,3.1170692845557184
31.660723,32,733.138072,True,False,False,2.4841573693788646,2.6354981387135856
27.694011,32,733.582081,True,False,False,2.953507060266,2.1210634898681326
36.030331,62,734.409626,True,False,False,5.387595634645286,3.965391036354074
31.303955,32,734.846962,True,False,False,2.424595317624017,2.5928538289108323
27.444003,49,735.491502,True,False,False,3.734532186724598,2.1319860724502186
32.279253,47,736.117349,True,False,False,3.0776062114690568,2.9384735304417227
-10.709101,26,736.450121,False,True,False,2.4193625153198153,6.722024244977482
35.437512,57,737.161265,True,False,False,3.4242694712380097,3.5566642214115496
31.228799,44,737.759195,True,False,False,3.6864115460405626,2.8457145308007266
34.238203,171,740.055642,True,False,False,9.638241841456997,4.846575109746363
30.582776,37,740.533833,True,False,False,4.154837852163403,2.6651125953912764
52.32708,99,741.845518,True,False,False,8.0896418656374,7.122103414686875
37.029651,72,742.78908,True,False,False,5.735302816452777,4.252851018189217
35.354264,54,743.484702,True,False,False,3.980631495050416,3.6332577225130707
42.068159,64,744.309334,True,False,False,6.929108999713317,5.093648158308465
32.847756,25,744.621464,True,False,False,2.847079953570508,2.8503200239106006
28.031481,31,745.039044,True,False,False,1.9663508092112045,2.0130806654377285
41.56983,73,746.20468,True,False,False,5.590282246909948,5.004140285418671
31.365303,31,746.662176,True,False,False,3.0165424720777745,2.7415120117582044
38.593145,60,747.563362,True,False,False,5.373764912045854,4.2638604793955714
28.045002,58,748.497603,True,False,False,3.7476573860326083,2.351987578147027
42.6059,65,749.35715,True,False,False,5.1711022793981485,5.017974173110791
37.19329,96,750.681044,True,False,False,5.975062599339956,4.426338255626636
29.211942,34,751.172106,True,False,False,2.7417511048647945,2.3308697590970557
26.692207,21,751.480598,True,False,False,1.975959707028978,1.7575140433774872
22.514911,94,752.832229,True,False,False,4.185217130031264,2.2825151573074822
42.748177,55,753.591076,True,False,False,5.059612427460389,5.04304201364498
44.779072,54,754.306375,True,False,False,5.498439850162879,5.3055631320216765
41.086452,44,754.829705,True,False,False,5.037553002311949,4.618751065754347
38.245512,91,756.02415,True,False,False,6.873425443136426,4.509106413305905
35.23228,37,756.559794,True,False,False,3.6625947434014012,3.4058761322760898
41.032662,107,758.117644,True,False,False,6.188449399055343,5.264427575330822
30.058798,31,758.507825,True,False,False,2.562129456522556,2.368562106268391
35.781704,51,759.16502,True,False,False,4.606126614428318,3.6539724752632687
31.322796,82,760.206478,True,False,False,4.77420077722288,3.228124742045597
35.588105,84,761.337176,True,False,False,5.082260707016984,4.05560135121634
26.486198,15,761.547405,True,False,False,1.5625595410124185,1.630349100916416
31.707745,36,762.04302,True,False,False,4.300285077440619,2.8947299965888282
33.406589,49,762.737481,True,False,False,3.6310636595156383,3.284977313556842
26.221163,15,762.920848,True,False,False,1.5176647253681352,1.516459614164995
27.757729,61,763.780648,True,False,False,5.265662321455253,2.5661419157445033
33.706716,33,764.208846,True,False,False,3.1424093015126586,3.0943828330251413
41.692887,54,764.985131,True,False,False,5.131775292750197,4.845148937836165
-18.336686,7,765.069394,False,True,False,0.4824029835599273,5.181187516260456
38.907578,71,766.011801,True,False,False,5.8324846664187655,4.537913569052557
32.245274,54,766.705449,True,False,False,5.48979431399321,3.092221085723909
36.152252,94,767.974072,True,False,False,5.309149403638894,4.241714138232426
40.874725,49,768.642074,True,False,False,4.986241920255586,4.661452411220471
47.577459,94,769.856046,True,False,False,6.347066399553217,6.131871817181239
45.620176,115,771.381202,True,False,False,9.98441702877202,6.505559661809564
40.560931,91,772.60546,True,False,False,5.523164806074503,4.911835730674516
43.644198,51,773.235444,True,False,False,6.0928531405506625,5.14965091126278
40.126552,86,774.363149,True,False,False,7.188439727664009,5.014387812429708
37.768471,59,775.255147,True,False,False,4.64326479369876,4.110526201878209
29.410833,33,775.649034,True,False,False,2.3434954891664694,2.3762904005096117
36.952908,96,777.10314,True,False,False,7.148695804005936,4.6562968491108805
34.270395,88,778.346794,True,False,False,4.3182644091203315,3.7501857277278905
36.279093,55,779.024341,True,False,False,4.857808778729643,3.835896337744336
42.274151,64,779.870702,True,False,False,7.282343317446046,5.067782241477571
42.139973,63,780.664855,True,False,False,6.38539463454772,5.431047217034348
33.321353,65,781.57749,True,False,False,5.083500865885182,3.504696377343275
-9.14513,46,782.185658,False,True,False,4.104760258877856,4.248859751851818
32.504081,37,782.650306,True,False,False,3.3114801368356677,2.964020053958402
31.219511,40,783.182628,True,False,False,3.0082159709637875,2.7366018667221663
39.24384,63,784.064708,True,False,False,6.3659566957020175,4.65156978982672
35.428655,64,784.945319,True,False,False,5.679791042576285,3.9051615061128735
35.906813,96,786.29952,True,False,False,7.134685917448435,4.361173158541054
31.007698,38,786.742418,True,False,False,3.2109454500875603,2.719462925975029
28.054909,40,787.230349,True,False,False,2.2241789150711697,2.173663366067343
35.590297,69,788.181038,True,False,False,7.0747179529840905,4.045399780018854
39.966722,73,789.254441,True,False,False,4.82069900847913,4.606546137677735
42.367755,62,790.129308,True,False,False,5.875900845963185,5.018677986599765
35.577859,45,790.697774,True,False,False,3.816745889133008,3.598242463527635
-13.624713,29,791.140379,False,True,False,1.7229915836618042,4.924594876779759
34.25219,124,792.791516,True,False,False,7.8939894883112665,4.21944135969489
32.627248,60,793.597261,True,False,False,3.720615774588893,3.127228230909716
34.052208,47,794.209701,True,False,False,4.4845379548243836,3.3013874885047296
30.167775,34,794.655512,True,False,False,2.3942871609533567,2.389945554514285
26.263492,28,795.057551,True,False,False,2.01220117056261,1.7087017804050861
28.814928,26,795.424777,True,False,False,2.580037831776339,2.1944322935134117
38.305069,39,795.961807,True,False,False,4.3018757555625795,4.075983982917022
33.23384,60,796.71125,True,False,False,4.224933470290413,3.5163618969245936
34.373652,99,801.95558,True,False,False,5.730507524470204,4.082752563842373
31.384385,24,802.3174,True,False,False,2.629496994502389,2.62772361666668
38.313988,74,803.25137,True,False,False,4.643865458435536,4.3309493836651995
28.712095,27,803.594331,True,False,False,2.4979502733244168,2.1608006612539654
33.867697,27,803.92353,True,False,False,3.704064278792062,3.0839396690069685
29.754381,23,804.224397,True,False,False,2.139912037965912,2.2845898578690464
29.486313,29,804.580937,True,False,False,2.742220140764817,2.2568862961802583
43.078574,91,805.7661,True,False,False,7.594537877184639,5.402654601973907
32.773092,34,806.251647,True,False,False,3.1448716278289255,2.980222940478634
38.461694,58,807.114802,True,False,False,5.610105771006513,4.380013209475793
32.611293,61,807.923317,True,False,False,5.244523529875517,3.3720572243624654
32.228045,51,808.627183,True,False,False,3.577238633028552,3.068456309531502
41.091175,59,809.517734,True,False,False,5.674790671032171,4.773344575352369
25.863727,20,809.807871,True,False,False,1.4682991166210941,1.578213286491595
31.921067,36,810.30988,True,False,False,2.8040734795399898,2.8958705145011834
42.932832,74,811.450339,True,False,False,6.22291660501844,5.108182227362305
30.62876,37,812.026387,True,False,False,2.6501682265575557,2.590683379396417
53.342128,110,813.53023,True,False,False,8.946251209143961,7.363752157789061
31.593804,42,814.089256,True,False,False,3.1531225414599033,2.8429761406802334
32.565984,37,814.569107,True,False,False,3.3640387967597007,2.9643523662899893
29.83405,31,814.946091,True,False,False,2.4909533455864494,2.412731544941696
-14.275502,18,815.178605,False,True,False,1.3868582899607462,5.6136778696806
40.551741,64,816.042552,True,False,False,4.764025355923153,4.634245051195551
28.514865,65,816.8609,True,False,False,4.5191329074544075,2.5730133705677947
30.442538,23,817.182083,True,False,False,2.2012278149496876,2.3757034262258325
41.483414,80,818.338563,True,False,False,5.217632001871164,4.9757698523211165
29.047094,45,818.965034,True,False,False,3.045426074928346,2.3666471689235604
44.321761,60,819.805653,True,False,False,5.66513358428425,5.278964718783869
28.80407,69,820.812672,True,False,False,3.788360084611794,2.6773676410990843
34.390202,44,821.443717,True,False,False,3.389821063795761,3.2934711270335235
26.646977,23,821.72954,True,False,False,1.711215630295077,1.688176511482933
34.72772,84,822.793117,True,False,False,5.325590798991434,4.0633270970149065
34.39432,43,823.352998,True,False,False,3.775230644911788,3.360814167224263
31.304602,63,824.118569,True,False,False,4.705635418409337,3.1103860018101335
32.962233,54,824.725623,True,False,False,3.711490828099688,3.1405708411738154
46.792388,49,825.385201,True,False,False,6.162422399376072,5.616177128251557
39.698323,47,826.012891,True,False,False,5.265581069770101,4.381680196077097
29.103638,30,826.423689,True,False,False,2.226673962063241,2.251266773373561
29.837085,19,826.680603,True,False,False,2.282764503944915,2.304322526037076
28.949692,40,827.246913,True,False,False,2.90699395688062,2.3194531957313647
41.851149,49,827.876959,True,False,False,5.5316299846275685,4.841461002474181
36.842403,105,829.341649,True,False,False,5.281287896132631,4.412386714468711
36.165324,32,829.764493,True,False,False,3.768273766428652,3.5658629395295725
30.430766,67,830.618181,True,False,False,3.831659059316663,2.9867107004087514
28.936246,38,831.121213,True,False,False,2.49470653764509,2.246170424584652
31.132154,52,831.799432,True,False,False,4.744025340373818,2.927252231658227
26.841226,102,833.189848,True,False,False,6.351685872152993,2.746768431552582
39.532503,101,834.510637,True,False,False,6.56557594107287,4.799401314154334
30.11433,29,834.880446,True,False,False,2.2405052230445826,2.3885571667864594
42.217009,58,835.648073,True,False,False,6.605577083257067,5.005717796834689
26.268345,16,835.874097,True,False,False,1.4829772294562766,1.5841697312168055
34.573549,49,836.508039,True,False,False,4.455532297873515,3.562918239041398
29.292823,37,837.055521,True,False,False,2.7886510839559233,2.3817560773479385
29.78587,35,837.493526,True,False,False,2.8726309767001776,2.6548411003801577
52.197897,127,839.205105,True,False,False,8.659743096381085,7.612127288120003
28.703593,31,839.709017,True,False,False,2.314300754218086,2.17599352313895
25.047758,41,840.236352,True,False,False,2.510807809885881,1.6048660538058261
29.425507,31,840.677044,True,False,False,2.178828114392292,2.224592023709249
47.42997,92,841.789074,True,False,False,7.246363177550227,6.278780740405216
39.206146,92,843.05603,True,False,False,5.485467900566585,4.662314018772198
46.817743,94,844.376141,True,False,False,7.366142631670371,6.492712099636721
25.820081,21,844.64147,True,False,False,1.5002768523151944,1.5357452143442933
-7.554302,42,845.149722,False,True,False,3.447769826619137,5.26248403730234
29.086153,20,845.399961,True,False,False,2.194072873651307,2.190956239171272
45.433349,99,846.640262,True,False,False,6.874908932916125,5.8830405716669025
39.192761,128,848.312667,True,False,False,6.2400879543728855,5.127266329010398
-15.935661,17,848.58829,False,True,False,1.069170387105603,4.536123355660681
31.284006,46,849.279417,True,False,False,2.6916874434926985,2.7674689791164826
45.184404,83,850.499709,True,False,False,6.275870483286397,5.65522409364073
-4.925871,31,850.892901,False,True,False,3.431293164642738,4.617553739748779
36.087641,76,851.958408,True,False,False,5.603857365937749,3.922547695588875
35.593479,76,853.023202,True,False,False,6.43269811811663,3.887999033831484
32.928062,42,853.615747,True,False,False,3.904620361795168,3.1677103264923896
34.721782,63,854.513583,True,False,False,3.8141557474683734,3.6389476944334453
32.201499,57,855.262674,True,False,False,4.308479169186265,3.1662142270156934
29.862591,27,855.650493,True,False,False,2.165124081088613,2.2632364960056757
40.997811,63,856.513205,True,False,False,4.851460965230001,4.723032455441109
34.504799,34,857.011203,True,False,False,3.264534866310756,3.316029373443406
42.535921,67,858.01534,True,False,False,5.78627434491787,5.092934506713069
42.245365,65,858.943034,True,False,False,6.189227241945766,5.11267773498782
42.093869,60,859.739996,True,False,False,5.1834388688523685,4.967232601006932
31.31,50,860.389204,True,False,False,3.7829625184118507,2.7762672760759757
35.803192,56,861.160731,True,False,False,5.088645878682876,3.776150966908289
41.623386,82,862.097712,True,False,False,6.973444565553131,5.2225328178961155
42.879908,71,862.981976,True,False,False,5.589226440815783,5.195158293603051
35.383687,73,863.9413,True,False,False,6.895185596050653,3.8942476788173006
45.171376,93,865.132731,True,False,False,7.5135222192978945,5.834116714327347
40.646413,64,865.97402,True,False,False,6.023393169547119,4.733342214152922
26.785212,21,866.229973,True,False,False,1.743374271527533,1.7607213171438802
29.149408,28,866.608616,True,False,False,2.769903880514945,2.229654349663286
43.907451,87,867.648958,True,False,False,6.516333300194545,5.356031419264618
41.946727,173,869.696966,True,False,False,9.326655078781469,6.300918279590797
34.6241,59,870.433522,True,False,False,4.288928788493191,3.482665915849059
29.894897,26,870.763059,True,False,False,2.6608212391752444,2.381576928265325
35.49958,36,871.190168,True,False,False,3.671764692378673,3.4845347576355996
27.302227,33,871.581376,True,False,False,1.9801473680376052,1.935077721311723
41.357589,102,872.932666,True,False,False,8.45306092997573,5.318753052451784
36.349062,92,874.225913,True,False,False,6.626496195111249,4.335478647845243
32.555662,36,874.703982,True,False,False,3.55267283136876,3.0399501218383524
37.505047,45,875.283703,True,False,False,4.996663283911807,3.905212216559104
27.549603,24,875.590031,True,False,False,2.255484771272732,1.994290461648643
40.945146,106,877.070657,True,False,False,7.495561820146016,5.258517060615914
32.063613,88,878.214713,True,False,False,8.045382813803084,3.488908922508853
30.442222,30,878.627961,True,False,False,2.4241511615989424,2.5070101983879227
26.664979,25,878.977526,True,False,False,2.9219428567812415,1.7493859762924775
39.938442,83,880.063942,True,False,False,7.731292279738875,4.8731087068661685
26.65583,95,881.296021,True,False,False,5.005711808496093,2.6087011341369797
53.625579,107,882.713643,True,False,False,8.560213023881182,7.624227807802846
33.673326,55,883.447438,True,False,False,3.751031089898947,3.2564042273859184
32.672843,54,884.209517,True,False,False,3.924188796568511,3.2152457196162074
34.47169,60,885.028382,True,False,False,3.83821824220896,3.543643487782877
27.704228,49,885.631872,True,False,False,3.315411347678759,2.1338301632148755
37.386795,50,886.364063,True,False,False,4.142517492324047,4.0074329117621295
45.718709,75,887.3833,True,False,False,9.695991470063955,5.969031645330415
31.435184,34,887.831367,True,False,False,2.8957783398208177,2.7039091415413874
35.144813,69,888.596123,True,False,False,4.21318210542776,3.6836650718365718
32.433561,55,889.296075,True,False,False,5.050456309270914,3.166770278297697
35.031038,28,889.689766,True,False,False,3.347119413080204,3.274863488451763
26.627559,87,890.907666,True,False,False,5.8589894965788725,2.487112722823587
50.990272,87,892.073231,True,False,False,9.248400997911416,7.12899913115105
44.500438,82,893.102611,True,False,False,7.151322038739914,5.702227009003089
29.644947,27,893.472009,True,False,False,2.555059563546561,2.2877406247317413
35.364761,74,894.461966,True,False,False,4.389064605483824,3.8354670023447217
43.963348,99,895.739089,True,False,False,6.5364326781118915,5.628145483222686
51.59902,133,897.60475,True,False,False,8.280281031606004,7.315056056483237
37.68773,95,898.83299,True,False,False,7.032706655917276,4.851879078855891
28.056777,30,899.263227,True,False,False,2.6864515007219887,2.0417763682113805
46.338174,102,900.577698,True,False,False,7.863370950489846,6.232310624720659
32.237488,27,900.932566,True,False,False,2.8554280231682623,2.738200701885904
33.492979,43,901.523008,True,False,False,3.9708651133275814,3.2665440528383685
28.661771,52,902.216032,True,False,False,2.792329272915266,2.48139878180501
37.86516,71,903.130457,True,False,False,5.185196767925133,4.417457704510421
29.692137,146,905.159904,True,False,False,6.742515242618907,3.779177464173296
33.035312,36,905.668086,True,False,False,3.336660076508103,3.080205781804642
46.315361,96,906.981857,True,False,False,7.222826785910294,6.022512081134621
30.517845,30,907.401819,True,False,False,2.8142319038653474,2.399711528414339
30.996258,42,907.965048,True,False,False,4.256142629280472,2.9513409064703264
31.268551,22,908.275389,True,False,False,2.3522998127741843,2.5342754432807806
30.419061,31,908.717581,True,False,False,2.8547789991253554,2.4855650208305478
30.137621,39,909.268507,True,False,False,2.885923988509105,2.494257322224476
46.913804,125,911.022205,True,False,False,7.738086118498071,6.379248762378104
25.512555,63,911.906225,True,False,False,4.088940393729241,1.992134735780942
32.45939,54,912.621166,True,False,False,4.972117052944458,3.221701363565163
34.070512,43,913.106047,True,False,False,3.9955184937770656,3.2974895101090915
-17.818921,14,913.30244,False,True,False,0.796970459151501,2.6533121221633276
25.863997,28,913.68059,True,False,False,2.070046514116057,1.67510206539525
32.074267,54,914.549912,True,False,False,3.309468100483407,3.0202153889348553
26.488755,57,915.38432,True,False,False,3.1899752101721717,2.011760411189631
48.65311,95,916.650087,True,False,False,9.020579515532265,6.5397926934061825
32.613508,71,917.60766,True,False,False,4.593690714220958,3.36908114055964
30.59469,47,918.255039,True,False,False,4.356277762953655,2.761990815905323
34.389036,46,918.802679,True,False,False,3.8381499828281043,3.383268381371144
39.589107,72,919.633974,True,False,False,5.208858930218578,4.5027388737728655
44.419661,81,920.678574,True,False,False,6.730167163814522,5.557809485571647
39.844525,46,921.255016,True,False,False,5.295386218467422,4.466935369002753
46.400778,80,922.309952,True,False,False,6.238178559591005,5.856922630310212
-17.137058,21,922.563596,False,True,False,1.626976195071441,7.043742662709851
31.428287,22,922.848091,True,False,False,2.588539469718166,2.5125451662274982
31.878992,41,923.384192,True,False,False,3.4029518637792586,3.144347758370476
32.217833,40,923.954742,True,False,False,3.6623565070346586,2.956978042991297
30.80286,26,924.279936,True,False,False,2.843171900388951,2.526933758313686
31.623475,29,924.763639,True,False,False,2.763939789780579,2.7871977515711976
48.8683,65,925.653651,True,False,False,7.060243401650156,6.2651816475315725
29.124208,33,926.255362,True,False,False,2.2658141629406163,2.2763381616148943
27.941985,20,926.643188,True,False,False,1.9346187706912144,1.8924205900670148
29.119684,51,927.399505,True,False,False,4.700167214031793,2.4986987148670283
41.402517,66,928.284604,True,False,False,5.954488412947248,4.873786342685998
47.507092,56,929.063628,True,False,False,5.915506991557536,5.7893913525477405
38.104724,75,930.149675,True,False,False,5.944199765167896,4.445035892799926
43.65715,92,931.323411,True,False,False,5.581941305770522,5.456565198529742
41.58983,48,931.930479,True,False,False,5.435077205314535,4.702029042737819
33.934023,49,932.614002,True,False,False,4.003461196078218,3.335404129047494
36.457668,57,933.340813,True,False,False,5.051053630736,3.876200120865544
25.278131,28,933.687139,True,False,False,1.5139164276118495,1.549265237224506
27.790603,33,934.147672,True,False,False,2.1480974099699477,2.0669979914156538
32.472566,52,934.821366,True,False,False,4.808388488008227,3.070239490588072
41.963404,95,938.611852,True,False,False,7.834792853887096,5.505036254263928
43.369802,117,940.072701,True,False,False,8.14173424978467,5.822258180968836
40.106045,59,940.8978,True,False,False,5.798953029614649,4.627372230311858
45.960858,81,942.015483,True,False,False,7.430979745010534,5.9495030649388685
34.069916,54,942.77312,True,False,False,3.9264957049593057,3.4291230359739115
31.169391,50,943.475645,True,False,False,3.11279597733933,2.797895505966334
48.405294,95,944.698655,True,False,False,6.501016140038055,6.293757552444689
34.521119,39,945.191888,True,False,False,4.424292591133968,3.471890834684959
31.008056,37,945.623222,True,False,False,2.490036997613814,2.609228554910022
27.208939,33,946.098828,True,False,False,2.626996309409198,2.0137716929428247
34.37962,29,946.448024,True,False,False,3.3496509918530997,3.201734259506222
28.348133,21,946.700282,True,False,False,1.9901038853533057,2.086767215735277
36.808516,43,947.222693,True,False,False,4.099134669541737,3.868648315543647
32.622565,27,947.654185,True,False,False,3.113977943100289,2.9030417640726833
25.473973,33,948.057945,True,False,False,1.5814340262410556,1.623951667696771
25.746655,45,948.743171,True,False,False,3.1364307361030046,2.0941646160243317
37.275608,68,949.653005,True,False,False,4.370366668397708,4.14709303141859
31.969769,46,950.291526,True,False,False,3.306330851932142,2.99885645814753
33.542644,43,950.848698,True,False,False,3.3450080374757913,3.234883922185861
32.876253,40,951.415452,True,False,False,4.024668684476325,3.1451982527722095
27.26882,42,951.947742,True,False,False,4.005799607393388,2.207339688629071
48.105742,83,953.014726,True,False,False,6.7214882880527,6.067947678261562
31.910196,41,953.587964,True,False,False,3.331972420206449,2.915908690109856
26.919566,22,953.876631,True,False,False,1.510157997979164,1.6792522195456276
37.812966,49,954.556165,True,False,False,4.4119416991541,4.0932951354711955
32.206819,48,955.184711,True,False,False,3.869747887141647,3.017623062742812
36.133375,41,955.714311,True,False,False,4.514254198666848,3.776858809771451
27.477304,41,956.281148,True,False,False,2.1030360409645446,2.0433619005148214
41.050287,126,958.164843,True,False,False,5.9773082155606385,5.365642658060759
34.733515,41,958.737626,True,False,False,3.8703406006753904,3.355779783792918
33.435747,51,959.436473,True,False,False,3.766559159496179,3.2247471150159543
29.748516,27,959.766904,True,False,False,2.219040059361482,2.362624788008767
37.815314,43,960.322123,True,False,False,3.8797568832016656,3.9416736750800774
44.26828,87,961.540236,True,False,False,6.738551198879992,5.625477827246652
33.976529,70,962.516191,True,False,False,5.823260015560632,3.56865772503818
50.531696,75,963.480805,True,False,False,7.3287056370732895,6.83692517800439
34.032178,57,964.281048,True,False,False,4.9114547708015435,3.4487028970062616
26.244216,15,964.483474,True,False,False,1.3882817100298102,1.6050605677606515
36.8624,59,965.248584,True,False,False,5.1804600973260895,4.086943606131634
40.886237,41,965.800315,True,False,False,4.61243414095519,4.566732356788549
30.976456,25,966.110344,True,False,False,2.474157500654612,2.556200375786214
42.814493,50,966.790674,True,False,False,5.157620134200082,4.941589564968082
40.439438,118,968.424584,True,False,False,8.49638282532901,5.385640601292336
25.984723,22,968.701152,True,False,False,1.6451009557407101,1.6185542293696633
33.114923,45,969.280183,True,False,False,3.7139535327817175,3.113062754791808
28.609879,32,969.750386,True,False,False,2.550574511678578,2.08108527750174
30.897262,35,970.222805,True,False,False,4.220744525983832,2.699754124731279
40.941287,59,970.995063,True,False,False,5.364129313623208,4.754461044492709
31.594788,31,971.410045,True,False,False,2.8360391010779225,2.730488379253543
43.923168,107,972.893078,True,False,False,6.961328573929441,5.768765542625504
45.279253,68,973.830879,True,False,False,6.387925244322005,5.679686445611333
31.074538,44,974.433688,True,False,False,3.6008544558335815,2.849932016058748
48.446285,76,975.496175,True,False,False,8.592771940960471,6.487835170591308
46.487449,108,976.94637,True,False,False,8.318147163798011,6.291463187058292
50.98332,110,978.43242,True,False,False,7.991868009378375,7.0772424659509685
34.108442,61,979.199522,True,False,False,3.5731739313348303,3.469451372091993
30.410776,25,979.532125,True,False,False,2.2307208584574445,2.405032035721029
42.318311,61,980.332083,True,False,False,6.090856779608235,5.03482242815462
37.976447,47,980.950371,True,False,False,4.272631700435584,4.035721330413385
36.372339,124,982.584491,True,False,False,8.292437479076106,4.527301084979264
25.200823,25,982.892378,True,False,False,1.8890620597585912,1.5241480010631876
38.831036,71,983.832854,True,False,False,4.58054651228407,4.4793668515770815
44.926793,50,984.48194,True,False,False,6.098871693698042,5.519829617290729
37.954364,48,985.198473,True,False,False,4.8230976857992225,4.093720719040998
31.321101,53,985.970857,True,False,False,3.9297056132244217,2.8674863698463735
25.975297,17,986.224318,True,False,False,1.4948092413489318,1.5861091473315714
43.555903,141,988.108785,True,False,False,8.674357232977565,6.228321369396898
26.040232,32,988.565742,True,False,False,2.053183139978724,1.6878274007733371
41.734667,57,989.38068,True,False,False,6.478166199189797,4.918005410904074
31.557669,50,990.062351,True,False,False,3.469589434337588,2.934637388574998
32.292234,28,990.423063,True,False,False,2.9097554560988304,2.8595671721107006
26.192874,64,991.321821,True,False,False,2.9027784894236826,2.1133673168748235
28.749033,37,991.802458,True,False,False,2.3736142967277214,2.2696082908325037
28.186312,33,992.282869,True,False,False,3.7442822225805363,2.1543671556835267
29.330521,51,992.959849,True,False,False,4.078781977484225,2.514432217886554
42.845201,90,994.146679,True,False,False,6.576869211295811,5.240457031719318
27.155651,48,994.847051,True,False,False,3.686673479468289,2.110480029656622
34.90331,50,995.578395,True,False,False,3.7551390605508335,3.517306342935758
-20.234745,9,995.715522,False,True,False,0.4718559280191396,2.9847286736767242
-15.720826,20,996.00416,False,True,False,1.6870332751554982,5.257231943303175
31.574992,69,997.095563,True,False,False,3.726537514544725,3.0886762775745575
29.540338,24,997.399341,True,False,False,2.47517623824036,2.3222518283028855
31.176418,26,997.720627,True,False,False,2.961654592338656,2.6493400899602464
30.120967,34,998.141353,True,False,False,2.4324018638926654,2.404390189363675
31.2115,30,998.524493,True,False,False,2.6633566431846636,2.642285475170613
25.871924,23,998.826701,True,False,False,1.878888441263584,1.6266383130179538
32.046328,98,1000.110305,True,False,False,4.947987870665072,3.4411775094801276
33.65023,48,1000.726049,True,False,False,3.6721403496894354,3.3148960900498654
41.417297,58,1001.470243,True,False,False,4.915154295669712,4.866888449935357
47.259131,52,1002.292252,True,False,False,6.8468355272906365,5.92732609352133
26.549007,44,1002.880909,True,False,False,2.32671446604387,1.952402352920968
29.397126,32,1003.271166,True,False,False,3.4593201482310763,2.318543006880898
40.085337,53,1003.913453,True,False,False,4.572028079486906,4.508207372252139
40.84878,86,1005.012076,True,False,False,5.853632805767952,5.093312586013208
32.202515,25,1005.354768,True,False,False,2.9732942503113526,2.766449614031105
30.844679,25,1005.684959,True,False,False,2.5972879964553997,2.537296142209521
27.324933,48,1006.306981,True,False,False,2.802860993512525,2.121663621140774
43.83005,79,1007.368704,True,False,False,6.7197115597312775,5.54189066784986
37.367818,113,1008.87881,True,False,False,6.5294271475214325,4.787637311587408
45.124941,70,1009.860242,True,False,False,5.898106878872085,5.568039541853724
37.715199,78,1010.965487,True,False,False,4.537482837433138,4.431526741741113
29.16752,30,1011.38331,True,False,False,2.331156214588064,2.264860596677843
40.290403,70,1012.338519,True,False,False,5.501779110199101,4.810757083108165
43.538236,69,1013.174129,True,False,False,6.6405281173276425,5.354515597303039
28.52463,47,1013.787156,True,False,False,3.0067274798181245,2.418953318988957
45.127051,56,1014.586407,True,False,False,5.702641392840186,5.523304233008592
43.24703,87,1015.905138,True,False,False,6.856382222340385,5.469744521162155
40.885873,97,1017.184741,True,False,False,7.621611893350302,5.189615794086478
34.186777,38,1017.7152,True,False,False,3.1391699660807273,3.2744414418760504
32.199881,64,1018.572092,True,False,False,5.5564507000165335,3.3659231365785613
36.834118,50,1019.330484,True,False,False,4.932905436016302,3.9211314715803485
47.606809,114,1020.858113,True,False,False,7.535628452355665,6.395711573500075
28.812692,66,1021.755585,True,False,False,5.594777587234675,2.6823479582318686
29.77456,45,1022.366061,True,False,False,3.4495398312033343,2.5477717729162115
42.274237,74,1023.330051,True,False,False,5.763365071776172,5.158688815381311
40.565955,84,1024.500419,True,False,False,7.946606489313613,4.933450371489061
43.885751,73,1025.509795,True,False,False,5.538960055963685,5.345146032222591
37.454661,46,1026.092344,True,False,False,4.55405909726525,4.0207631649774
39.490212,83,1027.168578,True,False,False,5.3033300374376395,4.8073467776369565
38.177097,68,1028.09131,True,False,False,4.606129984888844,4.363200731165529
37.830595,84,1029.23062,True,False,False,7.595431552328931,4.471530690127229
42.794489,76,1030.180946,True,False,False,6.6122958667817375,5.1755080239859605
31.684957,32,1030.571214,True,False,False,3.6311243163418383,2.812737138179909
31.348698,40,1031.078528,True,False,False,3.9443809276755366,2.8349027361940835
32.023344,45,1031.66764,True,False,False,3.4281143021138787,2.953987099159155
41.862845,79,1032.703736,True,False,False,5.115671098877053,5.0724356548191905
26.560128,12,1032.855064,True,False,False,1.467186825534819,1.5694819409094374
32.722278,39,1033.402262,True,False,False,3.5217857538899326,3.0597441817135036
37.277422,53,1034.109447,True,False,False,4.9367481288775386,4.0217518095376725
40.196313,58,1034.848664,True,False,False,4.715025093047675,4.52641578474523
26.835771,17,1035.114545,True,False,False,1.5223698806226011,1.698397819086129
30.097681,48,1035.722416,True,False,False,3.6846648186518953,2.6012153668694458
26.034425,20,1035.977101,True,False,False,2.056024255978765,1.6231434129069207
44.798273,78,1036.948201,True,False,False,6.211043210242325,5.810952127429721
41.028085,75,1037.98991,True,False,False,5.150211748685708,4.902212561837369
27.148798,17,1038.20424,True,False,False,1.7487954985764533,1.791875064013946
47.228732,63,1039.043271,True,False,False,5.978649514872237,5.773667134956888
23.21553,50,1039.692508,True,False,False,4.19184940364844,1.5180609412257662
42.063442,56,1040.371081,True,False,False,5.38698165702499,4.974600145946913
43.686501,125,1041.921921,True,False,False,8.803823739950943,5.942123727065234
37.780087,48,1042.645062,True,False,False,4.565138959240334,4.027829811876139
33.127839,41,1043.194691,True,False,False,4.70409430225713,3.177035993066315
37.498522,40,1043.699418,True,False,False,4.107480663428345,3.958369302981113
31.569014,27,1044.080763,True,False,False,3.028025245392535,2.758901548595026
43.967729,161,1046.263111,True,False,False,8.500251981781803,6.336226467029017
35.88272,30,1046.671495,True,False,False,3.7942553127600114,3.5276966504335348
38.95315,65,1047.625391,True,False,False,4.604900540004762,4.3875912394150225
39.194288,52,1048.270457,True,False,False,5.46159040462345,4.275983722304794
48.704164,88,1049.479607,True,False,False,6.723082853008665,6.439822875045728
32.058031,59,1050.336693,True,False,False,4.616051086388962,3.162374860635638
33.2623,56,1051.101535,True,False,False,3.848843666994291,3.3298084786717497
31.979839,49,1051.775962,True,False,False,3.12153797961666,2.9891193188194887
36.883116,44,1052.377141,True,False,False,3.6543312406434687,3.7146041615243535
46.173146,76,1053.350713,True,False,False,6.12549275496204,5.8382682222189946
32.095914,25,1053.674068,True,False,False,3.0077421688150396,2.739382722652857
37.630553,38,1054.185594,True,False,False,4.229792277016518,3.9417850050375427
38.957399,89,1055.324125,True,False,False,4.971107528616672,4.541469836761285
50.960605,66,1056.160645,True,False,False,6.999729176519918,6.716245385750418
37.152617,56,1056.84988,True,False,False,5.176107420415761,3.947390858646551
41.685845,83,1057.986987,True,False,False,6.073752957045996,5.099052954950914
27.588869,21,1058.245104,True,False,False,1.918297969685766,1.9195178938258821
42.723287,78,1059.364828,True,False,False,6.87412092774635,5.32434617009337
32.15497,42,1059.858806,True,False,False,2.833953395924633,2.8632816745189773
28.8434,40,1060.330472,True,False,False,3.1647943856902065,2.4042040249968113
35.673941,46,1060.923402,True,False,False,3.7408076454012633,3.5696918004466736
33.726639,44,1061.53205,True,False,False,3.320340680031081,3.2272736273524743
37.006016,98,1062.694071,True,False,False,6.18263529973265,4.427554295920911
29.200203,39,1063.190761,True,False,False,3.847695021585872,2.4575008614300193
40.483306,55,1063.864916,True,False,False,5.142721496688694,4.589026833100339
33.260239,54,1064.711124,True,False,False,4.593159013236232,3.252045480143619
53.455425,77,1065.677119,True,False,False,8.828970674310074,7.373580471053641
31.369338,44,1066.247344,True,False,False,3.978931612453826,2.7786177595107477
32.224519,32,1066.702951,True,False,False,3.4150266575022026,2.8679363669382174
42.887501,94,1067.940122,True,False,False,8.630738891800139,5.815078717351277
32.614805,42,1068.420079,True,False,False,3.4170781623238398,2.99456295107837
47.519893,78,1069.459806,True,False,False,6.333424492428611,6.038640365136271
42.471582,106,1070.890366,True,False,False,7.8172770727267755,5.552957852651954
50.341302,95,1074.976426,True,False,False,7.1067550740065455,6.726413815772424
30.31154,40,1075.506988,True,False,False,3.030122444973804,2.4870733142417096
30.728956,33,1075.997325,True,False,False,2.771457094165515,2.6476154498062057
38.025306,77,1076.95141,True,False,False,6.9692598727736526,4.602674293014445
28.861051,53,1077.640947,True,False,False,3.7670159557536826,2.5265589529128234
47.649795,73,1078.687385,True,False,False,6.5770227943048285,6.133048345206302
40.846508,69,1079.625137,True,False,False,5.2283733859969885,4.790125994722463
44.313111,73,1080.56934,True,False,False,6.187694049140305,5.46915649011116
43.091777,148,1082.594064,True,False,False,9.395537714142177,6.140927200550559
34.391849,70,1083.541619,True,False,False,4.718740790050657,3.6101690826270705
39.743464,37,1084.110407,True,False,False,4.170449763829493,4.276633299215883
30.618415,51,1084.761116,True,False,False,3.4113729391115966,2.7777789945230973
47.138613,106,1086.191913,True,False,False,7.257285135701111,6.406613268579046
29.083141,58,1086.928867,True,False,False,3.6825840153080645,2.6026701405155515
32.167706,24,1087.21445,True,False,False,2.9310312992690672,2.7919592573171212
35.697177,61,1088.002867,True,False,False,4.786205787676231,3.874285366008551
29.111522,41,1088.545505,True,False,False,3.293062282831077,2.420520726581747
30.899077,32,1089.003064,True,False,False,3.3156526422482684,2.6713580256268608
47.226389,106,1090.375108,True,False,False,7.5821254632140835,6.38984566375712
36.693468,63,1091.24755,True,False,False,5.739480513298796,4.008215237700099
44.25017,84,1092.388211,True,False,False,7.800751322526493,5.62222192248222
38.092416,53,1093.085073,True,False,False,4.305919117912441,4.066298344032603
36.392471,44,1093.658388,True,False,False,4.1492451501052985,3.727233588178003
34.652487,36,1094.181266,True,False,False,3.5275636745546968,3.3276916074475076
38.027426,47,1094.79597,True,False,False,4.8287279971547274,4.088878763637296
39.861748,71,1095.705808,True,False,False,5.949397165435542,4.633391871784394
42.637933,74,1096.677108,True,False,False,5.4986285473014584,5.1958943127013235
31.383773,47,1097.3152,True,False,False,3.9964849946443697,2.937848558402547
34.410087,46,1097.970363,True,False,False,4.43746397697784,3.4902297858185323
33.65115,43,1098.519741,True,False,False,3.2526228048593144,3.148279023092446
30.773896,48,1099.155199,True,False,False,3.22715330682667,2.712213729591809
39.860674,43,1099.715796,True,False,False,5.194311158597913,4.38092458472167
30.142226,39,1100.215585,True,False,False,3.045234302447822,2.564212976495143
35.746208,46,1100.791947,True,False,False,4.054456426297525,3.6172033937180084
37.00686,54,1101.490292,True,False,False,4.732445362130204,3.9825036691476687
33.885167,55,1102.308969,True,False,False,4.379799135868632,3.3712069736217996
38.439982,61,1103.164639,True,False,False,4.907992302993663,4.281551912705962
51.764604,116,1104.740791,True,False,False,8.525353085974345,7.325547017886325
42.918846,68,1105.649028,True,False,False,6.578616435175365,5.141771880627754
31.904678,44,1106.211269,True,False,False,3.327121454031155,2.942100388726343
38.058614,46,1106.79986,True,False,False,4.569746248296813,4.157422548693872
51.631792,75,1107.783885,True,False,False,8.369526097171462,6.928027655786245
32.641768,30,1108.197855,True,False,False,3.3900597845306866,2.960282212918753
26.984707,29,1108.567776,True,False,False,1.9334271719688392,1.874606154549941
28.93752,38,1109.046614,True,False,False,3.412223784172383,2.32899442619108
34.382957,38,1109.557943,True,False,False,3.2460058577642603,3.278380185442414
37.553474,48,1110.180052,True,False,False,4.022023949528281,3.980186075441042
36.894731,57,1110.980356,True,False,False,4.239867298129255,4.005869948117875
39.689323,75,1111.995746,True,False,False,5.407305772596266,4.613030867739186
43.191427,56,1112.730377,True,False,False,5.502144241885218,5.120549629141344
30.961155,44,1113.315163,True,False,False,4.095452333711565,2.864920015475061
37.161014,68,1114.171567,True,False,False,4.204526005847492,4.095147212609992
46.393265,91,1115.438567,True,False,False,8.365500481410933,6.2743968469824125
30.789772,45,1116.026644,True,False,False,3.0352660765757498,2.7496049561833473
30.093193,54,1116.860168,True,False,False,4.328591061585751,2.971836024486646
27.404335,29,1117.297684,True,False,False,2.698345218292007,1.9652071273691254
31.310235,36,1117.806995,True,False,False,2.7595856801591347,2.6954511279400473
44.813878,113,1119.402979,True,False,False,9.783009781500992,6.409257090940281
34.740527,53,1120.115911,True,False,False,4.250338578006631,3.61108737865801
34.953729,50,1120.698784,True,False,False,3.6104768981079607,3.3895693370365776
29.439253,22,1120.970366,True,False,False,2.4292609624352255,2.2137388068934736
33.748047,43,1121.532972,True,False,False,3.5715421756061954,3.3729801196098053
25.724646,24,1121.909064,True,False,False,1.8661137092080282,1.616319521722968
33.761423,48,1122.539716,True,False,False,3.181167413584503,3.2197011394310047
34.192811,70,1123.588207,True,False,False,6.854361724358998,3.8786971278031763
30.219866,27,1123.938544,True,False,False,2.870011721870702,2.411105270937224
41.260215,59,1124.707775,True,False,False,5.3246342369842425,4.8175683789318455
37.15697,108,1126.098944,True,False,False,7.754286429882135,4.685040376137763
40.142479,56,1126.869279,True,False,False,5.067426396191271,4.606157016464168
25.192768,32,1127.283996,True,False,False,2.325473152529426,1.5074018297757565
45.859067,91,1128.454175,True,False,False,6.998637952869934,5.886179757789674
26.864177,43,1129.011776,True,False,False,3.2065375691565294,2.2203178228704994
44.60489,57,1129.87677,True,False,False,5.535989467824057,5.271162701335712
27.878783,50,1130.545032,True,False,False,3.994261944531507,2.3624503516042883
28.572052,17,1130.778802,True,False,False,1.9876726034376644,2.056242886847965
31.680247,26,1131.139237,True,False,False,2.742989052293106,2.6793087086704555
45.470293,68,1131.984822,True,False,False,5.937431703152092,5.586749528569207
37.960352,55,1132.845292,True,False,False,4.20093955610659,4.110267657989501
47.123639,73,1133.811281,True,False,False,6.353840572790425,5.981344679830394
38.970269,45,1134.422533,True,False,False,4.545426578379137,4.207874286219378
31.711223,51,1135.164859,True,False,False,3.123212860845158,2.922262267420253
36.599671,32,1135.577184,True,False,False,3.9546493706827817,3.663851752492322
34.911539,70,1136.524384,True,False,False,5.954057805525196,3.9389020139796407
36.251804,41,1137.042101,True,False,False,4.087057943380315,3.6338851284114515
42.20694,148,1138.98831,True,False,False,7.9171277123774475,5.912090336236132
42.297136,91,1140.231113,True,False,False,6.39710496039977,5.372632810431066
35.887634,67,1141.184666,True,False,False,4.140510315012839,3.8855964166396935
42.488828,79,1142.363484,True,False,False,6.36536931320945,5.145416361382404
26.896168,49,1143.10573,True,False,False,3.745962298974279,2.1273347573724912
34.672782,51,1143.819226,True,False,False,3.5153748926817445,3.515110671183788
38.063458,64,1144.642354,True,False,False,5.874992196882495,4.317692042849295
43.632507,48,1145.215451,True,False,False,5.6028538942906625,5.070185928528552
33.432917,68,1146.072533,True,False,False,4.602853936311655,3.403278046324582
26.810477,25,1146.383703,True,False,False,1.786745955933543,1.7502369365963586
29.896333,48,1147.040848,True,False,False,3.7282465854068323,2.6612389551228315
34.522077,41,1147.549249,True,False,False,3.386461401970765,3.3962670422064454
35.519562,46,1148.130897,True,False,False,4.013009370868556,3.698259529895992
33.282733,36,1148.614624,True,False,False,3.950686091472057,3.1183805595835503
41.07453,55,1149.33541,True,False,False,6.588168099926606,4.776968560631268
41.754461,51,1150.037997,True,False,False,5.4276982276939,4.826783744589077
37.765995,95,1151.29414,True,False,False,5.043063556982862,4.578069037049974
26.943886,33,1151.741496,True,False,False,2.7986751120479,1.8641412750921156
38.289872,47,1152.344023,True,False,False,4.6727276830834,4.1946903704770415
41.630051,143,1154.21821,True,False,False,9.668145079174751,5.871184131465817
36.833001,55,1154.976292,True,False,False,4.325417371502269,3.875210402639043
28.900408,27,1155.304891,True,False,False,2.0731911037858803,2.183537829382366
40.412223,63,1156.163179,True,False,False,5.960642461253381,4.668248163755989
38.360935,41,1156.781704,True,False,False,4.535160591426198,4.110530707944324
31.602131,36,1157.270968,True,False,False,3.8436537571660794,2.7063847579746834
35.632406,70,1158.231126,True,False,False,4.643373846752031,3.7866849010755907
31.352586,32,1158.630706,True,False,False,2.737701149909868,2.611763335920987
43.466882,87,1159.811194,True,False,False,6.8218853140384805,5.346905700061575
29.094621,19,1160.09194,True,False,False,2.0642901444198953,2.1673410939637825
31.629806,24,1160.407242,True,False,False,2.7602474837642963,2.7023992301699082
43.216748,60,1161.198116,True,False,False,7.161090355421882,5.266008150668415
37.232429,65,1162.021376,True,False,False,5.282101149818261,4.148731472257284
47.202168,79,1162.991856,True,False,False,6.643106971613439,6.118328832756966
46.755108,57,1163.697731,True,False,False,6.5787555596331195,5.785223252783204
43.593018,51,1164.351049,True,False,False,5.6507778963664395,5.186722444961341
50.257196,95,1165.562392,True,False,False,8.83091071432514,6.838736675522528
39.048931,70,1166.539764,True,False,False,5.072150717256401,4.475644538249892
32.537657,52,1167.192154,True,False,False,3.396011106941357,3.0877540497267746
33.175519,44,1167.745275,True,False,False,4.079626868997962,3.194594652891366
33.914453,39,1168.284705,True,False,False,3.3158761751389627,3.1942627027322876
44.139081,60,1169.144567,True,False,False,6.721940269432866,5.400109984422899
30.774028,49,1169.788808,True,False,False,3.446699848581806,2.8122338808431184
28.795617,27,1170.110914,True,False,False,2.291897307696892,2.1383296015206166
27.644139,43,1170.686565,True,False,False,2.5966488612075227,2.127920957994076
37.050049,35,1171.20164,True,False,False,3.972447780891268,3.766376568618402
33.412608,41,1171.811578,True,False,False,3.2914153221011677,3.1630947846418533
27.753785,20,1172.112982,True,False,False,2.04935220608288,1.9028744723848092
35.168825,107,1173.701138,True,False,False,7.389504616300297,4.646835950473265
24.330536,64,1174.603194,True,False,False,3.5290967286176107,1.7442964592377552
25.534351,23,1174.88935,True,False,False,1.497690843115075,1.573507614120008
39.743292,81,1175.9871,True,False,False,7.386689436703563,5.045118752745613
45.356724,49,1176.655438,True,False,False,5.763765612800301,5.491205836619216
39.487971,53,1177.328884,True,False,False,4.297444791209,4.318647591785303
32.174832,24,1177.682168,True,False,False,2.6607226107477313,2.723254880979853
41.491221,118,1179.317257,True,False,False,7.281610033120123,5.40467810217672
46.534596,71,1180.293181,True,False,False,6.8534152036640155,5.916621820268953
28.912704,30,1180.755472,True,False,False,2.099738738382838,2.1294283464013435
50.26988,72,1181.720582,True,False,False,7.519743310839741,6.687117836991475
43.302719,70,1182.695015,True,False,False,7.083675165800618,5.4972056740808295
31.470013,92,1183.987355,True,False,False,5.057245122870644,3.418478223594007
51.25747,77,1185.110552,True,False,False,7.59761047032498,6.8107605643688816
39.377904,41,1185.666716,True,False,False,4.488554258243229,4.161800992483134
37.05779,82,1186.70845,True,False,False,6.2038383715499625,4.433061922626666
43.61237,66,1187.795123,True,False,False,5.753762028376453,5.278742886345902
31.513747,56,1188.583499,True,False,False,5.286499766158478,3.181122291495829
42.362911,57,1189.369708,True,False,False,5.049153216238157,5.0262852221934775
47.702607,106,1190.839184,True,False,False,6.966863650138042,6.327030850180643
26.049275,18,1191.137666,True,False,False,1.379666394734646,1.5673595466196215
41.157012,74,1192.206703,True,False,False,5.365087185634073,4.860904192594172
28.316508,29,1192.590904,True,False,False,2.385898803191337,2.0930473047974485
34.348788,35,1193.054058,True,False,False,3.6159326857912446,3.1989649702587446
31.60041,34,1193.48774,True,False,False,2.9358306545178174,2.722699904626775
29.207655,68,1194.440579,True,False,False,4.624078210967603,2.9310574974139825
29.644306,36,1194.986351,True,False,False,2.3934439648708223,2.3935932278794345
35.514533,64,1195.854985,True,False,False,4.436555474400559,3.8108651113915113
35.494595,103,1197.15142,True,False,False,7.409313595492732,4.340058378360298
31.366414,30,1197.551181,True,False,False,2.5622896055721354,2.6881954754663178
26.46278,32,1197.977227,True,False,False,1.7321797085335078,1.7534918861941098
26.95184,45,1198.562082,True,False,False,2.428222411810281,2.0291926512274174
29.240434,30,1198.970541,True,False,False,2.2325966270251496,2.2450051525882246
33.587766,55,1199.759392,True,False,False,4.5869951809742835,3.407782206767239
29.999903,53,1200.422876,True,False,False,5.119334206442888,2.7755831234532238
37.514717,85,1201.68874,True,False,False,5.1595791339497765,4.443281549607258
33.929173,52,1202.455695,True,False,False,3.578907617804413,3.2786934846016886
40.022586,61,1203.362633,True,False,False,5.16498569068419,4.611885363853376
36.163036,80,1204.463878,True,False,False,5.40028229636939,4.082026490714911
38.836949,68,1205.375709,True,False,False,5.049333827660815,4.434849111447307
33.895616,57,1206.188062,True,False,False,5.9125876863290525,3.4003725660219786
28.54226,21,1206.442263,True,False,False,1.873810211253137,1.9923607861277812
38.328453,47,1207.09316,True,False,False,4.77081529434372,4.077081466257783
46.194823,88,1208.359707,True,False,False,6.505744041438032,5.936802437703242
32.074239,25,1208.665628,True,False,False,2.8449139693491854,2.741178269304951
35.375999,33,1209.092,True,False,False,3.6067272484819317,3.445442997546403
32.731198,37,1209.528693,True,False,False,3.36504104581674,2.9744128767947458
37.426156,59,1213.64435,True,False,False,5.37974705800167,4.132640729501578
38.173601,53,1214.365976,True,False,False,4.671424391629822,4.187256103854029
-14.493651,29,1214.759344,False,True,False,2.481775738689775,2.7987285946344262
40.209142,65,1215.61629,True,False,False,5.016769922093177,4.621290251942381
36.866571,84,1216.811387,True,False,False,5.309216030545559,4.292576423059635
34.053925,43,1217.371202,True,False,False,3.8200882260650526,3.370427115723762
44.4648,58,1218.160053,True,False,False,6.054042453872355,5.401924070290222
47.073721,96,1219.34128,True,False,False,7.787943045129676,6.358517585939031
40.068014,76,1220.406097,True,False,False,6.600267738337159,4.768926918016017
33.356084,42,1220.940008,True,False,False,3.578688801405171,3.189954123332115
41.190601,56,1221.719984,True,False,False,5.731943278276075,4.748369791921498
44.560518,50,1222.403322,True,False,False,5.863287772023498,5.361602389399055
36.782881,45,1222.946883,True,False,False,4.48033470221932,3.851517492421963
40.871171,72,1223.972777,True,False,False,6.2052486765767565,4.870197228216428
37.660632,91,1225.074795,True,False,False,7.690676948950574,4.511749786021537
34.122633,48,1225.703302,True,False,False,4.426480405713724,3.3718317146352526
34.816693,121,1227.267674,True,False,False,6.41460594478189,4.264541912826871
44.922086,91,1228.498777,True,False,False,8.219049277268821,6.098405362247097
46.344789,100,1229.846735,True,False,False,6.459565737791116,6.013354015455812
30.072475,31,1230.294955,True,False,False,2.618032411929161,2.4703557986362323
39.480436,69,1231.242405,True,False,False,5.552549899766303,4.574233109065288
24.135488,52,1231.902989,True,False,False,2.69689020803073,1.7933470876813447
38.967654,85,1233.100652,True,False,False,5.793928335951976,4.762940641361795
37.335798,72,1234.057942,True,False,False,4.674506325166744,4.23309639880867
34.758787,57,1234.926679,True,False,False,3.7072322933222113,3.612707688921879
43.701978,69,1235.924201,True,False,False,6.40298174433726,5.378730274661889
44.643755,52,1236.656684,True,False,False,6.291790485105185,5.366766190402646
46.303948,98,1237.935774,True,False,False,8.64733937891154,6.238734613519279
26.956932,65,1238.826889,True,False,False,4.930873905602474,2.489204989901555
30.735888,25,1239.121054,True,False,False,2.459280761510887,2.5313398791623785
33.002166,55,1239.846211,True,False,False,4.741077309469978,3.2906781549257844
26.715932,38,1240.366553,True,False,False,2.481006728213985,1.8389224844530763
38.970377,67,1241.252001,True,False,False,5.3553694587939376,4.5019713731248965
32.256608,26,1241.615777,True,False,False,2.817713770197188,2.7550201850703604
42.30325,76,1242.727904,True,False,False,7.009736151381362,5.277597722549666
46.318267,57,1243.455316,True,False,False,5.7775517568245425,5.636305301910434
27.981194,38,1243.928795,True,False,False,3.0819591498213654,2.1636616989655746
35.866063,72,1244.961134,True,False,False,5.541983320537994,3.909909343725948
26.242309,18,1245.215747,True,False,False,1.508636092840736,1.5852624539511433
43.735798,109,1246.608325,True,False,False,8.43815397535847,5.876863821918619
42.831505,63,1247.427646,True,False,False,6.052705544876993,5.080595569635748
36.579684,33,1247.865027,True,False,False,4.5177935419961495,3.7266382510059226
30.229594,33,1248.300963,True,False,False,2.5271412665044872,2.45806520225524
31.884116,35,1248.768439,True,False,False,2.7291861640031274,2.813435246302966
49.060576,84,1250.009359,True,False,False,7.759938425520573,6.61353978898674
43.497665,54,1250.747328,True,False,False,5.091740263559659,5.1278507654034255
31.759557,60,1251.535235,True,False,False,4.317222289967681,3.2397543959476205
40.073191,55,1252.269358,True,False,False,5.050029203011503,4.560460470730606
39.081685,65,1253.178651,True,False,False,5.485668192813484,4.481537600390755
38.232869,60,1253.991725,True,False,False,5.308487691105852,4.255534310825782
51.075276,67,1254.886558,True,False,False,7.14926348207073,6.582596291312922
41.210215,63,1255.829685,True,False,False,5.64225048789331,4.891175808068685
43.370951,103,1257.16359,True,False,False,7.842606750311147,6.040035935738002
26.943324,29,1257.55932,True,False,False,2.682658206689703,1.8683964921968985
30.076353,33,1258.02874,True,False,False,2.2229248437507603,2.391214416748527
37.556807,64,1258.819349,True,False,False,4.761573942846898,4.11288275170674
32.183946,38,1259.36153,True,False,False,2.998043144537312,2.9312733276030807
36.939031,47,1260.015099,True,False,False,4.732442931852361,3.877788016262694
34.310952,37,1260.517138,True,False,False,4.17428243828356,3.2553353813558124
44.571997,56,1261.285712,True,False,False,5.834153253572567,5.226635188984793
44.716525,52,1262.003717,True,False,False,5.826461746849497,5.473559064082722
33.377662,49,1262.606088,True,False,False,4.00067095043523,3.2944134729183014
22.061747,117,1264.049214,True,False,False,4.46717600181117,2.180761567948504
37.050911,116,1265.53652,True,False,False,7.176341855557522,4.512723822408712
30.311218,37,1266.035473,True,False,False,2.602828520691513,2.5569195029345977
33.32579,45,1266.689681,True,False,False,3.057316471196064,3.039981671425738
35.946283,53,1267.459544,True,False,False,5.335343270388176,3.7220187736277563
28.300572,34,1267.925939,True,False,False,2.0824311050277724,2.1253316928907555
40.190109,61,1268.712734,True,False,False,4.710346775031063,4.651543897852604
24.454257,65,1269.572635,True,False,False,3.0599176570990068,1.8584231679340208
44.056598,88,1270.705717,True,False,False,6.2996316261129985,5.480968838810867
36.440623,50,1271.346334,True,False,False,4.812158891334551,3.84007611969972
34.814271,108,1272.786133,True,False,False,7.410805076061747,4.159002737917563
32.86892,45,1273.411635,True,False,False,3.8340611205841637,3.1164815053867945
30.374479,46,1274.024445,True,False,False,3.398894978043976,2.6313508140750583
29.285851,25,1274.351683,True,False,False,2.370419396801609,2.255217880622729
51.251918,86,1275.475442,True,False,False,9.528636522510508,7.2300278917361425
39.258987,60,1276.353117,True,False,False,5.217591357256912,4.362244842591442
33.513258,55,1277.160897,True,False,False,4.408995173969911,3.283755922357937
37.931668,54,1277.912426,True,False,False,4.872418636904427,4.150329931761752
35.072085,31,1278.345331,True,False,False,3.9907803932875745,3.4064615737277824
37.723455,67,1279.189765,True,False,False,4.518857312028587,4.1574970244761165
38.659752,39,1279.718136,True,False,False,4.13985099861138,4.089098094244206
53.957387,69,1280.59812,True,False,False,7.662404451633821,7.252652969435908
29.904035,28,1280.970251,True,False,False,2.6338017595350975,2.346373240914139
47.452198,92,1282.178009,True,False,False,8.442868372595965,6.454235295041955
46.783627,69,1283.045566,True,False,False,6.760745046170438,6.008395792578187
37.710964,81,1284.073113,True,False,False,7.4987178727769,4.592610744689748
28.160502,23,1284.363194,True,False,False,2.125960256797763,2.0502355608929226
38.304555,42,1284.917537,True,False,False,4.454155256954139,4.063238923358776
31.243333,35,1285.399768,True,False,False,3.067800372517236,2.7024430142989795
34.153803,28,1285.85041,True,False,False,3.582856969742458,3.1951656724569153
30.88922,41,1286.41371,True,False,False,3.460754828174384,2.7245638467430315
41.305188,80,1287.565067,True,False,False,5.549651281152671,5.037782959807925
43.566463,69,1288.517309,True,False,False,6.3682998605274985,5.415107881843841
23.758442,59,1289.364982,True,False,False,5.588425894851384,1.6312391735300047
41.753209,53,1290.089435,True,False,False,5.133309671347727,4.768705551182819
35.940105,45,1290.697817,True,False,False,4.041314225491134,3.690646143798058
33.928731,98,1292.116942,True,False,False,4.813272119577751,3.8350631817124903
26.548531,69,1293.130697,True,False,False,3.6795888920378657,2.2010657805792158
37.692078,59,1293.961668,True,False,False,4.8397794564811525,4.230517950459359
28.842967,35,1294.479092,True,False,False,2.223135158649035,2.1704681685745086
36.408089,44,1295.063742,True,False,False,5.233570618207461,3.706585900958505
30.332184,57,1295.870413,True,False,False,4.062320673579341,2.747003031881901
36.854672,65,1296.713212,True,False,False,5.887422590376255,4.103180151204931
32.53334,111,1298.013192,True,False,False,5.956946819456753,3.6881743842639674
45.467035,71,1298.894474,True,False,False,6.9380751291584355,5.644053182625254
30.866713,60,1299.620812,True,False,False,4.054694168646983,2.9223929553654955
33.323623,34,1300.001727,True,False,False,3.4484566470657567,3.079885000847842
48.001354,51,1300.586152,True,False,False,6.192332977529577,5.9305023620733275
29.277359,26,1300.896452,True,False,False,1.925846364980085,2.1372416488252224
30.012801,38,1301.374366,True,False,False,2.822959704390271,2.498691344680427
38.914156,62,1302.085368,True,False,False,4.615421531853294,4.418230008129126
-7.029285,67,1302.901546,False,True,False,5.397803973927955,3.7840233740031692
30.901908,29,1303.257093,True,False,False,2.76163636874274,2.6298178273638673
27.885438,21,1303.530355,True,False,False,1.872693916713033,1.9031673254334827
40.269241,108,1304.819718,True,False,False,6.1610504177052015,5.03045099794481
35.957783,60,1305.599855,True,False,False,6.336854917313544,4.079373970512679
27.821318,17,1305.819148,True,False,False,1.717796548024643,1.9074030878753603
31.681797,51,1306.408314,True,False,False,4.553596494696322,2.9100175387729825
25.816355,20,1306.650269,True,False,False,1.4418441472075294,1.589280874791178
34.692604,45,1307.145149,True,False,False,3.615710492599458,3.368325971743279
26.872664,17,1307.365776,True,False,False,1.6666278507361132,1.714060997388376
41.426617,99,1308.448992,True,False,False,6.579940895374352,5.1302411138006505
28.575523,16,1308.637687,True,False,False,1.921875440088398,1.949048380372959
33.313765,57,1309.296497,True,False,False,4.234052699893957,3.2102667247422367
31.381682,43,1309.859981,True,False,False,2.7126469015483785,2.820626159833094
43.04846,76,1310.859488,True,False,False,5.157104178927065,5.084489360328956
39.611367,87,1311.850939,True,False,False,5.507279332936059,4.775833005082877
37.272787,37,1312.240959,True,False,False,4.245771199686965,3.8896645535028673
35.911463,38,1312.740876,True,False,False,3.639058322344536,3.5337482804338682
26.913525,24,1313.122884,True,False,False,1.8018367892026248,1.7983434601349941
41.046698,90,1314.198081,True,False,False,6.153140687051263,4.9724379178420435
28.162116,62,1314.949755,True,False,False,5.962536228447369,2.608499302053148
-15.684435,16,1315.167671,False,True,False,1.5954097749065155,2.11939467615051
36.583978,87,1316.258502,True,False,False,5.335038134446171,4.272572821325445
33.940547,98,1317.431457,True,False,False,5.6649325754475655,3.996960273150678
26.059749,23,1317.656162,True,False,False,1.7266857899372943,1.6077082384613288
47.227083,57,1318.256747,True,False,False,6.405706838434192,5.958613538902571
40.54895,67,1319.076889,True,False,False,5.431476252115125,4.800024042685395
35.667851,87,1320.214255,True,False,False,5.573328804014652,4.12579019168556
28.513581,23,1320.511534,True,False,False,2.279244352228517,2.113134793525036
29.735395,32,1320.919741,True,False,False,2.7996709216701543,2.478925630471443
26.7941,27,1321.278465,True,False,False,1.751775865083065,1.801715773551411
27.922706,26,1321.614104,True,False,False,1.992012619309756,2.020021230418196
31.896011,43,1322.136693,True,False,False,4.54033939092158,2.8491768981284054
44.673713,75,1323.106017,True,False,False,7.205316630759501,5.581927205438492
40.315369,75,1324.099774,True,False,False,5.62037956058657,4.772179395363029
24.881999,36,1324.584793,True,False,False,2.76860292467425,1.6200126651012994
53.916012,82,1325.643276,True,False,False,8.5194278202299,7.487660785649307
48.080612,113,1327.026154,True,False,False,6.960994656120793,6.479212102425873
28.666752,29,1327.374222,True,False,False,2.850211378768049,2.2121646352035187
42.983248,49,1327.989323,True,False,False,5.706714340203116,5.091394656778791
42.18026,39,1328.448715,True,False,False,5.0550412942889205,4.774340590455371
47.639746,89,1329.557919,True,False,False,7.3129034660743795,6.310454205055342
38.963496,52,1330.172264,True,False,False,4.488455760348076,4.264265882432344
28.552436,49,1330.711323,True,False,False,3.619149930991478,2.388463855307345
37.807672,75,1331.652458,True,False,False,7.303075826708188,4.414950008863826
25.68147,56,1332.381375,True,False,False,4.085877229087615,2.3186343010284816
36.56547,42,1332.924408,True,False,False,4.020535282290115,3.7787444396372782
36.813179,58,1333.672038,True,False,False,4.358113034771029,3.988473658919424
33.954275,42,1334.159268,True,False,False,3.1635531814515554,3.255733801969033
32.948703,30,1334.553833,True,False,False,3.1956598536283587,3.058406277105362
44.683651,95,1335.729966,True,False,False,7.9784451685019375,5.93095127750985
28.509596,30,1336.105647,True,False,False,2.073171655048483,2.0554076351288106
35.446002,62,1336.831,True,False,False,4.158123831833771,3.6599756714345935
37.534757,52,1337.448733,True,False,False,5.263657057667143,4.015142934823992
25.904577,79,1338.395776,True,False,False,5.10019838819394,2.4424804063840417
46.4352,54,1339.043243,True,False,False,6.843361802662932,5.768612168501783
44.186864,81,1340.049685,True,False,False,8.13247409039261,5.670759478603655
28.565344,36,1340.455214,True,False,False,2.38085522117221,2.260280903273635
35.431579,57,1341.167128,True,False,False,5.267862351262919,3.7634539254018473
40.992737,52,1341.785545,True,False,False,5.203312861516044,4.7057597340586295
35.240579,64,1342.55815,True,False,False,4.755602057170326,4.039690857735776
29.338891,29,1342.861523,True,False,False,2.5367307996881703,2.229183590101047
26.040141,67,1346.231419,True,False,False,4.073764509742658,2.3896970538883275
33.279023,48,1346.82287,True,False,False,3.6353160589511275,3.1261414787857293
36.575741,94,1347.96048,True,False,False,7.655617321079076,4.563594179006208
38.797681,74,1348.854708,True,False,False,5.5192965945815695,4.6250295128685295
-10.74142,22,1349.144421,False,True,False,2.3455481307800565,6.509456825061735
37.110536,61,1349.943841,True,False,False,4.282294534553719,4.049065982744242
31.174699,30,1350.266023,True,False,False,3.0076882096371027,2.6546308079239527
29.89478,62,1351.050025,True,False,False,3.664550317747241,2.849311984324845
27.011552,37,1351.504493,True,False,False,1.9235881204781529,1.9835673297122336
30.520771,49,1352.110048,True,False,False,3.3290234145561826,2.7239127924248807
30.135092,29,1352.471018,True,False,False,2.17439720931024,2.3392977286226473
30.130301,32,1352.887153,True,False,False,2.7937714969821146,2.4655884925328206
28.570238,42,1353.40019,True,False,False,2.7390806793783695,2.3599665522890807
33.685067,62,1354.128437,True,False,False,5.632985068357187,3.7425749988559494
26.085752,15,1354.259615,True,False,False,1.4113142791751774,1.5433097909243005
33.95377,30,1354.572557,True,False,False,3.7502184879250144,3.191911214222959
48.007612,66,1355.372338,True,False,False,6.6342902655981915,6.038825314898517
32.506488,30,1355.729437,True,False,False,3.2552359302170073,2.8949885217442515
45.199134,111,1356.981577,True,False,False,6.415351047157335,5.915376215458901
33.977702,30,1357.292352,True,False,False,3.3407328347833,3.19687934537121
28.307149,21,1357.516109,True,False,False,2.3771001738065456,2.0111618073813187
42.023052,47,1358.137264,True,False,False,5.34582700336975,4.8077323730697366
37.987724,69,1359.009272,True,False,False,5.547645578422683,4.497111308914254
-14.246633,56,1359.649487,False,True,False,5.074607975842969,3.309089174211205
35.513046,42,1360.085906,True,False,False,3.8171218505048277,3.6029882494458536
35.19624,62,1360.768929,True,False,False,5.394896902202488,3.9249514402982313
25.754198,32,1361.130905,True,False,False,1.898328022106603,1.6549309964380232
49.743051,100,1362.234889,True,False,False,8.141310315931227,6.909565330591789
39.882143,86,1363.172525,True,False,False,7.152853219527712,4.833495860811273
42.009064,60,1363.788708,True,False,False,5.0701386024112844,4.936635953796278
40.760632,79,1364.724781,True,False,False,5.632853199004908,4.74984938222876
42.074096,80,1365.727329,True,False,False,5.646231535639167,5.1337699135657395
29.748467,82,1366.757324,True,False,False,4.950739769351906,2.813176953185462
44.922829,99,1368.054089,True,False,False,6.284443329888956,5.8249614726108705
27.58521,35,1368.506663,True,False,False,2.236556334019115,2.028570952865834
45.037345,73,1369.356517,True,False,False,6.16700002637061,5.587803380826941
43.405532,93,1370.521336,True,False,False,6.268074067561907,5.487407447399271
31.22632,30,1370.8858,True,False,False,2.520761485958127,2.650046295248816
35.228555,38,1371.342682,True,False,False,3.4127905628272885,3.46356611722102
39.790582,46,1371.910665,True,False,False,4.808734251224585,4.456070347307187
27.392602,21,1372.170672,True,False,False,1.9905787301712807,1.8153194477895398
46.649894,71,1373.012739,True,False,False,6.755529638239037,5.978537338161734
28.362709,48,1373.614067,True,False,False,2.894902058041456,2.3884888950075807
37.285896,66,1374.456683,True,False,False,4.553002100301715,4.2052488580806555
38.183504,39,1374.925035,True,False,False,4.186612383491466,3.9962440097399297
40.904875,72,1375.767596,True,False,False,5.036776199182572,4.741577325219704
30.39104,41,1376.29494,True,False,False,3.0514292658538884,2.548664309420446
28.051243,30,1376.668744,True,False,False,3.1905253893423158,2.044172490213843
39.285688,65,1377.459326,True,False,False,5.310868798874258,4.55502497810281
34.860672,49,1377.982487,True,False,False,4.362463915799375,3.5520318347971744
44.442361,59,1378.516293,True,False,False,6.133445878718651,5.326561594604343
31.283588,44,1379.075006,True,False,False,3.3821406584238067,2.776628101599165
53.932636,87,1380.176419,True,False,False,8.318656671056951,7.44727309373461
33.610786,52,1380.859484,True,False,False,4.216919929520125,3.2943741789303886
36.885326,51,1381.490484,True,False,False,4.92808727010692,3.985569387981423
35.753333,31,1381.895971,True,False,False,3.3243769438208925,3.4444927926709137
29.126757,24,1382.159699,True,False,False,2.2579733243109064,2.2113871316863767
37.637975,48,1382.725175,True,False,False,4.39315196124177,3.9509706027739164
28.714156,21,1382.9756,True,False,False,2.1619580881887894,2.0971417963200722
42.266717,64,1383.779403,True,False,False,5.598465747615587,5.093488634399166
28.992175,42,1384.277663,True,False,False,2.6694726309089916,2.311318574961169
37.574328,62,1384.9481,True,False,False,4.237064191951746,4.043089042253597
-17.467475,9,1385.060986,False,True,False,0.6581961116152398,4.118260123948906
30.444303,25,1385.289155,True,False,False,2.3614280643068266,2.4369966138394776
31.617616,33,1385.679954,True,False,False,3.042331396808951,2.704951706965808
32.458487,59,1386.439455,True,False,False,4.6095701841419885,3.1135238790115207
28.53823,28,1386.820691,True,False,False,2.498499802102276,2.1628388412901214
44.398895,51,1387.483766,True,False,False,5.323322797297381,5.369081866877998
35.281961,66,1388.273245,True,False,False,5.874743124596956,3.8486574878560145
27.256782,31,1388.670057,True,False,False,2.151912863920501,1.9388372120493174
31.33414,33,1389.109344,True,False,False,2.612784355405631,2.6943943398743677
38.115893,51,1389.715482,True,False,False,5.290658872986157,4.223727710215983
45.20747,78,1390.718141,True,False,False,5.646006544405977,5.623753876749087
-3.524151,58,1391.459158,False,True,False,4.859757672741217,5.933139011954143
46.70881,62,1392.187066,True,False,False,6.4204925437907905,5.873661635712488
34.561454,37,1392.627198,True,False,False,3.0999902871996188,3.1987710567309144
40.221675,81,1393.638187,True,False,False,4.958201061527391,4.743034130459408
31.047624,31,1394.049988,True,False,False,2.9682169763053743,2.6465955002964714
42.011693,60,1394.80233,True,False,False,5.514825480475899,4.9942204866702635
42.330472,78,1395.768675,True,False,False,6.295201276120414,5.424303884265214
35.566616,40,1396.283168,True,False,False,3.6005964575521294,3.507921966672229
26.464114,14,1396.431738,True,False,False,1.3884583215599238,1.630292954181689
37.568907,64,1397.018598,True,False,False,6.3650843105075126,4.4702278310488435
34.406149,42,1397.507532,True,False,False,3.9205189777871183,3.3535587711747827
42.967246,94,1398.721138,True,False,False,6.392783381222352,5.383714847322318
32.29691,55,1399.374546,True,False,False,4.594257252790891,3.2577253955071748
39.468043,42,1399.790553,True,False,False,4.240903534592944,4.27507395116732
51.189435,68,1400.481008,True,False,False,7.124511155286276,6.624713068057659
40.682597,94,1401.685577,True,False,False,7.749247306435086,5.109069997993864
45.008658,91,1402.876791,True,False,False,7.580872490827601,5.699590912833078
33.013802,43,1403.416015,True,False,False,3.317482091572905,3.103359914408536
34.729408,50,1404.041305,True,False,False,3.5710194191155415,3.414690277365912
48.183983,74,1404.867473,True,False,False,6.8519545029536015,6.288449179703974
31.250271,55,1405.541176,True,False,False,4.377759881767458,3.049253879185236
34.701348,39,1406.052216,True,False,False,4.871705742597227,3.4384464369018723
30.82668,30,1406.382756,True,False,False,2.4344074681797974,2.544341293737898
40.753116,66,1407.171013,True,False,False,4.762229741135074,4.724948459389544
27.451404,38,1407.621085,True,False,False,2.2939297725105887,2.0446593635603993
33.848202,32,1408.021454,True,False,False,3.4363353430072885,3.177245363958351
29.627232,28,1408.389321,True,False,False,2.341038310074548,2.296415071979297
26.772924,36,1408.832522,True,False,False,2.186707267208647,1.8338961570836645
31.507022,46,1409.359385,True,False,False,3.01223430374227,2.8172877849772138
28.888336,24,1409.688635,True,False,False,1.9408475385616086,2.118131914946084
46.881555,74,1410.667621,True,False,False,6.473535201341318,5.991680430076172
33.613723,70,1411.554177,True,False,False,4.960770224241789,3.498387321594184
29.77927,30,1411.942043,True,False,False,2.9085282748661903,2.4403314531837594
29.192422,43,1412.484995,True,False,False,3.861067329431477,2.5429983875579536
25.985231,12,1412.625996,True,False,False,1.3085481039335831,1.5088290152105717
32.346523,70,1413.433333,True,False,False,4.283450629999672,3.374119728991073
27.67045,32,1413.851631,True,False,False,2.353277783906374,2.0321372099893247
37.086445,50,1414.516198,True,False,False,5.1422224388653595,3.9549676543932075
35.9688,33,1414.955787,True,False,False,3.4414004428917444,3.518499323039671
51.642904,91,1415.913556,True,False,False,8.470578627198885,7.050508846746518
29.410022,45,1416.415776,True,False,False,4.260829777215623,2.757055298670253
31.281088,48,1416.942815,True,False,False,4.529660109930805,2.9386713483548834
42.02312,109,1418.226152,True,False,False,6.800638271456398,5.363870850469644
30.568058,26,1418.488256,True,False,False,2.5602566014663317,2.505989172166466
45.340824,90,1419.605314,True,False,False,6.204035968554643,5.710126073804066
34.292557,44,1420.145234,True,False,False,3.3272921480691147,3.302642949458368
32.840915,37,1420.500399,True,False,False,3.147485044764099,3.032302552409935
44.789178,89,1421.394917,True,False,False,6.260394793612633,5.783044531045722
36.971489,40,1421.780602,True,False,False,4.469056883616807,3.835544412541023
38.221525,101,1422.759264,True,False,False,6.69803352226061,4.634800403579972
29.943793,45,1423.206131,True,False,False,3.3329525911135764,2.549176403574713
33.827712,30,1423.494542,True,False,False,3.1897834961204947,3.093303157556136
33.323261,54,1424.044439,True,False,False,4.335780277002914,3.4024827438176586
28.980613,38,1424.460523,True,False,False,3.2570999795843285,2.4271256420904024
40.927714,65,1425.192603,True,False,False,4.83961564753026,4.700126683043299
44.636503,87,1426.253368,True,False,False,6.377186491922342,5.747316230512498
27.4572,36,1426.67745,True,False,False,2.2327547717122753,2.056300577034761
32.732872,27,1427.008487,True,False,False,2.9125731794919254,2.971706808540448
33.234079,84,1428.134644,True,False,False,5.9605199560290485,3.6328017760290905
36.053196,41,1428.603674,True,False,False,4.171792399420645,3.7115575814438135
28.788238,28,1428.910001,True,False,False,1.970406234397762,2.1451837734955976
33.929438,38,1429.404725,True,False,False,3.311569489689942,3.2522917377304554
45.588962,56,1430.120762,True,False,False,6.23177905118462,5.631338979886344
32.259507,33,1430.506229,True,False,False,3.1960462828648364,2.8746721968347297
27.490603,21,1430.719198,True,False,False,1.6940454596223842,1.8706878312290065
43.795175,59,1431.33424,True,False,False,6.431126972522756,5.498972690472022
35.282147,37,1431.842633,True,False,False,3.533041618163125,3.4447480283784038
38.661002,106,1433.157094,True,False,False,7.269785502225569,5.081816713085299
42.523666,108,1434.399599,True,False,False,6.567935285923261,5.4752383509552685
32.234469,54,1434.978641,True,False,False,4.6027531272975,3.1718566573701765
33.677284,33,1435.34662,True,False,False,3.003980106085751,3.0896836811554964
41.633608,65,1436.083029,True,False,False,5.221555325405789,4.858973101692549
49.653037,66,1436.899991,True,False,False,7.305021150441421,6.770546830122012
38.025111,46,1437.388293,True,False,False,4.575704731241483,4.049352291904671
35.392152,51,1437.948059,True,False,False,4.354616099485594,3.6564596050013782
40.855556,52,1438.54442,True,False,False,4.931734602065425,4.621246539187859
43.695616,70,1439.41332,True,False,False,8.753963530233332,5.327269602375847
33.669554,37,1439.896767,True,False,False,3.3446467064367345,3.1557237779808465
26.036184,20,1440.124659,True,False,False,1.3641287797095043,1.5308255201849268
41.007322,78,1441.052162,True,False,False,6.753731347157192,4.950956551552448
39.430946,81,1442.064644,True,False,False,6.259882831767559,4.7062302367565145
31.201231,33,1442.510884,True,False,False,3.2103150271713554,2.64185745953287
30.721978,23,1442.819503,True,False,False,2.6590631937018423,2.3933137719139252
35.284909,68,1443.656982,True,False,False,4.60987671964444,3.7451650478276193
41.112451,55,1444.247204,True,False,False,5.466003929137953,4.882607568635562
30.713126,38,1444.707039,True,False,False,2.644931455994074,2.52241023702554
42.347935,92,1445.818898,True,False,False,5.34969934994215,5.190158923387273
36.268321,31,1446.187188,True,False,False,3.9505318585814364,3.629951627687577
26.359458,62,1446.95237,True,False,False,5.056660556161673,2.2880456154952458
38.462656,47,1447.58527,True,False,False,5.2033777640251175,4.215280800337918
35.619657,59,1448.283235,True,False,False,4.704676364164504,3.795613204015903
26.78598,25,1448.628788,True,False,False,2.2248441074932708,1.7975301062779216
32.968367,49,1449.11067,True,False,False,3.2139660138082253,3.1297099906749044
38.893637,76,1449.964705,True,False,False,5.072430903641166,4.381473439172083
39.326247,44,1450.452987,True,False,False,4.377571649633073,4.297891901184768
46.91539,112,1451.801742,True,False,False,10.113905460343933,6.420460029476881
44.02944,77,1452.768589,True,False,False,6.240502881940979,5.52033273993663
33.774137,43,1453.28014,True,False,False,3.6771973135596823,3.2689739650745095
33.325166,120,1454.813382,True,False,False,5.006131867904648,3.9397543254456835
45.778851,58,1455.570153,True,False,False,6.1400325090577885,5.628939525949399
46.154356,70,1456.360501,True,False,False,6.540145743168928,5.946517111965784
43.621208,75,1457.296087,True,False,False,6.398478130811489,5.326819207289021
39.170626,77,1458.188503,True,False,False,7.7118692249166125,4.628890888127821
41.339842,57,1458.876618,True,False,False,5.5438535226089405,4.832609286668653
29.493758,35,1459.26804,True,False,False,2.991312935745757,2.4102972218224883
37.062907,78,1460.230727,True,False,False,6.42919757510435,4.1995196822125305
30.441173,35,1460.705284,True,False,False,2.875534174377321,2.563326381241956
41.737393,88,1461.874506,True,False,False,6.131472878270103,5.275967127881698
29.529654,19,1462.08514,True,False,False,2.1361554614140625,2.2004089572625274
38.465369,42,1462.53727,True,False,False,4.287285814256141,4.0339829234384625
31.468348,26,1462.866321,True,False,False,2.8537330496198376,2.718434635330485
30.858101,34,1463.262075,True,False,False,2.607393021532417,2.6213398919936024
30.551773,33,1463.692599,True,False,False,2.5228907000395786,2.5130995780143586
33.532059,44,1464.260203,True,False,False,3.546407804630629,3.285773447250306
43.736504,58,1465.03732,True,False,False,5.235917555786292,5.241726009265478
27.354353,25,1465.38279,True,False,False,1.710143794500746,1.8381757643590266
33.889418,65,1469.100009,True,False,False,4.2074470218845805,3.474756975524953
37.37818,58,1469.861949,True,False,False,4.301015886114641,4.015328460799263
30.688235,32,1470.270063,True,False,False,3.084824189073655,2.591042489127532
35.627627,54,1470.939779,True,False,False,3.8552834142508488,3.658032604236986
35.45003,69,1471.790705,True,False,False,5.279015744485974,4.0570730308163805
44.977607,66,1472.653198,True,False,False,5.856162679199407,5.566257879626813
32.357821,34,1473.089194,True,False,False,3.05660372538638,2.838066054557996
30.61692,33,1473.521396,True,False,False,2.7934928616163437,2.624973777800031
31.819885,67,1474.32103,True,False,False,3.743943147388333,3.1265948180200636
36.051488,58,1474.992052,True,False,False,4.252436617218665,3.820677128566167
32.349275,35,1475.437973,True,False,False,3.613285306908609,3.028356832189859
44.644925,108,1476.78674,True,False,False,7.082056333090636,5.814545557962794
27.55574,31,1477.147843,True,False,False,2.2563692983817476,2.1043269488910537
47.528599,65,1477.945685,True,False,False,6.542188777340807,6.006881480466429
28.827478,25,1478.239495,True,False,False,1.9823574933744437,2.108421145018613
39.694815,36,1478.710364,True,False,False,4.173416905180476,4.232025650299002
37.889989,60,1479.500673,True,False,False,5.0405350363573564,4.224981918074497
29.876807,29,1479.881783,True,False,False,3.2360231239635366,2.3704305704314175
34.392228,43,1480.41136,True,False,False,3.445794016486547,3.256971148603206
29.105917,47,1480.855095,True,False,False,2.5841036248872937,2.4036733475300256
33.403394,44,1481.37426,True,False,False,3.492525377329549,3.114083665830555
33.147025,47,1481.954737,True,False,False,3.6206121286202437,3.184397661636602
36.707702,39,1482.464379,True,False,False,3.750696587382551,3.74159196278778
35.217345,60,1483.09142,True,False,False,4.243157007356689,3.740837985163457
41.557332,81,1483.880729,True,False,False,7.814421156734551,5.1759811052266835
46.381692,65,1484.561379,True,False,False,6.1926527395536555,5.736142492677006
40.362137,61,1485.21381,True,False,False,4.959323917150111,4.5525622672114485
41.162296,74,1486.136474,True,False,False,6.131321219822161,5.024360298479398
25.644455,28,1486.50417,True,False,False,1.560674096858515,1.557712002329823
41.528825,40,1487.008384,True,False,False,5.0970659364733475,4.630969450878144
44.397123,91,1488.1983,True,False,False,6.6767837783779065,5.613352334242363
31.236883,72,1489.089862,True,False,False,5.252435854293502,3.1532286373641227
39.353298,99,1490.362084,True,False,False,6.209954192185866,4.847503443906462
28.683759,34,1490.807648,True,False,False,2.7659959447292057,2.2489388432911395
25.728404,27,1491.196118,True,False,False,2.5479754631621323,1.7373188264915826
32.040043,41,1491.740937,True,False,False,3.4478057066065535,2.928317762745716
28.334381,18,1491.974885,True,False,False,1.757416485869108,1.9952869058975662
26.472021,15,1492.182671,True,False,False,1.579024206334449,1.6790029072967811
40.966341,58,1492.946029,True,False,False,5.821041353027202,4.7724704136872225
37.330191,62,1493.724766,True,False,False,4.588888055785352,4.137049029534665
27.660354,18,1493.947628,True,False,False,1.7446988476895846,1.870001238970327
26.342046,19,1494.187655,True,False,False,1.8267722676730784,1.640756229834364
29.413945,42,1494.747627,True,False,False,2.6085200724083126,2.461041579882338
34.875006,52,1495.406663,True,False,False,4.055552729056923,3.439767119747796
27.9707,28,1495.780851,True,False,False,2.687906599457241,1.9949519824808546
25.311788,64,1496.65268,True,False,False,3.849673902963318,2.203310647001888
32.9639,47,1497.255723,True,False,False,4.093192994694044,3.148499917362583
38.423256,93,1498.448682,True,False,False,6.059103356214,4.695258373861375
32.463166,61,1499.288547,True,False,False,4.239650127624455,3.2162283407272563
34.884253,58,1500.076497,True,False,False,4.457872180004536,3.5472878074100125
26.436328,22,1500.378111,True,False,False,1.6201740857408564,1.700457308128248
24.998865,45,1500.98939,True,False,False,2.703225469383649,1.7654024966673774
40.405045,46,1501.58162,True,False,False,5.073689449374026,4.581112920999969
-16.19096,41,1502.090753,False,True,False,3.3814571804015707,5.917056181037017
30.305925,41,1502.586401,True,False,False,2.5823454865537268,2.5693655749737827
39.13037,52,1503.248709,True,False,False,4.5065281389742715,4.324193441774156
44.052708,105,1504.473046,True,False,False,7.494687424879237,5.887129557907503
29.035856,24,1504.786936,True,False,False,2.0557281339476914,2.149767796771067
30.625011,40,1505.309428,True,False,False,2.9391769861014563,2.5899531428271803
46.055453,63,1506.085482,True,False,False,6.089281421069081,5.764820647704872
41.883429,53,1506.73808,True,False,False,5.158375008808716,4.87129476324389
28.03331,32,1507.117103,True,False,False,3.70356726795687,2.1021488470141367
34.602703,39,1507.528364,True,False,False,3.7124203699021487,3.3117881610697024
48.904237,77,1508.456776,True,False,False,8.697737106319838,6.421697499059813
27.433871,24,1508.7558,True,False,False,1.9251688454324458,1.8402336803982775
33.414305,49,1509.345536,True,False,False,3.873924118047351,3.2234393707942854
37.565546,44,1509.920752,True,False,False,4.512196585227272,3.972230965872047
32.518532,41,1510.421391,True,False,False,3.246307908794047,2.9239139765227646
46.262558,79,1511.327288,True,False,False,7.723196339132332,6.019204902312996
41.841034,98,1512.517641,True,False,False,6.622871969466894,5.2998222201774015
37.557463,54,1513.225622,True,False,False,4.474358727008781,4.104543817036467
41.034023,96,1514.444703,True,False,False,6.529953614407165,5.171896741535973
29.199277,31,1514.845325,True,False,False,3.6469108434944766,2.414130216735254
36.491514,43,1515.388656,True,False,False,5.065019012340421,3.974538142258385
32.741094,41,1515.938708,True,False,False,3.132660660938048,3.051919154356305
35.942173,33,1516.341018,True,False,False,3.4796568739066904,3.4852001217896804
49.439429,97,1517.305536,True,False,False,6.83483239703138,6.511116179023791
34.983837,57,1517.920404,True,False,False,3.962203427932886,3.585385844804536
45.683671,72,1518.85393,True,False,False,5.923603732125682,5.603560980621025
28.780879,22,1519.119312,True,False,False,2.5525924836408076,2.152355688596565
35.806942,63,1519.944416,True,False,False,5.167177623228653,4.075098725196426
49.700478,109,1521.351373,True,False,False,7.893124379108718,6.782820821306313
38.422002,43,1521.773612,True,False,False,4.4146127699482545,4.1443148233002205
51.702832,83,1522.662079,True,False,False,7.614969689526688,7.063883929101021
34.384426,43,1523.152608,True,False,False,3.3377411522232876,3.3518559804478794
29.214192,24,1523.449275,True,False,False,2.6730872018127925,2.337436867902015
39.473107,48,1524.072017,True,False,False,4.572293379785352,4.293852545562123
37.241782,37,1524.543534,True,False,False,3.895440317956877,3.830490250311678
27.199919,28,1524.889748,True,False,False,1.9910729480486329,1.869720639408786
37.519176,53,1525.602576,True,False,False,5.342344458756169,4.100707236726925
50.327264,85,1526.751832,True,False,False,8.553101151445768,6.911708461039558
25.860003,19,1527.009793,True,False,False,1.7564750332689734,1.696514924838363
39.104063,67,1527.871399,True,False,False,5.2331679177430805,4.392424345409923
47.975475,71,1528.857396,True,False,False,7.648403983584351,6.160780289457097
40.809158,73,1529.699478,True,False,False,5.481642652937128,4.888494221397923
37.782974,51,1530.269134,True,False,False,5.101559001107727,4.149177545989144
34.771972,55,1530.832803,True,False,False,4.732626058685213,3.4710022346992515
29.404336,38,1531.178325,True,False,False,3.4567921921593245,2.4173490884336504
42.372988,61,1531.748053,True,False,False,5.520139865450038,4.979477807628961
44.333987,46,1532.304424,True,False,False,5.988683606767139,5.2387002326414125
34.477701,46,1532.873271,True,False,False,3.8240262093922746,3.4312347439109394
37.262049,35,1533.29155,True,False,False,3.7031817180259403,3.807123799385188
40.741417,45,1533.856773,True,False,False,4.730170404022594,4.458315269072355
26.322786,14,1533.98976,True,False,False,1.3152841316954131,1.5549341579991502
43.002767,60,1534.687559,True,False,False,5.512712646936494,5.078578360810695
44.685952,61,1535.340165,True,False,False,5.413052766027998,5.344231512791942
37.521241,44,1535.948864,True,False,False,4.676338476431128,3.9880185489486744
32.381015,28,1536.337791,True,False,False,3.6375351440044765,2.799518481028078
32.482479,24,1536.653111,True,False,False,2.8404635760496433,2.773845818500033
39.770286,37,1537.070062,True,False,False,4.538768168397811,4.268451659094663
31.783722,45,1537.605534,True,False,False,3.0146061220389226,2.8783324985755567
45.885465,80,1538.466281,True,False,False,6.447271829793926,5.79046678519204
39.812111,54,1539.171463,True,False,False,4.930937999412794,4.448437129962998
28.064946,20,1539.437235,True,False,False,1.99055144645541,1.8996991187670778
28.371197,20,1539.70405,True,False,False,2.034096752478857,1.950562809638
40.231297,82,1540.760432,True,False,False,6.773865040050744,4.873564711023713
31.469216,59,1541.532583,True,False,False,3.2176716334087976,2.978959732456885
36.133736,46,1542.100576,True,False,False,4.221024710911262,3.6940036943468506
35.065198,74,1543.093132,True,False,False,4.056258918905073,3.7853941539773017
34.259345,52,1543.688003,True,False,False,3.5243213320066857,3.3626441668887357
41.493367,47,1544.231904,True,False,False,4.661487149587624,4.703739018637317
49.736536,97,1545.321104,True,False,False,8.535567938353788,6.786974038982596
35.392369,49,1545.842068,True,False,False,4.413478322360625,3.6716469997010583
35.6082,36,1546.227056,True,False,False,4.011471763659891,3.530693881324811
37.380096,50,1546.801532,True,False,False,4.483249299974016,3.991140321619181
32.484188,40,1547.346086,True,False,False,2.7638942725890967,2.9254215117434414
39.893441,74,1548.29254,True,False,False,4.882433750455197,4.580919125009226
27.886299,23,1548.577527,True,False,False,2.0115351138808433,1.9701538158454734
42.047078,52,1549.197954,True,False,False,5.329344275882367,4.9142815310910235
30.858289,43,1549.770056,True,False,False,3.6503308233341847,2.781154070339311
35.375615,27,1550.14305,True,False,False,3.3021496721283836,3.429948179652102
39.6876,81,1551.186641,True,False,False,4.798527333948422,4.644739092538117
31.556693,60,1551.942385,True,False,False,5.133947858010677,3.12435949795519
28.911685,21,1552.240967,True,False,False,2.1993064427101023,2.1293435960448672
32.031721,53,1552.960248,True,False,False,4.088845125194457,3.1496390484431322
35.938535,51,1553.579988,True,False,False,4.277660450949023,3.6941754097143957
31.410971,33,1553.979664,True,False,False,2.7671908828774634,2.680932331665714
45.587376,110,1555.414271,True,False,False,6.648765314674371,6.049180685046752
32.431049,36,1555.839534,True,False,False,2.9176701686096815,2.8845786210187443
40.531742,77,1556.776973,True,False,False,6.260395651409899,4.712617558386935
26.387396,14,1556.960749,True,False,False,1.5974762241283245,1.596018807357281
37.282308,90,1558.112781,True,False,False,4.555604924479618,4.257172823106636
26.256224,22,1558.362374,True,False,False,1.6963463765625149,1.5377915796735815
46.885504,56,1559.036237,True,False,False,6.421311608671615,5.862676826180322
26.294245,15,1559.229488,True,False,False,1.5249953906757117,1.5851404131921547
34.643999,44,1559.81565,True,False,False,3.696811816151365,3.3769737820272745
51.198516,107,1561.127193,True,False,False,7.5644953593973625,7.08990374411789
29.421354,31,1561.508347,True,False,False,2.1987433920875525,2.2488771811645987
41.422825,138,1563.246556,True,False,False,8.983347495245496,5.631011446076018
33.234773,55,1563.962739,True,False,False,3.5255768525454907,3.2985639027622993
35.116685,42,1564.389766,True,False,False,3.881196824695983,3.485477424976422
35.955004,52,1564.95069,True,False,False,3.6402100127548156,3.6967677839648587
39.043512,74,1565.900667,True,False,False,4.587531652570695,4.413126861515346
27.671158,29,1566.259029,True,False,False,1.7631590796106031,1.9080123165669733
33.514621,47,1566.828465,True,False,False,3.3216886685945592,3.230613562299573
35.096761,42,1567.359084,True,False,False,4.313658311522373,3.6447948670858152
44.788757,85,1568.521188,True,False,False,7.580107961726048,5.85306057061555
43.081283,62,1569.237392,True,False,False,6.340206171044909,5.141179334572066
25.57105,26,1569.506103,True,False,False,1.687564449958071,1.5503854149485488
32.968057,37,1569.907959,True,False,False,3.8455404498393686,3.08306097131279
28.845193,30,1570.234398,True,False,False,2.770560045364343,2.23928518604978
28.86346,19,1570.478072,True,False,False,2.222887515652767,2.0738505862853387
34.777589,35,1570.889958,True,False,False,3.8431848190649176,3.365407933443086
32.871159,54,1571.526575,True,False,False,3.5012675168897447,3.209120370486024
37.485774,61,1572.142564,True,False,False,4.3733917890428655,4.046240665690221
28.573953,22,1572.417524,True,False,False,1.9465366322147855,2.057760147924671
32.737111,40,1572.869239,True,False,False,3.0961962961423515,2.982089661898465
46.673489,49,1573.465303,True,False,False,6.805375322825313,5.720496439424805
33.001608,36,1573.919713,True,False,False,3.2725531906419527,3.0482051354942663
27.336016,37,1574.399735,True,False,False,2.856846348044236,2.027587949662483
38.802584,108,1575.852725,True,False,False,6.277458107455152,4.845415386438255
35.08103,53,1576.529744,True,False,False,3.7804959783225405,3.598382829081015
38.363358,60,1577.281713,True,False,False,4.833793738482385,4.407275723253922
35.613674,39,1577.774276,True,False,False,3.53261670206792,3.6129983580351377
34.370568,43,1578.355813,True,False,False,3.496087277226483,3.3488460103000683
40.986423,69,1579.255255,True,False,False,7.3669569507575305,4.901721076901511
36.804407,46,1579.811894,True,False,False,4.314849665280908,3.88294194072178
28.622016,23,1580.090776,True,False,False,2.1245990086600255,2.0922330309096355
34.474985,35,1580.532935,True,False,False,3.3182972382936726,3.388796845766337
37.981395,87,1581.486152,True,False,False,7.653376864553022,4.68256003213119
26.891744,17,1581.688195,True,False,False,1.6603494991421428,1.6815431700569676
38.74065,60,1582.384177,True,False,False,5.697511909215387,4.494432044972485
-16.797541,18,1582.618675,False,True,False,1.2442037835790853,2.8591197784798195
46.569861,52,1583.269304,True,False,False,5.924943579810547,5.678321248971353
29.437066,41,1583.807502,True,False,False,2.3656849669459095,2.411684751727407
39.813406,63,1584.626545,True,False,False,5.1792240547717245,4.580996979276163
32.35915,37,1585.108922,True,False,False,2.810907537211138,2.8679785397772264
28.741644,52,1585.806503,True,False,False,2.876500554698811,2.475671559057336
23.57739,45,1586.417696,True,False,False,3.088389458623873,1.7521409961610603
35.115734,28,1586.771342,True,False,False,4.292096388666543,3.3797673717620897
26.982485,30,1587.175021,True,False,False,2.563667069513149,1.880284157199397
30.292184,35,1587.651924,True,False,False,2.4304762961198096,2.5095681763298407
44.007291,64,1588.302609,True,False,False,5.509972866665303,5.2847754378673875
-22.475439,61,1589.002187,False,True,False,2.7195375111765414,1.5008528663829301
39.878732,57,1589.647718,True,False,False,4.561550762218834,4.409809776164329
45.492312,102,1590.90781,True,False,False,6.71868672067119,5.904640772081134
27.968296,47,1591.506325,True,False,False,2.417595992197343,2.2139443711103506
26.599214,23,1594.642613,True,False,False,1.907571084970851,1.725713007206196
31.028244,57,1595.324239,True,False,False,3.0738191118386022,2.857832947749086
-8.421137,39,1595.817384,False,True,False,3.981185014200921,3.3537510457581674
35.765255,40,1596.291821,True,False,False,3.6868924631321565,3.6161969880906497
25.937059,19,1596.508166,True,False,False,1.5098315657455177,1.5080800673470973
38.790028,65,1597.302654,True,False,False,4.638699846328041,4.419796174235385
39.267248,70,1598.136355,True,False,False,6.243328600392158,4.515746970831872
48.207838,119,1599.494435,True,False,False,8.6511881151071,6.734172412341704
43.082316,65,1600.188129,True,False,False,6.596581505425073,5.2417880244863975
38.632789,57,1600.794406,True,False,False,4.218763136667869,4.241838939774231
40.751798,72,1601.5715,True,False,False,5.982526087805201,4.863280536973283
31.908221,32,1601.921371,True,False,False,3.7411353245939947,2.768745394825438
32.248006,27,1602.238204,True,False,False,3.04786184439927,2.8495872913291267
38.069928,55,1602.88355,True,False,False,5.008194236958258,4.223539692883105
28.101785,24,1603.165517,True,False,False,1.9439532056969189,1.9555182770961177
30.018622,28,1603.506205,True,False,False,2.2510638181948783,2.3676490877443177
32.353519,44,1604.008826,True,False,False,3.9684901074909815,3.0137689333816837
28.015013,23,1604.293751,True,False,False,1.803218582640283,2.0210005239447395
35.063053,63,1604.993935,True,False,False,4.093440225751891,3.616242447338393
39.544844,75,1605.887533,True,False,False,5.270669789011616,4.557869823468642
33.416796,67,1606.662107,True,False,False,3.6971809689542705,3.313749667836167
26.026705,16,1606.869423,True,False,False,1.541438453388807,1.5415203535944106
43.038466,71,1607.767711,True,False,False,6.180755922014303,5.258300497943045
38.998406,58,1608.501546,True,False,False,4.238453785553591,4.240402913982958
33.336828,35,1608.955694,True,False,False,2.846606981334864,2.9589075402926057
29.315862,33,1609.364968,True,False,False,2.6130810905164386,2.338176352542058
31.264267,28,1609.708553,True,False,False,2.575182345373887,2.5825744329848837
26.748034,18,1609.922811,True,False,False,1.5616007600131359,1.6532056069717613
32.170409,40,1610.399122,True,False,False,3.2129814042269023,2.9245224163319192
37.043023,94,1611.487877,True,False,False,5.795773868908209,4.480455470300973
29.658564,27,1611.808197,True,False,False,2.2179129956416737,2.2949425656898255
32.789471,30,1612.142055,True,False,False,3.3809330024406683,2.9454412148604017
51.603316,81,1613.025113,True,False,False,7.602946362380439,7.096208829373262
31.206539,52,1613.658034,True,False,False,3.0953029694754086,2.9044369464423223
44.745023,47,1614.16629,True,False,False,5.21095139646122,5.2801910734982505
48.429253,93,1615.216089,True,False,False,6.978306304811568,6.444828021156234
53.691047,121,1616.608744,True,False,False,8.204111089935173,7.673953486241897
46.267225,90,1617.732121,True,False,False,6.71680847910593,6.009048973062405
32.628183,29,1618.054975,True,False,False,2.730435994690466,2.928477009323039
32.27103,36,1618.419322,True,False,False,3.2307784428577544,2.843495441350656
26.523997,11,1618.522814,True,False,False,1.4524716163118003,1.5991381924701784
27.211606,35,1618.924495,True,False,False,2.60672162789913,1.9671921331723417
42.270912,67,1619.719709,True,False,False,5.5893851472626,4.9152290482008745
32.802714,35,1620.084095,True,False,False,3.0636712053193813,2.95328055969672
29.787755,51,1620.665018,True,False,False,4.046413388195669,2.688140742809882
29.270819,62,1621.470185,True,False,False,3.563135965608252,2.6949971356571174
44.631796,76,1622.451647,True,False,False,5.794117800803156,5.486802790329758
32.87073,42,1622.989616,True,False,False,2.977751109564389,3.038877365521165
43.002009,89,1624.110761,True,False,False,5.693599173971607,5.3375238452872145
40.031821,64,1624.867775,True,False,False,4.9397329120645175,4.542964194122829
35.811657,52,1625.538704,True,False,False,5.004292522489194,3.7718259555251725
31.394152,20,1625.787667,True,False,False,2.563343339157837,2.50601340119842
44.004877,83,1626.820592,True,False,False,6.754661243504437,5.397763938361685
47.599712,56,1627.54032,True,False,False,6.607849292248103,5.95430090002931
30.411321,34,1627.931772,True,False,False,2.731547494536296,2.5394536999468147
37.784108,62,1628.613507,True,False,False,4.679776393980468,3.9830718771338645
47.091156,114,1629.956036,True,False,False,7.601537200617524,6.372412604939707
34.103506,58,1630.705441,True,False,False,4.37043908234389,3.467062354242961
32.639098,80,1631.739064,True,False,False,5.658388224792042,3.462592128988189
35.62292,82,1632.747714,True,False,False,4.045624147331886,3.882765700841563
32.680866,35,1633.203196,True,False,False,3.169907589790609,2.8976069898444874
27.701968,16,1633.404231,True,False,False,1.759876451933493,1.8740980682993804
45.181635,83,1634.362876,True,False,False,6.473152046197598,5.612164978938461
40.620747,36,1634.827976,True,False,False,4.981512993013956,4.4583592688704865
43.20645,94,1636.015686,True,False,False,6.063489758499095,5.460735106311205
25.076742,58,1636.782568,True,False,False,3.8918977540210253,1.9095577640339474
45.96539,56,1637.494304,True,False,False,6.095878509975211,5.655723687314679
33.561447,50,1638.097704,True,False,False,3.4058720562277314,3.356898992085104
32.850493,48,1638.694656,True,False,False,3.153790266330271,3.083663712692504
33.252456,46,1639.278851,True,False,False,3.6156937482711493,3.2710518657126424
25.960308,19,1639.534438,True,False,False,1.346061167973773,1.5133012076028287
33.979199,39,1639.99205,True,False,False,4.089924503651972,3.353776935998034
48.263071,85,1641.026809,True,False,False,8.042592874090877,6.346579494595551
32.682376,36,1641.50351,True,False,False,3.2009465052639463,2.949212091657964
41.18111,64,1642.338079,True,False,False,5.0854142452924975,4.781705363260038
48.590892,78,1643.334493,True,False,False,7.0276640386144305,6.400211110556953
37.811215,53,1643.962357,True,False,False,4.589788499282263,4.13712112142519
39.451226,44,1644.476426,True,False,False,4.240127095152891,4.21760792475454
37.002349,58,1645.208015,True,False,False,4.087378595612499,3.9843891830043785
29.686627,60,1645.872975,True,False,False,3.752415529566481,2.7091737736603125
30.558487,52,1646.41734,True,False,False,3.8758027379528954,2.7637297763310094
31.008852,33,1646.814672,True,False,False,2.6268076547385015,2.6057644662895547
33.130015,44,1647.360069,True,False,False,3.028965208133618,3.0851657392027496
33.191916,103,1648.67618,True,False,False,7.4620084156168405,4.393333751126612
30.123673,24,1649.002168,True,False,False,2.4199335929918164,2.3386521148265045
26.946691,31,1649.394203,True,False,False,2.0572713827855864,1.8686265592979123
33.15851,55,1650.056284,True,False,False,4.575641679786458,3.337225018191987
28.4032,22,1650.338372,True,False,False,1.9939029378896236,2.0330224661209173
32.642718,60,1651.127313,True,False,False,3.8203601422090916,3.153645774792211
31.867111,45,1651.682794,True,False,False,2.9387789837278984,2.816698490767043
32.954848,42,1652.206054,True,False,False,3.3290718392811067,3.053777673664236
38.057725,50,1652.715456,True,False,False,4.2888323191684234,4.081083323980152
34.296869,88,1653.761063,True,False,False,5.696525922890728,3.8157187616734953
37.508855,75,1654.574435,True,False,False,5.220586155168923,4.187098853380503
34.5041,41,1655.048531,True,False,False,4.253975507065533,3.3753600442581533
-1.32769,48,1655.588438,False,True,False,4.726986547657803,5.062059520035904
55.143177,102,1656.688197,True,False,False,10.358037409024933,8.029643672825369
36.573618,42,1657.222488,True,False,False,5.61640835633883,3.760098293146542
43.116621,69,1658.002808,True,False,False,6.042606118223078,5.189019447112323
38.392988,44,1658.48939,True,False,False,5.011296100305943,4.17336725292981
30.951239,47,1659.037788,True,False,False,2.9951796204622285,2.746110276656928
29.1004,34,1659.418235,True,False,False,3.08482281437181,2.3062288050672524
43.241131,70,1660.04916,True,False,False,5.27411882009544,5.158971907271646
46.451971,77,1660.7343,True,False,False,6.685227321833919,5.919572581892714
35.414637,39,1661.117478,True,False,False,3.6374984597042723,3.5150665778260453
43.606175,69,1661.824947,True,False,False,6.188378218709111,5.326267596632853
38.732853,78,1662.77266,True,False,False,5.724873300366389,4.626134161873432
42.661494,62,1663.559153,True,False,False,5.177389145306108,5.08915174866403
33.169617,36,1663.997726,True,False,False,3.6711703396289463,3.0948715440132477
30.177314,48,1664.567946,True,False,False,3.5628471168683555,2.6145193088058902
49.367072,82,1665.463401,True,False,False,6.582026065518444,6.388254763737694
32.010458,64,1666.154065,True,False,False,5.160121531556858,3.19473078314815
38.647019,55,1666.806675,True,False,False,4.543560190838013,4.270266137566335
30.89907,56,1667.48427,True,False,False,3.529644557638468,2.8294794660412816
42.125552,39,1667.92764,True,False,False,4.901281253278846,4.744452853476497
37.584517,81,1668.794739,True,False,False,5.4943717626529525,4.2781970811352314
27.518046,65,1669.599006,True,False,False,4.692256618419918,2.616051314881364
43.993546,53,1670.306062,True,False,False,5.392929169751095,5.26329267496618
36.835395,48,1670.862013,True,False,False,4.1157986447351975,3.7033424907133394
34.113996,50,1671.416652,True,False,False,3.845426885883588,3.3852974389416453
27.149284,76,1672.370288,True,False,False,4.135482653521378,2.511585538671272
34.571139,76,1673.327562,True,False,False,4.586483787643008,3.7104479381590374
35.078456,51,1673.966662,True,False,False,4.305652206544844,3.4888820380919943
26.26876,15,1674.167412,True,False,False,1.4359696275559306,1.596380466824837
36.865326,51,1674.731091,True,False,False,3.8753246058206736,3.938600391157263
32.616213,43,1675.187976,True,False,False,3.4677561344652412,3.006357359207539
41.892473,72,1675.996456,True,False,False,5.240644750355709,4.925134557378963
39.789936,102,1677.220631,True,False,False,5.5213006650378285,4.840788610557416
45.533222,81,1678.237248,True,False,False,5.78868001018196,5.690416797008064
34.369038,35,1678.626465,True,False,False,3.7269615847067623,3.2945483228096037
46.487919,89,1679.728249,True,False,False,6.2752122161001065,5.904472878366648
43.369595,68,1680.586295,True,False,False,6.28092097542841,5.220915566271701
32.115594,45,1681.077086,True,False,False,2.856482993523451,2.8763900490982603
36.058363,49,1681.653819,True,False,False,3.7106852718674617,3.621688937072632
41.364716,51,1682.294453,True,False,False,5.0680905839669155,4.6922438038716665
32.928709,45,1682.867531,True,False,False,4.800607815327208,3.220619203684087
36.224046,39,1683.327598,True,False,False,3.6583640600872487,3.629893829473202
47.131316,95,1684.257805,True,False,False,6.366847088809004,6.067728251626123
29.822517,47,1684.691968,True,False,False,2.6434316232418045,2.6305757162788166
35.714513,40,1685.156796,True,False,False,4.2789979161290725,3.5921312885517636
34.147195,55,1685.805026,True,False,False,4.0191131671961156,3.4460251070026784
39.381658,53,1686.508581,True,False,False,5.1647167638688405,4.445639031401969
36.292814,65,1687.320554,True,False,False,4.237865307687899,3.895710673349205
37.439772,55,1688.030303,True,False,False,4.769225305761015,4.108967341399761
27.806076,25,1688.329795,True,False,False,1.9651517983927111,1.883129941345632
32.454783,29,1688.717895,True,False,False,2.8826558600360035,2.8354397821588004
41.162486,117,1690.181047,True,False,False,8.471449378584396,5.468808812938808
42.251214,100,1691.337955,True,False,False,6.244706203166435,5.273248842387209
32.294804,48,1691.956421,True,False,False,3.0735134753566045,3.039144464207275
47.580998,80,1692.91674,True,False,False,6.932874164487171,6.185745268432412
29.070201,33,1693.356216,True,False,False,2.5105636190486433,2.200838568135376
38.728191,71,1694.226861,True,False,False,5.385115686801909,4.3065561966364285
42.601759,65,1695.019477,True,False,False,5.992503666407393,5.10372337387267
43.714411,88,1695.985285,True,False,False,6.062241740301577,5.626887468081665
44.846158,69,1696.710994,True,False,False,5.653680813185909,5.535048726354658
45.628326,128,1698.310488,True,False,False,6.986061079640979,6.228321383362343
40.745345,70,1699.236179,True,False,False,6.0207234322586345,4.805800657874927
49.972952,77,1700.265475,True,False,False,7.103747688037603,6.536292132281253
40.988164,58,1701.0172,True,False,False,5.8891157483808625,4.6720821783244455
43.324857,94,1701.959225,True,False,False,5.643048833647251,5.6010191714151425
27.163407,25,1702.19446,True,False,False,2.05595703205307,1.8629968446661533
35.490808,53,1702.797527,True,False,False,4.296455110685026,3.7622241051824656
29.230817,31,1703.093326,True,False,False,2.4519042426701723,2.267837577071236
44.033743,72,1703.985368,True,False,False,7.108348401710979,5.466000407863348
35.977781,44,1704.434176,True,False,False,3.754377853917043,3.611890565623091
29.58943,37,1704.817127,True,False,False,2.5691144960792904,2.3744842258060133
41.680073,55,1705.425645,True,False,False,4.87905008493739,4.69967387482198
56.371565,91,1706.576538,True,False,False,9.775917826137993,7.977027757119735
53.698105,82,1707.559653,True,False,False,8.088925187550416,7.2667491020974575
40.564545,69,1708.375139,True,False,False,6.042067714926866,4.850358815438552
37.197493,68,1709.253047,True,False,False,4.622718175720831,4.103785923469136
44.015677,51,1709.906763,True,False,False,5.959234258621807,5.243711223580782
31.888636,19,1710.137521,True,False,False,2.4924899987567954,2.6494666895921477
34.992871,34,1710.543984,True,False,False,4.061532756468294,3.3598144430120214
28.775466,24,1710.848009,True,False,False,1.9924273568768258,2.0758162054219844
28.515667,23,1711.149661,True,False,False,1.949032747610214,2.0472857151887354
31.722931,25,1711.445558,True,False,False,2.48783477415834,2.6415101657601667
36.067643,53,1711.996175,True,False,False,4.118796533884471,3.7090953742576604
44.536653,86,1715.361292,True,False,False,6.334080867816584,5.753287536091031
29.039382,31,1715.763538,True,False,False,2.7058032177131577,2.3005922689738116
26.17267,19,1716.020301,True,False,False,1.4067974782180195,1.561258803271213
29.908037,23,1716.320329,True,False,False,2.3153671468679105,2.3715408299105185
45.474961,106,1717.625859,True,False,False,6.911647048491173,6.022560730089806
34.441909,59,1718.352251,True,False,False,3.4804986845203745,3.435625464133262
40.697968,104,1719.533054,True,False,False,5.654766588492951,5.130786551205996
33.200655,35,1719.817401,True,False,False,3.5458192450048793,3.075501004918267
31.160296,50,1720.242317,True,False,False,4.619993435769339,2.9115188249647916
27.282808,20,1720.407067,True,False,False,2.0311549278437586,1.813079663743066
43.215076,78,1721.080043,True,False,False,5.511409438415807,5.2368777051100786
29.270506,61,1721.603273,True,False,False,3.944894982422725,2.565453757566216
30.411378,37,1722.015244,True,False,False,2.917644275160192,2.635062748091872
35.266698,59,1722.824497,True,False,False,5.163898854744941,3.8256717129700384
32.751816,38,1723.281048,True,False,False,3.174589526587067,2.87692855608662
38.081318,64,1724.072772,True,False,False,4.904345280498117,4.189636885455525
25.786124,36,1724.537136,True,False,False,2.229596257764499,1.7006345311247468
34.165363,46,1725.031094,True,False,False,3.985660724496713,3.30555386550289
28.788299,25,1725.308171,True,False,False,1.9556356149454124,2.1629674657966422
31.479717,38,1725.74766,True,False,False,3.1041117432455843,2.7447348638975626
36.882745,47,1726.36771,True,False,False,4.117140336839806,3.8913845508916425
27.47325,27,1726.711101,True,False,False,2.7668497245511325,1.9727267130991684
35.726451,51,1727.399189,True,False,False,4.2699326531570305,3.7134248511172374
27.980875,26,1727.749991,True,False,False,1.8323021536137514,1.9860586119034795
34.490106,77,1728.65151,True,False,False,3.656485618686441,3.6904081824088983
43.165281,60,1729.403561,True,False,False,5.319762117157994,5.080543812874354
35.953993,73,1730.28299,True,False,False,4.432031301056541,3.875907278645107
33.053781,54,1730.988446,True,False,False,3.5124951708920196,3.1757754484929244
33.705051,80,1731.998084,True,False,False,5.613749376764957,3.5705859628832095
29.702923,28,1732.364407,True,False,False,2.3526269470982797,2.319494997327705
33.019264,36,1732.844233,True,False,False,2.891031263469667,2.9477979879873417
39.875541,47,1733.412996,True,False,False,4.388083613896653,4.3354106511800365
34.913431,48,1734.021013,True,False,False,3.67049088936671,3.4845643994718727
36.935961,51,1734.629105,True,False,False,3.95035556479712,3.8073812138863494
43.042272,76,1735.426432,True,False,False,5.930884447609032,5.197242322122874
43.792694,60,1736.192007,True,False,False,6.119608800408541,5.3726680593034395
38.331068,43,1736.729379,True,False,False,4.360794500565193,4.045196006263987
35.455104,34,1737.045048,True,False,False,3.4717706299433773,3.417919528208495
33.958456,45,1737.574524,True,False,False,3.2634659799309587,3.2850048385278825
42.326666,63,1738.395493,True,False,False,5.827571190901397,5.020983393806122
48.998225,70,1739.265403,True,False,False,7.057913605761076,6.361233914536338
43.958386,81,1740.135292,True,False,False,6.179941033867877,5.396121758782801
35.907594,42,1740.624953,True,False,False,3.637246825865092,3.6126231871642385
38.04641,41,1741.067773,True,False,False,4.144985153942326,4.007718291210851
39.450257,66,1741.790795,True,False,False,5.752047009210335,4.557641019588073
34.468416,37,1742.223009,True,False,False,3.2309692773608263,3.1961775151083955
55.465132,63,1742.821211,True,False,False,8.184840797345023,7.435409685556125
38.421458,66,1743.524118,True,False,False,4.161397298272956,4.263624731633273
33.728673,34,1743.898051,True,False,False,2.9607459752931025,3.036443183318738
31.114867,82,1744.636876,True,False,False,5.507764536526222,3.2474947499575646
26.429451,66,1745.424172,True,False,False,3.6379955716878234,2.155850490637974
28.842061,32,1745.839684,True,False,False,2.7762789150073646,2.266930104010418
33.094835,38,1746.351562,True,False,False,3.213007051386636,3.0792937757261534
43.852917,102,1747.68313,True,False,False,6.247483271454549,5.630842544486491
30.860639,32,1748.089231,True,False,False,2.404089027695005,2.4877876409134227
35.129491,41,1748.651619,True,False,False,3.1964037329440416,3.331067834380313
34.427348,62,1749.424171,True,False,False,3.972310623513668,3.6165561562123942
35.619627,65,1750.260041,True,False,False,4.962782716577084,3.8936354961363975
26.957213,22,1750.549312,True,False,False,1.8900829500163843,1.8154916535295789
45.293634,114,1751.99172,True,False,False,7.058982850468565,6.012664424114599
29.991177,27,1752.332646,True,False,False,2.6003072707790915,2.437754295856098
44.728731,91,1753.398907,True,False,False,7.123930366365388,5.592534589110797
41.779502,69,1754.201337,True,False,False,6.1856928824998745,5.12569557352463
29.722346,17,1754.391723,True,False,False,2.0789018834907362,2.2346250930339973
37.836363,37,1754.796789,True,False,False,4.1223490608670454,3.8590016866904646
26.130509,18,1754.969727,True,False,False,1.3627163839060725,1.5479134706324404
-8.838218,28,1755.249084,False,True,False,3.146807365495213,3.4340038413294396
37.117755,39,1755.720186,True,False,False,3.99662418450854,3.789860902713245
36.751483,56,1756.390029,True,False,False,5.007663220075975,3.9885963631185857
35.952476,52,1757.050596,True,False,False,4.473593344502197,3.931227290305604
30.741473,34,1757.490486,True,False,False,2.6546499420204985,2.511525720683751
46.637733,87,1758.668487,True,False,False,6.326614648382555,5.880443882721078
50.366657,78,1759.644636,True,False,False,7.3668482528178325,6.6811372330370995
33.437564,38,1760.127314,True,False,False,3.768042131663533,3.1323895111478834
42.689553,80,1761.122781,True,False,False,8.468229058208644,5.432519762284527
32.205938,32,1761.543552,True,False,False,3.102559285599405,2.890696244263515
30.720239,26,1761.891688,True,False,False,2.28073138275367,2.4397970454073805
36.600323,55,1762.587417,True,False,False,5.0995718398603636,4.003805766021747
40.774424,49,1763.224688,True,False,False,4.69413363681967,4.552396028989209
39.757726,48,1763.820391,True,False,False,4.9960684193345815,4.407061824203313
43.13093,56,1764.499027,True,False,False,6.06363727288644,5.061513229707383
37.115801,45,1765.047691,True,False,False,4.425604233887858,3.8944592632022843
44.98058,131,1766.737089,True,False,False,7.024388756171972,6.089642876004259
31.390938,35,1767.168477,True,False,False,3.978409880392685,2.8246256396655216
29.089613,27,1767.536102,True,False,False,2.5396466213443816,2.2434012558377034
45.854643,60,1768.218725,True,False,False,5.722613798147329,5.7197871203949155
37.745716,36,1768.551712,True,False,False,3.949225361498346,3.9580301715388
35.339964,28,1768.810687,True,False,False,3.527284898949327,3.3500947933774055
31.45921,26,1769.12424,True,False,False,2.5082717801733905,2.6271937853860616
33.015983,29,1769.470805,True,False,False,3.059220594530759,2.9803998232148463
31.700749,40,1769.983543,True,False,False,2.6857639551043513,2.738933350117862
30.424767,82,1770.912359,True,False,False,5.205924696292771,3.0783730981554527
30.889825,41,1771.465278,True,False,False,2.5650890036923375,2.682114032250369
35.068666,29,1771.840752,True,False,False,3.2384592114992503,3.2761209932007227
47.972519,97,1773.029627,True,False,False,7.460103712934613,6.301367527833371
27.72391,25,1773.316999,True,False,False,2.4391372121602495,1.960511031884647
36.89454,55,1773.969333,True,False,False,4.447440910021095,3.951951818296629
41.714468,61,1774.729158,True,False,False,4.9657210566387375,4.865662023706596
42.029828,97,1775.942681,True,False,False,6.997625565831334,5.398592967008021
46.507764,50,1776.537769,True,False,False,5.956887773678766,5.667620344130136
45.718167,103,1777.723916,True,False,False,6.909384171021282,5.898531904426866
40.17596,38,1778.170914,True,False,False,4.724014124871358,4.404122931184551
43.526953,75,1779.08744,True,False,False,5.5496471450301685,5.296639710206553
39.049533,44,1779.547492,True,False,False,4.469850333834617,4.344647152723656
35.346091,33,1779.926535,True,False,False,3.4268119455002393,3.447985557433285
37.86468,38,1780.320209,True,False,False,4.576327058234793,4.014150653399766
27.582079,17,1780.507929,True,False,False,1.6302638677709902,1.7985132935315364
38.980027,92,1781.623027,True,False,False,5.096646574960273,4.6137497454179535
44.499,91,1782.770689,True,False,False,7.361577945601347,5.571577661855511
28.633661,38,1783.221505,True,False,False,2.702815640711905,2.3238031926594496
35.405936,37,1783.663171,True,False,False,3.400046821886982,3.397382684855935
46.671637,89,1784.759932,True,False,False,6.8407949325451245,6.0963816351074
46.044891,72,1785.611532,True,False,False,6.166253737573759,5.876789280498338
41.705139,51,1786.231397,True,False,False,6.668201706021507,4.895152035213134
39.063633,39,1786.714548,True,False,False,4.371494585106667,4.163707257005144
27.972043,22,1786.964722,True,False,False,2.145890134588522,2.1020945513411315
33.679869,25,1787.291283,True,False,False,2.9663345378286183,3.0052744804059306
43.798185,65,1787.985434,True,False,False,5.889591567798066,5.362173970530883
33.063852,31,1788.328168,True,False,False,2.8588123734677113,2.976285385825546
42.440065,45,1788.849219,True,False,False,5.148812351187422,4.845605001255603
41.564707,96,1790.047909,True,False,False,6.676501396769061,5.215438817995583
42.234317,61,1790.745129,True,False,False,6.061072123674761,4.849787809226428
36.438049,37,1791.087118,True,False,False,3.8291566266591803,3.7477337982717653
40.594961,70,1791.981715,True,False,False,5.467875375672197,4.8376852147880145
51.493408,69,1792.898191,True,False,False,7.230424436303857,6.831977726007509
34.816918,33,1793.25809,True,False,False,3.242102823417704,3.3411235155543313
35.514607,42,1793.781214,True,False,False,4.148117940721267,3.5920004071415303
28.280452,28,1794.156563,True,False,False,2.1900240176835246,2.0105222403272625
36.234028,68,1794.968887,True,False,False,6.327736919065028,4.061033447018357
32.93916,54,1795.602361,True,False,False,3.726772409210374,3.1352311654637246
27.288291,20,1795.8121,True,False,False,1.6359237086564666,1.783387809836333
53.079234,85,1796.848204,True,False,False,9.502497399427158,7.335103460980782
37.963817,39,1797.350275,True,False,False,4.087387413618616,4.008249421626773
31.506348,34,1797.792983,True,False,False,3.1538242022758154,2.7336969561180036
26.962719,30,1798.177686,True,False,False,2.148198465427288,1.8414144972076247
30.987321,35,1798.636056,True,False,False,2.9782724943876624,2.671871589237944
32.069646,27,1798.979481,True,False,False,2.817767499549479,2.737434842850919
29.754778,32,1799.344329,True,False,False,2.639716499003724,2.447885906369477
-19.681142,14,1799.513635,False,True,False,0.7944987522622551,1.5111490571921782
37.319643,52,1800.174989,True,False,False,4.834548521310428,4.010833499712973
35.114536,49,1800.81656,True,False,False,4.651069575005793,3.6816491531869695
39.796285,62,1801.562896,True,False,False,5.139330657365158,4.485072958273409
42.099155,49,1802.178289,True,False,False,5.029557106579733,4.79192410501072
34.390777,46,1802.787426,True,False,False,3.5386389900744213,3.402544868907206
49.971168,91,1803.908964,True,False,False,6.863478502867669,6.530401852774371
44.40282,77,1804.734205,True,False,False,5.849981028379769,5.423895094568287
40.30419,52,1805.289697,True,False,False,4.495864213948087,4.432135345090905
35.770668,36,1805.722269,True,False,False,3.700695303943543,3.381053212472062
38.657572,61,1806.540227,True,False,False,5.933963377584925,4.356595529803185
39.140379,68,1807.424086,True,False,False,5.172230584119718,4.455143855345315
41.410823,86,1808.531047,True,False,False,6.201033105181047,5.203528854503223
30.842,55,1809.247538,True,False,False,4.950997485140035,2.960343863045089
36.981765,33,1809.682557,True,False,False,3.647219170916704,3.734612643320434
33.487973,27,1810.019041,True,False,False,2.956137715824298,3.059846252339726
34.393267,29,1810.373756,True,False,False,3.371078634780463,3.2116356516400724
46.040473,49,1811.024337,True,False,False,5.588477992393921,5.553084406054261
32.189169,47,1811.627952,True,False,False,4.017432671057589,3.0571525588291104
33.365532,43,1812.179078,True,False,False,3.388171196628544,3.11359043160735
35.382132,31,1812.577069,True,False,False,3.6160826676540583,3.3808303748040336
40.776833,76,1813.37175,True,False,False,4.759668106344501,4.7749285910479
43.000358,92,1814.345947,True,False,False,8.188469330045951,5.549575069475765
41.422248,53,1814.981419,True,False,False,5.635910909349921,4.788115294927475
34.689272,45,1815.518392,True,False,False,3.3402470835850036,3.391625199312307
41.098001,54,1816.179043,True,False,False,5.728721383842509,4.827348986873931
28.123964,26,1816.508244,True,False,False,2.239383081342959,2.0620677240228
31.725221,42,1817.034174,True,False,False,3.126921004462076,2.8773365850468773
32.793607,54,1817.72048,True,False,False,3.34606029622246,3.11303922316758
44.393002,77,1818.71639,True,False,False,6.0971098501909955,5.517656098187742
33.708066,51,1819.297262,True,False,False,3.3909729749570916,3.277553860320704
47.645058,59,1819.977526,True,False,False,6.244441430175176,5.966883299330156
26.509392,19,1820.208326,True,False,False,1.4861651619674305,1.594504568761747
42.331892,91,1821.344746,True,False,False,7.128309833831708,5.3778719366684005
43.966416,58,1822.068874,True,False,False,5.271446057222418,5.197999689855653
30.043223,35,1822.564312,True,False,False,2.570948668551778,2.4864751509409784
37.887151,34,1822.990512,True,False,False,4.1749675463168705,3.8223789217803077
33.211104,48,1823.604129,True,False,False,3.3915934517893387,3.1353531683294524
37.520972,50,1824.158142,True,False,False,4.533089665512115,3.9848949217749468
36.433602,74,1825.110074,True,False,False,4.696508591654495,4.012339444033683
25.708275,23,1825.372096,True,False,False,1.3108690519055952,1.5168713149999404
40.501314,61,1826.05086,True,False,False,4.6458812642618526,4.51764710634919
31.107081,34,1826.450804,True,False,False,2.661666940210621,2.670755079982191
31.04799,40,1826.935428,True,False,False,3.361838308509875,2.7746180287259428
40.480626,48,1827.40082,True,False,False,4.658637184922794,4.537723311440599
31.766369,44,1827.935328,True,False,False,3.24347615507893,2.890069726066818
46.598235,81,1829.006317,True,False,False,6.387201888444636,6.016213626240031
44.754408,65,1829.807508,True,False,False,7.026786725241723,5.608497778674572
44.38175,75,1830.641732,True,False,False,6.280623319041065,5.429084536052305
34.057153,27,1830.980555,True,False,False,3.3391144477026944,3.2735967541663116
33.845777,35,1831.439431,True,False,False,4.073826142579533,3.277331926485254
47.189679,74,1832.326314,True,False,False,6.5933634956407365,5.988026910428892
48.605412,85,1833.344766,True,False,False,7.353095254233406,6.377990012776997
34.573694,71,1834.199271,True,False,False,4.262561647038908,3.641558655255369
34.323441,36,1834.597039,True,False,False,3.7399059061201254,3.227902273665832
47.555537,94,1838.878592,True,False,False,7.581895992237667,6.311841468122156
30.30267,40,1839.361571,True,False,False,3.7009321654737737,2.680976780347872
34.581571,33,1839.793247,True,False,False,3.404016874633595,3.269750624786368
33.027768,46,1840.375999,True,False,False,3.8420290286872323,3.3306036546572186
53.609165,86,1841.497675,True,False,False,9.086762425928846,7.566491213724341
38.398196,44,1842.072273,True,False,False,4.430704356223671,4.0954668723396335
32.590544,41,1842.570541,True,False,False,3.277039982070986,3.0234941993674678
41.360461,65,1843.413137,True,False,False,4.96114282146287,4.755385740315417
22.021112,54,1844.111979,True,False,False,2.8567445165554957,1.7134936140479966
26.219598,14,1844.28569,True,False,False,1.5055363544843852,1.64740147000632
37.022244,38,1844.770772,True,False,False,3.8087550579210956,3.867449000608365
44.632173,66,1845.617419,True,False,False,6.8906120519524166,5.492616164089517
32.834363,46,1846.206165,True,False,False,3.6100632583864862,3.163465824249373
26.243534,20,1846.458886,True,False,False,1.5672177937169667,1.6355408296095522
40.711525,39,1846.963913,True,False,False,4.663822315250659,4.566148020435281
28.410859,29,1847.341512,True,False,False,2.0184492704460486,2.0821547106018303
29.250181,31,1847.731779,True,False,False,2.3724928814586845,2.330666460991659
41.769785,90,1848.884872,True,False,False,5.975263471094975,5.232466391146543
36.024685,83,1849.820325,True,False,False,5.020039665797178,4.061431919854639
44.338347,51,1850.440924,True,False,False,5.456825845871861,5.355958388691515
29.723263,24,1850.752987,True,False,False,2.436504857356218,2.3151931662792813
39.794608,66,1851.610904,True,False,False,5.399250887663369,4.6798937140545664
39.402369,70,1852.503285,True,False,False,5.119057371056595,4.536069422187236
29.976461,34,1852.911134,True,False,False,2.569104941453641,2.426780941461195
30.037191,26,1853.264165,True,False,False,2.708293519393424,2.4144568587902326
39.023421,48,1853.892025,True,False,False,5.538611967516104,4.454910487517279
36.89567,79,1854.838108,True,False,False,4.237970780617747,4.134549764136571
41.555984,62,1855.578675,True,False,False,4.9452182993108424,4.844573146672896
41.450896,87,1856.635936,True,False,False,5.344404442898562,5.008060299240497
32.607385,32,1857.025115,True,False,False,2.8875383424621597,2.932760105050189
26.297014,25,1857.32195,True,False,False,2.1273880874437268,1.7442664529933907
25.841031,26,1857.597324,True,False,False,1.4348305646145139,1.5975817341198173
26.378371,15,1857.750453,True,False,False,1.4305373278129008,1.6161616486437207
24.105522,70,1858.62059,True,False,False,6.219917462878071,1.9080728831074982
45.045431,63,1859.362481,True,False,False,5.950827143210791,5.6031634316745755
51.115918,124,1860.829391,True,False,False,8.832499040183803,7.375668280169627
39.874631,36,1861.28943,True,False,False,4.468369729977808,4.306772064728907
34.407602,43,1861.845584,True,False,False,4.525048863663615,3.4154161806332213
28.093824,37,1862.300722,True,False,False,2.5236077740612304,2.1025938798407546
35.011147,60,1863.023313,True,False,False,3.8069874207123178,3.600055698610087
29.619833,32,1863.440914,True,False,False,2.5780879470604057,2.2875999362274984
33.446261,50,1864.094984,True,False,False,3.3377275687603487,3.2041590984439385
45.586748,60,1864.722361,True,False,False,5.696777664604625,5.6474619067235325
37.703597,34,1865.071716,True,False,False,4.2308959016056455,3.904717410709674
41.770924,43,1865.545943,True,False,False,5.136355748532139,4.669230655613953
41.060591,55,1866.243068,True,False,False,4.896577927201019,4.6472792712288635
28.822768,43,1866.726577,True,False,False,3.5053890043472222,2.4735068877901636
33.882721,37,1867.143121,True,False,False,3.370842997723456,3.1626721056084297
39.24629,74,1868.061586,True,False,False,4.523712324052153,4.455673974388702
37.087905,65,1868.834947,True,False,False,4.145961519309748,4.003672798970241
29.524802,34,1869.22339,True,False,False,3.046576981901167,2.4420498051715644
44.642661,81,1870.035546,True,False,False,5.657562950246904,5.506034293398691
44.237159,97,1871.069831,True,False,False,6.546600419805345,5.655833562248617
40.185454,70,1871.928956,True,False,False,6.0327765187547815,4.7465464959057035
42.588589,64,1872.630342,True,False,False,5.056166003290872,4.909926497370357
29.152726,46,1873.152045,True,False,False,3.6272593617087416,2.632635581890475
29.684399,40,1873.58965,True,False,False,2.7516814279885082,2.4702368069766756
37.866801,48,1874.127414,True,False,False,5.075381478643075,4.107492144577198
30.448754,21,1874.332859,True,False,False,2.3122010437745297,2.379496034556802
29.309436,38,1874.672401,True,False,False,2.4448209726231975,2.3632336098527467
32.892723,39,1875.016597,True,False,False,3.91130226768031,3.054767135270409
40.489226,89,1876.064983,True,False,False,5.482183043221595,5.084388422198272
27.902643,31,1876.449963,True,False,False,2.5228001327050076,2.0574841624753875
39.467139,42,1876.961972,True,False,False,4.643526503082101,4.376110726593748
31.887956,43,1877.495003,True,False,False,3.4076096521907178,2.84136127685524
39.035461,59,1878.141792,True,False,False,4.96293276695484,4.372443276126304
33.263851,39,1878.560512,True,False,False,3.267442667862906,3.0736624253033344
47.682576,67,1879.291371,True,False,False,6.350376289170423,5.987752049415459
45.116127,77,1880.323525,True,False,False,6.615684479613182,5.717283433614427
42.126381,71,1881.241118,True,False,False,5.151721923568178,4.996051438353851
36.581594,47,1881.860578,True,False,False,4.03826551102949,3.797875333579047
34.108756,50,1882.405102,True,False,False,3.880164772856829,3.334096924460832
40.053567,51,1882.866952,True,False,False,4.467633582567371,4.517212815189726
28.395706,20,1883.046941,True,False,False,2.083563779337504,1.973056880806444
30.278727,28,1883.391327,True,False,False,2.4618079259249424,2.4349983058147355
38.228171,42,1883.89551,True,False,False,4.195052398160582,4.074349247875935
40.459318,53,1884.560427,True,False,False,4.7036684100774115,4.510483615594736
27.273338,25,1884.87385,True,False,False,1.6547807983753278,1.7796576917327385
32.612078,29,1885.263649,True,False,False,2.6948134087046767,2.8605124660263685
37.475969,101,1886.550658,True,False,False,5.44486400723563,4.5369840194297675
49.812486,104,1887.95409,True,False,False,8.492297780677655,6.8007824378698825
28.421233,34,1888.387566,True,False,False,3.1093039099083652,2.2248738674887267
53.662918,87,1889.508457,True,False,False,8.138348058899792,7.414833481943464
32.808154,42,1890.029092,True,False,False,3.1301964956222905,3.000693279683034
29.222641,28,1890.385755,True,False,False,2.4767181286388746,2.201923049049591
44.108304,60,1891.085071,True,False,False,5.819948279927094,5.26963461110232
46.404059,69,1891.929427,True,False,False,7.342659023394453,5.904447620158305
33.257429,73,1892.785156,True,False,False,4.1554764118158785,3.3338665039864726
40.313191,74,1893.565086,True,False,False,5.1659280738612,4.661285522616819
29.200317,49,1894.176376,True,False,False,3.4301331475119863,2.5369772644816977
35.768985,34,1894.617753,True,False,False,3.9533775946878444,3.567793646653922
32.03993,31,1895.003742,True,False,False,3.073507696973223,2.8659994967391174
41.888952,63,1895.767107,True,False,False,5.161346318595424,4.97826600237528
34.638434,43,1896.316434,True,False,False,4.09552262338587,3.312158606925819
36.609112,46,1896.803775,True,False,False,4.627116600192141,3.7183583193607097
34.228284,64,1897.537753,True,False,False,4.695781007818086,3.6469271669155954
30.635349,30,1897.880136,True,False,False,2.6981444113325708,2.5828193442901144
25.929631,19,1898.107244,True,False,False,1.521594725186831,1.5407712454705331
51.473845,73,1898.951523,True,False,False,7.441328124628932,6.867378174274738
-3.027183,51,1899.531931,False,True,False,4.169089548685748,5.376640701720676
27.295647,32,1899.890027,True,False,False,1.7397940195167838,1.91491884965113
40.511603,55,1900.474484,True,False,False,5.205391788198976,4.555403742541601
37.698689,51,1901.124689,True,False,False,4.924660476700377,4.153595879769349
43.790258,45,1901.724565,True,False,False,5.035147793512402,5.039776305064377
36.408319,74,1902.413149,True,False,False,5.551139958533371,4.134169016208123
29.228561,29,1902.668145,True,False,False,2.0528483857699698,2.2409315858884815
37.745926,99,1903.930455,True,False,False,5.380066112165062,4.495935047825271
47.781232,71,1904.764301,True,False,False,6.79902263609435,6.200089211265962
27.574037,23,1905.05924,True,False,False,1.7066517130943912,1.9089975365818115
28.50295,20,1905.299418,True,False,False,2.386164858073212,2.0765040048479926
37.848046,48,1905.870008,True,False,False,4.616037896962226,4.054464313926788
26.715399,26,1906.204626,True,False,False,1.6896676668410622,1.7294216359664178
27.599801,19,1906.431469,True,False,False,2.010223056711443,1.8559758366304042
29.692842,36,1906.872581,True,False,False,2.9993214257144625,2.506926626151485
45.176127,69,1907.674544,True,False,False,7.143308583015233,5.748573240350941
26.322255,39,1908.139578,True,False,False,3.78508897197022,1.9126910778274135
27.556672,18,1908.337311,True,False,False,1.787447147692261,1.894388543454308
43.236573,59,1909.036383,True,False,False,7.065919801835231,5.224423651540103
47.005765,60,1909.772646,True,False,False,5.872619797974197,5.928277498906497
-1.314127,109,1911.136656,False,True,False,6.389251342506668,5.914771172091639
33.141741,71,1912.043063,True,False,False,4.022652070195522,3.38894550324521
40.436098,79,1912.955164,True,False,False,6.620049577078092,5.1718240079749975
33.525084,28,1913.296333,True,False,False,3.1088559127174373,3.066223463521099
47.724951,66,1914.126278,True,False,False,7.075616907706664,6.073054730443061
37.211591,59,1914.93779,True,False,False,4.509829456578465,4.0591703883876775
37.392558,43,1915.493699,True,False,False,4.156088528453438,3.963513593239194
43.833593,86,1916.534084,True,False,False,6.586888951692152,5.552238708383028
34.42153,64,1917.332482,True,False,False,4.993492305759561,3.738400608791072
38.522299,48,1917.894562,True,False,False,4.325186691607009,4.227421321374318
34.174484,49,1918.558688,True,False,False,3.7574721683668817,3.2639042551808473
37.12434,53,1919.245403,True,False,False,4.449662469399191,3.924546671968747
36.944585,44,1919.77736,True,False,False,3.9040495831203716,3.765377598767514
38.521954,54,1920.408652,True,False,False,4.140272091709501,4.189141272758372
30.856484,45,1920.993143,True,False,False,3.5058224181725297,2.8458962894029813
29.55022,20,1921.234072,True,False,False,2.236744505215901,2.278983070695284
40.632931,73,1922.174567,True,False,False,6.896948525178225,4.9113758437708555
32.909394,29,1922.476203,True,False,False,2.9445111156508657,2.953532730059701
30.578435,26,1922.766511,True,False,False,2.5175319950287767,2.375039391229277
36.530425,51,1923.416895,True,False,False,4.678938896497973,3.8578357353348127
25.253272,27,1923.79218,True,False,False,1.8256643789553344,1.6310575299756913
30.448024,40,1924.306495,True,False,False,3.149914645592144,2.60928197861549
42.630292,76,1925.213918,True,False,False,6.073956565717869,5.154131925019675
34.891139,42,1925.747132,True,False,False,3.523991478612339,3.386053103285225
-18.390054,16,1925.933687,False,True,False,1.120887691380482,2.2055993312445628
29.792302,24,1926.177691,True,False,False,2.2185697102651014,2.256936148882503
51.921602,116,1927.609172,True,False,False,7.825784443251198,7.1955946889611395
32.70943,56,1928.301707,True,False,False,4.501417551141206,3.1507208986793276
27.940591,25,1928.601169,True,False,False,1.793791287093159,1.9403149563247148
40.016412,80,1929.609254,True,False,False,5.1512655030824,4.734804280064114
33.122179,64,1930.418684,True,False,False,4.07527090383227,3.320944595026268
26.569366,21,1930.700444,True,False,False,1.4900591358206876,1.6848367248584646
26.331272,22,1930.975625,True,False,False,1.5111919297498797,1.6447321191046862
39.372509,64,1931.774882,True,False,False,4.8301702390052315,4.443856429808718
34.512491,44,1932.30296,True,False,False,3.687427594030563,3.3606970911101026
37.646403,40,1932.811808,True,False,False,3.8993813331284897,3.847598047740559
45.29609,53,1933.450183,True,False,False,6.072658586934228,5.515835842139633
26.262375,18,1933.691745,True,False,False,1.4092938268947968,1.6130030300393106
40.204539,61,1934.387694,True,False,False,5.993139045014523,4.88879862718226
42.407031,90,1935.538152,True,False,False,6.402386223388943,5.3883611242878
38.117613,33,1935.961167,True,False,False,4.173756534360368,3.9656245976506925
40.256193,59,1936.721662,True,False,False,4.949709925043078,4.554918883233484
32.74211,40,1937.251789,True,False,False,3.220934538100081,3.0507225357581915
42.720535,57,1937.905776,True,False,False,5.420020626063782,5.019534535270241
42.293377,57,1938.67051,True,False,False,5.203302337993338,4.9968972601785575
43.963035,52,1939.315016,True,False,False,5.652532653270143,5.1855094514054425
39.310325,59,1940.058394,True,False,False,5.2675306561360244,4.391793754167562
42.155897,67,1940.902819,True,False,False,5.597139318274821,5.04468058712428
41.779394,50,1941.563901,True,False,False,5.192797949366389,4.714409261050786
29.149866,51,1942.218139,True,False,False,3.9358831497948064,2.6679272143281434
48.053325,70,1943.090324,True,False,False,7.717386656242768,6.377342740870819
38.1093,50,1943.742192,True,False,False,4.58077433052521,4.0581264891519115
35.134131,75,1944.766805,True,False,False,4.699424129762566,3.8609734799281497
38.232437,102,1945.998326,True,False,False,5.7045870732592485,4.541524262827996
31.791719,44,1946.56242,True,False,False,3.719369238043651,2.974661984358068
46.728949,96,1947.51006,True,False,False,6.312941330725368,6.002172589457327
31.642302,37,1947.837485,True,False,False,2.9335249525660627,2.795326699725913
30.058917,23,1948.074582,True,False,False,2.3489455797230727,2.2546323633025387
29.473295,31,1948.432013,True,False,False,2.7128858584383777,2.3709167420356363
30.175249,45,1949.000101,True,False,False,2.468230559362633,2.5838911398017292
45.038423,54,1949.680999,True,False,False,6.008699899826223,5.388264772015587
30.639638,25,1949.989363,True,False,False,2.692194924246525,2.4971325092316037
46.157583,56,1950.691917,True,False,False,6.755759475854811,5.7779514361829705
41.244008,49,1951.248636,True,False,False,4.553385155909404,4.71868700945423
32.921756,33,1951.662907,True,False,False,2.8889717365278194,2.9214172244060834
40.837375,72,1952.567688,True,False,False,5.609353274943617,4.7918069719922975
43.388196,54,1953.244546,True,False,False,5.561527557285453,5.105304810204213
45.504796,68,1954.087673,True,False,False,5.503385001132103,5.487599250936484
31.113396,32,1954.506011,True,False,False,2.7716003255704313,2.6239475310187395
47.829594,47,1955.05556,True,False,False,6.239233425388609,5.972079619940866
27.552168,38,1955.531485,True,False,False,2.640937130031768,2.024871576482307
38.663426,56,1956.235104,True,False,False,5.449283800284075,4.283091237039065
36.038003,45,1956.829087,True,False,False,4.643089114254949,3.7491977156025587
50.130421,84,1957.904787,True,False,False,8.451687716672884,6.746705739083589
50.431191,78,1958.874351,True,False,False,6.985312554704809,6.5920209105545
49.865706,107,1962.57232,True,False,False,8.554286765658345,6.989700806645264
26.267874,14,1962.750275,True,False,False,1.37203247412546,1.542716251409778
33.474604,45,1963.303169,True,False,False,3.601712415581318,3.1905221884895414
51.37046,98,1964.551782,True,False,False,8.21944126683853,7.123693626448776
42.288913,83,1965.622214,True,False,False,5.4939267993384515,5.204004770714981
39.191234,71,1966.502076,True,False,False,5.525524530845122,4.460482542576533
30.380609,51,1967.155567,True,False,False,3.7343791036943275,2.778747771482719
42.504628,50,1967.792876,True,False,False,4.890546783988042,4.944190081750905
40.924544,88,1968.922763,True,False,False,5.519169444756367,4.87548348007577
47.554919,54,1969.617774,True,False,False,5.851756727837045,5.876166800401088
39.701394,61,1970.397293,True,False,False,6.866041839039874,4.658893089182762
45.203977,66,1971.19602,True,False,False,5.968333112422546,5.551944782629176
40.653751,51,1971.827612,True,False,False,5.112338569070426,4.5943259103835326
-0.407795,59,1972.483115,False,True,False,5.832759049123854,6.146051450187255
35.094546,34,1972.902338,True,False,False,3.7295373423429696,3.4352414711104085
40.857092,81,1973.852722,True,False,False,5.9833865333287894,4.916118545510678
28.79347,30,1974.170176,True,False,False,2.126290004848638,2.1584155080040666
36.611319,49,1974.718716,True,False,False,4.194429633065248,3.7073745711019535
45.224358,99,1975.920891,True,False,False,6.716706780358445,5.953273205972414
49.876188,79,1976.886498,True,False,False,7.373322037754975,6.734446592440027
45.624389,70,1977.717025,True,False,False,5.686948732223563,5.55884366209825
32.835433,81,1978.687496,True,False,False,4.668584797277441,3.4073548193004424
46.575304,108,1979.869622,True,False,False,7.756266872788174,6.268124789250787
39.449643,42,1980.321429,True,False,False,5.211204990552822,4.341065492554954
46.181727,76,1981.106338,True,False,False,6.4497416127827165,6.040650241335012
38.464532,45,1981.59243,True,False,False,4.21889312764642,4.085773584101529
42.962836,70,1982.341506,True,False,False,5.665696418891536,5.302978411428542
32.036723,43,1982.81114,True,False,False,2.9912283124826122,3.02644542022117
36.211139,41,1983.228075,True,False,False,3.794499170684745,3.7080452374562505
36.170216,67,1983.925599,True,False,False,5.173369216563811,3.913109016653339
28.744582,29,1984.270005,True,False,False,2.6394985291997024,2.1765413911705895
30.063446,42,1984.78221,True,False,False,2.7854938468409425,2.4923633297602414
45.182481,76,1985.591058,True,False,False,6.571642096091826,5.728626402783508
30.08043,31,1985.921465,True,False,False,2.5033009419593655,2.3858189055722714
41.289875,70,1986.672975,True,False,False,5.734825874296699,4.766084494016416
40.539299,87,1987.744746,True,False,False,5.393521385503112,4.886286076963708
38.585529,47,1988.359398,True,False,False,4.644151424736981,4.234014088665823
46.601182,48,1988.986991,True,False,False,6.217834463256075,5.656235951127256
34.166394,54,1989.648975,True,False,False,3.30956983211923,3.3422692322499654
42.675251,71,1990.480143,True,False,False,5.374097489965796,5.108326784255577
31.971442,34,1990.869167,True,False,False,4.432254986382159,2.8649430127541136
30.683938,29,1991.26739,True,False,False,2.5912807291210753,2.5596522421055807
40.43872,66,1992.129613,True,False,False,4.846085137401693,4.638342181380253
35.626943,73,1993.091435,True,False,False,4.360553083507087,3.8322617943245194
28.204731,21,1993.326195,True,False,False,1.8686912108747866,1.9172140069451715
43.786834,72,1994.013854,True,False,False,5.451313011351858,5.233163747841066
26.307262,13,1994.124711,True,False,False,1.4267905675032042,1.6063449735085435
41.986353,44,1994.534071,True,False,False,4.912673534689733,4.804822474053491
35.210353,46,1995.011894,True,False,False,4.232587173637986,3.579715082939748
36.83647,44,1995.495116,True,False,False,4.250587840578017,3.842825140928977
-14.762997,15,1995.702015,False,True,False,1.3190436360377196,3.510779909708393
29.007855,31,1996.068896,True,False,False,2.5734032139482785,2.2367139829096936
31.265976,28,1996.411296,True,False,False,2.8434323797196015,2.7365030957628664
30.518679,29,1996.770007,True,False,False,2.2674290453195387,2.421130103031696
26.751935,16,1996.952937,True,False,False,1.4955711539078516,1.6142288839252283
-7.503217,34,1997.315608,False,True,False,3.667434432069866,3.834078684644664
46.735451,63,1998.022989,True,False,False,6.015929269577793,5.779791627834638
27.57032,17,1998.242966,True,False,False,1.7715956278385874,1.7706089907274827
28.764287,32,1998.619714,True,False,False,2.096842998028569,2.175280607515982
29.203634,53,1999.22258,True,False,False,3.7331994062839904,2.644349821969265
33.441421,43,1999.692086,True,False,False,3.206523700840617,3.0918746950048623
26.880105,26,1999.980129,True,False,False,1.8947227446766477,1.7701466069362757
33.682413,35,2000.410247,True,False,False,3.332188874061223,3.197348355242473
32.539886,53,2001.088126,True,False,False,3.684085951848703,3.0703666004908197
27.594546,26,2001.388968,True,False,False,1.7963575044457798,1.9005449265737104
38.770572,83,2002.411494,True,False,False,5.757390609397028,4.501498479009319
35.752571,56,2003.124389,True,False,False,4.443857374588599,3.75534555129034
31.643284,27,2003.435157,True,False,False,2.6538421134119465,2.675510272818187
28.66632,28,2003.734675,True,False,False,2.127110091625605,2.1009919994539876
31.477141,43,2004.263631,True,False,False,3.0447670043667996,2.778940804560149
50.928705,70,2005.13531,True,False,False,7.214882527929549,6.6139538688843595
39.505378,48,2005.615701,True,False,False,4.571996860769228,4.237613707695398
26.252708,15,2005.803778,True,False,False,1.4374184167440645,1.5367733938623505
37.488088,41,2006.30916,True,False,False,4.358104678369507,3.9390000180395166
30.71571,34,2006.745193,True,False,False,2.419119395506577,2.5742186696940847
38.995486,60,2007.51324,True,False,False,7.9459834816830615,4.514893336279999
26.239985,18,2007.748749,True,False,False,1.4620442274717247,1.5582923081539743
32.590681,48,2008.375208,True,False,False,3.6130524300639193,3.1283721403916425
42.499922,52,2009.048235,True,False,False,5.4058835727566015,4.89002121930612
25.906089,16,2009.223252,True,False,False,1.8481393427532782,1.5331491349320483
28.234499,20,2009.423548,True,False,False,2.024292287451017,2.017490691158807
42.123138,53,2010.101415,True,False,False,4.820917394856259,4.796954419212557
33.599103,58,2010.861253,True,False,False,3.634111530907359,3.3214570115229125
-6.060075,36,2011.307217,False,True,False,3.2869240217415103,4.335479792194017
37.301434,52,2011.932234,True,False,False,4.230270458787005,3.9535491615111176
49.589767,66,2012.722602,True,False,False,7.748355142712334,6.621199583937786
37.292679,54,2013.327581,True,False,False,4.1026930988694925,3.9304460117378053
35.703598,46,2013.86876,True,False,False,3.9195610055191805,3.5858510045214733
53.433914,109,2014.926134,True,False,False,9.745097586842864,7.657754980318138
44.102387,60,2015.557986,True,False,False,5.589115320463157,5.362681593027039
25.020657,39,2015.961125,True,False,False,1.68578820152066,1.5694562437600457
35.352789,43,2016.451203,True,False,False,4.310795462995476,3.5493977616291845
39.398861,106,2017.552511,True,False,False,6.263140973309041,5.165453420297682
50.40939,68,2018.442369,True,False,False,6.676595275317512,6.501938259894129
42.85778,94,2019.662465,True,False,False,5.599439698203105,5.38351495019958
52.661921,85,2020.718596,True,False,False,7.967429307275687,7.125733980388577
44.08624,67,2021.569626,True,False,False,6.803456077291199,5.677168345782055
27.282302,33,2022.009457,True,False,False,2.0662365849825424,1.9569104684323302
44.776375,87,2023.095792,True,False,False,7.405064818966354,5.989014393761722
33.992679,45,2023.512451,True,False,False,3.976413490448677,3.1842534007223326
27.055308,16,2023.715419,True,False,False,1.6304015634245594,1.6945889981522941
29.610383,64,2024.519758,True,False,False,5.552182626746262,2.8685359995080066
27.727844,41,2025.010483,True,False,False,2.4391675535929123,2.2420867007232532
34.145473,55,2025.6659,True,False,False,3.9092118077587044,3.394761754704499
29.214668,44,2026.141139,True,False,False,3.401977110540591,2.597826413718798
31.169434,27,2026.462873,True,False,False,3.2432687335023247,2.682756653647066
47.341464,67,2027.307984,True,False,False,6.1809571942927874,5.831305070988323
27.833768,19,2027.503772,True,False,False,1.8806711561238703,1.9313585438618954
32.067727,59,2028.188726,True,False,False,3.6558141586223316,3.1523343207556556
26.430845,16,2028.392315,True,False,False,1.5325369786104954,1.5705258334648666
32.731224,40,2028.900343,True,False,False,3.7173937951486473,2.9953259681985887
37.529821,65,2029.591093,True,False,False,4.115103748228132,4.114000382510401
-11.590751,25,2029.854142,False,True,False,2.095198131669714,3.4805381851492627
30.534941,48,2030.306222,True,False,False,4.024567367874707,2.7697435680484968
35.129031,32,2030.698803,True,False,False,4.158964133799853,3.528355794573686
46.722941,97,2031.840593,True,False,False,7.118463970415158,6.254472524921476
28.431269,26,2032.156944,True,False,False,2.2051762368498933,2.1070487952819628
47.147955,99,2033.283085,True,False,False,7.145388940785861,6.387274943621685
46.059833,78,2034.170672,True,False,False,6.535778067095764,5.9407668151030215
47.947955,87,2035.096573,True,False,False,7.351337161465798,6.286088703421097
44.213577,72,2035.83558,True,False,False,6.355983769876339,5.547183450192561
39.095803,40,2036.317604,True,False,False,4.2042039445250055,4.1052029632548965
30.923326,62,2037.045124,True,False,False,3.484297913508029,2.8626585964327416
45.042382,56,2037.694896,True,False,False,6.140743254363032,5.538578063584756
41.147675,50,2038.275363,True,False,False,4.676164764502355,4.660678135125372
31.220393,34,2038.585766,True,False,False,3.0593880999028604,2.7062897414035483
22.842486,49,2039.05833,True,False,False,3.4668336110438123,1.7881235976948486
34.897665,48,2039.55304,True,False,False,3.4607067852960554,3.5186003488629938
51.978649,106,2040.844327,True,False,False,7.913398876481139,7.1512394155367165
37.978019,39,2041.310472,True,False,False,4.091015748314465,3.9902575746846685
35.683291,83,2042.306707,True,False,False,6.802588964044112,4.21041878171199
27.56489,19,2042.537543,True,False,False,1.8434335142736125,1.83386800781809
37.367848,33,2042.967991,True,False,False,3.798321580029478,3.8356081154004196
31.950795,57,2043.64384,True,False,False,3.547956535185868,3.0018590706688446
31.814971,45,2044.232428,True,False,False,2.8649507878823193,2.846662907638848
35.667103,36,2044.697453,True,False,False,3.390490889741932,3.4686737505619165
30.952735,26,2045.006801,True,False,False,2.718656882100296,2.5857292861874273
29.389203,31,2045.304112,True,False,False,2.3838871142774023,2.219171847683876
46.104398,66,2046.006256,True,False,False,5.762098525903955,5.773695247556558
44.178859,46,2046.546088,True,False,False,5.903681638688585,5.151005329290993
26.980416,17,2046.723902,True,False,False,1.5770925366726647,1.6866315306212927
32.196346,41,2047.218909,True,False,False,3.295579223921793,2.9209157566311466
34.349836,39,2047.721444,True,False,False,3.6496557435882018,3.3158206807225676
28.411805,45,2048.276541,True,False,False,3.2008741120445805,2.2820751823517424
31.113026,33,2048.687309,True,False,False,2.782626321433533,2.602039072522043
42.08886,90,2049.588125,True,False,False,5.5701327928898845,5.139929186476818
43.093407,48,2050.120381,True,False,False,5.598700079002483,5.017625195524234
30.018864,30,2050.492371,True,False,False,2.8680145068477736,2.4852531103303734
27.734346,63,2051.28211,True,False,False,3.494939670172617,2.3882442658204908
39.480272,36,2051.671178,True,False,False,4.4822098362029505,4.23017724542776
42.230865,56,2052.20052,True,False,False,6.675852007207231,4.963020154152573
26.652059,36,2052.603711,True,False,False,2.8247788746428832,1.9671136343087516
36.349745,83,2053.642492,True,False,False,5.116024092912522,4.165395346972154
37.000209,66,2054.340036,True,False,False,4.016669621647018,4.011066344819454
42.039504,67,2055.136965,True,False,False,5.154205591651166,4.9608468778459285
29.429874,28,2055.506215,True,False,False,2.489896245683099,2.255360935621042
46.744162,88,2056.597892,True,False,False,6.375065564749632,6.033163579287143
48.074397,61,2057.196962,True,False,False,7.3921003815711535,6.118581713581166
42.131095,46,2057.658037,True,False,False,5.527785623105258,5.06158229974965
43.983884,74,2058.605146,True,False,False,6.506694757900562,5.5377276523526335
35.331145,34,2059.047235,True,False,False,3.9714685037216215,3.4088803826169762
33.102845,48,2059.657546,True,False,False,3.477377929981409,3.1757113139724376
39.348097,61,2060.447806,True,False,False,4.287697780510634,4.326949589393353
38.840925,82,2061.54278,True,False,False,5.495703120526795,4.482416216741308
36.67754,42,2062.089014,True,False,False,4.347510269375955,3.793856710584607
47.940774,80,2063.128441,True,False,False,6.834123108492695,6.241056045864465
35.165899,49,2063.639924,True,False,False,3.601590645571828,3.5653159809988475
35.48267,67,2064.449494,True,False,False,4.1405955542800665,3.8400982013085248
28.868516,29,2064.833258,True,False,False,2.5297701728294393,2.1620229591989477
31.062202,28,2065.210144,True,False,False,2.7697875231236098,2.56988263239059
39.67668,49,2065.8149,True,False,False,4.544137826098642,4.411061628147946
26.801471,24,2066.072082,True,False,False,1.7615803391459743,1.8218939639809761
27.876375,22,2066.335085,True,False,False,2.1430469806265435,1.9602196470039057
54.119527,123,2067.916367,True,False,False,8.703059628910887,7.922331327733236
40.058316,59,2068.662364,True,False,False,4.506886395052683,4.506287914632743
35.629476,51,2069.208713,True,False,False,4.35319492578555,3.7205201936913626
43.481401,75,2070.10288,True,False,False,5.62533696778494,5.283352089950234
34.282484,47,2070.607689,True,False,False,3.5045593754258246,3.409814041880651
35.084362,56,2071.307758,True,False,False,3.551836814609079,3.5524847221512106
46.771643,64,2072.118451,True,False,False,6.014537373599405,5.717139515524433
42.234577,57,2072.863215,True,False,False,5.59981391530475,4.990652812895208
35.383692,38,2073.350332,True,False,False,3.6327366977770894,3.4809732537952085
39.378605,53,2073.920633,True,False,False,4.895982815237913,4.365533319307499
41.82133,78,2074.900575,True,False,False,5.658230962462793,4.966638074596442
31.890703,46,2075.476539,True,False,False,4.394074654026299,2.9225432580538717
46.054457,64,2076.156294,True,False,False,6.003246301397599,5.554613295718195
30.273395,34,2076.578054,True,False,False,2.5854557604313997,2.445383136350092
31.565589,27,2076.926217,True,False,False,2.9620894532801874,2.6368080299434378
29.974589,32,2077.338485,True,False,False,2.3155797450914077,2.3547828915090707
43.146315,81,2078.366466,True,False,False,6.270024090928443,5.342004083946657
34.854093,42,2078.932367,True,False,False,3.424850334040575,3.3778230660563473
46.806399,53,2079.582505,True,False,False,6.441632709691164,5.785698659592293
33.260615,67,2080.421002,True,False,False,3.828137035464908,3.33939558214877
30.533525,37,2084.246161,True,False,False,2.287760975656867,2.4755203334726175
35.226192,37,2084.693137,True,False,False,3.46231686980294,3.464401939922807
28.223535,36,2085.119662,True,False,False,2.391677053451766,2.144347513432848
46.333694,96,2086.314776,True,False,False,6.657642307640551,5.896653314871686
31.937861,31,2086.68054,True,False,False,2.9197136627285065,2.7394597893429204
31.27263,32,2087.06627,True,False,False,2.5787946582224186,2.630967568734327
40.828731,73,2087.966885,True,False,False,6.337515336533658,5.114636314243374
48.950461,71,2088.81597,True,False,False,7.132159022257543,6.425105194871614
45.881615,95,2089.982755,True,False,False,6.353515052109035,5.923220161980474
29.31522,30,2090.300192,True,False,False,2.3771979436428974,2.294094215520715
42.818371,70,2091.155085,True,False,False,5.295481790346631,5.144632831166004
26.786781,27,2091.488108,True,False,False,1.5985000510135523,1.7876596393441753
42.143637,54,2092.172375,True,False,False,5.143488376657273,4.924866045697701
40.81537,46,2092.756258,True,False,False,4.982061684714129,4.6385234157887805
28.939477,22,2092.997053,True,False,False,2.406375310836323,2.179382476203528
37.314121,38,2093.449886,True,False,False,4.382634636992856,3.8511237619258103
35.365967,49,2094.044273,True,False,False,5.165588911033804,3.63000487173557
39.965474,42,2094.557896,True,False,False,4.311595188422609,4.456175499629563
50.131108,60,2095.299543,True,False,False,7.064420228473519,6.418992914255736
31.175038,44,2095.838027,True,False,False,2.9579509271822286,2.851538832224629
29.489705,19,2096.08529,True,False,False,2.074398417147842,2.1947516959076907
44.992854,82,2097.076742,True,False,False,6.865557754936105,5.883179654018742
34.748951,48,2097.66995,True,False,False,3.593964220437662,3.477305121903858
38.406394,79,2098.68409,True,False,False,4.223037829263707,4.363969159685411
27.100649,22,2098.963346,True,False,False,1.8775432077121883,1.7514331671844032
34.548916,26,2099.280158,True,False,False,3.06026813780579,3.2162968590572016
35.777422,35,2099.715283,True,False,False,3.7766801466407305,3.5454327690027485
38.633784,58,2100.385128,True,False,False,5.22197598496851,4.264314253074475
36.281238,62,2101.138743,True,False,False,3.928872113374429,3.806175789742522
40.880374,58,2101.893389,True,False,False,4.839125480919859,4.590849650441726
40.748041,51,2102.554781,True,False,False,4.802653513714442,4.584409020782376
44.491933,107,2103.911052,True,False,False,6.677069129384004,5.753459778518118
36.790328,34,2104.331538,True,False,False,3.7984304186497875,3.7352718271886194
35.864553,78,2105.226608,True,False,False,4.868039212849679,3.9605280323487078
47.829774,120,2106.737323,True,False,False,8.039659368737576,6.592367565991598
32.197477,31,2107.109346,True,False,False,2.8980967212934186,2.860208530359776
40.780336,68,2107.865625,True,False,False,5.49884376219187,4.698151656100394
37.782912,44,2108.369987,True,False,False,4.655515899859029,4.020901776989366
47.09015,69,2109.137759,True,False,False,7.151086204117111,6.035373449205493
28.140959,27,2109.472736,True,False,False,2.250217882269642,2.0581600331119225
32.739861,54,2110.060311,True,False,False,3.819975517312287,3.183108732415005
34.016891,37,2110.48311,True,False,False,3.275269614753062,3.213989212214716
40.19327,53,2111.177102,True,False,False,5.038652534478861,4.559716065792615
-20.344378,18,2111.402388,False,True,False,0.5418537285486795,5.883340463303008
31.373495,37,2111.854687,True,False,False,2.961535458598624,2.7229071551660495
34.197561,29,2112.222178,True,False,False,3.2499189946714444,3.207549825200907
34.373761,42,2112.705478,True,False,False,3.131951589290179,3.2548134990734012
31.64374,33,2113.088983,True,False,False,2.957867049147846,2.7030766188556763
50.47281,63,2113.848174,True,False,False,7.160671720194847,6.742099982786825
46.525535,81,2114.712054,True,False,False,6.7565570789756615,5.905755563847181
47.555658,62,2115.486145,True,False,False,7.785971589972472,6.139005032511635
37.340231,59,2116.255214,True,False,False,4.455348142681998,4.004169908407084
36.448369,102,2117.508513,True,False,False,5.087271621249133,4.375771506914992
39.908567,60,2118.243902,True,False,False,5.530700906932926,4.556789162398435
48.876517,105,2119.497756,True,False,False,7.884381050534609,6.6227692421144315
41.636303,63,2120.326656,True,False,False,4.678899682581367,4.776014706309912
44.72251,74,2121.124217,True,False,False,6.221601450024357,5.620672355711331
41.41252,46,2121.604737,True,False,False,5.141434264473517,4.646176543749748
28.018933,36,2121.99473,True,False,False,2.632762922536015,2.091049363205107
32.050228,29,2122.31849,True,False,False,2.870371891543676,2.9278129236147805
40.956866,39,2122.793024,True,False,False,4.772037157839019,4.500505654436019
28.051503,25,2123.092504,True,False,False,2.0736301144673446,2.0003814293384456
32.073252,34,2123.524125,True,False,False,2.855236604949603,2.881533511170018
41.51987,65,2124.345027,True,False,False,4.841417685851465,4.812221967658185
30.543992,27,2124.678444,True,False,False,2.2727747594940078,2.498963787856508
37.837637,64,2125.490272,True,False,False,4.7486568262519215,4.086887666891226
40.703846,89,2126.481285,True,False,False,6.266618338380111,4.948648397882379
44.023258,75,2127.396736,True,False,False,5.900269019742456,5.500822441324574
28.32551,25,2127.731929,True,False,False,1.8815200691281047,2.040400454267051
28.290441,25,2128.044754,True,False,False,1.8872184276048025,1.9875671623505575
29.611198,42,2128.612767,True,False,False,2.715487186030755,2.481880758465151
45.653035,98,2129.762502,True,False,False,6.731932170602337,5.874416627956129
30.295686,39,2130.180265,True,False,False,2.5607019537737505,2.5289007789799816
-16.673245,18,2130.376652,False,True,False,1.5526251899782055,1.7419440395294403
47.124658,48,2130.981058,True,False,False,5.903618604275314,5.780802336691026
46.720142,62,2131.768288,True,False,False,6.446512102783725,5.915922743575029
38.813858,78,2132.746188,True,False,False,5.571101360798814,4.612217234844686
36.587319,55,2133.406642,True,False,False,4.209241279333668,3.8739166918096593
42.031158,80,2134.46155,True,False,False,5.3249842475909475,5.109613129956985
31.068116,28,2134.825403,True,False,False,2.495902029887941,2.612695662361531
47.098241,66,2135.661362,True,False,False,6.716138475927166,5.869161186995496
24.969378,53,2136.316765,True,False,False,2.804283889754704,1.9391009543446924
38.503027,68,2137.116552,True,False,False,5.604828300565077,4.3837634613078444
42.135454,54,2137.757064,True,False,False,5.041824562770338,4.971797230240591
48.892209,73,2138.580944,True,False,False,6.759637042132566,6.234162241186109
37.192188,77,2139.495727,True,False,False,4.925251086856814,4.086125814403493
30.281321,25,2139.720152,True,False,False,2.343172297155399,2.381900230122969
39.875414,55,2140.404284,True,False,False,4.494186239568528,4.327226373559381
42.818049,40,2140.906388,True,False,False,5.815462867986562,4.948322254949251
28.201806,29,2141.295259,True,False,False,2.221650181712798,2.0508174442731524
42.896402,56,2142.018447,True,False,False,5.178827974301483,5.026241014926971
29.993027,34,2142.441627,True,False,False,2.4844126747545103,2.561396315583271
34.465972,42,2142.98123,True,False,False,3.5101987365165255,3.40018647521065
34.299558,33,2143.347011,True,False,False,3.3183343519624215,3.1989005033591593
29.546378,20,2143.544873,True,False,False,2.018278660878413,2.1612423116441173
27.170039,26,2143.804497,True,False,False,2.0016231206343074,1.8883128713320374
42.389212,68,2144.590368,True,False,False,6.022575423197608,5.067972450422153
37.693592,67,2145.293158,True,False,False,5.361794065024567,4.181471876194712
38.352476,42,2145.730097,True,False,False,3.9868208021147447,4.068718916136363
32.584527,62,2146.46391,True,False,False,4.358068642918829,3.2130996380770385
31.860664,36,2146.871476,True,False,False,3.3609506047525413,2.8169523220652897
31.747335,33,2147.315911,True,False,False,2.7648729262134903,2.740826943543385
27.961662,27,2147.657196,True,False,False,1.8872021964484904,2.0074300351846555
35.870139,28,2148.009003,True,False,False,3.8859864187925406,3.472805093347067
34.33337,43,2148.536769,True,False,False,3.4062610735236443,3.25045650316322
38.084197,72,2149.422327,True,False,False,5.116395851331725,4.372740323822366
35.138979,70,2150.15823,True,False,False,3.613072123712112,3.7342437088072113
27.620864,17,2150.345988,True,False,False,1.617567361522607,1.866880345282826
36.780724,54,2150.943182,True,False,False,5.619153211497755,3.9822548564767017
35.403077,71,2151.681183,True,False,False,5.024300540327745,3.8029205539149755
33.203006,60,2152.42624,True,False,False,3.655603057615788,3.2524582418436996
31.867343,43,2152.941321,True,False,False,3.1627824834383595,2.9042307097232833
45.267574,84,2153.729368,True,False,False,6.292797693678247,5.622956741331408
33.261674,33,2154.146125,True,False,False,3.412801627180985,3.027727989360176
39.018251,50,2154.765146,True,False,False,4.578629450304663,4.27427251743998
36.985577,53,2155.405646,True,False,False,4.897986897709403,3.956025613626679
33.633028,56,2156.074156,True,False,False,3.6656976529140928,3.278836041286016
33.541006,37,2156.522527,True,False,False,2.8352631748517405,3.0468141604545984
45.162291,50,2157.176352,True,False,False,5.559085763875656,5.365657101386923
52.167214,93,2158.258587,True,False,False,8.104840267169992,7.160452405698485
35.268955,62,2158.825002,True,False,False,4.5463065826171745,3.700400827418262
43.061729,82,2159.829193,True,False,False,5.301462227746059,5.337280040993987
29.291158,33,2160.248554,True,False,False,2.3034089116367764,2.237363028397905
27.307268,33,2160.625038,True,False,False,3.4773613170159945,2.044167464210897
28.509413,27,2160.954827,True,False,False,2.218434568499629,2.112843183534266
39.050131,42,2161.463192,True,False,False,4.606586238366409,4.235003161601168
30.376741,45,2162.054617,True,False,False,3.072411134147367,2.6017055027316767
52.836792,65,2162.923253,True,False,False,7.253794210712835,6.82246223844372
31.297207,24,2163.245168,True,False,False,2.827431418938511,2.619440928799661
43.845856,87,2164.332448,True,False,False,6.195207068667642,5.388722976776328
27.970012,22,2164.612541,True,False,False,1.7954197524863633,1.920770203633393
30.105118,41,2165.139711,True,False,False,3.0687372739873404,2.491461843862894
29.981019,43,2165.685222,True,False,False,3.393663670603895,2.5199197165675042
31.24015,35,2166.132777,True,False,False,2.470913155933804,2.661425767979209
30.215392,32,2166.5141,True,False,False,2.2264569124433553,2.4352141165865633
36.008407,36,2167.007251,True,False,False,3.940612979118269,3.5914621386043626
45.059517,107,2168.326114,True,False,False,6.518285457494228,5.8581384832692915
37.473985,55,2168.989909,True,False,False,4.069300392527779,3.966971624161981
35.476159,25,2169.268514,True,False,False,3.4213598206634868,3.3027894716907595
38.324477,62,2169.902547,True,False,False,4.797332806519362,4.234161234254857
41.000039,48,2170.40355,True,False,False,4.471763250496815,4.538714977497405
25.852435,30,2170.678885,True,False,False,1.9117233184503695,1.6409640439364843
25.944314,26,2170.944292,True,False,False,2.170397340092993,1.6779477071701685
48.8211,75,2171.763926,True,False,False,6.861497266576303,6.165757068977827
46.537733,60,2172.447259,True,False,False,6.059632059984788,5.815318371778962
43.112843,47,2172.990212,True,False,False,5.221132767093321,5.005048138696059
44.019267,66,2173.779571,True,False,False,5.4821397705119805,5.2925222564469
39.919887,53,2174.331758,True,False,False,4.85867565550097,4.483207513862606
41.95274,74,2175.094672,True,False,False,6.136354409087821,5.0799541550973135
36.552251,58,2175.68179,True,False,False,4.740968179705722,3.976967342115041
31.917473,48,2176.204679,True,False,False,3.543763612183489,2.9929624674136877
46.093083,69,2177.024765,True,False,False,7.286745491473238,5.8608256421306155
45.097212,65,2177.758455,True,False,False,6.2173093510820205,5.424269719075695
28.79923,19,2177.923375,True,False,False,2.051947425544691,2.017984466978782
46.651141,64,2178.643012,True,False,False,6.490581405833004,5.830540213317981
28.942911,39,2179.066908,True,False,False,3.0178436344752444,2.2888536769473196
40.171732,86,2180.015626,True,False,False,5.753461843306186,4.831286451032925
32.89728,25,2180.248893,True,False,False,2.854683614682522,2.8823795045721856
29.834898,25,2180.521841,True,False,False,2.5200845330895243,2.3754071713254734
44.515384,58,2181.189215,True,False,False,5.972028980497057,5.345871586905911
28.998279,51,2181.767222,True,False,False,3.279291254145417,2.422228309887575
37.322618,37,2182.218253,True,False,False,4.350548503333662,3.891535236672162
40.072238,49,2182.747723,True,False,False,5.342398537767748,4.469538851296469
43.746159,115,2184.04885,True,False,False,6.2263722291927905,5.660512316762108
46.568718,99,2185.195555,True,False,False,7.2497031642230425,6.285296124038332
26.776972,29,2185.54262,True,False,False,1.7177869646602342,1.8284862023552988
46.009518,68,2186.288637,True,False,False,6.177849569799512,5.64608834707085
32.512026,30,2186.605414,True,False,False,3.264219464911785,3.0046995155663985
43.586459,86,2187.525601,True,False,False,5.794112632157467,5.546450728734129
32.704303,37,2187.999154,True,False,False,3.458059006742201,2.935098610491289
33.499278,38,2188.515141,True,False,False,3.9767438453140853,3.2155784369702385
30.42407,36,2189.011549,True,False,False,2.406247978396471,2.4954370605979332
33.345922,34,2189.418185,True,False,False,3.121087900554251,3.070407167180691
30.311482,41,2189.91953,True,False,False,2.772279267913014,2.6116164065523195
46.604628,94,2191.07058,True,False,False,6.546724319612494,6.033271353201716
33.186076,37,2191.533526,True,False,False,2.9653590385719513,3.0055785322927706
-10.555922,39,2191.962266,False,True,False,3.397448998966383,5.982835343544554
28.869446,19,2192.175919,True,False,False,2.2036600907953456,2.136388679223594
32.388868,44,2192.66899,True,False,False,4.0785735341716185,3.22388260977799
43.043966,70,2193.335613,True,False,False,5.175526230430315,5.2117967507541
49.988071,96,2194.38613,True,False,False,7.3812221279186545,6.722559666196443
42.044282,85,2195.467951,True,False,False,5.556473335742073,5.118436797405576
48.996346,72,2196.387694,True,False,False,6.351482405303087,6.296811151343192
29.308626,35,2196.822876,True,False,False,2.482091578241367,2.3235320568863447
27.3915,24,2197.123409,True,False,False,1.7528677850521959,1.8777550910774903
27.754439,28,2197.420769,True,False,False,1.969643227469404,1.960668887422301
32.146746,36,2197.818577,True,False,False,2.8154181940708884,2.8535934497336113
40.274142,66,2198.5591,True,False,False,6.129300409274026,4.659851161742532
27.138799,28,2198.902887,True,False,False,2.1049193557847863,1.8343388120554702
37.342021,52,2199.554778,True,False,False,4.039851457930644,3.905968161324834
37.502571,40,2200.048668,True,False,False,4.028018388364592,3.8958730348002315
40.190308,47,2200.518913,True,False,False,4.82061800525539,4.3880768853091885
25.674888,23,2200.714628,True,False,False,1.5547876650292571,1.5520040322304394
-19.572346,21,2200.908892,False,True,False,0.9493089602798754,4.525259285133678
37.442085,57,2201.520755,True,False,False,4.902590100156456,4.109565498484495
35.559843,56,2205.068218,True,False,False,4.569384259180974,3.878542049324206
41.014696,86,2206.093944,True,False,False,5.683190736513009,5.106789737176271
32.667984,29,2206.397412,True,False,False,3.206111148891492,2.9189766766278953
26.259633,17,2206.575151,True,False,False,1.3311269473460685,1.5967084422008138
28.490672,37,2206.977893,True,False,False,2.870143878687322,2.251423242594403
40.97928,61,2207.665671,True,False,False,6.192983466900076,4.801916626893467
26.865619,17,2207.860521,True,False,False,1.731793067459262,1.7487062402981435
31.379814,32,2208.183099,True,False,False,2.9903213730423883,2.6931965098819384
44.03954,41,2208.579134,True,False,False,5.090740427749707,5.056097931280861
44.712954,79,2209.267093,True,False,False,5.424903895095244,5.476375241653983
29.485275,61,2209.849762,True,False,False,3.1612662392397537,2.6285458767117147
44.152391,84,2210.614987,True,False,False,6.98210711022304,5.558565572774769
39.134707,57,2211.188192,True,False,False,4.486433989437298,4.233165032391309
33.867357,36,2211.589678,True,False,False,3.222559323016368,3.1725209897352094
29.116879,36,2211.983961,True,False,False,2.0906981951362877,2.236890275695335
39.27843,54,2212.620936,True,False,False,4.264296053633767,4.240119252079873
33.18848,29,2212.989104,True,False,False,3.213895494259602,2.9589159447318996
47.639712,97,2214.208903,True,False,False,6.820452520856555,6.1935447787161655
46.908405,86,2215.285807,True,False,False,6.072500842293614,6.007880412728545
33.078652,43,2215.80867,True,False,False,4.99984581052796,3.153927467019883
37.070487,56,2216.530492,True,False,False,5.538315395091134,4.066294798003027
41.410035,87,2217.395669,True,False,False,5.7358844044088855,5.053971687392324
26.888719,18,2217.621514,True,False,False,1.7210665623776085,1.6831489394899684
27.341418,15,2217.799024,True,False,False,1.5378077545468727,1.7553489672764124
50.665261,66,2218.639213,True,False,False,6.744125300020899,6.490675813301589
43.494024,99,2219.918402,True,False,False,7.226352614703178,5.638071864867413
34.271069,27,2220.268373,True,False,False,3.4862232092469605,3.1815628499188064
29.367878,41,2220.696347,True,False,False,3.3534456455678225,2.4016384159205977
27.38438,15,2220.878274,True,False,False,1.682805475025112,1.7895971113950537
39.900976,68,2221.675136,True,False,False,5.3198072813722055,4.677007548466324
26.58709,17,2221.881352,True,False,False,1.708137456441421,1.666117621551731
29.82854,35,2222.315762,True,False,False,2.511091166215383,2.424279560371922
39.276988,60,2223.083081,True,False,False,5.053938961384563,4.633305359743853
44.986606,57,2223.838879,True,False,False,5.964721719582631,5.453013759429735
36.445074,33,2224.235945,True,False,False,3.673073882592962,3.565901985414321
45.840877,67,2224.985212,True,False,False,6.449807023405244,5.70298181630195
45.394866,76,2225.95774,True,False,False,5.895844850689367,5.721833846296352
39.927653,72,2226.830631,True,False,False,4.45614856979486,4.495247294052952
43.498414,73,2227.71981,True,False,False,5.8606927433030656,5.34578521218843
43.094863,72,2228.645292,True,False,False,6.2946916902628205,5.221835350870264
48.653498,87,2229.745873,True,False,False,7.202085187327733,6.405565549216475
44.324131,60,2230.418968,True,False,False,6.592726840890267,5.427965788025607
28.56114,23,2230.617474,True,False,False,1.8553215944928891,1.9828097530450373
29.367053,36,2230.944667,True,False,False,2.4744295424569724,2.4106726231118367
30.738722,49,2231.470941,True,False,False,3.0741701855846326,2.7260607764973206
28.975757,33,2231.869816,True,False,False,2.5643350098491973,2.2606098416562324
32.647735,45,2232.472964,True,False,False,4.967381215869554,3.1051765841484316
33.222516,41,2232.976181,True,False,False,3.25140804599463,3.0879522031331663
31.001135,37,2233.460972,True,False,False,3.38080790447223,2.6759047771941833
34.786171,40,2233.986169,True,False,False,4.510765558788722,3.419504635661562
33.216621,36,2234.447212,True,False,False,3.2864923175832055,3.1465159369457703
38.327619,65,2235.20168,True,False,False,4.685452980072273,4.213636177664444
29.534805,33,2235.532766,True,False,False,3.115457623500975,2.3397324699505995
30.415253,29,2235.789932,True,False,False,2.2845951485996845,2.3808384359516275
42.738645,74,2236.736235,True,False,False,5.0893515805598994,5.043667833969151
37.069258,39,2237.189114,True,False,False,3.9986248164518505,3.820981281360019
47.284004,85,2238.240694,True,False,False,6.271300643743089,6.071498920671931
41.235242,56,2238.943767,True,False,False,4.92120520364381,4.7201282101292446
48.343283,68,2239.576167,True,False,False,6.3680799806397195,6.026869621658744
35.20205,40,2240.095078,True,False,False,4.463018478822515,3.5234916666141416
33.403215,33,2240.49975,True,False,False,3.257054649248809,3.0837487562220485
33.524065,30,2240.849087,True,False,False,2.825613333083606,2.9987506242618105
26.613848,12,2240.995962,True,False,False,1.3645236949882364,1.5748548907026607
41.467206,50,2241.533267,True,False,False,6.025307248199464,4.916494806356155
28.60399,27,2241.861978,True,False,False,2.099203212354562,2.1028603923400273
36.729955,73,2242.758234,True,False,False,4.797872735110608,4.040304868642403
37.435957,41,2243.29444,True,False,False,3.790332790164599,3.7898857796271734
43.656971,49,2243.973037,True,False,False,5.664648202405967,5.235540508324335
43.722835,55,2244.663997,True,False,False,5.310109706070484,5.223029336237673
33.008926,38,2245.159778,True,False,False,3.2707594562063806,3.0263128452174657
29.050011,23,2245.425034,True,False,False,2.40441849384752,2.2598290740279054
39.256271,61,2246.222699,True,False,False,5.0719185232764925,4.459293906980357
38.459778,45,2246.850872,True,False,False,3.8722918590680355,4.036149946600226
31.702031,26,2247.190269,True,False,False,2.7329171881977636,2.6911210951275732
34.751895,41,2247.707235,True,False,False,4.8686624329850865,3.4807659219926776
43.91057,89,2248.842142,True,False,False,7.085333366516626,5.569538278257623
38.898014,72,2249.764583,True,False,False,5.434398216448184,4.366666068119246
37.16205,69,2250.655788,True,False,False,4.851964250256737,4.071778479245847
34.711686,42,2251.197902,True,False,False,3.4253551618274387,3.2937307513430993
36.521864,37,2251.688291,True,False,False,3.9245012892646893,3.7577713631770804
48.173378,89,2252.691773,True,False,False,6.8308068046262544,6.242683984845625
43.442118,79,2253.678087,True,False,False,6.44643957106612,5.305487761258299
31.097516,32,2253.976537,True,False,False,2.5993817319842725,2.5994366849143553
43.057272,56,2254.614135,True,False,False,5.1599614345440195,4.97821849622872
33.877333,40,2255.135531,True,False,False,3.509237017588422,3.2935481698663938
29.240952,43,2255.625006,True,False,False,2.3190486094670266,2.35291584700122
38.562191,59,2256.370657,True,False,False,5.149483297443597,4.181987888906018
42.796581,78,2257.224591,True,False,False,6.023823173793418,5.223277344226193
33.377567,31,2257.598832,True,False,False,3.1493318393150904,2.9678299426203267
34.286764,50,2258.230485,True,False,False,3.683751822544006,3.4187478657644377
28.361111,25,2258.575368,True,False,False,2.1749350339649633,2.0979841614819765
38.900515,48,2259.231321,True,False,False,4.379978315074386,4.186774087122137
42.2138,77,2260.145553,True,False,False,5.5272003503875355,5.1629764695580755
38.568124,79,2261.183519,True,False,False,6.307884301577283,4.737546365756627
33.736897,31,2261.584898,True,False,False,3.08814340387574,3.0924134548888342
42.466584,48,2262.219805,True,False,False,5.07027237073503,4.919201404023686
39.922379,59,2262.979327,True,False,False,5.063384333548668,4.6247587584985475
37.325576,38,2263.465308,True,False,False,3.754013276068331,3.782217822070556
33.101319,66,2264.245533,True,False,False,5.054415084652813,3.321736044401796
30.303762,43,2264.760437,True,False,False,3.2116173964700554,2.6368587046503165
47.262184,71,2265.518628,True,False,False,7.215796012949935,6.033749689635702
38.974415,53,2266.130038,True,False,False,4.573532559763523,4.288977495719801
37.1099,60,2266.850891,True,False,False,4.058706445920449,3.950031857182048
42.514996,45,2267.405064,True,False,False,4.975050605454032,4.878679796865165
31.068252,32,2267.828672,True,False,False,2.5574955579318566,2.544167125235291
45.200159,62,2268.542113,True,False,False,6.774646843194097,5.583551874007153
39.331876,63,2269.343356,True,False,False,5.109726177286277,4.538094067412532
25.804026,21,2269.624998,True,False,False,2.01741544943069,1.5525630335398797
42.350622,60,2270.324275,True,False,False,5.6584563505672,4.930215477935332
28.841691,46,2270.87378,True,False,False,3.638960155382077,2.6918373319123607
27.874252,35,2271.329232,True,False,False,2.9281025572842734,2.0879441569096255
32.55971,31,2271.75602,True,False,False,2.6112154557141354,2.7848531624994304
27.818971,63,2272.53235,True,False,False,3.944192400017722,2.6375999226178393
40.482654,39,2273.027301,True,False,False,4.889809318225827,4.373933692765188
32.312848,31,2273.363684,True,False,False,2.6821273025002488,2.7954008366676466
38.588079,63,2274.15715,True,False,False,4.181197398373051,4.219023150156618
43.476065,68,2274.952399,True,False,False,5.6660987124432385,5.266088945438701
28.320727,36,2275.409104,True,False,False,2.9549968365095514,2.21145714026198
37.298636,42,2275.868174,True,False,False,4.436322754981492,3.877001054447115
40.093987,60,2276.491909,True,False,False,4.870205214415003,4.524376812933081
31.599126,35,2276.882636,True,False,False,2.701278532330861,2.777648389305017
33.545781,40,2277.37863,True,False,False,4.1675799306667365,3.167677394412746
39.649844,64,2278.079048,True,False,False,4.571680056964393,4.479379187433906
35.642131,33,2278.450955,True,False,False,3.7218580593041426,3.54634783959898
38.176396,118,2279.907322,True,False,False,8.870722538588991,5.412504158710726
39.349162,41,2280.303143,True,False,False,4.554857942191233,4.221923027638542
41.268905,56,2280.878897,True,False,False,5.015379367573013,4.614929765443787
35.538399,45,2281.441265,True,False,False,3.7518335703045036,3.6057311812339874
39.608471,74,2282.316791,True,False,False,4.735175489965677,4.559447532595698
39.32208,83,2283.30614,True,False,False,6.348479241139603,4.817684541364755
29.91511,27,2283.677572,True,False,False,2.2897327247482147,2.384945874542285
30.21695,33,2284.102976,True,False,False,3.120606249925385,2.6075453276447136
-18.44409,8,2284.207144,False,True,False,0.4587908177682749,2.204902114120693
43.195313,47,2284.769626,True,False,False,5.266712826934657,5.007610609460789
51.979759,76,2285.73093,True,False,False,7.520136105002914,6.936842151166811
52.685267,82,2286.791474,True,False,False,7.841921357915685,7.148270230947054
36.6098,61,2287.514085,True,False,False,3.957646704567057,3.8479185516874295
36.127078,59,2288.299809,True,False,False,4.166412050631883,3.7596835425662647
34.267848,48,2288.921525,True,False,False,3.903225509867012,3.600953849393204
26.661397,19,2289.153496,True,False,False,1.5058686196038193,1.7048431930107815
26.669486,44,2289.696633,True,False,False,3.5517868125573475,2.0403504028896973
32.233547,54,2290.345387,True,False,False,2.9287885673292444,3.003343435664431
40.444502,72,2291.054428,True,False,False,5.849728865420771,4.646259393672581
34.487188,48,2291.586188,True,False,False,3.447205438680708,3.3310045969768503
47.760393,75,2292.436557,True,False,False,7.184655601619629,6.202325934054511
29.841351,33,2292.793573,True,False,False,2.2630207630003865,2.356061529053502
27.900254,24,2293.058563,True,False,False,2.0659188653281553,1.9626387215900658
28.317949,20,2293.296668,True,False,False,1.866278189798374,2.000037000271088
35.243041,47,2293.89162,True,False,False,3.591639063504532,3.472343601069927
30.903191,25,2294.218923,True,False,False,2.468533475245987,2.6045979821181464
48.752757,91,2295.217594,True,False,False,8.112858267516843,6.431368760473535
34.047215,43,2295.664995,True,False,False,3.206331414345354,3.2859708396371143
45.948477,69,2296.520801,True,False,False,6.550743199422982,5.854855645843246
37.410921,40,2297.049905,True,False,False,3.8812730641405038,3.9372952845725764
32.430704,37,2297.510694,True,False,False,3.7146100545151377,2.969235969087044
51.204624,70,2298.329636,True,False,False,6.967018707589171,6.725428161628784
33.074424,32,2298.707586,True,False,False,3.1488169883921557,2.91554418538747
50.789396,79,2299.712551,True,False,False,7.154432939599441,6.589423429734524
38.871406,41,2300.213714,True,False,False,4.289305905557979,4.17061270350163
31.392351,37,2300.687796,True,False,False,2.7125760757286863,2.6545857884157784
43.371396,82,2301.619464,True,False,False,5.955290854317601,5.336752617410388
43.283275,71,2302.39592,True,False,False,6.924830430451631,5.38387843486611
49.137738,118,2303.820968,True,False,False,7.519101492698433,6.741362202555421
38.522376,62,2304.551028,True,False,False,4.532812023847383,4.188073557538565
38.025209,41,2305.052487,True,False,False,4.038830100329272,3.9324470543493883
30.285878,52,2305.683272,True,False,False,4.051705695442301,2.845147526132665
33.599212,32,2306.111188,True,False,False,2.847997421328673,3.0260301975798467
52.452025,92,2307.255227,True,False,False,8.1542546012803,7.406002912433985
37.720095,48,2307.88269,True,False,False,4.141709083279673,4.091586460098754
-13.619965,16,2308.084123,False,True,False,1.8326509867074363,6.306841753097053
46.497885,89,2309.184879,True,False,False,6.29322552298667,5.960748316439378
42.874212,70,2310.066732,True,False,False,5.419226896875412,5.186032032025794
26.912035,14,2310.243396,True,False,False,1.523709626889904,1.6708748974954803
46.462296,68,2310.975664,True,False,False,6.345892103353807,5.66899493820205
41.88817,57,2311.614276,True,False,False,6.727212973812586,4.927823262234246
34.525697,34,2312.011238,True,False,False,3.2164009242526324,3.2024545942877847
28.085351,22,2312.261454,True,False,False,2.095611109966221,1.984983817622201
43.905764,67,2313.024091,True,False,False,6.133278108043819,5.27675015417481
35.311675,46,2313.510954,True,False,False,3.5194045734694113,3.4867534438403673
36.750939,50,2314.049031,True,False,False,4.2289203061974865,3.9158827751106635
37.119537,59,2314.660058,True,False,False,5.765989500544829,4.0951481054756105
36.225836,39,2315.036251,True,False,False,4.045191696943662,3.6247458456612285
26.353918,17,2315.22222,True,False,False,1.5521908187417401,1.6399965115617448
30.969927,46,2315.683127,True,False,False,3.0253477631744934,2.810385133476995
36.099777,51,2316.232642,True,False,False,3.6909867129917826,3.714304267068836
38.530174,62,2316.916038,True,False,False,5.572713392629364,4.281868944190038
35.448267,41,2317.415025,True,False,False,3.5435385117020686,3.5463926372769867
44.63095,54,2318.092055,True,False,False,6.389515948399426,5.455770813505073
41.322787,68,2318.981508,True,False,False,6.678998819838691,4.914577064819575
42.296568,69,2319.787078,True,False,False,5.188512094287822,4.974591565461758
29.340167,28,2320.15086,True,False,False,2.0275828315644495,2.200777302195091
51.151865,66,2321.010475,True,False,False,7.5329444616857275,6.784836215792983
42.274198,101,2322.198126,True,False,False,6.410170251140845,5.270762869748196
41.412074,52,2322.857989,True,False,False,4.7270035122941225,4.71124068107679
45.304569,86,2323.707628,True,False,False,7.140924962089743,5.8560997848983805
40.765405,56,2327.393131,True,False,False,6.003514764773037,4.80358754447993
31.989469,39,2327.824694,True,False,False,3.1326425822688053,2.9539021903106133
29.164574,36,2328.20427,True,False,False,3.0254178816844464,2.373689146181758
29.585576,31,2328.628344,True,False,False,2.131064970177225,2.2539687147897087
29.640781,29,2328.98809,True,False,False,2.7805482791230074,2.428806766222616
27.340492,19,2329.232675,True,False,False,1.8112435272484282,1.848532005647299
38.525281,77,2330.222957,True,False,False,5.514648838207853,4.401850399542407
35.939727,39,2330.731601,True,False,False,3.4896286418385727,3.492725339343581
41.692298,47,2331.331732,True,False,False,5.135554748362894,4.79754851324856
29.388727,67,2332.233766,True,False,False,3.871844815202406,2.6330693716221405
37.073362,55,2332.94434,True,False,False,4.917774897008858,4.110425440432353
25.765433,27,2333.282861,True,False,False,1.8005337228192166,1.7116483388102244
27.275258,19,2333.498805,True,False,False,1.6288244928018158,1.7278265912984423
31.150452,47,2334.087041,True,False,False,2.773447975995328,2.798172600582295
46.980091,121,2335.273023,True,False,False,7.194185000782923,6.3392484586284485
33.762562,49,2335.702111,True,False,False,3.495766074753322,3.2909188798372857
33.655293,27,2335.928518,True,False,False,3.419462674329399,3.032439251849786
33.052332,66,2336.494555,True,False,False,3.787728015516171,3.3470232927419787
35.827912,43,2336.871109,True,False,False,4.591816950049806,3.655804235365297
50.570717,63,2337.472805,True,False,False,6.680133619559547,6.5153255326807935
35.087463,37,2337.81339,True,False,False,3.3739705786549608,3.4546004317892782
26.941141,27,2338.128031,True,False,False,1.5632979161231961,1.8026123536028171
39.459583,84,2339.196754,True,False,False,6.276786443777299,4.713026723845447
29.280231,36,2339.648003,True,False,False,2.254155986212277,2.3463761009887216
40.856847,64,2340.458687,True,False,False,4.9418821714362755,4.792527765006248
42.38256,98,2341.607046,True,False,False,7.0814807139944245,5.40139444145949
45.657773,73,2342.342229,True,False,False,6.279152611808155,5.780105774614716
43.018205,63,2342.922875,True,False,False,5.696798435660905,5.151149077414854
36.760047,73,2343.811625,True,False,False,5.130206329047332,4.054642414622487
50.996168,67,2344.663941,True,False,False,7.071047654677072,6.562159796747111
40.267588,44,2345.228917,True,False,False,4.970350168642227,4.487473372204702
47.858942,86,2346.264216,True,False,False,6.385445383522871,6.26347278648323
36.273228,44,2346.821109,True,False,False,4.241190511747818,3.6734898768500446
37.327177,45,2347.454318,True,False,False,4.052256419062161,3.8613745660131196
-0.758806,53,2348.157696,False,True,False,4.537374034560223,5.396872188681896
39.468963,78,2349.201778,True,False,False,7.265183188564423,4.897993785430562
44.813817,71,2350.074196,True,False,False,6.49862061671767,5.635594243852274
33.846186,49,2350.697786,True,False,False,3.6118180882212716,3.4760578088528384
48.042042,62,2351.496058,True,False,False,6.354447256043964,6.008301273503861
47.873944,142,2353.188119,True,False,False,10.072417899080188,7.013024919612747
30.064793,24,2353.503074,True,False,False,2.178835704182272,2.335638202494512
28.945624,23,2353.825796,True,False,False,2.310921902951231,2.3071195138982694
26.261508,15,2354.019698,True,False,False,1.3390957120579399,1.5897620227092686
33.246519,37,2354.521636,True,False,False,2.8620171490862956,2.9586057974955815
34.786039,46,2355.125701,True,False,False,3.6596762615225398,3.3966037034127106
34.865219,37,2355.566638,True,False,False,3.795865968022012,3.3715910028448883
34.427622,58,2356.088605,True,False,False,3.6746687287986424,3.4504674887932163
26.925045,17,2356.300368,True,False,False,1.546366168912373,1.736241332890876
35.761835,58,2357.009052,True,False,False,3.669983306079806,3.6882367755087815
30.362652,37,2357.422462,True,False,False,2.3350849123263893,2.5286240635970882
40.55986,70,2358.102505,True,False,False,5.594554528016604,4.646462213834283
28.553536,25,2358.408115,True,False,False,1.949369060535095,2.0647008502206408
31.179583,26,2358.723577,True,False,False,2.9029940094040936,2.714831948027404
36.251247,51,2359.339445,True,False,False,4.258021696126537,3.83335482977097
31.816758,42,2359.841059,True,False,False,3.3041551794358153,2.889947881829167
42.952153,58,2360.549594,True,False,False,5.506854138440288,5.099648704037488
28.855535,24,2360.859196,True,False,False,2.4229773711793436,2.1002823344628583
36.842976,42,2361.413629,True,False,False,4.082789841436231,3.8494391067639575
38.758336,54,2362.097258,True,False,False,4.716949912051421,4.16455623554687
42.933044,49,2362.716361,True,False,False,5.443746607818518,5.043131056372143
38.73169,42,2363.249639,True,False,False,4.306128798259699,4.138252783242984
27.647892,13,2363.416279,True,False,False,1.5406261060325142,1.7839199335636746
44.7197,48,2364.028147,True,False,False,5.650319597030697,5.1998738575898305
34.510091,35,2364.394783,True,False,False,4.279617502587416,3.254034292290446
28.117859,21,2364.616383,True,False,False,1.8740471109315926,1.905331868479422
-8.724445,47,2365.198665,False,True,False,4.2798366382754,4.1254008783144975
34.328964,43,2365.741214,True,False,False,3.96313480393742,3.4282274571899642
30.402332,62,2366.54384,True,False,False,4.451839616497089,2.816367841301729
28.475846,35,2367.016457,True,False,False,3.5219618372229435,2.198110209535055
38.984697,40,2367.539869,True,False,False,4.258706232100902,4.15994109790335
26.284693,15,2367.718152,True,False,False,1.4170408735950384,1.5797540775743288
41.550108,59,2368.449087,True,False,False,4.881544535503938,4.8040805394326
25.598811,25,2368.731237,True,False,False,2.435720866272176,1.5672895772615891
45.662344,82,2369.69742,True,False,False,6.610799897410282,5.879803750893875
45.081377,47,2370.303717,True,False,False,5.544478284482743,5.3054575024627555
35.008435,38,2370.748086,True,False,False,3.8391236234416133,3.4129631398433853
31.749248,19,2370.963561,True,False,False,2.5365741056457187,2.5855080724603923
26.575986,28,2371.329123,True,False,False,1.858588978372726,1.7633640567772209
-10.132702,30,2371.736639,False,True,False,3.1056943146979523,3.904229806735507
34.677093,28,2372.065151,True,False,False,3.2803463925038785,3.2143781204940054
37.945919,62,2372.772794,True,False,False,4.756282846087029,4.210203850322108
38.21832,60,2373.483088,True,False,False,5.213560938931824,4.328012967046977
44.037828,75,2374.417255,True,False,False,6.29936074297426,5.3722275592729485
40.92125,77,2375.386747,True,False,False,5.489916597535113,4.8814644990912335
34.892287,34,2375.795245,True,False,False,3.330783678429315,3.33598769905764
42.368969,66,2376.593726,True,False,False,5.308547002719721,5.0752064835741715
42.792235,62,2377.311059,True,False,False,5.6316843644664,5.132233428367417
40.231553,49,2377.867068,True,False,False,5.078630205657367,4.487005121752584
39.546965,41,2378.323134,True,False,False,5.116461620250635,4.375545477122238
35.36328,39,2378.837229,True,False,False,3.454307294926099,3.499694147496258
40.939091,79,2379.596385,True,False,False,4.851527264131968,4.8352746530106865
31.433168,31,2379.929636,True,False,False,2.693858916711801,2.6700614835677774
46.666124,80,2380.850961,True,False,False,5.823557571841884,5.904189296012537
36.715864,60,2381.631177,True,False,False,5.065315885128161,3.9292099210950204
36.035254,63,2382.352159,True,False,False,5.483013718283454,4.026347021763568
27.865487,32,2382.740006,True,False,False,1.8223248181731704,2.011573847060058
33.164599,53,2383.429209,True,False,False,3.7158270755757616,3.213248841395435
30.2653,33,2383.814373,True,False,False,2.2901110022670847,2.4278945876763616
34.514567,42,2384.318552,True,False,False,3.2282934347239896,3.2759866527158703
39.58599,61,2384.954443,True,False,False,5.314307728157732,4.4883494667111075
32.746074,48,2385.465773,True,False,False,3.1392019882248055,3.1278769616392132
41.07848,68,2386.064204,True,False,False,6.308515034524696,4.857761897516047
41.462463,49,2386.639205,True,False,False,5.104627612132653,4.793814029861991
46.096547,94,2387.895704,True,False,False,6.480788474363631,5.919961088001662
33.476089,42,2388.433288,True,False,False,3.038450624229422,3.084690433241773
51.381176,117,2389.942698,True,False,False,8.983346221862911,7.291620326786497
43.763481,47,2390.438541,True,False,False,5.579052649261734,5.184265800224938
29.222737,34,2390.82299,True,False,False,2.6628383606600194,2.329020351143307
26.401871,23,2391.103031,True,False,False,1.5995596849109397,1.7325928332248353
43.489943,60,2391.726377,True,False,False,5.960146679779539,5.3927951360846516
36.568039,54,2392.317299,True,False,False,4.186056593834457,3.8420217949250914
37.161808,45,2392.889965,True,False,False,4.106714685679637,3.8947044013226444
33.628079,30,2393.272469,True,False,False,3.30713728318405,3.0428279800721847
46.642127,60,2393.993229,True,False,False,5.99068776231744,5.732079787162555
39.48558,68,2394.778978,True,False,False,5.981255170736545,4.636387550690451
35.508227,42,2395.202808,True,False,False,3.8826436152445516,3.5169946454055356
48.094848,87,2396.195564,True,False,False,10.037633556831558,6.519666505113213
46.027958,90,2397.332649,True,False,False,6.653068371767502,6.035768453642579
48.300656,73,2398.226819,True,False,False,8.880793984446786,6.319174711362439
39.995866,49,2398.887813,True,False,False,4.403109314140101,4.383523481669991
26.714992,31,2399.275108,True,False,False,2.1173286200512447,1.8533340100699862
25.712316,18,2399.508229,True,False,False,1.7435459597204632,1.5434923117487012
31.743073,21,2399.785595,True,False,False,2.4538745260149564,2.575214485844912
34.560235,43,2400.333236,True,False,False,3.5735978477686334,3.2963282920990538
26.92066,18,2400.552553,True,False,False,1.7154363693864902,1.66489965942653
40.365078,69,2401.404601,True,False,False,4.781966965495585,4.636768267724591
48.020106,63,2402.139888,True,False,False,6.802869179307676,6.0715181284424995
30.004577,19,2402.370196,True,False,False,2.173431636364506,2.2623122818993093
26.158364,19,2402.602134,True,False,False,1.6980312501218067,1.5552927245151624
32.025633,65,2403.304628,True,False,False,4.219760168728929,3.1578976955290115
37.324646,55,2403.865593,True,False,False,4.04473025140945,4.024765242659569
43.852044,74,2404.75128,True,False,False,5.557096468629519,5.350609709587368
37.580918,57,2405.385706,True,False,False,4.488647081252223,3.9839206286237507
44.66478,53,2406.007633,True,False,False,5.587899221871207,5.336963792937927
37.410689,49,2406.604769,True,False,False,3.9039789599942107,3.8269557270229173
48.52144,80,2407.657685,True,False,False,6.628663752860034,6.189470455800325
30.24134,35,2408.04832,True,False,False,2.456134222589037,2.4977701309754576
27.113275,37,2408.468487,True,False,False,2.8011251247483826,1.9798571409889925
35.619437,45,2408.994334,True,False,False,3.7617085167370585,3.685518532688241
34.843788,59,2409.772389,True,False,False,4.41357501750937,3.5463463220623592
31.508554,26,2410.113302,True,False,False,2.550788907487971,2.561328861559047
35.368303,40,2410.608881,True,False,False,4.231780956146713,3.5653468531741863
28.472041,25,2410.912812,True,False,False,3.3284255325336924,2.0961864271978503
30.817549,40,2411.414416,True,False,False,2.703852614175446,2.596232277364098
29.062125,33,2411.83061,True,False,False,2.6995896622333326,2.2522294142157757
31.744877,32,2412.190446,True,False,False,3.1273274884543385,2.7892008437580866
35.955411,74,2412.971107,True,False,False,4.573986650412655,3.9367304701253207
43.864392,95,2414.140723,True,False,False,6.286081888650524,5.633844436978138
45.879801,63,2414.944948,True,False,False,6.967346192701718,5.717626893346737
36.069558,30,2415.323203,True,False,False,3.50054445641028,3.4369926517871976
29.263115,25,2415.614743,True,False,False,2.128919011308556,2.2186474755797696
27.580815,18,2415.795683,True,False,False,1.9113107594759642,1.8001487795419844
29.506071,22,2416.033144,True,False,False,1.9878769255803206,2.1786574014765687
32.492066,33,2416.407463,True,False,False,3.0783831816545866,2.9632518979068596
43.438767,39,2416.858807,True,False,False,4.811316493175009,4.939740297905049
44.977689,69,2417.670696,True,False,False,6.765207183116677,5.673789124689283
34.271052,34,2418.086544,True,False,False,3.338599579391939,3.2313274723618526
28.123502,29,2418.465266,True,False,False,2.597026052199652,2.064683017653023
31.261024,38,2418.889526,True,False,False,2.9945556838684744,2.7375747255001777
34.784273,43,2419.308227,True,False,False,3.8457043331019416,3.5277193014556443
37.964914,45,2419.740799,True,False,False,4.2446070844715,4.149914587863425
31.575975,41,2420.173366,True,False,False,3.609004326260301,2.835581474625696
-14.094618,20,2420.424578,False,True,False,1.6897372685943168,2.307828595186607
39.007634,56,2421.159858,True,False,False,5.076759226208031,4.289534695114664
31.600895,24,2421.459757,True,False,False,2.5451841205361925,2.691608600657695
39.653186,63,2422.285433,True,False,False,5.742052273866571,4.506768594863364
26.913776,27,2422.655477,True,False,False,1.763198267722839,1.82762941230508
36.119515,54,2423.331554,True,False,False,5.683858115567558,3.9414899124982536
44.800682,95,2424.460535,True,False,False,6.154677146779246,5.717965036800032
46.972454,84,2425.226373,True,False,False,6.992376672165311,5.990396205146617
42.439954,53,2425.92898,True,False,False,5.835904634536577,4.99561033707952
37.73587,50,2426.584064,True,False,False,3.9446322397262197,3.8682800881804575
29.212515,34,2427.018555,True,False,False,2.938017363496047,2.263161863439192
47.241253,65,2427.790616,True,False,False,6.528350824001186,5.940387781474024
40.7066,56,2428.471559,True,False,False,5.218413918016513,4.699592639833561
30.367619,30,2428.852212,True,False,False,3.559806589699036,2.515087991801062
34.784726,29,2429.215981,True,False,False,3.3034278520684914,3.3442740588975357
34.734677,33,2429.638923,True,False,False,3.2852288754380448,3.3293119614261784
35.229394,41,2430.103484,True,False,False,3.9087541214823474,3.526996639803633
39.105247,86,2431.145016,True,False,False,5.568157426168898,4.558782805968766
28.037593,21,2431.366194,True,False,False,2.1646702697397235,1.979902672607495
53.426284,115,2432.740543,True,False,False,8.175020400507126,7.572847349094053
28.290425,35,2433.140226,True,False,False,2.806212346732143,2.3313006554408955
46.234323,84,2434.049904,True,False,False,6.25173186358258,5.859241645417848
43.221089,59,2434.752514,True,False,False,5.809993208584865,5.084639408586993
38.545948,62,2435.501367,True,False,False,5.073047930898088,4.3699843636594515
35.005757,45,2436.072918,True,False,False,4.432575576495971,3.5167228791266054
32.273662,30,2436.443776,True,False,False,2.8234433400242014,2.778931311555291
34.498427,42,2436.952452,True,False,False,3.906639107370944,3.7088027583122622
46.52597,101,2438.239366,True,False,False,7.433887762223965,6.3822797430709555
39.452139,52,2438.891584,True,False,False,4.406236724727493,4.2855562090632455
39.083478,78,2439.888779,True,False,False,4.875747587627631,4.517527331263539
31.83974,29,2440.233335,True,False,False,2.651997785203554,2.6811457409153756
31.490859,51,2440.848778,True,False,False,3.5851764539838538,2.904318998097664
42.378978,74,2441.746183,True,False,False,5.398087103478573,5.045038074006754
42.840311,66,2442.599961,True,False,False,5.913313632979415,5.221671564066611
35.145865,25,2442.909401,True,False,False,3.2167239871535216,3.3161686676897215
42.482898,56,2443.605214,True,False,False,5.704270026358126,4.957441853972171
42.028226,59,2444.383584,True,False,False,5.58481726052179,4.9380182825873575
27.720532,13,2444.550321,True,False,False,1.7126958503840688,1.8167404801391245
30.060797,22,2444.819202,True,False,False,2.274737850233376,2.3633364005541524
35.959362,57,2445.478333,True,False,False,5.862004340082245,4.091309037865227
29.481493,22,2445.742253,True,False,False,2.3493074125680957,2.2076762218534154
40.628866,78,2448.688679,True,False,False,6.405102817550148,4.878298653559508
54.943635,89,2449.531027,True,False,False,7.730492848641988,7.569430871935121
46.766885,110,2450.601058,True,False,False,10.010863096479188,6.486072287869576
34.156715,41,2451.08706,True,False,False,3.644361013044731,3.2897287201794088
48.596304,76,2452.071172,True,False,False,7.927791707074498,6.41057016221673
43.490767,86,2453.167732,True,False,False,6.859223345516271,5.521795291894133
40.064693,50,2453.778123,True,False,False,4.900251776642446,4.4661131121845665
29.684688,35,2454.217689,True,False,False,2.3923942803932094,2.3908879697701724
32.849151,20,2454.464609,True,False,False,2.883945002251775,2.7532404555116115
28.193202,44,2455.032449,True,False,False,2.534283560790356,2.2562734020596835
31.731501,50,2455.653802,True,False,False,3.252119994017958,2.9339345237853554
25.443631,20,2455.908535,True,False,False,2.1758747672124175,1.533723616202635
39.195051,80,2456.927258,True,False,False,4.876980664454036,4.5201824284965255
32.162116,31,2457.331247,True,False,False,3.012874855249639,2.8632786292523127
34.60079,32,2457.746711,True,False,False,3.157411938992458,3.2879062984795655
51.134492,91,2458.816473,True,False,False,8.202016730127907,7.018814943665552
37.084005,55,2459.497859,True,False,False,4.362540220327892,3.9153336144018924
29.113004,29,2459.858221,True,False,False,2.1760827712052935,2.2346811640928754
27.294997,38,2460.334258,True,False,False,3.621863004804725,2.05503913393596
29.555948,23,2460.635385,True,False,False,2.369688044919707,2.283910540319202
27.540829,24,2460.93431,True,False,False,1.8909242792777907,1.9046999114938505
34.052953,45,2461.461723,True,False,False,3.894808324639266,3.323954054401174
41.438681,38,2461.978184,True,False,False,4.6739800438958925,4.532469744503218
33.663319,51,2462.595501,True,False,False,3.4211982834111136,3.3948408161672594
25.868418,26,2462.867887,True,False,False,1.7756566689617241,1.614429367579992
30.688784,45,2463.395191,True,False,False,3.1738323611527024,2.652364350198723
40.765219,46,2463.937202,True,False,False,4.53459092425352,4.43718920647736
41.200043,82,2464.969912,True,False,False,7.298513104962707,5.151991603610496
51.644413,77,2465.862668,True,False,False,7.820158961947299,6.963567866570191
41.464213,45,2466.347869,True,False,False,4.6315925903772905,4.666040557368455
45.495384,64,2467.148122,True,False,False,5.795826650577027,5.578032082428006
45.169541,69,2467.978218,True,False,False,6.297889750054598,5.614083104986658
48.074327,69,2468.822739,True,False,False,6.6140031321226465,6.1603388434559525
28.829776,19,2469.054257,True,False,False,2.2891963212268234,2.141852603824446
40.912273,48,2469.637858,True,False,False,4.770969053461685,4.540972499867634
40.886328,44,2470.228186,True,False,False,5.307982441476751,4.595461563620672
50.336773,132,2471.794684,True,False,False,9.514270874980532,7.184406079408357
26.047112,23,2472.003175,True,False,False,1.4679382754293797,1.596030214687273
37.096245,41,2472.382485,True,False,False,3.853562597872918,3.805190068843532
33.746265,42,2472.794324,True,False,False,3.612117228261023,3.2347929600287135
39.887696,106,2473.977325,True,False,False,5.770573764767584,4.9260805750901895
43.901174,73,2474.886678,True,False,False,6.4570045217898215,5.387175741914612
29.319853,26,2475.186156,True,False,False,2.103470870784745,2.1828686047935593
32.030496,35,2475.609293,True,False,False,2.5171475624602624,2.7409514072792858
41.562305,75,2476.598789,True,False,False,6.273204245613587,4.973625803369245
30.789156,28,2476.981581,True,False,False,2.8460164726899966,2.6377855507267842
41.297605,64,2477.774994,True,False,False,5.5251314303711805,4.858898223006138
26.613167,25,2478.057659,True,False,False,1.6016689817398417,1.706154666673052
28.836137,25,2478.294661,True,False,False,2.2118937773606966,2.1760053535616897
34.24925,42,2478.709347,True,False,False,3.893310980250917,3.356717684692682
50.070238,102,2479.929503,True,False,False,6.74133693817276,6.666162179486474
40.727867,65,2480.640288,True,False,False,5.92584552880996,4.751552348086812
29.951968,26,2480.869562,True,False,False,2.2704796765560307,2.376268702356962
35.310274,28,2481.120468,True,False,False,3.591982588056225,3.4203188524178274
49.977692,67,2481.861122,True,False,False,7.35139697744292,6.533419102107518
45.706302,57,2482.612378,True,False,False,5.521661809696731,5.526321312933046
39.277661,57,2483.367098,True,False,False,4.582901877390379,4.4034677510064535
41.48414,117,2484.834209,True,False,False,6.649136049801356,5.344076414062119
39.456697,61,2485.54834,True,False,False,5.994809646786716,4.456073614680885
26.758271,31,2485.864432,True,False,False,1.7322158728000536,1.8338485477309066
30.36392,52,2486.501253,True,False,False,5.118985367130269,2.8948253899625174
27.836375,35,2486.946647,True,False,False,2.3261428816769443,2.0200439106380945
39.486986,80,2487.836761,True,False,False,4.894290733737209,4.60501161374101
49.628989,52,2488.418638,True,False,False,6.924297653954377,6.334490971129526
27.707997,32,2488.83311,True,False,False,1.8699354367232148,1.9934946895476489
45.432315,79,2489.767658,True,False,False,7.591973856780681,5.917651729066709
28.31263,21,2489.962587,True,False,False,1.9584321725252594,1.903059354958815
35.885396,69,2490.863375,True,False,False,6.4033081351976655,4.295073911483174
26.407549,19,2491.101355,True,False,False,1.6729045448266262,1.6150540007918766
36.340578,47,2491.754375,True,False,False,3.7016644667874337,3.7318283883923486
43.264137,79,2492.656677,True,False,False,5.468166624081512,5.2738331173006054
39.175721,54,2493.142135,True,False,False,4.459192336165284,4.315162318978128
35.214595,48,2493.574555,True,False,False,4.84159643767499,3.6418995621544403
35.459309,34,2493.886186,True,False,False,3.1988153017001397,3.387791276912884
29.211968,32,2494.179792,True,False,False,2.190185946975839,2.2139173344264274
29.447629,27,2494.433081,True,False,False,2.168303381491827,2.233043008855455
39.763471,63,2495.064531,True,False,False,6.463576261741119,4.663170192134902
49.426017,79,2496.112011,True,False,False,6.846900563247586,6.274811680712289
35.879046,66,2496.938983,True,False,False,5.201998608197997,3.7750744467536825
27.843802,26,2497.271408,True,False,False,2.3732041141817595,1.9895786639135946
27.211185,28,2497.646083,True,False,False,1.8163345910341588,1.800141851953555
29.924649,40,2498.168685,True,False,False,2.512356322707532,2.4384698713794735
41.019468,66,2499.006995,True,False,False,4.936775693946225,4.759101310333199
44.689303,66,2499.743922,True,False,False,5.568687136210584,5.57782963608862
37.969944,74,2500.593425,True,False,False,4.888832802334869,4.282234082630312
37.737451,39,2501.058451,True,False,False,4.094489671321867,3.881846811281887
31.242726,43,2501.575751,True,False,False,2.9452469993565784,2.692235518163768
36.513931,45,2502.06347,True,False,False,4.108794208803751,3.699772388102558
42.103027,49,2502.695122,True,False,False,4.933432296045429,4.82726366519591
33.982084,52,2503.328202,True,False,False,3.4354307851019152,3.2674718211687335
26.622197,17,2503.53219,True,False,False,1.6368604451420206,1.6352501591386046
33.072958,33,2503.97248,True,False,False,3.4703439898237822,3.0535866732738195
28.777195,26,2504.292122,True,False,False,1.8563765372568295,2.092711124334429
38.021599,62,2505.081169,True,False,False,5.38356790839181,4.108847580354872
33.306616,31,2505.479605,True,False,False,2.701183460828873,2.891880263117601
25.15952,31,2505.903037,True,False,False,2.1055076585761596,1.5175622584473472
42.30658,57,2506.620939,True,False,False,5.580251851172999,4.965064806355417
36.36876,33,2507.05877,True,False,False,3.741109922195798,3.6137737689573872
28.836564,19,2507.2997,True,False,False,1.902151398971586,2.1025643873202426
37.150023,34,2507.74302,True,False,False,3.7086884872678887,3.731122881381904
39.350264,55,2508.437118,True,False,False,4.382430115909045,4.378668860709329
42.648652,78,2509.412304,True,False,False,5.658519321085095,5.175239408747072
33.33602,39,2509.844289,True,False,False,3.4188851362851866,3.123822389217474
32.087353,40,2510.393051,True,False,False,2.9722206761313887,2.8153860520922294
46.442568,129,2512.034767,True,False,False,6.721214304581195,6.401846588110476
50.009702,63,2512.783135,True,False,False,7.274253066913612,6.409382247188834
30.294481,38,2513.229743,True,False,False,2.7117244650619408,2.532765582018385
34.788266,48,2513.819295,True,False,False,4.35844618705376,3.5535228137909627
33.493022,29,2514.219779,True,False,False,3.036414032501605,3.0575233765975502
34.468189,29,2514.605407,True,False,False,3.494249379894263,3.202747779674038
37.130833,32,2515.005669,True,False,False,3.698294200928443,3.6686931900010684
36.766372,70,2515.913881,True,False,False,4.942074828678846,4.0152780503958105
29.428244,28,2516.275178,True,False,False,2.356706237550812,2.295854459281363
43.588837,72,2517.14089,True,False,False,5.864013118688582,5.296668863215505
38.665387,43,2517.618557,True,False,False,4.457715495730293,4.131707353542931
26.475682,20,2517.858629,True,False,False,1.4473221238025875,1.6893418343039375
30.739131,48,2518.485106,True,False,False,3.4365138613232586,2.727878563076071
39.37007,73,2519.415111,True,False,False,4.788377414120391,4.567965483428508
42.29546,92,2520.460296,True,False,False,5.2945126270271725,5.270204215096744
40.433915,64,2521.1522,True,False,False,4.576593097309112,4.576461616064249
43.557569,80,2522.066396,True,False,False,6.912293385924675,5.570962289986885
28.628279,20,2522.334751,True,False,False,2.1001692668849996,2.0874272048750133
41.920735,53,2523.035022,True,False,False,5.6376419758568055,4.847188372578182
42.407689,83,2524.05853,True,False,False,5.9457544214864315,5.341037579830767
32.420948,38,2524.451298,True,False,False,2.959597489014595,2.9153777757817334
29.254727,15,2524.599905,True,False,False,1.9604238146506787,2.1133461137278107
40.829153,44,2525.034477,True,False,False,4.85375696835591,4.550820972859958
39.720763,46,2525.492929,True,False,False,4.038463638875255,4.2544635121011405
31.364348,31,2525.848795,True,False,False,3.1510730457164375,2.654824506374429
29.164409,20,2526.076203,True,False,False,2.0534455282184,2.1264679735327023
28.446679,56,2526.692839,True,False,False,3.8329651177163373,2.589703612347853
42.286875,50,2527.295216,True,False,False,4.842059169788829,4.7683144002492055
38.314252,61,2528.028174,True,False,False,5.343262880791507,4.400797498855327
35.016112,41,2528.532559,True,False,False,3.2069998390801406,3.3748989475473423
39.49497,58,2529.255653,True,False,False,4.479253319931542,4.504366877074364
44.343512,75,2530.214542,True,False,False,6.636615903720014,5.501830326834246
44.42168,61,2530.939294,True,False,False,5.851117252702992,5.438094076929217
37.493024,57,2531.647917,True,False,False,4.959487606244896,4.107207926621933
33.402878,44,2532.198159,True,False,False,3.4819671609873297,3.0907724423436274
26.91101,15,2532.383169,True,False,False,1.495128544045647,1.7232101418416281
26.157303,18,2532.599396,True,False,False,1.549185772552555,1.5985112907523442
33.46719,58,2533.295354,True,False,False,3.873175542534515,3.374060656869066
35.782201,76,2534.142559,True,False,False,4.835897959901348,3.9219243355372777
48.19146,69,2534.930132,True,False,False,6.9108238072036,6.081534899921218
33.107103,42,2535.355967,True,False,False,3.0977876478708306,3.045708004678266
37.008518,76,2536.224788,True,False,False,4.391862900942625,4.120270625934476
27.051465,24,2536.553742,True,False,False,1.8994157951728823,1.8124804582763885
40.477876,124,2538.109677,True,False,False,6.310659335423384,5.15656728165947
33.130545,41,2538.656286,True,False,False,3.667412065772541,3.025629527437607
36.657278,50,2539.265548,True,False,False,4.908997707214237,3.861561147146391
29.906544,56,2540.000211,True,False,False,4.237548734705955,2.9950556222902995
44.222303,92,2541.153012,True,False,False,6.063198483210882,5.563027768323485
25.593208,28,2541.49906,True,False,False,1.7157021003540371,1.5771038805863031
30.176511,42,2542.008057,True,False,False,2.363097386169029,2.46874905937047
38.223029,61,2542.697298,True,False,False,4.22681410844892,4.243231677035423
53.332046,109,2544.090686,True,False,False,7.567635027739398,7.3488176074361045
42.078985,58,2544.855985,True,False,False,6.655052775484178,5.1453691291889845
33.35417,39,2545.366313,True,False,False,3.279402347033721,3.100720589480896
46.811919,96,2546.572651,True,False,False,6.747993191430493,6.037094706612527
42.164833,43,2547.117732,True,False,False,5.49065576787772,4.786335472398386
29.946262,31,2547.543872,True,False,False,3.269537945659654,2.3478538040066175
39.349186,47,2548.148177,True,False,False,4.179868555256776,4.284912141605634
28.862752,32,2548.540799,True,False,False,2.602469974924777,2.2454375944803857
26.102433,15,2548.698414,True,False,False,1.3280334901443804,1.58701687335341
29.680398,21,2548.906291,True,False,False,2.128428532755374,2.236470256523128
34.613271,52,2549.578361,True,False,False,3.240317957575686,3.375599034384646
35.731571,61,2550.323818,True,False,False,4.578353112518492,3.8241031639585064
30.086034,47,2550.916585,True,False,False,3.6284758145133464,2.5229665747666177
50.359722,99,2551.986176,True,False,False,8.134496324392972,6.774038353089695
40.130107,58,2552.538143,True,False,False,5.144896261223287,4.649750414587182
32.820481,29,2552.844764,True,False,False,2.890475474790655,2.8907987890666145
40.838872,81,2553.843583,True,False,False,5.038928130052279,4.909976425521193
31.46542,28,2554.186966,True,False,False,3.061237305054981,2.8382516539754854
28.016843,29,2554.553901,True,False,False,2.1241096022504973,2.042365943448434
35.748732,48,2555.142932,True,False,False,4.154394648741716,3.715085382872949
51.964533,88,2556.224449,True,False,False,6.8702951255907525,6.752825624431636
36.172684,38,2556.585135,True,False,False,3.9159895788540147,3.681119562822538
29.067735,34,2556.94374,True,False,False,3.245284831984655,2.3407514208181674
27.187176,29,2557.336471,True,False,False,1.8067741853873027,1.815375044716209
30.423685,27,2557.669487,True,False,False,2.502186548457039,2.4435714900081975
46.849251,72,2558.486475,True,False,False,6.388146718283031,5.922224824951851
38.749771,45,2559.037477,True,False,False,4.082376392669142,4.144858250412464
29.026664,27,2559.359128,True,False,False,2.310291600789425,2.1659970642116915
31.819152,27,2559.724446,True,False,False,2.780678891492391,2.6835633760618265
29.512063,37,2560.180317,True,False,False,2.286230105453665,2.3393258749304855
38.552644,42,2560.682406,True,False,False,4.089958130110316,4.011242698555737
31.593694,38,2561.156163,True,False,False,2.9634413233645733,2.8442400918600588
48.063462,116,2562.57064,True,False,False,7.515997888397761,6.622726031148359
33.870726,40,2563.082721,True,False,False,3.8688907184081547,3.2376107697433714
45.891526,84,2564.160706,True,False,False,7.612442391800343,5.962453662829372
28.107658,34,2564.548917,True,False,False,2.210082136391734,2.1404757965255743
28.926929,43,2565.041458,True,False,False,2.4836830507483416,2.3469698916794375
37.248604,82,2565.890945,True,False,False,7.212393587619065,4.583551521354837
37.016516,58,2566.617994,True,False,False,4.578976102657739,4.04500308648577
25.813238,20,2566.883997,True,False,False,1.8387267917080239,1.7566384888386453
41.185168,51,2567.455359,True,False,False,5.607317090605405,4.689780502700029
44.784443,99,2571.261053,True,False,False,6.411166593260212,5.748377229565716
46.560332,67,2571.948751,True,False,False,6.5954180848283785,5.890464790875805
25.130203,30,2572.311504,True,False,False,1.9683979453481752,1.5129493436713222
36.712691,32,2572.728344,True,False,False,3.4811272619265647,3.6029892262692735
27.219358,15,2572.942538,True,False,False,1.7084607559685194,1.7351119414408478
31.233314,47,2573.508166,True,False,False,3.419617914009075,2.822455756722172
36.23462,40,2573.93685,True,False,False,3.489310171134249,3.568781408646437
40.520583,63,2574.616721,True,False,False,5.117108963598419,4.854747349982329
41.406124,81,2575.567254,True,False,False,5.636732052438716,4.974076713861811
43.221138,56,2576.282093,True,False,False,5.686806386343684,5.119180277761762
40.03507,58,2576.964774,True,False,False,4.420365399944413,4.481850884241501
32.426665,32,2577.310805,True,False,False,2.8116932944346322,2.8707295498713075
29.175961,43,2577.890898,True,False,False,2.384645940531688,2.393081554543306
35.329362,47,2578.48354,True,False,False,3.567162130420374,3.494584762155237
25.736521,19,2578.72053,True,False,False,1.5508622469621478,1.50915661426047
31.938596,25,2578.941379,True,False,False,2.6603159026033865,2.736433637731018
31.202408,26,2579.170139,True,False,False,2.3371112230706714,2.458414395937716
29.35964,24,2579.382694,True,False,False,2.0502972784396065,2.2445863067102687
26.113771,49,2579.872241,True,False,False,3.3799144214241164,1.8962366285183108
43.922279,70,2580.680687,True,False,False,5.614899371498249,5.493112318337639
38.235939,58,2581.363652,True,False,False,4.596551354114768,4.228383388641035
42.717225,65,2582.126384,True,False,False,5.070269064933432,4.993194471199341
40.232128,53,2582.791825,True,False,False,5.321830636770479,4.595604822144334
29.501862,31,2583.167819,True,False,False,2.61062819626935,2.31530970975227
33.692848,37,2583.595554,True,False,False,3.2298381972905417,3.141099107576151
35.656221,33,2583.889739,True,False,False,3.4411852248009556,3.469124952205481
27.296444,17,2584.057685,True,False,False,1.5175433054082592,1.7436670104711782
36.540942,53,2584.538858,True,False,False,4.325376633245529,3.836738610033039
45.189107,68,2585.105865,True,False,False,5.757920633980558,5.394767259883379
38.77425,67,2585.679009,True,False,False,4.768636245529261,4.373951669774822
39.18482,41,2586.016696,True,False,False,4.293522334890091,4.149279335428294
34.318102,38,2586.336136,True,False,False,3.273551623181483,3.2537245085083706
42.899923,58,2586.815499,True,False,False,5.523840096422892,5.088250289325789
27.386679,29,2587.062968,True,False,False,2.0150861435041225,1.872242454902578
29.514898,28,2587.316127,True,False,False,2.2415291480007222,2.2491459957159767
28.825298,15,2587.446335,True,False,False,1.9236050546008587,2.0036877899747942
37.265169,76,2588.168001,True,False,False,4.97487443278987,4.321193069303807
44.393038,75,2589.193213,True,False,False,6.56195792417944,5.46857067994177
35.729605,53,2589.819983,True,False,False,4.5316394101181166,3.7050301145052615
37.361077,48,2590.426667,True,False,False,4.430343160974372,4.039181199000872
38.746928,34,2590.81727,True,False,False,3.991903911942362,4.016587913859723
44.789967,53,2591.419429,True,False,False,5.8647116124820915,5.436965742398845
29.057061,34,2591.825171,True,False,False,2.459223091502686,2.259366725889873
29.068162,21,2592.09964,True,False,False,1.963725142481039,2.0657903503463646
40.621146,103,2593.507011,True,False,False,5.865970519303181,5.030677754338925
29.762582,31,2593.909625,True,False,False,2.472039352827734,2.3918477413753556
45.158095,81,2594.940062,True,False,False,6.549791455839765,5.65118950300476
38.829982,46,2595.525691,True,False,False,4.500833127293545,4.202207216233264
34.638119,52,2596.203688,True,False,False,3.3673017579349676,3.421108862443932
26.457931,17,2596.402782,True,False,False,1.4034780615254558,1.60906521936009
28.583231,38,2596.819347,True,False,False,2.1169720212472374,2.1885319042398375
28.270784,22,2597.093204,True,False,False,1.8815939682731133,2.0369804160949347
43.430264,66,2597.946553,True,False,False,5.9022648226278065,5.312108641935373
41.435189,68,2598.663987,True,False,False,6.162548894800137,5.0895608115844775
47.028884,53,2599.355762,True,False,False,6.183221388429897,5.852931523089255
28.999553,43,2599.90067,True,False,False,2.533591714829137,2.4133682667147385
40.220679,85,2600.804615,True,False,False,4.962663130990147,4.767439161969452
29.718863,25,2601.067202,True,False,False,2.202368701775321,2.243141071738198
26.723491,24,2601.31126,True,False,False,1.7860566903871538,1.7287731048141217
31.370339,45,2601.869958,True,False,False,3.0360695106088693,2.7717538231543095
37.281414,53,2602.521258,True,False,False,3.9112206906494458,3.8707154612907857
46.294145,97,2603.794513,True,False,False,7.472546701178957,6.217442587551538
39.681954,39,2604.255792,True,False,False,5.071288336654645,4.372346616307969
34.968093,54,2604.818802,True,False,False,3.572884678719205,3.520094619216694
30.018436,21,2605.0281,True,False,False,2.2830510660726384,2.2884203247206476
40.396225,64,2605.75739,True,False,False,6.201122176174706,4.797686880505561
38.148756,53,2606.396444,True,False,False,4.163794342594574,4.122003944506841
30.59235,40,2606.902598,True,False,False,3.013315231719208,2.7676413587854545
43.180374,48,2607.438474,True,False,False,5.272361533889629,5.00845098778125
43.479935,73,2608.377614,True,False,False,5.888872140423208,5.272276579733341
37.384832,54,2609.054707,True,False,False,4.999449642932009,4.017729060382652
26.297004,25,2609.346051,True,False,False,1.5135254465054773,1.6414269946263789
31.77233,42,2609.858729,True,False,False,3.8734203092576895,2.8928144096326363
26.579337,19,2610.119304,True,False,False,1.5695632629721885,1.6608570475846214
38.652758,40,2610.60475,True,False,False,4.621480140097277,4.085704260927717
36.616156,29,2610.930608,True,False,False,3.673271633301245,3.6119501877181457
40.165801,50,2611.561402,True,False,False,5.348338937650207,4.549985112149429
27.16438,24,2611.795077,True,False,False,1.769737741313042,1.8497202507194401
35.891991,55,2612.373317,True,False,False,4.112550420561706,3.7790506981996907
46.867491,55,2613.073191,True,False,False,6.1883190063645195,5.834302395437361
33.619369,38,2613.525996,True,False,False,3.3848764163534346,3.080374837064092
29.785786,30,2613.904921,True,False,False,2.573676677917643,2.409937625968445
50.814719,79,2614.953621,True,False,False,8.789748106320435,6.86296911607643
34.661535,37,2615.441209,True,False,False,3.425678874089651,3.3201385979489286
29.924331,19,2615.718255,True,False,False,2.172893249168162,2.245086956309658
26.09312,21,2615.956333,True,False,False,1.4781748725771067,1.5986024327560122
39.115087,54,2616.645599,True,False,False,4.785601104071752,4.224914703421956
45.896628,80,2617.590323,True,False,False,7.234032279810027,5.884571568316255
27.486982,23,2617.867255,True,False,False,1.7089763487839702,1.8698935368355563
44.09494,84,2618.906498,True,False,False,5.8807718040743024,5.432210919821892
41.410724,59,2619.684787,True,False,False,5.169064160109865,4.774938583337298
45.403469,70,2620.575984,True,False,False,6.309549572649817,5.681043433406631
42.428137,59,2621.355354,True,False,False,4.852668367081434,4.970794089795181
28.872051,35,2621.790376,True,False,False,2.1838037263187915,2.2487964256670976
41.577243,76,2622.696077,True,False,False,5.775590688971577,5.019387004313783
35.81992,32,2623.038682,True,False,False,3.5200056716054036,3.4988288309885083
37.779101,56,2623.647429,True,False,False,4.237691762800669,4.1454700307222465
34.615401,51,2624.218556,True,False,False,3.334622762665714,3.380023257079595
43.202129,66,2625.080383,True,False,False,6.568983732679477,5.229989644393039
35.700268,41,2625.59248,True,False,False,3.8792791254907706,3.589845489789938
45.166973,85,2626.672029,True,False,False,5.701191863061259,5.607672462379086
27.699266,28,2627.025751,True,False,False,2.4787786266373293,1.9130212701385023
36.985064,43,2627.513483,True,False,False,3.9360055212057534,3.7865079030009317
36.382969,52,2628.162121,True,False,False,4.358676827872657,3.7070319134797898
34.755625,76,2628.990139,True,False,False,4.625304754676927,3.8404429166989713
47.776504,59,2629.751982,True,False,False,6.199374056895515,6.044441912337322
-18.070726,6,2629.838466,False,True,False,0.49503977983047837,2.3373483075421
56.099633,76,2630.961198,True,False,False,8.478410966471408,7.729976855849454
42.445177,81,2632.015549,True,False,False,5.600813285862017,5.182872931951267
49.697,87,2633.07049,True,False,False,8.5769206344172,6.75582597011941
25.106848,21,2633.340882,True,False,False,1.4844698459158598,1.6047905122443542
40.213172,57,2634.069036,True,False,False,4.767455462565662,4.536748198705222
30.585416,29,2634.469174,True,False,False,2.4573753090072055,2.508427329376563
29.05498,24,2634.772237,True,False,False,1.9928913118482576,2.229739733715713
36.617997,34,2635.230908,True,False,False,3.8113520597329646,3.652559191861269
-2.531607,62,2636.03272,False,True,False,4.348583775391548,5.736301619015409
31.184782,35,2636.514035,True,False,False,2.6557589146728326,2.623880469473883
48.623598,81,2637.563444,True,False,False,6.609649507049218,6.368334135126698
41.366118,37,2638.087087,True,False,False,5.122967672083639,4.610366943418761
46.683979,59,2638.92019,True,False,False,6.550821932443381,5.8430583173069035
33.072281,33,2639.369036,True,False,False,3.2214928625532218,3.131489603068121
42.287631,42,2639.933359,True,False,False,5.7096345708989995,4.903734477136661
37.190874,62,2640.717222,True,False,False,4.7545080694163255,4.0197338347337155
45.388324,95,2641.870511,True,False,False,7.79770008894383,5.825510375858604
44.492956,66,2642.726086,True,False,False,5.810467730648634,5.466579737913653
33.22514,38,2643.264929,True,False,False,2.8874851816337928,3.0124012448871147
28.017177,34,2643.751814,True,False,False,2.6953507261713603,2.0624385675985053
26.838834,34,2644.196241,True,False,False,2.8326067159010346,1.9129848729319212
43.513074,56,2644.91466,True,False,False,5.6099737094931665,5.245420200259797
-17.827014,8,2645.015154,False,True,False,0.5746141855426175,6.635089216005846
42.206914,64,2645.929044,True,False,False,6.372782753097096,5.095764281605057
33.119933,54,2646.658951,True,False,False,3.3298538513174765,3.1404737836164105
33.766747,32,2647.066433,True,False,False,3.243955910811433,3.1122284010056083
35.626903,38,2647.60002,True,False,False,3.4396091764015497,3.476867468643949
37.71019,41,2648.156413,True,False,False,3.8794721279230164,3.9143229663040326
36.345829,43,2648.725718,True,False,False,3.8489049849570245,3.779895747214046
-4.556879,44,2649.335668,False,True,False,4.309216791224917,4.812926429362111
40.069155,61,2650.133095,True,False,False,6.770570131719525,4.858305200448498
39.919536,49,2650.737062,True,False,False,4.5604724649799655,4.314092417755183
32.70751,50,2651.414797,True,False,False,4.120412966953967,3.049790167651324
44.589857,75,2652.399405,True,False,False,5.5577882207046505,5.435514077917555
30.764478,26,2652.734546,True,False,False,3.1118904242517504,2.4995998430228847
44.002574,59,2653.4974,True,False,False,6.52229262065714,5.3072336203230055
33.014502,40,2654.017726,True,False,False,3.1122888047026627,3.0193520458699425
37.618171,40,2654.596743,True,False,False,3.767526429307397,3.81986385834342
43.723391,48,2655.241673,True,False,False,6.594094048293523,5.239697999485277
29.191793,33,2655.698526,True,False,False,2.170075492990783,2.253259728245982
53.244586,79,2656.700508,True,False,False,7.252316293290221,7.00380002068693
28.811033,34,2657.140241,True,False,False,2.501246090445715,2.2929536710298515
33.200367,33,2657.607824,True,False,False,3.140725788457007,3.109356005748898
33.306035,38,2658.081274,True,False,False,2.9103543510439382,3.0116323257667985
27.090226,22,2658.362571,True,False,False,1.7797971925371812,1.7732793374619888
45.135488,48,2658.976205,True,False,False,5.779997105560985,5.457966773260584
34.490634,35,2659.395488,True,False,False,3.241361989090675,3.262075023897408
32.704422,48,2660.035033,True,False,False,3.9997949555847225,3.2969354545092986
27.249829,33,2660.454573,True,False,False,2.161217336597158,2.1660448786557716
38.310064,47,2661.055528,True,False,False,4.183342160170015,4.01906813288783
37.567834,45,2661.719058,True,False,False,4.10122755397795,3.9150173041572587
45.228525,80,2662.851253,True,False,False,6.050825448381808,5.688433651949808
36.233608,76,2663.906868,True,False,False,4.973828573759444,3.984698880895568
28.557717,39,2664.407479,True,False,False,2.1119632666135058,2.199570996036147
32.55559,36,2664.917045,True,False,False,3.6520951193669693,2.9220662250139977
45.031201,60,2665.846091,True,False,False,6.063482506667281,5.592941966453189
32.154044,40,2666.418574,True,False,False,2.7623281923227476,2.870663231332232
-10.975346,21,2666.721084,False,True,False,2.0081112543759314,3.1960217780196083
54.240844,90,2668.483029,True,False,False,7.692414122026259,7.326263010570322
36.041895,84,2669.596447,True,False,False,4.135402683916964,3.981835806202042
32.06798,53,2670.286287,True,False,False,3.6850363932273575,2.9957818578483866
35.093156,67,2671.166133,True,False,False,4.155680833925734,3.6207460501260624
39.111514,86,2672.270628,True,False,False,4.859976367202467,4.61730637534203
42.20776,75,2673.218467,True,False,False,4.881948030014036,4.928117397852741
28.830872,45,2673.945807,True,False,False,2.719828224531948,2.7495056713499215
34.477112,33,2674.379215,True,False,False,3.5230613350809907,3.2962693173819217
28.681545,32,2674.782146,True,False,False,2.408400851958639,2.2005628509529136
28.341306,35,2675.288036,True,False,False,2.25264885110022,2.127366593989741
31.76795,28,2675.631602,True,False,False,2.662665085102762,2.680535140181157
35.818622,67,2676.508189,True,False,False,4.728403028988552,3.8513585052575054
41.197493,63,2677.376369,True,False,False,5.182319090740874,4.8495789107104175
36.488438,46,2677.960522,True,False,False,3.9952357537206784,3.783230242485543
-16.943286,11,2678.079798,False,True,False,0.9099300929386651,2.493164521527143
27.879503,28,2678.430607,True,False,False,1.9115886081946658,1.9878999484724316
35.939974,45,2679.022358,True,False,False,3.585176162498421,3.5985264886542225
32.763516,30,2679.393877,True,False,False,3.0056949125086114,2.920409715765656
37.199613,44,2679.972013,True,False,False,3.9271631837546725,3.8880235181186715
34.145022,46,2680.5818,True,False,False,3.5544214931379847,3.349454741139243
35.36973,35,2681.020904,True,False,False,3.3393786249926984,3.3622592822343456
37.666572,56,2681.733942,True,False,False,4.896385689573556,4.158169253924681
48.620884,58,2682.518508,True,False,False,6.554287882593488,6.116196144034034
31.796923,46,2683.049442,True,False,False,3.2445698685772646,2.960619568262529
30.34795,32,2683.462445,True,False,False,2.3545285315919458,2.48290848990685
41.778312,67,2684.39653,True,False,False,5.130748411958905,4.8974367007193695
51.456882,127,2686.076833,True,False,False,7.506138382724056,7.357637670176447
29.83996,46,2686.717386,True,False,False,2.5758246196657835,2.5566759536598593
43.496981,53,2687.397019,True,False,False,5.414219137008816,5.180043395973622
37.607916,42,2688.030728,True,False,False,4.447124124250078,3.889653328674359
38.723897,39,2688.534034,True,False,False,4.463063621318136,4.195281777854335
26.599273,19,2688.808722,True,False,False,1.4418185790720865,1.6503965838529016
41.259965,58,2689.582705,True,False,False,5.195288221463846,4.726145308780898
34.045762,39,2690.111216,True,False,False,3.755527224122124,3.1893719356952985
27.895838,31,2690.492431,True,False,False,2.6983430878765495,2.0432276815778154
34.228277,49,2691.170613,True,False,False,3.488684253103968,3.336634268157683
31.02638,56,2691.907789,True,False,False,3.3227818697097034,3.156771808769182
40.651936,49,2692.593548,True,False,False,5.037272325173573,4.532777105292196
34.367445,61,2693.350255,True,False,False,3.539070386018121,3.434094029549679
25.587623,32,2693.746962,True,False,False,2.9529137952517144,1.6229680481715705
31.858683,27,2694.084076,True,False,False,2.658575216452816,2.696338922274603
52.411251,72,2695.072486,True,False,False,6.98142250947812,6.777191074259914
38.288124,55,2697.882255,True,False,False,3.8708755000574517,4.041275786895126
42.896635,73,2698.77762,True,False,False,5.781623895381545,5.211774305753054
29.13967,18,2698.979693,True,False,False,2.024769674046555,2.0868714552611447
38.625242,43,2699.59565,True,False,False,4.3620743590997195,4.125726045680503
29.763016,44,2700.233215,True,False,False,2.3481904669150184,2.473997165625273
50.469296,74,2701.235647,True,False,False,7.124760741353663,6.643304934686253
29.041349,30,2701.665935,True,False,False,2.659250124356716,2.287387310322788
46.064152,72,2702.693103,True,False,False,6.591397583372251,5.921804229349359
36.759851,62,2703.539348,True,False,False,4.134721955657665,3.979841003696189
45.274362,55,2704.267895,True,False,False,5.671286855815022,5.505931590915629
38.907578,45,2704.866607,True,False,False,4.901235769705629,4.2684464764756695
34.622931,47,2705.497421,True,False,False,3.67246771128472,3.354210056373705
49.87314,96,2706.640397,True,False,False,8.091009017565584,6.867293816741765
25.638601,24,2706.923525,True,False,False,1.546359471064253,1.5455624428086325
28.966116,13,2707.062885,True,False,False,1.8728518157240388,2.060080766684581
48.564911,44,2707.621919,True,False,False,6.057516516285962,6.024165127570474
27.798339,12,2707.780627,True,False,False,1.6465436330658827,1.8154852115579694
49.073709,111,2709.33495,True,False,False,7.4683314349296905,6.767433143688937
31.881801,38,2709.847915,True,False,False,2.673705520405288,2.7093189017317174
46.074341,73,2710.872187,True,False,False,6.579663884465159,5.786999271574325
41.549438,63,2711.771339,True,False,False,5.131166362806932,4.787505758773742
35.451403,27,2712.175639,True,False,False,3.2203480185453515,3.4072754392114764
32.433845,27,2712.533433,True,False,False,2.7557793044994834,2.8556525513979065
43.998484,67,2713.356437,True,False,False,5.648986131221759,5.329063272878333
38.341258,84,2714.459539,True,False,False,5.922625670390437,4.716835984015176
34.445522,54,2715.112425,True,False,False,3.6479060479879672,3.4826147852612577
36.245035,50,2715.825438,True,False,False,4.999035402723272,3.755398145926022
41.81611,89,2717.061362,True,False,False,7.603271176465587,5.31126190759878
34.543226,30,2717.483881,True,False,False,3.162295312563923,3.2231904037719072
32.243972,54,2718.219448,True,False,False,3.8174057528918794,3.092387542598933
35.869241,45,2718.825637,True,False,False,3.7566897442009854,3.6813176764910276
29.277263,18,2719.066921,True,False,False,1.8921000555271064,2.1610698317078487
32.083521,45,2719.621754,True,False,False,3.2451161973753058,2.9247296665484805
29.952228,26,2719.92166,True,False,False,2.5298282380218104,2.3504661610106803
41.598035,46,2720.555873,True,False,False,4.832042945319801,4.73936092526315
35.056285,59,2721.307689,True,False,False,4.229704235543492,3.605566573530687
32.233061,50,2721.966362,True,False,False,3.3327156914538034,3.084532651001434
42.867132,56,2722.746918,True,False,False,5.610029350839645,4.967064806025115
31.030476,38,2723.276877,True,False,False,2.703368699989243,2.6612268403993395
44.044106,46,2723.944959,True,False,False,5.332857989608292,5.156522545492901
32.49621,28,2724.308713,True,False,False,2.720804809542642,2.8143821754050826
45.166037,72,2725.227789,True,False,False,6.097374386509052,5.659281257914123
29.25907,35,2725.720301,True,False,False,2.351256543857145,2.454464461616254
28.734626,29,2726.146415,True,False,False,2.532504759432367,2.2348333088877896
46.98969,63,2726.991548,True,False,False,6.230260029513317,5.90946878060191
42.359102,79,2728.039002,True,False,False,5.093300345672147,5.0263277323731606
48.901191,87,2729.270174,True,False,False,7.031408558598775,6.295506192225494
45.318079,90,2730.405413,True,False,False,6.348889655682027,5.683534703669217
39.720445,94,2731.652555,True,False,False,6.847621002663916,4.985441554421819
40.312591,65,2732.488881,True,False,False,5.375968546823783,4.613385881827268
46.951014,75,2733.511254,True,False,False,6.534779127392414,5.964125554468856
35.694377,31,2733.982882,True,False,False,3.370478679538124,3.456355801501967
42.570901,41,2734.575759,True,False,False,5.254105111509017,4.877681377997567
29.678228,27,2734.922639,True,False,False,2.086739390120103,2.2564632738737718
40.613776,56,2735.680602,True,False,False,4.66205659828173,4.641036402536493
30.95307,25,2736.008754,True,False,False,2.484770917127802,2.549185799128593
28.991946,37,2736.4707,True,False,False,2.765401768337092,2.2832975619714104
46.038191,71,2737.472378,True,False,False,6.641120044585124,5.697723812902511
34.770571,38,2738.027184,True,False,False,3.722274239987453,3.3661116335094126
28.82111,19,2738.274278,True,False,False,1.9102771942266839,2.1274077080931715
44.76739,64,2739.163293,True,False,False,6.364339568807567,5.5536248020932995
29.300902,28,2739.527241,True,False,False,3.0736829681800346,2.3030644545112313
36.448196,53,2740.296726,True,False,False,4.997514386560476,3.907450336173245
31.336851,32,2740.707849,True,False,False,3.465102797326198,2.6219669762614153
36.619675,33,2741.136114,True,False,False,3.894441330269285,3.6134527721010254
30.346777,35,2741.603112,True,False,False,2.435328849213158,2.4548696315922522
44.449851,94,2742.94198,True,False,False,7.277265358859357,5.7088942397071
35.584822,32,2743.348485,True,False,False,3.816848002283968,3.48876605858463
31.956729,33,2743.743921,True,False,False,2.9179095315071137,2.756860458592136
31.678339,31,2744.131936,True,False,False,2.501170919136455,2.6759251751812565
28.979783,25,2744.458817,True,False,False,2.592641181504069,2.1338980461306347
33.866567,58,2745.175983,True,False,False,3.710974014365548,3.4233849488952677
47.858221,63,2745.961918,True,False,False,6.040187569727893,5.943424407964592
32.744803,34,2746.387353,True,False,False,2.8504187716159337,2.910636131758672
42.562103,35,2746.869067,True,False,False,4.780988570782071,4.7785642052466315
29.962433,23,2747.186435,True,False,False,2.35675771302951,2.319804782333341
26.383736,46,2747.77974,True,False,False,3.600415927180102,2.035582483840877
39.015062,33,2748.193227,True,False,False,3.97055651386644,4.122130336378826
31.061118,28,2748.537259,True,False,False,3.293314329090008,2.5564143135625206
29.323587,29,2748.92938,True,False,False,2.1677396170797283,2.277431491514841
25.557393,23,2749.212587,True,False,False,1.9029392279427828,1.5134203724073796
27.547955,18,2749.402478,True,False,False,1.6948812165534108,1.8280873980281676
50.284213,98,2750.751914,True,False,False,8.28644405332026,6.750340744313832
38.065194,52,2751.535119,True,False,False,3.9912258187074436,3.9355108080399455
32.675161,45,2752.126341,True,False,False,3.17796724025478,3.0556888573464547
40.912508,52,2752.847598,True,False,False,4.925607849125067,4.606915547918212
37.013816,47,2753.455295,True,False,False,3.792613169296295,3.744508829289149
30.486092,36,2753.915418,True,False,False,3.128094376492489,2.679034810445706
28.883093,29,2754.308204,True,False,False,1.973589801910757,2.1505153685452667
36.973712,48,2754.953413,True,False,False,3.8506668007402824,3.813258754804262
31.817317,53,2755.669497,True,False,False,4.070718224277099,3.1907802719718408
41.812766,70,2756.624733,True,False,False,5.020895280002666,4.855015907242698
37.33641,42,2757.203108,True,False,False,3.9915708883295373,3.795852451708305
28.840753,24,2757.53986,True,False,False,1.9137533383002705,2.0895448649222397
32.106844,37,2758.041601,True,False,False,2.8162061894279464,2.9136550992248362
35.895216,51,2758.761105,True,False,False,3.693354178606992,3.6245767987960096
-4.463688,78,2759.765563,False,True,False,4.8410407431191524,5.249158754355993
31.480648,49,2760.392781,True,False,False,3.9834419831505063,2.969690549694456
29.105092,56,2761.147052,True,False,False,4.2696092675369295,2.6118517460084587
42.997658,96,2762.441338,True,False,False,6.906342684893816,5.4892595872076155
27.915639,32,2762.896809,True,False,False,1.9098312947650342,2.0640684685079
48.782807,61,2763.688736,True,False,False,6.3180919803811,6.05082279000437
30.803429,35,2764.171695,True,False,False,2.571662964019794,2.651963842532856
33.004851,42,2764.791887,True,False,False,2.8277714127252893,2.9910280237462232
25.835641,25,2765.140529,True,False,False,1.5056955143034085,1.5983630691467672
33.236898,44,2765.712943,True,False,False,3.7190651981917333,3.2654400394601026
25.6097,37,2766.173536,True,False,False,2.9669813814211183,1.815301555509796
33.847962,29,2766.564595,True,False,False,3.15696152083756,3.0912349230574923
35.599526,40,2767.088205,True,False,False,3.6838945748479937,3.544012425914003
47.156714,156,2769.151523,True,False,False,9.238842742441891,6.976872595968444
42.506199,70,2770.093227,True,False,False,5.74091216174304,5.2133777610044065
42.501698,76,2771.093401,True,False,False,5.4276551674635956,5.014941758642417
42.879382,84,2772.197103,True,False,False,6.523350362110256,5.299823412252836
34.408504,50,2772.865916,True,False,False,3.1781576477355236,3.3156114462855655
42.199443,49,2773.513303,True,False,False,4.933995080504712,4.832727523970239
33.500842,32,2773.94496,True,False,False,2.840760152557224,3.0415369079874033
40.596857,70,2774.908259,True,False,False,4.632481335994035,4.606484235228066
42.82066,80,2775.970403,True,False,False,6.125313315657141,5.2366718241818315
37.80271,39,2776.450065,True,False,False,3.860430078913041,3.9382914777088276
40.938319,72,2777.417687,True,False,False,5.522576861952762,4.886844813596395
27.801371,30,2777.818395,True,False,False,2.635301081554659,2.039887875256834
42.418503,91,2779.017812,True,False,False,6.586945325152684,5.329268453964036
38.963325,58,2779.772106,True,False,False,4.397332991750052,4.358020767629707
31.394688,19,2780.018309,True,False,False,2.500681555133417,2.5608641763874025
34.287583,56,2780.760064,True,False,False,4.026312810029004,3.568023590956632
33.746393,35,2781.228981,True,False,False,3.1768099858489074,3.0425914194913255
35.382736,41,2781.736028,True,False,False,3.9309642949226227,3.5753010781826693
47.947614,79,2782.806687,True,False,False,6.328450833442263,6.001093752812079
50.354767,94,2784.040684,True,False,False,7.066911216650696,6.653313705111902
34.59111,62,2784.843308,True,False,False,3.5915225549950485,3.4928743321046283
30.828848,28,2785.218548,True,False,False,2.672692943959278,2.5096630454448166
55.272037,86,2786.384008,True,False,False,8.120525376993001,7.746015936301683
26.525776,71,2787.318079,True,False,False,4.466894655380373,2.4580726199018197
32.798198,39,2787.872932,True,False,False,3.21524607120661,3.037241538848959
33.875117,40,2788.394498,True,False,False,3.3077782966814504,3.1747900391874393
28.946284,25,2788.72047,True,False,False,2.154539787426397,2.1585362361319684
31.32784,31,2789.176569,True,False,False,2.508452505825687,2.625989869282403
35.572407,28,2789.54937,True,False,False,3.2887178608771066,3.3662660376795657
26.444633,18,2789.782139,True,False,False,1.4305523640569475,1.6332478956679477
43.363897,69,2790.670354,True,False,False,7.076117000628637,5.355012983898814
41.107059,65,2791.585318,True,False,False,4.962478042343732,4.809145895984387
32.845888,37,2792.076293,True,False,False,2.9564994751739055,2.937342791676621
45.207033,84,2793.161904,True,False,False,7.325098125877802,5.720384797896514
36.784194,47,2793.784968,True,False,False,4.58879077748544,3.9488109924894936
26.257999,15,2793.97515,True,False,False,1.327081244600092,1.5235155338365227
39.41642,39,2794.492877,True,False,False,4.1570799437198565,4.287914661055061
30.024138,25,2794.798473,True,False,False,2.8236121523122124,2.3759666519024956
29.621243,19,2795.072327,True,False,False,2.0628220262447408,2.2408765930204497
36.742548,53,2795.767911,True,False,False,4.301127963691789,3.856178121538233
41.893923,51,2796.440681,True,False,False,5.33360272865694,4.780837896408024
45.390065,74,2797.405252,True,False,False,5.869179624981578,5.637120651100025
29.473114,23,2797.686522,True,False,False,2.7229689353585664,2.159071554510711
37.973671,44,2798.247994,True,False,False,4.197668810592708,4.00413379515049
31.564734,34,2798.694242,True,False,False,2.7866511080141754,2.7541608848686927
31.73294,43,2799.244613,True,False,False,3.5362059014729135,2.834033071085904
46.441425,49,2799.865741,True,False,False,5.630505610529194,5.607737258997348
48.399661,60,2800.633222,True,False,False,6.751003888730966,6.09451809041592
38.046573,39,2801.167244,True,False,False,3.941629697778891,3.9016257353111956
40.756707,71,2802.110314,True,False,False,4.907348015661726,4.88155889369805
42.148474,55,2802.846721,True,False,False,5.647722944091543,5.077247004157626
34.726451,46,2803.491287,True,False,False,3.655210882606492,3.3341889443124946
35.284467,35,2803.916003,True,False,False,3.3201616865783308,3.4141022241960175
36.431791,51,2804.622629,True,False,False,3.7317833703609855,3.633496568966377
56.4705,101,2805.970743,True,False,False,8.11775363214358,7.75419669648208
31.053661,31,2806.390306,True,False,False,2.916605839520243,2.725347983130269
28.964403,42,2806.989504,True,False,False,3.75438743627918,2.5200166861922026
30.121864,31,2807.376383,True,False,False,2.3613759988362473,2.438153637795633
35.049735,39,2807.890252,True,False,False,3.5605714281124707,3.453173567812142
35.257225,32,2808.343418,True,False,False,3.608435546640712,3.384592438412025
38.7554,83,2809.472295,True,False,False,5.216607930096376,4.675155276877431
29.334165,43,2810.048072,True,False,False,3.0112328493992524,2.5077664045794634
33.342907,22,2810.329044,True,False,False,2.8918836595273603,2.9372936560460023
41.983164,60,2811.109169,True,False,False,5.007820202958483,4.907711545648924
41.382515,51,2811.843758,True,False,False,6.204526817705415,4.795775945879325
30.95065,43,2812.475874,True,False,False,3.207119487050957,2.927603074908311
28.951813,39,2812.9861,True,False,False,2.552738132657918,2.2506030443918186
32.583959,55,2813.714698,True,False,False,3.263636990900845,3.1485243831247156
44.192276,53,2814.409673,True,False,False,5.789578603235399,5.3727641998234414
30.283124,24,2814.720288,True,False,False,2.2809945488715604,2.3245163894356122
49.474945,87,2815.846753,True,False,False,6.85091023568864,6.640197372795105
32.917087,34,2816.288815,True,False,False,2.9652485826956507,2.923372710918842
39.199015,56,2817.025232,True,False,False,5.5334176834554984,4.380074635629351
41.134414,59,2817.756685,True,False,False,4.54851812196343,4.598941330547561
40.945579,66,2818.584981,True,False,False,4.981900664190871,4.655921958456242
34.44222,32,2819.02194,True,False,False,3.802198858189572,3.297551395751167
35.242338,45,2819.643978,True,False,False,3.5920553502590282,3.496580133759843
37.562947,72,2820.63039,True,False,False,4.3948374053939165,4.227364785363034
26.957792,19,2820.884639,True,False,False,1.5736757469204647,1.686438279925645
34.445715,31,2821.290754,True,False,False,3.3631506544322054,3.2352547969158842
31.821815,26,2821.633294,True,False,False,2.5802099081071344,2.7251406259177497
-19.181728,8,2821.737767,False,True,False,0.3445394103418497,2.34748146481447
28.646082,32,2822.177024,True,False,False,2.0116447711358303,2.189930777604577
40.372748,54,2822.945035,True,False,False,5.573357513116314,4.545801665660988
27.917452,19,2823.179276,True,False,False,1.785393821941349,1.9054253233690202
30.38216,28,2823.546056,True,False,False,2.533927749618595,2.5320467772715425
28.042393,14,2823.738316,True,False,False,1.771012126651735,1.8262601250513508
35.10321,33,2824.18993,True,False,False,3.9833803284784386,3.5257175484151317
35.390002,31,2824.560506,True,False,False,3.82715254807374,3.437058581272479
43.802506,99,2825.812088,True,False,False,7.348820442089403,5.753561219965129
47.581009,87,2826.907705,True,False,False,6.475889687935165,6.1313859176217065
37.622553,50,2827.543159,True,False,False,4.6866104666611745,4.013568637686437
40.436432,73,2828.506721,True,False,False,5.462025265665122,4.691508147166407
38.048119,58,2829.250902,True,False,False,5.317037455402497,4.174673150263171
31.243534,30,2829.637088,True,False,False,2.8270114384940173,2.6937330311237826
45.126333,67,2830.453941,True,False,False,5.935752398471845,5.517658181127386
36.42654,40,2833.550188,True,False,False,3.5726412059583144,3.57710677449171
33.47484,27,2833.901362,True,False,False,3.141155419799828,3.0681815666204737
46.034664,87,2834.91942,True,False,False,8.534440419607277,6.146894916136894
46.088465,86,2835.953219,True,False,False,6.554417392632576,5.9193928081276885
41.659656,68,2836.762723,True,False,False,5.492945813910174,4.8627838226641495
39.266432,48,2837.344185,True,False,False,4.488125934002567,4.361162310799412
37.646803,50,2837.964731,True,False,False,4.946874138100907,4.046531579448376
49.402859,104,2839.213203,True,False,False,7.671858999924213,6.706419933353209
26.554618,19,2839.452788,True,False,False,1.758493228539671,1.6749380184332772
30.600088,32,2839.827361,True,False,False,2.545609412382539,2.5209217373350006
29.925636,37,2840.266232,True,False,False,2.557954128576661,2.576701629168284
35.181354,37,2840.711877,True,False,False,3.619269576860307,3.397811421745934
45.977254,82,2841.681803,True,False,False,6.520484119206675,5.661186158722708
26.147761,25,2841.96913,True,False,False,1.7444931854444226,1.7076515063324507
36.121849,51,2842.572713,True,False,False,3.7550873616169316,3.660505285865288
44.573927,45,2843.104449,True,False,False,5.575210236131744,5.316781137865676
43.152265,66,2843.89013,True,False,False,5.946090578774028,5.2766312176526355
30.950436,31,2844.277888,True,False,False,2.871250427637731,2.5793782080814758
32.130481,39,2844.71671,True,False,False,2.70531600642404,2.791790376957429
27.60391,40,2845.199983,True,False,False,2.7408631334574465,2.1783926878159825
40.827643,58,2845.899305,True,False,False,4.745188174479576,4.668962051340875
38.347413,69,2846.743163,True,False,False,4.901041275666007,4.2657762564354424
28.993053,46,2847.278548,True,False,False,2.8406182673085945,2.5372060782029298
51.971936,110,2848.522335,True,False,False,8.607553537342856,7.173443624477017
33.775084,37,2848.932471,True,False,False,3.489915539984416,3.1927377528765883
38.851866,64,2849.652971,True,False,False,4.6276954748734624,4.32003352805336
41.651519,82,2850.629151,True,False,False,5.448384662279806,5.005832693392223
29.066774,35,2851.054809,True,False,False,2.4513012805865064,2.4631918994729594
44.594832,49,2851.627465,True,False,False,5.616354865058612,5.294052985494969
29.02852,24,2851.892453,True,False,False,2.2922314730214004,2.1921833944200126
32.492501,106,2853.092286,True,False,False,6.6137385463499765,3.660206409504542
59.553826,80,2853.987727,True,False,False,9.836606527442616,8.408744047587168
29.532679,34,2854.372277,True,False,False,2.258851938215269,2.34255619434433
50.178442,82,2855.347978,True,False,False,6.4563917972817055,6.4516874578484105
40.951023,63,2856.092179,True,False,False,5.272471141166479,4.701161539962086
37.687709,42,2856.579406,True,False,False,4.2068706053352996,3.9178566964835366
42.023082,81,2857.521332,True,False,False,6.001222435266889,5.242823670645574
29.507546,44,2858.047662,True,False,False,2.424079467377967,2.424812634664667
42.273338,62,2858.790673,True,False,False,6.15808721270319,5.040131474177211
26.492448,22,2859.056039,True,False,False,1.8366367671111958,1.7034794695067745
38.574529,59,2859.758018,True,False,False,4.9047927445983595,4.379850483897714
35.520053,47,2860.298138,True,False,False,4.4786258374708945,3.558368558710926
37.137014,39,2860.761308,True,False,False,3.837036432806811,3.8158073941200534
35.816536,42,2861.274257,True,False,False,3.7067480403900843,3.57179290405561
37.460656,75,2862.162642,True,False,False,5.017525399347131,4.157076371469093
41.426352,59,2862.868311,True,False,False,5.134604469733851,4.918365811531315
26.324829,33,2863.232197,True,False,False,1.9786917590062827,1.755386219276789
45.598496,77,2864.139723,True,False,False,6.309060245856315,5.793567850642599
34.850514,54,2864.792903,True,False,False,4.061687883605448,3.50174215274384
45.812704,56,2865.44889,True,False,False,5.4130302604196165,5.444521364946134
35.278099,35,2865.866405,True,False,False,3.6999329775962346,3.381894405024632
49.670019,81,2866.840522,True,False,False,7.789641019050138,6.547817752256235
33.412073,66,2867.617997,True,False,False,4.5044920692854635,3.5188724810784695
38.923891,41,2868.111797,True,False,False,4.888059166096401,4.167788628966144
29.087806,22,2868.376597,True,False,False,2.218157845514539,2.164858148772084
33.009862,43,2868.906857,True,False,False,3.549409710026477,3.015356338596895
42.458095,55,2869.54683,True,False,False,5.105676330310344,5.005416357704941
47.266685,69,2870.36664,True,False,False,6.149724978901131,5.915243692299436
26.735126,25,2870.658389,True,False,False,1.7830616925473073,1.7095924925365988
40.007989,51,2871.276668,True,False,False,5.078418315474038,4.5273813244634935
28.044192,21,2871.517952,True,False,False,1.7671763742598987,1.898979917098152
30.182055,32,2871.904148,True,False,False,2.718271938456076,2.5386290072820494
33.2642,26,2872.2156,True,False,False,3.0302898968612237,2.96353139670522
33.863182,36,2872.642712,True,False,False,3.345369676457616,3.1952950025582045
44.839844,70,2873.478915,True,False,False,5.986722763296439,5.43917211742144
32.146238,38,2873.926475,True,False,False,3.249444401735216,2.9009071823599384
32.220921,42,2874.425383,True,False,False,3.062648030269454,2.885115315746578
38.103392,51,2875.03436,True,False,False,4.314862967232039,4.120575744606137
35.101185,42,2875.532049,True,False,False,3.4734274579093345,3.5124906375527227
34.584259,61,2876.248558,True,False,False,3.8692492028484198,3.5079826071175537
28.474435,25,2876.565985,True,False,False,2.2360827075527956,2.099348714139234
27.922987,21,2876.796282,True,False,False,1.8907087558513769,1.9458233041007018
50.140096,79,2877.737689,True,False,False,7.887401032791123,6.686293774770489
48.038012,79,2878.670826,True,False,False,6.079151827657168,5.9563569599468815
35.624857,34,2879.084442,True,False,False,3.637569825465295,3.5017924851003883
46.163944,81,2880.068719,True,False,False,6.168232459908356,5.979239392640209
32.834495,45,2880.639184,True,False,False,3.1616938173885005,3.1249585421643475
31.607804,30,2881.006277,True,False,False,3.024673201546687,2.637386325005577
31.832606,65,2881.825944,True,False,False,2.9031906380809573,3.055218931424819
44.120784,100,2883.033108,True,False,False,8.451499056174603,5.9825237513569265
39.790636,50,2883.646399,True,False,False,4.794486036263745,4.4383325571164685
29.44629,44,2884.173602,True,False,False,3.0848280188097585,2.5951654236380777
33.87893,35,2884.576804,True,False,False,3.3796379220651995,3.21516870296858
39.521286,125,2886.051719,True,False,False,6.666981828783634,5.378929035512849
30.238614,21,2886.29163,True,False,False,2.269482973411899,2.397687794000833
29.488068,27,2886.621732,True,False,False,2.1122624761838606,2.2573091176762863
30.156044,28,2886.947039,True,False,False,2.3417166801368166,2.422046922565398
30.664625,30,2887.305224,True,False,False,2.5106670839208567,2.5342702906598262
35.214242,63,2888.049229,True,False,False,3.5980154079674667,3.633335703164425
39.94977,60,2888.763166,True,False,False,4.587182991796318,4.510618201694273
36.431654,43,2889.284181,True,False,False,3.768090842811075,3.5911674101115385
32.795631,48,2889.848002,True,False,False,4.375853351325952,3.370317541207114
31.417616,25,2890.141467,True,False,False,2.8753812796058584,2.725511827536858
27.678724,15,2890.325424,True,False,False,1.7209572562016187,1.8595669370923473
33.963892,37,2890.754213,True,False,False,3.4300804802613936,3.2301256772769498
38.026089,59,2891.469014,True,False,False,4.4077968147174325,4.077169197064822
27.731387,22,2891.725202,True,False,False,1.6609539883799942,1.8609328373361707
33.018153,41,2892.203264,True,False,False,3.1447109401505147,3.0553039739068226
30.362358,28,2892.532886,True,False,False,2.445457598819592,2.5175052525503547
26.760256,20,2892.774269,True,False,False,1.6800900928899087,1.6965190826187728
47.102232,83,2893.769459,True,False,False,6.508814553734854,5.941537329177611
43.363995,73,2894.619256,True,False,False,5.3505378670171195,5.20283347899466
29.875593,30,2894.973395,True,False,False,2.4553672767597847,2.4012915307735363
29.391928,33,2895.360986,True,False,False,2.5716163728885943,2.3270242666263297
28.259987,41,2895.840613,True,False,False,2.853257832914587,2.190872287321948
46.896724,65,2896.617056,True,False,False,6.101368868783288,5.830393349891572
31.557487,35,2897.026739,True,False,False,2.7060508824482365,2.66943607336186
46.272259,66,2897.79969,True,False,False,6.899451471736096,5.803281896469165
40.686018,48,2898.371071,True,False,False,4.657562958210119,4.58542605228716
33.213594,38,2898.823811,True,False,False,3.3026981245658154,3.0287076828321506
31.292011,36,2899.249404,True,False,False,3.0280131494849734,2.7074654001747422
32.039344,30,2899.606669,True,False,False,2.862050333060323,2.8327869936832113
25.984091,14,2899.776305,True,False,False,1.381374468398464,1.510049393382034
47.120024,70,2900.600036,True,False,False,6.841320528675299,5.865774977715729
48.1445,62,2901.334651,True,False,False,6.876873433178441,6.148574988569336
35.772954,37,2901.782516,True,False,False,3.923731462850412,3.5413019987936125
26.317196,28,2902.115158,True,False,False,1.5613483438306652,1.6987476715212817
43.232553,57,2902.777386,True,False,False,6.999432662306327,5.239825838660392
39.128445,74,2903.659471,True,False,False,5.603874004148376,4.4022672691853
33.235913,37,2904.113233,True,False,False,3.8713660135295327,3.1112164186724685
28.053816,27,2904.428286,True,False,False,2.0299028423997023,1.978092501862396
26.971957,22,2904.685906,True,False,False,1.816201372211724,1.7547153275719385
41.852319,45,2905.240791,True,False,False,5.095686801679868,4.769037187434801
42.550464,50,2905.843594,True,False,False,5.582078243211728,4.918181022897736
28.67153,26,2906.15513,True,False,False,2.0984358008950905,2.129491204594927
31.598363,27,2906.47417,True,False,False,2.89737466460767,2.631196664893759
32.603987,32,2906.862207,True,False,False,3.2638486018221387,2.9883476901350132
43.720253,63,2907.623588,True,False,False,6.030130116443886,5.301418825164872
47.039596,124,2909.105618,True,False,False,7.97637563257131,6.580774034336829
43.351265,75,2909.98064,True,False,False,5.785663084678105,5.383127024579715
50.599278,92,2911.063543,True,False,False,7.059666180232993,6.709680523470802
42.191499,54,2911.696244,True,False,False,5.231300707137322,4.8050956826992115
33.859418,55,2912.353096,True,False,False,3.7370573399197022,3.4048135052860142
31.806885,29,2912.681634,True,False,False,2.5847284572965754,2.6924117089154036
29.517114,45,2913.226079,True,False,False,2.3211404232697332,2.4340574933377437
44.367232,58,2913.905068,True,False,False,5.2425176873984265,5.215972763320678
32.835965,57,2914.573061,True,False,False,4.137348543087178,3.1888361294448537
29.612359,20,2914.80758,True,False,False,2.0459913800900966,2.261637908371721
47.394158,69,2915.635115,True,False,False,6.289271289784782,5.997336689061744
27.306435,25,2915.929789,True,False,False,1.725519003073361,1.8074983869308219
39.501507,52,2916.539609,True,False,False,4.703909728298807,4.395705352867902
41.097096,43,2917.07386,True,False,False,4.901079440019099,4.6194220804671895
32.655369,45,2917.613213,True,False,False,2.88204601188261,2.9888866686030466
54.714347,64,2918.405406,True,False,False,7.488476426321099,7.38390753264997
38.652593,79,2919.392526,True,False,False,4.940688537837285,4.427753747457243
28.099382,26,2919.716265,True,False,False,1.8198086863929874,2.012203145604246
38.78768,62,2920.463376,True,False,False,5.015396245639816,4.281575637665344
34.25831,40,2920.948784,True,False,False,3.7852288196296184,3.2712135791684456
26.415202,15,2921.128789,True,False,False,1.40932270192068,1.6423659887581428
37.229242,35,2921.566229,True,False,False,4.167653926956041,3.814987158258199
38.201682,48,2922.165538,True,False,False,4.745378968160181,4.184344026663823
43.397653,53,2922.804193,True,False,False,5.41101663092745,5.1419491719697685
44.575808,59,2923.520301,True,False,False,5.673219005859431,5.39895537709635
31.207658,34,2923.940234,True,False,False,2.7305243399593944,2.652317792164313
35.987459,69,2924.695866,True,False,False,4.641222531295456,3.9098261762508577
35.089349,39,2925.100722,True,False,False,3.445546148711234,3.4512507162892665
44.862826,46,2925.615932,True,False,False,6.298325647376727,5.3595221979655605
36.057204,38,2926.074306,True,False,False,3.687074616094753,3.564871955780668
39.713902,77,2926.98604,True,False,False,4.727953378325878,4.601527402911201
33.711037,32,2927.35611,True,False,False,3.3869630000576496,3.017966893230877
30.377092,27,2927.684844,True,False,False,2.395781124936136,2.4076568608998827
40.447174,58,2928.397184,True,False,False,4.487458088518209,4.539448449996395
40.037885,64,2929.207525,True,False,False,5.0124514090238765,4.7129077992914095
31.325089,45,2929.746993,True,False,False,3.162054656995016,2.8081865824874037
27.965598,16,2929.937337,True,False,False,1.7674856886587802,1.9132611998047024
37.282053,49,2930.526419,True,False,False,4.481238410980078,3.975124260292426
47.991496,75,2931.414277,True,False,False,6.841969714412693,6.1816224382607885
44.515659,63,2932.182243,True,False,False,5.692671493053325,5.340121490149941
33.82624,34,2932.582317,True,False,False,3.392964188505525,3.1075503637831154
33.842113,41,2933.070251,True,False,False,3.1945377254310374,3.213050202574927
36.135846,60,2933.791517,True,False,False,4.358669052688801,3.847290314266842
46.065,61,2934.509281,True,False,False,6.401765989250988,5.7147215075924676
41.519838,55,2935.159224,True,False,False,4.772294238114766,4.661465563389747
38.106042,51,2935.775024,True,False,False,4.848339390507242,4.171528450218564
34.112293,49,2936.361635,True,False,False,3.486786023417667,3.279151770077902
35.887429,43,2936.887607,True,False,False,3.56613784441507,3.5943967077543486
38.315136,55,2937.542031,True,False,False,4.521928839099475,4.264090549296011
35.100503,56,2938.206218,True,False,False,4.436209465400103,3.5544993271207153
39.711575,69,2939.058308,True,False,False,5.799046569486342,4.61960253000083
52.314662,95,2940.194101,True,False,False,8.050441020789616,7.2716132093306
37.982536,46,2940.74005,True,False,False,5.184589989494489,4.301534388595356
31.518493,28,2941.080063,True,False,False,2.495335166811209,2.65011360125186
38.795327,56,2941.716455,True,False,False,4.599184927664393,4.23576261398205
31.606398,41,2942.197785,True,False,False,3.069205591089128,2.755627389783557
31.672056,29,2942.50972,True,False,False,2.7485711808730042,2.735782459537125
37.585733,60,2943.186279,True,False,False,4.091821238073189,4.09382355980178
26.649527,18,2943.402976,True,False,False,1.723486101296534,1.7469308072349552
37.833496,44,2943.920746,True,False,False,3.9870819450012847,3.988174383005247
36.163602,74,2944.802628,True,False,False,4.679833890192542,3.913183708656076
36.872971,48,2945.364556,True,False,False,4.813934213449722,3.896169800224631
42.260112,48,2945.924703,True,False,False,4.523326189359547,4.6725362118400255
37.656996,64,2946.670773,True,False,False,3.9765022205480656,4.030241385539773
29.784975,28,2947.007235,True,False,False,2.236966817183778,2.2832427986241526
26.499967,14,2947.173179,True,False,False,1.4517011528935668,1.5367813886753623
26.274476,20,2947.405268,True,False,False,1.3547646127982886,1.6132481871273223
42.535742,66,2948.175565,True,False,False,5.488040178144911,5.0836944193057025
32.907079,40,2948.658314,True,False,False,4.038617635501433,2.9984855333908254
47.725095,62,2949.409217,True,False,False,7.034901337686802,6.040037873833603
42.957805,63,2950.17823,True,False,False,5.348535077273285,5.111661922644046
28.140452,38,2950.631676,True,False,False,2.436905276696412,2.1362390253749974
32.153826,39,2951.09077,True,False,False,3.7229516516481675,2.9800871832540126
42.316679,78,2952.004161,True,False,False,6.236030801727203,5.331347682292117
37.819543,57,2954.993198,True,False,False,4.492980293017281,4.139079012151334
45.625026,67,2955.767405,True,False,False,6.9859821933998125,5.837585984286074
29.003712,28,2956.098462,True,False,False,2.0015265809457974,2.133531299389622
40.5545,52,2956.709195,True,False,False,5.087967256114438,4.6311952929039535
41.644207,61,2957.435608,True,False,False,5.239283500341287,4.878280430825884
33.612568,31,2957.79777,True,False,False,3.0997715724157158,3.089458095085385
30.213258,26,2958.112688,True,False,False,2.5036724485675492,2.4538179963464137
49.125668,76,2959.019352,True,False,False,7.077121706374458,6.485352179126029
28.468942,20,2959.254795,True,False,False,2.133312261414492,2.0220709707877393
27.767259,28,2959.585759,True,False,False,2.264963028718625,2.2133954220040093
27.300776,30,2959.943516,True,False,False,1.8362574825701599,1.866674082336677
31.904129,41,2960.428503,True,False,False,3.1082484788695894,2.804582198379993
40.035317,67,2961.216336,True,False,False,6.244095142464328,4.810127059284872
50.508713,112,2962.443477,True,False,False,8.061956352511892,6.912254072468088
39.105104,46,2962.963253,True,False,False,4.752648581037864,4.218172505975052
31.696385,38,2963.429087,True,False,False,3.3503661291155624,2.710348490050381
26.134114,18,2963.646938,True,False,False,1.7675683403261102,1.5653925872853516
42.171312,63,2964.400405,True,False,False,5.7733851595406644,5.066440190962519
31.096283,50,2965.000606,True,False,False,3.086640884105267,2.8699185004829677
41.67392,66,2965.799716,True,False,False,4.94643477444498,4.833668447602109
31.716342,33,2966.190108,True,False,False,2.7092220719679645,2.7201806238093664
41.771472,39,2966.627119,True,False,False,4.925965819982089,4.680513589270902
42.996617,58,2967.292641,True,False,False,5.179752910673098,4.9741244258538515
37.649393,64,2968.018788,True,False,False,4.990285491863656,4.095059033237383
31.05804,39,2968.40233,True,False,False,3.073980754218396,2.772957166599782
49.788316,127,2969.875049,True,False,False,7.5026521117804705,7.049344131252679
48.642088,82,2970.825107,True,False,False,7.356205636480644,6.4183214744979065
36.701905,37,2971.272256,True,False,False,3.736775142591314,3.7138753896066388
38.204388,89,2972.374497,True,False,False,6.643602605863851,4.866687136684026
34.20147,64,2973.142036,True,False,False,4.154499764044978,3.500022193891627
33.709104,34,2973.548367,True,False,False,3.2176847659978383,3.135286037367982
33.215593,43,2974.04351,True,False,False,4.069505955129034,3.141691953830077
38.528767,42,2974.538053,True,False,False,4.37712331783168,4.150953403997136
52.150855,77,2975.436668,True,False,False,7.445069368387708,7.060875025090551
34.004311,29,2975.766367,True,False,False,3.549119862355616,3.1356335897736893
25.710932,24,2976.046603,True,False,False,1.336798164165209,1.5367574485999609
39.917912,41,2976.528783,True,False,False,4.60431510173552,4.40304970704054
32.307714,48,2977.091989,True,False,False,3.2760526292745538,2.9508782148703645
28.872316,26,2977.40433,True,False,False,2.0329216438627977,2.166196121575054
26.056116,12,2977.550282,True,False,False,1.6242699406896088,1.5017910379899109
43.1807,90,2978.589437,True,False,False,7.335730967510943,5.419769544314407
37.709274,53,2979.157623,True,False,False,4.98589780551778,4.137220907230793
42.619257,78,2980.042821,True,False,False,5.8606785083023,5.383453304604638
28.957124,46,2980.606974,True,False,False,4.513710643794077,2.8425930189870234
43.947481,77,2981.546953,True,False,False,6.253719269079091,5.433427591963761
39.472639,83,2982.524684,True,False,False,5.372402027225556,4.729359909139334
33.843376,38,2982.97012,True,False,False,3.6828712816040547,3.2029298910461685
28.696548,18,2983.170926,True,False,False,1.9288406683540826,2.0142820361285096
36.23684,44,2983.665008,True,False,False,3.784584902652722,3.67518614884795
35.040904,67,2984.419029,True,False,False,4.2445780130273745,3.6498272044537625
51.022273,73,2985.312876,True,False,False,7.12286755763319,6.6489613455882175
44.133849,57,2986.014729,True,False,False,6.146802351458217,5.31713724133488
36.431264,48,2986.60603,True,False,False,3.9399918657882265,3.745346121348526
31.489363,23,2986.863447,True,False,False,2.3519408421297463,2.560041310432434
29.681669,18,2987.072947,True,False,False,2.0229871781402693,2.215144160335209
44.22684,54,2987.658479,True,False,False,5.835572483352159,5.287238929993981
47.427923,73,2988.448534,True,False,False,6.483618769716156,6.000268630837412
37.809627,38,2988.862206,True,False,False,4.115759618667162,3.9384965342545235
29.670456,26,2989.158873,True,False,False,2.1104416920994455,2.2256193374089563
41.860118,54,2989.786283,True,False,False,6.049048967444586,4.794679052909506
34.138606,39,2990.250353,True,False,False,3.1900753921156015,3.171073842943192
31.054022,23,2990.541026,True,False,False,2.57811914873019,2.5441757398378857
29.196734,26,2990.857642,True,False,False,1.9749822570599198,2.1918750241354177
29.697549,23,2991.139149,True,False,False,2.1077625323056632,2.272253249223952
40.32014,43,2991.663355,True,False,False,5.107367139365337,4.368073727582475
39.666749,68,2992.490569,True,False,False,5.17123442729968,4.547557043570337
36.486638,70,2993.337013,True,False,False,4.406978022663803,3.9343469653928693
43.122007,56,2993.992791,True,False,False,5.194440966023519,5.066015230994441
47.771339,70,2994.810696,True,False,False,6.323802551127827,5.969304052678881
29.060202,56,2995.472214,True,False,False,2.9307467554952544,2.452712974057894
34.147269,50,2996.06099,True,False,False,4.713263722710126,3.6417313991674716
33.457503,36,2996.468529,True,False,False,3.4142241734367595,3.1382758627163585
33.8107,33,2996.812073,True,False,False,3.6085851744556656,3.205760727802635
41.518759,49,2997.353081,True,False,False,4.923085050118091,4.63882830757616
33.677751,29,2997.692023,True,False,False,2.969295416095243,3.0500772345887457
26.523635,22,2997.956034,True,False,False,1.4618933523438364,1.6752795654929185
-14.948227,16,2998.150237,False,True,False,1.3284855575777865,2.7346982639236255
33.875507,51,2998.796011,True,False,False,3.8834192566124366,3.3260358528098357
29.819173,19,2999.017906,True,False,False,2.0254541117501996,2.2225732359563497
34.252066,74,2999.911194,True,False,False,5.017030490106219,3.9155632510470695
47.164693,52,3000.542961,True,False,False,6.367938588028557,5.8574676838318585
45.553591,44,3001.093028,True,False,False,5.5526182017526455,5.400451510424903
30.146929,30,3001.463614,True,False,False,2.5893773465598153,2.424971670413203
29.864285,28,3001.799742,True,False,False,2.7261914825087694,2.5148440018270963
31.439747,30,3002.164034,True,False,False,2.4893008567695865,2.593097780050798
32.062702,40,3002.650491,True,False,False,3.0556210107013486,2.8959999167719817
27.084424,34,3003.05306,True,False,False,2.150970209886849,2.0044309768058883
31.29051,40,3003.533721,True,False,False,3.4395649104112684,2.7900272585111074
-18.25627,6,3003.610244,False,True,False,0.5189434755550225,5.502690676937701
29.703227,30,3003.974772,True,False,False,3.19049585150703,2.3802426082434116
27.473767,26,3004.299526,True,False,False,1.7286974736722025,1.8857139179470626
35.100508,41,3004.809806,True,False,False,3.705967225499767,3.4324101043166158
33.618827,40,3005.293924,True,False,False,3.7733184005735594,3.2333245759389233
34.370013,43,3005.789667,True,False,False,3.415818820157931,3.329023023784669
42.505025,51,3006.401443,True,False,False,5.4051728475358125,4.919652748870311
31.590545,26,3006.703208,True,False,False,2.706123378429938,2.6705526825209387
26.537959,25,3006.994098,True,False,False,1.7418242056652131,1.7007877004915009
30.424135,22,3007.227288,True,False,False,2.3019908546939756,2.3926520424962296
41.828592,56,3007.83415,True,False,False,4.938334881796041,4.724873158174112
30.059089,74,3008.706592,True,False,False,4.708188388571034,3.0998915850853312
50.741149,61,3009.453281,True,False,False,6.619993569629362,6.550328947638196
28.332833,28,3009.792501,True,False,False,2.205840787628213,2.1061948710787237
34.57248,62,3010.542758,True,False,False,4.1558920692648345,3.555065272404241
30.641983,24,3010.834523,True,False,False,2.3360289696130345,2.4231013597516777
30.832086,26,3011.15878,True,False,False,2.36762980228881,2.494621115833137
32.406081,30,3011.524806,True,False,False,2.8101274907638567,2.7897092265873806
27.210001,21,3011.772993,True,False,False,1.6117500112970955,1.812153301916202
38.548382,41,3012.273717,True,False,False,4.396064895361819,4.107608640114138
-15.433153,38,3012.73003,False,True,False,2.3765976714862656,2.1461612508598122
42.111501,85,3013.76519,True,False,False,6.125090314284581,5.196308168512937
48.868461,74,3014.673394,True,False,False,6.14847615616811,6.20998801584211
27.084989,27,3015.017329,True,False,False,1.6934485319421266,1.8137960539460727
34.137278,36,3015.463902,True,False,False,3.4142702493526755,3.1673274100512443
37.865174,40,3015.965665,True,False,False,3.841972839983875,3.926222440883381
45.468416,61,3016.713423,True,False,False,6.3137005028933935,5.588598919827886
48.779555,70,3017.587189,True,False,False,6.482392528920884,6.059220688191951
25.971323,26,3017.923387,True,False,False,1.559283304220537,1.61986892932624
36.882636,37,3018.434333,True,False,False,3.5997600300372126,3.70829748581853
45.053899,70,3019.301776,True,False,False,5.856457070758005,5.55413815751093
29.650861,36,3019.757781,True,False,False,2.8001812900214724,2.3345316139750065
44.598484,56,3020.435217,True,False,False,5.35728778599121,5.229914153809567
39.382058,41,3020.90409,True,False,False,4.307286484412366,4.281368371767971
47.274649,87,3021.863856,True,False,False,6.193198328693217,6.146021892039683
30.654515,68,3022.686693,True,False,False,3.9418625832264302,3.0634293944052313
49.398949,68,3023.502861,True,False,False,7.127341762253124,6.433931081223312
26.957985,20,3023.739279,True,False,False,1.575015422607967,1.7387479100628236
41.885528,53,3024.363457,True,False,False,5.772967991836815,4.8151046465847624
49.377867,75,3025.285718,True,False,False,6.296063171091442,6.189437589098424
32.164143,32,3025.66301,True,False,False,2.8508816378502413,2.7708234837994214
30.508812,40,3026.113717,True,False,False,2.9850301678461704,2.533267914319924
29.500466,19,3026.30444,True,False,False,2.134224632401689,2.1413565423620287
36.544441,40,3026.741452,True,False,False,4.518584726540255,3.8657991457738183
33.188382,51,3027.35921,True,False,False,4.100094719366365,3.302599996975083
27.950774,26,3027.692131,True,False,False,1.9749102799132803,2.0482797080364366
38.712306,69,3028.509729,True,False,False,4.860030172458208,4.406847837109928
31.75443,26,3028.833074,True,False,False,2.7105263958538233,2.7833457028273023
32.439485,29,3029.195749,True,False,False,3.0306162529864205,2.811713109594771
39.164549,42,3029.709577,True,False,False,4.065392058237612,4.171300387212153
47.683235,121,3031.184758,True,False,False,6.6901935235986825,6.488915167220515
34.989109,45,3031.730023,True,False,False,3.2161936508033127,3.3888125916043284
45.373769,81,3032.710221,True,False,False,6.714438914070076,5.82169652112113
45.916529,75,3033.615531,True,False,False,6.065166476619444,5.697820954230943
29.985653,26,3033.927567,True,False,False,2.442932663542091,2.277448094308869
34.017104,28,3034.254078,True,False,False,3.378266749628007,3.06664075425908
28.453861,22,3034.524555,True,False,False,1.8873478342522265,2.021854333475228
50.429511,58,3035.190308,True,False,False,7.063425139986429,6.368581150193585
32.622689,46,3035.670219,True,False,False,3.5271728313542225,3.0172311091562416
35.492351,71,3036.439066,True,False,False,4.0704804312285505,3.828411968667079
29.282509,24,3036.732152,True,False,False,2.0423846370688437,2.2283437329541314
26.935421,20,3036.967383,True,False,False,1.6170044966392825,1.6978591861727181
27.137864,36,3037.413677,True,False,False,2.8198355954966923,2.0572388411328313
28.401873,35,3037.84035,True,False,False,2.2521339646852603,2.2692156339055365
27.064236,24,3038.11134,True,False,False,2.0744771582637624,1.8276811878856671
42.858655,74,3038.998612,True,False,False,5.677587704172302,5.178281365239823
31.350103,24,3039.2842,True,False,False,2.4777215451178582,2.498371862916337
38.046203,41,3039.770433,True,False,False,4.677559764892744,4.037130379218235
26.129904,20,3040.027936,True,False,False,1.617274220614741,1.6043673436795027
28.987068,33,3040.444887,True,False,False,2.5102672988809362,2.2636821718106113
26.701427,33,3040.838311,True,False,False,3.0440638594073777,1.8445016111858978
41.487305,64,3041.615449,True,False,False,5.283045187732865,4.836953400673595
40.913572,36,3042.046582,True,False,False,4.853134455877002,4.516010714360559
48.515956,71,3042.908554,True,False,False,6.401868714153926,6.2537198624599
36.639004,64,3043.68945,True,False,False,3.8687016115075217,3.8540036688080814
36.603082,61,3044.409323,True,False,False,4.963203039290152,4.091230114790446
41.606969,46,3044.916106,True,False,False,4.711444214100467,4.689167564558486
34.186943,29,3045.229808,True,False,False,3.193021946963672,3.1189266100468678
32.166741,28,3045.553245,True,False,False,2.673516646557566,2.804140538618793
31.223703,37,3045.979539,True,False,False,2.6719746408510545,2.6943821015240705
44.43727,72,3046.860821,True,False,False,6.073706373171833,5.582876670526218
26.940343,29,3047.219135,True,False,False,1.8369528359122742,1.831635699986656
38.745782,37,3047.661471,True,False,False,4.51282754636409,4.013758126845128
44.09247,56,3048.31078,True,False,False,5.9028474987797805,5.287691928597592
43.050332,52,3048.955023,True,False,False,5.552342837290311,5.085547496850321
26.556948,27,3049.289806,True,False,False,2.4129520504308655,1.8397224277447382
40.978606,46,3049.853871,True,False,False,5.188453796233865,4.691217143176569
34.459382,31,3050.219987,True,False,False,3.342962947722995,3.243756789676747
29.502887,29,3050.587484,True,False,False,2.6106080263999947,2.406826863689402
28.310622,25,3050.884432,True,False,False,2.9379213127676764,2.114873425096619
34.557253,26,3051.197579,True,False,False,3.1263963363428076,3.2022337371989744
38.041077,43,3051.73554,True,False,False,4.15597746000415,4.038966058920695
33.383351,32,3052.128262,True,False,False,2.778849270366905,3.0278015718725135
45.633185,68,3052.961657,True,False,False,6.026560260964235,5.556274437953862
29.725083,19,3053.167332,True,False,False,2.318862031205485,2.23115484026079
25.683683,28,3053.502079,True,False,False,1.8574431602826529,1.5696786265972646
36.972923,39,3053.953079,True,False,False,3.8307550006969575,3.748879961321183
26.107084,16,3054.129917,True,False,False,1.5957196559384865,1.5632227458480847
43.772359,65,3054.806043,True,False,False,5.532265281417972,5.363692632656131
40.013856,60,3055.51248,True,False,False,5.052717622549176,4.513471294775493
37.856678,43,3056.029643,True,False,False,4.11247131994438,4.01053034046789
25.584555,25,3056.322625,True,False,False,1.5415853419601944,1.5372759998643895
34.717436,34,3056.725689,True,False,False,3.2175231213560824,3.2949006428528222
42.774119,71,3057.5958,True,False,False,5.542867613946577,4.97694452717705
54.276256,73,3058.471514,True,False,False,7.791626020091259,7.371800807975157
35.534817,71,3059.328769,True,False,False,5.047058204390059,3.783483014518764
35.816516,50,3059.932849,True,False,False,4.286315176839553,3.774931105859678
31.470944,30,3060.284179,True,False,False,2.7426737277244886,2.7358757299839387
29.198897,25,3060.572232,True,False,False,2.4069768795597284,2.1800226740803503
36.701965,48,3061.159506,True,False,False,4.218602057078376,3.7483762564552783
32.146255,36,3061.594836,True,False,False,2.9344632832831756,2.853130798477626
47.362552,77,3062.547404,True,False,False,6.37644627905203,6.014492954580607
31.471072,29,3062.888549,True,False,False,2.521679927208154,2.6315922521635455
33.610881,47,3063.478498,True,False,False,3.5620254576796317,3.099170344036405
29.945685,24,3063.76614,True,False,False,2.1853058699204397,2.2957593901487265
43.313647,53,3064.396494,True,False,False,5.586584057304687,5.06972653293398
27.257445,21,3064.645544,True,False,False,1.7011642541834504,1.8456994271945024
31.267032,35,3065.042144,True,False,False,2.542681846825827,2.5745204074746626
36.912245,41,3065.50681,True,False,False,4.395382684180081,3.8548655301828236
32.408412,39,3065.896148,True,False,False,2.9262829095727803,2.95934489435794
41.263016,36,3066.280357,True,False,False,4.644955722794168,4.582692048475845
29.562663,29,3066.627877,True,False,False,2.0952275201275907,2.241003579924625
35.224982,49,3067.206281,True,False,False,3.7106044505332445,3.5311983548334362
27.078288,40,3067.686004,True,False,False,2.421375177796811,2.060779020305273
28.571599,31,3068.078583,True,False,False,2.0859707175323425,2.0973383899662026
35.503335,38,3068.544683,True,False,False,3.5907465702391903,3.5236236853110885
26.124914,40,3069.020806,True,False,False,2.325950369954808,2.106767256013079
37.155929,73,3069.772032,True,False,False,4.505799387020893,4.0467557769138836
35.652892,57,3070.440061,True,False,False,3.780095571458864,3.5978408156960584
27.29931,20,3070.669955,True,False,False,1.7797024106391843,1.8119510264043057
40.318079,51,3071.265001,True,False,False,4.7946448627248826,4.533113535093312
28.494511,28,3071.599819,True,False,False,2.0488008442244214,2.150157069060806
34.816621,74,3072.48164,True,False,False,4.480185241044912,3.7404662558342836
34.420898,38,3072.931827,True,False,False,3.6386927520999777,3.329977873311909
40.263005,78,3076.322439,True,False,False,5.631728920599855,5.035960431359786
44.683009,77,3077.254239,True,False,False,5.787504262969071,5.488524072584132
31.120754,28,3077.602035,True,False,False,2.7492887640867956,2.5455300461460943
33.726272,60,3078.328911,True,False,False,4.270402315439687,3.436440938909236
29.387035,17,3078.525526,True,False,False,2.1178257901832276,2.189148268889775
39.710873,88,3079.581608,True,False,False,5.424529242337913,4.661850845916874
31.266734,29,3079.894217,True,False,False,3.20812337041275,2.7778420385164906
33.776515,36,3080.269454,True,False,False,3.6904616992724706,3.2186001683107
37.848812,33,3080.642916,True,False,False,3.9080624992323205,3.9107129973188135
46.989969,67,3081.470031,True,False,False,6.685676917156935,5.967384232432949
29.472469,25,3081.768172,True,False,False,2.2624267102663587,2.327910832624082
33.964722,29,3082.126717,True,False,False,3.1391445014228183,3.1458221174120053
27.132172,17,3082.31602,True,False,False,1.5365942589140267,1.7764926636855023
29.532904,21,3082.582816,True,False,False,2.1167762142947164,2.261511452356609
31.286036,37,3083.016521,True,False,False,2.8798166071010334,2.701028896551105
35.187308,46,3083.57131,True,False,False,4.024084779526466,3.434726041538414
31.25175,31,3083.940778,True,False,False,2.9092571257464943,2.655339312162882
29.522985,41,3084.411217,True,False,False,3.2652526395117896,2.4769528023887477
35.848629,56,3085.095563,True,False,False,4.320214952737028,3.852590752363734
36.493183,37,3085.539262,True,False,False,3.9370316683784043,3.7320166475436065
27.266033,53,3086.137387,True,False,False,3.5161978394906783,2.2380510354969876
37.053433,54,3086.729963,True,False,False,4.44988883263683,3.888452724238225
36.706446,37,3087.143132,True,False,False,3.581868718182208,3.737021823998185
38.678577,44,3087.658054,True,False,False,3.9975230557711003,4.08462736896307
-17.208846,20,3087.915815,False,True,False,1.1202079221070815,3.6847002408417846
33.868935,38,3088.37359,True,False,False,3.17414004194455,3.1400014704141928
44.90575,49,3088.983671,True,False,False,5.781923948925218,5.348988789814939
35.001987,31,3089.365714,True,False,False,3.4298993742767188,3.302801869616862
43.647029,57,3090.015132,True,False,False,5.564412425821983,5.3115869682775765
28.826628,24,3090.294316,True,False,False,2.299720984339996,2.072394258651239
44.90485,115,3091.630061,True,False,False,7.237590175682699,5.978820894152617
38.430892,31,3091.99211,True,False,False,3.9741035708111756,3.9660496250440014
42.079818,73,3092.873049,True,False,False,5.810208805197977,5.261269354244073
41.240981,76,3093.7973,True,False,False,4.946576834451565,4.897336113607556
27.541282,21,3094.046537,True,False,False,2.0257983197108853,1.905578142494405
39.694588,50,3094.649396,True,False,False,4.908179075483967,4.329925379411802
41.849047,79,3095.624502,True,False,False,5.295190738796607,5.023208334715216
40.580239,44,3096.140977,True,False,False,4.847097579058569,4.655528197219855
45.934899,90,3097.130749,True,False,False,6.317296835838964,6.096553622998947
42.479652,62,3097.765643,True,False,False,5.688680137129214,5.11605693204163
41.190253,88,3098.788731,True,False,False,6.4336747107606564,5.1645518576200695
30.167197,19,3099.009441,True,False,False,2.042288799187328,2.270977823906194
37.494084,57,3099.714708,True,False,False,4.046212142897134,4.003801405737941
48.239471,101,3100.937397,True,False,False,7.06552806256989,6.350893924945315
40.595619,56,3101.608444,True,False,False,5.866107588029048,4.827592627487717
47.11028,56,3102.286348,True,False,False,5.982811557508915,5.808548329861633
29.826797,18,3102.502742,True,False,False,2.088620521927475,2.218413565149642
30.185542,30,3102.859585,True,False,False,2.45376408501997,2.4199690885489664
42.006885,55,3103.531521,True,False,False,4.7828146561015235,4.8064743220309065
27.609138,20,3103.764246,True,False,False,1.8290012022224007,1.9363672932937956
-18.183821,9,3103.863408,False,True,False,0.531594499826669,4.00297200028357
37.127349,28,3104.211924,True,False,False,3.8724980622500382,3.732218434514312
41.097343,58,3104.90915,True,False,False,5.281969184764457,4.775452058433921
41.868301,57,3105.597694,True,False,False,5.861530891913663,4.8726417249451615
43.084681,69,3106.405698,True,False,False,5.077576869298399,5.124640887569235
32.420693,41,3106.909093,True,False,False,3.529211458274498,3.2708599422336215
27.074599,27,3107.217421,True,False,False,1.8594439649725354,1.848448692742879
32.328836,36,3107.636767,True,False,False,3.3840413677403958,2.9036507619195118
27.24621,57,3108.32374,True,False,False,2.850058624296548,2.3479399305904813
-16.669177,13,3108.471021,False,True,False,1.1312437844595886,4.100802215380868
37.996485,45,3109.028823,True,False,False,4.541298558844988,4.089117860174628
27.260612,18,3109.244232,True,False,False,1.556001850906125,1.785884353689316
44.838881,68,3110.065411,True,False,False,5.885197698270934,5.552337005972489
29.411997,24,3110.364812,True,False,False,2.056586420575622,2.1882690117369488
38.429919,48,3110.968702,True,False,False,4.229290431558258,4.146636368914335
34.635681,34,3111.377308,True,False,False,3.2341915233812375,3.298680478781976
25.794957,31,3111.722916,True,False,False,1.7544702151634664,1.6931880272977267
27.250251,37,3112.162673,True,False,False,1.91507396553059,1.9609429213027496
30.869309,47,3112.722791,True,False,False,3.7108200178547297,2.802273307576204
43.346634,100,3113.915102,True,False,False,6.122962765530662,5.563888641943719
43.673485,77,3114.849433,True,False,False,5.927392866797637,5.40514490482926
31.044085,31,3115.210343,True,False,False,3.247474971560986,2.6552203782836745
35.418898,32,3115.597386,True,False,False,3.526009576349338,3.488654529394376
42.346389,58,3116.306492,True,False,False,5.515268902166958,4.991949758077097
25.955194,19,3116.55006,True,False,False,1.3684148517324288,1.5507876889945784
44.793746,73,3117.417073,True,False,False,6.725646691827526,5.672542858199746
46.684426,81,3118.369532,True,False,False,6.389791961973388,6.059240634806251
46.591711,64,3119.158262,True,False,False,5.848582056476066,5.787062527678189
25.920053,23,3119.430421,True,False,False,1.5642924892684122,1.5781462442936922
33.535972,44,3119.947375,True,False,False,3.2274795579250974,3.1606549697003037
28.024958,25,3120.251528,True,False,False,2.0885153342945375,1.9895167076309668
27.317516,24,3120.542942,True,False,False,1.7257325257274312,1.7456014986924788
31.225389,35,3120.981754,True,False,False,2.789501429814171,2.736293403337167
34.365873,50,3121.599951,True,False,False,4.429651675679984,3.4507292782936156
40.965628,82,3122.597704,True,False,False,4.939790364844485,4.864828827157389
40.84329,49,3123.199135,True,False,False,5.465868569660571,4.761059222874237
27.313712,26,3123.517298,True,False,False,2.058941161886216,1.8425016005010122
34.378747,39,3124.043531,True,False,False,3.705198866684242,3.3921226130076234
42.155209,64,3124.813194,True,False,False,5.385797395952178,5.021548787257188
31.740988,54,3125.427965,True,False,False,4.991047447526261,3.0687278034460332
33.121763,67,3126.235,True,False,False,4.8890955194428445,3.558003276452265
46.62865,106,3127.350573,True,False,False,6.567958258226783,6.169743871419115
33.31942,43,3127.808769,True,False,False,3.148644499181574,3.135119803647435
38.963337,47,3128.377112,True,False,False,4.166447839955823,4.174417973142649
45.51975,56,3129.07102,True,False,False,5.6875444180785175,5.465873153347417
39.559119,69,3129.889631,True,False,False,5.108448205199735,4.520314751452213
36.773989,34,3130.305957,True,False,False,3.7508926117936356,3.7252684330215264
42.260297,60,3131.038248,True,False,False,5.131646691871947,4.911356415152295
43.873988,58,3131.760213,True,False,False,5.395907643224006,5.254446391998329
26.691269,27,3132.107011,True,False,False,1.599720223724194,1.7366212199451472
34.057488,35,3132.530419,True,False,False,3.2230356309588797,3.132467765919679
32.200564,58,3133.250221,True,False,False,3.11086528562853,3.1314994910962692
33.101584,37,3133.705737,True,False,False,3.1396781318272384,3.065846095197326
28.061096,18,3133.908087,True,False,False,1.8601177735367602,1.8939407230988854
-14.642235,13,3134.042398,False,True,False,1.3740357062845132,5.4165684969498145
42.929051,68,3134.846272,True,False,False,5.848560122492905,5.216182138390014
32.942483,24,3135.124814,True,False,False,2.953288292375258,2.946801101046955
51.01099,95,3136.237232,True,False,False,8.026684277456964,7.016928263714008
38.286328,45,3136.77228,True,False,False,4.634223311979927,4.075491273107363
35.956772,44,3137.313702,True,False,False,3.7435917896507016,3.547348961537779
28.616997,24,3137.60825,True,False,False,2.085367409343654,2.1558981801483257
39.820114,48,3138.188882,True,False,False,4.5594450852451125,4.4463469887090685
44.330361,45,3138.758732,True,False,False,5.39867701830455,5.248150978075692
44.532163,62,3139.510526,True,False,False,5.797232895635469,5.176291709197001
32.011554,47,3140.064135,True,False,False,3.533321740243394,2.8751689977984087
30.845712,31,3140.449381,True,False,False,2.6777315004922886,2.61514149259447
40.98304,109,3141.807428,True,False,False,5.956862931265255,5.300627278414512
32.374453,31,3142.184214,True,False,False,2.6913038079632328,2.8712407962951527
-11.946776,22,3142.451737,False,True,False,1.8057851785404648,3.2140683463466235
29.456117,27,3142.763774,True,False,False,2.0765701522838977,2.2638981627753516
37.401269,42,3143.272145,True,False,False,3.9991093819475916,3.8596921467498717
41.349757,103,3144.43312,True,False,False,6.644097096229587,5.37689275970942
34.566025,64,3145.211918,True,False,False,4.6697752643377255,3.6733655725944705
39.122235,45,3145.759452,True,False,False,4.078477192492935,4.2227692907413
-20.734518,13,3145.931534,False,True,False,0.4238956613397277,1.879021873018499
-9.89301,21,3146.191966,False,True,False,2.352750846200077,5.965112787684168
39.680729,57,3146.904362,True,False,False,4.749238082640334,4.581798599046079
33.153811,29,3147.241222,True,False,False,3.1436899349759906,2.9889564576550254
43.372376,70,3148.095101,True,False,False,6.728039854665364,5.281311712172572
34.13923,38,3148.560353,True,False,False,3.624969429119345,3.3731978657437542
38.730252,44,3149.10599,True,False,False,4.540709018994008,4.101924290885754
34.84198,37,3149.548814,True,False,False,3.760811527888465,3.4185508550511146
46.939125,53,3150.133989,True,False,False,5.732647278208819,5.772444711636181
51.620001,71,3150.941981,True,False,False,6.9354401427870425,6.7578843695825865
28.744355,27,3151.266992,True,False,False,2.0499703088877803,2.1399454759075143
35.344434,49,3151.850741,True,False,False,4.889469501932863,3.6413498678785317
41.834524,89,3152.933525,True,False,False,6.530231405238513,5.200190280828769
33.524526,22,3153.200355,True,False,False,2.842040492449594,3.0187244302547374
28.625502,27,3153.537538,True,False,False,1.8953979657197975,2.0672335807118905
40.480143,99,3154.69186,True,False,False,5.731850365672331,5.101769431629769
44.658334,74,3155.541413,True,False,False,5.653995555995519,5.6100967360273675
36.742125,41,3155.970207,True,False,False,3.8925776799382126,3.74764213615938
33.882278,30,3156.295271,True,False,False,3.1748796701038677,3.1435183960648
34.293145,63,3156.981018,True,False,False,3.4631092051074783,3.431250876346372
44.26693,82,3157.892708,True,False,False,6.136628136131848,5.585451845397958
39.509012,48,3158.475554,True,False,False,4.575918961251556,4.275714328969995
35.355826,32,3158.866246,True,False,False,3.318374831149006,3.4341003104297534
38.797878,53,3159.510941,True,False,False,5.248105267439342,4.314030186794487
34.995381,39,3159.973806,True,False,False,3.1663849200707053,3.3342637310342544
53.69199,85,3160.990535,True,False,False,7.64704923928525,7.319450711136748
28.247195,34,3161.394449,True,False,False,2.136105967089832,2.106857699373554
29.277142,43,3161.902303,True,False,False,3.365742788750461,2.422661425901179
42.4449,64,3162.605894,True,False,False,6.182249549092421,5.169602908707102
51.866156,80,3163.557475,True,False,False,8.029265283543548,7.131841302211476
28.97283,33,3163.96813,True,False,False,2.320339830148306,2.2270993379718234
37.868523,45,3164.519146,True,False,False,4.166157521371237,4.141132788415817
29.047673,20,3164.76465,True,False,False,2.0110794747122,2.1246564111400077
31.209389,30,3165.1259,True,False,False,2.5503332487865253,2.652189159264582
36.779642,47,3165.6868,True,False,False,3.9856138730254558,3.7878600988940647
41.354804,56,3166.302638,True,False,False,4.906609647003381,4.758289199499455
26.395991,22,3166.534593,True,False,False,1.6529802302254526,1.676639543409946
37.4449,44,3166.993217,True,False,False,4.517471493686831,3.8864856669972636
32.916524,26,3167.301192,True,False,False,2.9597337261407066,2.905858568010229
35.402029,42,3167.790285,True,False,False,4.700429011839186,3.58799246035994
32.632986,43,3168.303808,True,False,False,3.2555753778739986,3.0892024191928518
40.357693,38,3168.767606,True,False,False,4.7816818689874205,4.425684616474873
31.31327,20,3169.00817,True,False,False,2.4225397494586365,2.5710675111825525
32.26669,32,3169.392258,True,False,False,2.692260681798815,2.8138411051162944
43.240912,34,3169.790729,True,False,False,4.942644356436439,4.865215186342533
35.88958,69,3170.633462,True,False,False,4.473108738052943,3.956944004251412
-11.079411,32,3171.007321,False,True,False,2.1608925576973754,3.212922058528521
38.018649,58,3171.670483,True,False,False,4.3244520867382095,4.07262443669811
29.851161,17,3171.857171,True,False,False,2.4177319499327856,2.284424207011949
28.277666,24,3172.133792,True,False,False,1.7874087484079277,1.9682086531960716
26.200147,19,3172.361433,True,False,False,1.5613904505574516,1.6999158534362386
45.397339,56,3172.959196,True,False,False,6.197937003809428,5.606430225877429
32.961961,58,3173.633927,True,False,False,4.09419885379158,3.13299926272757
34.622461,44,3174.162688,True,False,False,3.427352821633102,3.3544124191917595
30.543663,23,3174.424868,True,False,False,2.376897273725075,2.459161512985968
34.801303,31,3174.808296,True,False,False,3.782527087295744,3.298347313940287
37.555313,33,3175.188104,True,False,False,3.8870250154891353,3.818263574149694
40.382799,50,3175.791678,True,False,False,4.868082074046246,4.550441447272908
32.377652,34,3176.207679,True,False,False,2.8540044352101286,2.8048426696380786
39.170844,30,3176.574855,True,False,False,4.173853634894979,4.0533569593431
29.939575,33,3176.975491,True,False,False,2.4660181512510233,2.4445750817362306
41.456178,45,3177.514939,True,False,False,4.629021150975379,4.651194819114335
42.469417,48,3178.099679,True,False,False,5.13839468724531,4.9465325309029025
40.871434,54,3178.770909,True,False,False,4.9018687899445945,4.610666035816223
30.366438,21,3179.046467,True,False,False,2.3235202341536563,2.355944794054317
47.429603,54,3179.708056,True,False,False,5.972503594625094,5.773216002224256
44.93877,85,3180.723215,True,False,False,7.006514204802336,5.877193419127597
50.236238,87,3181.819601,True,False,False,7.8235989842107365,6.798284982215049
41.060322,31,3182.191015,True,False,False,4.412586511843019,4.486678790369794
30.548529,36,3182.630121,True,False,False,2.3678883283821044,2.4565337701735896
35.149975,33,3183.053729,True,False,False,3.757608667218283,3.5285406880475216
33.016923,32,3183.435736,True,False,False,2.9550757604339735,2.8828449436463903
37.458243,58,3184.150545,True,False,False,5.598880785214395,4.166915520566172
33.761524,38,3184.615481,True,False,False,3.5240826109454453,3.288919492809825
27.607003,27,3184.940743,True,False,False,1.7918231514003256,1.912887904303499
38.215717,43,3185.475478,True,False,False,4.5709951360540995,4.044914635606919
33.023276,34,3185.876961,True,False,False,3.240792739755368,3.017928912711494
31.071642,35,3186.284803,True,False,False,3.3358053401901433,2.6923324529435764
30.413812,40,3186.773565,True,False,False,3.5040869635345,2.622658575098659
41.435902,56,3187.46275,True,False,False,4.967365558543488,4.764571303902815
29.835149,34,3187.871003,True,False,False,2.396415446516089,2.4005841977905056
34.984492,36,3188.309768,True,False,False,4.231570559821981,3.4076477818074378
45.765546,69,3189.158475,True,False,False,6.820932347834121,5.782991422134154
27.593617,22,3189.426237,True,False,False,1.723306033461225,1.9015588421259695
40.193716,39,3189.894903,True,False,False,5.325433226397873,4.363176146393241
38.980372,45,3190.436783,True,False,False,5.039463023992993,4.2041408118566554
33.309468,44,3190.97452,True,False,False,3.747573206347857,3.20258590734106
45.6307,55,3191.650118,True,False,False,5.727405163899434,5.673931883407708
39.480493,45,3192.19714,True,False,False,4.320416228708409,4.350629886290904
38.09665,78,3193.13499,True,False,False,4.383448678178308,4.324916434274697
31.427616,25,3193.43195,True,False,False,2.90188796337087,2.751821496562581
35.071444,41,3193.949507,True,False,False,3.8269133440486325,3.476696178999918
-15.651758,18,3194.169477,False,True,False,1.4172508011836884,2.982567276133368
31.76725,28,3194.516909,True,False,False,2.7585619907886514,2.679712650684708
35.884974,43,3197.429937,True,False,False,4.075301385789032,3.6516548230535806
34.644845,28,3197.768631,True,False,False,3.24693843404134,3.209190133175202
32.556492,38,3198.243592,True,False,False,3.545423768869289,3.0139154579693916
29.796855,17,3198.455216,True,False,False,2.38670683153685,2.289708693226399
38.977165,52,3199.092561,True,False,False,4.324553068995648,4.197052469860791
37.215477,64,3199.842807,True,False,False,4.130579157897662,4.078567481484426
51.797242,136,3201.508982,True,False,False,8.40209788994253,7.477323679490459
28.486546,38,3201.972911,True,False,False,2.6075249746904388,2.441331080466417
40.714281,52,3202.607616,True,False,False,4.688471494054687,4.565315821089792
41.981391,87,3203.660994,True,False,False,5.208908690870218,5.083012670441679
29.947737,23,3203.945769,True,False,False,2.0784462768736858,2.189181451395194
27.374736,16,3204.142145,True,False,False,1.8842958062290205,1.8013311784860762
26.206299,23,3204.42195,True,False,False,1.7287234844740087,1.6977646298362832
26.320455,18,3204.642446,True,False,False,1.5267663803822222,1.6326052109559122
33.62554,74,3205.559096,True,False,False,4.676299405683807,3.4614225467283712
40.358295,52,3206.224315,True,False,False,5.949876831481772,4.578736960632262
31.081318,36,3206.671702,True,False,False,2.6846854854005264,2.675043795651141
35.230194,51,3207.298522,True,False,False,3.4454175400121843,3.5064224474875467
36.570955,29,3207.652899,True,False,False,3.6270201319449353,3.584513509765941
27.457523,15,3207.843788,True,False,False,1.566296104129815,1.8096917705378401
34.147936,43,3208.361497,True,False,False,3.3339150033049645,3.299267593745819
24.801291,30,3208.73281,True,False,False,2.39747915413225,1.7340095105652957
37.93727,52,3209.353577,True,False,False,4.4174747079799115,4.144629403104092
30.975021,39,3209.828089,True,False,False,3.4991454431036653,2.702633583627377
44.873137,57,3210.506697,True,False,False,5.617831295818578,5.3209683279174795
51.043813,73,3211.399071,True,False,False,7.429926066718539,6.852794276347635
28.058765,24,3211.685635,True,False,False,1.7248386179329878,1.9027886029576797
45.384768,77,3212.561761,True,False,False,5.951380158845759,5.623154639768495
26.294887,18,3212.773357,True,False,False,1.7006960899805554,1.7790612114239672
33.539945,41,3213.267593,True,False,False,3.253566035169654,3.1614094309875953
29.577504,27,3213.583427,True,False,False,2.7081080447287533,2.3193839544544708
36.629565,54,3214.205811,True,False,False,3.833481478940184,3.893133636442694
28.63908,39,3214.649285,True,False,False,2.213500804678219,2.220401134448922
34.93124,35,3215.022053,True,False,False,3.962330939203302,3.427802781988931
33.980382,34,3215.40985,True,False,False,3.8064574294107976,3.222587917001021
30.742346,26,3215.727355,True,False,False,2.5410265048340865,2.522991823911249
32.572671,55,3216.401914,True,False,False,3.1661237696568256,3.0648147667183134
35.279833,39,3216.861867,True,False,False,3.528030791823951,3.414107557637179
41.412884,79,3217.82937,True,False,False,5.638933062069936,5.070264217000532
42.142254,76,3218.758244,True,False,False,6.252586184008772,5.122536825697696
38.037353,49,3219.306063,True,False,False,3.9959579399863046,3.9754020405683748
26.402765,24,3219.57565,True,False,False,2.102830142683691,1.724472786494601
35.485981,44,3220.08918,True,False,False,3.445862783491595,3.4727423138913003
40.022723,42,3220.579975,True,False,False,4.149505588448754,4.268209266431789
28.861074,79,3221.517195,True,False,False,4.1929659349968516,3.1032189694421297
45.265983,60,3222.24055,True,False,False,6.1491685905793005,5.560783329453771
-9.313724,25,3222.536195,False,True,False,2.34446678195806,8.004597723637412
33.619201,34,3222.952455,True,False,False,3.179860074318968,3.036594729020926
38.789384,43,3223.475183,True,False,False,4.273152306538059,4.117813362520942
28.744021,27,3223.772415,True,False,False,2.0687824277528195,2.1951518871457263
42.988745,60,3224.401711,True,False,False,4.88928447950536,4.855042187452529
44.524543,69,3225.204211,True,False,False,5.940374594934913,5.493517823972071
46.424592,60,3225.871499,True,False,False,6.508869650548082,5.840734169212591
29.9613,22,3226.115159,True,False,False,2.18625503137405,2.2862345621659648
38.450087,58,3226.721674,True,False,False,4.594643728651112,4.177739072837899
44.827068,70,3227.51738,True,False,False,5.630664849147278,5.424513333214409
37.618761,76,3228.312281,True,False,False,4.391646530020595,4.43068234105051
35.67698,38,3228.752593,True,False,False,3.8062404104769167,3.5339881042121286
44.023141,68,3229.508659,True,False,False,6.109857905915044,5.426305704825668
26.886506,29,3229.797491,True,False,False,2.2212378608925634,1.8256523928348274
30.65183,26,3230.097612,True,False,False,2.326458793372936,2.51009202883672
33.25007,52,3230.668401,True,False,False,4.007264971661425,3.2124372998931414
42.420383,59,3231.331284,True,False,False,5.886220962016908,4.949809956147358
26.039634,26,3231.603856,True,False,False,1.8283939188439426,1.643028092772106
33.679254,32,3231.969704,True,False,False,3.358077533939545,3.1869818075337024
48.257676,53,3232.514225,True,False,False,6.328146432179091,6.032486018214958
35.147261,31,3232.868506,True,False,False,3.2331861873333203,3.320844666941507
30.054493,18,3233.084425,True,False,False,2.181597313312918,2.2378534572767235
40.965582,58,3233.726,True,False,False,5.234615658811374,4.721410084258065
44.366058,50,3234.254469,True,False,False,5.265327058757573,5.252114860685365
26.857673,13,3234.394534,True,False,False,1.5479899920000135,1.6349058082218972
38.313915,64,3235.106432,True,False,False,4.660198909790574,4.314540198350735
47.120158,99,3236.169632,True,False,False,6.756348010238365,6.191189761421775
29.606178,41,3236.598264,True,False,False,2.459137293644349,2.4025602884637443
32.879255,54,3237.170865,True,False,False,4.516112862399273,3.1069096372193803
29.580665,36,3237.570301,True,False,False,3.1186759096922954,2.5104069688235535
42.301885,56,3238.190808,True,False,False,5.2457293879283595,4.923971061131568
44.948163,82,3239.054848,True,False,False,6.014081407744499,5.636785798810069
32.986974,45,3239.54344,True,False,False,3.4596772337257713,3.111738885233127
29.899581,44,3239.995663,True,False,False,3.411758580053153,2.6867604511800103
-3.003226,65,3240.661337,False,True,False,4.728437185051562,5.0431253143676305
45.480578,57,3241.280909,True,False,False,5.956746347033665,5.576272668450576
42.764842,58,3241.892148,True,False,False,5.095803023212237,5.025035505314727
38.75475,70,3242.620214,True,False,False,5.608084578332352,4.570433990073427
26.611682,18,3242.813063,True,False,False,1.5747211685164473,1.6422437846835056
29.320077,35,3243.166026,True,False,False,2.387915713188355,2.309127596638259
40.59972,71,3243.909089,True,False,False,5.130414897721964,4.740761958663776
29.123672,18,3244.118154,True,False,False,2.034380927399313,2.1424208471552673
30.633915,34,3244.485698,True,False,False,2.5433965168027974,2.5451893323218444
37.667971,53,3245.05556,True,False,False,4.114757636800379,3.962969346237197
29.194828,32,3245.404809,True,False,False,2.047458508164112,2.2426232805906303
32.325607,48,3245.919764,True,False,False,3.183061372487876,3.0246745157081127
45.192991,60,3246.546483,True,False,False,5.5651208273319845,5.3676772794103025
38.006332,74,3247.377936,True,False,False,5.241526343624142,4.420001678135335
31.027204,33,3247.749667,True,False,False,2.4684698518517814,2.5803411085504546
25.93201,14,3247.894701,True,False,False,1.2914454322301003,1.515358136676888
43.342621,91,3248.843494,True,False,False,6.774665408522402,5.418699750748754
43.673493,50,3249.392261,True,False,False,5.091655941642437,5.074817974572362
34.425192,44,3249.886589,True,False,False,3.3388090358811247,3.3077575143708877
30.187244,35,3250.291651,True,False,False,2.5217581406500984,2.4768359627644987
33.802122,31,3250.609781,True,False,False,3.061008687904231,3.1548097322781348
42.82698,58,3251.232869,True,False,False,5.501954936619751,5.107693253389014
37.078777,39,3251.66724,True,False,False,3.871449217511548,3.719286106907468
36.182538,50,3252.187539,True,False,False,3.7358800266072585,3.6582352878988695
32.798966,33,3252.537296,True,False,False,3.096066602490149,2.9884437942019426
33.397351,32,3252.887537,True,False,False,3.077083745779234,3.0725383921855998
39.782676,44,3253.373143,True,False,False,4.749133370129231,4.378654319994735
43.945635,78,3254.220626,True,False,False,5.999670851469975,5.361622038794972
37.250507,53,3254.793178,True,False,False,4.105121088460258,3.9100297972138
30.537506,29,3255.087553,True,False,False,2.209437489356534,2.431604230164059
29.437809,41,3255.533694,True,False,False,2.6668972372435014,2.4305976946793417
30.094196,42,3255.964951,True,False,False,3.9521998422959435,2.614557838960605
33.948658,37,3256.372872,True,False,False,3.018466628950132,3.072821704100487
25.390656,33,3256.743963,True,False,False,1.7296458019947232,1.6100920598773778
34.366076,32,3257.080316,True,False,False,3.6209124938793997,3.2490193734905346
37.833693,54,3257.682984,True,False,False,4.1563631681631925,4.123028444677434
30.25859,35,3258.025036,True,False,False,2.7303217045903536,2.6054093141543486
39.937624,41,3258.484722,True,False,False,4.761640230348972,4.361442294194603
28.829524,25,3258.760095,True,False,False,2.162794045746362,2.1430294420827294
36.485999,48,3259.25263,True,False,False,4.761964521841418,3.84205567587869
39.532862,83,3260.152534,True,False,False,5.217346391507839,4.836639579545197
47.709341,90,3261.099498,True,False,False,8.767854521603663,6.388482725701629
28.128696,25,3261.345186,True,False,False,1.7866078650812618,1.9246241549898613
40.858246,41,3261.785717,True,False,False,4.784598446772064,4.499932874578452
30.732775,41,3262.204769,True,False,False,3.145935490214345,2.8032192428865836
27.479798,32,3262.571283,True,False,False,1.775147688203157,1.8914510535933702
32.495814,25,3262.841046,True,False,False,2.8200905534104037,2.8491213903580714
46.865235,63,3263.528851,True,False,False,5.7382198302972185,5.7836566114535755
43.806721,90,3264.520315,True,False,False,6.630295317719725,5.642439502855577
28.339061,34,3264.895115,True,False,False,2.4321852092743588,2.139378683583281
39.725289,66,3265.633722,True,False,False,6.371497207766804,4.652734798915477
44.82637,100,3266.707315,True,False,False,6.169494909859061,5.7691350835946285
47.764705,63,3267.38727,True,False,False,6.409962354828991,6.015703235419572
27.560085,14,3267.546995,True,False,False,1.6391614143131212,1.750968887317929
41.531479,39,3267.958249,True,False,False,4.673746564474196,4.607770193732573
29.05372,22,3268.196136,True,False,False,2.502608698268451,2.1955687460930076
34.592767,57,3268.8252,True,False,False,3.910820647434631,3.4672756516095995
36.960441,43,3269.279266,True,False,False,4.287439983719092,3.8923520548924664
29.27411,26,3269.574465,True,False,False,2.23209542155546,2.2343180310029958
39.527645,65,3270.257224,True,False,False,5.0368276516933905,4.701830173092553
34.804565,55,3270.825237,True,False,False,4.552109643027251,3.602378252905013
53.304931,69,3271.548177,True,False,False,7.558531852531935,7.197307361023878
34.789678,44,3272.022338,True,False,False,3.4046967298731254,3.3586332106974353
29.842376,34,3272.386469,True,False,False,2.6450236004497154,2.445553292228279
36.477936,53,3272.952357,True,False,False,5.1487868244725785,3.921476158440583
40.212902,47,3273.463492,True,False,False,4.741464463563508,4.465002513859709
40.431411,42,3273.910948,True,False,False,4.821009134027428,4.450231830647394
47.623822,72,3274.670747,True,False,False,7.192903452319605,6.144130158979933
40.842409,47,3275.15604,True,False,False,4.555720664778949,4.533753382946098
42.367762,50,3275.692762,True,False,False,5.484037605313921,4.882314951655409
33.520637,37,3276.108949,True,False,False,3.7758270477011204,3.1948173790137635
28.244367,23,3276.346488,True,False,False,1.8418680837089256,2.0096227001509077
47.620029,56,3276.935445,True,False,False,5.985179205359943,5.849754953847747
30.94261,31,3277.267762,True,False,False,3.37235670706833,2.654611607724854
39.714205,52,3277.833897,True,False,False,4.34855682217769,4.324336450050463
39.190622,71,3278.522357,True,False,False,4.85683160868272,4.505760418962569
41.50319,74,3279.344223,True,False,False,5.106871705146411,4.81725619968533
29.321672,33,3279.714363,True,False,False,3.1400778752003946,2.3164613087844654
31.675354,34,3280.089424,True,False,False,2.771282342637007,2.7263671906997633
41.089334,46,3280.579129,True,False,False,4.360070677168071,4.448658709965804
31.849692,28,3280.870197,True,False,False,2.718122253787329,2.6944906211618433
-15.787701,13,3281.013626,False,True,False,1.2297547693124353,3.190106750367391
27.329704,22,3281.266981,True,False,False,1.6687821458672945,1.766343314861089
36.060873,60,3281.939113,True,False,False,4.922428630639333,4.027681061958467
32.704616,49,3282.442116,True,False,False,5.206113590434095,3.2200787076481467
42.405378,65,3283.113124,True,False,False,6.534802164412504,5.082538727920859
32.117425,27,3283.41606,True,False,False,3.01499413808791,2.7985132874177676
47.231954,54,3283.981738,True,False,False,6.550136637096759,5.884484154029363
29.63589,34,3284.336747,True,False,False,2.490768850104628,2.3760049008319992
-4.072255,58,3284.946973,False,True,False,4.846012094943009,4.954205266039384
53.313409,83,3285.844589,True,False,False,8.46601581377348,7.322723281029911
33.553312,35,3286.229388,True,False,False,3.721067204715607,3.1597538622842722
26.828751,21,3286.454239,True,False,False,1.5621591510082842,1.738722179934349
37.553414,61,3287.118437,True,False,False,4.376312252354715,3.975263937425165
33.312013,32,3287.464885,True,False,False,3.0113850670831135,3.0707735741867848
27.701164,18,3287.660893,True,False,False,1.9291344536530606,1.8086455040339384
30.89585,24,3287.930891,True,False,False,2.5645759249021762,2.4680979879854448
29.794131,30,3288.260685,True,False,False,2.2012818029447114,2.2847664224886888
36.682375,53,3288.833552,True,False,False,4.205381708514011,3.80611328355927
38.736443,64,3289.545475,True,False,False,5.499499168216896,4.4065964787118865
39.374499,37,3289.955362,True,False,False,4.507865679685446,4.262508876701582
26.203575,30,3290.289016,True,False,False,1.8195149937031734,1.6924662415909026
39.018656,62,3290.94639,True,False,False,4.434817804010916,4.282057242084558
36.326892,36,3291.314044,True,False,False,3.529353621566002,3.6405117953451884
40.290595,58,3291.928665,True,False,False,4.5053290444425835,4.512992405832556
33.028845,48,3292.458172,True,False,False,3.744124429761102,3.1748724338679972
40.124392,52,3293.003553,True,False,False,4.575905415869081,4.496412866294164
-12.088315,22,3293.231848,False,True,False,1.8482140415255663,3.0257964500723635
27.444405,29,3293.546072,True,False,False,2.0780981569352175,1.912498933534708
43.936432,46,3294.030473,True,False,False,5.252816966580548,5.094623428413636
43.883609,68,3294.7061,True,False,False,8.295499916348538,5.657709174972722
35.454756,57,3295.337574,True,False,False,4.467095423100792,3.6668718847681268
32.969258,33,3295.69497,True,False,False,3.9822026044164973,3.043996910005856
29.222012,44,3296.171462,True,False,False,2.5625319623916027,2.392802831149159
27.120212,31,3296.519014,True,False,False,1.9605053966358428,1.925098359030479
42.657574,54,3297.108194,True,False,False,5.183923984466494,4.839808099908041
37.572976,37,3297.513768,True,False,False,4.06390555179796,3.9054188822770812
40.770266,46,3298.010987,True,False,False,4.6185923252725285,4.56038133928163
47.212784,59,3298.674993,True,False,False,5.98939324711962,5.921280041712734
46.27843,67,3299.393152,True,False,False,6.398484146800899,5.872468422819111
29.333002,36,3299.799677,True,False,False,2.426648371358609,2.385939015739034
40.629959,81,3300.685392,True,False,False,7.140469454757489,5.187286919415191
39.566525,60,3301.349299,True,False,False,4.4399079252841345,4.3450499183599
25.999063,18,3301.516668,True,False,False,1.3067629202329274,1.5291624958890322
26.115556,24,3301.748521,True,False,False,1.7734121531782976,1.6129149366144555
32.149392,31,3302.073336,True,False,False,2.698584772839865,2.7455950571569745
31.043993,23,3302.33514,True,False,False,2.536617335574373,2.498097657186881
42.27874,88,3303.277252,True,False,False,5.517999027249463,5.1647658727828745
29.120072,22,3303.525513,True,False,False,2.4558314524975855,2.2126386057229275
38.799392,62,3304.19436,True,False,False,5.468303421724335,4.391899884383461
37.753437,35,3304.552641,True,False,False,3.9558587387012056,3.905022936311412
34.88124,29,3304.847853,True,False,False,3.287758097406638,3.2567629002003047
42.50264,57,3305.472642,True,False,False,5.709710340552135,5.0376295093775605
31.108955,25,3305.75196,True,False,False,2.5890695163248414,2.6075952631219264
41.797535,58,3306.342173,True,False,False,5.4932613050902095,4.888692520634586
31.368656,35,3306.684003,True,False,False,2.9883433159432053,2.693184269461875
38.387324,42,3307.136235,True,False,False,4.118251212070297,4.069255164897614
31.038399,31,3309.486332,True,False,False,2.5523639975624794,2.574684466911694
37.185864,52,3310.059894,True,False,False,4.049701603676898,3.849398975835746
44.595404,89,3310.968291,True,False,False,7.232420652650752,5.750160264655506
40.115173,55,3311.588147,True,False,False,5.176563454486846,4.447776198949239
-18.094575,10,3311.698322,False,True,False,0.6606419218908712,1.952365731447223
40.07986,76,3312.509111,True,False,False,5.345597117596746,4.915119895698409
41.912339,93,3313.476455,True,False,False,5.669566820163702,5.2518001247786605
27.279136,21,3313.714616,True,False,False,2.0294216359174726,1.8139222466098106
40.677649,34,3314.068185,True,False,False,4.440603720871398,4.449560027700034
32.874763,52,3314.57588,True,False,False,3.454222213905401,3.263645119467356
34.833626,33,3314.916627,True,False,False,3.429133618811627,3.3616203816873313
32.324913,36,3315.287326,True,False,False,2.647266988081927,2.837247126436879
40.63022,88,3316.249573,True,False,False,5.587449844012178,5.025134574818408
47.147297,59,3316.998986,True,False,False,6.487575923479632,5.853439687970107
36.651874,54,3317.633668,True,False,False,4.066498196925809,3.8182941670695825
26.406359,16,3317.84035,True,False,False,1.4779152127864226,1.6504316170306232
32.634702,31,3318.194517,True,False,False,3.0397654312989566,2.877187261215079
35.031074,35,3318.60361,True,False,False,3.762351500815507,3.30121306013442
29.882176,32,3318.992501,True,False,False,2.198603539597563,2.3710958588953686
31.2664,36,3319.417928,True,False,False,2.5464527337101295,2.6666590365634706
26.049561,16,3319.608321,True,False,False,1.3948516666605302,1.5202534172571194
42.451105,67,3320.364809,True,False,False,6.0781758302152795,5.1967764019844305
38.980004,43,3320.856323,True,False,False,4.1568368089537335,4.171092041482032
44.049477,70,3321.615319,True,False,False,5.523417141020678,5.408429563167176
30.645114,25,3321.894302,True,False,False,2.6412196438224287,2.523929341257756
27.823203,19,3322.082763,True,False,False,1.8047261048592433,1.865095218901152
34.955252,50,3322.567199,True,False,False,3.645952131860311,3.441006647341403
47.136156,79,3323.368126,True,False,False,6.770894201064866,6.019703131596504
34.387821,66,3324.058957,True,False,False,3.5046664401865466,3.536664355612871
29.497753,41,3324.52756,True,False,False,2.67756082958426,2.3684042867256543
43.953558,79,3325.490231,True,False,False,5.616808536777502,5.341998502723362
31.080583,24,3325.794249,True,False,False,2.4681866517085314,2.4646979376918408
31.426932,46,3326.342039,True,False,False,2.7733403248944746,2.7597951867886246
32.694318,28,3326.687291,True,False,False,3.0925181267643134,2.937226716676281
41.85201,55,3327.354725,True,False,False,6.358737859874732,5.102052247323558
27.162483,30,3327.716879,True,False,False,1.8391969023654784,1.9022600375910557
46.610964,83,3328.758476,True,False,False,6.032391398976192,5.9245987763855315
38.636548,50,3329.380936,True,False,False,4.336391992084203,4.204966813185978
31.004977,28,3329.721928,True,False,False,2.6142110038566577,2.5742446574060036
27.192772,18,3329.950646,True,False,False,1.6802280536493375,1.7268958663742222
41.31273,40,3330.430312,True,False,False,4.751212880515701,4.557270929711743
33.422555,40,3330.901215,True,False,False,3.888075422293612,3.298771968840806
30.547437,28,3331.228781,True,False,False,2.7466170629705333,2.511879707062646
42.357502,61,3331.945541,True,False,False,4.802763351745818,4.775757971192083
38.292194,47,3332.479465,True,False,False,4.31005360954955,4.142999955521278
39.105955,44,3332.980086,True,False,False,4.528505463168507,4.18619981370992
33.73235,39,3333.433876,True,False,False,3.025567946314811,3.167639288228398
46.074583,101,3334.637966,True,False,False,6.297747834965922,5.946005113838521
31.663947,32,3335.015026,True,False,False,2.8451241026978638,2.774824682659389
35.899385,44,3335.542658,True,False,False,3.670370927352283,3.5948168598062753
26.37276,21,3335.794461,True,False,False,1.5512919505785772,1.6344539657093473
27.480204,16,3335.99556,True,False,False,1.9221258985407137,1.857012297970981
43.305709,97,3337.137696,True,False,False,6.645722557474651,5.758993024386007
51.75475,66,3337.916472,True,False,False,7.059449277568896,6.7195958897843155
52.152197,111,3339.285919,True,False,False,7.525540930791322,7.179541388186172
34.115319,76,3340.173104,True,False,False,5.2314678927439635,3.7573654228520676
36.477066,43,3340.674603,True,False,False,4.102425933602367,3.7614858154157123
28.248685,27,3341.013219,True,False,False,1.877041298871075,2.045424179493383
45.094489,57,3341.676758,True,False,False,5.717757054743011,5.446448640667301
26.033489,15,3341.86381,True,False,False,1.5526106624826885,1.5712511981541537
36.448949,51,3342.453878,True,False,False,3.7383602589418343,3.7878491912544185
41.700661,43,3342.975923,True,False,False,4.6246795402005,4.6682270301098665
28.328784,26,3343.291686,True,False,False,1.9374141531761515,2.0470186798637284
31.302118,34,3343.688023,True,False,False,2.5585222808350654,2.675662744392612
34.576043,34,3344.09367,True,False,False,3.036240171318562,3.1734447138111794
41.510739,52,3344.721547,True,False,False,5.256889270650916,4.771957311790594
35.628729,45,3345.250396,True,False,False,3.9693128727634925,3.6155924033354334
44.378127,61,3345.989934,True,False,False,6.240395731016158,5.339067460546312
30.567015,33,3346.355238,True,False,False,2.6070972509224597,2.5461960999019015
50.35405,81,3347.319697,True,False,False,6.953137335644058,6.569874341140619
39.513029,38,3347.776053,True,False,False,4.55315631210365,4.250617292715414
34.894269,53,3348.40397,True,False,False,3.771186210845299,3.4192048686936407
46.74418,90,3349.475369,True,False,False,6.140716395987772,5.869804128644596
46.233172,76,3350.388538,True,False,False,6.206125797238682,5.960502300158495
34.264993,29,3350.735224,True,False,False,3.2152549433053563,3.1042928753742984
33.956904,29,3351.064999,True,False,False,3.281699282792365,3.120665472187944
29.549239,27,3351.406399,True,False,False,2.402026955206734,2.27130994047629
28.499713,24,3351.682031,True,False,False,1.9967351074561115,2.0316875161527808
41.222873,70,3352.531388,True,False,False,5.043169196298036,4.837858190756583
51.304565,60,3353.229705,True,False,False,7.171963607177716,6.649998574602834
45.00924,72,3354.091596,True,False,False,6.654809400033381,5.644806445657359
32.297932,29,3354.4437,True,False,False,2.8152491383052656,2.8748958475753033
43.467377,44,3354.947395,True,False,False,5.260431328024687,5.078076380389026
41.637877,91,3356.041987,True,False,False,5.598082977262964,5.035428990557161
44.393426,64,3356.796542,True,False,False,5.385792167904126,5.285090380160129
29.871906,29,3357.132446,True,False,False,2.5182755302388995,2.469447049313823
47.510233,69,3357.960147,True,False,False,6.69672575376033,6.069624099213422
29.099351,26,3358.27774,True,False,False,2.397922196343816,2.3233367280600943
28.893593,31,3358.648661,True,False,False,2.217012909718601,2.194764440022413
30.120559,22,3358.919235,True,False,False,2.1570064692633175,2.299923534165549
36.169401,51,3359.527137,True,False,False,3.9122702037089314,3.6839361924104157
26.798806,15,3359.701695,True,False,False,1.462084117483139,1.6359614949014236
28.26267,31,3360.079428,True,False,False,2.417932855418666,2.0810774214710275
38.222238,43,3360.577868,True,False,False,4.150057240470308,4.038693710813858
31.862475,35,3360.994544,True,False,False,2.6116601470622416,2.7299513458055102
31.203543,64,3361.701813,True,False,False,4.662395774170881,3.2197981665374864
45.085328,77,3362.563186,True,False,False,6.333388508906631,5.767323831395302
38.543898,46,3363.118632,True,False,False,3.8875735987558353,3.9943140929532515
29.864792,24,3363.408072,True,False,False,2.6194718249824342,2.2830921124797645
31.968142,31,3363.794816,True,False,False,2.696782073059689,2.799150379516163
35.04883,55,3364.466487,True,False,False,3.6126561380793674,3.537131976137039
34.589155,33,3364.86756,True,False,False,3.4090527470010623,3.2485116340172193
27.190193,31,3365.241794,True,False,False,1.743939985322543,1.8762606882703847
30.025998,20,3365.48165,True,False,False,2.241599951634843,2.282658147809019
31.180765,61,3366.213037,True,False,False,2.813631087186316,2.850470386268161
30.571638,29,3366.554168,True,False,False,2.579113560988311,2.548935542847914
44.680631,65,3367.333863,True,False,False,5.271031413596835,5.278007053382694
49.051488,57,3368.001036,True,False,False,7.0903148105159035,6.30302997726979
52.100681,78,3368.949718,True,False,False,7.408892607396702,6.768256623779309
26.967425,20,3369.187182,True,False,False,1.6882931917872166,1.734260353126888
27.794814,26,3369.503402,True,False,False,1.8011876149829957,1.9074770999073527
32.063558,28,3369.833746,True,False,False,3.339729748649743,2.851922251019529
43.860834,54,3370.461466,True,False,False,5.360880107143372,5.249830159708793
43.021482,87,3371.505768,True,False,False,5.660874205395649,5.30476360807227
40.598644,57,3372.180352,True,False,False,5.434669819104568,4.743371755278104
33.403327,68,3372.98903,True,False,False,3.662991840332175,3.4033061368778665
43.087956,87,3373.934693,True,False,False,5.932814080579245,5.327177147940421
38.918202,39,3374.348685,True,False,False,4.3409211104649295,4.081739812872371
33.723088,34,3374.753078,True,False,False,3.1823717578632538,3.1599990959568913
35.581047,49,3375.351301,True,False,False,4.205535585529619,3.8486990274561257
28.124801,29,3375.684802,True,False,False,2.295562508718795,2.0556080953898856
45.431686,94,3376.80519,True,False,False,6.68641071064582,5.9877435644105566
33.381615,40,3377.283721,True,False,False,3.1586449739903295,3.168002008417984
32.01337,81,3378.275948,True,False,False,4.520188929971334,3.492294443369549
37.018721,53,3378.897115,True,False,False,3.9388296601242168,3.794588402311607
46.154252,60,3379.606558,True,False,False,6.801018749910864,5.777437450132324
29.583177,37,3380.050864,True,False,False,2.3537085698561397,2.383631691455161
32.520631,55,3380.707711,True,False,False,3.659060389110792,3.0873673002369086
35.13499,81,3381.691728,True,False,False,4.741487588642229,3.8984476824991128
53.177371,77,3382.569733,True,False,False,7.418473093889187,7.209187547308712
44.220689,67,3383.382003,True,False,False,7.623227414480324,5.49606764746681
40.129925,53,3383.991273,True,False,False,4.576698731589448,4.429268708264193
28.262531,24,3384.274492,True,False,False,1.9331023055210077,2.075823818745768
52.3644,107,3385.587415,True,False,False,8.581403060971558,7.307998011812592
31.504792,47,3386.133216,True,False,False,3.049214097982909,2.8759133019783953
35.894839,29,3386.484315,True,False,False,3.4919354133443403,3.531859655633394
35.324019,58,3387.183241,True,False,False,4.297669401180337,3.7090741238134046
28.422243,29,3387.518245,True,False,False,1.9631705083835618,2.0447991490538797
41.519479,71,3388.373787,True,False,False,5.255392414362573,4.825328802208779
29.063393,26,3388.688266,True,False,False,2.0336411599386386,2.1595145607240522
28.658265,29,3389.028185,True,False,False,2.0890407165484506,2.1824811743068926
38.186569,41,3389.545384,True,False,False,4.2307248500107315,4.0780914785469236
26.952828,19,3389.75739,True,False,False,1.5027785174941553,1.738875484594563
31.57458,33,3390.144383,True,False,False,2.752923200424294,2.8169070403553755
51.928409,96,3391.279874,True,False,False,8.808523398011001,7.261080367396777
26.327972,21,3391.519762,True,False,False,1.5621283199335465,1.619285960115631
-8.919074,28,3391.861268,False,True,False,2.5883619239523985,3.651075154596997
35.19171,39,3392.3255,True,False,False,3.5764305483939376,3.4692678493093645
40.226842,92,3393.418704,True,False,False,5.5339431439504745,4.98027029115786
26.587179,21,3393.669258,True,False,False,1.4231868192225332,1.6401422628368791
29.610669,25,3393.974222,True,False,False,2.45165232824148,2.3148282883854656
32.770646,31,3394.35131,True,False,False,3.005604616034709,2.9814659400715415
40.630981,76,3395.254794,True,False,False,5.540273238996548,4.881892031810127
46.076972,70,3396.093761,True,False,False,6.701084539092358,5.962319677157279
30.889128,23,3396.373346,True,False,False,2.439609870697567,2.45768657844952
39.256421,51,3396.972714,True,False,False,4.251488692545883,4.194772080385296
36.353042,45,3397.518598,True,False,False,3.686621949425773,3.7102451875040634
30.20591,23,3397.780668,True,False,False,2.275636486249386,2.336296355274066
36.149506,50,3398.384189,True,False,False,3.6413226770805127,3.64849727864445
36.329653,49,3398.96898,True,False,False,3.9622630074445286,3.647076199202156
41.619895,47,3399.497873,True,False,False,5.018903194248482,4.737982964131011
40.033656,79,3400.4324,True,False,False,4.886938535074603,4.675987718521714
29.545805,48,3401.000762,True,False,False,2.796401416461743,2.733781117483521
30.793305,34,3401.409404,True,False,False,2.8395885145664406,2.587349893374429
41.625611,87,3402.416878,True,False,False,5.992652855810024,5.0485001322423155
35.978582,58,3403.093534,True,False,False,3.683200212042069,3.6632661922094756
26.396513,30,3403.450399,True,False,False,1.9469293955130655,1.794378497402444
37.24236,76,3404.355297,True,False,False,4.47469475071661,4.061488314046936
33.075877,57,3405.043584,True,False,False,3.7598101895857994,3.4150188692095287
47.10459,63,3405.767941,True,False,False,5.876099574268057,5.817594961315494
30.984974,40,3406.243354,True,False,False,2.4451667159063093,2.6282300091690436
30.336412,25,3406.534779,True,False,False,2.3858695438319755,2.4594592538464437
35.575384,30,3406.885165,True,False,False,3.400393155930864,3.436659438451362
46.197607,79,3407.783629,True,False,False,5.945374735388031,5.746647912946763
39.943755,50,3408.373666,True,False,False,4.816377582069541,4.4661988543236015
26.652249,11,3408.523273,True,False,False,1.3711272258863956,1.5499597649964771
41.590764,53,3409.142192,True,False,False,5.595979012153579,4.9439245687475335
33.48436,34,3409.551282,True,False,False,4.327007809836308,3.23835024074107
41.448893,42,3410.05004,True,False,False,5.112149741567273,4.791194675070802
26.167981,18,3410.261876,True,False,False,1.4275128038912093,1.5262652082517978
34.919662,38,3410.706338,True,False,False,3.3900728528782595,3.4221557922344736
-12.574876,15,3410.894357,False,True,False,1.6495131425189196,4.080522073616716
34.308768,30,3411.254078,True,False,False,3.235972264523059,3.1675777978930753
38.624391,41,3411.691799,True,False,False,4.034958988712725,4.095736636224946
35.727204,36,3412.075539,True,False,False,3.34286085713792,3.555717508439771
48.744805,57,3412.732233,True,False,False,6.061377123702458,6.029821306105622
48.948901,85,3413.754922,True,False,False,6.736313379263534,6.364453172239651
45.644039,56,3414.417414,True,False,False,6.698296533538297,5.637626487559235
43.674761,54,3415.048246,True,False,False,5.235494602099409,5.030956923911028
35.229569,35,3415.470606,True,False,False,3.497743056510552,3.36426165354305
39.160537,70,3416.297882,True,False,False,5.60289343554782,4.602296288298853
43.938103,72,3417.149601,True,False,False,5.92576674737565,5.341765633141175
27.500992,17,3417.337389,True,False,False,1.5251105619683032,1.7164548437425686
42.218258,62,3418.085873,True,False,False,6.293821072495123,4.9862709472225175
34.993272,37,3418.531164,True,False,False,3.392040643499463,3.3930832569856877
42.371721,72,3419.41559,True,False,False,5.13238588200679,5.071595084223598
39.244492,41,3419.903388,True,False,False,4.495673640574884,4.216792544087762
-19.080812,8,3419.99546,False,True,False,0.3593495140631692,5.853454153146119
28.410364,25,3420.297016,True,False,False,2.385852499071868,2.1402118227652647
45.637829,54,3420.927091,True,False,False,6.189461812184379,5.514671794990238
33.254824,46,3421.476459,True,False,False,3.106859367212456,3.142097389394316
42.089936,41,3421.929021,True,False,False,4.728297812807576,4.638486309878429
31.03405,25,3422.197076,True,False,False,2.316359324366274,2.51107353783258
37.216134,64,3422.917352,True,False,False,4.325854709158908,4.029590406873012
27.809879,23,3423.180784,True,False,False,1.8489899517405606,1.938570068951638
29.823478,27,3423.513433,True,False,False,2.401621179451572,2.329551347628363
46.148078,73,3424.374978,True,False,False,6.19700032421158,5.729414736496193
42.568231,72,3425.236766,True,False,False,5.2337043608877565,5.0130370303574985
36.138577,95,3426.373159,True,False,False,5.669537437678431,4.517186752537164
41.574106,42,3429.958331,True,False,False,4.7889200929733855,4.614432304062798
32.263963,31,3430.320285,True,False,False,2.8109781628957653,2.8451010957282636
44.335529,110,3431.632334,True,False,False,6.916086241052446,5.729241808586877
32.359799,81,3432.568171,True,False,False,5.4088388096186995,3.5406299271013064
29.256454,22,3432.79395,True,False,False,2.1188535067799377,2.14621655423706
40.302162,41,3433.207827,True,False,False,4.565723868454816,4.519009328943454
31.92368,25,3433.508882,True,False,False,2.542038370560177,2.7208839858863976
31.494392,32,3433.891494,True,False,False,2.698544192632445,2.7130880932833175
32.735225,41,3434.386155,True,False,False,3.1122335809506017,3.040017764757807
30.682901,24,3434.658396,True,False,False,2.402558791504459,2.4153067389937206
29.926924,26,3434.958299,True,False,False,2.349852479246018,2.331229168990552
28.586746,26,3435.269689,True,False,False,2.0264883943922642,2.0830636651756627
39.838785,71,3436.136548,True,False,False,5.4528891366372845,4.635399508754939
43.905876,66,3436.927666,True,False,False,5.4425942774775935,5.3272567717270665
30.841348,36,3437.358053,True,False,False,2.470241565963478,2.6381089308244823
34.651007,62,3438.112321,True,False,False,4.821581147135902,3.6097702992134764
28.178085,30,3438.460588,True,False,False,2.431360487124053,2.1675348549884337
27.469289,36,3438.894184,True,False,False,2.0384673359531376,1.9833893829710452
40.259218,45,3439.401314,True,False,False,4.842027833970922,4.471970905519085
26.472857,14,3439.55019,True,False,False,1.5449280219072654,1.616082554228194
43.649818,54,3440.117087,True,False,False,5.184081786597464,5.081663617494601
32.662392,48,3440.678423,True,False,False,3.8969424143200677,3.0633534289070963
43.551426,61,3441.420214,True,False,False,5.366325124858844,5.271397576910113
34.576739,58,3442.114609,True,False,False,3.811139030759754,3.532465716870957
-13.664324,16,3442.303122,False,True,False,1.524732966719422,4.016157908713268
49.062111,65,3443.056507,True,False,False,6.627136137073652,6.300204523373963
45.18437,64,3443.781892,True,False,False,5.702271661795709,5.5327823516939265
40.747719,47,3444.344795,True,False,False,4.958338550167676,4.522471400965777
46.67706,72,3445.17092,True,False,False,7.473319234031248,5.9468515114411495
37.518161,36,3445.612364,True,False,False,4.131988828772887,3.7950074142181167
31.969357,38,3446.072163,True,False,False,2.9508368881710143,2.957644810716875
45.505202,58,3446.780521,True,False,False,5.891986460465719,5.623359270825975
34.184804,47,3447.345422,True,False,False,4.067864394697733,3.393313958661699
41.5885,60,3448.07334,True,False,False,4.978762570673458,5.019852348718005
46.307646,91,3449.200628,True,False,False,6.5579658399098735,6.0277257296019835
32.494298,66,3449.99549,True,False,False,4.021129052708406,3.1653858500871612
40.527596,39,3450.437256,True,False,False,4.6740758827631055,4.484088987580946
45.021161,82,3451.363555,True,False,False,5.773329554722913,5.543422493224887
43.348316,53,3452.02087,True,False,False,5.732759083967025,5.054708991095492
33.620087,62,3452.749753,True,False,False,3.1933041627852683,3.3367310536766848
48.241692,69,3453.52893,True,False,False,6.420881257990785,6.191940219761213
32.511808,44,3454.035469,True,False,False,2.9196289648625924,2.910633585809344
42.095556,64,3454.751389,True,False,False,4.931407146376298,4.866851718696664
32.540905,31,3455.11578,True,False,False,2.844569415833536,2.8782866506938705
36.652541,60,3455.838789,True,False,False,4.685243705874456,3.934455052467141
40.060108,44,3456.363643,True,False,False,4.513367708233507,4.244516339651651
33.798916,53,3456.988971,True,False,False,3.560297353515451,3.448012049647403
30.707702,40,3457.467702,True,False,False,3.292346972630039,2.890835306250651
42.21437,37,3457.922414,True,False,False,4.737452218461445,4.742059146234409
1.760627,62,3458.669511,False,True,False,6.160481493344037,5.259628401793764
28.341334,18,3458.886657,True,False,False,1.9168882242489393,1.9666631661317584
30.903678,49,3459.455211,True,False,False,3.457455427181478,2.829406011073824
32.499369,43,3459.975656,True,False,False,3.2264562880800343,3.004394987521411
40.718128,67,3460.765713,True,False,False,6.559809676473374,5.010066589204373
39.062437,54,3461.419552,True,False,False,4.133911462801084,4.237768350015115
40.678418,63,3462.186942,True,False,False,4.664844816777692,4.579423682885764
45.816063,57,3462.873572,True,False,False,5.55170286910828,5.407213524056489
44.235665,64,3463.641894,True,False,False,6.412863762807509,5.435934962569712
26.024967,22,3463.906649,True,False,False,1.4565625633054777,1.5353257568668326
28.098716,19,3464.135279,True,False,False,1.7411242545017804,1.9625600221432618
31.762412,24,3464.410227,True,False,False,2.5699532528040416,2.620544666542044
27.094579,33,3464.798146,True,False,False,1.9886576102394307,1.8742978486667778
36.505016,41,3465.299448,True,False,False,3.8878060725145174,3.7201991187576238
34.54504,76,3466.221518,True,False,False,4.9554592667106725,4.028384469009104
36.521966,43,3466.730269,True,False,False,3.9258568667674942,3.805985570959853
48.044837,105,3468.017063,True,False,False,6.588928825637173,6.27684480847879
36.978703,49,3468.602725,True,False,False,4.935962549468345,4.102224184657614
36.055936,41,3469.097493,True,False,False,3.7493917039121984,3.6212302808703254
36.49175,36,3469.521103,True,False,False,4.103811352466875,3.645094090582673
33.942267,32,3469.903691,True,False,False,3.2746822365551775,3.1888713886628497
35.967866,42,3470.416809,True,False,False,3.689874767651545,3.6430876665686767
37.685503,47,3470.964493,True,False,False,4.281663336374809,4.056473060362511
47.542008,87,3472.002106,True,False,False,6.461173650770049,6.157960615668428
29.375769,35,3472.412551,True,False,False,2.4918161490454986,2.277972942775991
45.815437,74,3473.280174,True,False,False,7.346231167679376,5.81284346252521
32.042368,40,3473.767431,True,False,False,2.7714631899073443,2.809215491578701
27.385444,28,3474.114137,True,False,False,1.7959017644477568,1.9075977434099243
37.985027,58,3474.820759,True,False,False,4.5190149652506175,4.17754059766084
36.549497,59,3475.542811,True,False,False,4.558309068625273,3.9133822612893745
27.378862,17,3475.733552,True,False,False,1.9122837332289184,1.7923494453653874
29.513325,29,3476.088334,True,False,False,3.0659729190009757,2.3140962075594
30.694522,34,3476.487297,True,False,False,2.8122280545310687,2.5430247643934254
35.787245,54,3477.133665,True,False,False,5.012093499087857,3.9038915363391298
44.666803,83,3478.110563,True,False,False,7.4580270478110045,5.778016726324606
43.106233,75,3479.035667,True,False,False,6.348285669987795,5.3302347719952365
33.021445,36,3479.433956,True,False,False,3.0136392740282982,3.015799041864729
31.162682,38,3479.838498,True,False,False,3.660982187048264,2.7270023590517254
39.360554,44,3480.332601,True,False,False,4.138626364988504,4.147542335690361
41.072729,78,3481.277354,True,False,False,5.694020173730848,4.895595687596442
45.10291,83,3482.261646,True,False,False,6.030924604393603,5.6092540903167
47.698657,53,3482.913814,True,False,False,6.1229109375417385,5.9584880061447745
40.614093,41,3483.40127,True,False,False,4.69910650697172,4.468841756095993
37.348047,50,3484.002753,True,False,False,4.385197829773506,3.956324872232964
46.243877,66,3484.776522,True,False,False,5.977324593734691,5.66674208046979
41.22554,74,3485.630806,True,False,False,5.279225152683095,4.800035653485439
39.521638,42,3486.085624,True,False,False,4.039158381556134,4.174595902001561
34.210007,71,3486.881201,True,False,False,3.990768436597265,3.556365860243958
-16.041721,10,3486.999851,False,True,False,1.0145714363868663,2.024822329710855
29.86736,39,3487.457299,True,False,False,2.3658875453941133,2.4623250382793915
40.185465,55,3488.106429,True,False,False,4.459420106958168,4.494448476133003
37.317104,63,3488.864219,True,False,False,4.34482288664461,3.9944154260641476
26.072533,14,3489.029365,True,False,False,1.3870215053215784,1.5353985488917283
41.180338,62,3489.760767,True,False,False,5.891569943964792,4.871457478549197
30.483902,28,3490.086233,True,False,False,2.471441992087004,2.6243659896088034
34.44579,31,3490.463753,True,False,False,3.2493547601233166,3.2709978797266777
46.2569,124,3491.958469,True,False,False,7.341991173709721,6.316212678762254
37.099546,37,3492.379819,True,False,False,3.818954867150008,3.823879792772144
40.465018,50,3492.97605,True,False,False,5.054482045227612,4.530812456188149
30.216084,35,3493.391453,True,False,False,2.283752641584882,2.435940492813505
34.126564,52,3494.05762,True,False,False,3.2516544908073253,3.3482357774583655
38.5026,51,3494.696655,True,False,False,4.482574494197492,4.173449049132715
31.91873,21,3494.956579,True,False,False,2.6942448144272846,2.6624622264312596
47.462333,86,3495.961821,True,False,False,5.994889702709265,6.018813687752474
39.296906,105,3497.19259,True,False,False,5.506754111882875,4.843924386587002
30.71522,45,3497.726904,True,False,False,4.292092616471197,2.763783241196689
33.256666,32,3498.10914,True,False,False,3.28023991160139,3.014146566413811
46.624462,75,3498.998545,True,False,False,6.995399276527719,6.077145453138858
30.605804,32,3499.369621,True,False,False,2.3327752614113235,2.483085008967286
43.828046,71,3500.192127,True,False,False,5.3543036194963625,5.308967824044275
38.322394,59,3500.860693,True,False,False,4.600179262857595,4.206164862879006
31.497069,38,3501.311175,True,False,False,2.705675877727822,2.766638482288586
26.796449,14,3501.477283,True,False,False,1.5607606234767388,1.688747543790747
54.20222,73,3502.35435,True,False,False,7.830285956374529,7.288223514241266
36.397683,34,3502.745955,True,False,False,3.604517908217988,3.6024736349089093
40.053515,55,3503.384136,True,False,False,5.36879813723662,4.64645540124142
38.642871,40,3503.853492,True,False,False,3.9801514803376077,3.996232874950621
43.898771,44,3504.36537,True,False,False,5.187597259437027,5.070185755919525
50.472456,46,3504.908553,True,False,False,6.414588676710602,6.311829854486621
29.81174,30,3505.255359,True,False,False,2.3650632036532038,2.4093218606153775
45.392782,50,3505.833066,True,False,False,5.955414003477137,5.531077374980671
31.582064,28,3506.16778,True,False,False,2.4952987120142347,2.682706515642498
43.148326,56,3506.82251,True,False,False,4.944808558852898,4.97606231269545
49.633523,78,3507.729173,True,False,False,6.936549176896422,6.596004821438337
35.611901,37,3508.159079,True,False,False,3.7219177856116676,3.6389617085875186
42.702803,86,3509.185928,True,False,False,7.279664050469089,5.2999988165404535
28.882102,42,3509.680955,True,False,False,2.8860593854177563,2.5434345530554645
34.763625,49,3510.241324,True,False,False,3.9465431851305763,3.4070593522383983
28.993391,38,3510.66959,True,False,False,2.8377814926147185,2.4311673609962217
32.290865,39,3511.138176,True,False,False,3.68125291611006,3.0411332693059054
39.106638,32,3511.5022,True,False,False,4.038485962475694,4.1649676891321565
47.161482,76,3512.391947,True,False,False,6.6773946594289315,5.993765748997524
30.641554,22,3512.650646,True,False,False,2.5876084694038806,2.48201947743457
40.282531,69,3513.450119,True,False,False,4.672872530280047,4.724056594650938
32.632179,19,3513.679277,True,False,False,2.5716443916421112,2.8268631236132835
33.672431,43,3514.17124,True,False,False,3.291795070882402,3.1177404439546597
38.603786,42,3514.666777,True,False,False,4.010809418059984,4.055639337989971
32.179402,37,3515.103106,True,False,False,3.146869046830664,2.908640685717735
28.539245,33,3515.47088,True,False,False,2.2179336194467214,2.197539513100679
35.577061,51,3516.08134,True,False,False,4.158822889435752,3.6230635635779023
39.901038,54,3516.701766,True,False,False,4.95430084583198,4.42607498085445
32.404202,40,3517.17053,True,False,False,2.7643472394720465,2.8759457121775536
33.909702,51,3517.758195,True,False,False,3.7904179807163905,3.222308730810973
41.999045,66,3518.52763,True,False,False,5.643026350470924,4.974107703362982
34.817489,59,3519.231147,True,False,False,4.603751902541676,3.543581227806699
36.798938,69,3520.00514,True,False,False,4.919151235341202,4.083271570342911
36.850961,45,3520.531813,True,False,False,3.955828199178114,3.7851308924686626
28.926547,40,3521.014184,True,False,False,2.134572520696375,2.307100726767882
37.533288,57,3521.686337,True,False,False,4.155805533627481,4.0772534125117845
38.115813,65,3522.457338,True,False,False,5.032089336585272,4.202705253353055
36.98019,64,3523.196246,True,False,False,5.387817315925148,4.0763395669956966
28.237925,37,3523.627604,True,False,False,2.2194387612436177,2.0745212299824893
55.834345,126,3525.090957,True,False,False,9.042009104903793,7.944206888456502
37.266927,29,3525.440012,True,False,False,3.7882246398860544,3.7867789918389154
25.773043,12,3525.585232,True,False,False,1.2350441836779422,1.5041109885555386
33.713752,44,3526.101708,True,False,False,3.7716259120310442,3.2636118585876557
36.93032,44,3526.631493,True,False,False,4.109763515293736,3.89985472026922
29.487385,24,3526.906563,True,False,False,2.2019949906550966,2.2397353257825525
33.979318,42,3527.398777,True,False,False,3.0907223189384356,3.122898618339566
35.251788,28,3527.72435,True,False,False,3.5420974220816506,3.3708304081461926
35.750342,51,3528.321601,True,False,False,3.5237949903479984,3.6072886756053983
29.848191,35,3528.745861,True,False,False,2.5419610164930164,2.4453135789543157
29.493852,28,3529.068664,True,False,False,2.217788789456534,2.298994949483521
50.922298,82,3530.038293,True,False,False,7.42939719840279,6.734645027170756
27.105794,22,3530.29688,True,False,False,1.914002224383404,1.8031598857188267
35.061789,47,3530.846705,True,False,False,3.2870790120458055,3.428119848551586
45.28385,68,3531.635159,True,False,False,6.271789722443133,5.5123072463669365
33.863014,35,3532.051164,True,False,False,3.271107426620318,3.1324995056414733
35.116253,69,3532.841943,True,False,False,4.547100395856165,4.106299504384308
30.785187,22,3533.103673,True,False,False,2.3507694720293855,2.4409612059627506
45.194122,77,3533.998313,True,False,False,5.783576859933882,5.5372182726742345
31.618205,49,3534.562734,True,False,False,3.1781364697754526,2.9762159488649553
36.743255,53,3535.183509,True,False,False,4.4284713653177175,3.872802016032975
37.283941,52,3535.79069,True,False,False,4.1276226962234315,3.9187401590972364
34.247808,36,3536.212312,True,False,False,3.1410131673505246,3.220093701450185
28.558933,59,3536.890476,True,False,False,3.235023782573443,2.563423811371416
42.701706,61,3537.622321,True,False,False,6.190980887098792,5.110102643064644
27.880033,28,3537.956889,True,False,False,2.081022538633327,2.0358513562716136
40.516965,70,3538.798697,True,False,False,5.844695565621855,4.8139574717949944
44.352671,97,3539.926115,True,False,False,7.092062118287923,5.916531019959586
31.876048,44,3540.439498,True,False,False,3.599067531839225,2.922315361071359
45.354658,51,3541.051798,True,False,False,5.69983839815938,5.467642951428814
40.738348,58,3541.725259,True,False,False,4.548480812316604,4.565939202612485
40.022239,52,3542.339038,True,False,False,5.318050365829102,4.668900986511949
45.365495,77,3543.213349,True,False,False,6.297788424941572,5.54281740797763
41.033947,70,3544.042024,True,False,False,5.834814858464989,4.9508904297571155
32.700033,34,3544.447218,True,False,False,2.8689073957742504,2.867472689850357
45.080051,49,3545.01348,True,False,False,5.618954889716719,5.334010776907529
28.316499,21,3545.244375,True,False,False,2.1334297288689488,1.9751382230262113
36.07758,33,3545.644206,True,False,False,3.482772301637809,3.5225405298165713
31.120813,29,3545.973449,True,False,False,2.867744818481436,2.6711841827221985
41.523593,84,3546.948004,True,False,False,5.363070188687394,4.955556792937374
28.941859,22,3547.205263,True,False,False,2.259420356224351,2.15642519818509
45.010858,87,3550.54676,True,False,False,5.754320425770116,5.7040919268829295
48.89567,106,3551.788872,True,False,False,7.177514031378318,6.5173562966478995
31.700295,51,3552.381909,True,False,False,4.7481596739469145,2.9704341610563607
47.615209,122,3553.791373,True,False,False,7.470677017438511,6.4510879884475365
34.418178,46,3554.336159,True,False,False,3.562551421605662,3.449545909003898
28.818221,31,3554.71245,True,False,False,2.254773377273876,2.1718106167895592
41.410028,47,3555.253668,True,False,False,4.379274580290213,4.580417928869298
49.735789,71,3556.086506,True,False,False,6.754151165110361,6.329573074192876
32.738675,56,3556.731099,True,False,False,4.166473177886007,3.1342225647344026
27.676954,16,3556.917803,True,False,False,1.6197257593710592,1.889641314380732
36.539332,30,3557.270114,True,False,False,3.4304289846597844,3.538979071511019
41.990779,63,3557.977224,True,False,False,5.64615599028727,4.965142772464882
39.063972,41,3558.470055,True,False,False,4.482545651415594,4.15439483800096
35.14179,53,3559.085649,True,False,False,4.532502452048568,3.7367061801273134
43.972597,58,3559.76477,True,False,False,5.906104336756294,5.2974995927262745
33.035159,37,3560.2077,True,False,False,3.0343646356875587,3.07894038217422
46.334073,112,3561.503538,True,False,False,7.588742559008696,6.199778703724951
43.395239,74,3562.371695,True,False,False,5.661713103730532,5.3600612733654405
30.573883,34,3562.762067,True,False,False,3.179574532606869,2.460683733085754
41.885574,66,3563.514231,True,False,False,5.116990575183244,4.927495876017751
25.963457,21,3563.735308,True,False,False,1.4132758418617577,1.5734161026869298
41.714112,72,3564.534029,True,False,False,5.199393375245725,4.82281358441662
44.620165,43,3565.014717,True,False,False,5.28814807005891,5.211424912938588
31.695932,41,3565.456413,True,False,False,3.430371134459241,2.808109634860138
40.119893,61,3566.17899,True,False,False,4.823988534443244,4.51461701492969
32.707947,42,3566.673457,True,False,False,2.9862692027941806,2.9443534000532345
26.552905,14,3566.825348,True,False,False,1.4793516201205694,1.5539774737556191
34.426041,50,3567.406483,True,False,False,3.3783739423104704,3.4004954901016093
45.256781,59,3568.090164,True,False,False,6.152215822160769,5.537829815789641
27.179796,23,3568.375147,True,False,False,1.9239438465503633,1.7567660547248434
38.219603,36,3568.822114,True,False,False,4.063067517247532,3.9892181746730455
38.912792,57,3569.497536,True,False,False,4.482492065101106,4.327046967861996
35.152082,44,3570.018338,True,False,False,3.4411155109214926,3.4230424518421314
43.829273,49,3570.597293,True,False,False,5.70620264560858,5.213702535462651
50.74082,87,3571.609899,True,False,False,7.663626323218741,6.749198225302665
30.397621,36,3572.011075,True,False,False,3.0830621028829954,2.4794390526275953
29.830163,36,3572.414975,True,False,False,2.732852305944398,2.418121397546434
37.069699,45,3572.94392,True,False,False,4.275720195174919,3.8370421828593426
47.79717,73,3573.761136,True,False,False,7.0075892225286465,6.025764942253724
29.307693,22,3574.014148,True,False,False,2.4184516106654077,2.1919416658941073
35.434257,38,3574.495794,True,False,False,3.60444270297854,3.525213635373651
46.239393,98,3575.595784,True,False,False,6.316591884628712,6.011705853697595
34.371714,73,3576.405478,True,False,False,3.7142926220955705,3.5714042739994807
39.940847,52,3576.981473,True,False,False,5.996600434037132,4.626927510604455
40.143792,67,3577.749768,True,False,False,5.373778769094874,4.7397893512962925
27.531128,23,3578.018109,True,False,False,2.0608930360801865,1.895815776530814
37.323368,51,3578.596457,True,False,False,4.014189828457677,3.916031823536801
33.64165,47,3579.153422,True,False,False,3.5848546988041234,3.2329387497206685
36.424142,52,3579.747813,True,False,False,4.623896517854968,3.8218722314376707
40.189852,37,3580.16698,True,False,False,4.356126919830173,4.373507313938713
35.059731,36,3580.570882,True,False,False,3.8703383867990455,3.411693823132845
38.704948,44,3581.072484,True,False,False,3.8897150962970506,4.030411427871886
40.679155,69,3581.863821,True,False,False,4.893230305776728,4.717624106082932
46.928346,86,3582.855013,True,False,False,7.422976554584985,6.178599001166064
39.278382,67,3583.616174,True,False,False,5.380979985419234,4.4904730332913765
53.224424,112,3584.911196,True,False,False,7.79485005528328,7.370804919580525
49.209984,62,3585.641268,True,False,False,6.85761227620775,6.307509344774762
36.049669,50,3586.219012,True,False,False,3.6587901764765354,3.715867971514526
40.283017,63,3586.947557,True,False,False,4.81642803191646,4.5147815833301905
35.351023,64,3587.67758,True,False,False,4.034065695664514,3.7395216626258514
34.987577,57,3588.344975,True,False,False,4.162914167313658,3.592136687360624
38.923345,43,3588.868608,True,False,False,4.90121362748111,4.259517857633209
50.848803,98,3590.01033,True,False,False,7.112415940075112,6.828502616735186
25.80639,20,3590.246262,True,False,False,1.4744511342870943,1.5104810436864844
42.118786,58,3590.943521,True,False,False,5.426224387367462,4.937992526471272
41.189559,74,3591.82351,True,False,False,5.553405476500174,5.002297770193532
34.278543,47,3592.379579,True,False,False,4.347789995231854,3.356087176147216
43.961153,56,3593.041822,True,False,False,5.540934420760478,5.141506847291558
41.707749,42,3593.535454,True,False,False,5.084406313631976,4.712150642597238
45.67346,62,3594.259712,True,False,False,6.031272208650163,5.632988027054601
34.61899,36,3594.673992,True,False,False,3.3605337591915228,3.2618384497043946
39.573004,45,3595.218031,True,False,False,5.206472011722614,4.418318618701565
26.892846,14,3595.38302,True,False,False,1.5131117603561979,1.6191823138895158
27.771141,27,3595.691769,True,False,False,1.70638219320448,1.9447836384340422
49.036622,94,3596.785725,True,False,False,8.591673293166863,6.629104736010551
31.286842,28,3597.118956,True,False,False,3.0921047149196403,2.726071220546985
40.430975,57,3597.799863,True,False,False,4.791426584979375,4.559731047632975
26.748356,25,3598.086407,True,False,False,1.8025860005938377,1.7711642228005566
56.053858,92,3599.167709,True,False,False,8.929603143280199,7.808477379939784
30.493876,25,3599.475176,True,False,False,2.188949463661668,2.3617934735961237
42.147966,69,3600.273203,True,False,False,4.855611631508256,4.921852285205565
30.641472,27,3600.598129,True,False,False,2.531981315653629,2.5431245173116253
35.550066,50,3601.190732,True,False,False,3.418048374053133,3.5396202191700192
48.895777,58,3601.859338,True,False,False,6.822372024354535,6.232143223015687
49.658104,77,3602.735985,True,False,False,7.253384612772432,6.46178245057144
35.917768,84,3603.71435,True,False,False,5.7806226298501695,4.130881752201289
49.604744,104,3604.915165,True,False,False,7.239533896776973,6.608404137585144
42.228572,51,3605.500965,True,False,False,5.0270084894573746,4.847435588112871
45.438001,88,3606.522657,True,False,False,6.158763146703881,5.681686455382608
45.21742,59,3607.194127,True,False,False,6.6747973375148915,5.488268433821168
31.713075,23,3607.464879,True,False,False,2.725383140100273,2.6864196421770967
37.49064,35,3607.866629,True,False,False,3.895155451560787,3.7975631626267012
32.229375,27,3608.172335,True,False,False,3.215264946090704,2.7861377845035147
45.261508,75,3609.036593,True,False,False,5.9610332066224645,5.583503785617282
43.394969,73,3609.895475,True,False,False,5.807819789026166,5.258598610877496
44.596142,73,3610.726813,True,False,False,5.764963780002204,5.394548778451473
44.219982,62,3611.448335,True,False,False,5.575744320455838,5.360664255806405
51.035146,81,3612.401301,True,False,False,7.1978225356988546,6.669497038852458
32.26178,26,3612.702466,True,False,False,2.854935915866176,2.859533662740853
44.570845,74,3613.54801,True,False,False,6.439728109056115,5.630934670216126
46.334329,107,3614.792112,True,False,False,6.4768794953834306,6.076972821892533
48.797623,83,3615.762793,True,False,False,7.240469014189909,6.356218260176305
34.632679,52,3616.362523,True,False,False,4.0768324334915285,3.505649469634929
27.141624,19,3616.576422,True,False,False,2.072094616443191,1.802408255843907
33.786168,46,3617.105122,True,False,False,3.313074854794694,3.20093149972207
33.474569,41,3617.582169,True,False,False,4.167685128826487,3.215688630115216
38.022181,45,3618.092995,True,False,False,4.516691564668426,4.120697812740139
29.140852,34,3618.486816,True,False,False,2.6112164673020914,2.3425582255373487
-19.343663,29,3618.842402,False,True,False,1.4591618195078082,1.7425171807888349
33.564777,26,3619.147625,True,False,False,3.4431170509562943,3.0889603934343275
40.785682,60,3619.837393,True,False,False,4.846263289818089,4.726485581593026
29.327491,24,3620.121277,True,False,False,2.473579197579123,2.2679300985123976
44.789154,85,3621.087313,True,False,False,5.987268777101688,5.612077811372349
36.428599,39,3621.536601,True,False,False,3.5462478228488967,3.6248757287174573
33.005458,29,3621.870122,True,False,False,2.919147605674165,2.8668583490568578
45.367492,47,3622.425899,True,False,False,6.289877425399171,5.448143365939401
39.974634,54,3623.052148,True,False,False,4.294540289440631,4.445553584281107
39.484988,65,3623.790528,True,False,False,6.087648642800136,4.679910941485811
35.713244,39,3624.248814,True,False,False,3.5716888534237423,3.539680923050729
42.870126,61,3624.941728,True,False,False,5.541696009136633,5.085041123906315
48.05419,78,3625.866538,True,False,False,6.742014072826392,6.294440624031244
37.387041,85,3626.85813,True,False,False,4.774772310486275,4.291173441025191
45.71516,80,3627.770673,True,False,False,5.742595114636321,5.6244739404715345
46.790521,54,3628.398308,True,False,False,6.1267654708171575,5.640786238714164
46.523729,81,3629.351513,True,False,False,6.706362805090966,6.073980328629567
39.153291,61,3630.067895,True,False,False,5.597532571106374,4.736431342366547
36.06948,32,3630.439286,True,False,False,3.3832630787236613,3.5376237351660587
44.937222,80,3631.38001,True,False,False,6.157631635578048,5.605282458636343
27.760708,20,3631.615967,True,False,False,1.7638399430562817,1.8145563115879435
33.05754,40,3632.087978,True,False,False,3.827952968140851,2.987677786414769
51.535123,98,3633.227007,True,False,False,7.573210998143928,6.7832074508037286
-16.040445,21,3633.461545,False,True,False,1.2048159399788942,2.234496648011191
47.263275,55,3634.114696,True,False,False,6.920565613032797,5.858472666376075
50.018613,86,3635.093708,True,False,False,6.735081592182697,6.54330422225927
42.503955,62,3635.806903,True,False,False,5.2278579543272015,4.892008807677557
32.826535,31,3636.158744,True,False,False,2.87392819460939,2.9064783253575617
25.831323,16,3636.344494,True,False,False,1.3192205781932727,1.5139559392144233
38.172978,50,3636.925097,True,False,False,3.9444377855331196,3.9805567182230033
38.783763,53,3637.544283,True,False,False,4.95159964774087,4.287492593931289
32.08525,43,3638.036965,True,False,False,2.9680934745258853,2.9468052069863595
29.645248,21,3638.29292,True,False,False,2.1724278883151125,2.2611140691085243
36.777914,88,3639.31839,True,False,False,6.19808996194123,4.530791401177859
37.139901,44,3639.826043,True,False,False,4.2887454100088105,3.908653205075707
32.974425,45,3640.340487,True,False,False,3.2762286218403434,3.114880830329484
26.931477,19,3640.568034,True,False,False,1.5922968639994308,1.6854774284048537
41.886957,46,3641.109403,True,False,False,5.193669572051198,4.768967815888544
40.890202,45,3641.626636,True,False,False,5.165901862525777,4.60077961228942
35.551781,33,3642.012795,True,False,False,3.5216588790208214,3.4537514132068505
41.769934,40,3642.470173,True,False,False,4.622416796059763,4.745322087665298
27.240906,16,3642.659138,True,False,False,1.7016892623274034,1.79537520035397
36.016728,48,3643.22167,True,False,False,4.175397988660474,3.76184540395675
43.818521,72,3644.048317,True,False,False,5.7854416555408665,5.236486337801898
33.096118,28,3644.370698,True,False,False,2.74787915917499,2.924206177575175
45.832141,82,3645.31673,True,False,False,6.845191049809577,5.883753824533205
37.814736,54,3645.946286,True,False,False,4.52158124496695,4.128861049714164
43.253197,60,3646.633044,True,False,False,5.734755828818383,5.164294522378702
35.934361,57,3647.278062,True,False,False,3.935951870334474,3.77681435188545
45.879322,77,3648.180736,True,False,False,6.346310738730076,5.933451220480874
32.330289,41,3648.654551,True,False,False,3.124509002002943,2.9351414135469494
34.987402,47,3649.212989,True,False,False,4.129810382527976,3.5064990913502045
27.603831,25,3649.498369,True,False,False,2.0984764575761385,1.884895339617652
34.683987,36,3649.930344,True,False,False,3.60271094118344,3.3334141058564084
28.66497,20,3650.161013,True,False,False,2.318467091563157,2.035528708467799
36.025905,26,3650.465873,True,False,False,3.4285678074612,3.498378709790537
36.675949,52,3651.071816,True,False,False,5.540363166839876,3.953543964975253
31.125469,23,3651.34718,True,False,False,2.4389272559143778,2.495842279294967
38.768361,84,3652.317912,True,False,False,5.283041427829392,4.855414884892526
35.847924,31,3652.670459,True,False,False,3.9643356442961855,3.489547372753851
40.623052,55,3653.318684,True,False,False,5.582940513449441,4.748739966733021
47.141927,88,3654.343661,True,False,False,6.42905411420959,6.174034919906266
48.082058,62,3655.074459,True,False,False,7.367437898385847,6.23628380846344
39.224858,54,3655.727275,True,False,False,4.493848490715963,4.334604986786448
27.659883,14,3655.895329,True,False,False,1.5927926288538066,1.8508307761079235
42.330493,59,3656.569766,True,False,False,5.183285069125078,4.9299829108414635
45.583438,69,3657.356271,True,False,False,6.233308219427546,5.67371514891953
42.298365,34,3657.756678,True,False,False,4.7782284054116,4.779896051885495
35.171532,39,3658.211132,True,False,False,3.770726838197332,3.5244436593048722
41.129436,71,3659.074174,True,False,False,5.429465325176449,4.77766651291677
26.473686,32,3659.448906,True,False,False,2.6647863247035506,1.8061245325427977
30.389662,38,3659.890812,True,False,False,2.5019683779115582,2.536643559146226
32.774278,28,3660.217019,True,False,False,2.8089870350717296,2.8340259712055436
40.429062,61,3660.919375,True,False,False,5.436514672538338,4.664627333625016
43.053001,57,3661.600126,True,False,False,5.0285670165908,5.027477863808347
34.637011,59,3662.277362,True,False,False,4.266723182593628,3.6514449394014834
46.452841,56,3662.929194,True,False,False,5.795898647009416,5.677924715709547
28.360278,24,3663.204806,True,False,False,1.9257227067506726,2.030191908255601
30.755349,31,3663.5713,True,False,False,2.3902384312095357,2.473084535987639
32.699662,48,3664.121622,True,False,False,4.147434963436415,3.0776351603447796
32.75069,42,3664.593813,True,False,False,4.285238104013142,3.152942350611036
28.149764,27,3664.890713,True,False,False,1.9201905261110876,2.0398644445285465
29.427213,19,3665.121211,True,False,False,2.0335711720133585,2.1855961354551305
38.322018,90,3668.923191,True,False,False,6.94700384493852,4.989788854711485
43.357928,66,3669.691063,True,False,False,6.343158898589045,5.370633926683152
27.021234,21,3669.91532,True,False,False,1.5333067952384347,1.7561314757875068
27.649735,32,3670.290205,True,False,False,2.8418439554256407,1.9719788920067554
46.938581,71,3671.103534,True,False,False,6.777113512563918,5.9791722963087865
48.634072,68,3671.888466,True,False,False,7.0891731066117165,6.326305943773582
34.693909,51,3672.460614,True,False,False,3.7039359547507305,3.6206113839860294
32.446258,40,3672.918818,True,False,False,2.782508778629286,2.894505695938506
34.191485,38,3673.367289,True,False,False,3.206520183542321,3.188525418546932
26.589877,21,3673.615312,True,False,False,1.6435815292043312,1.6715535450707468
46.289525,67,3674.378498,True,False,False,5.906692498735978,5.665611386139745
39.311763,44,3674.899359,True,False,False,4.163782708966997,4.229142417591222
44.851752,75,3675.774446,True,False,False,6.033553100509239,5.506116382152494
40.980115,57,3676.437081,True,False,False,5.653175868740313,4.5939094997394125
35.293799,57,3677.106017,True,False,False,4.376426863628326,3.8137885578407125
27.486043,26,3677.406737,True,False,False,2.0174122339738343,1.9196131648116956
45.643629,63,3678.130742,True,False,False,6.771526552877821,5.5661285739932636
38.276411,26,3678.434899,True,False,False,4.206596239409988,3.9051183255236044
50.340577,112,3679.745906,True,False,False,7.6726159867260035,6.772212146249101
37.165054,45,3680.278956,True,False,False,3.8816678046986497,3.8706747055941277
50.179058,81,3681.225528,True,False,False,7.786240067666803,6.665919418556889
39.187325,64,3681.937809,True,False,False,5.22168502593366,4.4007195558386645
47.726677,92,3682.948756,True,False,False,6.955094774313049,6.066818220598984
27.669749,29,3683.280333,True,False,False,1.780311207246686,1.9561669526456869
44.015846,68,3684.042119,True,False,False,5.808021874017606,5.430621760674718
31.437641,33,3684.407233,True,False,False,2.715691893552718,2.7131740496549135
40.709007,55,3685.059409,True,False,False,5.7153448796705115,4.667470235038047
40.363218,67,3685.832751,True,False,False,5.318414445799929,4.570152473733194
36.307999,42,3686.335413,True,False,False,4.356976184216897,3.7381760039741994
32.568158,49,3686.910227,True,False,False,3.290334040359127,3.0830509112497237
33.413551,47,3687.451212,True,False,False,3.6286265349544227,3.1804307507923593
39.777055,53,3688.083203,True,False,False,4.6504573307927455,4.438673162172377
32.197741,41,3688.55302,True,False,False,3.153972726595225,2.8722115458274433
40.344222,60,3689.255515,True,False,False,4.497665873131743,4.557327402508801
47.695381,64,3690.001648,True,False,False,6.4109431718728525,5.989652705298135
28.862076,25,3690.298187,True,False,False,2.2448669966436716,2.1687926580637127
39.472507,52,3690.912065,True,False,False,4.569279489321037,4.399677939774401
42.100245,46,3691.456803,True,False,False,6.125173401443556,4.854521338206779
31.269295,41,3691.920962,True,False,False,3.167347457282775,2.7758376344283433
29.974218,44,3692.430063,True,False,False,3.4024521828228456,2.6199344862156693
27.92096,22,3692.683904,True,False,False,1.9969105409776657,1.9876287058186348
37.528033,30,3693.03881,True,False,False,3.7096785018632317,3.725320241179699
26.708637,15,3693.211922,True,False,False,1.3908535618964473,1.656474770826977
35.487778,38,3693.637322,True,False,False,3.4437887312467317,3.5350448517064335
36.276292,56,3694.282797,True,False,False,4.05454693565848,4.0073731825758285
44.914902,54,3694.883188,True,False,False,5.314329794502887,5.380398655143578
28.764922,27,3695.171212,True,False,False,2.300935736292373,2.2074079337155
34.281489,34,3695.538591,True,False,False,3.6133207531657514,3.1484725929952684
42.102364,68,3696.309913,True,False,False,5.432538240637736,4.971708604861002
53.263446,133,3697.871123,True,False,False,8.689522000355577,7.5583154945355835
29.081419,21,3698.104832,True,False,False,2.033046797072016,2.1428512451470825
36.177891,73,3698.971717,True,False,False,5.0278219468545196,4.15316704071996
39.578889,41,3699.431666,True,False,False,4.5791605457268885,4.30334547174262
33.092005,25,3699.730769,True,False,False,2.7226601764757374,2.8550955668571043
27.282889,27,3700.041189,True,False,False,1.8006312952321122,1.928398894727382
26.534339,25,3700.333208,True,False,False,1.8037648026852207,1.7799232105378429
40.591628,65,3701.076176,True,False,False,5.179776074566127,4.763978253724847
28.37109,46,3701.615204,True,False,False,4.028743872938559,2.378229381851498
37.303265,55,3702.252926,True,False,False,4.218632425541908,4.017647002329808
31.083009,37,3702.667333,True,False,False,3.5090286580343957,2.6043374011569242
33.363999,33,3703.051108,True,False,False,3.0974659291630524,3.1088903470264198
37.511198,64,3703.795548,True,False,False,5.900105140891721,4.297585579667876
31.58892,38,3704.241883,True,False,False,2.60097546074764,2.67382807647865
26.684798,20,3704.478431,True,False,False,1.4674027389520654,1.6936456319823339
36.529717,28,3704.795774,True,False,False,3.818978222263665,3.6379828875973406
53.99706,132,3706.337968,True,False,False,8.288738663553088,7.589283108415509
45.109519,78,3707.264938,True,False,False,6.460591052018192,5.644437199999208
33.862971,31,3707.617028,True,False,False,3.2982361983924853,3.095925468240034
27.062018,14,3707.777923,True,False,False,1.4785915728800771,1.6597758606049766
36.044402,34,3708.173939,True,False,False,3.7000683539678976,3.627024521550141
26.985361,19,3708.406503,True,False,False,1.6813077094241138,1.737110140630226
26.003817,21,3708.649663,True,False,False,1.467631935141096,1.6095964420362665
40.722534,61,3709.36097,True,False,False,4.919798240102494,4.6817242686945635
37.773427,47,3709.917264,True,False,False,4.238973130045509,3.9957052999211737
45.865706,68,3710.708448,True,False,False,6.734081227655855,5.5585584913362265
38.755754,63,3711.449653,True,False,False,4.4077962467152405,4.2638164366862945
41.142913,45,3711.961442,True,False,False,4.532853226664675,4.526781470310783
35.616392,32,3712.32729,True,False,False,3.766251942254894,3.5003592968475923
37.581388,62,3713.045912,True,False,False,4.283058339432432,4.033768043594671
43.084073,57,3713.704442,True,False,False,4.8667480811966755,5.013608215858772
31.624208,22,3713.95696,True,False,False,2.683421120607163,2.657819861542412
34.617013,41,3714.422496,True,False,False,3.8110550103935465,3.299282703395031
31.484876,35,3714.834919,True,False,False,3.296456035021522,2.7665030091833267
47.6125,60,3715.539583,True,False,False,5.727634205726372,5.774653169203924
50.148102,80,3716.460414,True,False,False,7.506531698688905,6.430951536103648
47.136692,52,3717.058487,True,False,False,5.867012656239371,5.870011186701689
42.294691,61,3717.75439,True,False,False,5.681323272654645,5.067751744762496
37.276392,41,3718.230665,True,False,False,3.5443693454407206,3.7129624978318674
34.496636,36,3718.661752,True,False,False,3.2122033707936817,3.22520325899849
47.692533,69,3719.467287,True,False,False,6.931644466267254,6.0762529761990764
43.432722,66,3720.222474,True,False,False,6.029858033099619,5.247998310024784
30.770052,35,3720.636127,True,False,False,3.3475633410424406,2.604643291426455
34.755354,44,3721.151731,True,False,False,3.690052659662925,3.4682086757752866
28.848887,17,3721.342004,True,False,False,2.0773121570540463,2.0927188981135525
30.04428,30,3721.691344,True,False,False,2.4934456750684237,2.4032085362998683
36.722138,33,3722.083116,True,False,False,3.457922811928921,3.59007757013852
31.476106,32,3722.45111,True,False,False,2.7179991692597145,2.659650770569731
47.577638,79,3723.351737,True,False,False,6.087213842404376,5.964749089397018
32.266635,38,3723.799354,True,False,False,2.92995116778641,2.8753229958949724
36.291543,50,3724.391436,True,False,False,4.086895519423192,3.787977097229373
38.462058,50,3724.966952,True,False,False,4.731833171961957,4.209053711274145
44.676322,46,3725.505538,True,False,False,5.593138416476059,5.392581165105865
38.133063,65,3726.267979,True,False,False,4.15538155627297,4.149857822405233
47.171084,60,3726.975892,True,False,False,5.972272015500232,5.638771689295587
41.462644,78,3727.874768,True,False,False,6.394116862186485,5.0133014304324215
41.766067,33,3728.249805,True,False,False,4.609966393364385,4.648216976207973
41.075908,50,3728.83345,True,False,False,4.5725952172392335,4.49756972372012
32.197606,40,3729.296376,True,False,False,2.8115629071062758,2.870436492822124
45.84959,66,3730.07611,True,False,False,5.940983415523316,5.711162735178578
37.309534,61,3730.796086,True,False,False,4.134601034526014,3.9637795685351778
36.98622,31,3731.156859,True,False,False,3.6025710000406805,3.6912768122317003
35.422788,50,3731.745808,True,False,False,3.864711742826199,3.655415821657133
26.566523,13,3731.910221,True,False,False,1.4541992080875716,1.6694758556184914
44.372907,60,3732.604872,True,False,False,5.972174764559399,5.265893817507259
26.574491,14,3732.766943,True,False,False,1.4042034192193698,1.6383728807593945
26.444856,17,3732.951482,True,False,False,1.4122060128316014,1.6217360041984399
36.110851,31,3733.324176,True,False,False,3.6256125266202552,3.4793093677513083
27.241426,35,3733.717327,True,False,False,2.5384274587233793,1.9502457966670914
46.582941,55,3734.359968,True,False,False,5.619235691726194,5.631691853593931
45.868825,62,3735.08611,True,False,False,5.839231891151953,5.674666777127444
33.61593,30,3735.439753,True,False,False,3.0766014483085176,3.0090705950996095
41.990393,53,3736.041705,True,False,False,4.800025721045222,4.822623069894621
31.922102,34,3736.436389,True,False,False,2.835115176440624,2.765708147318614
29.045068,32,3736.806619,True,False,False,2.5103214520304755,2.2544492685548314
41.578989,83,3737.788202,True,False,False,6.294998061849613,4.959978439329718
26.966297,19,3738.007964,True,False,False,2.333724012180254,1.7689575384404859
33.912087,57,3738.688669,True,False,False,3.7262682701397996,3.379779454400725
36.669926,47,3739.232897,True,False,False,3.9713640026952626,3.780345259770454
56.804224,81,3740.160892,True,False,False,8.81647935073098,7.818128851235645
33.800528,57,3740.820783,True,False,False,3.368290966887815,3.37862496709055
26.697076,28,3741.141112,True,False,False,2.560995125689586,2.0135927880507154
45.208223,111,3742.455014,True,False,False,7.7532711422552785,5.990157232390075
40.478453,64,3743.214018,True,False,False,4.499706027303316,4.565728647684428
32.10373,50,3743.800576,True,False,False,3.2291319896330584,2.932084750586463
31.428273,23,3744.062982,True,False,False,2.6563348648059515,2.544703466963988
27.965668,12,3744.20489,True,False,False,1.695653213415642,1.8073596586277945
43.214286,31,3744.578559,True,False,False,4.789016200294751,4.800714605590789
45.287444,92,3745.649997,True,False,False,6.442617775386266,5.925768566484729
35.488099,55,3746.295571,True,False,False,5.12927064280272,3.7475390952717014
33.084066,40,3746.770169,True,False,False,3.159364893399281,3.0905276281733243
25.538944,40,3747.244373,True,False,False,2.9603978423540993,1.7218167485488929
30.268342,30,3747.604347,True,False,False,2.560466811270117,2.4998425895107865
42.009512,46,3748.147696,True,False,False,4.941727381968307,4.712050344886967
30.034137,34,3748.554306,True,False,False,2.384577280993586,2.4092545490997477
48.290685,69,3749.390756,True,False,False,6.548007348245461,6.1650143939746505
26.004828,17,3749.581915,True,False,False,1.4710175094241382,1.5323682865458519
27.258048,14,3749.752332,True,False,False,1.5519453427123153,1.6787317206053083
41.091459,79,3750.684698,True,False,False,5.356499885663906,5.109014959903112
48.975047,73,3751.530909,True,False,False,7.063988046935139,6.28913565840995
49.515711,87,3752.557987,True,False,False,7.015011466598749,6.472239174009748
26.787459,17,3752.750531,True,False,False,1.5159291449385974,1.6737749727499154
48.252806,64,3753.507289,True,False,False,6.07699402926106,6.052173717599341
30.869817,31,3753.886292,True,False,False,2.685493983389719,2.5200779712425794
35.276593,43,3754.385367,True,False,False,3.3845110827522347,3.4898467093053602
26.415786,14,3754.552973,True,False,False,1.403915087088218,1.6194808819566024
41.567264,61,3755.282532,True,False,False,5.027760703522384,4.705835828476416
52.626079,74,3756.143016,True,False,False,7.603424564926423,7.015058210264723
25.172979,52,3756.761986,True,False,False,2.7703542954290934,1.8929113816581797
28.649284,16,3756.949739,True,False,False,1.8772206381845777,2.0705521231781097
38.319183,44,3757.471189,True,False,False,4.972788454199319,4.083283789134126
43.925784,63,3758.191965,True,False,False,5.557165940406506,5.326679094433761
41.917336,40,3758.676345,True,False,False,4.758069444880088,4.612685586051597
43.419827,50,3759.27055,True,False,False,4.945207972538061,4.919241870364808
32.589781,49,3759.86434,True,False,False,4.618913701031025,3.3127709318439433
34.36646,31,3760.219981,True,False,False,3.172202863513621,3.1602016250131486
40.755382,48,3760.791305,True,False,False,5.511411681917119,4.562685914702494
33.943143,43,3761.31055,True,False,False,3.585167172033856,3.2083350263800248
35.563269,51,3761.902159,True,False,False,3.481070295296476,3.6102758911871784
25.66568,23,3762.178907,True,False,False,1.511721773568338,1.5825165323888268
36.202514,40,3762.661727,True,False,False,4.182547268933976,3.7001055803410408
37.589377,50,3763.258696,True,False,False,4.087465037013573,3.951304944077656
43.588979,63,3763.999557,True,False,False,6.533896703594182,5.330122357108648
33.833633,24,3764.286425,True,False,False,3.0647580665005663,3.07463572191051
26.670813,15,3764.474051,True,False,False,1.502646786218132,1.6407369144771207
42.473871,53,3765.095448,True,False,False,4.6049517744461035,4.767802105103703
41.292931,80,3766.025357,True,False,False,6.246583007800503,4.8383827246534
46.742402,60,3766.729146,True,False,False,6.453920597627111,5.82570141330262
28.906043,27,3767.059461,True,False,False,2.3545353043520123,2.192322583800764
36.397615,37,3767.487616,True,False,False,3.592123410992281,3.614458537452923
43.690139,86,3768.512138,True,False,False,8.059111373404448,5.656117274383964
36.998345,96,3769.620173,True,False,False,5.210168971904633,4.425318172616798
29.558899,23,3769.896314,True,False,False,2.1393194458885043,2.2920021663630346
45.018957,103,3771.096499,True,False,False,7.965997942305357,6.122390701418785
34.887732,64,3771.835288,True,False,False,4.018154247294288,3.6775706982011807
26.302024,35,3772.24505,True,False,False,2.5430909987898627,1.8059341504369568
35.413451,46,3772.78345,True,False,False,3.4101153283185197,3.500252860617341
51.051352,72,3773.591737,True,False,False,6.695871422488907,6.543600775074834
34.886145,51,3774.176119,True,False,False,3.599400653208286,3.420741515178299
32.473094,40,3774.639522,True,False,False,3.060174089282476,3.0107890867028555
29.668509,20,3774.867207,True,False,False,2.0569998845697124,2.200213409946417
30.997293,32,3775.234052,True,False,False,2.382894878212049,2.6235636309574217
27.918243,28,3775.552933,True,False,False,1.794850457930059,1.9673709775596842
27.692604,23,3775.826551,True,False,False,1.8400653855489184,1.8803858219831837
48.967625,56,3776.48105,True,False,False,6.541671702806198,6.174005212244016
34.925557,52,3777.080743,True,False,False,3.4149354235414227,3.494161975338207
41.328814,45,3777.591885,True,False,False,5.031431906286261,4.648352497364658
27.124329,16,3777.779321,True,False,False,1.6967345178858053,1.6573418556028916
29.401838,29,3778.115571,True,False,False,2.3380551487897803,2.37544055668754
26.061179,24,3778.38707,True,False,False,1.8289125369307881,1.6040552063788966
42.148538,76,3779.283513,True,False,False,7.075048247838017,5.392824224473578
32.824204,35,3779.679112,True,False,False,3.097948035075886,2.921791852562277
37.333272,43,3780.197029,True,False,False,4.173218490354784,3.928073427839552
48.60449,82,3781.158965,True,False,False,6.377622880739727,6.205411547925699
45.821154,66,3781.92253,True,False,False,5.733499948517138,5.5386132064198215
26.023901,44,3782.432688,True,False,False,2.6411994214903007,1.913501092494617
26.918561,17,3782.620529,True,False,False,1.4747936444864167,1.679451126156784
33.101003,28,3782.947829,True,False,False,2.8420582740172846,2.925761360474102
46.403384,49,3783.532716,True,False,False,6.339724920029953,5.724249295490436
40.581438,77,3784.433583,True,False,False,5.680530894174674,4.967397935059395
36.120106,27,3784.752741,True,False,False,3.4510675295714184,3.4365026004740655
