#{"t_start": 1789506487.467028, "env_id": "None"}
r,l,t,is_success,collision,timeout,path_length,start_dist
-43.710004,229,4.190629,False,True,False,7.5326413639523455,4.298808752069021
-24.617156,19,4.337778,False,True,False,0.9208227205810005,3.0358076345279734
-37.318249,114,5.250718,False,True,False,3.6100884660538832,2.9038960056369523
-23.176596,60,5.719132,False,True,False,2.956671627173074,5.485268780915357
-47.336403,236,10.660799,False,True,False,12.955832511441828,2.5932895001730696
-32.170862,300,13.020713,False,False,True,11.435966755017665,2.571755241227935
-35.33588,257,17.165119,False,True,False,12.607637287032972,3.0019098836981604
-30.597738,107,17.992446,False,True,False,5.694889864024618,5.625154300132189
-3.245112,300,22.319432,False,False,True,14.427172992104607,5.130540330185941
-22.603171,300,24.667283,False,False,True,13.636035293853631,2.0779705835935833
-13.161415,300,29.1008,False,False,True,7.8277250603823845,4.5782313017508915
-13.265218,300,38.555356,False,False,True,12.077542457386572,5.171757121578186
-34.989647,174,41.970391,False,True,False,9.678949870025235,2.0134125696297365
-20.584888,300,44.38238,False,False,True,9.636202039979768,1.945895149125421
-22.902357,102,47.108392,False,True,False,3.6662989194315645,4.589630889132419
-19.342951,14,47.218294,False,True,False,0.8415287335102684,3.7534941177784193
22.063849,128,48.243097,True,False,False,6.128297583613725,2.5820908390895583
-7.673763,300,50.627555,False,False,True,11.400745860247891,6.2044979196479915
-23.067245,25,50.825988,False,True,False,1.0178788473489164,1.8621769746803167
-11.583232,129,53.850589,False,True,False,5.5724693968972865,4.34390222879162
13.306346,250,55.832345,True,False,False,8.128170859019065,2.6812310617522135
-29.284233,276,60.244862,False,True,False,14.739814769966266,4.6215077912368185
-25.634488,117,61.213868,False,True,False,7.925814095825948,2.1290125525044914
24.290981,298,65.563572,True,False,False,16.72102781538989,5.6610563949770345
-26.91522,179,66.976077,False,True,False,6.526044093572208,2.9531199159935366
-21.331961,37,67.281376,False,True,False,1.979513910815166,3.720628663803347
-19.058815,43,67.634382,False,True,False,1.9242608267651555,3.353321917671817
-18.574654,104,68.474316,False,True,False,3.7395742791229636,6.048326916311701
-21.001112,82,74.681397,False,True,False,3.5408052275742907,3.5772865182545623
25.681737,22,74.871409,True,False,False,1.8743977866751458,1.6027625753338872
26.320287,49,77.21648,True,False,False,2.6300559404867703,2.1638849796422694
19.446968,94,77.959039,True,False,False,3.7364812109828627,1.529848368726582
16.139431,259,80.00731,True,False,False,10.207344604758076,3.318542270478159
24.383498,105,80.844443,True,False,False,5.056668478662303,2.532632978346609
-21.705966,85,83.4483,False,True,False,3.3459784221070183,4.4949174323782
-17.843297,17,83.580794,False,True,False,0.9693350404086947,4.558558337338997
-16.773371,300,86.017972,False,False,True,17.545014115414887,2.2354587605866763
-15.750162,66,86.538105,False,True,False,4.3383205825398425,5.104934861591647
-15.670351,47,86.918074,False,True,False,2.3390639076058277,5.089247245967887
34.436629,86,89.549205,True,False,False,6.060369044939379,4.180476887118466
-14.972432,16,89.67691,False,True,False,1.3129379964070984,3.5175193782392387
34.096128,161,90.957649,True,False,False,10.037192887606757,5.239893353865374
-16.461638,47,91.345896,False,True,False,2.3793824458852035,3.5071848048102514
-24.362969,230,95.1119,False,True,False,12.518681304407963,4.271504258314611
27.288391,46,95.498646,True,False,False,2.5263250492510063,2.179253247954451
23.298437,72,96.051971,True,False,False,3.4556245843091102,1.9513618145261094
24.355241,90,96.751799,True,False,False,3.8152532951607716,2.620896585776312
-13.608077,59,97.207178,False,True,False,3.100515765691257,4.303035659076672
32.475351,82,97.852937,True,False,False,4.472150080776835,3.6344417203517034
22.337025,88,98.551509,True,False,False,3.304152067843007,2.2443446011875117
20.735194,126,101.706333,True,False,False,5.628769075571059,2.3271420910882297
31.224582,62,102.20377,True,False,False,4.049291095922976,3.145216365597733
23.299239,66,102.732532,True,False,False,4.24410765152601,1.7732608119512216
-15.642696,157,107.942965,False,True,False,5.980013838986929,4.938414112711789
29.450481,46,108.306546,True,False,False,3.2336518659647675,2.646918611560016
-12.679535,134,111.367552,False,True,False,5.464698834340328,4.698415128688995
28.092965,199,112.944449,True,False,False,8.276898729905739,4.456222760359512
34.189043,82,113.583688,True,False,False,5.294815141552995,4.065830853003771
-10.114349,98,114.378776,False,True,False,4.971185291342498,5.151953580821588
22.033098,54,114.822393,True,False,False,3.2825147574116174,1.6596493604937386
36.940508,132,117.802361,True,False,False,8.57165822156361,5.267959631408598
27.705071,82,118.458811,True,False,False,3.958191053335217,2.9463046474414516
21.685052,136,119.587681,True,False,False,10.110931166682297,2.6034721147178757
23.351356,100,120.359652,True,False,False,3.9984685122470127,2.3040355909530934
-17.766568,30,120.591767,False,True,False,1.4289985405407657,4.6149401716770875
36.674288,67,121.125771,True,False,False,5.3036033044885,4.3267038588579245
-14.340729,20,121.285148,False,True,False,1.5316199737426424,5.638574061477549
29.307853,103,124.020512,True,False,False,5.705060275266708,3.435818195102889
25.033522,180,125.466281,True,False,False,7.993469421597694,3.9180248545405276
34.099794,175,126.859855,True,False,False,12.759041635308824,5.723677402623147
32.645777,237,130.652158,True,False,False,9.320824057717505,6.050639888156775
31.798669,83,131.324768,True,False,False,3.9489344167427585,3.5570069368289485
39.665034,92,132.081719,True,False,False,6.794725262323259,5.263994244506443
29.059353,43,132.410066,True,False,False,2.536144128799608,2.496842617946819
-17.204474,39,132.691105,False,True,False,2.2864325508680374,6.095059162001141
39.472335,133,135.685951,True,False,False,8.252702270208658,5.715654641863367
36.109954,70,136.249266,True,False,False,5.932295414638933,4.434991173257261
32.958672,114,137.140053,True,False,False,8.458403163551502,4.252816470959566
31.119334,49,139.989467,True,False,False,3.5098150544413493,3.1865169115774545
21.372969,103,140.81784,True,False,False,4.191457867620641,1.9915883208783998
35.384158,73,141.394317,True,False,False,5.038985511341664,4.247782541214372
31.26485,51,141.785748,True,False,False,4.221904998120373,3.0781779806597
32.715589,72,144.355928,True,False,False,5.035919742176006,3.567020075055776
41.726397,109,145.224405,True,False,False,5.935197544256024,5.626371081574822
-15.167213,59,145.683357,False,True,False,2.3719700242133963,3.780784588376287
39.417704,63,146.187788,True,False,False,5.292831707634656,4.830394566391197
28.824536,58,146.633576,True,False,False,3.255059014087858,2.6172552786734578
23.395153,56,147.077943,True,False,False,3.1696849537635323,1.6733557603091107
-16.984933,90,147.795552,False,True,False,5.911124591428898,5.1648783667906555
-11.112118,80,150.449693,False,True,False,4.226492243730679,5.022005768987272
30.315025,45,150.797199,True,False,False,3.082647015423459,2.7447646759254685
26.468979,77,151.418199,True,False,False,3.7361020465254002,2.504940339580906
30.415425,83,152.159394,True,False,False,4.953235085911078,3.3684074307224043
-19.400545,69,152.795114,False,True,False,3.7079627268976645,5.429848573573237
25.715714,89,153.513563,True,False,False,5.478521395780083,2.5901701640782013
31.491366,53,153.932953,True,False,False,3.5487254049651393,3.116797558138098
26.201659,39,156.224886,True,False,False,2.676069531196518,1.9140459469177693
32.733913,109,157.105716,True,False,False,7.799921129101631,4.2578423697025105
30.182992,139,158.219219,True,False,False,6.897072378936505,4.368636082554106
27.897753,60,158.715961,True,False,False,3.392145095162201,2.6626238932138295
-0.153762,300,163.10374,False,False,True,11.650000970866776,4.67461962580228
28.821567,32,163.36308,True,False,False,3.0678890587404237,2.5429602196683803
39.711249,65,163.8996,True,False,False,5.49055534505388,4.768706595218046
27.191093,78,164.527304,True,False,False,4.954954649406136,2.6994644231347946
-6.70982,127,165.509149,False,True,False,9.7518127760846,5.592538699280868
35.643701,60,165.978625,True,False,False,4.337494536449528,3.9344193566277585
32.589134,76,168.475487,True,False,False,4.633929949887842,3.6197715035485185
26.638575,59,168.958045,True,False,False,2.8105062777931833,2.2200400904827426
25.100796,134,172.403983,True,False,False,5.749300921569631,3.1225205401962843
-20.408456,44,172.761714,False,True,False,1.8990328408979233,5.361112091142626
31.929218,45,173.120766,True,False,False,3.328258151550097,3.0424419577167456
31.02504,72,173.680156,True,False,False,3.5772931375321413,3.2774255168683553
28.003406,26,173.884137,True,False,False,2.024914442747406,2.009766142200429
31.413775,50,174.286279,True,False,False,3.7108962622275214,3.180735897519807
43.642407,177,177.527654,True,False,False,10.571796788660855,7.003398421597953
32.95631,45,177.881381,True,False,False,3.4387520170714216,3.3204693757413035
23.86455,49,178.265107,True,False,False,2.6388296648557907,1.8239545492001956
46.541339,77,178.895641,True,False,False,7.3076681518440845,6.27573888098867
26.426484,24,179.092925,True,False,False,1.7038633063583661,1.71466952008779
-18.860132,17,179.228766,False,True,False,0.862553322710456,3.215397021013292
31.518659,33,179.494691,True,False,False,3.296068993164432,2.894255779703722
15.817965,135,180.577055,True,False,False,7.557790080912403,2.1932806134628597
30.225052,39,182.884502,True,False,False,2.6948580723598448,2.6766126201607197
38.669739,128,183.936446,True,False,False,8.967946043831102,5.7109371244963985
45.998258,57,184.41108,True,False,False,6.568356110813875,5.839001498010069
29.08514,57,184.871878,True,False,False,3.7143936373710678,2.7976101522297814
45.494274,56,185.292975,True,False,False,5.856192901934618,5.6868061728832116
39.066595,80,185.92732,True,False,False,6.123524971320154,4.888695577117416
-9.939505,91,186.670068,False,True,False,4.318308713816101,6.1474850815433255
-10.237361,34,188.87228,False,True,False,2.4700880393003817,4.716629843996637
42.184683,64,189.399997,True,False,False,5.824051828609903,5.2630825340268705
35.144432,94,190.166556,True,False,False,7.4518507099131845,4.559066845385318
32.473343,36,190.457039,True,False,False,3.0242111145337125,2.9672723640860146
-12.45864,51,190.864767,False,True,False,2.721605632410768,5.392474116554868
35.463479,55,191.317254,True,False,False,3.9049847377087703,3.8218140810823855
26.687678,28,191.54301,True,False,False,2.48351487564833,1.9066680469529858
19.348324,94,192.290349,True,False,False,5.508446512300174,1.5201848279271293
38.811581,92,195.010742,True,False,False,6.5405535767655465,5.073925680835338
27.154638,15,195.141756,True,False,False,1.6240596934300962,1.7147623241390966
-20.32796,16,195.288112,False,True,False,0.9238764493564209,2.880313850563843
20.330617,166,196.636124,True,False,False,7.633086283843734,2.7560901516026526
28.668205,33,196.902024,True,False,False,2.2581941038247972,2.174897020589935
29.978289,38,197.216145,True,False,False,2.4192462285966894,2.5449472788390017
36.018006,133,198.248144,True,False,False,6.89188462596975,5.198248814566099
31.328865,80,200.908936,True,False,False,5.457481495104084,3.6890612729535643
41.111309,124,201.923979,True,False,False,6.601153618505852,5.561718523800976
22.554938,65,204.433888,True,False,False,4.361786111664177,1.6823921770238128
37.98056,47,204.81696,True,False,False,4.212633953775881,4.167774535773403
-4.910643,60,205.300109,False,True,False,4.631754695448069,5.41820612509698
33.058037,104,206.166574,True,False,False,6.456156657266249,3.929743035251353
20.902667,65,206.67131,True,False,False,2.784481624986943,1.535325548368336
39.578881,122,209.69236,True,False,False,6.9691439449999635,5.336121766014842
30.264023,60,210.158564,True,False,False,4.211242719070742,2.9267100870735048
37.524107,68,210.700019,True,False,False,5.007546064719346,4.497787950979107
36.220286,98,211.490325,True,False,False,7.660670490090355,4.8208595117919755
-27.405316,154,212.725296,False,True,False,6.528399320490855,6.341386748433572
28.865189,52,213.134971,True,False,False,3.3124003132314757,2.54139890678664
34.710556,85,215.792484,True,False,False,6.880499510995306,4.49737145121366
32.499375,50,216.179565,True,False,False,3.105979267806289,3.109928235179347
38.189775,129,217.203336,True,False,False,9.739650940949813,5.415488889379789
28.956621,63,217.68038,True,False,False,4.085375295290651,2.781181744105726
36.0853,71,218.217537,True,False,False,5.451645031442171,4.246064405755324
39.193925,86,218.906519,True,False,False,6.0794240463306854,5.072885486143763
29.160889,55,221.397166,True,False,False,3.339194889879648,2.639647481986026
25.412485,23,221.584583,True,False,False,1.6276378880234699,1.5290631668576267
34.58901,64,222.101793,True,False,False,4.304136210718939,3.8640102272135697
28.320688,26,222.315561,True,False,False,1.99610990643836,2.0874334960276246
41.329846,116,223.262972,True,False,False,7.431143806538895,5.721134212923231
36.421894,104,224.195313,True,False,False,6.098764138120649,4.532940365622418
53.002137,125,225.491113,True,False,False,8.757689215531999,7.995414054657252
24.438325,38,228.073879,True,False,False,1.9072873761000881,1.5839145356460687
31.325044,75,228.669843,True,False,False,5.558446618707406,3.3401303607708415
30.485879,48,229.065095,True,False,False,3.0422921056786176,2.788631504987001
37.591876,61,229.549739,True,False,False,4.400163096150946,4.222412653646839
30.334549,51,229.959673,True,False,False,2.879743332270214,2.7418731849507503
29.085486,28,230.192128,True,False,False,2.881123473733551,2.286452274793899
27.312437,33,230.465199,True,False,False,2.703649115704502,2.304417819792791
34.346455,125,231.469038,True,False,False,6.813639202573774,4.636373282878075
32.632153,56,231.913757,True,False,False,3.429151469542032,3.301255364619686
44.035135,65,234.394523,True,False,False,6.576319527519515,5.468841755518856
46.515263,84,236.708703,True,False,False,7.976798562364737,6.350552240430278
39.56411,40,237.023651,True,False,False,4.782382119619598,4.379627097565136
32.14631,30,237.255318,True,False,False,2.835238086249659,2.871351547884934
-2.990845,49,237.617564,False,True,False,4.852863412352281,5.645291634717077
39.768677,112,238.503199,True,False,False,7.445069315755445,5.415080374198253
43.807483,69,239.075157,True,False,False,5.701223880809565,5.624185151562618
37.569677,127,242.028941,True,False,False,7.75590650199761,5.425216311320722
32.177338,28,242.252911,True,False,False,2.746355661657555,2.8506024745814678
36.99661,60,242.763275,True,False,False,5.852589555161053,4.280297498395799
32.952792,25,242.972673,True,False,False,2.7307620804052397,2.896034161983743
38.997009,116,243.927762,True,False,False,6.116165466941104,5.245497193328773
39.09604,102,244.73591,True,False,False,5.410298255020951,4.944615199587858
41.934678,64,245.233925,True,False,False,5.155448697780773,5.086424139272437
34.325291,73,245.809427,True,False,False,4.904820070751147,3.9765513466358606
44.613656,140,248.945667,True,False,False,9.423270337011205,6.712800488833509
40.024959,69,249.496057,True,False,False,5.497055505231024,4.784493621264693
26.719458,37,249.787959,True,False,False,3.467425358255122,2.2055809542363525
37.105712,49,250.174601,True,False,False,4.814702568074072,4.017919700044957
33.121899,117,251.108652,True,False,False,8.766048461965742,4.236297230721318
34.288187,39,251.419754,True,False,False,3.31379008716902,3.366366847355416
45.561702,143,254.583335,True,False,False,10.806021932276035,7.080637020698927
-20.310234,43,254.91983,False,True,False,2.0993280162562247,2.0476362369546823
37.312779,110,255.807769,True,False,False,6.19233480347274,5.011302097356364
-11.752192,23,255.986835,False,True,False,1.9310465578562401,3.520574214984918
27.03195,22,256.159204,True,False,False,1.8436594986705999,1.8150362337054182
46.585032,96,256.926798,True,False,False,8.026257725416139,6.37638287581262
33.239287,47,257.316608,True,False,False,3.8420738065327305,3.322828464790147
23.631048,76,257.910111,True,False,False,2.9000061932905132,1.9289121287821687
27.782592,44,260.209326,True,False,False,2.53210364344714,2.2096381640366776
38.375516,89,260.915334,True,False,False,7.530565187570707,4.807613221540661
35.286341,69,261.471112,True,False,False,4.622269606607331,3.998560982010433
32.73057,56,261.916848,True,False,False,3.820673975770943,3.1832462359067155
27.774991,43,262.259367,True,False,False,3.6244949922604124,2.1915407714222903
28.92135,33,262.514733,True,False,False,2.9959171291216324,2.371106590713888
29.621558,30,262.75591,True,False,False,2.630756401979523,2.4593737693773563
33.050462,40,263.078169,True,False,False,2.9378857859016594,3.102262453142568
33.370847,41,263.404554,True,False,False,3.7097909435117895,3.2349746063016767
47.219421,107,266.273501,True,False,False,7.741027501029358,6.525987155015839
31.77097,42,268.363807,True,False,False,3.197908882709039,2.9164799850558563
30.502712,33,268.638059,True,False,False,3.372499179622328,2.648193225660995
34.639612,93,269.402272,True,False,False,5.694480325713536,4.3219015839680655
30.745135,23,269.589836,True,False,False,2.3873649308390092,2.543069574266949
40.959736,63,270.094673,True,False,False,5.081420018762253,4.773027250515717
33.529352,78,270.716817,True,False,False,6.1726400104083865,3.895792504691495
36.879305,127,271.752937,True,False,False,6.47141798776847,5.320588493973772
36.901043,59,274.171416,True,False,False,4.843705189043068,4.218563295589617
34.155596,94,274.935312,True,False,False,6.250204775918095,4.078255240046988
27.058008,33,275.200007,True,False,False,1.8767591027625516,1.9449774563279643
39.162147,60,275.680874,True,False,False,5.710503778770661,4.818785199244007
32.029533,53,276.100834,True,False,False,3.2140267552282062,3.022701513958273
43.653426,119,277.042993,True,False,False,6.681556864662469,6.125452681623873
34.125741,50,277.441403,True,False,False,3.728518969237115,3.478554458600335
30.7661,27,277.66175,True,False,False,2.501398083397885,2.5016641915699753
34.428493,86,280.300526,True,False,False,6.502558332723456,4.067178753659761
42.165989,66,280.823419,True,False,False,5.615490370253726,5.285884867232065
37.262921,38,281.129771,True,False,False,3.873319680811885,3.8708830251096566
19.940552,78,281.737038,True,False,False,4.462257117421135,1.8731838356539707
42.803895,62,282.232474,True,False,False,5.749272496163064,5.245825814475639
35.92261,67,282.767556,True,False,False,4.6665829876929985,4.01348530605944
26.746557,29,283.004845,True,False,False,2.4613737151591897,1.933846409210641
31.393977,31,283.282109,True,False,False,3.1254444660842404,2.8722120776852975
28.073398,14,283.404589,True,False,False,1.7385890401068425,1.931568356775308
29.216997,39,283.706111,True,False,False,3.1350729391253185,2.3866962192724666
26.333566,25,283.921888,True,False,False,2.761598634235371,1.7714203420570724
35.533161,65,286.371581,True,False,False,5.152654978459478,3.9588441737459905
34.002821,30,286.603726,True,False,False,3.487819050140093,3.2388204504367364
45.361752,145,287.751043,True,False,False,9.222417092008044,6.721924971174947
27.182913,38,288.047601,True,False,False,3.1715789776062873,2.0588483265374977
40.251066,49,288.440873,True,False,False,4.45932446837686,4.486857944822107
30.345598,49,288.841345,True,False,False,4.24636917703844,2.789304355975213
29.81693,42,289.166572,True,False,False,2.8672670181642252,2.525514817624315
37.385195,46,289.54052,True,False,False,4.584364256194922,4.236068198537714
48.747113,103,292.325295,True,False,False,9.054599636029687,6.906736606984964
38.920691,65,292.858231,True,False,False,6.271835407419679,4.612098797028836
-12.001733,18,293.0185,False,True,False,1.957483885413257,6.141448824568203
45.443482,56,293.489763,True,False,False,5.969766782850042,5.593560291785398
43.46203,111,294.386453,True,False,False,8.442018295121674,6.088258866561362
0.570881,88,295.076858,False,True,False,6.053732373354897,5.982478301041164
31.864558,70,295.634732,True,False,False,4.5345272803615,3.4524852662067205
-18.072887,21,295.794958,False,True,False,1.4749684282553444,4.51722464096469
25.666258,28,296.01169,True,False,False,1.9805567651041716,1.604537407894577
38.393421,44,300.031535,True,False,False,4.36432033033041,4.109537713687493
43.056956,82,300.680447,True,False,False,6.102409168510422,5.42010790384983
32.098151,56,301.14827,True,False,False,5.4419485867063155,3.2991842367220983
-6.388478,44,301.511702,False,True,False,3.4628684520053343,4.855944834836009
29.246358,42,301.851267,True,False,False,2.532647269894431,2.4055588831200625
-15.464363,61,302.339805,False,True,False,4.8716570329703694,4.109556908227232
29.778762,32,302.607369,True,False,False,2.4295594871357307,2.408933286651231
39.299865,40,302.930222,True,False,False,4.564913340793495,4.297229029035179
37.683079,72,303.512242,True,False,False,7.117258337459551,4.433747682912169
27.011069,18,303.659976,True,False,False,1.8346483118524783,1.8160318790461714
39.385736,56,306.191981,True,False,False,5.063296871962053,4.544276221122354
31.935267,36,306.483493,True,False,False,3.3168222809321257,2.8735888477736995
35.675175,60,306.973759,True,False,False,4.41197570536314,3.983981505880824
26.96573,58,307.442165,True,False,False,3.1228762409967166,2.2662127113983943
-0.760877,43,307.789818,False,True,False,4.453955932595542,6.611086476720898
39.541888,74,308.37656,True,False,False,5.8046486328054785,4.846864731222152
36.020783,82,309.042723,True,False,False,5.3413548065674945,4.178696619441836
41.627957,61,309.52092,True,False,False,5.795096350189932,5.019330897309716
36.677095,46,309.882232,True,False,False,4.226536818642311,3.9198602368056137
36.734803,58,312.264025,True,False,False,4.5088890135821,4.126094407144565
29.061898,45,312.610796,True,False,False,2.990696055466065,2.5233173521497787
30.33379,20,312.770686,True,False,False,2.2432689597740927,2.391467887976946
34.42114,62,313.278411,True,False,False,3.4819797414949787,3.579242596851789
38.041666,44,313.635302,True,False,False,4.18957027393604,4.133235225317924
36.491953,45,314.006576,True,False,False,4.264347050939209,3.963776904261261
41.66713,67,314.575884,True,False,False,5.218327251632424,4.978553200338875
35.810377,61,315.060054,True,False,False,4.576494603556015,3.922679865157525
32.802758,39,315.362212,True,False,False,3.3504945093842764,3.0687786577166567
-9.944704,33,315.619943,False,True,False,3.0776608045202765,3.9458048680186644
34.426317,30,315.865185,True,False,False,3.3540900508781517,3.2316914324559014
27.010947,35,316.150157,True,False,False,2.2450159759650785,1.9524961807936816
35.560188,56,318.627787,True,False,False,4.126262533989696,3.7549485049893234
39.655795,60,319.149107,True,False,False,5.17590017479409,4.706888700374678
36.094799,47,319.531357,True,False,False,4.700995731989845,3.8456455089290054
33.882658,83,320.194547,True,False,False,4.288579954009444,3.813661821009447
42.620097,145,321.330041,True,False,False,8.78807066320704,6.239701099642395
31.107749,47,321.701243,True,False,False,4.248047984316704,3.1424733334200132
24.810598,49,322.089887,True,False,False,2.574866525578475,1.7955965794459683
38.710637,51,324.496347,True,False,False,4.154411495549094,4.2245964372383575
37.298306,82,325.154971,True,False,False,5.233247266688867,4.379441513954318
42.989271,62,325.664867,True,False,False,5.655441754643433,5.151784236807841
41.227493,57,326.125932,True,False,False,5.3427755431248,4.976429909142055
31.45198,51,326.524868,True,False,False,3.9242761367661303,3.025250122848574
25.72251,32,326.791858,True,False,False,1.8617106433706336,1.7064950433836612
28.563879,22,326.966456,True,False,False,1.8950043859896464,2.017931371149093
32.823873,43,327.301572,True,False,False,3.8317338834736123,3.3090836297557966
48.404628,117,329.903574,True,False,False,8.380250976941003,7.031804567375713
-7.839511,121,333.056166,False,True,False,6.374770422143296,5.094133862822012
29.6288,88,333.908498,True,False,False,4.11981240641282,3.1111313594446313
28.060708,65,334.61297,True,False,False,3.5684484623307697,2.5944606125070604
35.494021,95,335.64457,True,False,False,5.929537814849753,4.378259921273923
38.698463,102,336.502374,True,False,False,6.589493538830353,5.074362804810659
33.834001,75,337.096723,True,False,False,4.680291421159734,3.75879197960596
37.426204,88,339.812555,True,False,False,4.893627686421212,4.7627970904820955
43.217722,67,340.337136,True,False,False,5.404244204327809,5.193203216607902
35.872348,56,340.795395,True,False,False,4.190766484155655,3.9253469206092073
40.44666,60,341.2798,True,False,False,5.550655898684477,4.774690639424452
29.64599,46,341.662954,True,False,False,3.048262182034786,2.672561053409552
25.41815,36,341.949148,True,False,False,2.941207117101573,1.8457112498934392
37.44304,96,342.728395,True,False,False,6.286837824005305,4.91527994137998
31.107402,29,342.953133,True,False,False,2.9150956976756865,2.7101752291821013
41.881254,120,345.963415,True,False,False,8.268256503720137,5.8486203217662345
31.753304,48,346.346349,True,False,False,3.3448128964384884,3.0893169507462463
32.708143,40,346.664249,True,False,False,3.9074565114877675,3.1215677347743065
35.210033,103,347.474137,True,False,False,6.9598670816947426,4.585080956087721
30.901119,70,348.026546,True,False,False,3.3971512932751424,3.139301542478402
38.680083,55,348.460799,True,False,False,5.170160969348154,4.372872136028506
28.378818,40,348.79129,True,False,False,3.997033792399024,2.371082120232049
29.630549,26,348.996454,True,False,False,2.400429091177402,2.3038420618894984
29.104837,31,349.241773,True,False,False,2.166269497586389,2.2391981778557657
-9.249783,33,351.572105,False,True,False,2.8075089873555266,4.244936354496167
36.647151,48,351.972574,True,False,False,4.922283396795234,3.9572639184603275
30.328098,69,352.525629,True,False,False,4.457325640325469,3.0202751609000904
29.663358,32,352.793059,True,False,False,2.6503045909138137,2.449531755135482
28.224283,26,353.0042,True,False,False,3.2023211959069036,2.124571330284057
31.536164,49,353.402191,True,False,False,3.3277391694329377,2.9696052759655567
27.529435,21,353.574357,True,False,False,2.2595514542353703,1.9315224926788386
46.604137,55,354.004865,True,False,False,6.661100005516499,5.889912842417147
29.380129,39,354.317311,True,False,False,2.790231746028738,2.769014625739666
26.84317,30,354.55895,True,False,False,1.963558744404291,1.921578388934578
35.786657,49,354.959806,True,False,False,4.01380759027252,3.7966307993868624
25.944421,31,355.20709,True,False,False,2.1455567848025363,1.8085555886355655
30.086847,51,357.469015,True,False,False,2.773826483588082,2.652839132056371
34.169747,65,357.971597,True,False,False,5.268171913387312,3.885659518476716
38.251975,124,358.977421,True,False,False,7.693541377944008,5.386696743171738
29.268894,60,359.461189,True,False,False,4.864306981160842,2.7856446526650127
31.720393,34,359.722239,True,False,False,2.9470151625939893,2.893420782412114
36.389574,82,361.984535,True,False,False,5.614802097921438,4.380514108775399
26.628933,15,362.099558,True,False,False,1.5744882898741093,1.66196622251392
27.517561,51,362.495049,True,False,False,3.1419804869802443,2.379334498228984
35.716302,43,362.828039,True,False,False,4.106961142072739,3.6445265183729827
45.225918,129,365.780187,True,False,False,8.039380637325705,6.502854248178341
42.315201,91,366.510001,True,False,False,8.15510173594581,5.431673102921395
32.735191,52,366.927749,True,False,False,4.598131059027107,3.2399848617308136
32.137876,93,367.647786,True,False,False,6.496671466521174,3.7700874611706636
31.59645,50,368.048541,True,False,False,4.012514537550653,3.105865623282401
35.212432,66,368.572558,True,False,False,5.158880439955597,3.996553643331564
33.944328,63,369.087965,True,False,False,5.368102241628368,3.687295555583838
35.209838,36,371.387807,True,False,False,4.18046910309795,3.5686223805932498
31.286063,31,371.628886,True,False,False,3.075534191626371,2.8172446645315046
44.604772,77,372.238171,True,False,False,7.771172702613305,5.880167951834416
29.216797,38,372.531778,True,False,False,2.8521135342301553,2.4414559013448756
26.813953,30,372.768937,True,False,False,2.1251019612025037,1.8337216894091097
45.373018,77,373.357975,True,False,False,6.818701466225066,5.736588024121919
-17.666977,16,373.483253,False,True,False,0.9210574378262247,2.8900430893111353
31.58422,25,373.678675,True,False,False,2.6857486087472835,2.7133026172268804
32.449091,82,374.347023,True,False,False,4.94362684667167,3.712431368831132
-1.039444,76,374.934084,False,True,False,6.984172430151252,5.540078158003778
29.860869,25,375.1251,True,False,False,2.5239909794584516,2.3976745765835537
26.320784,30,377.31442,True,False,False,2.0290390528678253,1.8025605391808108
39.992159,153,378.522208,True,False,False,9.285689156283398,5.83964861908951
39.034332,98,379.298599,True,False,False,5.73853844885138,5.025344456093146
37.774951,47,379.668066,True,False,False,4.571135477606531,4.072875535669799
31.153563,37,379.961799,True,False,False,2.687674978732839,2.6844849516559206
32.266179,23,380.143409,True,False,False,2.600395481924007,2.783779792255718
26.749927,26,380.349216,True,False,False,1.980622632905226,1.8125193087369595
35.177915,50,380.743788,True,False,False,4.473117798013303,3.6598640225959733
37.021439,73,383.388049,True,False,False,5.212022026349169,4.364637128993278
28.428082,26,383.600143,True,False,False,1.9439758904366262,2.122196108653527
41.225197,58,384.073957,True,False,False,5.19848003473744,4.813892101236764
25.271649,36,384.367878,True,False,False,2.8475713213782567,1.7285216096728768
-13.686143,31,384.613243,False,True,False,2.0644347614010625,3.1074241882142277
41.464231,156,385.855721,True,False,False,8.768840709118203,6.152427654449156
31.062226,47,386.232291,True,False,False,2.847024018647238,2.754559795843351
28.3402,34,386.49777,True,False,False,2.1281563308827733,2.163348925342209
45.315134,145,389.635984,True,False,False,8.428377005689365,6.676327174083238
29.15756,26,389.837265,True,False,False,2.151568105182414,2.275008663474542
40.444455,88,390.51459,True,False,False,6.1981258977320515,5.142792793754427
39.545523,74,391.090862,True,False,False,4.882521037342441,4.646127239430472
39.224627,79,393.43666,True,False,False,5.366835626615961,4.974931829490648
-17.753267,17,393.572782,False,True,False,1.2498349745841277,1.8765869510924933
37.216705,39,393.884305,True,False,False,3.9126960402193363,3.9100704925346053
38.268789,48,394.258068,True,False,False,4.814316130187411,4.144438103208437
38.933874,119,397.158753,True,False,False,5.958790625003593,5.1093821328980775
27.03837,23,397.297404,True,False,False,1.7009811908758197,1.7972405875835118
38.245457,52,397.629406,True,False,False,5.374451515680677,4.2554467885709
27.42326,31,397.810323,True,False,False,1.974953573091203,1.9618863238519042
44.223164,57,398.250984,True,False,False,5.640259816492014,5.3339823621393965
31.495977,28,398.466525,True,False,False,2.5719959874629206,2.757729248895684
38.886062,50,398.937786,True,False,False,5.0721348273626035,4.353244423515181
35.275809,84,399.522235,True,False,False,6.212123968961187,4.889286278511097
30.82829,75,400.192017,True,False,False,4.123402245164197,3.130455627232918
42.256371,84,400.899771,True,False,False,8.193476279719123,5.531710351005583
38.561631,45,402.998866,True,False,False,4.101899733813899,4.248531531499763
47.813149,74,403.54645,True,False,False,9.088826094208821,6.430244893183607
29.019191,49,403.94623,True,False,False,2.812475658404419,2.5235148338527473
21.517709,82,404.542227,True,False,False,4.4774543211605815,1.689279234308714
-19.692128,17,404.696926,False,True,False,1.04727145606999,2.8874360610052108
26.393992,16,404.833903,True,False,False,1.4273435299463868,1.5820298243781719
40.478754,71,405.438897,True,False,False,6.198161132305053,5.2329808259156065
45.498711,84,406.091673,True,False,False,7.342990740659955,6.016320594018382
42.984658,75,406.651854,True,False,False,6.005804202414784,5.377347223113975
44.320822,86,409.323023,True,False,False,6.292348861389721,5.734774037596259
39.880664,63,409.795398,True,False,False,5.624619657271968,4.784178270064292
31.023552,62,410.31829,True,False,False,4.08946105834222,2.9727556308145173
30.487372,46,410.673391,True,False,False,3.5378148892303636,2.745695820018369
34.766532,46,411.028198,True,False,False,3.9682271489707377,3.6058482523126534
40.991042,53,411.441354,True,False,False,5.138491816616203,4.78465952128708
33.220655,54,411.859143,True,False,False,4.268558019650873,3.354743820147354
31.195639,31,412.126462,True,False,False,3.151617692582403,2.686647814626816
32.092717,57,412.57656,True,False,False,4.089577116090812,3.2103820440450006
44.146616,65,414.944386,True,False,False,7.4534349720769475,5.5052849953558
36.486347,34,415.218763,True,False,False,3.7956783052032783,3.6678328029207465
33.31385,51,415.662641,True,False,False,3.5881003428353084,3.311944144845013
25.500834,22,415.841455,True,False,False,1.432707060668488,1.5166453398634259
39.656205,68,416.376503,True,False,False,6.21502001970225,4.867899906068883
35.94034,64,416.880983,True,False,False,4.508133374889704,3.891028736329858
32.434472,34,417.147558,True,False,False,3.0018603434723627,2.8550410534234714
44.204943,103,418.017329,True,False,False,6.513272304214142,5.818026502272024
31.217211,35,418.374871,True,False,False,3.378777818440727,2.7169236160315693
32.333015,27,418.698644,True,False,False,2.759492666972776,2.830635608617463
42.989623,89,421.421103,True,False,False,7.430030005933391,6.052432083775992
37.808471,75,422.032445,True,False,False,5.056139400399846,4.387758567277502
39.555503,75,422.620255,True,False,False,5.078313355995791,4.6551259264174805
31.67133,51,424.559553,True,False,False,3.7344708646326374,3.0433061698932127
48.587357,136,425.777434,True,False,False,8.779649188337014,7.244572837500734
30.907274,29,425.997465,True,False,False,2.438641143625383,2.594030563315145
33.247628,30,426.259183,True,False,False,2.9653943621756778,3.0810168705062635
31.496537,45,426.605892,True,False,False,3.793571989218457,3.0772477321259832
42.607943,98,429.658724,True,False,False,6.997353255635469,5.467022107222643
35.464891,60,430.113752,True,False,False,4.876817398239462,3.861766559383807
30.390554,39,430.41316,True,False,False,2.8311206916770493,2.5456398975727743
34.443914,38,430.708901,True,False,False,3.791428112857887,3.363210553395237
26.810408,37,431.002237,True,False,False,3.3744171497918107,2.0143753744991897
29.272989,39,431.362477,True,False,False,2.607955066539096,2.3884483208650367
43.906274,92,432.110242,True,False,False,6.600822163798256,5.740884762038977
29.34359,42,432.434162,True,False,False,3.0131392822104113,2.510012853690955
27.881648,40,432.73978,True,False,False,2.87239324780219,2.145123730444926
25.310198,36,433.017349,True,False,False,3.5280624966046545,1.7327109587751273
34.660273,30,435.161929,True,False,False,3.1623239890528656,3.2943270125795117
26.427167,56,435.611319,True,False,False,4.3301269764815435,2.46491356306353
33.243733,56,436.128975,True,False,False,3.9762925254394887,3.474053199024069
41.572291,75,436.764506,True,False,False,6.629940443005442,5.2427339202626175
32.536946,52,437.170191,True,False,False,4.055510240632466,3.1607052057938527
34.556349,36,437.437211,True,False,False,4.128098754035465,3.3139345844320163
43.414195,61,437.904054,True,False,False,7.085534219728959,5.413268246913363
44.664263,94,438.691835,True,False,False,7.4822499041637744,6.019907595320447
33.390988,37,439.177332,True,False,False,3.885890698364513,3.202011583859207
35.353392,71,441.677973,True,False,False,4.1814109700864,3.797478383997394
27.020203,45,442.265588,True,False,False,2.3364497875463854,2.0275200103480198
32.013609,54,442.777833,True,False,False,4.344407442069387,3.1964108572759167
43.357622,94,443.522711,True,False,False,5.405385938321472,5.499766100000285
41.152468,59,443.980019,True,False,False,5.465089115732289,4.745881266032169
39.496362,61,444.441011,True,False,False,5.368557060073417,4.53472995757073
36.78845,62,444.951724,True,False,False,4.713386935395593,4.14952362424085
47.740489,91,447.630773,True,False,False,7.4637250086038875,6.456939097388528
29.302432,45,448.044288,True,False,False,2.8902549377761373,2.4569687979221166
26.842485,31,448.337788,True,False,False,2.2466564022908404,1.9218758051295173
41.62335,67,448.981998,True,False,False,5.389451121025442,4.98653503996359
29.003852,17,449.122063,True,False,False,1.9783217703111955,2.1350151125150276
43.924203,105,449.910952,True,False,False,6.828538255266778,5.909780241545013
-11.992065,23,450.088787,False,True,False,2.398821993685737,3.573044898212474
24.951088,37,450.366036,True,False,False,1.7376634672844808,1.6458895288540647
46.522326,71,450.931566,True,False,False,7.2396179672921495,5.991155365919713
30.565834,38,451.250606,True,False,False,2.9245240356195663,2.6652113977010194
44.999386,43,451.710309,True,False,False,6.056483336251302,5.3751559328411975
25.168513,50,454.12597,True,False,False,4.460949402070085,1.9737873262751127
36.590511,33,454.465846,True,False,False,3.7696327514055885,3.7634647322115127
31.859872,46,454.90269,True,False,False,3.204018739177315,2.9433463655716126
40.662352,51,455.318704,True,False,False,6.03704127837862,4.716891423682541
36.382713,43,457.142307,True,False,False,3.852479539309349,3.6742429563751684
44.638884,69,457.684669,True,False,False,6.4548986230709815,5.554850322606454
43.173359,46,458.065898,True,False,False,5.160383512821462,4.994932648727575
33.821404,53,458.482256,True,False,False,3.4390727268737575,3.3370851828779253
33.386874,75,459.096832,True,False,False,5.4069448754227505,3.678724356523387
40.070511,64,459.585934,True,False,False,4.576575023681728,4.557672094977588
41.910658,87,462.541585,True,False,False,5.675739420253585,5.264293797655666
32.607017,72,463.092801,True,False,False,3.7779978139338315,3.376431051028516
31.244427,34,463.384057,True,False,False,3.7675435169504055,2.748338110609245
31.610676,50,463.816132,True,False,False,3.3290262461980573,2.9867290329072906
43.182559,48,464.306587,True,False,False,5.886738238011926,5.159987840831037
40.58716,118,465.317806,True,False,False,7.753254328743654,5.364110939964648
45.066496,49,465.693694,True,False,False,5.9221868318718816,5.494026940888589
-17.54366,21,465.868007,False,True,False,0.9980447210615663,4.284435256090837
32.555088,29,466.094492,True,False,False,2.9902774812213657,2.8876972060077044
28.187162,53,468.318398,True,False,False,4.0334223374591325,2.5421883079867817
30.907648,38,468.593143,True,False,False,4.065697056504303,2.84686832945071
47.076977,74,469.192267,True,False,False,6.220940956798404,6.023922268176585
28.071127,59,469.631682,True,False,False,3.690367536709641,2.4416397849231273
38.424025,59,470.089469,True,False,False,5.131025085400457,4.350160405777714
44.540265,77,470.682561,True,False,False,7.625737311293449,5.642682515541395
44.306473,55,471.117786,True,False,False,6.277390407710684,5.266842116589307
-15.790102,19,471.369497,False,True,False,1.288919019746019,3.1979825559590087
28.500923,37,471.758519,True,False,False,2.5073218260584142,2.2375786978198597
41.297332,34,472.109717,True,False,False,4.668766595950842,4.549889897670265
43.201851,55,474.416352,True,False,False,5.38382076109301,5.148867484713569
37.536429,117,475.472282,True,False,False,7.505128697345342,5.06349130415967
-11.58171,35,475.762433,False,True,False,2.4512707564192384,5.407993279907436
25.380864,18,475.903208,True,False,False,1.6156932438915785,1.5110254789083717
37.569921,51,476.364739,True,False,False,4.788870179322779,4.113883776036849
30.314241,34,476.622313,True,False,False,2.496510458640292,2.479556030758506
25.243706,36,476.909427,True,False,False,2.214987911306889,1.8370039843214865
40.55057,42,477.235022,True,False,False,4.823597837815312,4.453952468572691
29.148414,35,477.517353,True,False,False,2.886605518110737,2.4204697509304367
42.33979,61,478.147869,True,False,False,5.540457842223976,5.131620985716103
42.405674,72,480.911731,True,False,False,5.9989700859368025,5.373759844083864
36.66712,79,481.711193,True,False,False,6.410744184678318,4.60471829965685
40.674756,68,482.309495,True,False,False,6.120925695286288,4.826798389852803
42.35632,124,483.305265,True,False,False,8.714661975265907,6.020263385838444
28.216231,28,483.523161,True,False,False,2.1154544739171977,2.092299818489886
36.566258,58,483.984395,True,False,False,4.633186915297842,4.0080294345405845
40.346692,98,484.769859,True,False,False,6.753792063394291,5.306560481959618
27.888058,39,486.969188,True,False,False,3.1932539188949596,2.2362072602749445
44.76037,60,487.503863,True,False,False,5.70530006703419,5.6160602480263275
52.619264,84,489.551801,True,False,False,8.558748657717507,7.429066182546447
27.601424,30,489.777149,True,False,False,2.0462333001428967,1.9762831564199377
43.787493,81,490.54647,True,False,False,7.079466195927301,5.642118488491203
40.51297,79,491.209083,True,False,False,5.569821693093357,4.944266980469862
33.940272,58,491.719163,True,False,False,4.533836291280956,3.472630483683815
31.328416,30,491.979199,True,False,False,2.6198485514848384,2.764450631345056
28.796881,27,492.18631,True,False,False,3.0734452304074833,2.2218920977999166
-4.464031,42,492.522821,False,True,False,4.3072086339186235,5.122440502532602
33.624263,35,494.810183,True,False,False,3.211703498941976,3.224962249780562
42.635046,78,495.41436,True,False,False,6.671640532610496,5.476890471306689
29.346839,30,495.644779,True,False,False,2.1773102075207644,2.32889259557255
35.064433,86,496.317393,True,False,False,4.5732260863906316,3.959014409292462
42.607302,136,497.503602,True,False,False,10.288844361709126,6.105238098638644
35.474106,55,497.938987,True,False,False,3.7168985824882803,3.6932599689274994
40.00871,43,498.383563,True,False,False,4.596303870694216,4.427918202271223
40.476028,53,498.940836,True,False,False,4.846812768297396,4.603611613058896
32.561323,35,501.389509,True,False,False,3.2708065613791666,3.004031014752332
38.169839,112,502.517553,True,False,False,6.2536149404433745,4.993959997161415
49.053202,112,503.399974,True,False,False,9.099701318056502,6.97622237254914
42.823444,64,503.905333,True,False,False,6.650959562775974,5.178397724714912
43.59762,86,504.573783,True,False,False,6.604169010933734,5.657635860412956
45.268508,68,505.124374,True,False,False,6.623712234520494,5.829534617781774
26.58341,23,505.367215,True,False,False,1.7246254042838896,1.7241349290003072
35.439275,88,507.998783,True,False,False,6.587644131107114,4.280244647900752
47.083117,84,508.980597,True,False,False,6.808062445474044,6.134928937864185
30.087345,39,509.297272,True,False,False,3.119894517017038,2.6377488957136768
47.859702,64,509.801599,True,False,False,7.155034025547248,6.170928526378653
33.640854,72,510.346865,True,False,False,3.595906019210006,3.5426015904614916
44.069623,59,510.796266,True,False,False,5.867947247458761,5.495926142884437
30.836197,31,511.043216,True,False,False,2.825091505557543,2.6549356731977376
24.478497,41,511.368722,True,False,False,2.3849252547928557,1.6229388565538492
40.484776,46,511.780176,True,False,False,5.5083710460409385,4.696976252987622
45.28853,56,514.2263,True,False,False,6.190872905919937,5.68147341627507
39.228365,79,514.842987,True,False,False,6.119889291640508,4.729329814844369
39.187104,55,515.278191,True,False,False,5.049439548086747,4.370899516746567
27.301681,27,515.493116,True,False,False,1.7347142356907872,1.8764265140519607
41.54079,127,516.461412,True,False,False,11.67191332566589,5.856711213566471
39.496754,71,517.021644,True,False,False,6.162867673090166,4.705662194622386
37.605856,42,517.348993,True,False,False,5.01122655593899,4.042704232007973
42.338999,84,520.122399,True,False,False,5.517835369114023,5.248613335041272
27.588918,27,520.338398,True,False,False,2.03617651925216,1.9413660037383151
37.26606,65,522.57737,True,False,False,4.775669256327639,4.132634346723095
32.375071,61,523.049692,True,False,False,4.389603971633202,3.3350021055200747
38.415401,42,523.367521,True,False,False,4.746894426701861,4.121128685900501
40.15459,68,523.906033,True,False,False,6.331782103142499,4.808388579891131
27.651873,19,524.059999,True,False,False,1.8742274840325233,1.9028043987722094
35.515961,83,524.784924,True,False,False,6.464699290374932,4.207050297842241
26.66663,28,525.010452,True,False,False,1.8856324729480947,1.7787679772701588
39.930394,101,527.678576,True,False,False,5.9429617968479915,5.160162227349716
46.641781,92,528.438558,True,False,False,7.576285561610815,6.340378515330682
37.551298,34,528.704638,True,False,False,3.9489579530835477,3.946897202916658
41.748388,34,528.97682,True,False,False,4.652728042771086,4.631297872851296
31.173463,29,529.20224,True,False,False,2.6944900739897735,2.6328555018952713
46.803081,92,529.888606,True,False,False,6.693502355467958,6.308012885013805
26.635712,27,530.101893,True,False,False,1.769326065490734,1.7842100627815531
27.088829,60,530.585272,True,False,False,4.078197418475885,2.38155013000904
46.002,62,531.333127,True,False,False,6.072026280292481,5.690767354382695
40.515726,71,531.901863,True,False,False,6.509454830619585,4.976499568605439
27.971084,26,533.935144,True,False,False,2.3789165830918404,2.136883139797054
28.915495,14,534.045612,True,False,False,1.9219086963006895,2.031921261398109
35.104478,43,534.385205,True,False,False,3.530929138562196,3.501986334275618
37.409099,57,534.860188,True,False,False,4.825430680321185,4.0565087332047005
34.535121,52,535.2676,True,False,False,4.243109460915823,3.441283304484028
35.81808,33,535.549866,True,False,False,3.6080364964633675,3.4886139803868
43.091304,90,536.26404,True,False,False,6.646896335494142,5.4802158128212115
34.423133,44,536.591122,True,False,False,3.6233103213314335,3.3187489620201744
53.115353,102,537.369289,True,False,False,8.629652525326334,7.414545972355638
31.965197,22,537.547413,True,False,False,2.6959580726936294,2.6577413170703412
52.845335,92,540.218192,True,False,False,9.574064437599457,7.488776064818988
25.220946,24,540.411899,True,False,False,1.7002907268507226,1.522431654015459
33.821208,39,540.72211,True,False,False,3.758971383949482,3.268889913948902
34.642141,40,541.086436,True,False,False,3.7608489046603615,3.4311569834959466
42.647824,46,541.529327,True,False,False,4.989707982168238,5.012909327129355
31.063384,54,541.961461,True,False,False,4.209808689368701,2.9228588780475264
30.361575,39,542.282609,True,False,False,3.017939655749716,2.6419002983907314
39.654528,57,542.735123,True,False,False,5.513586523501167,4.527000502466226
26.993862,27,542.941153,True,False,False,1.6004459797571202,1.8260977356680423
35.348023,40,543.248991,True,False,False,3.3519279605659658,3.5224465469025743
39.652137,74,543.833658,True,False,False,7.42619040784702,4.826203245556123
-12.481808,25,546.157164,False,True,False,1.9789925587593657,5.033499628705042
-10.692412,21,546.321388,False,True,False,2.230155372173158,6.755699751962514
31.190784,39,546.625993,True,False,False,3.6735060247196,2.7773223112492973
30.368046,83,547.356001,True,False,False,5.521999662740458,3.1331319800753596
30.208917,37,547.686121,True,False,False,3.958462122752391,2.6243765934033836
26.511007,16,547.821081,True,False,False,1.5439940936681513,1.6290336041721454
32.312588,48,548.231306,True,False,False,4.3218446800695975,3.186994737480426
37.994979,48,548.60126,True,False,False,5.124621027538412,4.193616273190093
41.829191,62,549.105569,True,False,False,5.192453852372527,4.901861065266898
30.945612,26,549.311021,True,False,False,2.9575002302628026,2.524608283148517
34.566896,46,549.679444,True,False,False,4.1449066220070705,3.480560248453351
33.585406,43,550.097393,True,False,False,3.556664722936562,3.3020361981917614
32.062031,32,550.457148,True,False,False,2.6779668084731387,2.815026179415014
24.460652,58,555.115454,True,False,False,3.6493684991653703,1.916763503991567
31.99961,29,555.341166,True,False,False,3.085787592463117,2.8175540851863787
40.720542,65,555.838615,True,False,False,5.476302282649253,4.917828195926571
41.831495,61,556.30585,True,False,False,6.33158392024929,5.084219810976058
43.507227,58,556.960803,True,False,False,5.878699594779445,5.340463359611425
32.225163,53,557.568352,True,False,False,3.0470070548277572,3.027761358360757
39.514179,57,558.027893,True,False,False,4.975308055665187,4.75152861006665
37.089092,74,558.631973,True,False,False,5.200724950377728,4.472406481736034
28.822248,61,559.117945,True,False,False,4.94839969493219,2.856475638522516
49.441303,92,562.18055,True,False,False,7.93939532112177,6.882435124455353
40.58194,40,562.496463,True,False,False,4.6681869647281236,4.486269673899242
-13.765077,22,562.667623,False,True,False,2.0222492239261642,5.2134596893109375
30.445146,49,563.051824,True,False,False,4.350867369281,2.833368472669498
28.449103,49,563.443809,True,False,False,3.8460402452801494,2.4506062969471505
26.59909,14,563.565872,True,False,False,1.4333037685903858,1.6215036618565943
33.092628,46,563.950135,True,False,False,3.3855787653942535,3.17378365432578
25.866808,42,564.281415,True,False,False,3.1739219394996887,1.8634136434257538
32.395163,25,564.476009,True,False,False,2.978288819563425,2.847249474450889
38.409527,61,564.945859,True,False,False,4.907972789059733,4.372364757945265
28.104729,31,565.193178,True,False,False,1.955302753797889,2.0507893501014194
42.102805,48,567.591577,True,False,False,5.84219618815116,5.054533268655442
33.572235,42,568.032438,True,False,False,3.7374836437263927,3.1909447825913246
30.11932,21,568.205515,True,False,False,2.2246254926857945,2.318710960565339
37.512826,52,568.63535,True,False,False,4.4676038589255125,4.14582386217284
30.895627,27,568.868426,True,False,False,2.335711430961763,2.4755389120873956
-17.213747,16,568.989552,False,True,False,0.8632995428863187,3.210292033397906
30.484089,28,569.203876,True,False,False,2.365798004482375,2.498635371733572
45.364715,63,569.676257,True,False,False,6.6468986983889735,5.566174119124995
45.982468,73,570.333087,True,False,False,6.053043404435615,5.787662689762177
28.148328,43,570.668225,True,False,False,3.609705365098624,2.2652750249874933
31.694302,30,570.968936,True,False,False,2.6630276652700555,2.638187358354942
35.905493,71,571.563468,True,False,False,5.597594624009349,4.1978903173212405
30.964928,25,571.759898,True,False,False,2.6271775181212917,2.5060981260741846
38.339377,66,574.436049,True,False,False,5.058747543585169,4.732426324288768
47.122221,67,574.990143,True,False,False,6.036829083654054,5.9601280761207125
26.924359,59,575.517893,True,False,False,4.42188776709413,2.3028687093068876
45.168789,64,576.026933,True,False,False,6.003945428638174,5.663117815174579
38.878135,57,576.463516,True,False,False,5.689342510380987,4.441554489369275
31.839937,24,576.653553,True,False,False,2.6161377091691853,2.680306009003564
41.808878,73,577.378247,True,False,False,6.136184021469919,5.164146189834492
46.716499,99,578.175604,True,False,False,7.803355778337167,6.193351226932469
47.461582,72,580.828523,True,False,False,6.486290073621677,6.132962763784008
27.651589,44,581.205729,True,False,False,3.745570809822151,2.18121253183973
0.201053,33,581.457011,False,True,False,5.252054800290595,4.7192663813278575
34.568586,42,581.792143,True,False,False,3.7228410011259823,3.416192389554974
34.551979,35,582.06678,True,False,False,3.3406243442189356,3.3258867998297426
37.298204,51,582.456563,True,False,False,5.15722806943778,4.1812103258882205
49.923183,86,583.156803,True,False,False,8.428548091534935,6.928725414885755
30.001775,22,583.336946,True,False,False,2.124458315156723,2.286051363548611
47.757151,56,583.838244,True,False,False,6.721833554549153,5.997683419233164
50.432752,68,585.814906,True,False,False,7.401388989790792,6.742689180039419
32.494633,30,588.174502,True,False,False,2.886167513935174,2.84097809937293
31.791823,33,588.422215,True,False,False,2.694235583065228,2.78099386217554
-15.869114,15,588.532544,False,True,False,1.327169344639258,6.988119671167844
29.849825,39,588.841703,True,False,False,3.688193165360839,2.7552081086278615
31.022054,37,589.124966,True,False,False,3.746568291574669,2.729653698582327
37.888389,56,589.59191,True,False,False,4.056755922394454,4.121536360838681
30.814983,46,590.216041,True,False,False,2.6133093920989414,2.688467953770082
32.915073,36,590.575853,True,False,False,3.2295933711368887,3.0172171811755777
42.554108,59,591.025084,True,False,False,4.901132055870299,4.877535111518885
33.014228,29,591.253035,True,False,False,2.752314769281285,2.914347417666054
41.765389,39,591.539415,True,False,False,5.1938529059333485,4.688731574693097
41.31504,72,592.091502,True,False,False,6.564943386076186,5.052644876796103
34.553585,40,592.402147,True,False,False,3.628193096591334,3.3684835397953186
30.876499,23,594.661156,True,False,False,2.2651588303224766,2.472043913725235
42.332013,72,595.2012,True,False,False,6.0840709769666965,5.122059991451129
38.860079,52,595.581588,True,False,False,6.019202797139735,4.399513969567029
29.543919,31,595.819386,True,False,False,2.3355025984859368,2.3052786302188633
32.183262,40,596.137974,True,False,False,3.1630886046360107,3.083237491652251
34.967515,95,596.914057,True,False,False,5.528626533963618,4.083107205720666
27.328112,29,597.137528,True,False,False,2.0230312585182033,1.9068372322062204
32.664749,23,597.313838,True,False,False,2.919035209856683,2.926652810561221
43.502994,48,597.715133,True,False,False,5.781839561019677,5.117187012318818
41.922489,65,598.210862,True,False,False,5.564379391440735,5.066515548597154
27.287805,27,598.416174,True,False,False,2.6045042577282023,1.948867088240353
33.121088,50,601.123961,True,False,False,4.243074327690099,3.5860609177673832
-16.912552,15,601.243349,False,True,False,1.3127310851951155,4.118938562308257
35.39487,53,601.655231,True,False,False,4.400523223229247,3.6750316395610874
30.834427,26,601.865143,True,False,False,2.7590377056235846,2.543399844071136
24.303324,59,602.310261,True,False,False,4.107324257296679,1.8133149286814794
31.066036,23,602.481057,True,False,False,2.6788639772429876,2.603067542785377
49.10948,61,603.017533,True,False,False,6.816296198716909,6.300022335792642
43.318534,92,603.746965,True,False,False,6.949635747253836,5.732106327283899
50.570539,97,604.607035,True,False,False,7.843137108808952,7.228911056890293
26.282902,18,604.757878,True,False,False,1.5853808965931262,1.5637405973466942
39.315587,64,607.243407,True,False,False,4.293206933376457,4.378804333426553
30.993581,45,607.59245,True,False,False,3.5051727395333057,2.856260313789636
49.175951,53,607.994583,True,False,False,6.594623401578699,6.175725873786286
31.382228,33,608.250071,True,False,False,2.688089326402938,2.628057431374223
26.358326,17,608.365493,True,False,False,1.8689945615990429,1.635310892016445
40.628739,54,608.791016,True,False,False,4.858044693535016,4.597370202207605
32.775972,34,609.058821,True,False,False,2.924938333776401,3.0056672179692434
42.885535,51,609.446388,True,False,False,5.553308622681966,5.093820651093193
34.940486,30,609.678867,True,False,False,3.6164884803907538,3.3635740245663754
25.296977,25,609.872734,True,False,False,1.6580796470043209,1.5019933381520578
39.117544,74,610.435197,True,False,False,5.031240270500843,4.826862148279635
26.698027,19,610.580309,True,False,False,1.696533316385171,1.6494268907556133
27.265525,55,612.984288,True,False,False,3.532875422785869,2.1683422211154686
43.028547,35,613.255539,True,False,False,4.943781424553943,4.855152192139271
38.334143,36,613.529184,True,False,False,4.231604001115623,3.997326507009647
40.880713,82,614.162407,True,False,False,5.899773140546921,4.8596840218567126
28.646808,38,614.46538,True,False,False,2.7300584265276076,2.273898176726939
39.669337,71,614.995391,True,False,False,6.236268327935985,4.88740629000738
25.046199,42,615.32118,True,False,False,2.5742588272192983,1.823311605742982
40.472983,63,615.8275,True,False,False,5.120684733493157,4.712306796612293
38.495468,66,617.544441,True,False,False,5.270988950160721,4.463698936397603
36.837762,61,618.00992,True,False,False,4.499969434343497,4.1464165663098145
35.567058,53,620.344341,True,False,False,4.473217650587128,3.977206037677003
33.719278,33,620.608259,True,False,False,3.1753307396202732,3.077393178596216
33.654725,43,620.94559,True,False,False,3.864289889995087,3.2078600148764163
39.169163,71,621.501554,True,False,False,6.159553224010963,4.7759748274834
39.343311,38,621.808788,True,False,False,4.666164932457847,4.308480110292388
41.826462,37,622.089755,True,False,False,4.861040105898561,4.703999285205594
24.933266,43,622.436759,True,False,False,3.6494614432827635,1.6497330288759802
39.798025,98,623.223179,True,False,False,8.324109930203338,4.957712157863465
42.983401,65,623.73153,True,False,False,5.728497661489533,5.182000825924595
31.230514,39,626.009484,True,False,False,3.801682157824453,2.966331533000704
35.642329,34,626.277489,True,False,False,4.019674688688504,3.526994105370031
33.32701,28,626.489921,True,False,False,3.35233045485983,3.100473671523162
34.381015,62,626.961594,True,False,False,4.861230954281311,3.5902939001419134
40.892638,94,627.714597,True,False,False,7.254281138082927,5.189381259140582
43.130631,79,628.327234,True,False,False,7.688578519264761,5.564360857788372
47.215764,57,628.790066,True,False,False,6.679789341700115,5.981115831776779
33.727032,33,629.058574,True,False,False,3.505973724502126,3.401383425377631
35.029021,35,629.32589,True,False,False,3.336133383780753,3.4543586127021806
37.036305,44,629.665089,True,False,False,4.125431825119981,3.8863659491731415
34.689426,62,632.104599,True,False,False,4.622604950137231,3.7116475060283167
-14.030047,27,632.313979,False,True,False,2.0884214395171403,3.8695007675519366
32.137283,37,632.606237,True,False,False,3.3099273835938443,2.8929072627669012
-0.305225,77,633.206793,False,True,False,6.170291721025019,4.997513342671303
31.854957,30,633.438489,True,False,False,2.826798459308169,2.742284580965156
39.855893,38,633.731392,True,False,False,4.407048160725525,4.321839799860692
31.947397,36,634.020183,True,False,False,3.2215415995083014,2.7864049216164117
44.041802,60,634.480968,True,False,False,6.883771209470258,5.550505131784599
31.797968,20,634.636107,True,False,False,2.7730139752599694,2.679430681279395
-2.194927,45,634.980886,False,True,False,4.415583629655334,6.009295162329744
46.215542,71,635.550924,True,False,False,6.789091158832501,5.960366421096215
40.871126,75,637.975033,True,False,False,6.740480000020932,4.914286924572647
37.836464,48,638.383757,True,False,False,4.052383849181561,4.048916543776548
36.394143,29,638.610344,True,False,False,3.7163400037481296,3.631095715707856
26.043168,21,638.796537,True,False,False,1.4127410679508559,1.5480802439034884
27.810364,18,638.936699,True,False,False,1.656605242240861,1.8481383149653265
29.696193,32,639.187871,True,False,False,2.5950007302311944,2.447419750109074
45.146674,65,639.694717,True,False,False,5.950782251612796,5.56157300360607
24.57579,43,640.021873,True,False,False,2.748408080551173,1.6151671389081497
29.982613,50,640.411373,True,False,False,4.784843529251106,2.9191300792314507
28.330925,27,640.624397,True,False,False,1.8860814249717983,2.0199624860704115
26.485102,30,640.856417,True,False,False,1.6503828316885056,1.793598533631231
46.486942,60,641.331596,True,False,False,6.470191228906269,5.813676226250851
29.379756,28,641.547143,True,False,False,2.4312356744355417,2.308921302024136
35.655469,54,643.944404,True,False,False,6.073002535791101,3.792026409887097
30.024148,30,644.176705,True,False,False,2.482698621937491,2.420343057810556
32.944322,34,644.448857,True,False,False,3.631461718782563,3.0846070767362606
30.620615,26,644.659329,True,False,False,3.1751940385071284,2.533518579889767
41.613179,61,645.140359,True,False,False,5.029450701836665,4.951701606618819
30.42656,51,645.54764,True,False,False,4.810208792855527,2.957576876171783
28.113763,56,645.979337,True,False,False,4.1124461284095615,2.6114367860467027
31.710934,22,646.167983,True,False,False,2.6217860784367595,2.676655493665542
38.210193,50,648.149355,True,False,False,4.457784083690652,4.148049308631113
32.585364,25,648.343261,True,False,False,2.765974417236399,2.816976779363888
39.078533,71,648.910184,True,False,False,4.8048466451031615,4.518558533015027
43.54849,96,651.512396,True,False,False,5.687695862906619,5.52171202556517
52.1001,56,651.968641,True,False,False,8.389250960691598,6.907765324161119
28.860127,20,652.124045,True,False,False,2.070651827944393,2.2173545976323545
33.255375,69,652.670943,True,False,False,5.287160484139432,3.6956967826651494
47.159834,61,653.147615,True,False,False,7.339421203806214,6.074825823798629
39.70095,39,653.441684,True,False,False,4.632585394971182,4.315855488833495
29.185686,22,653.606872,True,False,False,2.504201598681357,2.22825541793067
45.489768,99,654.349467,True,False,False,7.699067020099462,6.044504327401344
34.865724,41,654.664877,True,False,False,3.7741945195803144,3.3834123431398555
36.683078,28,654.896825,True,False,False,3.5736455888031693,3.596740888973638
39.713758,43,655.242865,True,False,False,6.107921295991696,4.4386997130657955
32.387012,48,657.68856,True,False,False,3.5346841703893066,3.00657704124992
36.69898,35,657.960493,True,False,False,3.5834354146320035,3.6230886278922774
45.32392,68,658.500511,True,False,False,6.663389418687244,5.664394772109472
34.558324,29,658.741519,True,False,False,3.2677775355775287,3.2244193115457813
25.423367,41,659.084372,True,False,False,2.552270101961145,1.7686394350579022
29.314727,31,659.324524,True,False,False,2.780694283202047,2.291350203598027
42.768356,47,659.692259,True,False,False,5.887003174657161,5.026662951779483
28.196562,12,659.79997,True,False,False,1.6863272075408169,1.8606077247103483
38.718385,67,660.321718,True,False,False,5.638786824951091,4.459647466040946
35.995521,59,660.782597,True,False,False,4.821165731581646,3.9005241512637556
29.759326,26,660.993018,True,False,False,2.190615757025331,2.29504252789071
28.180051,36,661.28496,True,False,False,2.8857299628073765,2.1387628842561797
29.318993,21,663.479633,True,False,False,2.2247799738031677,2.2196293380788994
30.733791,28,663.69086,True,False,False,2.3968482203693147,2.4958680093250276
41.882022,43,664.036633,True,False,False,4.9723779646983415,4.78036418589768
26.128334,33,664.30776,True,False,False,2.0887208363280374,1.7893730424343877
44.8148,114,665.210081,True,False,False,10.381746316455477,6.07633694842565
25.457609,19,665.348992,True,False,False,1.6073754533139732,1.7058298572787038
39.396166,46,665.695249,True,False,False,4.925081825171486,4.4499532358835205
38.723643,69,666.226061,True,False,False,5.248102897168529,4.559794192673415
36.847936,28,666.434826,True,False,False,3.4624598409641445,3.692511685203427
29.27295,43,666.73071,True,False,False,3.0408075539401564,2.625433237870045
-18.710627,15,666.848976,False,True,False,0.7063055099855171,4.349288139435359
26.910108,36,667.127091,True,False,False,3.033037357676229,2.268741190419514
35.411047,40,669.437297,True,False,False,4.186374803510808,3.510021068700067
-16.671355,15,669.552165,False,True,False,1.045848625793964,2.837554547505353
33.295041,41,669.841435,True,False,False,3.5434255907976295,3.1733487713690463
39.527969,86,670.505608,True,False,False,4.8823205071237945,4.71471538532259
28.557426,67,671.039538,True,False,False,3.6478341602344826,2.659257934842135
-17.721271,10,671.13051,False,True,False,0.6449215499576841,4.888388353753289
49.019994,114,672.035141,True,False,False,7.772641242734212,6.786910586250222
-5.321532,40,672.346959,False,True,False,3.50192837772346,5.287100966171711
29.935504,28,672.551389,True,False,False,2.7171293166127324,2.399973465960852
35.586504,32,672.803101,True,False,False,3.786294525533265,3.5278930070124135
35.142122,65,673.308264,True,False,False,4.22771674000747,3.9764991954978064
26.968051,35,675.468216,True,False,False,1.8822802229546083,1.8821809002921503
44.528346,71,676.029335,True,False,False,5.841183186541688,5.734893934053883
46.736543,93,676.726908,True,False,False,6.9477105209970125,6.119751293928322
48.238307,85,677.43091,True,False,False,7.6287975117780205,6.3821774196576495
33.558094,70,679.229665,True,False,False,5.426743154767392,3.445012393096566
25.079064,37,679.509718,True,False,False,2.5276401908889743,1.6186688316547666
33.512495,29,679.719995,True,False,False,2.9890304009405195,3.0730004709222696
40.772905,44,680.068915,True,False,False,5.211613398993145,4.492920005564054
36.686064,45,680.437654,True,False,False,4.855440831374606,3.875989126578789
39.549698,55,682.793693,True,False,False,5.154220391711953,4.496123846378861
26.604542,34,683.062523,True,False,False,2.2484649810058377,1.9425129264168695
29.100603,31,683.302926,True,False,False,3.2739354506376515,2.359053566428542
33.787394,52,683.702762,True,False,False,3.2978879149183498,3.2934086530409945
44.610204,89,684.377151,True,False,False,5.654961030426148,5.577747185025469
47.173762,73,684.936335,True,False,False,7.15135830907944,5.993623782444651
45.49809,81,685.587498,True,False,False,6.9293857879689655,5.909667106273883
49.206838,70,686.142565,True,False,False,8.085349768550593,6.614413033012602
36.775828,53,688.50855,True,False,False,4.471210241216105,4.0094648034787665
-18.539327,6,688.555727,False,True,False,0.445715624599409,2.402818260887375
32.958071,30,688.803717,True,False,False,2.870170077179742,3.028295924839316
47.941911,65,689.319279,True,False,False,6.6836331659672465,6.1310524586441835
25.143899,38,689.632113,True,False,False,2.059320679598261,1.831819830361482
46.129104,47,689.997616,True,False,False,6.100458998381636,5.594633360199262
37.56646,37,690.292504,True,False,False,3.815282580620553,3.897202822826748
-15.293934,18,690.433566,False,True,False,1.4769443030895717,3.9794540558119063
40.877226,57,690.883191,True,False,False,5.931488813166681,4.717171033817997
48.331256,71,691.439072,True,False,False,6.978830900582653,6.159155956818908
30.406337,21,691.610291,True,False,False,2.22233930801438,2.3918928989209367
38.066523,54,692.032214,True,False,False,5.4159934397542004,4.355425290037332
29.908302,30,692.273311,True,False,False,2.188526595158814,2.3305716290361413
27.424487,30,694.397361,True,False,False,2.419851462174962,2.0964291093717144
29.44945,20,694.551083,True,False,False,2.002302786322756,2.1142619978193014
32.81947,35,694.819541,True,False,False,3.045027040195307,3.006290080680933
39.71294,53,695.221742,True,False,False,5.39048577335656,4.462012581885225
43.07132,83,695.882709,True,False,False,6.450784376361573,5.259041133395742
44.567235,61,696.34817,True,False,False,5.272118747484941,5.284648765173165
46.668991,68,696.862056,True,False,False,7.321999691881966,5.730173460283547
39.141123,49,697.248224,True,False,False,4.678978401092246,4.232675673273428
48.378323,73,697.7936,True,False,False,7.903040792076311,6.228459042699669
50.163375,52,698.222181,True,False,False,6.631603854815018,6.540986195436393
53.391891,71,700.682794,True,False,False,8.916253673605219,7.378194166334058
-13.663133,16,700.805614,False,True,False,1.7083989143695142,2.362746347502344
46.053151,68,701.336089,True,False,False,6.5180881780483535,5.709576541261479
30.5851,62,701.812396,True,False,False,3.3905267946891273,2.919945889374173
35.91181,42,702.142331,True,False,False,3.688100781768086,3.4723447793011215
44.223372,42,702.46955,True,False,False,5.469041337771765,5.194493563525965
38.081449,84,703.109843,True,False,False,5.089416194231573,4.583334578346126
32.42693,39,703.405224,True,False,False,3.0752161641088414,2.9505704191005377
46.103685,70,703.946723,True,False,False,7.037080230211292,5.970110373175253
47.989335,70,706.451137,True,False,False,7.149947838158322,6.315922163169533
-16.508726,21,706.609132,False,True,False,1.4973333694970572,2.064591795355991
40.216453,46,706.955805,True,False,False,4.6503560794493675,4.518096063713627
30.437832,22,707.124573,True,False,False,2.3708126851822144,2.4515093567688546
40.58054,65,707.623811,True,False,False,4.7250675147204,4.72462199906557
41.291644,54,709.264204,True,False,False,5.3358700130903065,4.788038509816652
26.254341,18,709.399403,True,False,False,1.7193197044488089,1.6252095559973772
51.464725,88,710.071549,True,False,False,10.047481345163263,7.17734951607264
40.295328,44,710.431995,True,False,False,4.456260993623584,4.3882422385880755
41.138868,50,710.843758,True,False,False,4.978159834922546,4.637852175664765
42.467894,47,711.226812,True,False,False,5.971291501890337,4.990306453856459
41.299035,53,713.585826,True,False,False,5.60335474173999,4.763062851945015
42.264176,81,714.203014,True,False,False,6.190567732183965,5.27713398275991
37.008038,36,714.475675,True,False,False,3.622776767034418,3.7519955091887094
35.450751,42,714.807069,True,False,False,4.315114196533728,3.545399332103596
47.492542,115,715.717423,True,False,False,7.200795160990796,6.4467005435230895
34.424911,56,716.144305,True,False,False,4.4418619316395365,3.638598422861237
39.439392,42,716.465887,True,False,False,4.358538896343335,4.223033964216185
26.922415,21,716.616217,True,False,False,1.6108140592821365,1.7812199772736124
42.901188,101,719.243819,True,False,False,7.895754003165069,5.8690773204700575
43.10401,91,719.924254,True,False,False,6.758576888957864,5.725639524877129
34.777399,30,720.180823,True,False,False,3.3438801903323156,3.2361024159984857
29.264167,22,720.361016,True,False,False,2.306146022236502,2.2225419432960978
32.484831,44,720.703848,True,False,False,3.0580142638874115,2.9589387585242233
-12.384519,23,720.890461,False,True,False,1.9062617050377293,3.502082374912017
42.540216,59,721.378693,True,False,False,5.409959721323125,5.1042566566806915
44.845388,59,721.830877,True,False,False,6.366593297728865,5.579987429460054
32.895035,32,722.072788,True,False,False,3.4079874230323055,3.052357844790902
25.388935,45,722.403175,True,False,False,2.972923383290372,1.7327971772479898
-19.296314,25,722.602831,False,True,False,1.8344923132459656,4.588617911127136
35.318,73,725.05999,True,False,False,5.663245102349677,4.158166669615434
28.695249,34,725.32919,True,False,False,3.8986882484561476,2.2308497040211197
39.382195,67,725.834979,True,False,False,5.718284552130994,5.0902324588286625
39.263278,42,726.153506,True,False,False,4.296277013673789,4.196468032420468
-16.545283,19,726.301777,False,True,False,1.7817207108603776,4.955663034763277
42.927193,45,726.635036,True,False,False,6.279864110524312,5.032302277551518
35.155767,24,726.810164,True,False,False,3.3235882170090316,3.319273340120893
47.522791,79,727.407485,True,False,False,7.101538719706165,6.28633132739391
27.731034,56,727.849916,True,False,False,3.727384985115457,2.531589105395849
30.958756,40,728.156793,True,False,False,2.9102051349714837,2.784812347871363
35.974055,34,728.418935,True,False,False,3.5240909372814713,3.5794690929178428
32.539697,28,728.640569,True,False,False,3.1555313680001498,2.9037931382487425
35.818044,41,730.785416,True,False,False,4.460182604833398,3.5869193751155057
26.08979,44,731.133181,True,False,False,2.3386866930031425,2.1395685225306504
25.838618,29,731.363833,True,False,False,1.7830229652452967,1.649906593222508
37.159286,44,731.705176,True,False,False,3.954260540072243,3.9555977150531967
36.668026,34,731.96957,True,False,False,4.555157450556643,3.7611979644330917
38.251532,47,732.342046,True,False,False,3.928867342186067,4.026622145312157
30.259041,29,732.554753,True,False,False,2.7982229402845245,2.4740033181478434
31.632617,35,732.830305,True,False,False,3.2915649299364373,3.006603163172637
36.972508,45,733.181198,True,False,False,4.867863962269595,3.9123867204338345
42.686875,39,733.482774,True,False,False,5.294612586643027,4.922394393008156
40.1652,48,733.855757,True,False,False,4.847915268212647,4.512119758804589
28.053636,23,734.036533,True,False,False,2.164475682824029,2.0269141480724153
35.322805,40,734.354165,True,False,False,4.059414462315045,3.4352644496165445
27.707844,19,734.50739,True,False,False,2.2029339930065426,1.8909450188693573
42.067943,85,737.040361,True,False,False,8.207466579007447,5.139638692398184
-14.913933,10,737.120356,False,True,False,1.1805113865336672,4.007914829730707
37.850264,76,737.717806,True,False,False,6.486687804559335,4.5702755562278545
31.814518,47,739.483181,True,False,False,3.2061914038504207,2.895635271663815
44.363385,89,740.182055,True,False,False,5.9831100727147355,5.631854996602194
37.688184,65,740.678935,True,False,False,5.247845518786457,4.282930289631961
30.468474,21,740.83652,True,False,False,2.5667064793454726,2.454619900312912
44.53575,93,741.581504,True,False,False,6.361091007310614,5.736670012340524
40.059558,44,741.92716,True,False,False,4.913815392692093,4.438108423624373
26.548398,24,744.019347,True,False,False,1.6808760936220968,1.7640490229847943
26.438001,16,744.145244,True,False,False,1.4080381282843053,1.6061007344593838
39.802946,70,744.694471,True,False,False,5.221631014821144,4.662442707207118
38.350678,56,745.122043,True,False,False,6.061600845408364,4.204226600532306
27.533872,16,745.253512,True,False,False,1.73148901258179,1.8298196488336713
37.398978,79,745.910222,True,False,False,5.809047248427085,4.624653950054262
26.841677,21,746.08526,True,False,False,1.9632038725682,1.744913531791788
32.871329,28,746.34556,True,False,False,3.045776434187255,2.9985827172018547
43.094822,55,746.834987,True,False,False,5.689943463282243,5.073907653341414
37.391924,55,747.324176,True,False,False,4.1429794781629505,3.9477977992423545
30.309389,22,747.49533,True,False,False,2.158482505714223,2.3309742168309757
32.692925,32,747.766039,True,False,False,2.8096481376304423,2.962472766900842
42.267347,59,750.391565,True,False,False,5.268615468425135,4.995068460273928
46.140541,65,751.053402,True,False,False,6.402863328611018,5.722118213956271
28.487322,34,751.478116,True,False,False,3.6155138061759424,2.286170701508401
30.037441,40,751.832002,True,False,False,2.7149502572810635,2.618785296744866
28.372231,33,752.117487,True,False,False,2.071799688057089,2.121834614379966
31.950614,37,752.422325,True,False,False,2.9626328373477375,2.822961313131852
33.186337,26,752.634188,True,False,False,2.9924278852076927,2.899698119180477
43.467588,100,753.441607,True,False,False,7.3952806911036575,5.686163759259923
37.321683,39,753.743778,True,False,False,3.745522326435239,3.8374656866457633
28.368919,20,753.900644,True,False,False,2.0150595678920737,1.9982218127508293
-5.201686,37,754.197145,False,True,False,3.732017138890179,5.142527793213528
44.904179,52,754.565081,True,False,False,5.603591546784415,5.570176280300235
33.670713,40,756.785552,True,False,False,3.0720074721432225,3.1895532753673037
31.654169,75,757.437047,True,False,False,4.617916996131596,3.2205420906762465
40.571155,40,757.797538,True,False,False,4.472541068498182,4.399160667865502
37.877413,50,758.18909,True,False,False,3.931278987444299,4.070890692127319
26.015949,28,758.398189,True,False,False,1.602887072174173,1.6755445547935623
40.758519,62,758.891127,True,False,False,4.729241567309416,4.631232363325628
27.607926,18,759.027787,True,False,False,1.7855749469862983,1.9917595852618821
34.31359,61,759.505686,True,False,False,4.453644230974102,3.738759702245307
42.579364,84,760.15958,True,False,False,6.073245829468837,5.476984100347836
42.572452,50,760.538413,True,False,False,5.212054924978775,4.989613459126091
43.043448,67,762.988659,True,False,False,5.48616911094248,5.265037508227207
28.791193,30,763.219836,True,False,False,2.645654560263395,2.169938035468657
33.160693,45,763.626461,True,False,False,3.248394749049376,3.0924321985868404
39.773193,105,764.52834,True,False,False,8.055195084817946,5.33618795793401
29.970034,25,764.737282,True,False,False,2.9867580737039434,2.3698322252241946
36.509479,45,765.077476,True,False,False,5.443463510097189,4.031757789300376
36.91972,43,765.405307,True,False,False,3.9979883728340275,3.7791904181136275
36.419843,47,765.778146,True,False,False,4.669286842241272,3.8111213891915248
-16.715563,13,765.89481,False,True,False,1.0177476185563,5.404972914830672
41.553302,50,766.312189,True,False,False,5.3639244332283305,4.77475874261215
42.072131,51,766.783787,True,False,False,5.08073984677758,4.863696295856391
36.419038,58,769.204524,True,False,False,4.358466885686464,3.817085906758459
-7.560206,25,769.431804,False,True,False,2.900311594410328,3.851575535736389
48.958388,86,771.670525,True,False,False,7.541021534669413,6.476677915894072
28.80758,25,771.863984,True,False,False,2.226585535557184,2.158489852936775
38.528762,38,772.203153,True,False,False,4.006105231610871,4.129300987302426
35.380687,41,772.596435,True,False,False,4.366811783047886,3.5401510870618753
29.257263,53,773.035575,True,False,False,3.609201326498003,2.5057039414902347
33.379197,41,773.354664,True,False,False,3.249636982240696,3.2281848466972973
27.433333,37,773.63531,True,False,False,4.0472253049028195,2.0628810869328293
45.175012,68,774.219203,True,False,False,6.2443154477211715,5.625007421053602
42.787569,47,774.648199,True,False,False,5.255466874416939,4.99097188013166
30.261752,37,776.922315,True,False,False,3.0370536708515448,2.5699822760224342
50.101502,90,777.614917,True,False,False,7.623447682714812,6.870652272321973
46.761935,77,778.254313,True,False,False,7.33971970042074,6.041100603771243
42.676098,57,778.708005,True,False,False,5.09775278204709,4.975810902827743
42.993582,81,779.355568,True,False,False,7.0006607174001525,5.383233684784973
28.602964,48,779.75099,True,False,False,2.7402780327888525,2.514364853560368
43.870168,77,780.429021,True,False,False,6.4151400545520865,5.490251992281998
27.146254,35,780.730573,True,False,False,2.0880540665629326,1.9143240400507884
39.152176,60,783.105757,True,False,False,5.009354544286376,4.4277559842288055
34.013609,32,783.350947,True,False,False,3.2898955588303407,3.299265619346963
37.705271,51,783.784863,True,False,False,5.413726296652628,4.096259264700533
29.255021,34,784.058748,True,False,False,2.3643071908294453,2.2932227377274543
41.155513,147,785.168197,True,False,False,8.45148380640402,6.056048349222113
41.841556,47,785.58622,True,False,False,5.08331236851206,4.6924530740665285
35.122203,26,785.814049,True,False,False,3.382077960659838,3.281298015899554
38.04893,69,786.356283,True,False,False,4.6527946204492965,4.238135502061057
31.627357,28,786.59003,True,False,False,2.692855528840877,2.6894201181225523
34.640532,40,789.007845,True,False,False,3.2420750590074427,3.329337899707878
41.85159,82,789.661875,True,False,False,5.964911118162114,5.055975575123616
37.1147,56,790.124079,True,False,False,4.901968612093678,3.9000260514017078
42.357992,110,791.030692,True,False,False,7.547803664229495,5.643431147148276
38.222534,39,791.351012,True,False,False,4.625289092669689,4.120333406048266
31.320193,29,791.576813,True,False,False,2.7954543901759346,2.7755189857905407
31.52895,64,792.051736,True,False,False,6.605835839375862,3.164038830169069
38.104296,53,792.416471,True,False,False,4.708544891236114,4.24899602727753
31.565952,28,792.62827,True,False,False,2.6228732377326134,2.630594846138262
29.386004,42,792.902705,True,False,False,2.683241256388999,2.4703990081760754
37.557919,63,795.358021,True,False,False,6.205033235189667,4.132214168831188
36.328714,66,795.87048,True,False,False,4.175428852414754,3.9813494332153487
38.739556,46,796.244388,True,False,False,4.684263716883002,4.201642947211961
49.680886,90,796.953696,True,False,False,7.950337932322833,6.772747936931701
26.341068,18,797.092006,True,False,False,1.3808843730965017,1.554630710455254
48.102104,81,797.719529,True,False,False,8.547664326168317,6.385164427095982
-8.886562,109,798.582209,False,True,False,6.3907383567402904,6.395481975937034
-16.674791,18,798.737199,False,True,False,1.0621321120888711,2.5060910298857726
49.53262,71,802.788734,True,False,False,7.294209087390213,6.558523534099314
42.144357,44,803.138644,True,False,False,5.991276783018998,4.888623031698561
29.196891,21,803.30643,True,False,False,1.960331603700635,2.110780817638702
37.074401,66,803.845434,True,False,False,5.555409002611693,4.375100515271233
40.570981,59,804.329306,True,False,False,4.4921774725845305,4.506453061839813
28.560242,25,804.537293,True,False,False,2.3402565894420984,2.0761142340799283
39.528159,76,805.144959,True,False,False,6.303353239717641,4.837119072788225
42.358652,51,805.592306,True,False,False,5.393206091487647,4.857912650541801
40.298363,39,805.899775,True,False,False,4.502717981720789,4.371430536220569
35.157146,38,806.182119,True,False,False,3.911649449610129,3.5536153487588047
42.211395,65,808.528323,True,False,False,5.107110597648843,4.908313999544012
47.078522,82,809.156364,True,False,False,7.3713695850745555,6.274004775227806
34.701105,48,809.558132,True,False,False,3.7246990139565344,3.564902514725712
38.86189,75,810.165704,True,False,False,7.479356473122933,4.496627173385762
42.768536,47,810.546604,True,False,False,5.986502140479794,4.990602839623069
33.388792,56,810.946676,True,False,False,3.9511985425689917,3.389321560815977
39.660672,51,811.309156,True,False,False,4.826976065193902,4.31743711131289
29.948697,21,811.456338,True,False,False,2.1436693872447674,2.305991197122645
38.647632,62,811.949525,True,False,False,4.301045190114775,4.347019648348538
33.755557,66,814.595204,True,False,False,4.909696072928569,3.4703939732620634
50.078705,82,815.254868,True,False,False,6.656448302093986,6.511867980587928
34.106073,37,815.563196,True,False,False,3.248172338620097,3.1105430970060453
28.581186,19,815.72331,True,False,False,1.906852531586474,2.089930758257389
39.4614,57,816.207819,True,False,False,4.479180986643949,4.4196397037706365
-1.596008,58,816.774975,False,True,False,5.975147187042565,5.644443394441473
36.981539,40,817.081502,True,False,False,3.7886883497075283,3.834534250365565
33.793008,36,817.379379,True,False,False,3.621315152019078,3.2487215297205765
48.393228,67,817.948192,True,False,False,7.847237861850601,6.318847061717007
42.877129,69,818.502415,True,False,False,5.0625938493878975,5.160753767295893
43.924855,54,820.984174,True,False,False,5.193732563928987,5.11717909255124
39.817739,50,821.392417,True,False,False,5.472740138266129,4.615515095204207
33.680641,37,821.699479,True,False,False,3.150676067004759,3.098924332322511
29.436011,47,822.10147,True,False,False,2.73771166370711,2.4953392806952173
-19.046533,8,822.166169,False,True,False,0.5888720697042904,3.178255889354742
43.448624,53,822.603993,True,False,False,5.845198429248888,5.164107957419588
45.745177,85,823.388637,True,False,False,6.076802713903728,5.914320343866468
34.07563,44,823.735433,True,False,False,3.907849843855365,3.4161754378839055
32.286615,35,824.014749,True,False,False,2.953154900027724,2.873695634612093
38.684957,45,824.364435,True,False,False,4.1985343016424865,4.096208711091443
34.802835,69,824.860989,True,False,False,5.569725506479535,3.7063033402093417
38.286095,56,827.132773,True,False,False,5.908753978866622,4.361238002116211
29.193597,51,827.550342,True,False,False,4.042851291425939,2.5464343923777784
44.24558,61,828.056898,True,False,False,6.166724397731937,5.475643195250874
30.37589,53,828.484935,True,False,False,5.853424639773516,2.8061444677859013
34.567612,39,828.808088,True,False,False,3.1144022495341925,3.250230695905588
29.446739,38,829.10726,True,False,False,3.0361124200515257,2.5549209413850877
26.892303,24,829.305165,True,False,False,2.8265212285510186,1.801314342058616
27.360387,38,829.607979,True,False,False,2.6198706951924566,2.0564626234014614
29.370799,44,829.952059,True,False,False,4.816075832877033,2.545843506445089
47.107257,47,830.326867,True,False,False,6.21851086888931,5.734121568988439
-18.098875,6,830.36634,False,True,False,0.605417299326308,2.184025023902741
42.285186,67,832.138836,True,False,False,5.564226922068005,5.080491024862413
39.842283,71,834.770733,True,False,False,4.970681074651449,4.5862472016916955
37.636223,59,835.186139,True,False,False,5.282112792431645,4.131102305990816
44.298083,50,835.617845,True,False,False,6.356953961911631,5.235472667776351
46.529501,81,836.31001,True,False,False,6.994931532075702,5.76505923533543
28.814378,19,836.467819,True,False,False,1.870118645317848,2.046412485933232
30.257487,22,836.671023,True,False,False,2.2218475141118863,2.4822325415107422
45.690099,97,837.512539,True,False,False,7.505548058797355,6.29558076300761
29.672869,70,838.15306,True,False,False,5.461981075767163,2.760649406459476
33.346338,40,838.527214,True,False,False,3.042017511467665,3.102839273434622
33.493379,41,840.853674,True,False,False,3.052488033467408,3.1375012408356606
30.615908,48,841.207891,True,False,False,3.558249353305074,2.85573721845634
39.665833,43,841.517709,True,False,False,4.653330314795062,4.369240090001696
28.457718,36,841.862746,True,False,False,2.057119572464341,2.221595306012353
43.809203,45,842.2138,True,False,False,5.4163452358984925,5.076248021860457
40.748958,75,842.803359,True,False,False,7.620621691841411,5.064370902123964
34.692344,39,843.099851,True,False,False,3.31472403846682,3.337394408586602
44.923268,58,843.542118,True,False,False,5.922262335768892,5.522254627571591
27.15676,37,843.809407,True,False,False,2.300577394093351,2.065059341575279
45.016245,85,844.522907,True,False,False,5.769257352154992,5.708222578674546
40.754714,71,847.270097,True,False,False,4.889058620736909,4.761182977208877
29.659787,83,847.924127,True,False,False,5.391054494190275,3.065235787369383
45.660172,70,848.452549,True,False,False,5.910367547621558,5.562373641462292
28.510781,53,848.888982,True,False,False,3.0111902316083525,2.3771680204479693
28.052832,28,849.106468,True,False,False,3.499461427698513,2.0784720908324776
33.031464,40,849.429063,True,False,False,3.3176308778616574,3.041664831184662
33.726079,46,849.825025,True,False,False,3.497981012570579,3.1540906463105016
37.117017,62,850.384451,True,False,False,4.906589884997799,4.065033697117504
39.094941,65,850.972492,True,False,False,5.0816860663133205,4.402984072157564
32.577212,29,853.190227,True,False,False,2.8877647252038914,2.832539257683918
35.862953,32,853.430508,True,False,False,3.579623704486285,3.4799356745690866
-15.76684,28,853.644714,False,True,False,1.8389761502501327,3.688829485889344
47.46808,61,854.127996,True,False,False,6.341353095819592,6.0044419094799455
44.727664,64,854.687996,True,False,False,8.036229160212203,5.581908453581211
37.202607,81,855.345198,True,False,False,4.742308370758025,4.288011029010037
39.50445,55,855.780834,True,False,False,5.497646018198092,4.532411941463347
24.488412,79,856.413579,True,False,False,4.056101793846717,2.0980097021112827
33.348313,56,856.885592,True,False,False,3.4716706941673205,3.253359238335672
35.304369,43,859.18741,True,False,False,3.7792474104731903,3.467645895331899
32.880324,42,859.506481,True,False,False,3.5318537391669476,3.0645020052093472
31.786082,21,859.655635,True,False,False,2.602936534803313,2.660539180552312
28.412003,20,859.811503,True,False,False,1.9085351199046376,1.9680471971628957
39.455663,33,860.054555,True,False,False,4.565794417178394,4.14816218280599
29.380417,17,860.182853,True,False,False,2.187519570023726,2.1108904828351824
41.003475,71,860.725421,True,False,False,5.417275245183688,4.877076737084075
32.625287,71,861.274438,True,False,False,6.094457031080611,3.6705422778489263
30.294704,32,861.519137,True,False,False,3.922551492094975,2.4282561866371255
-17.774145,14,861.627219,False,True,False,0.6372173265442469,5.66819879840285
42.811734,81,862.234116,True,False,False,5.432419248775054,5.287942111672677
28.681201,36,863.813284,True,False,False,3.344939979900912,2.2365514709500927
28.393089,35,864.079018,True,False,False,2.1709977636119113,2.1685440675883996
32.255169,32,864.322183,True,False,False,3.4282296983815272,2.9049588559628043
31.657203,30,866.50491,True,False,False,2.6505659830156594,2.728009481782674
30.095139,31,866.755275,True,False,False,2.8538261531684803,2.4086029604004726
34.21329,42,867.111366,True,False,False,3.3724773579052334,3.2849276048297784
32.042358,75,868.07743,True,False,False,6.42420475840022,3.4298969872796516
40.940047,74,868.784401,True,False,False,7.246503864514932,5.036755860818639
39.682475,69,869.449464,True,False,False,8.138677294144513,4.753604721684991
47.928481,72,870.309604,True,False,False,7.521009459473096,6.083797650324518
26.27955,16,870.441366,True,False,False,1.4510070014864527,1.6385367568328497
36.890477,46,870.81675,True,False,False,3.6775250660378984,3.7616635410895474
32.172127,113,873.534848,True,False,False,5.885038646921888,3.8212722232154204
-17.150617,16,873.661177,False,True,False,1.064741523160554,2.7796188895408735
49.483086,77,874.290271,True,False,False,6.498453046166917,6.441095682982857
36.823657,61,874.766152,True,False,False,4.160891342620325,3.981299034330815
30.222333,29,874.992273,True,False,False,2.4442610315342757,2.3990925155980674
43.741341,80,875.609124,True,False,False,7.9818739393176195,5.687963428560941
35.012338,58,876.065389,True,False,False,3.7299370461682506,3.6015809481073613
36.623334,50,876.48618,True,False,False,4.958301140703683,3.9044501570360954
41.31365,43,876.836127,True,False,False,5.224307622734636,4.62848500793357
40.863344,46,879.196069,True,False,False,5.828953748006667,4.668011561350126
49.530908,70,879.771276,True,False,False,8.189584398223984,6.543845961249695
31.490062,21,879.928515,True,False,False,2.639480402604512,2.6047788001925123
27.623988,24,880.08638,True,False,False,1.8395234204562632,1.8498490013535778
26.305121,18,880.220385,True,False,False,2.0052223470424355,1.6398784959880424
43.279152,84,880.853588,True,False,False,7.360787138625768,5.605985483283374
36.555414,52,881.295108,True,False,False,4.4813346904362765,3.7573190917788604
33.733908,48,881.671003,True,False,False,3.8128971199531447,3.2622380654407572
35.357299,42,881.978297,True,False,False,3.3620212735005124,3.4784128064102435
34.586572,23,882.148446,True,False,False,3.3176357918631254,3.189666755376834
41.35429,57,882.556585,True,False,False,5.2429311486014765,4.7756142102746475
50.82023,78,885.241216,True,False,False,7.790210508861899,6.754648978242929
32.350704,56,885.724031,True,False,False,5.142000467152734,3.1836833042331047
26.869216,26,885.902996,True,False,False,2.829990121415075,1.8917087841481275
34.980657,106,886.632571,True,False,False,6.882709221317124,4.429318240121606
34.154014,50,887.021644,True,False,False,3.2107855187075316,3.316362979594231
28.144843,20,887.175309,True,False,False,1.9912402042670672,1.9913550448336506
26.583053,33,887.417343,True,False,False,2.9665764365195417,2.02000976229929
42.99386,76,888.00809,True,False,False,8.309213147575798,5.351502825024632
32.867661,62,888.483854,True,False,False,5.028414876631223,3.3509371435303636
28.391287,24,888.677198,True,False,False,2.004456547790335,2.063352697290963
32.858992,83,891.449168,True,False,False,5.490141544788132,3.6434964665228864
40.997644,39,891.74806,True,False,False,5.388919607118575,4.655273834764399
31.39764,42,892.069464,True,False,False,4.173065689722922,2.8189787460217204
40.479966,54,892.505239,True,False,False,4.761290267399733,4.54159501974556
-16.377824,12,892.594326,False,True,False,1.0587021209119216,2.393657654923797
26.906171,32,892.829772,True,False,False,2.2065496378026954,1.9166147594712517
29.049985,13,892.930201,True,False,False,1.8937110912088706,2.0081250666387467
42.67531,74,893.498903,True,False,False,5.659308025620305,5.069636605695311
35.11634,32,893.758816,True,False,False,3.576165889723733,3.424598546507055
45.461252,42,895.784382,True,False,False,5.1048180852080725,5.293639088426857
-18.413466,23,896.010411,False,True,False,1.113354657252468,2.2261364459505737
37.40409,43,896.360871,True,False,False,4.557595677305865,4.002450641163976
34.824933,29,896.566863,True,False,False,3.9755573658214773,3.3861324970935858
36.563871,63,898.912737,True,False,False,6.290058197948224,4.48197284237749
28.846537,24,899.089098,True,False,False,1.9424254296498307,2.0662659794198643
39.69837,57,899.55084,True,False,False,6.3561782174227845,4.645724314152569
30.173814,32,899.775799,True,False,False,3.0073234683297203,2.409692913862415
29.235057,37,900.083595,True,False,False,3.3668325816936786,2.3573878818458316
39.539525,90,900.855518,True,False,False,5.566083333915063,4.789991356849613
37.616277,69,901.415954,True,False,False,6.5892568918936725,4.134652047785198
31.604766,37,901.708287,True,False,False,3.6300634991934415,2.787710388368235
52.696885,65,902.224124,True,False,False,7.255149699381621,6.78903150090913
28.195215,18,902.362366,True,False,False,1.7583995337919782,1.916817841987237
32.834007,61,902.835246,True,False,False,4.641505297032473,3.5445968309952645
34.724059,43,905.128437,True,False,False,3.3898500720842804,3.361902601172615
31.391098,30,905.347408,True,False,False,3.0733616271506086,2.659193952073134
29.332096,23,905.51951,True,False,False,2.1347087456244873,2.2269517231856155
32.955828,55,905.918335,True,False,False,4.37599587115814,3.3066342371336863
36.273456,34,906.229412,True,False,False,3.6878434655254146,3.648932518489931
35.104258,61,906.704972,True,False,False,4.30511709559857,3.687734567375297
36.237725,50,907.109271,True,False,False,4.413514481436617,3.876908844187405
48.649988,70,907.664829,True,False,False,7.227162490493837,6.637275309922249
34.171429,25,907.854592,True,False,False,3.266956380720466,3.1391432635787964
44.289509,59,908.335511,True,False,False,5.770483849700659,5.477240420890381
37.719992,108,911.07185,True,False,False,6.144672114644132,5.041831034816289
33.676734,34,911.331576,True,False,False,3.3106840156384707,3.3735418275934856
30.379934,26,911.524323,True,False,False,2.298268502010446,2.3653979881248284
27.052155,46,911.881953,True,False,False,4.530280906734857,2.1654240315111464
41.321986,52,912.288171,True,False,False,5.030847042339632,4.799797507307712
32.758118,36,912.568185,True,False,False,2.926695554393892,3.0779666446560823
31.724529,31,912.827065,True,False,False,2.908462298251107,2.7905646347616067
30.849115,19,912.990653,True,False,False,2.4583217162575335,2.4727568607145
-0.122459,56,913.458724,False,True,False,5.734503105171215,5.149109274807623
31.049502,46,913.816283,True,False,False,3.5843845633096216,2.7197100717864306
49.174832,70,914.381475,True,False,False,7.411096621767969,6.364162484308216
46.91334,59,916.895411,True,False,False,6.03803812840153,5.760108191965694
35.677463,35,917.232411,True,False,False,3.659148739435949,3.4752154848189636
43.447616,68,917.81168,True,False,False,5.646490118506858,5.326607034143859
55.464187,80,918.448239,True,False,False,8.924846944141674,7.641506217848771
31.140269,31,918.724559,True,False,False,3.710822353557475,2.661637758057808
29.681331,15,918.866024,True,False,False,2.1602795516963296,2.2418680828630158
31.470813,26,919.086027,True,False,False,2.566821806564119,2.707053076614581
41.120194,81,919.823268,True,False,False,6.862009555322444,4.9934972586692945
33.699116,37,920.297152,True,False,False,3.4254908463575413,3.1524014755655627
31.626551,31,920.551533,True,False,False,2.6851268768188192,2.683700055974935
34.1054,39,920.903864,True,False,False,3.753406633812122,3.2369352636897775
28.406141,38,921.264586,True,False,False,3.4270346371294695,2.423524871955869
48.33442,48,923.543143,True,False,False,6.822540328243,5.991474756697868
35.619123,44,923.894192,True,False,False,3.6645659894923974,3.6137682485264313
51.40787,66,924.559108,True,False,False,8.243483143498352,6.77138931519365
27.378957,26,925.001935,True,False,False,1.7701094319398114,1.8593602608148612
25.878725,26,925.356597,True,False,False,1.9508426143706132,1.6053721547353423
30.487774,18,925.53159,True,False,False,2.167842005718586,2.3879312210714168
41.876056,47,925.909978,True,False,False,5.1370149561917335,4.729118247272806
42.475625,79,927.847339,True,False,False,7.251818806634915,5.365321058023171
35.102618,46,928.165309,True,False,False,3.8026349013094043,3.45021867700882
30.597716,77,928.737305,True,False,False,5.109025699292382,3.1110269897948597
31.788985,85,931.547373,True,False,False,8.219918227189854,3.39474512070908
42.297465,66,932.099643,True,False,False,7.8843037530415465,5.126486803267902
30.512044,23,932.304837,True,False,False,2.233575656804112,2.4596660635456113
31.590568,35,932.583574,True,False,False,2.80628450349133,2.7308026753634556
28.020647,18,932.726762,True,False,False,2.10378442890891,1.9794974306251125
28.298577,26,932.948657,True,False,False,2.61626635293612,2.069125940469573
33.416841,35,933.237249,True,False,False,3.712066076730963,3.0844198038006954
29.576222,32,933.509319,True,False,False,2.5810904523815665,2.3176954560842713
32.607399,40,933.817771,True,False,False,3.4620619450213237,2.9900683659617666
26.412293,19,933.965204,True,False,False,2.3826936614658862,1.6495954923638705
35.874688,35,934.229128,True,False,False,4.1320211411709336,3.578819910675552
37.254693,44,934.569027,True,False,False,4.3267908591217354,3.844501764466538
25.27056,34,934.81376,True,False,False,2.940773509867095,1.6458573352290913
40.568006,60,935.267822,True,False,False,4.969329680453115,4.74274024341272
42.903755,62,937.766344,True,False,False,5.621079766404504,5.093619729234418
32.643113,48,938.146655,True,False,False,3.5041484518372745,3.013773084156114
44.410458,95,938.864033,True,False,False,7.354645450487439,5.7179433900874965
43.43603,64,939.317544,True,False,False,6.397263628672083,5.31732353542813
28.502847,40,939.615279,True,False,False,2.773218787265646,2.2582334828662876
42.391314,72,940.176694,True,False,False,5.659096501163141,5.0127827975192885
32.094491,34,940.478361,True,False,False,2.7931386124356936,2.8375518976672542
41.122432,50,940.897283,True,False,False,5.556976047016838,4.773206180116613
-18.26324,6,940.943469,False,True,False,0.48625665835999515,5.195562265484864
25.724442,28,941.199759,True,False,False,2.5074102410764234,1.6049614285333489
49.144494,70,943.677111,True,False,False,8.157409007360023,6.4084942636034885
40.099456,37,943.947513,True,False,False,4.75329326114037,4.3712739145903114
34.691947,59,944.410261,True,False,False,6.318982462304868,3.5946669218612777
26.477683,18,944.56596,True,False,False,1.4663495817431138,1.6109065986422557
40.395719,40,944.916251,True,False,False,4.667906907654067,4.440644599618006
49.511186,121,945.952185,True,False,False,9.390357050014115,6.841681680299085
41.877587,37,946.243718,True,False,False,4.873021932115078,4.755959443099759
36.857485,45,946.593566,True,False,False,4.47574181881322,3.856322186802183
49.740145,81,947.230161,True,False,False,7.342735256783357,6.709007227219378
27.321298,28,947.441991,True,False,False,2.6664855840180843,1.9705853985143957
37.738597,40,949.717362,True,False,False,4.5149561201804564,3.980292710449922
42.341716,71,950.326243,True,False,False,7.291629777554312,5.175486532499424
35.945224,34,950.604135,True,False,False,4.468408697878598,3.5936586085606077
39.943547,89,951.342186,True,False,False,6.1920815453771825,5.157101014704887
34.002403,41,951.638696,True,False,False,3.4027025151699877,3.3763075185779545
43.959806,78,952.203242,True,False,False,6.242299892383111,5.3640795951029405
29.896842,47,952.544676,True,False,False,2.6905116272764364,2.6488361856493716
28.212682,31,952.798619,True,False,False,2.4526668086428636,2.1444811843442264
-19.281112,9,952.859128,False,True,False,0.5988905853262672,2.1516447833392447
29.058874,35,953.115594,True,False,False,3.2608660385101786,2.29760104108
43.035495,73,955.742659,True,False,False,7.4793010356427985,5.322176515258932
34.654645,41,956.068347,True,False,False,4.3348653861582465,3.485474589381485
37.364883,91,956.806287,True,False,False,7.7827582042358,4.593731610141766
27.633387,29,957.050924,True,False,False,2.1945660656661174,2.0407623564570123
-7.531627,43,957.389913,False,True,False,4.33520422879505,3.953190294988219
44.411251,58,959.552349,True,False,False,6.157431042429002,5.402142538060116
47.076064,74,960.13984,True,False,False,5.893676179454682,6.016750345777737
30.209639,53,960.603796,True,False,False,3.1269985904395177,2.6928749001558456
41.520763,78,961.222821,True,False,False,6.967316758026937,5.4543591538934235
43.901678,58,963.67448,True,False,False,6.884029346090145,5.292317111568795
46.358147,80,964.419163,True,False,False,6.569320356952834,5.845389735177759
40.318379,55,964.873912,True,False,False,6.6393732678565796,4.737089063233153
40.609341,73,965.538986,True,False,False,5.138089168899668,4.855203055207394
38.93798,95,966.240928,True,False,False,8.042966811924947,4.736466030015243
32.836228,25,966.422192,True,False,False,2.90231056330826,2.883489870783041
29.706177,28,966.622348,True,False,False,2.250995170657115,2.3012560748186592
31.244104,35,966.914945,True,False,False,3.42674562534841,2.7619380536212303
34.904133,23,967.166047,True,False,False,3.1587295708096157,3.2040292717616117
38.987951,34,967.457978,True,False,False,4.513948994121247,4.167352854624274
25.928928,30,969.851306,True,False,False,2.2740739062510045,1.7399937490145245
35.860559,47,970.27383,True,False,False,4.4499256026227,3.6733754711345843
32.055335,46,970.655843,True,False,False,3.4330701341660137,3.1086769556654157
26.164282,39,970.966115,True,False,False,2.258433342588054,1.802445984047591
43.75719,61,971.432692,True,False,False,6.4854591146231515,5.385403811932703
27.937522,21,971.595928,True,False,False,2.01331958429309,1.9853437551084143
41.855709,49,971.999896,True,False,False,4.793209273406285,4.783713494851367
32.009792,35,972.291385,True,False,False,2.7138445829052773,2.839779064672738
52.456612,71,972.828739,True,False,False,7.535337483987682,7.0094102133517096
39.751853,71,973.39741,True,False,False,4.844129956388822,4.687260601763777
34.108363,59,973.847583,True,False,False,3.7081223058585366,3.4349032511989486
42.973806,36,976.230952,True,False,False,5.048209995168353,4.855193784306934
-13.216078,18,976.385986,False,True,False,1.7414189280082806,4.6754421232082635
41.360271,48,976.79584,True,False,False,5.792508148428902,4.805046928480942
32.103606,66,977.427499,True,False,False,7.187946837439383,3.202347286478575
32.855598,58,977.904177,True,False,False,4.901743101894891,3.3893375182938517
47.460279,55,978.332835,True,False,False,6.713163782745664,5.887560037028533
39.294306,52,978.774915,True,False,False,5.886295660399433,4.558280941445227
30.590739,31,979.038053,True,False,False,2.781553748307303,2.63913811028889
41.120572,69,979.639714,True,False,False,6.2260534186995935,4.897281800795364
47.380327,68,980.214257,True,False,False,6.58478662936245,6.042678911326493
46.362454,54,982.530873,True,False,False,6.476221167814495,5.736867449234021
44.900772,55,982.959836,True,False,False,5.822733453243559,5.437318245247323
-1.234785,42,983.261547,False,True,False,5.414618194424024,5.033069704303933
32.732399,22,983.434141,True,False,False,3.142505357859278,2.8070891805790668
33.583039,55,983.865172,True,False,False,3.9192864970110466,3.416171575796076
26.5727,17,983.999136,True,False,False,1.8100544808533385,1.6967559257466382
39.873659,60,984.471075,True,False,False,4.8341059536229585,4.495212215216363
46.160891,56,984.932783,True,False,False,6.59712711585828,5.663575447202077
47.291776,63,985.50686,True,False,False,6.5684804942992905,5.972340744673946
43.230282,114,988.346837,True,False,False,8.341865399605899,5.626017903526658
37.092252,28,988.56639,True,False,False,4.168246999840472,3.7489087000761554
43.055163,53,989.010715,True,False,False,6.8045601076322395,5.092176342390806
51.762726,74,989.593978,True,False,False,7.478736277934065,6.943639760356827
29.031025,26,991.095919,True,False,False,2.471146288859384,2.142481242236949
40.486301,47,991.453676,True,False,False,4.433584567469861,4.482644198271814
-13.848164,17,991.575438,False,True,False,1.6090773665251237,6.829737076195649
26.489304,37,991.844601,True,False,False,1.9271866723057152,1.8609200711663387
32.055427,57,992.255903,True,False,False,3.9792325805901108,3.167515534718296
43.845957,60,992.703617,True,False,False,5.443824437829312,5.309410813862473
26.40117,17,992.857207,True,False,False,1.4595422753658311,1.6081263649923703
54.739615,60,993.447114,True,False,False,8.4703238554249,7.396644861373265
40.879736,97,996.457468,True,False,False,7.606516538655564,5.264355756375075
40.261467,48,996.847107,True,False,False,4.664334212080529,4.486973846171949
29.68567,23,997.084726,True,False,False,2.8059260026262773,2.3028391932035235
30.318193,62,997.594954,True,False,False,3.949772351378024,2.7916828908595104
33.126191,50,998.21617,True,False,False,3.820115384114012,3.246498173611366
30.597562,61,998.858353,True,False,False,5.3474668810281685,2.7947594760790153
34.610731,42,999.200842,True,False,False,3.9924741693565418,3.4029304925767643
37.534576,88,999.858169,True,False,False,6.000154158593596,4.453480909947248
34.666311,41,1000.162843,True,False,False,4.343018298195867,3.291798880424473
29.742276,35,1002.501148,True,False,False,3.197281020127075,2.475001958683737
29.336149,40,1002.804167,True,False,False,2.8593788188605163,2.4477702796059875
26.663814,15,1002.911217,True,False,False,1.3478645457673228,1.6408644220076007
39.292463,33,1003.155817,True,False,False,3.944336317994842,4.09682322443162
44.772518,57,1003.575694,True,False,False,5.50796371918817,5.3366334153500015
39.762284,65,1004.060504,True,False,False,4.730284874485495,4.573561084351396
28.068606,40,1004.356526,True,False,False,2.594685488306964,2.1719559993269257
43.755159,42,1004.672302,True,False,False,5.055409739973607,5.014253125071054
40.292385,45,1004.986902,True,False,False,4.702711723025728,4.442982487943528
51.206231,77,1005.624245,True,False,False,7.038595827677127,6.683284623076758
36.343315,43,1006.012528,True,False,False,4.2953684227539295,3.650054832639447
35.83755,34,1006.295217,True,False,False,3.8471140042641365,3.5746111841329187
30.103544,29,1008.62858,True,False,False,2.6450786302700164,2.435806456935765
28.168614,25,1008.841452,True,False,False,2.6283892876958355,2.046646340871224
52.054637,76,1009.498457,True,False,False,7.702894234260856,7.197040971830856
32.710448,26,1009.697474,True,False,False,2.754718960917808,2.842713637438058
41.142901,56,1010.131576,True,False,False,4.687059349538242,4.645567082525446
34.241716,43,1010.480856,True,False,False,3.725621687886498,3.4359323538000277
41.865938,81,1011.116887,True,False,False,6.205143501051168,5.076263445945588
45.984769,64,1011.698466,True,False,False,6.586512495234154,5.772373923619599
27.007446,38,1011.99464,True,False,False,3.531289591924051,2.3874086707716127
32.590988,78,1012.610525,True,False,False,7.899676871502041,3.568035183171264
28.714741,22,1014.899789,True,False,False,1.8644870017432102,2.0496727624820092
32.023875,33,1015.1301,True,False,False,3.1937717177309475,2.868014186569626
38.914421,48,1015.531808,True,False,False,5.694863901249108,4.253061510809463
37.797038,70,1016.074982,True,False,False,4.567993105613431,4.3270353399802
31.208976,30,1016.309084,True,False,False,2.641914489711323,2.6506841061953117
29.850398,22,1016.474192,True,False,False,2.639149075640053,2.2964890170108196
43.042229,80,1017.144896,True,False,False,6.082104382516585,5.336609860068584
54.873237,69,1017.740879,True,False,False,7.928622702765457,7.366928925954118
40.004324,63,1018.321903,True,False,False,6.461815713140307,4.731443280506666
28.063327,26,1018.532582,True,False,False,2.7369141257082283,2.102422233343318
30.093604,29,1018.778243,True,False,False,3.5075631020181994,2.484592853371267
-21.068479,40,1021.062371,False,True,False,2.097291576387142,5.245528290017206
29.896909,34,1021.417116,True,False,False,2.764884458287327,2.437801183859991
49.717765,75,1021.92532,True,False,False,7.526430164036365,6.544333127157751
27.097618,18,1023.437146,True,False,False,1.6267895926109044,1.7504997395078585
35.871993,55,1023.92509,True,False,False,4.543769697971378,3.7038271100154927
33.906275,42,1024.303773,True,False,False,4.1815334352955364,3.1966045056976675
28.564558,20,1024.479607,True,False,False,2.180860445524461,2.0248719981316983
33.980515,21,1024.661793,True,False,False,2.9093452502504946,3.064300762489842
37.079711,63,1025.172256,True,False,False,5.514694084466927,4.096555272139889
43.500018,41,1025.490664,True,False,False,5.211579351693203,5.007649328941905
42.588168,30,1025.738245,True,False,False,4.826592876578245,4.704253730000684
38.633837,48,1026.132674,True,False,False,4.970132875990422,4.158684284694264
35.62747,45,1026.48343,True,False,False,4.079134867718913,3.523136245152863
33.544391,46,1028.890456,True,False,False,3.5583844389534964,3.2771669496031843
38.18788,34,1029.151595,True,False,False,3.884332985551328,3.9657853933867693
47.182279,58,1029.599609,True,False,False,6.689988310596643,5.858219800553722
37.872526,80,1030.312483,True,False,False,6.250941071548374,4.394988167397479
29.280075,36,1030.594656,True,False,False,3.820589429383113,2.4160336207846123
47.580078,80,1031.244801,True,False,False,8.263933210701397,6.2405298736070405
41.802809,54,1031.658762,True,False,False,5.34628158632234,4.912058580287119
37.728064,39,1031.952846,True,False,False,3.99001786654998,3.9794185719901383
36.706151,43,1032.274089,True,False,False,4.413574232621538,3.9084476753024857
27.60082,14,1032.378858,True,False,False,1.7177476371454512,1.7848388240288584
34.408251,58,1034.740208,True,False,False,5.073020226312189,3.8219837450960314
34.031806,44,1035.064446,True,False,False,3.590403471513705,3.265665741569916
-4.664744,60,1035.534724,False,True,False,4.1829499673894865,5.007031680245155
28.191369,19,1035.685387,True,False,False,1.8426662119677064,1.9986396981480454
28.047913,19,1035.83455,True,False,False,1.73662248500242,1.9423702295968355
33.706209,35,1036.103423,True,False,False,3.6293445955416344,3.2330596688555504
29.558037,21,1036.283483,True,False,False,2.7643006340090914,2.2599012317215292
36.356015,35,1036.599428,True,False,False,4.097217433361534,3.6996070483417487
6.355439,46,1037.037095,False,True,False,6.357942407262054,7.103310234771651
41.45741,54,1037.503721,True,False,False,5.0185557633953835,4.690695696223087
37.967658,53,1037.92633,True,False,False,4.5008159430248,4.154510692575387
28.101738,21,1038.075856,True,False,False,1.8674695889734008,1.965717715257631
49.115118,62,1038.634797,True,False,False,6.92753685511486,6.265387760866845
27.978297,28,1041.024181,True,False,False,2.020992996654834,2.0045545663365
29.87246,53,1041.39194,True,False,False,4.292935971999709,2.72362900629143
48.56894,60,1041.902912,True,False,False,6.008112186155618,6.052586291757671
42.892698,104,1042.727777,True,False,False,8.759345519217797,5.745106457794382
40.331293,46,1043.135095,True,False,False,4.311974855779409,4.3224300581913475
34.092248,34,1043.402872,True,False,False,3.2558239848107493,3.1911337522066834
33.346512,27,1043.630144,True,False,False,2.973717361808429,3.0081135660638254
36.746673,51,1044.048356,True,False,False,4.6545325909988335,4.03251517126599
37.849986,56,1044.494074,True,False,False,6.0214241125717995,4.167740761881581
41.071707,57,1044.950059,True,False,False,5.397007567108146,4.82187342671684
33.183858,46,1047.367574,True,False,False,4.860385335007149,3.130033574445566
50.323122,42,1047.710975,True,False,False,6.552889525572784,6.162817099148698
38.447495,56,1048.162212,True,False,False,5.768096372735995,4.538352291487093
38.276661,62,1048.675556,True,False,False,6.9725692498180765,4.305540694500786
36.488372,37,1049.03655,True,False,False,4.707313661194554,3.712556200282187
40.888211,59,1049.54006,True,False,False,5.80128789855935,4.720557025991219
33.201857,55,1049.961883,True,False,False,5.018563139211731,3.484743192845761
36.362298,58,1050.406936,True,False,False,4.777789126916537,3.8346862662414947
33.138772,74,1051.011187,True,False,False,4.708242132047405,3.8048815607817397
42.239337,55,1053.492504,True,False,False,5.701498673266547,4.87211497272109
50.40123,75,1055.484571,True,False,False,7.252600148607589,6.630635365033668
39.752148,58,1055.948853,True,False,False,5.724935334174881,4.418556740696261
43.545919,99,1056.714205,True,False,False,7.186962902804377,5.692609351598224
35.365572,31,1056.956056,True,False,False,3.9558448263272634,3.3932070744703187
34.247683,60,1057.443256,True,False,False,4.404048869460432,3.4387773007417906
29.778082,34,1057.756423,True,False,False,3.7995277276239796,2.4219373436254092
40.611442,58,1058.20719,True,False,False,5.410172757198455,4.6508851214645555
50.403673,47,1058.604151,True,False,False,7.32830533282155,6.372410015932481
51.095518,102,1061.493969,True,False,False,9.715148020054071,7.233777760428302
44.940022,91,1062.225267,True,False,False,9.045917798224027,5.887197978826822
28.444108,20,1062.418497,True,False,False,1.892686703695469,1.9846222790136767
38.712207,65,1062.957041,True,False,False,6.856195483302563,4.324363603923545
43.351485,66,1063.501382,True,False,False,7.379306377800428,5.374434859960887
27.175174,22,1063.656447,True,False,False,2.4971737734173196,1.835840872864106
37.20614,53,1064.089515,True,False,False,4.51277718061167,4.024099405851082
36.770191,52,1064.480677,True,False,False,6.333709562944393,3.91343325123366
44.212717,66,1065.064744,True,False,False,7.201060016350577,5.480463186220413
33.418235,69,1067.530414,True,False,False,5.375529097813002,3.491703117073531
34.701965,42,1067.856656,True,False,False,4.786816734736783,3.4285484434152744
40.335912,32,1068.108183,True,False,False,4.670563251228589,4.337015120488994
48.442338,79,1068.721056,True,False,False,7.835730984098069,6.216342089256909
44.32392,61,1069.175798,True,False,False,6.739383797648922,5.425197501544717
29.703309,45,1069.543322,True,False,False,3.0438644844209035,2.5917947195872437
28.51874,28,1069.796026,True,False,False,2.154883330999311,2.1033036884211973
28.539194,30,1070.043805,True,False,False,2.9314404769761135,2.250302541618979
35.62282,59,1070.546493,True,False,False,6.555179229234077,3.8891061006032155
28.480665,18,1070.690782,True,False,False,1.8493619593143205,2.009183866999716
-13.023334,13,1070.794493,False,True,False,1.5731414988749373,5.605392036927691
39.874079,42,1071.13996,True,False,False,4.536277343662531,4.3885081295713055
27.838299,42,1073.487557,True,False,False,2.7660808112530266,2.219598921837392
36.609229,31,1073.728506,True,False,False,3.92624440852393,3.7075757389234165
28.300627,43,1074.047416,True,False,False,3.063561242171313,2.200681501541238
33.825247,36,1074.346417,True,False,False,3.7529822530657766,3.167501327164815
42.227884,57,1074.79283,True,False,False,5.724887671301148,4.989760388092091
45.654781,108,1075.591891,True,False,False,7.951350012470187,6.105673690511258
31.754336,36,1075.849931,True,False,False,3.33462963466225,2.8373683107969363
26.819527,19,1075.987197,True,False,False,1.6316599801797496,1.7410778579593154
28.642699,26,1076.187882,True,False,False,2.075389559310958,2.045183571666239
29.478338,53,1076.597207,True,False,False,4.284210388984098,2.7258962913794997
44.972317,55,1077.036513,True,False,False,6.2739165149329965,5.313157733779629
26.783211,21,1079.112208,True,False,False,1.8186860248757983,1.764652504572612
30.717707,35,1079.401138,True,False,False,3.084306396065327,2.793592172791003
29.882776,22,1079.56098,True,False,False,2.1537782735661684,2.28512771823709
28.0434,30,1079.782982,True,False,False,2.023047394013393,2.0592349786100215
37.309447,46,1080.151125,True,False,False,3.9668644446624097,3.8242382133022055
31.092184,28,1080.379727,True,False,False,2.533380740616246,2.5688931879600916
33.382289,64,1080.957136,True,False,False,4.562027810068942,3.431655716369323
44.998157,51,1081.420454,True,False,False,6.605093140999506,5.436899848675098
26.776939,22,1081.595306,True,False,False,1.6966283268713171,1.700817866960452
34.65153,28,1081.832908,True,False,False,3.47890685052211,3.2308803325658126
33.289148,44,1082.208478,True,False,False,4.8125681712758634,3.253806789199939
40.049436,59,1082.674081,True,False,False,5.22650354232714,4.490838301127778
42.035223,60,1083.152589,True,False,False,5.33845732253745,4.947060683469837
32.044858,33,1086.893143,True,False,False,3.450305703315288,2.9322264418333823
26.953183,21,1087.056201,True,False,False,1.7675800277748328,1.7736440274782237
33.970409,80,1087.697292,True,False,False,4.8016957729567045,3.7248530850661288
46.774443,55,1088.129861,True,False,False,6.444159484836156,5.7796491236635985
35.863074,37,1088.424226,True,False,False,4.406343759820064,3.57547042835297
32.786733,67,1088.997044,True,False,False,6.1119747891961085,3.4437324275521237
32.467848,51,1089.423724,True,False,False,3.9021426423069747,3.1774524735206944
47.46917,77,1090.04095,True,False,False,7.555991516654055,6.174996500755135
45.237122,112,1092.862925,True,False,False,7.344049476154319,6.022263483441745
32.179594,36,1093.139314,True,False,False,3.4603856397324324,2.819347178139456
29.957244,92,1093.83695,True,False,False,6.736771335834261,3.105219961071634
49.086515,83,1094.480786,True,False,False,7.923152828762726,6.292988675551825
40.683726,72,1095.038725,True,False,False,5.621874085941697,5.063923642875435
31.229327,45,1095.395313,True,False,False,5.034967422738933,3.0315255389694413
35.592376,32,1095.649677,True,False,False,5.058624852152886,3.452106400830983
36.576727,45,1096.049016,True,False,False,4.7883377848332795,3.7881964786925164
26.927268,15,1096.192137,True,False,False,1.5847717652149917,1.7219079919444205
34.102813,37,1096.480379,True,False,False,5.024800887980103,3.2884989665297444
34.997782,48,1096.867739,True,False,False,3.819618741539751,3.57804766495042
27.908696,28,1099.054081,True,False,False,2.3809374014363143,1.9750300778630774
29.566908,35,1099.410948,True,False,False,3.744514181152473,2.445174773478808
37.782013,59,1099.887544,True,False,False,4.638917118951374,4.16610202202258
37.324012,64,1100.422996,True,False,False,6.075449291735457,4.165895930589807
45.722485,65,1100.958559,True,False,False,5.752179474488963,5.571948686000669
31.55407,28,1101.165205,True,False,False,3.4092063185789625,2.8346918688712397
30.957219,56,1101.663148,True,False,False,4.120995484486925,2.8320452869279205
40.67419,49,1102.074587,True,False,False,4.7366384693963015,4.435412412577192
43.212821,43,1102.415285,True,False,False,5.676107287153644,4.981764677030823
28.153694,31,1102.658736,True,False,False,3.520640697904781,2.182617632105655
31.995587,40,1102.982207,True,False,False,3.224156656573511,2.915717129129079
43.844677,54,1105.393785,True,False,False,5.9573412468615174,5.217924473287734
40.981268,40,1105.746104,True,False,False,4.82836884742874,4.535973092327689
35.315256,50,1106.17272,True,False,False,4.444542606029893,3.6108758770136395
42.392466,39,1106.479991,True,False,False,5.7623363408642705,4.7440671611662495
30.540907,24,1106.658705,True,False,False,2.8960795715614784,2.611678064649906
48.649423,78,1107.212992,True,False,False,6.558111118966315,6.350645755610913
32.58301,57,1107.614334,True,False,False,4.427209606266478,3.562987820568083
44.111495,73,1108.197027,True,False,False,6.171109248067311,5.547014900108631
30.938108,37,1108.497069,True,False,False,4.432697841793719,2.707233731196204
31.045307,20,1108.660752,True,False,False,2.518184714917551,2.537348991615458
29.784746,40,1109.000746,True,False,False,3.385331194591733,2.4646422743600733
43.744038,60,1111.52373,True,False,False,6.631778508687956,5.351036425637309
31.250921,32,1111.773212,True,False,False,2.8370466607549383,2.666097739222667
34.237757,40,1112.097184,True,False,False,3.5288390020074756,3.363514258841632
34.916176,48,1112.529529,True,False,False,3.4523222938064824,3.499156998286357
27.324546,29,1112.798088,True,False,False,3.3779278551060856,2.0123058558108653
32.863651,48,1113.22883,True,False,False,3.479335779292286,3.0882290876430516
31.234734,31,1113.474755,True,False,False,2.838330132114542,2.6333097437723585
36.99228,66,1113.98707,True,False,False,4.730657281405976,4.105748888052468
43.053871,62,1114.482673,True,False,False,5.61371950781634,5.00893283132716
4.728239,49,1114.860065,False,True,False,5.387755489565829,6.851508322568955
45.049013,61,1116.531823,True,False,False,6.813749654087246,5.60653065929758
27.240675,25,1118.67208,True,False,False,1.6995888929745424,1.8436190975318032
37.651518,51,1119.07221,True,False,False,4.998386334965305,4.044702760047734
28.054661,26,1119.265363,True,False,False,1.8946194556637643,2.00110674150071
41.710326,91,1119.96559,True,False,False,8.025409735182253,5.30282327300671
-18.369124,12,1120.059203,False,True,False,0.5774059907847662,1.585198100010321
45.524302,68,1120.581078,True,False,False,7.28614361136815,5.77281286087337
-12.629261,44,1120.927731,False,True,False,3.4544024928950354,3.851848405412569
32.630306,42,1121.273506,True,False,False,3.2820314658684815,3.056457868853274
29.39067,20,1121.425397,True,False,False,2.050084694761652,2.19749768618115
38.132646,45,1121.831135,True,False,False,4.9142881862906265,4.174019567564657
35.115612,41,1122.166502,True,False,False,4.946916260997895,3.6116625457005176
39.48742,51,1124.454582,True,False,False,6.304000918289005,4.33982190015499
26.150127,25,1124.674338,True,False,False,2.2652709743584807,1.7291876882889199
47.675611,77,1125.262502,True,False,False,7.498738889616101,6.183965243735853
39.693189,41,1125.578876,True,False,False,5.126069014672481,4.403250020701087
30.129397,33,1125.831822,True,False,False,3.31015732035869,2.630515449986074
32.619394,57,1126.271973,True,False,False,3.717177747569854,3.1759409090121884
38.849098,49,1126.648578,True,False,False,4.694886088570306,4.206660857717314
26.986337,38,1126.927213,True,False,False,1.9970062376899473,1.9222680147414928
26.371274,43,1127.22625,True,False,False,3.461242919902379,1.9422185351511927
34.545893,48,1127.667732,True,False,False,4.077484872903191,3.9123673302224042
27.688431,24,1127.854945,True,False,False,1.9840167485119828,1.9181182346220158
27.012294,18,1127.98775,True,False,False,1.8558515392655743,1.7497552453651395
31.591104,44,1128.337542,True,False,False,3.235292058965948,2.846509737640035
30.709555,44,1130.820939,True,False,False,3.773203141723232,2.769697581631546
40.572977,68,1131.46407,True,False,False,5.520054850954733,4.629463433805378
45.894465,53,1131.845869,True,False,False,5.582555390930425,5.652644508827694
26.597207,16,1131.976915,True,False,False,1.4552019558977434,1.6265880456313693
31.57265,38,1132.285791,True,False,False,3.134368776398193,2.798044018668377
50.028419,57,1132.735167,True,False,False,7.495180996528437,6.420377099887761
34.268556,41,1133.054608,True,False,False,4.203367297440286,3.38726715987083
28.151832,54,1133.467664,True,False,False,5.064556732861259,2.504474767409052
34.912241,46,1133.824304,True,False,False,4.6723784676164035,3.410941122693969
38.288511,60,1134.276633,True,False,False,5.098641809644057,4.422927859569724
40.735271,49,1136.747664,True,False,False,4.912178172946727,4.620546037535713
35.647232,37,1137.034336,True,False,False,4.5265242617133445,3.5380073417228415
26.424314,26,1137.250201,True,False,False,1.7507302120708423,1.683808089210557
27.810004,37,1137.523694,True,False,False,2.301827958381052,2.2732345912033707
44.000641,70,1138.053282,True,False,False,6.077156140560948,5.477554091177913
29.441043,30,1138.31479,True,False,False,2.2928921292122175,2.2888087545165314
-11.224804,21,1138.512219,False,True,False,2.2717735705107596,4.376858673811128
27.549329,24,1138.689883,True,False,False,2.1595194770307193,2.028480873805978
41.082489,53,1139.182643,True,False,False,5.52406521969907,4.835522863443131
41.012614,42,1139.519531,True,False,False,4.669059297492426,4.657880618215891
39.493163,61,1139.979325,True,False,False,4.845399414955633,4.381127116871282
29.073691,17,1140.108358,True,False,False,2.046606070809043,2.073717735204673
30.372796,22,1140.284526,True,False,False,2.6702512638301386,2.394704062494136
27.167049,45,1140.6429,True,False,False,2.5805230131909296,2.0572148621834185
35.811869,52,1143.20732,True,False,False,3.6506415252287217,3.6950566374468674
34.781007,32,1143.460344,True,False,False,3.687160003559895,3.327088102599722
43.460652,61,1143.959926,True,False,False,6.093016113340001,5.183560344164331
43.018215,59,1144.426234,True,False,False,5.443675859894769,5.086418997527292
39.15421,35,1144.705165,True,False,False,4.2852919783879315,4.0803324180493625
46.138957,47,1145.069195,True,False,False,5.507643448841197,5.592055427188539
48.902793,94,1145.807496,True,False,False,7.730629869434705,6.659325772489434
46.652381,61,1147.738149,True,False,False,7.428511472006898,5.878983108646373
42.126986,38,1148.036945,True,False,False,5.366441059623413,4.7855571036029065
36.884872,31,1148.290128,True,False,False,3.499790535392749,3.6464569753637313
27.633329,18,1148.420207,True,False,False,1.7604304709549732,1.8463286618826364
25.765584,19,1150.646513,True,False,False,1.3699311287811988,1.5408967022348474
38.991563,78,1151.272282,True,False,False,5.557452586557264,4.520120759363739
30.579837,37,1151.60383,True,False,False,2.572136291446746,2.5335094222852677
27.839775,28,1151.868685,True,False,False,2.4585269219697685,1.996844382922902
29.701712,33,1152.128901,True,False,False,2.273407922810685,2.37571719362419
-18.619542,10,1152.213078,False,True,False,0.5112989372153868,2.157464197660469
33.840221,42,1152.545203,True,False,False,6.150477856369289,3.2962654865800713
39.256665,57,1153.02634,True,False,False,5.240368215567133,4.340620829421742
-9.239895,30,1153.278208,False,True,False,2.920368211517097,3.589303318141431
37.84303,39,1153.593255,True,False,False,3.9293000706631513,3.882662009359368
34.38907,58,1154.10401,True,False,False,3.697474809231294,3.7498212564513858
40.317354,39,1154.430522,True,False,False,4.619382081239306,4.388587577566465
39.396806,55,1156.823434,True,False,False,5.186754263309786,4.466699110381137
30.488776,29,1157.042686,True,False,False,2.412197248488238,2.480139006327944
44.182671,69,1157.620048,True,False,False,5.3701153286690335,5.388316577754907
35.653769,54,1158.091425,True,False,False,4.061754191950979,3.8176258333496316
37.26586,53,1158.511118,True,False,False,5.219976097015803,3.9647013320475804
34.658286,39,1158.898473,True,False,False,3.5244202557251927,3.329228574593744
49.01439,100,1159.783369,True,False,False,7.35884648227485,6.696607297564679
-6.842919,37,1160.065782,False,True,False,3.807318642206859,5.372794570922115
36.045474,50,1160.46489,True,False,False,5.929774868852832,3.7580434574800576
27.554613,37,1160.781952,True,False,False,2.4124109275217087,2.1977603003878046
30.82053,28,1161.003786,True,False,False,3.174002724951761,2.57211217337914
33.677799,32,1163.303199,True,False,False,3.4264859263001632,3.112609523706825
41.39934,58,1163.735569,True,False,False,6.865431527740664,4.9690512444551045
27.353124,23,1163.919678,True,False,False,2.1554213743914206,1.8995014122778124
27.406774,36,1164.234051,True,False,False,2.364336476290505,2.0127125602879015
35.012026,49,1164.636893,True,False,False,3.703187151425117,3.6305604924747197
36.938465,41,1164.93431,True,False,False,5.033457007223533,3.814173334000033
38.386564,46,1165.352107,True,False,False,4.628657181317489,4.04378306970806
41.427778,54,1165.84238,True,False,False,5.816238683020388,4.9871161635705406
37.96217,60,1166.336301,True,False,False,5.831848626547949,4.356142690682839
40.592394,53,1166.745611,True,False,False,4.415319220489473,4.496669135988622
35.385151,81,1169.411092,True,False,False,6.189936924194739,3.943251960514098
38.141576,50,1169.800361,True,False,False,4.595098749140092,4.084645676657919
33.572697,35,1170.0886,True,False,False,3.321360194193296,3.1114961356260986
48.309524,68,1170.665344,True,False,False,7.047407006354775,6.143068414907957
44.571068,86,1171.329143,True,False,False,9.045073736951391,5.885231554425108
25.725306,43,1171.698768,True,False,False,2.9244181175122352,1.9522513415376037
40.336594,48,1172.060367,True,False,False,5.046600740294273,4.641175721749831
-18.645814,17,1172.221762,False,True,False,1.2022285418246121,4.222601528711442
36.593353,38,1172.575779,True,False,False,4.118053107536051,3.7807774927375535
28.958242,24,1172.793284,True,False,False,2.011567758744898,2.1541083348306374
40.992101,49,1173.242318,True,False,False,4.447743797146005,4.554025780245151
41.021597,79,1176.023273,True,False,False,5.844591583362502,4.924967550373389
27.457973,31,1176.259043,True,False,False,2.309332363459858,2.0195658310358175
40.194548,68,1176.749503,True,False,False,5.306665411612895,4.683188629172304
-16.930336,13,1176.833738,False,True,False,0.8448803266260717,1.9549049937163332
44.443574,56,1177.230018,True,False,False,6.205110569680134,5.377585594546432
28.427409,18,1177.39359,True,False,False,1.9461769620929892,1.9483130329902782
40.253355,51,1177.814335,True,False,False,5.824874564422767,4.6474255344764925
35.577885,50,1178.232475,True,False,False,4.327866376978089,3.6940068355883837
31.014828,26,1179.995466,True,False,False,3.40004360784501,2.62584843695715
38.451238,44,1180.322034,True,False,False,4.045209876193378,4.129189533321801
33.649781,23,1180.486185,True,False,False,2.9069306123918843,2.971630562454966
36.069767,52,1180.868057,True,False,False,3.843097496948616,3.7691430747455663
33.297151,34,1181.191474,True,False,False,3.1033157702604655,3.0640862721047264
40.025056,44,1183.634102,True,False,False,4.629573051292654,4.427345493778959
26.303815,29,1183.865945,True,False,False,2.4769662100711436,1.7761537660169766
42.644001,41,1184.220788,True,False,False,5.091078518816307,4.91331188745404
41.006831,64,1184.762857,True,False,False,4.979980614378651,4.780059134377816
48.883733,85,1185.457437,True,False,False,6.46754196485019,6.334684280715696
36.929859,34,1185.771714,True,False,False,3.7250668711113573,3.7727441385985516
35.353795,52,1186.156172,True,False,False,4.854679808856789,3.620863705901341
46.314018,87,1186.827268,True,False,False,6.953621688710367,5.865616793471018
-17.041693,43,1187.181494,False,True,False,2.2769149568435543,4.166399225559355
38.135835,45,1189.52906,True,False,False,4.477459628622609,4.034285290813435
28.900015,30,1189.754387,True,False,False,2.575059948853087,2.1437693212169777
34.566823,29,1189.981067,True,False,False,3.0266265555365135,3.2495108550908136
25.202951,18,1190.127044,True,False,False,1.646258645161651,1.5800231181259534
31.486466,26,1190.34741,True,False,False,2.5569945065070683,2.6148528584352806
30.641965,33,1190.613827,True,False,False,2.6625274216811,2.632485899732287
-14.989208,27,1190.834972,False,True,False,2.1895261357146274,3.43152541113477
32.930088,37,1191.13212,True,False,False,3.101287655868118,3.0542442992435643
47.091013,67,1191.658242,True,False,False,6.133606188251559,5.819575399742701
30.620644,34,1191.990316,True,False,False,2.4993983068332852,2.514886230009155
35.552673,36,1192.343306,True,False,False,3.3752647470797235,3.366776152841973
44.003685,51,1192.759032,True,False,False,5.740853248605022,5.3492650721860375
32.614102,35,1193.08215,True,False,False,3.1341767180117577,2.926824552049693
34.194876,40,1193.432314,True,False,False,4.453597254166272,3.443820607039668
29.671032,46,1193.837692,True,False,False,3.1391587501715192,2.499686605604646
37.516636,56,1197.238295,True,False,False,4.413572326421521,3.99200643606862
38.851682,54,1197.670827,True,False,False,4.645388112660197,4.300708388145625
32.467219,30,1197.911102,True,False,False,3.704861702537325,2.950105030337824
31.238787,132,1199.056719,True,False,False,8.712243420576046,4.30385476468194
51.061955,58,1199.566144,True,False,False,7.666253607702201,6.776127637305316
33.357084,34,1199.837197,True,False,False,3.859914828471098,3.125988409701673
31.495083,27,1200.046457,True,False,False,2.526572497574132,2.6858522917492396
28.302709,31,1200.2884,True,False,False,1.9163864195960671,2.0114550739272192
34.396422,56,1200.755579,True,False,False,3.5900232333486493,3.4972105507606734
39.614517,53,1203.135401,True,False,False,6.311704412098384,4.581578853117027
44.761477,71,1203.719991,True,False,False,6.374427708679356,5.784532152185061
36.65625,56,1204.223494,True,False,False,5.306742291402365,4.096712727753158
43.248689,47,1204.596307,True,False,False,5.128004819088058,4.962719702945839
28.978451,19,1204.744075,True,False,False,1.9570944850720728,2.150483895025867
41.700253,51,1205.144211,True,False,False,5.180931358067148,4.86545576620144
31.969924,24,1205.335803,True,False,False,2.879592327354183,2.7864557908474454
31.127252,44,1205.68551,True,False,False,3.091678842369607,2.7946147976113433
28.849777,16,1205.814166,True,False,False,1.988190825863602,2.0454909184356755
33.387934,109,1206.701239,True,False,False,8.346289882920125,3.907938082851117
36.69034,30,1206.96974,True,False,False,4.180708798332781,3.6976066061284625
40.183542,42,1209.511155,True,False,False,4.3711513801252275,4.288404088359073
40.131948,43,1209.849506,True,False,False,4.707489839746325,4.555137914187646
50.388999,82,1210.510403,True,False,False,6.737071427432857,6.437512194247852
36.03092,39,1210.803622,True,False,False,5.343288268313497,3.6820436509021346
29.853445,22,1210.968122,True,False,False,2.244899674906817,2.3207867256861276
31.867149,34,1211.219259,True,False,False,4.573945736865428,2.820616358722921
39.005298,31,1211.454124,True,False,False,4.351503144263052,4.101688433047954
26.728017,17,1212.967809,True,False,False,1.5566815115744295,1.669638079186152
-19.449679,4,1213.000238,False,True,False,0.3662097669344039,4.692913747597836
36.304953,46,1213.374565,True,False,False,4.48325348080499,3.6734310177532
38.766785,76,1213.939329,True,False,False,7.074679769472987,4.493412787629108
41.652893,93,1214.767684,True,False,False,7.683603116586428,5.518275938130111
-11.182337,32,1217.071745,False,True,False,2.9520018774971826,3.448002777811939
36.638655,87,1217.837244,True,False,False,5.173232517534997,4.480609227988183
31.736731,36,1218.110203,True,False,False,3.7870703498950964,2.8123924573116605
45.967227,49,1218.490491,True,False,False,6.008090926490003,5.510601550313286
38.120099,67,1219.060447,True,False,False,5.79372231405288,4.294913393353756
30.720467,26,1219.267886,True,False,False,2.2819431737887155,2.473149164372943
39.54336,67,1219.822859,True,False,False,5.86319753196232,4.564846029084646
33.502037,30,1220.080099,True,False,False,3.204167045785798,3.0203633830436787
30.613896,35,1220.352705,True,False,False,2.6080948042413166,2.6115599572303894
36.848333,53,1220.781774,True,False,False,4.2365586067391225,3.9807686521522836
36.631698,47,1223.32576,True,False,False,3.851561071669278,3.7842352234281185
39.210146,53,1223.70916,True,False,False,5.83745378228498,4.466582918328901
40.400658,75,1224.305881,True,False,False,10.010178174626912,4.990144933760605
33.974865,40,1224.636418,True,False,False,4.735402875181073,3.2907879489616
33.754236,41,1224.96055,True,False,False,3.244748852436496,3.2236229278503794
38.259253,47,1225.369527,True,False,False,4.161787894621793,4.056407792246807
28.644101,44,1225.756878,True,False,False,3.253819002878372,2.4280742207270207
29.496258,21,1225.968757,True,False,False,2.635016112037052,2.246130981323085
29.587165,38,1226.270251,True,False,False,3.0761664198718095,2.4632616037344146
27.727826,14,1226.368722,True,False,False,1.6728290872909999,1.8346868533135123
47.118004,67,1226.871991,True,False,False,6.229929647048404,5.993203141587074
29.486912,25,1227.068494,True,False,False,2.4917609855156653,2.213477436176993
32.648776,25,1227.269205,True,False,False,2.6266001502490335,2.829481449603198
28.13849,23,1229.410821,True,False,False,2.0610137582920447,2.1119524608447495
29.614073,43,1229.733031,True,False,False,2.848375106436642,2.508468289249103
28.793447,15,1229.839729,True,False,False,1.9103323626584816,2.043294216038067
26.768408,16,1229.961895,True,False,False,1.933415492274188,1.6525787702685648
27.095948,31,1230.183003,True,False,False,3.816285580060277,2.138860169594863
41.090501,49,1230.54353,True,False,False,5.353425669564022,4.811346337947023
33.20675,54,1230.963781,True,False,False,3.457873860173445,3.3313057906229893
33.31526,69,1231.50722,True,False,False,5.230225371888275,3.423874415167394
45.608615,54,1231.943519,True,False,False,5.814966576290984,5.465276856928193
31.900061,29,1232.162827,True,False,False,3.351429452309346,2.80187784933858
32.03308,32,1232.437536,True,False,False,2.8423537287804663,2.7882885266158834
41.52155,54,1232.83788,True,False,False,5.456662633903159,4.865961924539892
30.483534,38,1233.194705,True,False,False,3.576738639615932,2.6521934584237203
32.137197,34,1235.521862,True,False,False,2.820801084410331,2.8621845543311863
40.653049,43,1235.86843,True,False,False,4.428773144817174,4.472805686632211
32.005294,25,1236.065202,True,False,False,2.642310908245977,2.8014436011511417
46.43091,64,1236.561969,True,False,False,6.122108189722875,5.6493189869839595
38.401184,57,1237.011255,True,False,False,4.844822474859843,4.373556212228743
35.165322,60,1237.490463,True,False,False,4.781045365618908,3.7262059767934006
25.546733,22,1237.669019,True,False,False,1.6499299773371674,1.5115777418423066
27.580812,20,1237.833948,True,False,False,1.6730523111918212,1.856408275306668
44.631829,64,1238.350031,True,False,False,5.849378257852658,5.469578414106947
43.125683,53,1238.781074,True,False,False,5.021187682155789,4.992863128373622
39.585951,59,1239.235105,True,False,False,5.106557168539571,4.460222529721685
38.376097,41,1241.591034,True,False,False,4.684565702612267,4.1060743942489815
45.732506,97,1242.345193,True,False,False,8.098752158303109,5.990828194545046
27.714246,23,1242.531541,True,False,False,1.7787399239084947,1.895716136917032
29.150712,32,1242.776669,True,False,False,2.144677690991885,2.2968767599880127
43.363578,56,1243.232357,True,False,False,5.697680444447789,5.032346538239347
28.265761,42,1245.106423,True,False,False,2.615002337091009,2.261985114182123
34.52012,25,1245.306186,True,False,False,3.1136535597351584,3.1911871622635086
38.342,46,1245.65305,True,False,False,4.6193067633300595,4.202175818064664
33.145504,38,1245.969493,True,False,False,4.1643364004302725,3.143097724499728
30.514414,57,1246.478267,True,False,False,4.464499347097301,2.7994166453600324
31.59575,26,1246.714833,True,False,False,2.748687783414267,2.678787974982315
26.391519,20,1246.884085,True,False,False,1.7200761866974033,1.696798756114885
48.192726,54,1249.412715,True,False,False,5.8807243745658155,6.053527375459969
27.625282,45,1249.761828,True,False,False,2.9705097716609896,2.128502906551042
31.167943,33,1250.019694,True,False,False,2.6662209045082346,2.6163658048149623
29.784772,44,1250.383425,True,False,False,3.371384194871491,2.469274524431047
28.085395,45,1250.745203,True,False,False,3.7794275467497167,2.200645446625951
27.545516,59,1251.223234,True,False,False,5.115180414886298,2.6202359117790097
40.58677,66,1251.745365,True,False,False,6.383152551263335,4.70260409770574
31.57278,32,1251.998597,True,False,False,2.7138435281285305,2.710378212898554
38.476474,39,1252.299913,True,False,False,4.169116908198877,4.164145157520847
28.791912,42,1252.713403,True,False,False,3.1587105201578956,2.541094315745764
38.128509,81,1253.346291,True,False,False,5.983589183347988,4.772707375732971
37.54925,41,1255.776774,True,False,False,4.335726308704845,4.067902054278708
47.13241,67,1256.408973,True,False,False,6.3166874266411694,5.90451739816436
45.889507,127,1257.465184,True,False,False,10.453357349692592,6.584055450583953
26.754942,31,1257.705053,True,False,False,2.0709920128045636,1.9375271891640813
43.197283,60,1258.164332,True,False,False,5.771482858052499,5.416045237219456
50.251107,62,1258.705736,True,False,False,6.707060173545803,6.331130161804306
32.749281,34,1259.053082,True,False,False,2.684562374778542,2.9208450805477084
45.942081,74,1259.670947,True,False,False,6.525058061329865,5.7611882815865005
29.50703,22,1259.841077,True,False,False,2.976276615006384,2.2077063864413273
39.849328,71,1262.299821,True,False,False,5.224771415102428,4.655179021598317
38.87612,58,1262.734487,True,False,False,4.658802008178619,4.2312184789243155
42.949774,64,1263.214499,True,False,False,5.8755773816452,5.157799943486883
24.216273,39,1263.500829,True,False,False,3.027482566630173,1.6624908341920652
33.923756,58,1263.916123,True,False,False,4.0172839332390415,3.3216490100391987
44.503031,75,1264.4722,True,False,False,7.040092380348075,5.930005688960206
27.606206,16,1264.599293,True,False,False,2.0839656710012537,1.7948092452447724
43.203556,56,1265.076127,True,False,False,8.249791555181353,5.230440346115377
44.476248,67,1265.631694,True,False,False,5.671751844843846,5.3702904862112595
45.533511,106,1268.574644,True,False,False,7.101389752367702,6.161326388783493
26.022222,14,1268.694494,True,False,False,1.467826128994668,1.5400096376090286
31.90342,37,1269.025471,True,False,False,3.1825583774057775,2.7790132612158893
31.680564,30,1269.282859,True,False,False,2.782765504487838,2.7152671668553303
33.984459,44,1269.651544,True,False,False,4.275012782136399,3.2712405189841016
27.082665,22,1269.85712,True,False,False,1.6699732127880829,1.781421875737331
26.467036,22,1270.051005,True,False,False,1.468552443045292,1.6471142220023551
45.804459,63,1270.537597,True,False,False,6.154234707089413,5.666525596246875
41.03144,36,1270.815249,True,False,False,5.10936797209315,4.56805704606171
40.81686,59,1271.272719,True,False,False,6.0231016015310725,4.982076542918418
28.107929,50,1271.662005,True,False,False,2.962928767438498,2.357939868243157
-11.910731,23,1271.84338,False,True,False,2.4900114658310883,4.485323048703806
53.434516,113,1274.557155,True,False,False,7.964493952209811,7.401302523024028
28.552732,30,1274.829069,True,False,False,2.0730249504126737,2.1022329637328316
27.816843,21,1275.00484,True,False,False,1.7967058774034612,1.886410497875508
31.166021,30,1276.838733,True,False,False,2.5117303836705434,2.6552289152719606
33.697419,21,1276.997,True,False,False,2.8752246547443856,2.9233537322346703
49.202004,76,1277.66139,True,False,False,6.821327442991308,6.414534488540241
29.739905,45,1278.020019,True,False,False,3.5060422325082903,2.847186352055998
31.040294,38,1278.322141,True,False,False,3.3521078798169084,3.065571568422135
46.010315,74,1278.913911,True,False,False,6.293514281001553,5.8162158532655805
30.416637,17,1279.048237,True,False,False,2.356958080647145,2.3234819867970606
32.721084,41,1279.359721,True,False,False,4.360882651212906,3.23659916887721
28.922975,30,1281.637066,True,False,False,2.1891198359384756,2.217802196991386
28.663589,27,1281.850775,True,False,False,1.9677810227440835,2.113556719518106
35.466445,43,1282.224764,True,False,False,3.484311339974189,3.5050257029822927
26.617972,16,1282.377498,True,False,False,1.4526500140743184,1.6333007803862607
32.842452,32,1282.653009,True,False,False,3.0371700261259336,2.970604013112846
31.540344,29,1282.910696,True,False,False,3.062145919277579,2.731633704622321
55.726385,60,1283.359601,True,False,False,7.902354868722647,7.398557824422385
25.983085,11,1283.444236,True,False,False,1.4856227867276977,1.5820458469878298
35.361748,57,1283.885214,True,False,False,4.75316429291588,3.632236108399818
24.991841,24,1284.084927,True,False,False,2.2579552284305437,1.5379443622414701
31.530332,36,1284.369997,True,False,False,3.056192926204928,2.7606482406675212
-17.348666,12,1284.464009,False,True,False,0.9444418910047665,2.172337440600188
33.184179,25,1284.669887,True,False,False,2.9471928421063236,2.962574895708771
39.123512,43,1285.011012,True,False,False,5.013045988377558,4.278071991736643
38.042285,70,1285.571094,True,False,False,4.442222879652782,4.3487320803226215
28.925744,57,1288.017345,True,False,False,3.208194291737104,2.796138968777547
31.897928,59,1288.532833,True,False,False,3.9097509709823557,3.2390339245204567
30.550242,24,1288.767601,True,False,False,2.364674357404586,2.4083395815890443
35.835981,39,1289.156451,True,False,False,3.3584910706617923,3.4988095525261276
35.428485,49,1289.570749,True,False,False,4.25688510543382,3.625490097827405
37.792144,43,1289.929298,True,False,False,4.12453514247851,3.9472859010554053
29.190627,31,1290.192362,True,False,False,2.8454168605151615,2.512718496204035
38.751347,45,1290.527483,True,False,False,4.403834562900744,4.195397517653328
42.82694,49,1290.902578,True,False,False,5.180257420955501,4.941773801214782
37.551022,61,1291.371901,True,False,False,4.81930055505613,4.057940165328007
44.90632,45,1291.722757,True,False,False,5.450914681046361,5.200763062423053
40.286009,38,1294.045306,True,False,False,5.489703110017919,4.389775510982215
38.973957,68,1294.682285,True,False,False,4.775172351652577,4.38101720040272
50.070315,46,1295.050189,True,False,False,6.745903585343105,6.407741803308514
31.036393,29,1295.269934,True,False,False,2.5923650848210205,2.5556618444398924
41.937922,56,1295.69238,True,False,False,4.997597903205446,4.734061364452774
38.105837,54,1296.10498,True,False,False,5.84438930970419,4.28899837037559
32.2383,47,1296.506088,True,False,False,4.531854341685299,3.059911838677497
41.101425,70,1297.049504,True,False,False,6.875010669734713,4.884461422589814
35.922902,48,1297.351489,True,False,False,4.1569147979834495,3.7930838431155838
32.079314,31,1297.535878,True,False,False,3.147896482001589,2.8820054430977
27.115479,29,1297.727799,True,False,False,2.789468729926359,1.9310663028551283
39.317832,53,1300.158038,True,False,False,4.718693251727404,4.499862923065744
33.204393,46,1300.496401,True,False,False,3.308277317546624,3.09432730526896
0.114879,40,1300.735964,False,True,False,4.449001738493231,6.267800336772316
37.174422,53,1301.063891,True,False,False,4.565250668498435,3.9172316285355455
34.571468,54,1301.427235,True,False,False,3.5066027678708105,3.457415153079692
34.501497,30,1301.613518,True,False,False,3.274610866369531,3.1947391281008777
26.286101,19,1301.715763,True,False,False,1.6243781203738206,1.6194150275947508
48.136592,88,1302.248748,True,False,False,7.529826430506886,6.307206568685274
27.705647,21,1302.389998,True,False,False,2.074943035769269,1.9487329928493455
28.553208,55,1302.75832,True,False,False,4.8518945094034045,2.8596132272642905
28.548635,22,1302.910328,True,False,False,2.188674833915304,2.054185053488556
38.836816,50,1303.235237,True,False,False,4.218537580146415,4.18934103059599
41.075355,60,1305.176354,True,False,False,6.377286402068043,4.8705959100112635
30.542898,46,1305.435825,True,False,False,3.5004015323959994,2.7975203520848715
31.979302,55,1306.671958,True,False,False,3.5766109544333062,3.1210604574319794
47.994295,67,1307.083757,True,False,False,7.481719086486747,6.201868090926495
36.723423,50,1307.480435,True,False,False,4.256215123803719,3.857861633611843
51.075787,48,1307.845966,True,False,False,6.4319091517306,6.380008316377549
29.60553,24,1308.032156,True,False,False,2.1582783097061102,2.195893606946588
39.944886,78,1308.617914,True,False,False,5.192382722493677,4.958334270563961
31.79689,35,1308.897937,True,False,False,3.0892613775104096,2.809790275704787
29.097232,31,1309.126715,True,False,False,2.8306202098097577,2.277620978800889
45.011957,63,1310.938029,True,False,False,5.526511279844566,5.4118131685334
32.159511,39,1311.190312,True,False,False,3.467788890904369,2.970450173420415
51.600126,63,1311.583357,True,False,False,7.089397306405091,6.704653398822505
25.96071,35,1311.805015,True,False,False,2.294898280991007,1.6993817035646523
32.868929,34,1312.001434,True,False,False,3.0662058380569825,2.93922832231352
28.187064,40,1312.266196,True,False,False,3.0333165170840624,2.18442625081586
31.098462,29,1312.450169,True,False,False,2.6065907594583697,2.516457222327299
52.389154,83,1312.963456,True,False,False,8.083090357547217,7.356529050521015
44.751467,54,1313.287618,True,False,False,5.652824672322031,5.509065962560119
-16.321178,15,1313.365223,False,True,False,1.6157202734350073,2.629324869809408
35.077589,28,1313.513458,True,False,False,3.154481779114076,3.3391381543215783
30.658153,35,1313.743656,True,False,False,2.9331299528723047,2.8471487546066596
0.397967,49,1315.527437,False,True,False,4.705283871506644,5.5759417222050445
30.563744,37,1315.740374,True,False,False,2.5448683649747186,2.5739064894663626
32.667541,36,1315.943298,True,False,False,2.7812857236301034,2.9584219410900103
28.875859,22,1316.085809,True,False,False,1.9558518986988402,2.1439124055603527
36.208156,53,1316.413874,True,False,False,4.085418900378413,3.7674900776870137
34.683543,39,1316.678932,True,False,False,3.9230018322865257,3.6872453258572846
34.1682,31,1316.878034,True,False,False,3.005873770938748,3.131039675217114
41.277264,67,1317.24294,True,False,False,6.498944376552857,5.202737508479663
49.634365,76,1317.635716,True,False,False,6.733089149492146,6.565049203156111
28.487013,19,1317.736249,True,False,False,1.9608237458368964,2.028350036253685
37.459543,80,1318.171785,True,False,False,5.2471077027794815,4.5460103622722015
46.255305,48,1319.983,True,False,False,6.023914726864969,5.591768063209508
28.999999,29,1320.144728,True,False,False,2.820605162342077,2.349584461046526
39.484571,41,1320.404651,True,False,False,4.959006255229995,4.272201425265599
29.979353,25,1320.584016,True,False,False,2.239392267737656,2.3084167564004443
29.517748,22,1320.720052,True,False,False,2.0913268010699,2.2310480552591905
44.157086,118,1321.498749,True,False,False,8.303916834555748,5.96824650151377
41.525627,36,1321.711071,True,False,False,4.683911864621548,4.559187471213978
40.083996,72,1322.174406,True,False,False,4.656233820467052,4.6833455500425885
34.579369,34,1322.353328,True,False,False,3.3655159470903473,3.338914087437687
34.079483,29,1322.504859,True,False,False,3.618062727285709,3.2124931979378646
44.637265,60,1322.909602,True,False,False,5.537618858396123,5.46989738487629
36.648032,35,1324.784398,True,False,False,3.618536343711797,3.6933256813981217
46.888062,71,1325.210773,True,False,False,7.836236624505855,6.01870159299912
40.276246,81,1325.728557,True,False,False,5.843428074222074,4.781350915678773
30.753686,19,1325.856949,True,False,False,2.6052495772016746,2.462711343929729
35.659166,76,1326.283306,True,False,False,5.402425895897009,3.947662989311028
-15.112427,17,1326.382005,False,True,False,1.8361455530966264,1.842069716475168
48.947771,68,1326.836772,True,False,False,6.464733390131295,6.361249252788696
40.567553,63,1327.250227,True,False,False,5.081062621969291,4.700154745508355
40.537813,39,1327.526562,True,False,False,4.415936091428355,4.332030250794478
35.640949,32,1327.734335,True,False,False,3.466593100783794,3.4417493870461
37.563118,39,1329.644037,True,False,False,4.879073762251028,3.9600257789549493
43.886012,48,1331.301501,True,False,False,5.715214634456805,5.193692570801939
35.826629,40,1331.531203,True,False,False,4.403972516714694,3.6483860608857
40.304632,42,1331.806335,True,False,False,5.027498563322236,4.376868050651159
33.740905,38,1332.06167,True,False,False,4.026173694697976,3.399910348437681
26.184785,29,1332.258014,True,False,False,2.9108185828900646,1.9498530532312255
29.812227,22,1332.405706,True,False,False,2.331316637587359,2.3344501613798987
-17.688974,9,1332.466596,False,True,False,0.7213075643556405,2.18847742421618
37.927201,43,1332.762227,True,False,False,4.569766868597454,3.9395888759203634
36.302949,45,1333.067833,True,False,False,5.1278643154745485,3.7635117790799755
34.381806,56,1333.475748,True,False,False,7.32615777016228,3.596704263233692
40.119191,45,1333.786334,True,False,False,4.3099927357526315,4.404193013791332
37.208124,43,1334.041597,True,False,False,4.030832956061783,3.945115747397911
27.050704,27,1334.240973,True,False,False,2.0127407077258788,1.8734373902732853
45.909878,61,1336.319442,True,False,False,6.287789033228783,5.54684326964924
35.376903,32,1336.526614,True,False,False,3.6472878744732737,3.4837007211690256
41.812675,58,1336.862226,True,False,False,5.105059817419317,4.775469227671316
26.693339,19,1336.981679,True,False,False,1.794029397617072,1.7501479212177633
-0.871395,42,1337.239878,False,True,False,5.609163073605317,5.871427193245072
28.506786,21,1337.365108,True,False,False,2.0068523618385803,2.094028114661351
32.019037,41,1337.644438,True,False,False,3.2111831935395965,3.0053221837618898
25.905076,13,1337.713794,True,False,False,1.5717736746680169,1.522808578800081
52.72803,95,1338.298437,True,False,False,8.29648662810191,7.117115625930627
46.73587,68,1338.756406,True,False,False,7.6779565921706485,6.152275857421514
30.851314,40,1339.049379,True,False,False,4.316905884113537,2.780743951969002
35.665517,62,1341.034467,True,False,False,4.050449876035015,3.744485613225313
26.879496,10,1341.110505,True,False,False,1.5369790436950868,1.6548885725517455
30.859288,29,1341.315164,True,False,False,2.6773370813631976,2.553284492947653
39.360378,34,1341.549087,True,False,False,4.233844738724995,4.296622826920094
49.694033,89,1342.15494,True,False,False,7.638528154202121,6.5038706547856675
28.169409,22,1342.300503,True,False,False,1.7269171334368987,1.9724594251274847
36.857762,35,1342.537972,True,False,False,3.9712305739354576,3.704893035874925
25.859459,17,1342.653407,True,False,False,1.476819068881403,1.5646045753416014
42.129916,93,1343.212205,True,False,False,6.493665447632451,5.306313554975902
32.411288,43,1343.465506,True,False,False,3.842032894538347,3.1398119758713623
38.391577,38,1343.679236,True,False,False,3.9532425224484085,4.052600035707458
44.145865,64,1344.020885,True,False,False,6.105984806467643,5.329424642311
28.510557,33,1345.525973,True,False,False,2.0261384583806548,2.1724680130387806
27.900897,42,1345.75435,True,False,False,2.307506507526142,2.1855528867126313
39.588264,40,1345.972726,True,False,False,4.710220746865209,4.321966782475839
30.15539,37,1346.173245,True,False,False,3.062109104869125,2.883257003246761
31.306883,31,1346.337384,True,False,False,3.2814684838610693,2.715491665663107
29.997296,36,1346.526806,True,False,False,2.779107600390196,2.5334422646637513
30.808133,30,1346.687011,True,False,False,2.8408046836547536,2.638858164283919
41.640478,51,1346.954435,True,False,False,5.784931996777313,4.776217507174804
27.75142,16,1347.035313,True,False,False,2.1905808113416914,1.9280456591416555
30.172444,39,1347.24024,True,False,False,3.4524193137745884,2.5610630953625035
37.797774,44,1347.473569,True,False,False,3.876818641780753,3.932856060802433
39.430713,98,1348.081928,True,False,False,5.056755088818446,4.8218022826084885
29.805262,43,1349.917146,True,False,False,2.556594274936301,2.500384576720962
44.780754,54,1350.304056,True,False,False,6.723286046497817,5.561586154346906
-16.089036,15,1350.390329,False,True,False,1.0834877913063516,6.168026775758715
30.376931,33,1350.578285,True,False,False,2.529875666956744,2.5005379526836244
26.054195,19,1350.69482,True,False,False,1.4710512877101134,1.6034383628465148
44.860754,55,1351.02558,True,False,False,5.604673969915849,5.2814862959505735
0.19767,34,1351.249198,False,True,False,4.398268386341684,6.108678735669809
36.161478,42,1351.534177,True,False,False,4.175047868965806,3.627838246622633
33.981186,42,1351.779531,True,False,False,4.173485961220268,3.3260619204133803
34.507732,53,1352.104237,True,False,False,4.475567538615499,3.7051302145246887
-13.79765,17,1352.202113,False,True,False,1.838547994726743,3.152355725042159
34.653353,42,1352.468093,True,False,False,3.634107723996106,3.357050538358012
-11.445978,29,1352.64319,False,True,False,3.053823409408003,3.6519086535497842
35.633019,52,1354.017324,True,False,False,4.795879991930675,3.8059253688450596
29.967652,35,1355.931667,True,False,False,2.5683952618205272,2.455797213621544
28.237114,19,1356.059714,True,False,False,1.8552488475551907,1.972247287451859
35.757709,38,1356.299552,True,False,False,3.9169755849574925,3.4947117745481737
39.10293,28,1356.445457,True,False,False,3.954351306269256,4.0239795199880595
36.449983,58,1356.844854,True,False,False,4.532706275400952,3.80164939542073
28.239603,18,1356.96819,True,False,False,2.1304509520332173,1.9666506865254991
38.205654,38,1357.223644,True,False,False,4.08240491353817,4.002831563417396
37.158483,48,1357.526899,True,False,False,4.479927304303761,3.9774351006242132
32.008396,40,1357.7439,True,False,False,4.895420418756193,3.0672158936436253
-18.845328,22,1357.870756,False,True,False,0.9405509630970117,2.105937703242634
44.964776,57,1358.201524,True,False,False,5.532703131530849,5.503810006024629
38.16373,50,1358.492725,True,False,False,4.249846793091786,4.040314511356539
33.082793,57,1358.84651,True,False,False,3.684990830117632,3.443720965627787
28.113792,26,1360.532658,True,False,False,1.9108153004208457,1.9896897345421813
29.257326,27,1360.723399,True,False,False,2.551926445475061,2.22184392835269
39.349156,64,1361.149829,True,False,False,6.149099125297694,4.703580357565679
42.213456,55,1361.438511,True,False,False,5.7054012930851306,5.1543137497674465
31.802378,41,1361.667132,True,False,False,3.417677467294801,2.7826259171498635
33.65845,29,1361.868007,True,False,False,3.123458936916996,3.039543163687232
30.244188,39,1362.13288,True,False,False,2.425966648801812,2.506543261082902
26.004087,19,1362.264817,True,False,False,1.308323771112295,1.54585423838495
26.301628,22,1362.41271,True,False,False,1.566624600849878,1.6399138532701987
43.374306,53,1362.760295,True,False,False,4.890523409600381,5.010434454260684
-15.508071,19,1362.896538,False,True,False,1.647838523095778,6.374923879647747
29.698594,22,1363.049796,True,False,False,2.7692602525043397,2.2942307539586717
32.02623,36,1363.273301,True,False,False,3.5670204475842917,2.881383079708182
39.419889,55,1363.580848,True,False,False,4.928670667303277,4.384505991623343
34.094445,48,1365.423875,True,False,False,3.538464682664491,3.2434848662655114
28.052104,18,1365.546934,True,False,False,2.1088036194660083,1.9786781160653573
28.31119,38,1365.810763,True,False,False,3.8275436301456827,2.2382935954480314
42.237707,63,1366.239104,True,False,False,6.818857870239943,5.14807066666757
32.901351,75,1366.733158,True,False,False,5.499480239474615,3.6599244903426387
29.277152,25,1366.910169,True,False,False,2.5769764469654994,2.297306056062554
31.10788,61,1367.332177,True,False,False,5.892830821709141,3.084992655767192
29.825084,24,1367.511282,True,False,False,2.399019762972039,2.3361561863744558
36.545004,43,1367.811593,True,False,False,4.2693655114576154,3.816592810114477
32.467196,41,1368.082532,True,False,False,3.2836309609098397,3.0586166185979153
37.572239,52,1368.448923,True,False,False,4.00149159387013,3.957495187424157
30.098065,31,1368.652852,True,False,False,2.5500769071700606,2.460658771313158
34.039158,52,1370.699823,True,False,False,3.479501511262695,3.5554850558504922
-16.839501,12,1370.782728,False,True,False,1.0665049330656535,2.6017683999510464
46.200566,50,1371.093404,True,False,False,5.984035044995713,5.548010281014818
51.253332,67,1371.529539,True,False,False,7.936982042369354,6.8676732034322345
44.445794,55,1371.864333,True,False,False,5.274618914023366,5.313673573120086
34.852711,41,1372.097804,True,False,False,3.4164061005026305,3.5144549603151054
32.370974,56,1372.439907,True,False,False,4.340421869572487,3.108134928388978
31.294144,29,1372.63364,True,False,False,2.673280368219922,2.660892647720993
37.421175,31,1372.849622,True,False,False,3.766712997955587,3.7712213852531593
41.978624,64,1373.286561,True,False,False,5.349473593993046,5.080522306361079
38.790436,35,1373.520655,True,False,False,4.169791300955872,4.037127480653605
45.081582,62,1375.474792,True,False,False,5.703822738830528,5.396094298666481
46.011762,60,1375.870099,True,False,False,5.742833081127646,5.629587273733563
44.184264,89,1376.384419,True,False,False,5.587402988754229,5.548702640101036
31.25648,21,1376.489564,True,False,False,2.343238945003656,2.580180383425508
42.717394,55,1376.794998,True,False,False,6.096187481785564,5.139752782793728
46.619306,78,1377.222726,True,False,False,6.105490637498425,5.952270925925048
42.314072,70,1377.684737,True,False,False,5.219862322493827,5.137090580438358
33.283266,49,1379.13682,True,False,False,3.261384834577946,3.231065604036166
35.03238,45,1379.407225,True,False,False,4.323362667910935,3.484469101531488
39.600299,47,1381.150296,True,False,False,4.733960409450987,4.406092388265773
27.409017,24,1381.282603,True,False,False,2.0861201730057766,1.8689481745421883
34.038727,33,1381.46677,True,False,False,3.545741525489924,3.267764822908917
-21.87277,19,1381.586389,False,True,False,1.4347060671088459,3.7283888327671533
26.66821,21,1381.713341,True,False,False,1.6627843372702342,1.6660487910155972
38.233218,53,1381.989135,True,False,False,4.413257522341554,4.117966684980893
34.168196,45,1382.236652,True,False,False,3.9456809629248144,3.2513972915574456
37.381631,53,1382.551059,True,False,False,3.920197052986091,3.928302899905852
47.672566,64,1382.939489,True,False,False,6.04583451666316,5.985324231906114
37.735201,55,1383.303771,True,False,False,5.654288107474704,4.137823676315941
45.171744,51,1383.685567,True,False,False,5.6886476783863165,5.421204743455956
42.933955,54,1384.085003,True,False,False,5.798130599514169,5.144435071340887
41.393616,43,1385.93385,True,False,False,5.06269653046095,4.664760053508227
33.621769,23,1386.089205,True,False,False,2.865128751401753,2.9755973259082427
38.983029,50,1386.40135,True,False,False,4.775925442340562,4.300131759211147
28.524339,28,1386.5963,True,False,False,2.1976108637941802,2.1539791974701696
32.912729,30,1386.803889,True,False,False,2.8332419592847264,2.821084251006229
43.557993,65,1387.164945,True,False,False,6.137897837811078,5.356061282275107
36.231413,56,1387.499327,True,False,False,4.305289975192966,3.8672326497532943
-17.313378,10,1387.556012,False,True,False,0.8552062100786342,6.013097317620404
26.268501,58,1387.912428,True,False,False,5.288021414898182,2.3138849105102413
32.50514,34,1388.089211,True,False,False,2.853317773768224,2.8950680751876416
42.648317,48,1388.343917,True,False,False,4.886632462552734,4.999143904028148
32.428728,32,1388.529141,True,False,False,3.5182981814376673,2.895759875164532
45.599316,55,1390.452542,True,False,False,5.870152807657195,5.579471490904679
43.42523,78,1390.972741,True,False,False,6.831859562176906,5.405601827644149
40.651383,85,1391.54037,True,False,False,5.817347603232311,5.2520420352768955
40.144931,46,1391.809522,True,False,False,5.670914655522623,4.898640393881268
33.566443,72,1392.204477,True,False,False,4.485997798186734,3.649339909234102
43.805364,67,1392.638955,True,False,False,5.545230818617762,5.162244358015663
37.686338,75,1393.134138,True,False,False,5.023842811646915,4.349891805506546
28.346243,42,1393.431796,True,False,False,3.7794228062153468,2.3258911963893354
30.194995,36,1393.667514,True,False,False,2.5192285474812794,2.49946082738049
38.515224,56,1395.623545,True,False,False,4.850890302144825,4.211575004607312
35.910957,56,1395.994932,True,False,False,4.947294781159156,3.8637272026732257
47.021966,54,1396.341317,True,False,False,6.056139041166732,5.794559841226258
40.773934,50,1396.628377,True,False,False,4.636459112424884,4.484852328719342
54.866019,96,1397.186201,True,False,False,8.014477838080106,7.567078761358178
41.690937,47,1397.503383,True,False,False,4.773560843170254,4.6087909638812885
27.840069,22,1397.639678,True,False,False,1.8542136630971708,1.9142944809725086
34.305237,29,1397.843038,True,False,False,3.3556162447762867,3.2410078300130762
32.927492,22,1397.991016,True,False,False,2.85908224151153,2.854051312120572
39.308691,74,1398.494864,True,False,False,5.182676520327347,4.445813362382712
56.842041,80,1400.601046,True,False,False,8.714546107934016,7.909780514207871
33.293282,30,1400.803791,True,False,False,3.680374905277914,3.2455969596998266
37.163987,40,1401.054482,True,False,False,4.20981585908982,3.8255075973438717
31.546837,33,1401.246445,True,False,False,3.0756789242325397,2.7013523880126975
44.986041,62,1401.636557,True,False,False,5.822779068892432,5.572049478488775
34.385573,51,1401.997992,True,False,False,3.9219464271143685,3.4065889465913175
40.673306,53,1402.367416,True,False,False,5.798376887568674,4.742924269419059
-20.514788,22,1402.519329,False,True,False,0.7344203993010352,2.3931899727276535
42.676085,78,1404.421115,True,False,False,5.7031272595968785,5.123065572292995
33.373364,30,1404.639158,True,False,False,2.7307325358379266,2.970447294768881
41.417799,47,1406.49117,True,False,False,4.698435966864484,4.712951033299704
31.183914,36,1406.747765,True,False,False,3.4566635468283686,2.667330914152093
38.351448,37,1406.97951,True,False,False,3.867095704969198,3.9601056440786304
42.80719,43,1407.278629,True,False,False,5.1676847426753145,4.9092746718053295
28.515188,33,1407.505611,True,False,False,5.09469133009829,2.1960708212002262
28.385352,23,1407.666411,True,False,False,1.9481485489505255,2.0320375261912704
28.547833,19,1407.804327,True,False,False,2.3311661147204723,2.171258981821664
40.689971,74,1408.317963,True,False,False,5.480965386059598,4.711876802457599
32.33145,37,1408.570632,True,False,False,3.128512619422804,2.9667937519472636
29.274248,28,1408.781308,True,False,False,2.1666157654748126,2.221651801667566
33.173161,31,1409.012076,True,False,False,2.9772579162964092,3.0272359777516282
36.770255,71,1409.482033,True,False,False,5.329150670948818,4.068860750081094
29.727018,31,1409.696696,True,False,False,2.4454966063582346,2.382347198260467
36.559741,64,1411.677374,True,False,False,4.821839459297057,3.9328676351609455
29.250491,28,1411.84591,True,False,False,2.262986685118692,2.221339964545251
34.853275,32,1412.016606,True,False,False,3.905934656711004,3.3499026138774877
53.390701,89,1412.505358,True,False,False,8.303574319333745,7.389869744518013
45.103884,58,1412.881872,True,False,False,5.749220491004302,5.477134428949307
35.709196,35,1413.110948,True,False,False,3.684176218367477,3.4240381251241607
40.995777,72,1413.550068,True,False,False,5.1611351468051945,4.814617751373582
29.160305,22,1413.698625,True,False,False,2.308515060735112,2.222585952091896
35.36961,37,1413.935119,True,False,False,3.8698232497649614,3.44988263391958
27.52418,42,1414.205925,True,False,False,2.633894888604043,2.1569532459144236
40.314482,67,1414.630909,True,False,False,7.0517513642297,4.964133243600175
43.048783,49,1416.438964,True,False,False,5.415745352287815,5.025608113548468
27.260284,25,1416.625458,True,False,False,2.2415650460105288,1.8586702973112912
37.158951,47,1416.966083,True,False,False,5.061441000078361,3.8662295804782283
27.058193,31,1417.182235,True,False,False,3.058774748510576,2.308466879897723
37.098855,55,1417.568201,True,False,False,4.870849028641365,4.16862550241385
44.982647,36,1417.825347,True,False,False,5.597812822309398,5.203604431154382
48.119684,72,1418.287932,True,False,False,7.921646055410167,6.298659373238839
44.561653,77,1418.718267,True,False,False,7.834544656879791,5.633125239994276
37.43118,59,1419.12604,True,False,False,4.64867029267365,4.265897324184044
44.075058,56,1419.532942,True,False,False,5.970291645330115,5.196857585751103
45.210078,64,1421.628904,True,False,False,6.479027490675891,5.4957873455023485
30.657989,18,1421.757578,True,False,False,2.346972182596975,2.4148704650006003
26.488982,42,1422.048384,True,False,False,2.4716568704327284,1.9148128039065322
27.386898,19,1422.178282,True,False,False,1.622296962670518,1.848064562571422
46.088651,67,1422.645398,True,False,False,6.612991968516491,5.883302634660778
27.561334,14,1422.746016,True,False,False,1.6748074161222997,1.7667176583984807
41.575572,59,1423.15676,True,False,False,5.661474458832905,4.926121701752297
41.631468,67,1423.635324,True,False,False,5.638028692748102,4.996197555404322
42.415123,59,1424.053082,True,False,False,6.706710640421543,4.941202077370283
33.92478,39,1424.296755,True,False,False,3.1336572165164367,3.1272943575164702
39.669518,51,1424.613992,True,False,False,5.195937698930207,4.488505060986811
32.88628,26,1424.7576,True,False,False,2.7817370019405665,2.9331432961815764
27.43788,20,1426.40578,True,False,False,2.1608148879918265,1.798978048573026
38.15074,35,1426.635841,True,False,False,4.363944992061574,3.9380856030523628
29.276902,18,1426.746284,True,False,False,2.096267699691004,2.2555129064460617
42.099891,50,1427.097799,True,False,False,5.336699784327747,4.921595170937582
26.080642,20,1427.235096,True,False,False,1.9304691725838619,1.5655173789338228
40.939009,43,1427.536953,True,False,False,5.481265226412114,4.434719360429918
33.177948,33,1427.766412,True,False,False,2.9329083351065885,3.0543879647561667
26.182634,26,1427.951373,True,False,False,1.849004349536185,1.8230386344927276
36.619275,33,1428.154552,True,False,False,3.462259348771543,3.5877305727659694
-16.939647,10,1428.228722,False,True,False,0.7955635735626817,2.6949179504685845
34.776803,38,1429.558976,True,False,False,3.3303510102036524,3.357359216685474
49.708292,60,1429.926233,True,False,False,6.939885970771375,6.204947420490146
38.687415,79,1430.394288,True,False,False,5.864010674993331,5.003429570377462
26.362568,19,1430.522898,True,False,False,1.7251056209771685,1.6344759484645153
36.292155,47,1432.358358,True,False,False,3.9004139331267274,3.6627274142102317
28.553722,36,1432.598927,True,False,False,2.7131003583162925,2.281435681740406
47.852266,51,1432.945071,True,False,False,6.0638613151200405,5.930891663445434
36.170214,45,1433.232509,True,False,False,4.759618125055247,3.64852051538962
30.028756,30,1433.404872,True,False,False,2.7081915321838212,2.4961213931251445
32.385136,51,1433.73646,True,False,False,3.4918457356707404,3.0119663047236087
26.541671,18,1433.861829,True,False,False,1.8531737097515601,1.7015628460210968
46.325375,57,1434.252175,True,False,False,5.599729557745739,5.520702162189911
46.506034,66,1434.677824,True,False,False,6.110511307762392,5.808873215991575
27.55856,14,1434.777385,True,False,False,1.671295952185737,1.7584278029640534
37.352576,35,1435.01213,True,False,False,3.839046765846775,3.9220041699768453
29.687407,44,1435.32245,True,False,False,2.720907819225568,2.4770236075815375
52.021359,66,1437.407259,True,False,False,7.499624185304678,6.9694732290721415
-6.933011,52,1437.770499,False,True,False,3.871619755998905,4.727650450515803
-1.094277,54,1438.104473,False,True,False,4.949803835247186,5.168580634679387
34.417882,32,1438.332475,True,False,False,3.9696844062154457,3.3742146082637365
41.823567,38,1438.571275,True,False,False,5.248395993017506,4.721103612446271
40.122685,58,1438.901046,True,False,False,4.970261550832629,4.4374659022531375
28.589895,54,1439.208139,True,False,False,3.1830785668797867,2.644564203962623
45.446064,52,1439.524107,True,False,False,7.271033640515916,5.547332440789705
31.116909,33,1439.720804,True,False,False,3.7564451178596037,2.8966992555652116
31.400071,35,1439.923034,True,False,False,2.9636012828186247,2.7056029043444454
-15.801191,20,1440.062577,False,True,False,2.0227967377256184,3.037873893323333
36.270996,61,1440.45536,True,False,False,5.667114645551907,4.141405170458764
41.200446,58,1442.506252,True,False,False,6.982756922937102,4.852353913844718
25.822766,40,1442.73653,True,False,False,2.791324047945283,1.7928028593029628
38.772053,41,1442.955607,True,False,False,4.805345009638729,4.187234870195086
45.275885,47,1443.245182,True,False,False,6.265814026846221,5.4038045525165455
47.357866,42,1443.505562,True,False,False,5.775942059433034,5.759165665992112
28.23289,25,1443.655898,True,False,False,2.6218032158455036,2.0759015206750573
42.420207,72,1444.145521,True,False,False,6.763167461261236,5.2317078315468475
33.31577,32,1444.381132,True,False,False,2.9407602764372736,3.0631487060585285
30.605148,52,1444.755205,True,False,False,4.3569599333762845,2.69173890693194
30.463192,32,1444.977017,True,False,False,2.569951843120284,2.550946880676205
30.044456,47,1445.260394,True,False,False,3.509618969879513,2.7419482941652324
-18.473693,12,1445.343803,False,True,False,0.7158906749160898,2.6313106842407223
42.170837,79,1447.590907,True,False,False,5.8587967811529245,5.336611574601113
30.180513,22,1447.733484,True,False,False,2.5595852783734996,2.499592409611754
34.388283,38,1447.95784,True,False,False,3.457478851198746,3.23361066348003
32.557801,47,1448.229804,True,False,False,3.876475899038807,3.1160693140602946
33.96327,34,1448.456751,True,False,False,3.455214769034418,3.1689119801030086
32.81219,42,1448.762988,True,False,False,3.3622819729319637,3.187414326927956
39.214199,53,1449.141595,True,False,False,4.713652082978831,4.296509692527812
32.257044,27,1449.331737,True,False,False,3.156670864534054,3.06489518921546
44.347809,66,1449.697585,True,False,False,5.593461735115302,5.408077462882458
42.536109,51,1450.024269,True,False,False,4.772224867263212,4.7637813173318655
27.144235,46,1450.306317,True,False,False,3.2553795432982295,2.075588330654828
40.986301,44,1452.27273,True,False,False,4.651565703119128,4.536495175068883
42.640377,46,1452.588643,True,False,False,5.246976417823625,4.902045104857476
31.975385,40,1452.859847,True,False,False,3.4227469827858052,2.8942964198639225
33.082252,53,1453.194884,True,False,False,3.9534246183103483,3.209838501760609
45.783641,62,1453.571424,True,False,False,5.963260094895599,5.537845281571029
43.829749,69,1455.056005,True,False,False,5.913977296309088,5.244317936364811
28.39337,22,1455.214888,True,False,False,1.8751349773620352,1.9640259894864878
35.524252,56,1455.60484,True,False,False,3.7569214912200115,3.629394325304682
47.418741,52,1455.905448,True,False,False,6.227760432945891,5.7941113065146075
30.692463,27,1456.069237,True,False,False,2.884523233426151,2.5664752493792986
32.30706,42,1456.369708,True,False,False,4.709289618680246,3.0079861900407985
33.236661,24,1456.540072,True,False,False,2.954741845338982,2.8986672297998264
44.84739,40,1458.482573,True,False,False,5.296803336757109,5.213882464230599
-16.613223,12,1458.563489,False,True,False,0.9910100343487833,1.9215943332306398
29.192475,36,1458.841949,True,False,False,2.444473786670534,2.3092690683017416
28.076414,17,1458.962203,True,False,False,1.8311344395272382,1.9774364420193167
38.225913,41,1459.24952,True,False,False,4.4587076077198775,4.082398425945339
36.820951,28,1459.396481,True,False,False,3.7010618035791536,3.5947872548264588
37.20587,62,1459.776233,True,False,False,7.271998346549332,4.2776766110810085
44.221926,68,1460.208819,True,False,False,5.463560400514895,5.397405410537337
43.520279,51,1460.533572,True,False,False,6.209433939375717,5.11936546407993
36.607949,60,1460.940947,True,False,False,4.911663763075968,3.9212466075293704
-1.193486,40,1461.230357,False,True,False,4.894754772551046,5.783994384263601
31.16447,44,1461.517542,True,False,False,3.433254284976229,2.7925959167820538
27.71471,13,1461.599778,True,False,False,1.6683907354351206,1.802656560330255
31.333287,32,1463.365347,True,False,False,2.657658797669669,2.6361725390740745
44.44037,75,1463.807577,True,False,False,6.022819976163853,5.648261267100839
27.65566,15,1463.90721,True,False,False,1.5786873681556712,1.8225199807313075
47.822739,58,1464.227168,True,False,False,6.496259495227178,5.9333239631110475
37.471093,38,1464.451029,True,False,False,4.507055169328994,4.069533276020957
28.051991,38,1464.691165,True,False,False,3.5150785005836136,2.271053443648406
37.217352,49,1464.962406,True,False,False,5.070507678217248,4.1067585942001825
40.456727,62,1465.390977,True,False,False,4.9754048569793,4.548691318643463
35.299384,44,1465.700001,True,False,False,3.453998927724942,3.503625696147009
49.04481,81,1466.33595,True,False,False,7.275356673791937,6.352937069109654
40.664557,41,1468.558361,True,False,False,4.761800856209437,4.435882335390799
49.574698,42,1468.883975,True,False,False,6.28541981358631,6.1540110381660265
41.726118,65,1469.33825,True,False,False,5.0355176061003055,4.947765098697064
33.147005,30,1469.55252,True,False,False,3.2230288296120566,2.9633189598859717
45.995556,66,1470.023521,True,False,False,8.435900592359932,5.905964941914907
37.165758,39,1470.321494,True,False,False,3.8012251737280107,3.7965152422798387
52.624634,60,1470.787377,True,False,False,7.5893741460470165,6.871067644461911
32.134052,37,1471.083456,True,False,False,2.837296748977967,2.8475203545229597
31.173894,20,1471.243275,True,False,False,2.4052087966914275,2.528301151559984
30.035541,46,1471.605826,True,False,False,2.592035111884846,2.557594383941668
30.50742,64,1472.107644,True,False,False,4.927292806105582,3.139727736858739
37.586925,76,1474.377417,True,False,False,5.444412665697472,4.482395126758536
-16.569176,16,1474.475276,False,True,False,1.380604523143958,2.3356460258156932
35.082511,25,1474.630102,True,False,False,3.536078569807619,3.2747828811089503
27.66265,23,1474.770819,True,False,False,1.7658775418076962,1.9536556568101378
27.994802,33,1474.968429,True,False,False,2.6266057259801783,2.052142757331
34.691769,36,1475.223859,True,False,False,4.5171145418754275,3.4250408650851494
50.365698,48,1475.520007,True,False,False,6.902790391159973,6.3940004589675645
26.790332,14,1475.615136,True,False,False,1.5854044675875616,1.6629094072709776
-5.123497,47,1475.927719,False,True,False,4.3593650936754615,4.498477951555422
42.141718,53,1476.210712,True,False,False,6.3996728067555795,4.992540035809289
35.469566,38,1476.431414,True,False,False,3.325779797601144,3.4286357447911664
41.799564,58,1476.764055,True,False,False,5.688646276044612,4.865268488124578
36.885648,31,1476.967198,True,False,False,3.598187336931688,3.6999295355720507
42.180525,60,1478.990373,True,False,False,5.5026417167393245,4.931748039420221
40.996878,60,1479.386838,True,False,False,5.209923474110729,4.715160175140602
34.053081,54,1479.758682,True,False,False,4.100203426689344,3.427515935095837
43.653334,72,1481.157428,True,False,False,5.880825517885112,5.245863055568035
43.017192,42,1481.427281,True,False,False,5.528611124777552,5.015554405613356
44.805783,58,1481.760319,True,False,False,7.039289504817321,5.450480256482354
41.973241,62,1482.200081,True,False,False,6.680761309619448,4.966091943325918
36.780018,39,1482.485533,True,False,False,4.3315387218659644,3.7137135528822793
33.834153,45,1482.820998,True,False,False,4.838878824873395,3.375563273238619
36.230214,39,1483.090801,True,False,False,3.864137779894062,3.645743362381346
35.119149,37,1485.096005,True,False,False,3.423794536047952,3.312929937281133
48.958332,79,1485.651467,True,False,False,8.025385338136973,6.3685223470050465
30.433524,25,1485.817681,True,False,False,2.628267715087556,2.465029655352969
34.558858,48,1486.096421,True,False,False,3.4729814410466977,3.320126029694891
28.567808,43,1486.395042,True,False,False,3.713891861207845,2.236809482606498
34.558625,115,1487.202154,True,False,False,6.824426398548773,4.395645575834824
36.677248,61,1487.648885,True,False,False,4.777436892227234,3.994415178586679
44.423651,46,1487.986813,True,False,False,5.551553824862718,5.221437284789682
25.300305,30,1488.201027,True,False,False,2.664920486693721,1.6053306634286106
30.193139,34,1488.399326,True,False,False,2.2709588764695177,2.4291438222470934
27.524791,22,1490.372161,True,False,False,2.0245081222019654,1.8310942054696298
31.186875,43,1490.637887,True,False,False,3.4371432580176475,2.828246064587584
27.581546,25,1490.788844,True,False,False,2.1253508523681766,1.9234695043039187
27.808029,19,1490.919232,True,False,False,2.06872129998796,1.8538902198538285
28.822771,21,1491.074938,True,False,False,2.1565349842495753,2.1492959453621427
38.176155,47,1491.408515,True,False,False,5.633824579434733,4.314623147458949
38.171453,46,1491.733458,True,False,False,4.841206332452219,4.095421247111196
39.020499,53,1492.108494,True,False,False,4.745070292087542,4.535668279992152
29.086749,27,1492.300527,True,False,False,2.021822853163166,2.1619862031926003
44.878441,68,1492.762862,True,False,False,5.990645389319326,5.794147211599317
29.589291,40,1493.055518,True,False,False,3.8647436569015667,2.743227191062966
33.623091,27,1493.235794,True,False,False,2.855552565081491,3.0790470582262195
36.978953,46,1493.503253,True,False,False,5.18305126148296,3.7743526251274275
50.119999,79,1495.60155,True,False,False,7.689655425143283,6.63320060532438
33.991453,39,1495.856402,True,False,False,3.5056196998170432,3.294427607811213
32.668367,25,1496.036227,True,False,False,2.894812065224305,2.8090722483752537
44.984517,53,1496.416374,True,False,False,6.422331334145044,5.508782066015635
45.427974,60,1496.812088,True,False,False,5.701123637676256,5.48926144271919
53.697205,71,1497.251422,True,False,False,7.845797072433848,7.180233152491143
44.783004,47,1497.518854,True,False,False,5.725426855781921,5.3128538987536915
28.808285,31,1497.748839,True,False,False,2.2589197099048675,2.166477926212749
39.50463,40,1498.05171,True,False,False,5.4352871812872126,4.280936653351125
38.633107,32,1498.281129,True,False,False,4.49118767900544,4.01951260921814
36.203859,38,1498.54951,True,False,False,3.9411449801905327,3.6073549039984503
41.642412,76,1500.758327,True,False,False,5.371592408469011,5.009342847925417
32.632223,53,1501.143539,True,False,False,3.2085033790027486,3.129260615590339
39.764505,38,1501.374609,True,False,False,4.5385276715909075,4.261640596637534
29.33815,42,1501.664139,True,False,False,3.1469910983199654,2.4218443023802982
37.633556,58,1502.079395,True,False,False,4.100054351525531,4.0795601837261
51.241895,56,1502.463866,True,False,False,7.131415653296981,6.552548358596556
37.19389,47,1502.814108,True,False,False,3.9944330471196334,3.891395843030248
37.352989,36,1503.074327,True,False,False,5.244912302176707,3.915018759338653
37.987369,50,1503.433252,True,False,False,4.276444147007676,4.129054267005858
47.28702,48,1503.733555,True,False,False,6.687002830799304,5.838099551627188
25.72833,20,1503.856326,True,False,False,1.5505868466059993,1.5987942277388767
27.112677,19,1503.979839,True,False,False,1.976604816665182,1.7237686478240084
45.355727,77,1506.176425,True,False,False,6.7567839568910735,5.692886785938169
32.480807,33,1506.410301,True,False,False,3.6386302139499023,2.8862699087670016
29.636081,33,1507.835453,True,False,False,2.337760875894303,2.3768777460441592
38.718841,31,1508.058277,True,False,False,4.698013152877578,4.0625866658173955
27.795326,35,1508.282785,True,False,False,2.2236393850784903,2.086099109922356
39.191246,39,1508.494788,True,False,False,4.803677875057408,4.164275308050606
29.022469,25,1508.669318,True,False,False,1.971644627284178,2.1580784288468076
28.108042,44,1508.987549,True,False,False,3.9254498354554355,2.265168871027578
31.613882,34,1509.224155,True,False,False,3.1405984980894175,2.866297247787821
42.325092,84,1509.812996,True,False,False,5.748080386274919,5.142894519840741
40.481028,55,1510.164123,True,False,False,4.71637072538259,4.552757882515089
30.985168,48,1512.035346,True,False,False,2.5720672718501922,2.733124439966007
-16.617392,18,1512.164985,False,True,False,1.1514803685736712,3.7103999781320054
41.882414,37,1512.388128,True,False,False,4.762414916105063,4.719393921652634
26.645038,29,1512.55159,True,False,False,2.4700139276530124,1.759972774242895
47.672973,77,1513.08986,True,False,False,7.421194324217813,6.098654540194911
45.521214,70,1513.570485,True,False,False,6.2072814077987255,5.781322845784469
32.608959,23,1513.722924,True,False,False,2.7444397205926143,2.8606946721112583
38.935358,41,1514.026245,True,False,False,4.679326508874227,4.21397135944849
33.485663,46,1514.354995,True,False,False,3.2620910770647957,3.175876523029007
26.354615,14,1514.461344,True,False,False,1.468121633092538,1.5448602268775298
26.160864,10,1514.530062,True,False,False,1.2805865891434693,1.5207350413100293
45.006311,59,1514.927879,True,False,False,6.093248401908671,5.520300011774488
40.180815,56,1515.327746,True,False,False,5.328021695834617,4.465880613014673
27.388799,17,1517.027526,True,False,False,1.7325579844189583,1.8211513697826547
40.349352,28,1517.190487,True,False,False,4.562624729813507,4.326931246090263
43.297138,72,1517.662422,True,False,False,6.47819454796354,5.193181496311018
49.648178,46,1517.992454,True,False,False,6.672936501552703,6.222298609799686
47.969523,64,1518.38889,True,False,False,6.493976586263915,6.261375037408608
44.300394,42,1518.624147,True,False,False,5.838665300241677,5.225903469773226
34.207907,37,1518.888402,True,False,False,3.545427401533024,3.235345437605413
35.964107,53,1519.253139,True,False,False,5.051211649005244,3.9620806765027514
32.836087,45,1519.534778,True,False,False,5.465938593353458,3.146269012063393
32.441075,43,1519.836427,True,False,False,2.81407805293015,2.988528333481296
45.570969,55,1520.224368,True,False,False,6.212351755700519,5.521895739720531
38.844648,66,1521.996982,True,False,False,5.830007982683793,4.520772137240686
35.541841,47,1522.303922,True,False,False,3.4384458428443354,3.575129120290878
37.377142,54,1522.689665,True,False,False,4.6218444000805095,4.03087032412556
39.147412,47,1523.005519,True,False,False,4.234242573014823,4.283658380445028
38.39641,39,1523.287175,True,False,False,3.7688116222743444,3.937000169844672
26.864833,17,1523.379818,True,False,False,1.5596487714828469,1.7331491147051528
-13.874913,18,1523.509724,False,True,False,1.5901349112867633,7.127794694246747
52.321395,104,1524.257002,True,False,False,9.241129287242545,7.791535275615551
41.060821,63,1524.685534,True,False,False,6.617911603711774,4.868483110287507
28.534557,23,1524.816407,True,False,False,1.8578894644981696,2.0051758729797404
27.506347,25,1524.953965,True,False,False,1.9794598238988883,1.8812235741069177
46.100131,68,1527.026495,True,False,False,6.230904987818729,5.856433243455512
37.963805,51,1527.355302,True,False,False,4.918405951015741,4.094070563987657
28.243615,29,1527.565068,True,False,False,1.829827783786516,2.0366329371053267
-15.405865,13,1527.656328,False,True,False,1.0985474208167723,2.485438788863396
42.59226,64,1528.026311,True,False,False,5.222608042198362,4.963135254342582
26.619167,18,1528.123982,True,False,False,1.6839231255192426,1.6601922473701778
37.803045,32,1528.32105,True,False,False,3.988511787306498,3.8542296928603155
33.877097,48,1528.603021,True,False,False,4.591481420207345,3.2060830283044575
26.798477,14,1528.692921,True,False,False,1.576361210358649,1.615003051430751
32.277804,41,1528.952101,True,False,False,3.887501192361474,3.0634983533880105
39.12595,47,1529.250084,True,False,False,4.879952862203027,4.263950436896441
35.184135,39,1529.523006,True,False,False,3.2078719724678746,3.3954969142269547
49.431107,38,1529.740798,True,False,False,6.4892334992306475,6.245661580509908
28.967008,21,1529.856739,True,False,False,3.066948270421384,2.1670004704060064
26.675773,14,1529.938967,True,False,False,1.6713492134024193,1.5804526436463247
44.167807,69,1532.079155,True,False,False,5.609524611470771,5.676792215402153
47.644863,56,1533.67313,True,False,False,6.172278485925493,5.8703295560183815
47.098464,47,1533.950092,True,False,False,6.26826002195659,5.7624331039728025
31.024196,55,1534.268922,True,False,False,4.526174342837395,3.031459701992262
35.963909,35,1534.482175,True,False,False,3.936447067704163,3.6116435213215263
41.930263,53,1534.794941,True,False,False,5.481575845526016,4.65828796027663
35.427524,40,1535.021328,True,False,False,3.489775449978891,3.6206652909058072
38.932339,42,1535.292261,True,False,False,4.416843344138532,4.238418392072083
25.918929,19,1535.433107,True,False,False,1.4047912396176143,1.5369419922649974
37.717062,46,1535.760535,True,False,False,4.297272164206364,3.9830968817341534
36.029207,33,1535.990901,True,False,False,3.9854122493890696,3.546358694506021
-10.839343,28,1537.913054,False,True,False,2.559117825299029,3.385651353261114
44.031071,65,1538.37689,True,False,False,6.298011064308417,5.512423452889843
45.712371,45,1538.676504,True,False,False,5.96033309126873,5.5678938569400485
37.338575,55,1539.016609,True,False,False,3.803785771337906,3.919234568085854
36.24595,49,1539.328328,True,False,False,5.179416895513174,3.8762375561743374
43.055823,46,1539.650357,True,False,False,4.955616397257424,4.924566096026463
36.249098,52,1540.026732,True,False,False,4.673928473535044,3.973255049830305
30.565903,23,1540.174794,True,False,False,2.6330817074073347,2.4582865643259564
26.451533,30,1540.352578,True,False,False,2.5842544802533642,1.8442549182943249
43.671175,54,1540.657693,True,False,False,4.885356808369686,5.05936384036876
-20.097608,10,1540.71114,False,True,False,0.41119486656032006,2.5603375335182426
41.975975,57,1541.111711,True,False,False,5.623091257105434,4.7804410174130885
42.039346,56,1543.050871,True,False,False,5.388683212337597,4.84621440047593
24.275574,38,1543.291344,True,False,False,2.9159712714579027,1.8618516457656786
29.753305,28,1543.470765,True,False,False,2.083112355934091,2.269595976670273
-15.52997,16,1543.588246,False,True,False,1.1305942031930318,2.359907019814225
31.866823,22,1543.746374,True,False,False,2.684548297366373,2.6947011418811364
34.629974,24,1543.912843,True,False,False,3.3949157859359533,3.2483415831183486
43.000078,50,1544.252314,True,False,False,5.25479668484562,5.01174587918075
40.167994,71,1544.646737,True,False,False,5.7373146780432895,4.664492582998174
32.392224,30,1544.812881,True,False,False,3.445792008008663,2.842597447615827
29.829001,27,1544.962028,True,False,False,2.444824678905227,2.2790729436588415
38.276156,46,1545.223773,True,False,False,5.126876901942337,4.058842396769999
38.191874,87,1545.720607,True,False,False,5.074373367572042,4.56983088392248
48.145654,52,1547.489155,True,False,False,6.489507222279573,5.960541951979743
32.965906,26,1547.663563,True,False,False,2.7833836872625057,2.9269756928086403
33.466889,39,1547.916396,True,False,False,3.5592881627153212,3.153371337826391
34.791671,29,1548.087516,True,False,False,3.3589878534216933,3.314562472331717
43.653652,44,1548.380256,True,False,False,5.119154287756698,4.9935484211324574
27.23242,26,1548.52368,True,False,False,2.8335112924237476,1.885391252683309
-21.478272,8,1548.574905,False,True,False,0.528012825539126,1.5391767704091308
34.355692,31,1548.805106,True,False,False,3.219951570378838,3.2240373024725875
43.867349,60,1549.171907,True,False,False,5.522231057806673,5.200452475449815
34.953648,45,1549.412527,True,False,False,4.063252713521843,3.454811331768411
43.859324,69,1549.811865,True,False,False,6.698700234382392,5.353746515840471
33.776713,39,1550.072395,True,False,False,3.013859282442509,3.1649788487904984
45.67181,58,1550.419129,True,False,False,5.590304764816857,5.508086626447085
50.189771,64,1552.354357,True,False,False,7.1687280511997065,6.48978091711749
30.296197,26,1552.511927,True,False,False,2.365801877796388,2.410201802180728
27.521468,23,1552.652327,True,False,False,1.7989870216568762,1.854085975541343
30.17056,17,1552.756025,True,False,False,2.330100540192997,2.354874841404067
33.602236,49,1553.051067,True,False,False,3.278489748748236,3.213723773548919
27.500391,13,1553.131447,True,False,False,1.6841417675104462,1.7582580560073782
27.5723,18,1553.244836,True,False,False,2.0421579224654542,1.8894574417179095
36.037983,65,1553.64961,True,False,False,4.53750398644856,3.9045150181510344
34.170942,38,1553.905543,True,False,False,3.275740447672033,3.2658836221838525
43.111056,78,1554.403877,True,False,False,6.9829195078199575,5.664769721335156
38.435691,40,1554.675858,True,False,False,5.076913449653948,4.147098471296886
33.739085,42,1554.973898,True,False,False,3.6853495359764104,3.3075591147559766
45.189522,46,1555.286053,True,False,False,5.6218786774830365,5.341122286070578
34.654226,27,1557.119564,True,False,False,3.323554658278582,3.2598285879733835
40.635546,58,1558.600505,True,False,False,5.577662448889312,4.739469572949913
26.901732,22,1558.758014,True,False,False,1.524599553513832,1.766993846910182
47.661092,76,1559.302514,True,False,False,6.739879720014825,6.063233638665339
43.33157,51,1559.604366,True,False,False,5.891183065602725,5.135459257316354
37.524645,29,1559.769101,True,False,False,4.141751298228553,3.8313773473192603
39.574743,65,1560.131026,True,False,False,4.8390538097748825,4.49344807518907
28.974378,32,1560.348371,True,False,False,3.027768666383564,2.324995536116069
41.735655,48,1560.651882,True,False,False,4.667162593899202,4.700330193323233
27.492051,12,1560.725105,True,False,False,1.740110739685444,1.755282430001917
33.432877,29,1560.888807,True,False,False,3.300359780767957,3.0647760019217247
42.249039,69,1561.342825,True,False,False,4.917225281205811,5.0503347345518135
1.750338,56,1563.193372,False,True,False,5.867202187236962,6.176807836304182
28.132669,15,1563.29663,True,False,False,1.8197271238668709,1.8953206915088348
32.740431,44,1563.608973,True,False,False,4.2744346793344,3.1987487873621014
57.372003,63,1564.04637,True,False,False,8.343465740645023,7.813453258266576
42.27899,40,1564.330577,True,False,False,4.7941523126436465,4.744069189314512
40.236506,50,1564.688758,True,False,False,4.7019006285259435,4.533625286235908
42.907919,53,1565.081677,True,False,False,5.601185676818454,5.001033995859327
47.098889,52,1565.463142,True,False,False,6.070230210573635,5.808795123111084
37.530682,39,1565.701239,True,False,False,4.478335195263865,3.973077549451026
-5.753897,35,1565.931675,False,True,False,3.6159918643874884,5.031163354528621
29.597979,28,1566.082274,True,False,False,2.581497472383659,2.3065959608410282
34.34106,37,1566.303903,True,False,False,3.539428686409349,3.507963445986822
30.1312,24,1568.079129,True,False,False,2.6352521586499518,2.393950918764612
28.991273,56,1568.478771,True,False,False,4.915738665059951,2.5012396055809565
42.658617,40,1568.764039,True,False,False,5.014983854427525,4.822768311825766
28.081346,73,1569.166764,True,False,False,9.69182550087521,2.8817283107641996
28.321924,31,1569.327491,True,False,False,2.9131893966481317,2.390451725994945
26.442118,21,1569.443793,True,False,False,1.594025406127934,1.668613674599408
54.282182,75,1569.882528,True,False,False,7.978192624095064,7.330727335447364
44.293524,62,1570.283214,True,False,False,5.315772031256426,5.229039037946968
-17.240749,15,1570.370185,False,True,False,1.2248265368597966,5.778287581950074
25.976205,26,1570.509635,True,False,False,2.128659141887649,1.7250444676028975
34.92577,48,1570.819623,True,False,False,3.7847614992016463,3.501842100401403
45.26282,57,1572.736835,True,False,False,6.062096522182935,5.507468899364296
-7.654857,24,1572.892389,False,True,False,2.8331356837566,4.178230844751749
25.000997,57,1573.263774,True,False,False,3.7592651278340177,1.867580702548329
42.512276,70,1573.654272,True,False,False,6.3381734439193025,4.954295899331269
31.760936,28,1573.820801,True,False,False,2.4626417635342457,2.6064739991651416
23.149364,36,1574.057131,True,False,False,3.229300943949665,1.621880259954417
43.715374,61,1574.460111,True,False,False,5.895180066884943,5.155719917807952
28.287191,21,1574.58499,True,False,False,1.7429882435752269,1.9174377627674495
41.842608,61,1574.960217,True,False,False,5.65479212323027,4.942895169614893
25.34174,30,1575.139048,True,False,False,1.6401998242681803,1.5617001395660086
38.806553,54,1575.460075,True,False,False,5.08886066619563,4.515641192225494
27.146069,26,1575.622151,True,False,False,2.046239139845555,2.0613371887416747
31.904599,50,1577.54078,True,False,False,4.379004165708801,3.3164891935985583
46.813047,45,1577.816429,True,False,False,5.852633387506343,5.672493040536751
30.375382,33,1578.03376,True,False,False,2.4275610748531924,2.3975192351141987
42.030058,105,1578.790769,True,False,False,7.522117903852509,5.490218276802511
43.425919,57,1579.149345,True,False,False,6.23622177540703,5.247961899748334
42.572337,60,1579.525327,True,False,False,5.954492157870868,5.057238899234033
45.698816,69,1579.990902,True,False,False,6.046796742122142,5.545185690328447
45.713211,84,1580.525685,True,False,False,7.699166614223189,5.971562127692304
30.788032,26,1581.835827,True,False,False,2.2903723817882833,2.4378426248725256
30.569196,66,1583.79494,True,False,False,4.031840300056291,3.157183130793143
25.231867,25,1583.98211,True,False,False,1.5055634053797082,1.5092827326429439
37.353517,58,1584.374518,True,False,False,3.932673749198528,3.9325891795162065
35.29186,32,1584.574871,True,False,False,3.6848754615579193,3.4047327683932647
35.369477,63,1585.014129,True,False,False,5.3430140379796045,3.7192092327651904
43.342825,75,1585.526376,True,False,False,8.02557270297348,5.635590136254705
32.801491,46,1585.842112,True,False,False,3.8741522679596634,3.252676223208237
40.977765,51,1586.150878,True,False,False,5.648124754298591,4.595370341125846
-3.080896,36,1586.368851,False,True,False,4.336794328317772,5.21918561654638
34.272601,50,1586.692122,True,False,False,4.304262717399576,3.6579586930702805
47.52925,70,1589.026304,True,False,False,6.108647567754243,5.85304792794768
33.306138,52,1589.428704,True,False,False,3.8818039190276217,3.281155247378263
41.67556,57,1589.866315,True,False,False,5.575446565767905,4.832032467435337
41.58802,53,1590.201555,True,False,False,5.015724902727948,4.798403771040347
29.007979,44,1590.442298,True,False,False,2.4968961795095055,2.364964348357931
43.315288,52,1590.736373,True,False,False,6.605102084725255,5.334884363766552
40.816953,54,1591.037416,True,False,False,5.031636192857497,4.590845444035588
33.953539,48,1591.350319,True,False,False,5.1095068161274115,3.364336099713474
30.75375,69,1591.748807,True,False,False,7.474144007316843,3.2490794728564865
26.038281,14,1591.848591,True,False,False,1.4398240371187438,1.565958050161825
42.162038,58,1594.001259,True,False,False,5.6043677162458305,4.875817829410483
35.091061,37,1594.265274,True,False,False,3.695399193507839,3.5379816701088003
31.375632,92,1594.943166,True,False,False,7.530352799136152,3.5180991874033545
36.570605,58,1595.38595,True,False,False,5.499715609552484,3.9858657405717635
38.063926,49,1595.769316,True,False,False,5.239769896439601,4.28925559032357
31.793521,29,1596.009365,True,False,False,2.8919744298346335,2.6689606811384046
33.575927,43,1596.335703,True,False,False,3.2371076682378916,3.213928312708762
27.859484,31,1596.572308,True,False,False,2.1332083152656445,2.063890681858258
26.745206,40,1596.887311,True,False,False,2.9924517475477788,1.8923720938083384
32.462654,28,1597.101147,True,False,False,2.953708961509902,2.9251317913010886
40.053808,58,1597.55473,True,False,False,5.506491496325697,4.696936972851491
49.15226,106,1600.372089,True,False,False,7.152147273080944,6.560514520419971
49.649301,59,1600.833287,True,False,False,6.67370197786258,6.558398231496646
36.291886,42,1601.181313,True,False,False,3.682107186368086,3.6934858066600595
26.257106,13,1601.284726,True,False,False,1.3686589314749458,1.5867167105761646
35.952935,55,1601.730177,True,False,False,3.8995703302652136,3.6654957884437542
45.065716,71,1602.28924,True,False,False,6.697259109948187,5.8943663791084875
33.957212,31,1602.533337,True,False,False,3.3992815274862735,3.140535097272908
26.532015,45,1602.892246,True,False,False,2.317164559703,1.9786871350513082
29.4094,22,1603.065294,True,False,False,2.164622479847109,2.242956562543904
29.163164,23,1603.250899,True,False,False,2.3875364712498452,2.2912736678835244
43.939683,63,1603.761614,True,False,False,5.536203550005046,5.277502324801048
49.610351,67,1606.144029,True,False,False,7.035369074760298,6.334681696748194
28.436399,22,1606.281356,True,False,False,1.7820546023355592,1.9976576743252392
33.780225,41,1606.51788,True,False,False,3.354622251029961,3.3176196353189096
33.261648,24,1606.648875,True,False,False,3.1651689121374864,2.9941954240192277
38.578874,46,1606.941086,True,False,False,4.4724792843639545,4.112399106414788
29.690223,36,1607.171903,True,False,False,3.0738047879114143,2.6504617286260324
33.457208,32,1607.390852,True,False,False,3.204874260468441,2.9095602313155684
49.066073,81,1607.944754,True,False,False,7.408749311328787,6.268008855004974
24.790217,38,1608.189799,True,False,False,3.125563953489816,1.5744018200302372
41.700251,57,1609.836311,True,False,False,5.270887466293022,4.6830668067134456
35.686717,46,1610.078144,True,False,False,3.667710000966402,3.560704449407414
25.40877,46,1611.932548,True,False,False,3.2517842264990193,1.7679648414721176
41.457223,41,1612.14273,True,False,False,5.346997015995724,4.708136445674984
32.428386,40,1612.36814,True,False,False,3.8369024668271297,3.0348662183714445
33.021604,61,1612.712489,True,False,False,4.260102806486857,3.3680629382060245
44.81679,48,1612.96311,True,False,False,5.46869500576903,5.352278648631393
34.706595,39,1613.168707,True,False,False,3.316649080160568,3.357479641241787
29.807413,31,1613.363788,True,False,False,2.698267007842139,2.440388406123541
-17.640504,7,1613.408373,False,True,False,0.6246207500210957,2.417773240271414
30.817784,36,1613.604475,True,False,False,2.982940441329755,2.661255313698787
47.629122,75,1614.047607,True,False,False,8.288089556506709,6.245175060628627
28.067291,20,1614.170067,True,False,False,2.0308795529353136,1.9081012333817686
39.393343,43,1614.451893,True,False,False,4.51786715763296,4.201640578684869
44.14539,44,1614.70738,True,False,False,5.221822597195076,5.1556130379990845
35.778908,78,1616.851371,True,False,False,5.288062040126253,3.9929916714934124
42.727121,94,1617.369188,True,False,False,6.353315015546393,5.563266152893449
46.849437,56,1617.72848,True,False,False,6.545686287459221,5.807130416699499
38.000016,47,1617.991591,True,False,False,4.244031328963362,4.146908375569509
48.576806,82,1618.519511,True,False,False,7.4638950361911744,6.237652071362311
38.031296,42,1618.82938,True,False,False,5.757551845100317,4.081840094065132
52.293729,91,1619.458879,True,False,False,8.228609967222681,7.314941747063853
34.556779,46,1621.279829,True,False,False,3.426664800415476,3.3748018419137558
-13.420669,22,1621.406309,False,True,False,1.773961309984141,3.854644327871941
40.059793,56,1621.728473,True,False,False,4.625835406322224,4.450704199289276
27.952252,23,1621.871608,True,False,False,1.938218902756966,1.9374307752026876
28.22599,24,1622.041384,True,False,False,2.0379908355412324,2.056979399736608
44.568293,67,1622.51518,True,False,False,7.759914882348806,5.657582901465596
28.750473,30,1622.727542,True,False,False,1.8958603686662536,2.1302634504701157
27.748588,31,1622.914897,True,False,False,2.4088876442689053,2.0422688261171866
43.513675,90,1623.446305,True,False,False,7.282057479595664,5.5013320942826995
41.228484,50,1623.77856,True,False,False,4.823628078378377,4.627998131917487
33.180416,33,1624.015375,True,False,False,3.5659978211013104,3.051415075355616
46.058978,61,1624.426201,True,False,False,6.337224643780484,5.6996787092656085
41.735841,48,1626.329784,True,False,False,4.799681105796878,4.617466089961469
29.021984,27,1626.484545,True,False,False,2.464279345042438,2.2325367994469043
41.148985,43,1626.744151,True,False,False,4.699264647609603,4.559845642279837
32.719444,40,1627.025926,True,False,False,3.1197743617298856,2.9263929983665147
41.333315,35,1627.228164,True,False,False,4.741800462444366,4.517973404509317
47.34313,111,1627.834503,True,False,False,7.035293292488166,6.347339232442841
40.067958,50,1628.097561,True,False,False,4.74123866993638,4.374598641028175
36.399452,63,1628.458901,True,False,False,5.414895497395106,3.975632858258049
36.536095,122,1630.690967,True,False,False,6.44214101602856,4.647455892676199
37.125918,53,1630.999201,True,False,False,4.525364173875468,3.9413495177990256
38.680632,41,1631.237171,True,False,False,4.3430382551201046,4.142948400641473
40.964384,105,1631.793892,True,False,False,10.820248230068442,5.6292995274554904
35.2221,53,1632.125367,True,False,False,4.428068552543827,3.4991403065730333
31.57565,20,1632.256603,True,False,False,2.522598652957632,2.6351943556003605
47.657572,91,1633.97255,True,False,False,7.9588302024951325,6.200241917632822
36.651656,50,1634.304262,True,False,False,4.017875132141955,3.809159884297195
30.928494,46,1634.572547,True,False,False,3.768122259809304,3.0697434457573127
41.447081,61,1636.395878,True,False,False,4.987315083456895,4.753946085645671
29.233811,20,1636.514717,True,False,False,2.1647185777755236,2.227159769743764
35.785942,54,1636.86738,True,False,False,4.779801055227339,3.8948060273154925
32.454997,49,1637.199731,True,False,False,3.4452134890193715,3.0503477100008896
27.442846,21,1637.344397,True,False,False,2.146808126307302,1.8867551087708236
35.627774,32,1637.56791,True,False,False,3.319686008248404,3.3958435001028566
45.607274,57,1637.91387,True,False,False,5.734088912676937,5.528194525932175
42.335232,53,1638.274126,True,False,False,5.120298827828585,4.95403444696635
36.232259,31,1638.48544,True,False,False,3.3800472410885716,3.5551987143215773
-15.287839,16,1638.5946,False,True,False,1.4770958672437347,2.7468233437279865
30.700094,41,1638.885299,True,False,False,2.881135855130376,2.6425211040165486
32.854915,31,1639.081137,True,False,False,3.123520692096282,2.9329354061725583
37.984979,45,1639.374995,True,False,False,4.279020691729453,3.972080453063681
39.056265,43,1641.254849,True,False,False,4.610361080264186,4.237683763058582
-18.521009,14,1641.348014,False,True,False,1.436244697031481,2.2650091889009727
43.322057,66,1641.800976,True,False,False,6.4373481166486375,5.50912562258396
29.854809,51,1642.150935,True,False,False,6.024784481970174,2.695081764146305
44.77761,43,1642.449014,True,False,False,5.3925082978269,5.245285638654041
33.50968,33,1642.671101,True,False,False,3.046770994936377,3.066432035227943
28.609736,39,1642.908249,True,False,False,3.675936753480845,2.3004322756722333
34.84623,49,1643.240769,True,False,False,3.52338475361644,3.6219532477585843
31.80839,28,1643.39748,True,False,False,2.7827599388490962,2.709980253208543
25.960673,22,1643.518931,True,False,False,1.6433787839156302,1.5370504273170231
47.329207,59,1643.853248,True,False,False,6.2136915137360935,5.843774139151866
27.73914,18,1643.973658,True,False,False,1.7532286233430854,1.8832269208949959
34.252842,60,1644.389335,True,False,False,5.311051903069694,3.523146808344142
40.670228,37,1646.261486,True,False,False,4.526412270790769,4.45284506562218
34.722748,44,1646.500871,True,False,False,4.0436662187361865,3.5726641681494264
37.107942,39,1646.737061,True,False,False,4.794779122853216,3.8338460779229755
40.67935,29,1646.933723,True,False,False,4.292175593166129,4.340296684355363
40.127302,71,1647.367157,True,False,False,5.440894473441275,4.606271721203315
36.430398,72,1647.763497,True,False,False,4.577539854630006,4.249234427088725
36.503354,28,1647.954228,True,False,False,3.672932444881145,3.570849630588654
48.20252,60,1648.343926,True,False,False,7.489620093439242,6.0992953165798065
30.852883,48,1648.636312,True,False,False,3.995180324723697,2.9177666389913623
42.511799,76,1649.15942,True,False,False,6.053788597014825,5.135911771372794
29.359643,22,1649.287683,True,False,False,2.2951620612373254,2.2617513521337873
27.823123,22,1651.008811,True,False,False,1.9120819184575881,1.952092499275955
-12.521782,18,1651.136363,False,True,False,1.7665190906104669,5.73564490942785
44.105015,75,1651.631604,True,False,False,6.262588742326151,5.242668750208463
39.31739,51,1651.975014,True,False,False,4.416180689133957,4.430860827029906
33.352993,29,1652.170279,True,False,False,3.439485170384456,3.0545173846883613
31.577272,51,1652.451182,True,False,False,5.410428476959373,3.031244093486318
31.881288,53,1652.75637,True,False,False,4.215744454127368,3.0306905974105303
31.77949,32,1652.957404,True,False,False,3.1175628130040955,2.8225415619687806
35.280731,50,1653.301263,True,False,False,5.75236553280855,3.5926587002618526
28.829594,21,1653.42871,True,False,False,2.1262535640275098,2.125984933412087
34.125624,33,1653.637155,True,False,False,3.71174288679903,3.1265266595771646
34.035731,42,1653.909077,True,False,False,3.360766906270103,3.3742854275240997
38.889124,33,1654.095026,True,False,False,3.9614731953210423,4.053850231633449
42.940648,72,1656.139078,True,False,False,5.790166745225818,5.1965984462548525
-13.439304,20,1656.270172,False,True,False,1.485812832715107,5.931582829304155
37.983282,54,1656.639029,True,False,False,4.6286111824208405,4.029595254831945
43.444135,59,1657.013102,True,False,False,5.167424850917524,5.136352152388682
48.527807,134,1659.090057,True,False,False,8.420724676269689,7.0629049443528595
28.129331,24,1659.275938,True,False,False,2.645650161150526,1.991087964223517
42.387823,85,1659.906075,True,False,False,6.1065537613175636,5.214272954630962
33.267464,55,1660.318895,True,False,False,4.231591697900539,3.370195764409119
38.620906,39,1662.081689,True,False,False,5.20372240428404,4.135855595741056
32.50426,57,1662.417475,True,False,False,4.249551604511638,3.2394194401835175
37.554814,47,1662.680206,True,False,False,3.6972795533740865,3.9185962673653583
28.272339,22,1662.80741,True,False,False,1.8902337829789477,2.079775932761855
27.360261,19,1662.93717,True,False,False,1.8964640242088366,1.846749138441089
38.832533,65,1663.355562,True,False,False,4.879469502935572,4.472985006377178
48.12302,64,1663.758772,True,False,False,6.491319056876155,6.14670581403328
31.557485,28,1663.924235,True,False,False,3.5635229644751143,2.648326356619668
26.785581,52,1664.26685,True,False,False,5.149218599135822,2.0468824388669455
45.14899,81,1664.754937,True,False,False,8.123120729705112,5.69086978519089
27.468057,42,1664.976589,True,False,False,4.6753505830463205,2.0933313368256536
31.619645,27,1666.631431,True,False,False,2.774814216312691,2.6760051504757283
27.48839,27,1666.798775,True,False,False,2.7512101868744834,1.9686888696666138
47.554833,66,1667.237018,True,False,False,6.729537800789773,6.117028573831836
38.889846,51,1667.572046,True,False,False,4.912549932307273,4.344209973763036
25.896057,47,1667.844166,True,False,False,4.791174191666337,1.9163193184351752
40.410735,81,1668.354598,True,False,False,8.864472901791604,5.2943477765318985
43.932398,86,1668.912439,True,False,False,5.7044158723329845,5.453365505705333
31.575673,46,1669.150971,True,False,False,4.1716569522570515,2.869256891497789
44.187129,53,1669.435307,True,False,False,5.605423538017608,5.195589715378058
37.554144,28,1669.61287,True,False,False,4.078218620321053,3.7276251149423474
30.368802,23,1671.255611,True,False,False,2.3895795997324965,2.446847218525358
33.207379,39,1671.526507,True,False,False,3.6552108144079054,3.105077955888743
49.44375,61,1671.88156,True,False,False,7.795789556455079,6.351989150818878
-4.561663,50,1672.199208,False,True,False,4.42818396798205,5.336372882969664
37.050203,69,1672.64884,True,False,False,3.8723864971291886,4.01045062455854
-16.997884,18,1672.753645,False,True,False,1.4758460658587425,3.6313088756173357
44.612987,56,1673.094956,True,False,False,5.469257735718628,5.336226139787492
34.717756,53,1673.429648,True,False,False,3.5122290934658604,3.445906883051711
25.478983,25,1673.600046,True,False,False,2.3019708784602932,1.5820357732694341
32.164041,34,1673.809695,True,False,False,3.827983135884829,2.80795851157378
37.053295,58,1674.216292,True,False,False,4.24132980908162,3.8797646797696843
40.090262,41,1676.177896,True,False,False,5.126610027130681,4.358611433140251
45.601152,44,1676.449499,True,False,False,5.526041496206934,5.401575819049338
28.953285,27,1676.627443,True,False,False,3.0349571569381353,2.1275072739678564
45.205838,65,1677.035811,True,False,False,7.39825266890724,5.5929108478217815
44.126081,41,1677.299494,True,False,False,5.526299834236986,5.126206455932077
42.691155,60,1677.705474,True,False,False,6.732150870897131,5.0877991311392385
39.301016,73,1678.177875,True,False,False,5.289937378127979,4.512073152306017
45.173025,75,1678.703396,True,False,False,5.786746818142145,5.5282700754644285
36.143638,51,1679.06331,True,False,False,5.015468986281078,3.873102410904208
33.492519,38,1679.279751,True,False,False,3.0221922015009524,3.009768975585095
38.754984,41,1681.147612,True,False,False,4.277171837759875,4.1872876188023325
34.174499,32,1681.319952,True,False,False,3.4918452707415266,3.187578363721536
36.311256,52,1681.622271,True,False,False,5.510352239166504,3.78602497812757
34.119421,33,1681.81669,True,False,False,3.0782978204000653,3.1321855880383227
43.153386,42,1682.057359,True,False,False,5.342797625679624,4.922685228910168
42.307552,35,1682.269473,True,False,False,4.596669741663542,4.615155124726181
38.087461,44,1683.440745,True,False,False,5.251040367180442,4.161632771197658
26.518489,20,1683.581455,True,False,False,1.9252067216119528,1.755011279129052
36.484634,52,1683.920548,True,False,False,4.614911861498079,4.281708102597613
28.02592,40,1684.200301,True,False,False,2.8334674812927076,2.4211763301918943
33.16152,49,1684.528439,True,False,False,4.4802620021274056,3.160454066584972
46.4234,58,1684.924959,True,False,False,5.747432237155518,5.65575334913729
28.278485,37,1685.172134,True,False,False,3.500178845433564,2.2360312640849505
27.230468,14,1686.85011,True,False,False,1.6541724202777426,1.6975437122682002
40.499403,58,1687.179346,True,False,False,6.0812126015370165,4.670980181883896
44.809339,54,1687.5223,True,False,False,5.753516477217703,5.402862516289479
32.089537,26,1687.707863,True,False,False,2.7396438655143993,2.7871413099959073
25.819345,33,1687.934657,True,False,False,3.0654578368687937,1.9026789509023947
30.45622,18,1688.063031,True,False,False,2.2642350065397796,2.3794106963964867
28.732224,61,1688.471067,True,False,False,4.33952790702581,2.5082140137031526
52.038181,58,1688.894173,True,False,False,7.159736484188752,6.596815338715655
44.228205,64,1689.340012,True,False,False,5.856293543242978,5.3309685651293615
34.28207,57,1689.695564,True,False,False,4.631294047093341,3.3750863455880014
34.036367,28,1689.887474,True,False,False,3.118354984443983,3.1841428882162695
37.910264,84,1692.000361,True,False,False,7.403520372126807,4.314691132183424
34.60278,55,1692.370084,True,False,False,4.309682327923979,3.5386187635718134
34.702896,35,1692.576885,True,False,False,3.459091599163521,3.400524891486197
44.593928,42,1692.852045,True,False,False,5.68665944965153,5.2178034220093785
29.279272,64,1693.288066,True,False,False,4.573448676930951,2.622004174055799
43.628187,66,1693.727603,True,False,False,6.5648511105166625,5.3648464646568215
39.847204,34,1693.933498,True,False,False,4.276157151485352,4.416112873579788
-5.617753,31,1694.112431,False,True,False,3.537404342907847,5.5543666417881745
41.928895,55,1694.463789,True,False,False,6.398171438361333,4.87757991078451
42.641445,107,1697.144098,True,False,False,7.502218917712176,5.736775010473304
41.056307,71,1697.641158,True,False,False,5.555452815093081,4.90366786971716
35.613061,67,1698.043978,True,False,False,4.923542574612564,3.794918193468298
28.42603,38,1698.260465,True,False,False,2.04638207529098,2.1922520183887255
33.897557,42,1698.501989,True,False,False,4.728482040867524,3.290785727006401
27.567719,34,1698.722208,True,False,False,3.4826645135640577,2.0355143063711165
29.169225,31,1698.941162,True,False,False,2.2848377247967138,2.2433620027737518
35.274458,40,1699.161404,True,False,False,3.5487153313393964,3.434742365603243
46.019482,55,1699.505673,True,False,False,5.607990950618888,5.618251905746861
31.69651,27,1699.686942,True,False,False,2.8100975571404296,2.69455501589171
-15.523756,16,1699.800456,False,True,False,1.6162698708089738,3.4285014743610316
37.087052,50,1700.143035,True,False,False,3.985004313090152,3.8587746710981183
25.845789,15,1700.247081,True,False,False,1.4664629194032186,1.5091797042021082
37.837566,50,1702.111247,True,False,False,3.8983956220697626,3.9451045025973794
31.24623,24,1702.276817,True,False,False,2.7734391662552125,2.5302058181207205
30.626703,30,1702.484803,True,False,False,2.3675603783740526,2.528362861532837
28.587101,19,1702.615303,True,False,False,1.909803002826145,1.9592872972107453
26.143562,42,1702.904736,True,False,False,2.491969039862074,1.8186036300966035
40.74602,40,1703.185931,True,False,False,4.453527248638115,4.450191309942036
31.531566,39,1703.41435,True,False,False,4.328851324321165,2.904751128096635
31.769914,26,1703.554959,True,False,False,2.6506932354528296,2.6877401974307826
28.399691,39,1703.789685,True,False,False,2.8167471306063487,2.2238611455408113
40.192213,63,1704.225347,True,False,False,6.297082160980862,4.692146003887068
28.94659,27,1704.413235,True,False,False,2.135474662211861,2.17899763086407
42.123902,91,1705.02945,True,False,False,7.658490215280961,5.354860941823753
32.135018,40,1705.297145,True,False,False,3.9708359263272595,2.9693608659739636
31.230331,64,1707.112748,True,False,False,5.160422166125836,3.0332427351749014
42.366062,65,1707.552704,True,False,False,7.096205702740308,5.075388731305682
33.793233,34,1707.769059,True,False,False,3.649078144573555,3.1959140572826295
36.293846,29,1709.29268,True,False,False,3.584755409413326,3.5903474521628915
-6.297885,43,1709.583433,False,True,False,3.3095566210588534,4.245122127799977
38.621025,60,1709.978896,True,False,False,4.558408944936023,4.230061742388848
48.010624,48,1710.258292,True,False,False,6.678479265031186,5.870695169013216
37.732486,46,1710.507275,True,False,False,4.432292740252127,4.0801389647828765
33.611912,43,1710.75175,True,False,False,3.8600193321947236,3.249613331152376
32.829504,33,1710.98966,True,False,False,4.028246965356836,2.9360654951145793
43.749799,59,1712.88409,True,False,False,5.073048296377537,5.09442435061663
48.820046,65,1713.257236,True,False,False,7.185102218456614,6.198574990018756
44.606489,72,1713.641383,True,False,False,5.926001793906123,5.628338698779328
40.497179,58,1713.94738,True,False,False,5.152370129900336,4.570269046193828
36.24035,35,1714.13172,True,False,False,3.5163192258824214,3.506905839517514
34.298745,50,1714.385814,True,False,False,5.578448792500997,3.3499768046429965
34.508488,24,1714.510799,True,False,False,3.2791792184726893,3.0706756970963376
45.540533,68,1714.8607,True,False,False,5.65251486480859,5.560825262265161
35.481752,56,1715.152004,True,False,False,5.457355418838736,3.7542219152270278
46.38215,70,1715.542221,True,False,False,7.708011435712241,5.949365711642372
42.20279,42,1717.367089,True,False,False,5.134227202996175,4.805572533816164
40.592565,51,1717.725435,True,False,False,5.102045678760803,4.414931858777464
42.269009,56,1718.120289,True,False,False,5.057928000811357,4.8242763593185165
48.256847,80,1718.588006,True,False,False,7.058948237921131,6.177485491339277
39.632782,42,1718.832054,True,False,False,5.120299874319703,4.420305869639689
40.624425,47,1719.082842,True,False,False,5.513469986362179,4.589727081410692
35.865411,82,1719.492105,True,False,False,7.353416015974227,4.002166331636775
41.934163,44,1719.723937,True,False,False,4.817655013008907,4.728075884192473
41.315915,74,1721.488924,True,False,False,6.362834512599242,5.0209549240824884
27.628741,25,1721.627598,True,False,False,2.0420540261566233,1.921643956578481
31.446424,43,1721.862711,True,False,False,4.037395696279261,2.8372537549055425
29.504423,23,1721.986871,True,False,False,2.26499472134985,2.2626144727282287
37.282496,27,1722.130558,True,False,False,3.7854891516014915,3.6879694790060906
26.76516,38,1722.337218,True,False,False,2.850639412665004,2.136808189148889
33.084117,31,1722.503909,True,False,False,3.126231349868956,2.984389723188591
-12.833196,25,1722.640699,False,True,False,1.8880562310205602,3.666444293510695
28.134137,23,1722.777739,True,False,False,2.617710603920616,2.0472157315844797
36.561765,60,1723.192814,True,False,False,5.427494658191856,3.9220858115463466
25.384957,18,1723.311718,True,False,False,1.7081595748797587,1.5501028338079392
27.393428,32,1723.532202,True,False,False,1.7888808890231866,1.8910113689577206
29.904073,35,1723.781468,True,False,False,2.6143128562500713,2.4091706274282014
36.584985,58,1724.157966,True,False,False,4.543083917728296,3.860002478279934
34.295028,53,1724.515738,True,False,False,6.60778472014621,3.4610126036384155
37.927396,32,1726.358963,True,False,False,4.468265343733794,3.8349993623239453
48.98027,79,1726.874459,True,False,False,6.555976117108101,6.32487260568876
-18.178213,42,1727.165787,False,True,False,2.7026503722213726,6.959826720238995
28.273152,45,1727.425125,True,False,False,5.82912932106102,2.3145407941155933
47.069251,76,1727.833549,True,False,False,7.634645223853298,6.041092202081058
50.854448,99,1728.519524,True,False,False,8.35101507300781,6.888966683004154
39.939428,41,1728.812553,True,False,False,4.056804529113431,4.20822905353334
32.370851,38,1729.072578,True,False,False,2.9862612880405015,2.935588690759373
35.873614,62,1729.492706,True,False,False,4.596278992870258,3.9067160028841483
33.41592,52,1731.482019,True,False,False,3.5657960113649505,3.207834686113271
39.000117,38,1731.73241,True,False,False,5.066746348139615,4.187247973055268
44.466629,47,1733.09,True,False,False,5.795497488325933,5.2989420061896135
42.871123,75,1733.581435,True,False,False,5.974389761940957,5.150954906969674
39.321594,75,1734.080728,True,False,False,4.925761575422774,4.557572034157778
37.916418,58,1734.408089,True,False,False,6.725918669103267,4.185529850966498
29.054851,28,1734.596803,True,False,False,2.6184393305554496,2.2219303322330974
37.658378,82,1735.1668,True,False,False,4.699229399124199,4.429432849801663
-5.640524,56,1735.530003,False,True,False,5.672841198311713,3.644013040690404
26.05194,22,1737.35522,True,False,False,1.764809428073927,1.6273708404393727
38.404016,44,1737.600875,True,False,False,5.033640250541774,4.047652555661011
46.571155,65,1737.983164,True,False,False,6.502953293999945,5.789946340863079
36.033386,59,1738.325008,True,False,False,4.995398187428442,3.895776993760737
26.338407,48,1738.606112,True,False,False,3.6266900308583243,2.161653360891285
30.613764,32,1738.828521,True,False,False,3.2493681246655557,2.5347389643478038
35.997075,38,1739.07929,True,False,False,4.166855456149306,3.7241927802483015
34.567937,45,1739.382822,True,False,False,3.3360888564411155,3.3625713733775147
28.984434,17,1739.486711,True,False,False,1.9314682991594077,2.0668033688002083
30.040906,30,1739.692128,True,False,False,2.7164967147762784,2.358649383329033
33.721588,35,1739.912335,True,False,False,3.3004640906611575,3.229534762302658
33.993643,33,1740.118912,True,False,False,3.664343611419165,3.232133605500368
32.827434,44,1740.408701,True,False,False,4.132505613445854,3.0052579318039494
31.511669,23,1742.309281,True,False,False,2.622357158324964,2.6053167328252753
26.599647,20,1742.451156,True,False,False,1.586991612283039,1.63703531293086
26.922723,20,1742.591408,True,False,False,1.5945615035295946,1.75108259397928
-16.289313,8,1742.646832,False,True,False,1.0010618137587208,1.5667849321482352
33.606216,31,1742.868553,True,False,False,3.1173029911988834,3.065383853066539
32.288704,25,1743.04631,True,False,False,2.7146914448755157,2.8057560539542705
36.241115,32,1743.275757,True,False,False,3.391013608890446,3.514514974286044
40.765113,74,1743.771494,True,False,False,5.389233146205036,4.834139179374854
33.694932,38,1744.0387,True,False,False,3.619198678711612,3.1721633890227974
41.925755,65,1744.489455,True,False,False,6.398341725423597,5.039334948698876
40.287545,44,1744.793038,True,False,False,4.957761336158075,4.429981684716605
30.627253,35,1745.029691,True,False,False,2.5955690622166414,2.5089451519801003
38.880842,56,1745.424584,True,False,False,6.807075767493894,4.342329953428531
31.797025,32,1745.649887,True,False,False,2.8655243743152954,2.7135013008080535
29.586094,25,1745.829348,True,False,False,2.3417578086531954,2.291843409800114
36.020546,61,1747.885129,True,False,False,4.65968735369823,3.7870029165457346
41.53553,74,1748.352577,True,False,False,7.016316211897693,4.856650443043344
42.358373,52,1748.718131,True,False,False,5.885688571762476,4.801512925575295
30.565404,23,1748.8829,True,False,False,2.560409432811584,2.373891184432983
35.849551,30,1749.100454,True,False,False,3.476462999065252,3.456613169854656
45.184887,63,1749.505231,True,False,False,7.406581565371225,5.541693388743395
31.141854,34,1749.714312,True,False,False,2.926506783186255,2.787180117464803
33.686752,48,1750.044495,True,False,False,3.6237900692465295,3.2166171090805253
35.428086,38,1750.302593,True,False,False,4.371179444702651,3.4753522308910587
26.474176,49,1750.62568,True,False,False,3.9958170845980705,2.049925551207131
56.281724,73,1752.576992,True,False,False,8.400187534978203,7.632273149040097
33.952138,25,1752.738176,True,False,False,3.05722359475728,3.0633150178160315
31.618889,46,1752.985471,True,False,False,3.4247107393267755,2.8843124479378837
34.118089,41,1753.202778,True,False,False,3.620976867018986,3.287358780866285
30.396485,18,1753.30236,True,False,False,2.1518221080145663,2.29359492483207
27.224332,24,1753.439039,True,False,False,2.000248937762394,1.78500563781817
27.375166,27,1753.632194,True,False,False,2.5233794142423074,1.924086416895603
27.109053,31,1753.830888,True,False,False,3.2529294030204676,1.9310637584238888
40.261876,64,1754.240311,True,False,False,5.411230910012205,4.648882512670715
39.337429,32,1754.458852,True,False,False,3.9740088782447933,4.114250468235068
33.942322,55,1754.831049,True,False,False,3.7766320879166893,3.3905662426568774
37.296119,51,1755.179468,True,False,False,6.122684973288298,3.9640330609109435
36.454503,33,1755.400587,True,False,False,3.579558949083337,3.6407430301312704
39.847816,60,1757.338277,True,False,False,5.62927719091113,4.505338288977687
36.907946,39,1758.7283,True,False,False,5.202464054185602,3.7510576597412553
37.850928,48,1759.014531,True,False,False,6.0129346439075295,4.170981795996041
42.554059,81,1759.48944,True,False,False,5.240507735384424,5.122357938731752
34.112759,36,1759.689789,True,False,False,3.9997944942138624,3.2301021619634716
43.202118,68,1760.155513,True,False,False,7.40011238524944,5.193835628943729
31.703255,32,1760.374416,True,False,False,2.923553603156285,2.774609419783648
29.297366,26,1760.553362,True,False,False,2.1289976219230553,2.21807660717647
-11.825901,21,1760.700078,False,True,False,2.0514859306217814,2.7267342459201998
27.541536,16,1760.784957,True,False,False,1.6367339642944556,1.7611025803372555
32.850989,29,1760.94942,True,False,False,3.548265475709208,2.967119568607679
32.465521,32,1761.17075,True,False,False,3.3811117156184607,2.9050943371463487
39.603138,43,1761.482151,True,False,False,4.406178893296944,4.297089400522508
32.391834,34,1763.242443,True,False,False,2.764958555001684,2.8304035216286345
43.477077,76,1763.694387,True,False,False,6.170983176473672,5.18279698793427
36.516936,36,1763.905062,True,False,False,3.7291339991380736,3.637629127451285
28.922027,37,1764.112012,True,False,False,2.292242165151924,2.2822148238517825
44.146056,87,1764.619661,True,False,False,7.146870617823051,5.570493876032941
33.883057,47,1764.927392,True,False,False,3.377070424240238,3.198027248969538
46.945914,64,1765.290614,True,False,False,6.974667040617503,5.951501055911346
29.080483,30,1765.495601,True,False,False,3.5707042466464727,2.255213685447312
34.906607,38,1765.734271,True,False,False,3.9622011678411093,3.3317033591191616
45.325881,107,1768.05728,True,False,False,8.263493198254201,6.117859778445652
-19.689444,12,1768.142146,False,True,False,0.9052701331068489,2.7752633452593893
33.822888,26,1768.311903,True,False,False,3.1065566749038167,3.065697782140634
28.776058,42,1768.612838,True,False,False,3.317875923762115,2.2410029216146916
28.087514,18,1768.749888,True,False,False,1.6295801759000346,1.9104344138959475
29.684732,24,1768.921411,True,False,False,2.03008531047189,2.175501715877595
42.640229,70,1769.414289,True,False,False,5.902355388170296,5.103817590003358
39.865481,35,1769.653131,True,False,False,4.361857438273192,4.368991362133217
36.061903,33,1769.881185,True,False,False,3.801035560551683,3.4955139748317414
-14.937107,18,1769.990135,False,True,False,1.5546740334613254,6.743888742922078
40.597247,53,1770.306573,True,False,False,5.368948621988486,4.711004919679022
46.602682,63,1770.730068,True,False,False,7.28056757908041,5.810158476692258
44.439787,49,1771.074955,True,False,False,5.186609835542723,5.188315689410871
27.174699,18,1771.204119,True,False,False,1.789792292445169,1.8150056928181635
-13.115043,16,1771.290836,False,True,False,1.6263498657646978,4.371018072667465
29.01205,30,1772.921953,True,False,False,2.5318365916700176,2.2683960287568192
35.815529,49,1773.252768,True,False,False,4.040535669476287,3.877398549567888
32.227181,42,1773.55261,True,False,False,3.173129676191382,2.95911567724687
39.344665,39,1773.807042,True,False,False,4.441852151585806,4.221041186750172
25.656077,20,1773.952174,True,False,False,1.7685371456427608,1.509383614418512
32.43578,26,1774.140493,True,False,False,3.097286330064709,2.800444977677489
-11.78643,18,1774.272323,False,True,False,2.252197089644081,3.7535460112198926
32.520308,46,1774.577594,True,False,False,4.668734887880624,3.0490074763367767
29.475572,19,1774.704035,True,False,False,2.1677845025691043,2.2036220984217954
43.313771,65,1775.16668,True,False,False,5.5045718296365616,5.039943055241631
38.530702,61,1775.557708,True,False,False,4.629810359573147,4.273202784183923
44.748511,50,1775.829901,True,False,False,5.677590562769219,5.416060499244923
50.04483,63,1777.730928,True,False,False,7.527539649819067,6.514920670390591
31.734127,47,1778.002333,True,False,False,4.449982045674309,2.882537813104118
44.322553,74,1778.519856,True,False,False,5.393844223489804,5.444674501822805
46.192732,60,1778.95622,True,False,False,5.687809585632702,5.502681679939609
41.781666,50,1779.281082,True,False,False,5.116176998502881,4.772333665707739
28.990059,35,1779.510174,True,False,False,2.079037544307933,2.2431129362710984
28.133598,28,1779.709539,True,False,False,1.9428993922061162,2.0663941136558615
31.965347,25,1779.887516,True,False,False,2.6419077456154296,2.731939950650003
33.515249,31,1780.057898,True,False,False,3.8638386255412347,3.191003177514583
26.490746,27,1780.212134,True,False,False,1.7374711277289248,1.728382558527284
30.947157,27,1780.361678,True,False,False,3.0067369807785984,2.544284895100419
32.997724,29,1780.519719,True,False,False,3.910752879419733,2.8435293552654084
33.618345,30,1780.685911,True,False,False,3.2378019488281344,3.0579549066877876
34.758923,72,1783.720912,True,False,False,5.464146487740143,4.182105438203076
-12.56171,18,1783.847473,False,True,False,1.7235810476112725,6.255850727155148
45.603292,68,1784.258449,True,False,False,6.615914693225604,5.525064890599738
45.99538,50,1784.544494,True,False,False,5.614334834418504,5.595783414109995
39.737008,65,1784.946921,True,False,False,5.503268029166478,4.502241976882749
27.836453,15,1785.026325,True,False,False,1.7171635887645293,1.8469379133675952
27.485083,32,1785.207161,True,False,False,2.978860294893129,2.1745197134878684
28.915681,24,1785.32807,True,False,False,2.3737862690215987,2.2293178450557343
28.437063,47,1785.59924,True,False,False,3.0843202932504816,2.5131400808948743
47.798122,65,1785.987397,True,False,False,7.408470921790418,5.983474256890541
39.617518,46,1786.238451,True,False,False,4.507514870414039,4.2575334225083
33.285667,37,1786.470285,True,False,False,3.785962648996183,3.159699901049151
29.910207,29,1788.158524,True,False,False,3.637635458151079,2.443113055242948
34.874992,28,1788.309904,True,False,False,3.475403371986474,3.243489642674781
26.209057,47,1788.572219,True,False,False,3.434960337284853,1.9222308844039266
39.306025,40,1788.818826,True,False,False,4.436142424752981,4.314114895149981
31.785723,22,1788.94069,True,False,False,2.4775181516752576,2.6306324617911363
46.290612,68,1789.311159,True,False,False,7.102904550102818,5.8976108741625675
35.846808,62,1789.647808,True,False,False,4.477500393135708,3.716695513088939
42.206449,49,1789.975121,True,False,False,4.898188470612272,4.75284541988666
49.389636,97,1790.572149,True,False,False,7.422134382774856,6.73238823651532
39.440461,56,1790.918174,True,False,False,7.640061189443118,4.512160609880473
50.373378,58,1792.809916,True,False,False,7.985110311280834,6.695901772849122
39.894476,75,1793.2603,True,False,False,5.174526505624215,4.615315966782128
42.980854,69,1793.69743,True,False,False,5.792576096679155,5.1084808416897864
40.052288,56,1794.065061,True,False,False,6.1203403887860475,4.5872496873063255
36.64528,32,1794.278998,True,False,False,4.326594257847144,3.584661927699065
34.50776,31,1794.489843,True,False,False,3.311394236605214,3.2841550112905615
47.661153,46,1794.811738,True,False,False,6.592817706010632,5.814196166864822
29.051416,25,1794.965771,True,False,False,2.2580483302840535,2.238873119834498
43.71193,51,1795.257488,True,False,False,6.125507191330432,5.206330005798273
40.599029,48,1795.591907,True,False,False,4.774334579527399,4.524189252996655
28.233173,27,1795.758095,True,False,False,2.6218263529113583,2.0869540375133124
31.259667,29,1797.512822,True,False,False,2.8248510365133117,2.6306205123008795
33.304933,42,1797.779396,True,False,False,4.29090404602431,3.1658050100956476
44.587079,63,1798.146241,True,False,False,5.434004780704477,5.262013209622027
30.355103,37,1798.402684,True,False,False,3.590916339858563,2.6035558914523795
45.197399,56,1798.729748,True,False,False,5.866015780797014,5.530926856985924
29.388944,27,1798.889244,True,False,False,2.507249635419087,2.259186557143446
28.04273,45,1799.159769,True,False,False,2.668389436519403,2.2237528792968675
36.814344,53,1799.500603,True,False,False,4.705699936132892,3.7710708590751976
-15.233595,33,1799.725758,False,True,False,3.2500393107268732,1.8058869592227096
39.719152,54,1800.042029,True,False,False,4.957834277408466,4.410947729459335
42.73761,60,1800.402233,True,False,False,5.359886373651096,5.006607505402859
41.077917,102,1802.669816,True,False,False,9.104002394811841,5.137012408980564
35.785499,41,1802.889912,True,False,False,3.531150102409374,3.5241060901280292
34.581097,45,1803.165217,True,False,False,3.560167790611493,3.3884192175114687
44.583271,87,1803.772813,True,False,False,5.834898491844271,5.66309435297424
46.595155,47,1804.090667,True,False,False,5.6569973142706145,5.665254231764429
29.390852,28,1804.272294,True,False,False,2.0413408082515563,2.259851719326172
38.923049,41,1804.525839,True,False,False,4.029061274171718,4.094374861816726
25.986887,26,1804.702175,True,False,False,1.9826531502336424,1.7032746468622069
31.423332,31,1804.867281,True,False,False,2.5077693509119503,2.6491554744203043
35.262178,31,1806.145329,True,False,False,3.7596673745185623,3.3744526608192364
44.63186,74,1807.994298,True,False,False,5.852138265222619,5.572059611272827
43.463471,60,1808.343179,True,False,False,5.821705771887195,5.135802321336155
33.07746,22,1808.487327,True,False,False,2.762267818235451,2.880065703146402
37.437309,51,1808.7973,True,False,False,4.754274993966958,3.949923276050542
38.218444,45,1809.080178,True,False,False,4.037996570735439,3.9418756082231226
26.2594,24,1809.226013,True,False,False,1.6703974257655816,1.6395122191105522
41.045678,50,1809.524163,True,False,False,4.718942931611637,4.590410164814569
26.812131,21,1809.639311,True,False,False,1.7067229080412396,1.6559632538424895
39.925672,42,1809.885923,True,False,False,4.561211622122373,4.420064132468631
32.964378,60,1810.281303,True,False,False,4.396287975643679,3.2861163950385035
38.464435,45,1810.593926,True,False,False,4.716579970218217,4.102908770555302
34.846274,35,1810.843078,True,False,False,3.475707060105757,3.263538246578405
31.72964,37,1811.111303,True,False,False,3.1655157888814487,2.829612514258948
31.776301,33,1812.992791,True,False,False,2.5981379630558123,2.714322598748453
48.995328,93,1813.620435,True,False,False,6.39136031803394,6.442385257167267
43.611584,72,1814.074129,True,False,False,6.505972216734303,5.352486224034119
45.718989,60,1814.490702,True,False,False,5.891854173481245,5.534677394242805
31.058998,20,1814.602776,True,False,False,2.3759376030500343,2.453508834467283
34.598288,83,1815.064392,True,False,False,5.283246451578963,3.7868603228825823
30.77057,58,1815.39505,True,False,False,4.135396768711111,2.863135095002479
43.707395,60,1815.732202,True,False,False,7.192578074831555,5.36535936729759
32.212376,28,1815.922517,True,False,False,2.498426607570001,2.694966727361828
35.923928,36,1817.891829,True,False,False,3.9186515876556385,3.586566298920558
-13.130102,22,1818.0427,False,True,False,1.6547094127984028,5.218781328384962
33.760793,25,1818.220218,True,False,False,3.0930415841985046,3.0094657804593155
35.416804,44,1818.527775,True,False,False,5.5458867594757475,3.6247542857783857
34.724419,33,1818.773732,True,False,False,3.9648346667210244,3.232390158764528
41.535956,68,1819.230979,True,False,False,5.7588937599993235,4.87211862569608
44.002133,68,1819.678501,True,False,False,5.627339839382966,5.2773154749933555
47.836388,55,1820.006386,True,False,False,6.930872285997468,6.1083983596355615
35.014721,33,1820.224078,True,False,False,3.282467000036134,3.3356360340290125
37.729865,47,1820.489844,True,False,False,4.083683202571731,4.011337316377972
28.658522,16,1820.575767,True,False,False,2.0050306588899023,1.9874633966718294
29.331023,25,1820.734227,True,False,False,2.5791247836677034,2.300720784759271
32.94944,43,1821.003767,True,False,False,3.326442101772986,3.230742034184619
26.372327,19,1822.658051,True,False,False,1.5934167278129252,1.651712556050819
-18.869244,5,1822.69259,False,True,False,0.3136709704856514,4.203425198750714
28.046833,20,1822.838073,True,False,False,1.7152608617165115,1.9162494931140026
45.422954,81,1823.353676,True,False,False,8.064957591700496,5.770020435004314
30.424869,23,1823.488743,True,False,False,2.446214753422011,2.3652420997994197
28.670109,20,1823.610206,True,False,False,2.257345392287716,2.0567177262473355
28.523124,25,1823.782837,True,False,False,2.4635928735759123,2.101430095453717
25.844,38,1824.008895,True,False,False,4.335269916725357,1.7641599208500975
44.36824,80,1824.460995,True,False,False,6.030282254208818,5.506969072258583
34.584506,34,1824.681786,True,False,False,3.1636296971385853,3.2362251743796757
43.678908,47,1825.00457,True,False,False,5.98918764846028,5.145384545336869
34.837873,44,1825.310565,True,False,False,3.847461120699297,3.420225476249904
47.307933,56,1825.624956,True,False,False,5.710260364602244,5.648346555675134
34.33579,53,1827.565295,True,False,False,4.309669941576997,3.340477383993517
41.03773,78,1828.115449,True,False,False,6.459129477028412,4.8780990462203455
25.514195,20,1828.255438,True,False,False,1.738638523283478,1.5031595241934586
43.405831,47,1828.581331,True,False,False,5.071892362479433,4.974129895733612
40.209682,62,1829.047217,True,False,False,5.194051520956255,4.667927064610382
44.695688,62,1829.494764,True,False,False,6.546272060826593,5.481830627034438
27.404197,19,1829.610147,True,False,False,1.7970884986099864,1.7898743814448044
40.03429,40,1829.833544,True,False,False,5.504209925302674,4.363567380388583
30.253862,77,1831.596556,True,False,False,5.063040076050057,3.031164627196279
27.131424,35,1831.82422,True,False,False,2.5683071776775503,1.9434082408492388
26.925172,22,1831.95094,True,False,False,1.8890096917314583,1.7289628768855243
46.681721,59,1834.069538,True,False,False,6.172192057412766,5.720694224046919
25.324792,29,1834.274276,True,False,False,1.432879072738828,1.5432712705000906
30.143222,19,1834.399316,True,False,False,2.5283415886833134,2.302213060038998
26.095356,17,1834.496768,True,False,False,1.7096808109059773,1.5309758632019352
35.014977,31,1834.665509,True,False,False,3.6995251696659115,3.4966060985126046
33.808382,61,1835.050365,True,False,False,6.706581417643186,3.4597567523677943
35.270945,28,1835.215673,True,False,False,3.3062776799938187,3.404616981236905
34.589699,45,1835.479013,True,False,False,3.8325636058779624,3.401112534612137
29.030422,28,1835.630019,True,False,False,1.9949974231776584,2.184993843741034
32.797808,28,1835.778832,True,False,False,2.848407393203084,2.940321782585463
55.979917,69,1836.128558,True,False,False,8.448352838106107,7.9465947991994375
29.847288,25,1836.263813,True,False,False,2.5318901061656285,2.298096625383672
29.591592,17,1836.39194,True,False,False,2.173859250257643,2.2180047862591197
40.5798,41,1836.698915,True,False,False,4.825820468737585,4.455988879946259
42.735266,60,1839.226819,True,False,False,6.13555138018044,5.179032861134632
26.466239,19,1839.345694,True,False,False,1.7599728925343305,1.646139531712837
39.805783,47,1839.655154,True,False,False,4.6744274023742705,4.503917414430447
45.12004,64,1840.099943,True,False,False,6.168961918607927,5.5357677003496395
25.886893,20,1840.22641,True,False,False,1.8609352523403941,1.600741945028172
37.514472,57,1840.607062,True,False,False,4.017183799401605,4.000042390902516
46.626827,64,1841.046167,True,False,False,6.808035344654528,5.744086456739299
39.719522,84,1841.626159,True,False,False,6.890361003550383,4.667932492215433
33.159122,25,1841.805556,True,False,False,2.815039376830019,2.8573019379420486
26.073168,20,1841.943486,True,False,False,1.4441736869489865,1.6093261036580686
26.381815,15,1842.047021,True,False,False,1.3758780349249433,1.619465416266606
41.896383,49,1842.378197,True,False,False,5.676811764683943,4.814370920776306
26.284907,19,1842.506009,True,False,False,1.691534537485521,1.633601637769104
36.838156,35,1844.421916,True,False,False,3.846647094706634,3.7458648812387985
-15.131003,14,1844.516885,False,True,False,1.3285671886598762,2.494829864807524
42.586343,56,1844.898009,True,False,False,5.295435368641296,4.981873934059596
42.055985,60,1845.309109,True,False,False,5.441751660608405,4.9531744568763365
37.845153,33,1845.520207,True,False,False,4.155367060431674,3.901222939650244
31.746079,37,1845.714693,True,False,False,2.99729356524246,2.824475852034451
31.05147,23,1845.835774,True,False,False,2.3923670696251036,2.5116907211768917
50.853536,52,1846.117752,True,False,False,6.629924470267551,6.547384453327671
46.014325,54,1846.486451,True,False,False,6.1230344238071215,5.620790023975916
51.306258,46,1846.798687,True,False,False,7.74680173148065,6.407852540439341
34.53298,49,1847.078158,True,False,False,3.263056119618645,3.3590451968163095
32.655513,31,1847.294744,True,False,False,3.1223389835935578,2.907464034596856
45.485172,97,1849.447217,True,False,False,6.9053221834187495,5.800327761454299
28.22023,36,1849.691098,True,False,False,2.836275203316826,2.1866239159783687
30.209673,29,1849.887928,True,False,False,2.3233828622485877,2.363741549712362
45.625778,72,1850.350403,True,False,False,7.261625451207637,5.766963103056565
29.484147,39,1850.568157,True,False,False,2.72182715924672,2.476192864576507
27.085103,21,1850.682402,True,False,False,1.6875391552929546,1.8046598410507735
27.511094,16,1850.77352,True,False,False,1.5837668251901975,1.8219224412723176
28.331285,20,1850.88744,True,False,False,2.254275612971419,2.049672377337855
33.14901,33,1851.1069,True,False,False,3.6234160579009176,3.0791728754786534
38.206513,76,1851.567758,True,False,False,6.324560234370967,4.573554724511165
33.694403,50,1851.881708,True,False,False,3.9069184767473413,3.362367803219911
45.300659,63,1853.965788,True,False,False,7.660259258069672,5.667286572886315
47.048945,82,1854.4709,True,False,False,6.617055128012089,6.1377090882557965
31.563254,35,1854.704623,True,False,False,3.39905559439573,2.807845738953563
29.861702,77,1855.133215,True,False,False,5.624336320533252,2.860057848871108
45.179165,61,1855.480895,True,False,False,6.350042913269983,5.449836668841273
42.091616,63,1857.006914,True,False,False,5.242523652321843,5.12031007574258
37.235207,29,1857.171026,True,False,False,3.6553509578600036,3.62943471773617
35.880777,56,1857.53656,True,False,False,4.537154472027144,3.7929278126614703
34.692452,28,1857.693749,True,False,False,3.829191749218399,3.219359106751807
40.296044,50,1857.970598,True,False,False,4.824781451394302,4.808897132990251
40.866014,43,1859.766957,True,False,False,4.709116435911804,4.4904960240226695
49.555168,67,1860.228065,True,False,False,8.675494093619692,6.417082757577293
26.11881,53,1860.570191,True,False,False,3.8534801496065128,2.301798360989486
36.708156,61,1860.988852,True,False,False,4.343224672494771,3.8672053383162055
33.688441,41,1861.28508,True,False,False,3.0897714223445285,3.0962576916762052
50.233092,87,1861.873886,True,False,False,7.927110311471616,6.8872124084958655
36.862006,46,1862.156131,True,False,False,4.062457449520794,3.822229450900411
30.962777,31,1862.337693,True,False,False,3.381366299564152,2.6312826716634037
39.996216,43,1862.584835,True,False,False,4.616456706979445,4.408816934635647
-13.280804,34,1862.765059,False,True,False,2.51022374256455,2.616517298871105
45.694943,56,1864.524194,True,False,False,6.283763292256608,5.79450442426212
27.880025,16,1864.613036,True,False,False,1.827311402701567,1.9327416419930306
35.321112,46,1864.919917,True,False,False,4.787057345412936,3.619020996382085
35.931031,84,1865.420186,True,False,False,6.696091522917117,4.170429931338028
31.347442,50,1865.724012,True,False,False,5.191775715729493,2.827358611668139
26.377205,12,1865.805747,True,False,False,1.3287187292989349,1.5787728212298524
50.15575,73,1866.274083,True,False,False,7.933650261430438,6.42211903322421
48.267172,81,1866.75544,True,False,False,6.658989501389484,6.1369715633492286
28.609475,32,1866.976358,True,False,False,2.8390763796276435,2.28375255441456
41.89711,53,1867.284059,True,False,False,4.721496319461872,4.736750353340508
41.251814,74,1869.186996,True,False,False,5.7827323026373625,4.964663107387855
28.571531,23,1869.321347,True,False,False,2.0450686612071074,2.0474069162292485
28.825755,55,1869.619773,True,False,False,5.332450013556055,2.7708609246333347
40.923098,35,1869.817398,True,False,False,4.749620461885528,4.47951745257454
34.477592,67,1870.273028,True,False,False,4.177902039058008,3.8640923904152165
45.555689,66,1870.684126,True,False,False,6.85994188830841,5.697058030425465
29.66736,47,1870.958302,True,False,False,4.642504534415572,2.6107519642875556
42.73157,50,1871.235513,True,False,False,4.969834342604607,4.82743112602318
45.932962,59,1871.623071,True,False,False,6.127199607743656,5.474823912216446
34.143845,44,1871.893291,True,False,False,4.17719057952496,3.3861440024182308
37.131825,26,1872.049025,True,False,False,3.5356896082525116,3.643820887198316
44.655411,60,1874.573588,True,False,False,6.493969016937774,5.4341768953497045
44.764807,116,1875.45845,True,False,False,9.612455084407246,6.034107888132159
29.152781,59,1875.806927,True,False,False,4.27787391845889,2.6406695902015707
43.473455,47,1876.070338,True,False,False,5.982645002149826,5.169237217852995
44.800782,87,1876.566874,True,False,False,9.409594986219265,5.5966677285751585
29.121762,26,1876.720643,True,False,False,1.9909516599442165,2.161812278666997
28.591373,50,1877.007628,True,False,False,5.593881165570208,2.4751587104120993
32.272246,18,1877.110059,True,False,False,2.7020809050103276,2.716187691291701
31.670078,41,1877.339959,True,False,False,4.002874824140321,2.9238890109426157
37.401471,54,1879.126992,True,False,False,6.380087833525299,4.1983123683233226
45.971054,85,1879.651992,True,False,False,7.451519604440254,5.9790291475721835
38.132748,46,1879.923854,True,False,False,3.9812451316037416,3.9448231398728923
44.842556,60,1880.263263,True,False,False,5.909806402852959,5.298641629553384
46.187885,47,1881.896873,True,False,False,6.319746812211166,5.628987510837852
33.698021,48,1882.226292,True,False,False,4.2127032514490566,3.251266182519856
33.162679,54,1882.598107,True,False,False,3.8635361082415116,3.254292382147709
34.924493,29,1882.813173,True,False,False,4.15969094104537,3.2444582810675233
28.894077,30,1883.019549,True,False,False,2.190412780846044,2.1704493452916904
35.257482,47,1883.304351,True,False,False,3.990367911701092,3.551079186105863
39.328859,56,1885.175044,True,False,False,6.124097766192479,4.470994908956819
40.817545,122,1885.982545,True,False,False,9.264791801851818,5.574548808413512
33.474086,57,1886.353224,True,False,False,5.257288572706924,3.2976719289635574
30.248543,16,1886.464949,True,False,False,2.17831314003451,2.3678355610989867
50.542982,49,1886.806948,True,False,False,7.801383095359131,6.427769332987838
26.697753,26,1886.982307,True,False,False,1.711085835318151,1.698527969225274
46.282758,58,1887.386483,True,False,False,6.471840953704964,5.634061092748229
38.910991,39,1887.660685,True,False,False,4.488378671428656,4.202748524888885
46.811501,52,1888.032858,True,False,False,5.8712987193914525,5.8286772045724495
29.133795,48,1888.308331,True,False,False,3.973468174637277,2.5258401937377704
39.957966,57,1890.302021,True,False,False,5.323569632177532,4.583836314315869
34.618013,66,1890.734968,True,False,False,3.99384215704913,3.619935926286144
30.229294,34,1890.932233,True,False,False,2.4510099017332823,2.511735398787631
40.581551,50,1891.287091,True,False,False,6.290249990491779,4.6851199242889034
37.692156,62,1891.695282,True,False,False,5.322809963109314,4.504369567247626
32.514658,31,1891.878621,True,False,False,3.270302259278891,2.8722311870287
40.064479,94,1892.447233,True,False,False,6.994085885040495,4.960709702026057
28.730656,31,1892.640339,True,False,False,3.20873722825159,2.288220049682941
29.730291,36,1892.875812,True,False,False,2.6956662411179426,2.4226902307914107
24.877844,30,1893.070341,True,False,False,2.6163015273805956,1.5739235346549434
44.293889,77,1895.206236,True,False,False,6.928322088200284,5.7719292201711285
29.662546,30,1895.396295,True,False,False,2.428127001881553,2.3525716508361074
25.535181,25,1895.570401,True,False,False,2.1641420698486886,1.5639714338301673
29.993992,25,1895.750335,True,False,False,3.1933912264136457,2.405133945364806
34.223757,38,1896.000291,True,False,False,4.22896558683931,3.338795149004246
33.744892,42,1896.299012,True,False,False,5.013651884343067,3.398294418304233
40.242329,47,1896.614838,True,False,False,5.205270221493323,4.500085274841465
48.688573,50,1896.971102,True,False,False,6.628965364869385,5.940714643866441
31.425458,44,1897.253058,True,False,False,3.502293682380369,2.843264345402254
29.831567,18,1897.365357,True,False,False,2.2031771354471847,2.2213125310222144
41.65667,46,1897.706858,True,False,False,4.932389672335768,4.576690818766624
28.618815,54,1898.051085,True,False,False,4.226143216849899,2.3854762218798595
29.517215,32,1898.276824,True,False,False,2.383488762568494,2.2862614424693954
38.57353,59,1900.202325,True,False,False,6.897818096891333,4.408400798359448
36.671296,47,1900.507762,True,False,False,5.0576962335887,3.772693616953451
27.292492,32,1900.704912,True,False,False,1.956511694665219,1.96234592679649
26.342675,16,1900.809062,True,False,False,1.890203398257743,1.6134580699070968
34.941899,28,1900.997802,True,False,False,3.2227270590076618,3.301439637554033
30.217663,27,1901.194928,True,False,False,2.5443692334946015,2.460055170008936
31.588022,31,1901.407925,True,False,False,3.2440138881373786,2.8851741535606994
30.791792,33,1901.636903,True,False,False,2.545823459727069,2.582967457768345
42.644931,56,1901.998835,True,False,False,5.960288544171138,4.8717662510818505
40.742883,84,1902.573595,True,False,False,9.03451328742722,5.071688142738518
29.107578,19,1902.706086,True,False,False,1.879295068354339,2.058481121538847
30.385423,54,1903.030128,True,False,False,4.769766655561799,2.6600326897700266
32.413462,46,1903.306841,True,False,False,3.4080125106889625,2.964024037494804
26.39757,30,1905.080484,True,False,False,2.5417097129268535,1.7557311411891319
28.059839,24,1905.222346,True,False,False,2.304119330469486,2.0756771127224294
45.351295,49,1905.497828,True,False,False,5.765805180979936,5.424882563871347
41.761222,49,1905.776069,True,False,False,6.322391627505764,4.949335524276112
32.63781,28,1905.928258,True,False,False,3.5018409091393186,2.8761047834712112
38.070585,46,1907.258258,True,False,False,4.74873525848191,4.018714120568709
31.641935,63,1907.656746,True,False,False,4.241109268760145,3.137803886688583
30.830783,41,1907.878292,True,False,False,3.1233671696092546,2.6816989846933
40.514277,36,1908.091832,True,False,False,4.770417465139072,4.390558472784521
33.581137,39,1908.354511,True,False,False,3.012582994774008,3.0624522048399117
-13.115496,47,1908.690806,False,True,False,3.4304028905646713,3.569640959164788
33.879547,108,1910.933488,True,False,False,10.227110026573895,4.199858517641864
30.363302,40,1911.178869,True,False,False,3.356865194724512,2.6335797335436286
33.666797,37,1911.421553,True,False,False,3.883925490820441,3.2739584951617475
35.604092,70,1911.824405,True,False,False,4.236386690995214,3.821979053215366
31.017358,34,1912.030487,True,False,False,3.070638788073465,2.679384223577226
37.634323,57,1912.354175,True,False,False,6.235963956451615,4.118054486871858
42.469318,37,1912.620546,True,False,False,5.1170591350976125,4.882869017095092
35.580111,40,1912.890138,True,False,False,4.952134058197742,3.4707357752976495
32.249331,29,1913.089352,True,False,False,2.6849348742522237,2.7332632803296044
46.234712,54,1913.445199,True,False,False,6.349126542092334,5.676677968620015
34.352,35,1913.695523,True,False,False,3.737392703742248,3.2807547246603868
41.509499,45,1915.702692,True,False,False,6.659651994026628,4.702868773934586
48.268507,82,1916.29294,True,False,False,7.703646583140965,6.331025890921779
26.934342,35,1916.543844,True,False,False,2.6881930368909535,1.9544147791796036
32.680976,67,1916.978218,True,False,False,4.334652915791429,3.3785270929632185
29.454724,21,1917.099374,True,False,False,2.29695075411218,2.162601592652913
36.572853,69,1917.530881,True,False,False,5.998121578825572,3.926724943817957
41.727094,61,1917.916279,True,False,False,6.043881653627225,4.77885000095043
32.130059,52,1918.282147,True,False,False,3.1072999786804463,2.9833640730221602
35.153311,60,1918.708615,True,False,False,5.779314473956974,3.6274357563709905
48.114739,79,1920.735777,True,False,False,6.67911049861846,6.238722554209982
36.418295,88,1921.269319,True,False,False,4.973495182067979,4.408662032426209
32.094495,23,1921.440112,True,False,False,2.678842785380734,2.711247026800735
32.392442,52,1921.787151,True,False,False,4.023119720034139,3.070377703006894
39.460836,93,1922.328163,True,False,False,5.311112096125872,4.8561940298842305
29.072497,13,1922.411722,True,False,False,1.8608258317928812,2.0987447983189504
34.739631,55,1922.789926,True,False,False,4.345898099067417,3.467458084094963
30.661401,50,1923.124306,True,False,False,3.6893285214184166,2.726195547487461
42.235734,60,1923.539093,True,False,False,5.043491387309992,5.031411583383506
26.737952,14,1923.636312,True,False,False,1.8054008466213272,1.6869662252681217
39.666518,58,1925.551165,True,False,False,5.947658356807622,4.469395060969622
39.809574,31,1925.72619,True,False,False,4.272989547843499,4.177830287998317
35.69204,28,1925.91951,True,False,False,3.910114112544178,3.5168825298470616
34.031601,43,1926.208605,True,False,False,3.460207890102302,3.2987201269994983
28.01448,19,1926.324434,True,False,False,1.8778093578018766,1.974887118556408
29.654546,23,1926.454396,True,False,False,2.367662028687804,2.2157871878467335
42.955018,75,1926.918143,True,False,False,6.044990981193088,5.0709339508552125
42.941423,58,1927.291523,True,False,False,7.0830258389733425,5.1486411986552625
40.843574,48,1927.598582,True,False,False,4.463583492139957,4.457563840605023
55.262496,72,1928.041427,True,False,False,7.946097681561289,7.369632890625084
37.337649,59,1928.360133,True,False,False,6.162228326240491,4.107100862821323
42.743607,73,1930.412939,True,False,False,5.52684244949111,5.13375623683849
25.899124,16,1930.527641,True,False,False,1.506712802311628,1.532190913672344
49.588896,96,1931.992352,True,False,False,7.8740721185099325,6.49413826284717
42.282655,58,1932.314519,True,False,False,6.400044344280784,5.020476762073653
23.591611,86,1932.898301,True,False,False,5.95697254875107,1.9020432632472861
38.015473,45,1933.161754,True,False,False,4.166923821840267,3.9974542947922522
29.194919,25,1933.290915,True,False,False,2.174347736481748,2.2238737071983206
37.439411,31,1933.449407,True,False,False,4.047879673514688,3.82761481072854
33.706448,39,1933.65178,True,False,False,4.1926692761851765,3.1301225412758162
53.847154,84,1935.692887,True,False,False,8.505154020337313,7.164974430261175
51.044913,64,1936.055056,True,False,False,6.492287716141935,6.463580813167676
37.834681,86,1936.574403,True,False,False,7.079998964072295,4.955508580485256
38.694231,57,1936.948096,True,False,False,4.951950744550125,4.271571643525153
43.856092,57,1937.341357,True,False,False,5.8147960835080195,5.204535285576796
40.466347,108,1937.981116,True,False,False,5.644869053855839,5.1509102504868265
33.562449,70,1938.349264,True,False,False,5.128043671513647,3.586530789173309
39.596851,33,1938.517974,True,False,False,4.621025606848996,4.168240304305735
33.547423,43,1940.359029,True,False,False,4.409265332003944,3.1622391661607105
32.918609,23,1940.49366,True,False,False,2.703595421118131,2.8268117113183893
28.94735,16,1940.576894,True,False,False,1.9205832845953987,2.085821758852017
38.000666,46,1940.824758,True,False,False,4.47966293588431,3.9914171307657176
41.977458,55,1941.205028,True,False,False,5.791759753538916,4.909959300073946
44.429908,65,1941.638257,True,False,False,5.579097457074596,5.280586385179712
37.197418,27,1941.838136,True,False,False,3.6190639953120116,3.677136171752351
35.998985,35,1942.032679,True,False,False,3.460913790337963,3.5313031486017006
37.476478,42,1942.268125,True,False,False,3.7665154459318715,3.757295722971952
35.635743,40,1942.486168,True,False,False,4.553238294942186,3.5985289840519967
33.104287,50,1942.761813,True,False,False,4.301714361704564,3.4325380934214853
27.862645,51,1943.063939,True,False,False,4.522498454436311,2.4487221528277154
47.052484,57,1945.084183,True,False,False,6.298853150613417,5.854892550481394
23.261613,59,1945.468247,True,False,False,5.042900871270379,1.5639434083470354
33.143472,33,1945.65283,True,False,False,3.541230088343748,3.0765461873710693
37.745496,43,1945.932797,True,False,False,3.8168908125855565,3.946189486731353
39.987048,70,1946.387944,True,False,False,4.881571242669858,4.569969547438883
39.274807,89,1946.998083,True,False,False,5.8279083425257685,4.593314718464387
29.566766,22,1947.147329,True,False,False,2.1783457065673324,2.2088282265875234
49.846954,61,1947.567239,True,False,False,7.79893564796156,6.4335317000872525
32.868563,27,1947.754227,True,False,False,3.0911912400986097,2.9117604652865343
46.720942,58,1948.149594,True,False,False,5.908302727904842,5.64418781106029
36.337475,76,1950.241021,True,False,False,5.46299531776218,4.05382337726904
44.509282,54,1950.620292,True,False,False,7.509376237286817,5.426941850116625
39.478937,45,1950.9412,True,False,False,4.776681338947549,4.3349578970006855
29.760545,19,1951.074222,True,False,False,2.823507077820401,2.2931440181274083
33.303892,42,1951.318363,True,False,False,4.91211516726979,3.1954600484419946
-13.973696,18,1951.426038,False,True,False,1.6199057075375705,6.523915488997634
41.11162,64,1951.887406,True,False,False,5.239249325370118,4.682506185274921
29.615688,23,1952.047045,True,False,False,2.3251029913638197,2.198673369801585
48.308557,73,1952.555413,True,False,False,6.9692359685796506,6.187616511752642
31.742053,48,1952.891526,True,False,False,3.3229559124108876,2.928529965239763
30.970141,22,1953.049909,True,False,False,2.3554171802696624,2.451868492308323
34.21009,27,1953.244837,True,False,False,3.2937130412979516,3.1726404451031014
34.709156,56,1955.196593,True,False,False,4.0757146701885985,3.647224000894848
41.118189,61,1955.550879,True,False,False,6.20146313011761,4.809609424499334
29.672858,29,1956.786308,True,False,False,2.2224320022714923,2.2898163003830123
45.331591,54,1957.083625,True,False,False,5.65273550343327,5.40518026165998
38.456488,47,1957.372037,True,False,False,4.194408231528151,4.127752212313324
44.029225,44,1957.611211,True,False,False,5.992448950750397,5.163735471836391
31.202704,30,1957.771955,True,False,False,2.361312257682546,2.59252744575954
30.320209,24,1957.913914,True,False,False,2.1885422012287012,2.32023463875943
45.959215,59,1958.270478,True,False,False,7.027942720925701,5.579647511068386
27.779849,20,1958.371036,True,False,False,1.8935348333804192,1.8610955884543072
27.00001,18,1958.465029,True,False,False,1.6749416885327384,1.7102881967425174
41.398494,44,1958.700753,True,False,False,4.738145843451142,4.585269750233091
46.973716,86,1960.604915,True,False,False,6.681633628457247,6.031689938401759
34.343276,38,1960.803128,True,False,False,3.489754392331734,3.3994939040205443
29.778337,25,1960.934351,True,False,False,2.1319041863323336,2.3145115787354826
34.65735,30,1961.098208,True,False,False,3.36864488794589,3.2293570732434227
39.660494,54,1961.385154,True,False,False,4.746808368720683,4.475108797457698
30.661923,18,1961.479748,True,False,False,2.5546917086107044,2.422906984488092
31.888149,43,1961.706512,True,False,False,4.339657671380538,3.030517934248009
27.863458,18,1961.800127,True,False,False,1.688167569372262,1.8420450256585998
33.156587,41,1962.02644,True,False,False,3.9324665026756156,3.332832170019953
33.419592,36,1962.221363,True,False,False,3.4503088136890456,3.109143391450056
36.874932,55,1962.519052,True,False,False,5.318001784926199,3.9582251319851216
39.426781,49,1962.79741,True,False,False,4.492646114489158,4.460236329515451
47.369836,83,1963.311161,True,False,False,9.335772501710293,6.20310500827862
43.926127,52,1965.333362,True,False,False,6.665683320054027,5.195622726775592
30.757923,22,1965.484494,True,False,False,2.3912663555763225,2.506837381258287
40.72737,51,1965.832989,True,False,False,5.496915771835974,4.662796895724795
27.794911,16,1965.941565,True,False,False,1.8046550866856135,1.832714431202884
41.820563,42,1966.226794,True,False,False,4.974181082717237,4.6640648106969165
32.792552,68,1966.632555,True,False,False,6.127787723559266,3.3511015383038822
35.965813,43,1966.927323,True,False,False,3.990516227133088,3.600629435900526
28.571253,25,1967.09761,True,False,False,2.784095780711623,2.005845008950543
36.372131,45,1967.400898,True,False,False,5.942323614751375,3.8255527849233846
25.985104,42,1967.688207,True,False,False,2.708195539356712,1.7997106249532686
28.674325,14,1967.783786,True,False,False,2.0835706729705814,1.9463052690896245
44.84253,73,1968.280176,True,False,False,7.368509192380508,5.595861469989231
26.707246,25,1968.447973,True,False,False,1.865355889157324,1.7421841308174388
37.201917,35,1970.400746,True,False,False,3.7037647465005596,3.7495318518873524
36.459437,47,1970.68733,True,False,False,3.9181278633580816,3.79153908039446
24.863311,41,1970.902575,True,False,False,3.547776255538726,1.8974496838677943
40.000865,39,1971.125274,True,False,False,4.842228294616768,4.3300340907485015
31.340879,36,1971.334075,True,False,False,2.5243463749809805,2.684388579022674
33.313193,40,1971.574206,True,False,False,4.311628067272234,3.082131865253827
31.961381,30,1971.760148,True,False,False,2.7204461381811265,2.8281031935971237
49.770532,60,1972.186467,True,False,False,6.768881274870249,6.434026297543907
28.236782,25,1972.360714,True,False,False,1.9068384685941295,2.0031859760953656
50.271376,64,1972.744062,True,False,False,7.099545987926787,6.367502545393255
35.676024,44,1973.018521,True,False,False,3.8898041294373145,3.6759265841250364
41.279124,46,1973.282924,True,False,False,4.511716183662506,4.491655000497021
46.407218,84,1975.38875,True,False,False,8.029358125011266,5.801516409894341
30.073339,32,1975.608951,True,False,False,2.7797621399898143,2.41668352101855
45.916248,66,1976.072143,True,False,False,6.052791929714811,5.768731750101268
40.841275,50,1976.396567,True,False,False,4.916192501867305,4.516236244198619
45.478892,68,1976.785766,True,False,False,5.918626361395997,5.516096966683659
50.175111,47,1977.134929,True,False,False,6.338049785662958,6.27120670756518
32.721124,53,1977.538589,True,False,False,3.820123990019129,3.1522894533390655
26.600547,19,1977.688103,True,False,False,1.5707967182422695,1.6347161737011013
31.639858,67,1978.194025,True,False,False,5.731244490953794,3.241139704527996
30.241954,24,1978.374567,True,False,False,2.475522860941939,2.372487106302003
34.037052,36,1982.050431,True,False,False,3.447939250818692,3.1353471642737847
39.80651,48,1982.428693,True,False,False,4.940218802676091,4.223440648623049
41.16999,45,1982.782476,True,False,False,5.040333651773362,4.666187279103683
44.720628,60,1983.241792,True,False,False,6.272946179632917,5.46941554843079
32.83219,23,1983.41841,True,False,False,2.9277223119661406,2.890027767548627
31.13214,23,1983.597033,True,False,False,2.6991352066497574,2.563847016886161
46.590743,63,1984.088296,True,False,False,7.114415911906328,5.822365320837012
36.426305,40,1984.392821,True,False,False,3.611211155105821,3.69277990547232
46.27071,66,1984.90149,True,False,False,6.889496209152272,5.768766097387953
46.991859,57,1985.339627,True,False,False,6.922192177759391,5.894550783043379
24.784138,85,1987.702292,True,False,False,5.271243017047881,2.332487105590574
31.835202,43,1987.968737,True,False,False,3.053023281821184,3.15968190149976
29.27431,18,1988.098963,True,False,False,1.959087754204471,2.1406063089415355
43.917145,92,1988.662839,True,False,False,7.275035470464051,5.651190688703347
33.474362,55,1988.962974,True,False,False,4.0465806114201435,3.6687482680883443
30.933237,27,1989.106677,True,False,False,2.5839091792752384,2.5687215096510414
34.104543,22,1989.222795,True,False,False,3.022173220993879,3.066095830256287
30.034693,27,1989.367425,True,False,False,2.6745330853422455,2.4043986290550476
38.054918,47,1989.673678,True,False,False,4.464691995009724,4.086046098923959
0.735477,40,1989.902592,False,True,False,5.240953709367694,5.0532158487044425
36.669225,39,1990.1311,True,False,False,4.021373557627645,3.7051293175363313
31.731423,64,1990.546748,True,False,False,5.712098892303315,3.5577470383980954
43.06915,53,1992.604788,True,False,False,6.122441726569839,5.0757616470103395
38.159627,54,1992.965122,True,False,False,4.0409333658059365,4.085904222104604
34.143455,30,1993.171093,True,False,False,3.4774170513722527,3.2382430425751423
31.610841,29,1993.369849,True,False,False,3.337495900007138,2.7742373198062915
35.062021,56,1993.734564,True,False,False,3.4321581131049315,3.5787283512966424
28.853714,24,1993.899831,True,False,False,2.074961871755229,2.1396878661284866
42.291809,52,1994.238182,True,False,False,6.739493021300642,5.00558102889738
35.079806,47,1994.558033,True,False,False,3.5775828581849574,3.429520987540036
39.723474,59,1994.960288,True,False,False,5.564899475036582,4.471324054989157
29.434449,27,1995.147898,True,False,False,2.576493970667807,2.3548461072948
25.782583,42,1995.438303,True,False,False,3.895422743758647,1.747465972357473
32.313637,32,1995.636666,True,False,False,2.888838318667311,2.906244073933562
39.335432,50,1997.546709,True,False,False,5.570187799205042,4.393631479697789
42.534396,40,1997.793614,True,False,False,4.875686391699844,4.829930282991234
28.517439,22,1997.938563,True,False,False,2.534800746446301,2.0523086939097412
37.183244,61,1998.329582,True,False,False,4.681498222319148,4.052696969743297
28.389032,28,1998.516456,True,False,False,1.8817688211081993,2.028958159457088
28.959073,51,1998.85841,True,False,False,5.1237111059771685,2.427848665373496
35.65414,48,1999.188371,True,False,False,3.660034436935313,3.553900032364106
38.054745,57,1999.587473,True,False,False,6.124710826800926,4.102552118120389
29.365633,37,1999.837039,True,False,False,3.7029339129933247,2.2908048547345525
32.725754,18,1999.960066,True,False,False,2.8048041273716215,2.790382266618081
33.220903,33,2000.193381,True,False,False,3.137175996801484,3.022797629334081
42.626227,55,2000.576714,True,False,False,4.884307978531777,4.947373624730415
40.97499,67,2002.636232,True,False,False,7.578092436352239,5.048573129174254
49.712145,58,2002.947711,True,False,False,6.6641085700320195,6.440147091965548
28.422993,15,2003.032795,True,False,False,1.923654026558829,1.9325791708247095
29.851702,16,2003.14277,True,False,False,2.170600479739824,2.2720708613431673
28.917518,22,2003.312507,True,False,False,2.1412504658229983,2.0714762143662657
30.496116,21,2003.459752,True,False,False,2.190586567789856,2.45340414796076
39.189354,52,2003.783216,True,False,False,6.672904222942024,4.3707046335293045
40.603327,38,2004.0131,True,False,False,4.819228388287857,4.518885556411406
37.327366,41,2004.301487,True,False,False,4.234418034766159,3.8084385024835927
31.286562,22,2004.454485,True,False,False,2.619545240654692,2.555752210782305
39.009365,77,2004.878409,True,False,False,4.753301489196303,4.52005967801953
28.97022,29,2005.045378,True,False,False,2.810130950453253,2.2035514993461605
28.379842,23,2005.204241,True,False,False,1.7725521003939155,1.9955714585684532
56.008916,115,2008.845247,True,False,False,8.61500966582247,8.023184362407877
40.72403,64,2009.241066,True,False,False,5.7335995399135395,4.591977348595626
26.977446,18,2009.351167,True,False,False,1.6274358167251033,1.6766000209963263
39.342761,61,2009.753554,True,False,False,5.240287230048484,4.469841465766915
36.363356,51,2010.050853,True,False,False,5.26833914892387,3.8384696111106873
39.926056,37,2010.256726,True,False,False,4.7882277651345255,4.313222911260621
26.335197,29,2010.43502,True,False,False,1.7576614176669492,1.7481354165962921
41.731184,72,2010.83172,True,False,False,6.9320267853175155,5.080607149304331
35.512455,45,2011.117767,True,False,False,4.494466376565267,3.5620559111922816
35.392786,36,2011.354545,True,False,False,3.3983846434224754,3.3725905447578155
41.681958,87,2013.417,True,False,False,6.068706108068368,5.265846704225856
27.60843,19,2013.530993,True,False,False,2.131088513747557,1.768197375395483
38.739305,75,2014.009135,True,False,False,5.918754606161964,4.710612020587556
39.980374,72,2014.473609,True,False,False,4.482123824267736,4.578643435796168
30.895703,30,2014.680423,True,False,False,3.1098574732784643,2.61448668328226
40.6778,65,2015.143157,True,False,False,6.516596826568093,4.82589484867648
37.386071,77,2015.65381,True,False,False,4.170003365992727,4.197481703166166
31.428868,48,2015.956265,True,False,False,4.370204270191774,2.9106345791442494
50.213666,46,2016.268281,True,False,False,7.128124594913508,6.423900739067002
30.499003,33,2016.498313,True,False,False,2.82186919803689,2.576382055162168
41.64513,58,2018.436091,True,False,False,5.889517506156731,4.830110925440902
-5.720662,47,2018.718945,False,True,False,3.8386308829446816,5.124984879841689
42.087238,41,2018.963363,True,False,False,4.811493122436103,4.8570364148206515
35.720664,35,2019.175804,True,False,False,3.996964270912227,3.5322064494167824
35.994696,35,2019.415754,True,False,False,3.5205379050606957,3.4546703716159586
37.312705,39,2019.677095,True,False,False,3.7203901599953406,3.7823972086776463
32.713938,22,2019.803885,True,False,False,2.626690059286238,2.8257200239790476
37.356636,68,2020.234989,True,False,False,6.226973681961596,4.099692059170157
30.518685,22,2020.363414,True,False,False,2.4295940898903194,2.4292785176579326
34.287295,40,2020.626353,True,False,False,3.383284641595888,3.2380428215828627
31.202337,30,2020.839324,True,False,False,2.714834385073166,2.6900430493912832
36.129077,41,2021.113141,True,False,False,3.822546935558486,3.6057982958805987
27.720998,25,2021.273823,True,False,False,1.8414269036936197,1.9505370225308223
41.777397,67,2023.207031,True,False,False,6.1845404934450965,4.795411683425575
26.896526,15,2023.286584,True,False,False,1.5339132040779715,1.677688485797709
40.54787,45,2023.539279,True,False,False,5.086718838081133,4.50040760941275
30.088508,25,2023.714349,True,False,False,2.4769248727366047,2.4280115187556857
43.080685,52,2024.061375,True,False,False,5.48553164132939,4.882493074428666
32.582929,37,2024.309165,True,False,False,2.9854736337644825,3.003282624703016
30.291169,35,2024.511242,True,False,False,3.2710094009555006,2.3980679785735446
45.261114,61,2024.886321,True,False,False,6.395561592614258,5.5665751319235115
31.008591,21,2025.023566,True,False,False,2.429087259158589,2.4717859312475188
35.567976,51,2025.32206,True,False,False,4.462895381532522,3.6737986059560956
43.465786,78,2025.786155,True,False,False,7.472691960945916,5.347130717363327
-19.045434,7,2025.835661,False,True,False,0.332759281913234,4.318878802922989
-14.279622,17,2025.934175,False,True,False,1.5327666726971707,5.823621033523068
52.659512,70,2027.985211,True,False,False,7.448025942746306,6.928919304305956
34.826121,48,2028.258655,True,False,False,5.462972481403671,3.685814861508544
52.034823,106,2028.93999,True,False,False,7.364561554620251,7.142637708553131
35.885087,39,2029.187721,True,False,False,3.7763313077324563,3.64684165925695
49.786695,61,2029.614838,True,False,False,6.719333360546417,6.311691684307264
51.683314,65,2030.062886,True,False,False,7.32058261385803,6.660525956588077
34.459433,33,2030.309878,True,False,False,4.113718067303973,3.289226425343598
-18.245366,7,2031.520584,False,True,False,0.4708964510488578,3.451128923052877
33.525466,59,2031.855295,True,False,False,4.0076386169704366,3.328443387084213
30.419554,40,2032.098542,True,False,False,3.4989952085227833,2.558287298172146
40.899031,42,2033.891822,True,False,False,4.494759410500593,4.526405225769533
37.645984,49,2034.224503,True,False,False,5.150052834079261,4.2011378122901135
34.587607,47,2034.508108,True,False,False,5.350851666379565,3.4934991448818544
37.161946,36,2034.706993,True,False,False,3.8641959196165456,3.817743511917334
31.876388,28,2034.858324,True,False,False,2.7313912488588756,2.6970877065853256
41.475429,41,2035.120191,True,False,False,4.5669386361000495,4.719633881020273
41.355646,54,2035.484916,True,False,False,4.93949589334801,4.668494717677217
36.342314,43,2035.755993,True,False,False,4.268268705393387,3.835936232487925
36.191629,37,2036.014423,True,False,False,3.826232779256329,3.6241609783345003
36.491192,35,2036.233182,True,False,False,4.022954719476983,3.6340572336582926
48.9714,65,2036.623427,True,False,False,6.485649998107551,6.1688267858247725
27.146069,21,2036.738547,True,False,False,1.9056760024066688,1.8521696217127628
37.727101,40,2038.435195,True,False,False,4.101659346797616,3.9245415057949424
48.726339,61,2038.783915,True,False,False,6.8807640551857725,6.14087481040082
29.387679,32,2038.952634,True,False,False,2.4809621091332676,2.3013273936039185
41.402674,64,2039.288016,True,False,False,5.1150353689640315,4.799465452947858
52.828733,131,2040.119259,True,False,False,10.20192151353275,7.52076211305326
36.451881,62,2040.559782,True,False,False,5.122692845866383,4.130733520035012
36.987153,50,2040.907011,True,False,False,4.1768778650090015,3.914809247198941
39.891904,38,2041.177014,True,False,False,4.743804452394904,4.35991649542892
28.238769,31,2041.385022,True,False,False,2.4105544892997584,2.1618781865170082
41.473888,53,2043.37782,True,False,False,4.8039397243581945,4.722020138690157
26.867878,37,2043.60756,True,False,False,2.2377254216323013,1.9079255836464306
30.520844,34,2043.790881,True,False,False,3.2725794419155334,2.618170491378994
46.714356,62,2044.152975,True,False,False,6.528013365813423,5.762351245635665
39.847497,49,2044.486567,True,False,False,4.449993034214622,4.2876460637877765
35.465711,38,2044.72507,True,False,False,3.572204728904538,3.3931663558717724
39.140679,65,2045.171149,True,False,False,6.818685052268752,4.480252502035675
31.172591,22,2045.3228,True,False,False,2.7245487074545367,2.565368960601919
35.108884,45,2045.628247,True,False,False,5.408293177753156,3.5480861989319443
29.947749,48,2045.933666,True,False,False,3.4076790270823314,2.582395996465099
31.273666,21,2046.073976,True,False,False,2.3422738330531265,2.518806169180079
26.812988,20,2046.212345,True,False,False,1.8232093125574593,1.7657242029692621
49.482567,51,2048.190542,True,False,False,6.548620993694422,6.178148347361545
39.100962,52,2048.49835,True,False,False,4.222479081839281,4.209476560738153
25.867295,26,2048.655605,True,False,False,2.4722910158256624,1.5665299181747032
33.681032,33,2048.840941,True,False,False,3.874896667114013,3.120856876468881
40.12626,84,2049.367583,True,False,False,7.509140230414388,4.765054090781068
34.515067,37,2049.621526,True,False,False,3.5488831095558666,3.2294044836783007
27.125735,44,2049.899713,True,False,False,4.812497414146493,2.06062180421229
24.337231,56,2050.268154,True,False,False,5.1074293000435524,1.812507771671237
44.674708,45,2050.585609,True,False,False,5.508407639098212,5.261857738825629
29.620467,20,2050.706864,True,False,False,2.357925965577961,2.2701619154628303
38.384078,39,2050.913364,True,False,False,4.2931096815489855,4.115386088867495
36.256022,35,2051.118058,True,False,False,4.5098306340524115,3.748981630853332
41.04981,56,2053.005069,True,False,False,5.489592601465208,4.655141823960544
46.149013,82,2053.535613,True,False,False,7.781116784165935,5.907394900457232
39.210159,54,2053.815524,True,False,False,4.2109801242947436,4.21110532516161
-18.28511,6,2053.846491,False,True,False,0.475380383080861,1.6171769089682337
35.443198,38,2054.045252,True,False,False,3.5576001675747344,3.465818543907197
46.102414,67,2054.490765,True,False,False,6.1475718929008245,5.794033534588618
33.148828,35,2054.726428,True,False,False,2.860119322692567,3.011074837766944
53.141381,96,2056.364209,True,False,False,7.638588364879842,7.164572847422075
38.986357,35,2056.581543,True,False,False,4.021823748921644,4.098089184863438
40.03641,29,2056.746271,True,False,False,4.486406309685496,4.252947992313777
34.069513,28,2056.901099,True,False,False,2.86994190929034,3.1143844500740587
31.193239,24,2058.530864,True,False,False,2.9978291068687395,2.6055378201235575
45.793813,68,2059.014367,True,False,False,5.8816289006725215,5.629635780432097
42.067902,72,2059.475328,True,False,False,5.557182760718924,4.8619924383393665
29.511167,20,2059.613472,True,False,False,2.246918853990563,2.243790877233091
25.850507,21,2059.758682,True,False,False,1.7335810215217218,1.7212604773458167
42.487226,71,2060.237697,True,False,False,5.543050777665945,4.994926794484325
37.49042,49,2060.575424,True,False,False,4.373096959043539,3.9015660849646996
42.459703,49,2060.908739,True,False,False,4.742420659077617,4.85757256608239
41.867851,65,2061.350046,True,False,False,5.551042138366088,5.134194709118118
32.574542,29,2061.510916,True,False,False,2.9031641108718382,2.925470706854824
34.027482,33,2061.682822,True,False,False,3.330271328740228,3.1860564654663963
35.367143,43,2063.660805,True,False,False,4.281128567826115,3.549040109783978
42.062689,97,2064.343747,True,False,False,7.6787804095155225,5.2139002601342685
35.43361,41,2064.620878,True,False,False,4.211451175434824,3.53382422000091
26.685693,21,2064.768518,True,False,False,2.032272562923155,1.7094988679049241
36.373001,41,2065.020963,True,False,False,3.86856875934757,3.681601632671605
42.406629,54,2065.330283,True,False,False,5.358569454270346,5.1322060851048255
54.94353,75,2065.806411,True,False,False,8.857534423869136,7.573238673176004
25.364653,68,2066.281998,True,False,False,4.681841984528958,2.120894240276247
40.393676,55,2066.649828,True,False,False,4.403718432335203,4.413871124744737
39.838523,36,2066.896276,True,False,False,4.449656687982696,4.197361789931716
45.389233,67,2068.832431,True,False,False,7.144338805988369,5.58999128311385
30.324652,31,2069.052847,True,False,False,2.4699196910868073,2.489297303710616
39.587345,76,2069.573454,True,False,False,6.303559972529989,4.776505553690239
26.307546,30,2069.763796,True,False,False,2.380106853411369,1.7228400754228177
45.601806,77,2070.198486,True,False,False,6.329414493021311,5.694630387131517
26.414875,17,2070.287814,True,False,False,1.4798540782807825,1.532008583377539
37.70105,53,2070.618166,True,False,False,4.033845487687206,4.001020115035862
45.835999,56,2070.974466,True,False,False,6.200138207143249,5.603088894574714
30.59782,34,2071.215188,True,False,False,3.4722518031379637,2.605230003045437
34.586188,30,2071.39381,True,False,False,3.901655637506688,3.1736013117259354
28.553492,30,2071.549502,True,False,False,2.8041290120658617,2.1751922767668654
46.478119,93,2073.568461,True,False,False,6.339467078599176,5.913268951257113
40.56544,64,2074.007778,True,False,False,7.328492943199854,4.589920577678039
30.920359,18,2074.119165,True,False,False,2.628728924849794,2.4758119446139535
35.543622,34,2074.334296,True,False,False,3.3374543877317175,3.424869558731661
34.022048,32,2074.553553,True,False,False,3.5638741975949237,3.1272017343999163
33.17214,31,2074.76597,True,False,False,3.5216942907056623,2.951610887369823
42.966855,59,2075.166962,True,False,False,5.162009467821724,4.975090093645845
37.854281,50,2075.520684,True,False,False,5.725991255142457,4.360536426145808
-15.317028,18,2075.648417,False,True,False,1.6932221358165527,2.7049592222082977
35.072979,58,2076.029323,True,False,False,3.988604791078435,3.7347021786242727
39.871075,68,2076.494574,True,False,False,6.905656940179665,4.846580590150847
30.617377,32,2078.284162,True,False,False,2.896505200773817,2.721617184789649
40.362182,38,2078.542418,True,False,False,5.294882038756096,4.499104904661392
25.560796,36,2078.804283,True,False,False,2.413380192860066,1.7819676705080834
32.180496,60,2079.191763,True,False,False,4.592623463762218,3.256493813119033
45.33497,75,2079.687697,True,False,False,6.9951083701165375,5.641328280539578
26.919276,32,2079.870701,True,False,False,2.6220432480809936,1.8831576428829784
32.547176,28,2081.177582,True,False,False,3.2160724894400254,2.8410127160401526
40.084689,61,2081.463809,True,False,False,4.91570327569097,4.663099684221174
30.699012,38,2081.638163,True,False,False,3.5284230619331103,2.6437284917201946
30.235263,28,2081.772161,True,False,False,2.3295339533479984,2.500034544441216
32.517868,41,2081.962951,True,False,False,2.9877505285518366,2.94405984301328
28.913249,35,2082.12554,True,False,False,3.0200523568919517,2.593211495694205
36.605582,32,2083.726306,True,False,False,3.791815519121198,3.633133617256024
37.423747,40,2084.000959,True,False,False,4.635122375218036,3.9323790299105537
45.142534,58,2084.358419,True,False,False,5.797314991225033,5.4525469012847
30.563878,21,2084.479398,True,False,False,2.271618796380352,2.393401727342723
-14.878422,16,2084.596112,False,True,False,1.2995270695180274,5.991342113573289
33.735261,26,2084.766299,True,False,False,2.8887145323647574,2.983872600882397
49.180664,86,2085.329521,True,False,False,8.555809612901667,6.4284116861573395
30.820033,56,2085.634423,True,False,False,5.910526159930529,2.9431781294736608
34.887495,43,2085.903703,True,False,False,4.606716349992862,3.4426800294723185
-18.598301,9,2085.965225,False,True,False,0.5710962277524184,2.9109655974150725
38.451812,51,2086.291071,True,False,False,4.144771659730864,4.091146058182156
47.815776,79,2086.707416,True,False,False,6.422420019346268,5.962976898659245
30.401036,31,2088.220714,True,False,False,2.7941561260062215,2.4964114017353682
45.32508,105,2088.786215,True,False,False,7.189216921131073,5.958163198861237
39.986429,66,2089.194907,True,False,False,6.494799188062945,4.474866252583178
46.576285,46,2089.501489,True,False,False,5.8216573466640815,5.67255113537837
44.420346,42,2089.746969,True,False,False,5.762295296832834,5.207811114620036
-14.20768,15,2089.834845,False,True,False,1.5322326122023258,3.4717685783867784
45.348815,57,2090.200871,True,False,False,6.885201616521299,5.549722838466396
29.732219,21,2090.344119,True,False,False,2.287302057348886,2.2858787911230025
41.057544,54,2090.636196,True,False,False,5.486691799782636,4.785544330036833
32.715452,28,2090.780983,True,False,False,3.016518015978503,2.8860805756208965
29.336559,23,2090.901912,True,False,False,2.187490671387617,2.225914446027128
26.261766,28,2091.046091,True,False,False,1.8541603281429675,1.6290520192015752
29.077146,48,2092.615153,True,False,False,3.956396268392682,2.6033420958266635
28.830868,28,2092.770134,True,False,False,2.9170563323902505,2.0976993375805635
37.91315,34,2092.948498,True,False,False,4.359739018751556,3.940684378543106
35.928192,40,2093.159405,True,False,False,4.1436319681389175,3.5806864068713593
36.827966,49,2093.495101,True,False,False,4.090222034804446,3.810175298198351
34.570879,59,2093.867834,True,False,False,3.713609208996027,3.470424242672052
35.953841,46,2094.174754,True,False,False,3.8261797674557387,3.6941927539913175
44.742085,71,2094.56502,True,False,False,7.172182609618762,5.572993476721152
29.895072,33,2094.766781,True,False,False,2.75521707878309,2.3889429042226693
37.678253,51,2095.11007,True,False,False,4.396564078991424,3.9566649415822823
36.898074,31,2095.27842,True,False,False,3.9102632814037,3.73084552152158
33.293744,27,2096.922736,True,False,False,3.3142209775913045,2.9333236616294
35.146946,49,2097.196244,True,False,False,3.5203378233373135,3.4731667682570597
33.990256,28,2097.349382,True,False,False,3.113268774337319,3.1772159426289335
32.922752,26,2097.485048,True,False,False,3.4196055317422216,2.9606083732973136
31.866571,26,2097.63939,True,False,False,2.7400815402730463,2.69759288788529
32.486933,34,2097.833756,True,False,False,4.5218543724287095,2.914883694780951
27.139394,20,2097.944086,True,False,False,1.9296447196416673,1.8163659944916346
-11.376198,18,2098.073544,False,True,False,2.1685459023828364,5.1305854701819795
30.890851,36,2098.318435,True,False,False,2.666510285761938,2.6121020332101867
35.989773,27,2098.494591,True,False,False,3.6904035167868323,3.5076374163876105
36.095783,44,2098.778279,True,False,False,3.4824162476354976,3.5418540628728863
36.249659,62,2099.131823,True,False,False,4.606244460091085,3.997505679957224
40.12671,46,2099.393029,True,False,False,5.237141935445636,4.348239532320009
34.583036,29,2099.593482,True,False,False,3.192550267331921,3.1961792293652556
41.421484,93,2101.666667,True,False,False,6.569962505445504,5.183626964155963
26.870577,25,2101.84525,True,False,False,2.0317892668232167,1.7837274811288075
48.163726,97,2102.530215,True,False,False,8.841903219894316,6.438996111902438
31.296449,45,2102.853762,True,False,False,3.4290089261468064,2.9148435456982145
32.360535,45,2104.24978,True,False,False,2.980766556486403,3.0016027864362234
29.906046,29,2104.412085,True,False,False,2.458482665456199,2.3167518266615055
39.174949,54,2104.704401,True,False,False,5.005675191003959,4.403412045870132
44.609803,65,2105.122383,True,False,False,5.885772525793442,5.327215837677411
30.80139,31,2105.339136,True,False,False,2.714848860594325,2.60366220407574
46.267574,74,2105.744056,True,False,False,9.080967457566123,5.887745078340068
36.135838,47,2107.54892,True,False,False,4.619533682969436,3.6040893589510223
-14.535225,32,2107.747378,False,True,False,2.429002804062533,3.54426396908582
35.110613,32,2107.921278,True,False,False,3.519716740074436,3.3711177890652553
38.482451,48,2108.255161,True,False,False,4.815668406800567,4.088067006937122
30.112088,29,2108.421753,True,False,False,2.683242397541165,2.553991734529733
41.190556,36,2108.610874,True,False,False,5.495151617594651,4.559242879479977
26.82878,18,2108.720791,True,False,False,1.6441177285691977,1.7035386096574539
42.716758,52,2109.04728,True,False,False,5.139557764530886,4.979724652375572
38.837221,34,2109.247798,True,False,False,4.077765229761896,4.017603988665355
26.635623,20,2109.350939,True,False,False,1.5819145062114135,1.6650764942360865
42.132732,73,2109.739953,True,False,False,5.537232534174819,5.012733086222631
29.606075,48,2110.007334,True,False,False,3.448465515025136,2.65382718124098
48.790898,60,2111.906463,True,False,False,6.704572738740722,6.201490015559229
32.963278,38,2112.170368,True,False,False,2.993088386932062,2.991493165329599
46.231907,57,2112.502356,True,False,False,6.485360383136907,5.766743264122387
-16.134052,13,2112.588531,False,True,False,1.0539372153310904,3.4138968703747588
34.134674,28,2112.748955,True,False,False,3.3861526080617987,3.2254123840802067
42.487321,65,2113.098406,True,False,False,5.256280031445981,5.054951899320832
39.318139,71,2113.511212,True,False,False,5.406687080966428,4.490197631783375
30.062539,33,2113.748159,True,False,False,2.566173954574363,2.434645939099905
49.108132,75,2114.21671,True,False,False,7.086593691256394,6.382244495285441
29.066037,18,2114.344002,True,False,False,1.9407716030227369,2.018769633455665
-16.173819,14,2114.440859,False,True,False,1.1005163932409252,5.765882063871266
-18.618983,10,2114.509445,False,True,False,0.5000731154872055,2.5232293838732676
34.502418,54,2114.855836,True,False,False,5.078427801642135,3.490492779890119
28.434775,15,2114.956671,True,False,False,1.6948129741006142,1.8593003178857725
27.898748,42,2116.823303,True,False,False,3.3269335902983395,2.2487681876550503
37.946266,101,2117.506285,True,False,False,10.515730258062465,4.788284094497109
36.149599,23,2117.647847,True,False,False,3.3480718493286576,3.476194620212686
42.490775,60,2118.029936,True,False,False,5.100911651463891,4.938989639237653
30.021954,29,2118.18981,True,False,False,2.4398513831162045,2.383676617510641
34.867257,76,2118.658983,True,False,False,5.415618750477021,3.828787894975821
27.810819,21,2118.818767,True,False,False,1.7680017108673398,1.8781435782697484
26.311257,16,2118.909746,True,False,False,1.8462664566648974,1.6393400880784248
34.048024,44,2119.188784,True,False,False,4.973635087542286,3.34233122798624
35.176031,37,2119.413012,True,False,False,4.332289044716363,3.4855647194519803
33.152577,28,2119.558321,True,False,False,3.045564474515547,2.92841152532146
31.286492,33,2119.7335,True,False,False,3.1869457380763717,2.606750216810595
38.410571,62,2121.46831,True,False,False,4.577242447685275,4.176703776644034
35.005361,32,2121.63778,True,False,False,3.6987335778896187,3.376159096675123
37.944974,49,2121.968318,True,False,False,4.10759867411582,3.930499830847827
31.104335,50,2122.261103,True,False,False,4.395359364122738,2.7800992063709464
37.101229,58,2122.6624,True,False,False,3.720248249178157,3.9213376593338585
47.809436,44,2122.931288,True,False,False,5.758017153475688,5.813114298106196
28.587384,24,2123.091512,True,False,False,2.268871988759398,2.0641226323570505
39.519612,42,2123.381116,True,False,False,5.125425383807273,4.276158292734097
45.369663,64,2123.823133,True,False,False,6.7483934029301675,5.596747359266172
47.443161,47,2124.092034,True,False,False,6.2372923991049865,5.85250776949647
35.078769,62,2124.504316,True,False,False,4.357624733683463,3.5870037926760974
38.574433,43,2126.327129,True,False,False,4.1078074105356785,4.136774930766806
51.645349,64,2126.667353,True,False,False,6.59939625715103,6.650945643479398
32.4107,42,2126.951338,True,False,False,4.652397577678324,3.1020523900458157
44.736878,85,2128.514683,True,False,False,5.706091651812398,5.569568420371803
33.609731,41,2128.819219,True,False,False,3.5540609004220505,3.200819798648858
39.361622,61,2129.239431,True,False,False,4.567211404405071,4.451166450799427
32.616336,36,2129.476992,True,False,False,3.119786726288513,3.015741376185367
27.64827,22,2129.593216,True,False,False,1.9082813560972127,1.8356919988733986
40.394333,42,2129.808692,True,False,False,5.477783203991955,4.394392207878198
36.756963,27,2129.945971,True,False,False,3.6217822110210474,3.6704524695308565
39.093067,43,2130.167727,True,False,False,4.388936779328668,4.133452962116406
39.419539,34,2132.000817,True,False,False,4.584317769066911,4.217697647192289
38.773096,46,2132.330094,True,False,False,5.322901519326787,4.089067970865955
26.796832,43,2132.636103,True,False,False,3.597593798649379,2.33403370637322
45.602109,76,2133.155365,True,False,False,5.936061675362175,5.577474883611703
43.298609,66,2133.624253,True,False,False,6.587147255303986,5.285499526343646
42.618853,66,2134.090533,True,False,False,5.701720592000748,5.006497875892167
41.742818,50,2134.464433,True,False,False,4.7315760236178726,4.779315574437631
34.078338,39,2134.719968,True,False,False,3.7162936142963425,3.1715463322792203
42.374426,79,2135.276263,True,False,False,7.958439064781364,5.266763095415847
43.625118,60,2137.216357,True,False,False,5.852057672532365,5.073072265890245
47.711766,54,2137.540847,True,False,False,7.240863872706729,5.952951947785335
44.839862,50,2137.863244,True,False,False,5.276507839318259,5.418076947876546
26.181562,18,2137.957677,True,False,False,1.55374453498876,1.540236782655109
44.607638,58,2138.314483,True,False,False,5.285014877289803,5.209924359387177
42.41596,36,2138.564011,True,False,False,4.798311068545426,4.8145806328091645
43.309828,46,2138.892707,True,False,False,6.410259478493904,4.991773630488307
48.183391,59,2139.291058,True,False,False,6.5600602197955915,6.122249606676072
25.954146,26,2139.452494,True,False,False,1.4862989034390757,1.632853925484896
30.973953,29,2139.619558,True,False,False,2.847381802558953,2.619830694815917
-2.004736,45,2139.929328,False,True,False,4.354575646060862,4.80588698499337
38.015484,47,2140.24159,True,False,False,4.296359576620387,4.0715462881505
35.253073,32,2142.076796,True,False,False,3.469560249780172,3.3347528449818635
45.401972,69,2142.522111,True,False,False,6.5877801726397465,5.723999431259254
41.188298,62,2142.897442,True,False,False,5.560346321225252,4.8361850847671315
39.745211,47,2143.21891,True,False,False,4.427648260168802,4.340879986144665
-7.472646,27,2143.362209,False,True,False,3.173886697111714,3.9496577162131934
37.964021,54,2143.640465,True,False,False,4.549415440130965,4.051104023579147
42.303739,78,2144.114444,True,False,False,7.341051555774248,5.198524009028996
28.066002,62,2144.49419,True,False,False,5.573592996300104,2.4778604826619515
33.946173,25,2144.638417,True,False,False,2.8823478846541684,3.021026356305124
28.449797,42,2144.894371,True,False,False,3.2425584322090577,2.3038140553905833
39.919054,35,2146.530121,True,False,False,4.766340350589829,4.30748835785412
38.245959,43,2146.765134,True,False,False,5.230165947749068,4.0723954583105675
28.353042,54,2147.067929,True,False,False,5.786112130635624,2.4885207638442384
49.637048,55,2147.462365,True,False,False,6.355465928215727,6.323431553866482
29.597072,53,2147.847971,True,False,False,4.226286529736395,2.79323493577378
42.750129,81,2148.305322,True,False,False,6.901815334275121,5.451630489616052
44.900076,59,2148.633442,True,False,False,6.953956314534132,5.748678806868851
28.357347,41,2148.8634,True,False,False,2.8288489088483995,2.254933705605866
43.011737,63,2149.1966,True,False,False,5.091443433401959,5.05084831609892
27.039639,15,2149.285399,True,False,False,1.7712334069850393,1.6740998709457542
32.626528,44,2151.243411,True,False,False,3.292616990530199,3.0057988014402692
28.424881,38,2151.479497,True,False,False,2.30212276824609,2.133483570247523
33.35148,41,2151.76707,True,False,False,3.3536647333604344,3.2930622806614167
28.015983,23,2153.076876,True,False,False,2.476743589049743,1.9894408902799086
39.155261,54,2153.449651,True,False,False,4.673530085412355,4.237489656007416
26.260217,18,2153.560814,True,False,False,1.6693693288232272,1.593305033547361
28.73213,27,2153.735017,True,False,False,2.4385103852696632,2.0775952335454853
33.503165,48,2154.042457,True,False,False,3.8712485961557785,3.2462528688928236
47.771351,64,2154.441914,True,False,False,6.574429350298204,6.034940182388205
33.63808,44,2154.724383,True,False,False,3.611446217360563,3.194622667548596
38.547509,44,2155.028158,True,False,False,4.092509603137195,4.070487187261744
31.461465,53,2155.383282,True,False,False,4.279702681696959,2.955408323647696
26.520654,13,2155.472698,True,False,False,1.4741571092910282,1.5096081120351694
41.305232,51,2157.232222,True,False,False,5.049931754945166,4.73680710041362
43.805399,67,2157.586121,True,False,False,9.167153429136448,5.5217729959223405
30.500488,29,2157.791169,True,False,False,2.228670730274523,2.4880960915117445
37.437874,44,2158.083608,True,False,False,4.310820912050986,3.8542325435680342
34.802898,25,2158.254956,True,False,False,3.215061464797892,3.2348261319907827
39.987566,41,2158.535333,True,False,False,4.915311020586008,4.3638998421468544
32.702489,39,2158.814433,True,False,False,3.3505932995858494,3.0802845089772837
30.870196,32,2159.029846,True,False,False,2.7579487286256668,2.6312196031986503
30.450926,22,2159.171191,True,False,False,2.3302302463345446,2.3698726209108396
44.172574,61,2159.558502,True,False,False,5.818991360709166,5.368776560328982
34.347801,37,2159.80617,True,False,False,4.030294256508888,3.18024118765273
30.990215,42,2160.091534,True,False,False,3.799622649347411,2.665720978349948
-1.176885,29,2160.26319,False,True,False,4.029799684244048,5.532853324152626
35.054537,64,2162.125876,True,False,False,4.8238269123967825,3.6408725060825673
31.835013,50,2162.456017,True,False,False,4.274198180773045,3.002795830099363
38.537624,39,2162.727096,True,False,False,3.930733376299188,4.06126752305248
49.118973,57,2163.110265,True,False,False,7.877155076138006,6.239625652471548
37.841858,53,2163.462444,True,False,False,4.246845326694213,4.00991817141257
29.251375,20,2163.59856,True,False,False,2.012416120726055,2.1197403315665686
45.394307,56,2163.94071,True,False,False,6.00359844510449,5.387970343635739
-21.109541,17,2164.060325,False,True,False,1.162027150509886,4.660153842155252
29.919607,23,2164.21718,True,False,False,2.2342581663055587,2.310537054842214
42.242831,41,2164.493032,True,False,False,5.40984261243267,4.783143639022111
41.052696,42,2164.748308,True,False,False,5.413369913336556,4.630512784232443
29.884471,56,2165.112065,True,False,False,5.659509823675637,2.810586176147694
28.695549,18,2165.219515,True,False,False,2.0044268203532294,2.030604419221547
46.127648,53,2167.088444,True,False,False,6.924088920055168,5.706314654424401
36.678891,40,2167.307308,True,False,False,4.9416673439264125,3.7996622663504827
32.752288,32,2167.486208,True,False,False,4.164861341961866,2.9185126247149515
27.079927,24,2167.623876,True,False,False,1.7108496419244983,1.783785817044756
48.313688,69,2168.05123,True,False,False,7.323704483332268,6.181853831902431
26.15559,13,2168.144913,True,False,False,1.6263061151907652,1.5325880578954922
45.636299,56,2168.481234,True,False,False,5.591734713099457,5.484166593679826
33.004925,28,2168.660734,True,False,False,3.127002741642495,3.055437291538562
32.328874,35,2168.934438,True,False,False,3.5909091928985717,2.9772492831101167
46.121722,37,2169.221706,True,False,False,5.303637774360452,5.477929614815366
45.693762,63,2169.701308,True,False,False,6.695563746437385,5.810501536478794
47.425234,72,2172.243075,True,False,False,6.8607026214388664,6.199369792277678
31.730778,33,2172.495585,True,False,False,3.817526540588705,2.8239563073900897
51.527772,92,2173.213603,True,False,False,7.508857945679456,6.883009228285687
42.791097,48,2173.588537,True,False,False,5.741599821004929,4.991674125372195
29.081188,28,2173.806227,True,False,False,3.233583383406205,2.2765480840258356
47.201314,93,2174.526293,True,False,False,9.136306449937274,6.161184300004037
30.007217,30,2174.760972,True,False,False,2.2523223441230296,2.3624759283421652
36.626191,39,2175.057862,True,False,False,3.648114889788519,3.729347810366777
57.381062,70,2175.579955,True,False,False,8.982452864361523,7.930978828443287
28.05878,44,2175.914045,True,False,False,5.0028039236117365,2.266712775528607
37.470611,72,2178.419473,True,False,False,4.896637902232281,4.121133015565551
36.913288,37,2180.385857,True,False,False,4.010964637721311,3.815977264678402
27.441952,32,2180.636112,True,False,False,2.8606926872792346,1.9536086386889087
33.213597,29,2180.860948,True,False,False,3.145863021882362,2.9288144520213057
42.531601,76,2181.450446,True,False,False,6.654921446092003,5.222985897729113
28.03575,35,2181.721059,True,False,False,2.5962974982917864,2.122106323595904
44.003131,42,2182.04248,True,False,False,5.153360939871097,5.117183814247052
30.636077,31,2182.278066,True,False,False,3.130405615044587,2.560378853392347
26.491148,38,2182.564862,True,False,False,2.685292860614617,1.8284662452799245
29.585016,35,2182.831767,True,False,False,2.5059105656055047,2.330166189217752
32.56038,35,2183.092801,True,False,False,2.98947240950878,2.948214734000009
36.272766,41,2183.409873,True,False,False,3.725055965256939,3.5234348469061088
49.307157,75,2185.972212,True,False,False,7.591511535541753,6.297996359261064
40.445817,52,2186.398894,True,False,False,4.548972068517305,4.480763071670881
29.314301,35,2186.673156,True,False,False,3.990344878215776,2.393553746658297
29.204153,28,2186.899015,True,False,False,2.7403286485204803,2.2732408052923154
28.124656,36,2187.178918,True,False,False,3.9815943576847013,2.3294407423966814
47.251491,99,2187.911841,True,False,False,9.74868161071758,6.684360313417347
38.967849,62,2188.274163,True,False,False,6.218770651977297,4.473605376439801
33.439152,43,2188.535731,True,False,False,3.654400997697068,3.099843726680005
43.076611,67,2188.959523,True,False,False,6.8422594438998,5.3048576216600605
-6.957913,45,2189.229588,False,True,False,5.300569642411553,4.991345740651582
37.580772,32,2191.010041,True,False,False,4.064114331380391,4.0110811784859814
38.142295,55,2191.393683,True,False,False,6.378912364629368,4.143080911069311
37.080542,42,2191.688353,True,False,False,4.073132089943673,3.8658225106772455
36.280806,33,2191.908416,True,False,False,3.4422344957613564,3.55736811067803
44.665436,54,2192.269019,True,False,False,5.36360459167733,5.3352307486058494
40.48385,91,2192.839926,True,False,False,6.6645373624008055,5.00193652422376
32.706237,47,2193.160029,True,False,False,4.399629835833706,3.05645148238375
37.095414,33,2193.393554,True,False,False,4.077385380234659,3.748562249224397
31.192148,25,2193.563096,True,False,False,2.3835043082299996,2.571811536250924
35.034209,29,2193.769526,True,False,False,3.2750847215161736,3.4099824583450977
26.809598,18,2193.891342,True,False,False,1.6734485167046125,1.705922669290991
34.750739,73,2195.86814,True,False,False,5.34693277725814,4.183024778206136
37.330862,54,2196.156995,True,False,False,4.764567592288342,3.9335350934585294
30.880761,28,2196.312953,True,False,False,2.2571650802454686,2.50044522871521
41.292042,57,2196.658315,True,False,False,4.664240251190553,4.59186156465641
41.193368,32,2196.86682,True,False,False,4.388982345786524,4.538153402984883
43.439717,56,2197.174339,True,False,False,7.034500617699876,5.1053920837430935
35.468543,40,2197.383542,True,False,False,4.589752952971455,3.657187987680313
30.683587,57,2197.727651,True,False,False,3.5083625721813667,2.973284344883046
37.031214,40,2197.97522,True,False,False,3.6359785209475453,3.7331171223236326
39.213558,44,2198.277904,True,False,False,4.237823728675842,4.209967269700307
49.298515,62,2198.713511,True,False,False,6.301713625673812,6.4018576703960175
-20.173633,12,2198.802075,False,True,False,0.9191941372687583,2.236699801456904
45.268597,65,2200.875012,True,False,False,5.961630381089451,5.640649542761382
28.717493,35,2201.121243,True,False,False,3.4807328720498094,2.3854952594890895
-14.278567,12,2201.206911,False,True,False,1.3692890194012777,2.4583581691462055
38.646132,70,2201.692988,True,False,False,6.501634433310012,4.456698070660965
-15.596596,26,2201.885486,False,True,False,2.156103623255554,2.201471705609023
28.574211,49,2202.260073,True,False,False,3.435892202923218,2.4765743849266073
40.242458,32,2202.459978,True,False,False,4.475975440982276,4.252996242980754
51.200975,56,2202.821887,True,False,False,6.589945587075939,6.529204217371599
34.742297,46,2203.173737,True,False,False,3.3290519669119187,3.3687436896532637
45.417491,66,2203.673764,True,False,False,6.647013044067324,5.659634673680629
43.376083,63,2205.501379,True,False,False,6.510343129968007,5.293469199963489
45.031362,49,2207.829352,True,False,False,5.818544859152468,5.377304749631809
30.277594,28,2208.052569,True,False,False,2.410530791942023,2.4544040351916614
33.072579,37,2208.343484,True,False,False,3.1605943850464584,2.9988648144602585
43.597993,70,2208.902576,True,False,False,6.610626742934846,5.394311106090809
49.072266,62,2209.37115,True,False,False,6.752661957414748,6.144587479215542
35.269603,36,2209.67596,True,False,False,3.399131131307156,3.387316167529525
31.148608,39,2209.971863,True,False,False,2.8511562492071514,2.6844791105982435
36.404059,55,2210.401064,True,False,False,6.312572157242011,3.900283223837021
35.483112,35,2210.66894,True,False,False,3.8460762348800173,3.5638306340474477
27.024983,33,2210.924231,True,False,False,2.9824846197265407,1.9102046539533555
37.959102,36,2211.20943,True,False,False,4.237079536567223,3.987604462544872
29.579923,36,2211.487954,True,False,False,3.8401416616456143,2.3943976021156566
36.236258,39,2213.769669,True,False,False,5.251319562394483,3.636484360110308
42.235529,50,2214.152825,True,False,False,5.377988409429831,4.829937605932072
50.392017,59,2214.608943,True,False,False,7.0335793397022135,6.479619002305384
34.493567,42,2214.879548,True,False,False,4.479791988908919,3.4946477096601916
39.052999,76,2215.338852,True,False,False,6.494977985206859,4.436911838650016
47.015758,63,2215.69434,True,False,False,6.486714925751162,5.795830317287727
52.816118,106,2216.402705,True,False,False,8.159923022871727,7.63048634618755
28.163638,14,2216.497849,True,False,False,1.955507829143161,1.9099614539559557
30.634455,30,2216.684006,True,False,False,2.7828168696523807,2.5437361035209056
43.583564,38,2218.38505,True,False,False,5.128254925367773,4.980105906993751
47.986634,96,2219.02258,True,False,False,6.649587321588058,6.3007480205303565
42.139545,52,2219.3855,True,False,False,5.6900442322552705,4.91539636923648
32.617956,50,2219.671181,True,False,False,3.5811368952543967,3.0766947787157397
43.297476,87,2220.149897,True,False,False,7.0316368913018295,5.563121784735786
55.098069,64,2220.55497,True,False,False,8.044645270754462,7.458261098258952
46.681451,60,2220.949054,True,False,False,7.201770771076656,5.930753666970066
42.32393,39,2221.171287,True,False,False,5.0043209609749475,4.827485593833306
52.640376,61,2221.559709,True,False,False,7.053692024504348,6.7806756126106995
30.356312,73,2223.607829,True,False,False,6.105129404684859,2.9286656705039746
40.929931,44,2223.872602,True,False,False,4.9834573265853725,4.522948860861655
42.503871,49,2224.156612,True,False,False,5.480017571852468,4.906256297352279
46.962681,62,2224.574879,True,False,False,7.339309229508419,5.758820535799347
42.941276,69,2225.055672,True,False,False,5.820672345613828,5.213389750768414
38.515442,57,2225.408725,True,False,False,4.283635494027535,4.121858366658622
36.226398,39,2225.642708,True,False,False,3.5828425461504696,3.6215121386831046
32.538376,24,2225.773099,True,False,False,2.86830767645838,2.8595596425749243
29.452543,37,2226.011521,True,False,False,4.237123214149762,2.3754432615163474
32.64309,26,2226.180178,True,False,False,3.125947876233442,2.8724380688135622
49.982607,55,2228.165238,True,False,False,6.205946074701072,6.275293320735935
29.245118,21,2228.309743,True,False,False,2.4231377151587754,2.158237249040888
28.643446,18,2228.427899,True,False,False,1.7266451488010872,1.9549235723146339
33.749034,40,2228.706807,True,False,False,3.943008495409312,3.231666200779672
50.898743,74,2229.196989,True,False,False,7.068710527290766,6.751693047483059
47.236295,71,2229.598887,True,False,False,7.18540623982393,6.1774609576747235
30.820802,24,2229.765846,True,False,False,2.5804471721103424,2.5265623397992303
37.791583,48,2230.065661,True,False,False,4.377015029609661,4.132003568104057
44.701409,52,2230.408242,True,False,False,5.358331628024622,5.329494763164705
43.095155,41,2230.665298,True,False,False,5.07357049642723,4.883806239457585
40.825147,72,2232.309315,True,False,False,5.142783414268232,4.876653398701166
42.926226,45,2234.228641,True,False,False,4.928978053884567,4.853221032803468
31.348908,40,2234.48302,True,False,False,2.6808901978678787,2.680672023603018
-14.843717,16,2234.588327,False,True,False,1.5739872139066602,4.027933686310911
33.352027,36,2234.787388,True,False,False,3.1169126690641136,3.088686335979723
42.195072,67,2235.195022,True,False,False,5.244156210891463,4.960888557367328
42.285223,51,2235.495935,True,False,False,5.732767141372914,4.809500439747221
33.484034,44,2235.756732,True,False,False,3.3422463163649296,3.3065274623797074
23.466484,28,2235.928018,True,False,False,2.2111393172626115,1.5525940755627183
38.212338,42,2236.173476,True,False,False,3.721142324978725,3.9245945689099155
33.640279,42,2236.428839,True,False,False,4.373237181356544,3.2986075392969894
37.328488,61,2236.828895,True,False,False,5.761525642553122,4.018022599454071
43.566705,44,2237.071822,True,False,False,5.243858523013817,5.123953744483137
36.490792,59,2239.166423,True,False,False,4.902333608042695,3.9351647279585444
36.833635,57,2239.567557,True,False,False,4.371391682713536,3.888231600491292
40.281752,43,2239.823337,True,False,False,4.653072813397182,4.310312329702467
30.749168,38,2240.038548,True,False,False,4.284388112351147,2.645380253004649
43.303793,57,2240.378854,True,False,False,5.478318515202646,5.138644360209561
35.306525,43,2240.625744,True,False,False,3.823645140807818,3.558869102052462
58.221842,86,2241.105757,True,False,False,8.803507348476732,8.097990246226345
28.159579,19,2241.226831,True,False,False,2.2157117900843657,2.048306282230934
32.80873,33,2241.422488,True,False,False,2.7885725431092996,2.900911984974182
39.043019,59,2241.798946,True,False,False,4.189867637505698,4.266156050817249
37.403575,46,2243.780772,True,False,False,5.413361464305589,3.998191195973221
33.906772,79,2244.345282,True,False,False,6.024536887005279,3.8034084026444805
33.844201,36,2244.583539,True,False,False,3.467582315506118,3.2035044551919762
27.630217,20,2244.720349,True,False,False,1.793977504991373,1.859387556256065
41.138609,85,2245.25584,True,False,False,5.557847035260587,4.947593022149407
33.142464,41,2245.550751,True,False,False,3.5450284301329633,3.0035239223971217
42.167267,50,2245.890906,True,False,False,4.991620149045215,4.709578824622628
34.261075,24,2246.063718,True,False,False,3.0127921295724103,3.114761188251659
42.973024,37,2246.322257,True,False,False,4.880727806697266,4.833567167248414
38.730008,53,2246.649007,True,False,False,3.991317317910179,4.153217597075045
30.467145,20,2246.769269,True,False,False,2.204255080702044,2.4062235519913324
38.495146,48,2247.05137,True,False,False,4.82592574579717,4.057692445844174
55.778972,101,2249.27248,True,False,False,8.926166098701284,7.886921193469133
30.455578,45,2249.54797,True,False,False,2.9717556661624127,2.5856853432560554
27.127842,39,2249.801741,True,False,False,2.168190061493397,2.142694862330414
36.7225,52,2250.16772,True,False,False,4.0308369180988075,3.7771239172284163
37.715863,48,2250.499424,True,False,False,3.9262262633233465,3.9926058900066077
47.015352,56,2250.826873,True,False,False,5.847890299159383,5.703950571358797
36.011596,31,2250.992192,True,False,False,3.7496225544313044,3.6296882965330757
35.720759,246,2254.701994,True,False,False,17.823925255302118,6.194714321849354
51.286546,84,2255.211385,True,False,False,7.725072047570414,7.0889664825697745
35.263883,37,2255.472093,True,False,False,3.6493433864113123,3.378244379296963
30.153463,25,2255.63904,True,False,False,2.7941896229507956,2.3659491891753732
45.353992,80,2256.091153,True,False,False,6.746117016883852,5.587977920366919
30.251975,40,2256.319939,True,False,False,2.490198826416815,2.456593266576301
42.438465,59,2257.876091,True,False,False,4.944909082023306,4.9273121786751535
33.553073,42,2258.128407,True,False,False,3.5704451659260212,3.132747120535125
39.17243,42,2258.420672,True,False,False,4.4486737679232515,4.2491656967173554
28.705821,27,2260.148046,True,False,False,3.441217027629659,2.1478427028011287
32.960897,36,2260.367985,True,False,False,3.6892977505649425,3.0305769635834743
49.282097,74,2260.813006,True,False,False,8.004550566889792,6.4436435381179935
29.281446,24,2260.958834,True,False,False,2.0961781581758787,2.1953739571209008
41.492317,78,2261.397828,True,False,False,6.650379047950812,4.862083253877386
30.639678,24,2261.540043,True,False,False,2.5079277437256016,2.412598478319234
26.922259,22,2261.668162,True,False,False,1.7719959260061036,1.8076535738618595
36.935182,67,2262.049312,True,False,False,4.234815877796525,4.166427310125377
28.208254,50,2262.360374,True,False,False,2.9243832015344506,2.2457264444952965
43.880571,72,2262.866282,True,False,False,5.600766556128202,5.361988927831957
33.589384,48,2263.159287,True,False,False,3.767172570689659,3.1504232512760844
47.272541,56,2265.218654,True,False,False,6.716425809603085,5.985776053367865
-12.960658,27,2265.409607,False,True,False,1.8538941447648323,3.1591840629117436
42.170239,52,2265.702689,True,False,False,4.6298179456415385,4.736939044447443
37.949215,56,2266.01808,True,False,False,4.018909627034147,4.062803346428144
42.545707,44,2266.250763,True,False,False,4.8633456678817915,4.767142815407279
35.335387,61,2266.647576,True,False,False,4.309105464304091,3.6592705400049472
38.43228,30,2266.851064,True,False,False,4.1547463556859405,3.9282507827262907
28.952639,17,2266.963336,True,False,False,1.9482454678672514,2.0784147256292282
28.527411,25,2267.130889,True,False,False,1.8535298946408807,2.0045430919874296
48.962935,78,2267.631159,True,False,False,8.13153906011368,6.376299547833638
23.978332,45,2267.932027,True,False,False,5.003536529286323,1.7135203361639493
40.663501,46,2269.878747,True,False,False,4.9187674381127415,4.598613490188088
38.829828,54,2270.187412,True,False,False,4.20509561756514,4.111356772370628
27.143975,38,2270.446307,True,False,False,2.711427935622499,2.0024726704653424
50.810636,61,2270.836202,True,False,False,6.45500508863613,6.388001801527382
-17.67141,12,2270.903008,False,True,False,0.8102044480054064,3.5895278554109633
31.571008,25,2271.046193,True,False,False,2.8899453531376404,2.715216879385195
41.847329,43,2271.294218,True,False,False,5.3493449497991605,4.665624245089502
29.289739,34,2271.489978,True,False,False,2.536154501763328,2.2686343594009397
16.507785,175,2272.591192,True,False,False,12.066071081930243,1.7029899361155825
32.515532,31,2272.782602,True,False,False,2.9261640246707588,2.89116351346428
34.875739,42,2274.603817,True,False,False,3.6587821135117418,3.509561976480595
30.97623,37,2274.843608,True,False,False,4.005396388421712,2.6994984719778268
41.033114,52,2275.134328,True,False,False,6.42120501868516,4.779715193413308
43.355523,42,2275.420448,True,False,False,5.079167609319898,4.9443120938033065
45.284699,63,2275.860581,True,False,False,5.998805608151243,5.443007713228262
30.703553,27,2276.054927,True,False,False,2.3808420573606917,2.453002502671072
38.198816,55,2276.404866,True,False,False,5.1582961656942805,4.020483490322409
27.175192,24,2276.572023,True,False,False,2.226870994295634,1.8373470907047176
46.23337,84,2277.151838,True,False,False,6.544378434940396,5.815897203352399
41.720515,56,2277.554363,True,False,False,5.078174797179239,4.786746745977673
29.606889,27,2277.766579,True,False,False,2.3665174991912608,2.289714426013163
41.359889,37,2279.558834,True,False,False,4.80609395439395,4.526234203959664
34.831793,39,2279.770864,True,False,False,4.220348309404282,3.488284687200113
45.51662,45,2280.047467,True,False,False,5.43140007893952,5.413388948451014
33.698865,31,2280.254489,True,False,False,2.9787789964366596,3.117409072866548
26.244238,22,2280.413692,True,False,False,1.459482878466881,1.602617426595772
41.466947,47,2280.744438,True,False,False,5.024981885155062,4.866236863217686
35.176356,28,2280.970429,True,False,False,3.3721072020730265,3.361499736497903
35.966306,35,2281.228556,True,False,False,3.384750070396455,3.542293577106154
39.429032,46,2281.557215,True,False,False,5.295634297333505,4.334114160037403
45.999609,70,2283.143089,True,False,False,5.431175903353981,5.558510638612619
30.482474,37,2283.402218,True,False,False,2.497248298049316,2.5016404742974228
30.71552,34,2283.642937,True,False,False,2.6525480361705767,2.5544945098261986
38.192507,62,2285.561797,True,False,False,4.047967113197794,4.135754001578727
32.009084,51,2285.862026,True,False,False,4.089423214244066,2.9529444517079195
30.827307,19,2285.967797,True,False,False,2.4672827285030703,2.4144267561105077
28.05102,21,2286.071847,True,False,False,1.8552323632556849,1.8974144706565097
27.94984,23,2286.203249,True,False,False,2.721046130542415,2.0015917608045517
39.888266,87,2286.694323,True,False,False,6.820658075582799,4.963689991897316
30.689442,37,2286.908941,True,False,False,5.315316242426259,2.536882564875918
29.459465,36,2287.14102,True,False,False,2.783580970882775,2.3124727929246958
42.140371,58,2287.513857,True,False,False,6.296508384082518,4.854434052533349
33.395293,29,2287.714165,True,False,False,3.084485728710068,3.012443043880739
25.961546,19,2287.825738,True,False,False,1.557987858948343,1.5662248117554112
25.3806,34,2288.007408,True,False,False,1.9998646540647163,1.719250990639696
41.189431,71,2288.41305,True,False,False,5.576684407117689,4.9374875807086
46.201462,51,2290.373575,True,False,False,6.277897279867864,5.826126244051273
31.546737,18,2290.48052,True,False,False,2.5234977866318804,2.621753060542801
33.397149,45,2290.73757,True,False,False,3.1548641990158095,3.152392483308387
31.862034,29,2290.900408,True,False,False,2.842273933086526,2.717418722003874
31.971646,22,2291.053116,True,False,False,2.7574281621386048,2.581180187684178
30.97362,35,2291.244462,True,False,False,3.6520278929593073,2.5909121438323335
26.060533,27,2291.395726,True,False,False,2.191415080234861,1.6534564940596321
40.006361,63,2291.764961,True,False,False,5.672625079242157,4.55343721205152
37.560689,34,2291.996206,True,False,False,4.121065839011462,3.892786746048385
41.639676,43,2292.257813,True,False,False,4.980852469225332,4.6212152716827495
28.202169,52,2292.597857,True,False,False,3.6606787907803633,2.2895334436643417
29.173139,15,2292.685455,True,False,False,2.103514928543616,2.0839299122975037
25.952487,28,2292.869235,True,False,False,1.5072232422592657,1.567877227202375
40.286957,66,2293.310872,True,False,False,5.358109384548687,4.897461301986901
29.752454,30,2295.043861,True,False,False,2.0948520973253317,2.302200066779472
35.085591,34,2295.270831,True,False,False,4.0536858965389655,3.4279033044574407
39.47128,58,2295.681753,True,False,False,5.902566330129092,4.360400529173074
-18.840684,8,2295.738496,False,True,False,0.7819426815553063,3.898593472966915
37.995368,51,2296.093257,True,False,False,3.952094990447618,4.056613645842572
33.872473,31,2296.311179,True,False,False,2.854178740202274,3.0715292916392696
41.286178,51,2296.684749,True,False,False,4.976381705392029,4.548135034625134
44.936016,49,2296.964238,True,False,False,6.137674407609166,5.578981801158467
33.803081,44,2297.218474,True,False,False,3.3249967833512453,3.1667817743725863
31.410128,31,2297.421911,True,False,False,2.751991192529827,2.699403641093586
39.89136,62,2297.803595,True,False,False,5.042063492381052,4.510997756535133
27.39851,17,2297.916376,True,False,False,1.5403458610248977,1.731936555576982
28.785702,34,2298.106049,True,False,False,2.139279680284755,2.185173756557225
-8.401686,21,2298.237016,False,True,False,2.6273960473179936,5.21830152739818
41.870915,50,2300.044097,True,False,False,5.4305864647847795,4.74989956922086
44.882326,51,2300.370066,True,False,False,6.2581010185911845,5.4643333559254295
27.110184,41,2300.64757,True,False,False,3.9833147327774183,1.9904739014854027
47.608464,59,2300.978291,True,False,False,6.210934886953517,5.832079395272199
28.653422,32,2301.197832,True,False,False,3.5471836520893087,2.21627859779403
46.736173,43,2301.501523,True,False,False,6.074638399881835,5.598368453189652
44.218191,49,2301.83989,True,False,False,5.214108193021224,5.2110034556383065
43.146942,56,2302.217938,True,False,False,7.027765081503687,5.143945702840311
29.130899,20,2302.356357,True,False,False,2.20362874437986,2.1488611733137004
35.488574,38,2302.624234,True,False,False,5.161733984136776,3.570928731411056
30.910156,23,2302.751504,True,False,False,2.3346867970009777,2.4646460713039664
36.840074,32,2302.943671,True,False,False,3.670381102180971,3.6851894825587004
35.055138,38,2304.738837,True,False,False,4.081345401448265,3.403262154969001
31.231978,34,2304.98289,True,False,False,2.720854936808121,2.7473905487917434
39.917085,32,2305.204869,True,False,False,4.509696425476761,4.254877523619463
38.573536,39,2305.482784,True,False,False,4.8569027863267475,4.125072208045221
38.834657,76,2306.002992,True,False,False,8.307015731947962,4.349892195044031
33.66879,34,2306.243855,True,False,False,2.917069685892769,3.1459245169639107
37.679454,42,2307.548846,True,False,False,5.108636718248628,3.9380695328043576
43.399877,57,2307.84675,True,False,False,7.218088561377851,5.379069784908767
47.347799,67,2308.295238,True,False,False,5.853750596185898,5.957027667050238
28.676189,26,2308.479524,True,False,False,3.175200949820434,2.041373191303813
32.706384,33,2308.71789,True,False,False,3.267801432072423,2.9455719156395355
27.085887,21,2308.876013,True,False,False,1.6008484698284358,1.748861231925784
38.173093,46,2311.131556,True,False,False,4.212621448410377,4.121645626396917
47.821257,45,2311.480057,True,False,False,6.032188880054767,5.841594248691175
25.168481,38,2311.774256,True,False,False,2.705924364705115,1.768475368743724
27.746299,27,2311.982586,True,False,False,2.687106957374942,1.8882701638086496
48.094227,62,2312.470502,True,False,False,6.4216470520836735,6.13429602155839
28.07098,38,2312.775003,True,False,False,2.708572644393931,2.100134116023436
36.662218,113,2313.668744,True,False,False,7.874390914791484,4.604711653347869
27.956269,26,2313.86552,True,False,False,1.7315911381273907,1.9177035316627258
35.220397,38,2314.163558,True,False,False,3.7451251927156286,3.442938198624277
40.840511,46,2314.518706,True,False,False,5.153263787514714,4.527103848736089
30.367728,35,2314.789173,True,False,False,2.4438590965050304,2.512609105916478
30.050854,15,2314.901778,True,False,False,2.186450016011242,2.2655414615831617
35.428133,29,2317.081931,True,False,False,3.884841286212721,3.396082562188501
30.522404,23,2317.244508,True,False,False,2.3321172698270307,2.386273628035822
40.268669,55,2317.605244,True,False,False,5.780769651761504,4.412285958920041
44.425515,72,2318.048874,True,False,False,6.666377567308237,5.377608428838746
36.692153,36,2318.300748,True,False,False,4.878053726761966,3.7396438555767393
26.578334,33,2318.505161,True,False,False,3.461770768606004,1.8752746489942862
28.932007,19,2318.632352,True,False,False,2.1396035972495877,2.24112962857764
42.009718,57,2319.042312,True,False,False,5.295543040642295,4.867528983932641
46.511302,52,2319.359876,True,False,False,5.998136056052562,5.856969410999353
31.19029,28,2319.545687,True,False,False,3.039021725159575,2.6213174404848463
39.174685,44,2319.860275,True,False,False,4.273360739984495,4.127440150573119
40.841777,47,2320.117271,True,False,False,4.786655784123208,4.542203086366253
39.785466,40,2321.919775,True,False,False,4.672198706716303,4.298287011787221
46.979432,52,2322.275284,True,False,False,7.025086182554614,5.794923616530441
45.538433,53,2322.603015,True,False,False,5.7034996062526595,5.567172490067519
46.085476,50,2322.894179,True,False,False,5.801313407077216,5.519249227432345
40.773531,46,2323.132617,True,False,False,4.3901355918453335,4.464617028794896
34.751071,33,2323.355769,True,False,False,3.3720120899545725,3.3159071495427366
47.746732,63,2323.795519,True,False,False,5.903876644548586,5.850883655925637
1.638833,47,2324.121216,False,True,False,5.763907849494219,5.8021794720165465
-15.658286,21,2324.26516,False,True,False,1.8769566507871565,6.174563156971786
41.236718,47,2324.594486,True,False,False,5.026421102425026,4.802358286795014
28.433086,22,2324.745183,True,False,False,1.9178852085574405,2.041624576115586
50.204187,51,2325.088501,True,False,False,7.254264954082416,6.469445694434734
29.222209,36,2327.201436,True,False,False,3.006780771698455,2.293607735923475
37.754546,65,2327.625,True,False,False,5.260452290737356,4.135007938410223
44.383673,48,2327.936156,True,False,False,5.461129621804849,5.194701897680261
41.867794,70,2328.327007,True,False,False,7.671502663926181,4.96001288569337
40.920913,35,2328.531342,True,False,False,4.526324760240479,4.3206467335487195
31.047488,20,2328.664937,True,False,False,2.448000677025977,2.480922255264518
41.648558,87,2329.277964,True,False,False,7.448366588346249,5.095762872087448
34.325938,45,2329.628073,True,False,False,6.071695187325904,3.3401217829022203
33.888841,40,2329.93383,True,False,False,3.7018957322560047,3.2028408963610793
46.305437,47,2330.305215,True,False,False,5.598680366545977,5.623103718010446
34.200195,43,2332.417034,True,False,False,3.0689805560195142,3.2683841270992495
42.860138,68,2332.803693,True,False,False,6.315137262279143,5.265430059304632
27.491593,39,2333.020617,True,False,False,2.8458820671332363,1.9983595678055242
28.607344,27,2333.173855,True,False,False,2.1788131633140893,2.1357687334869455
26.785049,16,2333.269269,True,False,False,1.5431399322523676,1.6517006868804478
48.528369,55,2334.815973,True,False,False,6.79789582099524,5.9893294206148875
-9.858735,27,2334.953616,False,True,False,2.503405935923821,4.706332743676812
40.827665,50,2335.215267,True,False,False,4.3503664947061536,4.439529636117828
37.820276,26,2335.35177,True,False,False,3.9141970519003957,3.744021372509253
27.890067,24,2335.476007,True,False,False,1.7173661844555714,1.9298511903700557
41.665278,73,2335.858594,True,False,False,7.695332656752048,5.046654682294433
41.213146,64,2336.192491,True,False,False,4.61735868256294,4.7166503477479305
34.785735,54,2337.816704,True,False,False,5.980145259290415,3.627316258173856
43.479951,69,2338.222285,True,False,False,5.314578077269666,5.104108062743929
26.918563,16,2338.33033,True,False,False,1.6334236585861628,1.7171223053056441
40.23285,39,2338.592075,True,False,False,4.378608203643745,4.419900162413503
31.031199,40,2338.892685,True,False,False,3.1975765157965377,2.8967384938800937
33.947286,26,2339.082616,True,False,False,3.489891534769288,3.1486786231206283
26.251564,23,2339.242061,True,False,False,1.5288811241542033,1.6187178649505145
41.981514,35,2339.480001,True,False,False,4.669001274417589,4.5983427799299115
35.741613,48,2339.76062,True,False,False,4.098794424587383,3.5560070516880486
35.017158,52,2340.02893,True,False,False,4.744435229249594,3.801609738464882
27.876417,18,2340.143726,True,False,False,1.6484295532429056,1.8400947269093162
44.845587,59,2340.531293,True,False,False,6.379602738642052,5.563063480166352
33.355625,66,2340.993335,True,False,False,3.8602316912356063,3.4378438542318186
35.852178,26,2342.780596,True,False,False,3.5867118096464097,3.5315709369435813
27.287539,17,2342.896312,True,False,False,1.8628147073558263,1.8204117863005693
44.973352,61,2343.275141,True,False,False,5.768199442256381,5.607642278131505
27.374123,33,2343.45961,True,False,False,2.226539257819068,2.0576291183415374
35.94092,37,2343.685968,True,False,False,4.098887668570906,3.53953786171848
47.340917,41,2343.982534,True,False,False,5.792338679096336,5.731343103359431
32.354252,38,2344.247586,True,False,False,2.97254418525977,2.874049734137662
39.990014,34,2344.479781,True,False,False,4.318205573947025,4.342064534404111
39.204636,41,2344.766912,True,False,False,4.5096945226555025,4.1763750013644145
29.243897,35,2345.002857,True,False,False,2.881816260683983,2.303787251429573
34.626821,34,2345.23602,True,False,False,3.399284666784455,3.214751782301281
35.572177,41,2345.509388,True,False,False,4.444027929347111,3.554419009706939
30.782191,37,2345.719594,True,False,False,3.7021267756818927,2.631959956718956
42.378865,68,2347.793141,True,False,False,5.3791194991715185,4.88776985593806
47.251675,53,2348.158471,True,False,False,6.1719877969151575,5.975373116075089
27.535889,12,2348.240128,True,False,False,1.6036746220698568,1.8169948182345457
31.392745,33,2348.461044,True,False,False,2.8861084962085455,2.588531779849305
26.930175,18,2348.583407,True,False,False,1.621007944298781,1.7149375222849093
38.241241,34,2348.800541,True,False,False,4.425276215252577,4.036253443413717
40.915584,68,2349.21488,True,False,False,5.469194602591432,4.706733078279442
36.066846,29,2349.422341,True,False,False,3.680468766323121,3.5482067473586936
34.720233,37,2349.685942,True,False,False,3.521192020957391,3.219260079352418
49.7098,58,2350.118098,True,False,False,6.069068160514945,6.109220248303871
40.986285,42,2350.414866,True,False,False,4.873290176945562,4.5037165240426935
34.832508,50,2350.737479,True,False,False,3.838317434701721,3.527980602831316
-19.51359,90,2352.797158,False,True,False,7.068965244026657,2.2347679896591113
33.544461,41,2353.083852,True,False,False,4.332222665262223,3.1553925665461366
37.484911,59,2353.463349,True,False,False,4.212569024122109,4.166081152160452
45.343999,66,2353.841986,True,False,False,6.87145276555295,5.49948775458141
33.639793,38,2354.041653,True,False,False,4.159171328271256,3.2520614141048214
41.008664,40,2354.265274,True,False,False,4.785751206280416,4.474619860015893
-18.671257,12,2354.327482,False,True,False,0.921097576837997,2.92618392828986
37.002668,32,2354.502718,True,False,False,4.306189637473916,3.65492611097341
35.488566,61,2354.835319,True,False,False,4.993398457735386,3.939425505286456
47.127958,68,2355.271184,True,False,False,8.47384263057125,5.9859751802283006
51.75697,62,2357.107034,True,False,False,7.612209902814588,6.716194093071307
43.806703,36,2357.335048,True,False,False,5.142216227343654,4.881539453892081
34.159633,51,2357.626227,True,False,False,5.45780191463713,3.416256444597999
41.483224,35,2357.832411,True,False,False,4.7935673629072815,4.519997038928815
-12.057986,23,2359.141626,False,True,False,2.3220085462618925,2.6641505409252173
33.994512,38,2359.367354,True,False,False,3.338488240726713,3.0860355801414987
35.137432,33,2359.558673,True,False,False,3.1801637401753573,3.2872407902310656
28.414352,43,2359.815692,True,False,False,3.4503358905580943,2.2961585430665745
40.815517,35,2360.005511,True,False,False,4.717257428388574,4.43334556860556
44.042905,58,2360.308871,True,False,False,5.222363109200408,5.244963561446816
42.152388,43,2360.532388,True,False,False,5.235110862549221,4.712604501090485
42.132776,50,2360.854936,True,False,False,6.104642169693464,4.9200636733718754
31.955056,26,2361.034709,True,False,False,3.4796232450313282,2.7162834553464585
37.949341,32,2361.26259,True,False,False,4.161961799293354,3.957163609159975
32.655315,48,2363.099949,True,False,False,3.1028262281002332,3.01589376117863
-13.738652,26,2363.237718,False,True,False,1.5835093163467575,2.7844069178420443
30.199591,25,2363.378643,True,False,False,2.2075567015329622,2.408320616143238
28.695983,22,2363.504509,True,False,False,2.0054562271501086,2.1156112867468666
38.304165,40,2363.740528,True,False,False,4.265000113259469,3.925933061032752
33.657334,61,2364.106785,True,False,False,4.0755988088101445,3.389892103177464
27.834392,32,2364.301649,True,False,False,2.348297309574797,1.999019170190394
30.468754,22,2364.45203,True,False,False,2.5279785889534114,2.473001335918071
-12.432559,30,2364.659418,False,True,False,2.80219153909579,3.2145249928102007
30.527714,21,2364.815062,True,False,False,2.3226857258728413,2.451844151073267
40.874851,76,2365.316297,True,False,False,5.622188229842858,4.940814024285821
31.492378,31,2365.538081,True,False,False,2.59747808742076,2.656368870983846
47.618052,99,2367.532886,True,False,False,6.560832642858605,6.184986396304602
44.58938,59,2367.941877,True,False,False,5.690285440125424,5.3913568287922535
32.303502,58,2368.309917,True,False,False,3.3989847898218484,3.050848045132889
39.526194,40,2368.559644,True,False,False,4.5385927095621055,4.197136741583602
-19.848266,11,2368.618903,False,True,False,0.45635805418466063,2.9591763079698152
32.389436,59,2368.999074,True,False,False,4.927535996806093,3.187246645740017
30.781542,30,2369.189605,True,False,False,2.9519307925566873,2.6241025033597287
29.085516,30,2369.351024,True,False,False,2.353449262645036,2.2388019860637782
36.921366,53,2369.690747,True,False,False,5.034395871785775,4.118158306618689
29.187184,33,2369.917018,True,False,False,2.629434675231322,2.194339705242026
44.314467,71,2370.391753,True,False,False,5.40874099108389,5.3443844891265115
30.143491,37,2370.64867,True,False,False,4.099084343533267,2.7006391227422792
30.391392,31,2372.515762,True,False,False,2.897235628681524,2.4423347952895726
33.276226,56,2372.906456,True,False,False,3.7645077458628746,3.252454853012409
26.489488,26,2373.059557,True,False,False,1.7808938047032152,1.6689112308993919
-1.746037,67,2373.50989,False,True,False,5.301275613621418,6.085138068159413
36.737311,71,2373.960243,True,False,False,4.999754975711822,4.041271363525316
37.756056,39,2374.174362,True,False,False,4.417543169982468,3.957967771511431
50.829542,66,2374.577782,True,False,False,7.367648801082096,6.632194576812969
37.039956,53,2374.853961,True,False,False,4.043721726521838,3.8075256396862054
42.131164,53,2375.176594,True,False,False,4.965512993883717,4.747805972117238
43.684174,69,2377.305333,True,False,False,5.911006575280599,5.132117759209207
41.963404,89,2377.908488,True,False,False,5.440548916530608,5.200506314724021
34.658558,30,2378.121017,True,False,False,3.5343189168504177,3.3507891060786803
31.806778,32,2378.351162,True,False,False,3.5800369380244104,2.845270515724532
29.855415,31,2378.532896,True,False,False,2.3611431864959656,2.362351228184079
30.654319,28,2378.692147,True,False,False,2.543749687630795,2.4691001416844847
30.984794,33,2378.877374,True,False,False,2.6860753464730007,2.559594889531316
28.746772,18,2378.993796,True,False,False,1.8378231773573241,2.035360995530627
26.465637,22,2379.147433,True,False,False,1.788274688540604,1.7187489470906903
37.856042,35,2379.389832,True,False,False,4.031704259533137,3.83081424519794
42.900851,59,2379.802222,True,False,False,4.9366137965902785,4.89210167364642
48.524602,50,2380.169594,True,False,False,5.848962339521346,5.894915542358358
33.764015,36,2380.384448,True,False,False,3.12420196839308,3.1207421244210654
27.674611,29,2380.585533,True,False,False,1.9801251808149223,1.9155052558668337
29.746967,15,2382.10542,True,False,False,2.3367182321060818,2.246197338501487
29.009057,27,2382.254564,True,False,False,2.367201795045842,2.324941560098685
34.889424,26,2382.400565,True,False,False,3.330951044137246,3.26015772364527
36.643463,29,2383.668866,True,False,False,3.5272997722586066,3.6595726902275314
37.352505,38,2383.986591,True,False,False,3.6304974964580765,3.863329366201645
27.213743,15,2384.105941,True,False,False,1.7588789307823776,1.7850106147551426
37.894687,43,2384.44199,True,False,False,3.788332882942937,3.939745360483976
40.422407,60,2384.861153,True,False,False,4.9666773101249655,4.6583561004715
29.891797,26,2385.037449,True,False,False,2.404505632529983,2.431917515516532
39.317716,32,2385.25333,True,False,False,4.170541374182565,4.0020186875812405
-1.513423,38,2385.51032,False,True,False,4.201786221828504,5.497669003954049
30.907415,24,2385.670785,True,False,False,2.398578002996322,2.4712776121592643
26.904,28,2385.85982,True,False,False,1.662634169843296,1.831554652737042
30.192262,25,2386.02424,True,False,False,2.418503670795061,2.3440402393633097
35.004666,21,2386.166547,True,False,False,3.2089083967800316,3.2485067455518117
26.456836,33,2386.383803,True,False,False,2.259532606807018,1.7976818095761284
45.15023,75,2388.380674,True,False,False,5.398160502777074,5.486473891589474
46.180319,53,2388.759562,True,False,False,5.716922470495578,5.49424973902868
43.338153,70,2389.219881,True,False,False,5.992806402700384,5.285318458804079
45.978322,63,2389.638629,True,False,False,6.099854965943776,5.730112523345543
31.850714,26,2389.777542,True,False,False,2.610918146547483,2.785001634876457
-18.004398,15,2389.861902,False,True,False,1.1579557483835359,7.143033481097387
40.147604,67,2390.238968,True,False,False,5.093821641689426,4.5277403726075995
30.065228,22,2390.389484,True,False,False,2.380504154146367,2.261567020850121
39.523079,59,2390.76126,True,False,False,4.467749535125728,4.366767460216476
41.125083,66,2391.16337,True,False,False,4.9226958615937315,4.817219497431702
39.175593,52,2393.009237,True,False,False,4.1520385791993935,4.269162888561602
27.470144,35,2393.230589,True,False,False,3.4668846827856212,2.039021542534465
27.161343,37,2393.41783,True,False,False,3.3038672911873115,1.9060976760992623
43.188108,63,2393.793523,True,False,False,5.734369557543776,5.062207090006474
33.972639,37,2393.99299,True,False,False,3.83430411575281,3.2688242969389045
41.685984,48,2394.28053,True,False,False,5.117618228200204,4.798115523937448
28.33943,34,2394.477133,True,False,False,3.0998883490386673,2.061270478816739
30.019001,34,2394.656068,True,False,False,2.4073723904180837,2.419228980647322
33.58651,47,2394.902336,True,False,False,3.411170753102994,3.270820923514992
30.736836,39,2395.132716,True,False,False,2.768524764803623,2.6189011133991547
37.368533,42,2395.425518,True,False,False,3.7146440690887848,3.785424206494623
32.25748,33,2395.654598,True,False,False,3.1687746865032786,2.7611860549268585
26.607775,18,2395.777546,True,False,False,1.5906694498395135,1.6860952241544525
28.866934,45,2397.519831,True,False,False,2.143510124689986,2.293951709095654
31.494345,25,2397.651978,True,False,False,3.2009402871590207,2.838770115982128
35.326469,42,2397.910499,True,False,False,3.7745666397699136,3.477212564378467
47.887617,72,2398.361689,True,False,False,6.603886206616563,5.964956431945793
41.798755,38,2398.548963,True,False,False,4.663731513490544,4.838050904666971
-17.598777,42,2398.787787,False,True,False,2.801619432700415,1.981018138790186
-18.800166,8,2398.840407,False,True,False,0.4634859325943733,1.8442279319548391
32.77162,33,2399.061145,True,False,False,3.2799494594739595,3.02635370642431
26.837781,14,2399.156938,True,False,False,1.6119592975060184,1.590298409753299
28.327578,31,2399.369698,True,False,False,2.190221652150765,2.137016331512791
28.447405,34,2399.55011,True,False,False,2.431806672472237,2.1281441145327546
45.210019,35,2399.729476,True,False,False,5.1699721632972295,5.304604161299991
26.720296,25,2399.855277,True,False,False,1.7402486943154063,1.7011191328463169
48.597324,74,2400.23483,True,False,False,6.230551851704862,6.098153196798182
29.967567,21,2400.344586,True,False,False,2.4630932433617123,2.2183993588281714
29.256631,30,2402.082912,True,False,False,2.433088784792097,2.289622684249519
40.165008,54,2402.409013,True,False,False,4.838556051961098,4.439710162729761
-11.747724,19,2402.534894,False,True,False,1.8750936404451617,4.974696975099953
31.353632,25,2402.694521,True,False,False,2.7833945608420425,2.599004522775329
-9.981927,21,2402.833669,False,True,False,2.2487902722316404,5.404478639000675
28.972228,64,2403.199381,True,False,False,2.994660868598588,2.5826267042397024
36.287967,27,2403.360606,True,False,False,3.9014969471406324,3.4852016883894614
35.653232,38,2403.56428,True,False,False,3.790883828586222,3.6226378101684125
36.072467,30,2403.762061,True,False,False,3.5581879413429367,3.532505897796098
48.128837,69,2404.254223,True,False,False,7.255350087247214,6.259637611777666
36.480957,60,2404.659408,True,False,False,4.891511804747556,4.05577700490899
37.237483,42,2404.938673,True,False,False,3.777567416392593,3.8044210397846054
30.37601,29,2405.134083,True,False,False,2.848884775889227,2.4421835521534403
33.392478,29,2406.935425,True,False,False,2.9563390344779696,3.0594575669685606
32.740618,42,2408.72365,True,False,False,3.162356657325319,3.0034689098938894
40.552871,48,2409.050974,True,False,False,4.3094021510155125,4.431501659018562
29.10245,28,2409.206201,True,False,False,2.2597309636705654,2.2754862740308583
-13.075706,22,2409.331419,False,True,False,1.800247580898107,7.074188248141082
26.305673,22,2409.458255,True,False,False,1.6649705364967848,1.6520401487529195
26.650096,30,2409.627591,True,False,False,3.338037538595406,1.9936678323240669
40.862674,42,2409.855953,True,False,False,4.446692739485593,4.479167476779382
0.288091,56,2410.167822,False,True,False,5.016858727441057,5.183411858555391
49.553718,73,2410.663059,True,False,False,7.007444818268196,6.411340457880432
-13.324523,18,2410.757233,False,True,False,1.4723488319281668,3.7209445387375055
34.225213,40,2410.969367,True,False,False,3.119353249426784,3.241570176961022
33.867237,36,2411.182092,True,False,False,2.9372720388454026,3.145188447873202
50.613407,84,2413.31081,True,False,False,7.039298726041575,6.715933191337118
-10.688974,40,2413.541549,False,True,False,3.2003984570368944,4.57617835106198
48.117268,92,2414.119663,True,False,False,8.094975398384415,6.791937514034455
35.09304,33,2414.343356,True,False,False,3.4230951163496726,3.412141047406316
38.421952,48,2414.663791,True,False,False,4.487086972514656,4.165639358025018
-20.205829,53,2415.035816,False,True,False,2.7331347203193896,4.954064728688048
38.122229,61,2415.39624,True,False,False,4.000133367949524,4.107065182130172
43.87017,64,2415.789479,True,False,False,5.55110853450011,5.309155883854056
27.967954,18,2415.895528,True,False,False,1.838851967572011,1.8263815170102506
41.303311,55,2416.254051,True,False,False,4.74772200111016,4.829640669483471
-13.04506,17,2417.986801,False,True,False,1.5926630305906533,5.682224551447857
32.869943,26,2418.165454,True,False,False,3.0242915255089398,2.941659770174852
26.644896,16,2418.262384,True,False,False,2.0790295807826062,1.5703282094268882
42.00044,45,2418.533593,True,False,False,4.841781088076764,4.800783291081523
35.045535,30,2418.712758,True,False,False,3.175489348218031,3.2171849047157797
-5.851779,65,2419.169482,False,True,False,5.5557121246296965,5.083707838840556
29.540011,24,2419.337529,True,False,False,2.4809697007499287,2.3991064415916346
42.336563,43,2419.635035,True,False,False,4.898830097783987,4.869999687653797
35.692986,51,2419.994699,True,False,False,4.944444756298494,3.6885004187866914
37.573025,48,2420.31517,True,False,False,4.3348621636809925,4.03909335534403
46.0111,72,2420.72318,True,False,False,7.559465436207899,6.0783757842716195
33.927379,48,2421.027809,True,False,False,4.83170641870662,3.391602375385411
39.097181,70,2422.928121,True,False,False,5.576802871167158,4.493225453115876
35.653202,50,2423.266281,True,False,False,4.03535878458411,3.591215678730324
34.003356,40,2423.503181,True,False,False,3.559559412495647,3.339707981457584
39.706831,49,2423.82216,True,False,False,4.6530038974458705,4.407733064312415
35.765492,33,2424.052992,True,False,False,3.346250279689473,3.4057756666682963
37.586162,54,2424.406952,True,False,False,4.3929117522178895,3.9054560599506876
29.484119,27,2424.551185,True,False,False,2.012367460845855,2.216704835824514
30.727576,56,2424.870069,True,False,False,4.68642618297109,2.8908766352495014
35.324939,41,2425.120812,True,False,False,3.6369891014112676,3.5100451687481415
40.136655,58,2425.443162,True,False,False,5.413705653236653,4.5543789876158725
26.367611,17,2425.538366,True,False,False,1.6579167679259383,1.6265618241253506
34.3756,43,2425.773584,True,False,False,3.5893323476085572,3.4256894160181033
39.048177,44,2427.634358,True,False,False,4.792352853295802,4.209897390218238
42.884337,41,2427.893332,True,False,False,5.093196659943313,5.162335074945125
33.574138,29,2428.084242,True,False,False,3.2565362404088734,3.0437884679424183
31.774172,27,2428.271767,True,False,False,2.9558104747662357,2.6512183239218343
32.740165,35,2428.482403,True,False,False,4.395951163594609,3.2151820732064715
36.252464,42,2428.754452,True,False,False,3.375910521605565,3.5223547137568465
29.980813,36,2428.966768,True,False,False,2.6711270807044163,2.4506402566096614
42.319208,61,2429.299931,True,False,False,5.964833507634917,5.120528272758052
35.02425,40,2429.559464,True,False,False,3.280026207834791,3.3703347493478604
34.673502,73,2429.969338,True,False,False,7.71380133293373,4.127286853755365
45.576928,68,2431.530859,True,False,False,5.901434326260647,5.509476617315075
46.659418,57,2433.505003,True,False,False,6.701580235636204,5.7154482936072135
32.521491,30,2433.679611,True,False,False,2.709046649404206,2.8193437991450163
-17.799081,28,2433.852077,False,True,False,2.306991685046314,3.9693103189292342
32.14604,44,2434.091285,True,False,False,4.91150296006249,3.187008720465946
31.995554,43,2434.357435,True,False,False,3.1830893372493905,2.8937188136659664
45.956403,56,2434.684912,True,False,False,5.831195600741711,5.517925434680234
-12.680798,19,2434.813487,False,True,False,1.738379202059981,5.23196474945033
39.633977,43,2435.055584,True,False,False,4.0594103632415255,4.2043407964176325
50.672686,84,2435.538503,True,False,False,6.79294070681115,6.536652439991802
39.489988,54,2435.861735,True,False,False,4.457932242592824,4.249973875117105
26.725118,26,2436.000433,True,False,False,1.610630056536773,1.7064281092278832
36.724272,31,2436.176902,True,False,False,4.468227811883079,3.7947749001929356
45.741706,88,2438.077335,True,False,False,5.882525887617415,5.783216543972986
38.93049,38,2438.343364,True,False,False,4.358583714840252,4.137686432967617
33.730421,31,2438.562161,True,False,False,3.2907898651687213,3.2079485035430464
44.727773,55,2438.962575,True,False,False,5.529877814479131,5.611856242687163
37.742002,32,2439.187469,True,False,False,3.540875031044902,3.7078806550913863
38.837623,71,2439.684669,True,False,False,7.745492245068835,4.631692790310616
38.06476,84,2440.198502,True,False,False,6.657345782321746,4.570351857092508
48.671591,63,2440.530127,True,False,False,6.881254983431717,6.156851537758189
-16.442199,26,2440.668645,False,True,False,1.6944435990064122,2.185790344090565
48.62162,65,2442.549765,True,False,False,6.192907149018352,6.149930479677974
39.20418,52,2442.872352,True,False,False,5.465700655932762,4.414474789083527
31.880012,32,2443.096774,True,False,False,2.5334138217213376,2.7184725280327533
34.232951,37,2443.359682,True,False,False,4.196791957763953,3.411715502024808
41.005868,58,2443.752604,True,False,False,5.137771910252991,4.675656212589115
38.034122,27,2443.951107,True,False,False,3.9459140915141635,3.8870518794151083
46.096878,85,2444.539727,True,False,False,7.789092691840973,5.912249691634849
45.6313,63,2444.942374,True,False,False,5.6916287491410875,5.435907486497626
39.93572,100,2445.53724,True,False,False,6.658140693850631,4.810865359398455
27.064133,32,2445.723964,True,False,False,3.190825227776765,2.126999398975992
-18.38452,16,2447.379995,False,True,False,1.5699558418099209,1.5813589985607701
-1.736511,41,2447.660185,False,True,False,3.8673907777161296,6.479829110465076
34.305924,51,2448.014033,True,False,False,3.710719065415785,3.473183657326904
30.088479,21,2448.154787,True,False,False,2.3947563635452127,2.336216154292477
46.586775,79,2448.708854,True,False,False,5.9748715259608876,5.9105310263249144
36.440034,56,2449.106658,True,False,False,4.168355927560961,3.809502928138754
33.136035,25,2449.276031,True,False,False,2.9906374779173017,2.963614280486544
38.16795,28,2449.466141,True,False,False,4.148410125020522,3.9395110632650936
36.198619,53,2449.835236,True,False,False,4.364069361288035,3.6776003691615196
26.720313,14,2449.936805,True,False,False,1.8834371171531439,1.664713243733784
42.959626,64,2450.391725,True,False,False,5.898156822082267,5.14397407458341
41.912654,47,2450.723377,True,False,False,4.790652860645235,4.802730803008304
27.089379,21,2452.45627,True,False,False,1.596795347105009,1.7295977373951898
44.065012,63,2452.788863,True,False,False,6.823019373449829,5.259558824761677
-17.955741,9,2452.834858,False,True,False,0.664599622719932,5.598069528146697
47.861058,79,2453.284805,True,False,False,6.708069725788937,6.018010982177864
28.891331,38,2453.494611,True,False,False,2.860427514578509,2.27647915418091
55.510573,86,2454.011995,True,False,False,8.023434939671024,7.788438628814478
26.631287,22,2454.162924,True,False,False,2.1410104497079354,1.7325613590240665
35.696963,33,2454.393872,True,False,False,4.0883660013208845,3.4520614940553918
33.285956,46,2454.689232,True,False,False,3.6663028424576334,3.548357888419225
42.235639,51,2456.21459,True,False,False,5.2822457445785655,4.99033613223039
33.565603,38,2456.472917,True,False,False,3.5561132423442605,3.095484192966909
32.507977,36,2456.71768,True,False,False,3.288601405956808,3.093414946907343
27.423534,12,2458.131101,True,False,False,1.6743154833769254,1.7712297272370563
36.262094,46,2458.374093,True,False,False,4.051827022909626,3.7316324812135027
31.056169,16,2458.463099,True,False,False,2.3950577141502896,2.4156102264321784
46.725084,56,2458.820616,True,False,False,6.419127543586563,5.738580216331765
28.444912,30,2459.036891,True,False,False,2.1596313579861315,2.121280417652419
28.261937,33,2459.216241,True,False,False,3.387695364915713,2.162765752827765
37.060961,39,2459.420031,True,False,False,4.312844085633705,3.829999855289802
44.060117,58,2459.818974,True,False,False,5.124216840395573,5.122270874181056
26.898544,18,2459.942628,True,False,False,1.5327435958001483,1.6640867387137561
-14.875478,15,2460.043854,False,True,False,1.2137816229663827,5.322241750267159
29.988659,24,2460.208024,True,False,False,2.3601682581931276,2.3803051854857284
43.629487,50,2460.539787,True,False,False,5.10597271833249,5.034377388007719
45.779513,57,2460.88088,True,False,False,6.700855222555059,5.771914858912116
29.511034,21,2460.99341,True,False,False,2.088384380737509,2.204376221841056
34.125652,52,2462.903109,True,False,False,4.262054195574955,3.353451632991451
35.20849,44,2463.20171,True,False,False,4.408624543239032,3.503744890302933
46.149841,42,2463.491504,True,False,False,5.646929719600127,5.4115610308526385
54.877972,66,2463.92108,True,False,False,7.673112094550677,7.3612063253873385
32.425317,48,2464.206453,True,False,False,2.990083280331859,2.9431314692416195
47.517809,60,2464.606698,True,False,False,5.982113820724176,5.779265998095803
36.395472,34,2464.827661,True,False,False,3.5303684501748793,3.5892924630813043
26.536985,25,2464.985589,True,False,False,1.7990444026844712,1.7250408456478916
31.405409,29,2465.141569,True,False,False,2.9349446246301456,2.606572988150495
-15.475894,16,2465.227712,False,True,False,1.4163314765538941,5.177778449418227
41.634842,55,2465.534524,True,False,False,5.772991161507864,4.802965689800476
30.393004,23,2465.656325,True,False,False,2.7935387522149613,2.3501503998754814
34.060855,54,2466.00021,True,False,False,3.6160325469851724,3.4406961047483886
39.267721,47,2467.906844,True,False,False,4.328792717234452,4.230416776680522
45.309339,58,2468.289181,True,False,False,6.2697905580762425,5.341444910027231
41.002354,60,2468.671139,True,False,False,5.799598342220378,4.619626517300726
29.929622,30,2468.863706,True,False,False,2.3023155249273413,2.3809185936997683
42.074338,87,2469.453505,True,False,False,7.262934085323804,5.054569353747239
32.225667,23,2469.61059,True,False,False,2.990188047161297,2.65757027957653
43.423884,68,2470.04097,True,False,False,6.3195799524914555,5.37718047301445
35.800813,52,2470.343203,True,False,False,3.741801751842961,3.6392440966445827
39.347514,43,2470.587444,True,False,False,4.924190304997458,4.215695599300729
34.588198,28,2470.749654,True,False,False,3.7239182510556423,3.193841814868902
-10.540292,23,2470.880904,False,True,False,2.1269630242884925,3.254509446136944
44.528501,58,2472.711273,True,False,False,6.681958290712226,5.318227492699996
50.373549,70,2473.104885,True,False,False,7.911050852546673,6.646964452326479
44.475094,65,2473.517614,True,False,False,5.811282647643015,5.353692894424377
41.827115,60,2473.900445,True,False,False,6.2078305850801865,5.148321710814185
39.302844,69,2474.343645,True,False,False,5.115384599238139,4.521251110823753
44.71857,63,2474.760842,True,False,False,6.238072134777949,5.468230347753883
33.796397,37,2474.988269,True,False,False,3.5121485624184228,3.0654888604068447
-17.269823,7,2475.035592,False,True,False,0.7323025293156658,2.895444725605421
42.607561,52,2475.386245,True,False,False,5.0833602412858,5.062516201256023
35.980274,67,2477.222239,True,False,False,5.124861643484143,4.005483571820521
43.126299,81,2477.682519,True,False,False,7.603385450429457,5.373794853327553
31.252637,28,2477.8564,True,False,False,2.7770590415141805,2.624905225744727
31.716838,30,2478.031041,True,False,False,3.785353384872594,2.8373893161514374
36.421245,61,2478.373033,True,False,False,3.737669065437443,3.8334241306541914
41.04871,47,2478.655136,True,False,False,4.8898121489382875,4.517805677257975
44.05437,68,2479.072594,True,False,False,5.387567808641414,5.235322539083338
32.020295,29,2480.295715,True,False,False,3.6143580934735717,2.787080350591488
47.724792,85,2480.870992,True,False,False,5.89674876806976,6.087725757154718
35.357923,33,2481.10382,True,False,False,3.999595705735661,3.4603285510683883
40.34834,42,2482.9718,True,False,False,4.244189644051297,4.36719448794213
-13.574565,24,2483.101548,False,True,False,1.751031534076085,5.921022762147703
47.757205,47,2483.37865,True,False,False,6.874936934693591,5.916126739606554
26.234039,30,2483.550704,True,False,False,3.026559533648478,1.7476629994642778
46.629019,75,2484.059514,True,False,False,6.765033895655315,5.783035655909674
45.499132,75,2484.512001,True,False,False,6.09412978542522,5.615477603250249
41.391641,54,2484.860466,True,False,False,6.590998106889047,4.767146129347049
36.081634,40,2485.130411,True,False,False,4.099692440190695,3.6123433997662184
45.200078,53,2485.497721,True,False,False,6.386549527869982,5.700762136364592
29.23763,29,2485.710275,True,False,False,2.1588363085097737,2.233074140050599
45.879916,44,2486.023777,True,False,False,5.6708306604555405,5.462016854350046
26.131759,18,2487.625134,True,False,False,1.3676282681213263,1.5297678880498202
31.402068,31,2487.842967,True,False,False,2.511173477488545,2.680329723594922
32.332544,22,2487.997283,True,False,False,2.645873242130189,2.785743105825676
27.716551,23,2488.159878,True,False,False,2.2395153120972653,1.9032560932502944
33.238302,37,2488.408453,True,False,False,4.19069762610031,3.030605951586745
26.813977,44,2488.660875,True,False,False,3.725198700476694,2.1737633446924325
43.078011,59,2489.069884,True,False,False,5.692661775300741,5.003404836607196
40.635348,55,2489.441678,True,False,False,4.811308673933271,4.521881623553721
40.29869,42,2489.744328,True,False,False,4.984040851552466,4.433046837887402
45.847528,61,2490.149525,True,False,False,6.073647853811461,5.569695746300051
48.511296,76,2490.571797,True,False,False,6.629326629529882,6.221580863034758
26.51715,11,2490.636234,True,False,False,1.5284452767758085,1.5594092915666706
45.455857,75,2492.672444,True,False,False,8.32989915288115,5.757067717862552
38.627876,61,2493.093867,True,False,False,4.320247956466409,4.258269610108834
35.598153,77,2493.634915,True,False,False,4.792195585657892,4.096375641194981
43.672498,47,2493.965727,True,False,False,5.718077873880372,5.112140574315371
48.537938,52,2494.330036,True,False,False,6.176025465844228,6.11455589669301
37.669897,30,2494.53909,True,False,False,4.083610793621594,3.835370373866604
30.124899,30,2494.748872,True,False,False,2.2679498975300167,2.3965266468118402
51.873914,48,2495.088081,True,False,False,6.692789299788637,6.6646843028453056
36.93077,46,2495.355873,True,False,False,4.003705738912364,3.928501581635301
39.922006,36,2495.580194,True,False,False,4.209594136227623,4.102246998782002
28.262866,20,2495.715269,True,False,False,1.9752188613796244,1.9893747790746725
36.352284,28,2495.907299,True,False,False,3.633200748570745,3.5598456257958375
29.901706,25,2497.705776,True,False,False,2.198544012987446,2.2371872773197605
38.107607,46,2498.026751,True,False,False,4.283457717822795,3.978161630392132
34.754745,31,2498.255143,True,False,False,3.7752132872155957,3.3258190107507644
-12.563294,36,2498.471204,False,True,False,2.0182228876767825,2.951736831865145
32.09939,24,2498.606721,True,False,False,2.5955907025688165,2.6642269610627696
-15.369972,20,2498.734691,False,True,False,1.7841410409201222,2.6991776226885125
32.840614,30,2498.942101,True,False,False,3.152552288931722,2.8877765456498583
27.346405,16,2499.051332,True,False,False,1.662317489841723,1.833634691854286
40.977626,41,2499.341325,True,False,False,4.648646054498338,4.7098277746826795
32.197305,43,2499.605201,True,False,False,3.27960361828757,2.94813257025397
51.097913,86,2500.192848,True,False,False,6.9268057412644355,6.683809184776345
29.167593,22,2500.34746,True,False,False,2.114572019091917,2.179444221448004
49.698107,67,2500.76195,True,False,False,6.9861689611091995,6.482241875510448
31.786692,23,2500.918529,True,False,False,2.8498440908925424,2.6896117339071157
35.088703,56,2502.875267,True,False,False,4.2384153600684815,3.6549078527628964
30.108413,37,2503.104979,True,False,False,2.9150843971983504,2.471739670012767
36.793743,27,2503.262964,True,False,False,3.5629146081937306,3.641518679143599
37.552539,36,2503.478013,True,False,False,3.928072823368785,3.8674302902211326
36.498543,43,2503.748593,True,False,False,5.374710022273858,3.8668294554149267
33.832189,38,2504.014598,True,False,False,3.3964564161994035,3.1314739182504376
-19.962494,23,2504.168389,False,True,False,1.2844596824874688,1.7735331932206726
33.555269,27,2504.339366,True,False,False,3.2037525869952646,3.0661953736378567
32.752443,71,2505.923244,True,False,False,7.684876837432511,3.5439879183168785
45.952494,65,2506.298054,True,False,False,6.6911065033566555,5.7668092744315205
34.194996,40,2506.53597,True,False,False,3.2770108527038904,3.1648306857208506
26.064269,16,2506.643388,True,False,False,1.717207913789576,1.5588398222512436
48.674873,73,2508.754557,True,False,False,7.642460765818251,6.3235847916602985
31.209409,34,2508.996832,True,False,False,2.8159216618829572,2.6008403193227374
-17.801646,32,2509.209942,False,True,False,2.2044098562752232,2.413956535645092
27.73005,33,2509.423959,True,False,False,2.7042393091444,1.9990388471987182
45.250031,47,2509.731644,True,False,False,5.255241870923908,5.373723901477707
38.121097,50,2510.064659,True,False,False,4.222022062369763,4.060176203697043
38.699563,75,2510.593993,True,False,False,6.125937865350777,4.319877882140943
32.156573,39,2510.868208,True,False,False,4.035599472226415,3.1879369109477067
30.914431,21,2511.009268,True,False,False,2.2926992884558466,2.441719811215602
45.602599,49,2511.362294,True,False,False,6.881624896394411,5.590438649988223
-14.077119,16,2511.472688,False,True,False,1.5513417682075097,3.3206259968521605
41.86651,57,2511.850195,True,False,False,5.154737603248315,4.828753853207383
33.38825,38,2513.694197,True,False,False,3.1228020529103007,3.0132804490074334
47.207797,63,2514.036542,True,False,False,6.422364731952526,5.739740675203299
45.980851,69,2514.462746,True,False,False,5.815242479462763,5.748161195459807
44.729004,67,2514.942539,True,False,False,5.8035236324393455,5.570132830734722
34.141661,51,2515.298596,True,False,False,4.665627140864411,3.6027498317601605
29.682968,20,2515.435921,True,False,False,2.255495621754352,2.2257789309860443
51.774354,76,2515.963704,True,False,False,7.266289533061062,6.768194349639481
37.966156,53,2516.340064,True,False,False,4.172640428921918,4.112647759693492
31.127489,18,2516.466031,True,False,False,2.490994491346611,2.4558226138507386
38.120465,63,2516.869183,True,False,False,6.121985568907262,4.387079772948145
-20.879965,11,2516.926098,False,True,False,1.0488836874476428,5.610466102269074
44.126269,49,2518.73805,True,False,False,5.162694965276654,5.197940791880908
31.143683,41,2519.023932,True,False,False,4.4242978894948095,2.7744813321825794
34.780915,41,2519.256775,True,False,False,3.6617610627107906,3.535806483893917
28.632862,17,2519.359515,True,False,False,1.9891500327812512,1.986777944791268
32.514719,50,2519.646328,True,False,False,3.7815300893845833,3.0244384716014885
26.475652,19,2519.747963,True,False,False,1.4656554259756354,1.6017280127572704
28.405634,18,2519.858897,True,False,False,1.9006018357310732,2.018693211247172
30.654725,39,2520.138252,True,False,False,3.476517237912021,2.62740896632503
29.224598,27,2520.344922,True,False,False,2.6859888541797057,2.203852881595604
38.617608,49,2520.683447,True,False,False,4.168459866282701,4.10516119140745
35.793345,32,2520.875122,True,False,False,3.7610240355414324,3.4866187455478266
29.532574,27,2521.028244,True,False,False,2.8646630004526794,2.3377629769871393
28.175838,28,2521.198059,True,False,False,2.5169711474023715,2.118316992472902
28.36416,24,2521.343983,True,False,False,2.221815522068759,2.0925509671167517
30.562068,37,2521.547457,True,False,False,3.3281657999178105,2.6375493946372313
30.38612,26,2521.683781,True,False,False,2.5721428431464757,2.438766431652532
-18.015489,6,2523.184616,False,True,False,0.520756159478949,6.28918581798229
-19.534538,35,2523.383995,False,True,False,1.8095947955677658,2.037511411588602
35.692779,35,2523.621262,True,False,False,3.190239035995672,3.3776327542419637
29.481379,24,2523.790071,True,False,False,2.355955492090191,2.2169338163038588
-12.122215,40,2524.07048,False,True,False,2.7210741169222636,4.264615210664313
28.840478,25,2524.253,True,False,False,1.9622905456205568,2.06648245054732
29.84118,24,2524.420129,True,False,False,2.203445114351956,2.2708425453263126
35.304994,40,2524.704994,True,False,False,3.252831797720769,3.4102732997712506
41.387092,64,2525.162814,True,False,False,7.5686914614516,4.867619812975184
31.424713,35,2525.420107,True,False,False,3.1436313077206055,2.679066819573711
50.404798,62,2525.898288,True,False,False,6.516534654487782,6.3972663155609935
43.66919,53,2526.30001,True,False,False,6.07577789748681,5.237355235798797
29.16793,72,2528.349243,True,False,False,6.560267754636644,2.7616636587927275
42.689945,52,2528.64753,True,False,False,5.81996693280298,4.990106742100422
30.309566,25,2528.822959,True,False,False,2.177469461013172,2.3509437676764993
-14.611489,18,2528.944552,False,True,False,1.917186159249898,5.496647582734337
33.382719,34,2529.150836,True,False,False,3.188072197760795,3.0368296411219746
25.803585,13,2529.230968,True,False,False,1.3987052142209286,1.5162167244535847
40.363699,44,2529.498874,True,False,False,4.276491024408997,4.329087754867266
40.659224,45,2529.808978,True,False,False,4.835141181150267,4.351923490007863
30.121109,35,2531.177598,True,False,False,2.407209582091651,2.5335419854355936
46.687285,44,2531.480931,True,False,False,5.802009286871018,5.610617679685985
45.76233,51,2531.789237,True,False,False,5.445838008190192,5.487578406764903
44.361259,55,2532.107687,True,False,False,6.548868702212938,5.445443147958151
33.706727,49,2532.382796,True,False,False,3.316457060303498,3.2516211112126205
35.049896,51,2534.276048,True,False,False,3.6434208083454522,3.512844591215148
26.375623,18,2534.37312,True,False,False,1.8566500319115287,1.6319962287046486
46.231168,53,2534.723314,True,False,False,7.723229989712815,5.630627051698477
36.255518,38,2534.924128,True,False,False,3.6199475924257816,3.5654554808323176
31.307248,40,2535.129492,True,False,False,4.658589334205486,2.753067452253599
42.327577,41,2535.348044,True,False,False,5.350698132368465,4.8211532447152825
38.17301,62,2535.670256,True,False,False,4.723442775194019,4.293677268858666
37.651104,31,2535.835787,True,False,False,3.981725680821563,3.837511579725082
39.769811,43,2536.068826,True,False,False,4.886329386985238,4.32266683672889
48.54595,54,2536.364162,True,False,False,6.062943781776488,6.0647061287732456
50.75771,56,2536.687398,True,False,False,7.01998192012876,6.3773225635807185
51.201357,87,2538.862967,True,False,False,8.485716673635231,6.886100258669876
47.027761,60,2539.263112,True,False,False,6.888399169760288,5.694661116552325
48.223671,73,2539.73444,True,False,False,6.707184827425218,6.100272446818103
45.626244,36,2539.982309,True,False,False,5.301592065072639,5.370355917306971
30.043044,26,2540.15814,True,False,False,2.2223847877415532,2.2902166981707013
44.300385,48,2540.47374,True,False,False,5.548548534832535,5.167939274075428
46.036243,90,2541.066598,True,False,False,7.506228995914982,5.979611707117212
26.461293,28,2541.240032,True,False,False,2.6044443498405996,1.7440365429391909
30.587349,51,2541.565216,True,False,False,3.9076410962363153,3.0088756709225244
31.259872,35,2541.753549,True,False,False,2.649887148518157,2.6415063651052226
34.520983,32,2541.942976,True,False,False,3.725692397104469,3.3068334323431396
38.290606,44,2543.793999,True,False,False,4.596296014259779,4.207142522111616
45.024735,50,2544.137457,True,False,False,5.963348919234096,5.475385002489436
45.526522,62,2544.576213,True,False,False,5.289592117986468,5.41981877388595
34.616925,44,2544.883417,True,False,False,5.180738366362351,3.4523210279824634
50.40757,85,2545.42354,True,False,False,7.060008314433426,6.619705642267298
35.513438,62,2545.879853,True,False,False,6.061784064972382,3.7358889271994618
38.815199,52,2546.205032,True,False,False,5.165068868458358,4.20051539617914
35.740845,38,2546.424302,True,False,False,3.8759212136376826,3.541349823486116
37.273824,43,2546.689623,True,False,False,3.912815401182592,3.739353425134198
42.87236,40,2546.928989,True,False,False,4.8111252097673605,4.855074135087103
37.510519,44,2548.644897,True,False,False,4.239378412818711,3.9045454121384164
43.393251,70,2549.060474,True,False,False,5.391939882331342,5.050597998791911
32.207362,50,2549.33534,True,False,False,5.278105460923309,3.2819228298129297
50.12189,72,2549.765439,True,False,False,7.150747083963843,6.7668130339749535
38.455807,43,2550.026865,True,False,False,4.750937360333,4.150075170325387
42.717354,50,2550.301252,True,False,False,5.64417842651934,4.899932750502582
35.157059,37,2550.520156,True,False,False,3.572051936532638,3.3761268229802677
28.20858,35,2550.72531,True,False,False,2.1733441738151864,2.1049986349688155
38.81974,50,2551.003274,True,False,False,4.238843961680903,4.238696246814711
47.655138,79,2553.172793,True,False,False,7.424532969947452,6.10793649027389
46.709409,55,2553.555594,True,False,False,6.077009625050413,5.596292048840654
37.321768,45,2553.877289,True,False,False,4.079314678824151,3.939095739943853
31.94884,22,2554.028339,True,False,False,2.5885681030199277,2.7330354900877
37.104615,39,2554.299739,True,False,False,3.694290164925623,3.6903868281171963
39.445122,63,2555.875653,True,False,False,5.035456823968539,4.4250692387663335
47.448897,52,2556.223211,True,False,False,6.063802350739264,5.907869543102105
35.042142,46,2556.473091,True,False,False,4.0365503991075995,3.514329763083575
33.660665,29,2556.623003,True,False,False,2.945665409670683,2.9941403515962595
41.987704,63,2556.96084,True,False,False,6.597458158151458,5.051753525665742
37.60225,32,2557.136385,True,False,False,4.13049865818528,3.880236513983409
36.979,52,2557.425478,True,False,False,4.005582642447167,3.889030387380051
38.72715,39,2559.165649,True,False,False,4.5685776463286425,4.031040738838985
40.708191,45,2559.425802,True,False,False,4.821059863152026,4.630431361434731
49.403345,61,2559.81051,True,False,False,7.131268676737838,6.203022414868367
45.271033,47,2560.080932,True,False,False,5.913536760664605,5.3524281867601
44.549582,74,2560.510289,True,False,False,5.969051384595014,5.425502082256928
45.170111,47,2560.833875,True,False,False,5.558078143047764,5.363619665216869
33.837854,34,2561.076561,True,False,False,3.8831982946229937,3.075552645553855
37.374266,50,2561.427128,True,False,False,4.100267665757486,3.9271790390453365
38.412082,33,2561.647503,True,False,False,4.126464773650392,3.927095257036382
42.588752,61,2562.076329,True,False,False,5.402779648489175,5.071789504733252
27.260363,20,2562.192776,True,False,False,1.716429212512668,1.7857117202958463
45.754929,60,2564.305091,True,False,False,5.902952663742481,5.604740189793111
34.081636,39,2564.591155,True,False,False,3.2952178109422876,3.153622543253626
36.202642,48,2564.930309,True,False,False,5.0895616129445385,3.803338920127836
41.385966,73,2565.439177,True,False,False,6.632773834214951,5.143568698554191
47.126393,77,2565.920545,True,False,False,6.497434906043848,5.853236269259986
36.755204,51,2566.254323,True,False,False,4.947766041899084,3.90125602010248
41.815452,90,2566.87818,True,False,False,5.170502575746578,5.086868167730743
37.719192,50,2567.17792,True,False,False,4.673666536798736,3.9561917466948278
32.512677,28,2567.331372,True,False,False,2.9416769352557357,2.9205883610133925
34.229864,22,2569.454805,True,False,False,3.0040965126325823,3.1694062273970287
42.38745,61,2569.875755,True,False,False,5.384448232857731,5.011406733330652
32.181222,34,2570.113149,True,False,False,3.7108456235388427,2.826970661778437
41.950921,47,2570.452153,True,False,False,5.258554348630939,4.796774240317045
44.719609,56,2570.806817,True,False,False,5.926219390822444,5.410644522099019
40.596375,36,2571.008606,True,False,False,4.39560238058329,4.359415839751149
30.077018,21,2571.126458,True,False,False,2.17588025494425,2.2945100274418406
40.739087,36,2571.348246,True,False,False,4.717546696238521,4.454763937047118
47.50084,75,2571.861388,True,False,False,5.870935042535633,5.828330510986243
38.106864,86,2572.45767,True,False,False,5.4728811957677905,4.535600301885693
31.026458,30,2572.665516,True,False,False,2.6200907993818254,2.572945251114238
38.74962,58,2574.66429,True,False,False,4.9853985789901625,4.481398211636631
36.753406,35,2574.903354,True,False,False,3.9447390902916775,3.722115769262433
35.038487,39,2575.131754,True,False,False,3.659276549816733,3.4179179259794927
36.512115,43,2575.3752,True,False,False,4.064206644177235,3.740135843611248
42.034928,57,2575.706185,True,False,False,4.72707445645943,4.72573374343262
34.20136,67,2576.087981,True,False,False,4.8298289957611225,3.4660042184491346
35.565768,31,2576.288318,True,False,False,3.600031288730754,3.4175720278875645
35.154122,49,2576.583479,True,False,False,3.3919499661512043,3.4613103375898078
37.349068,31,2576.802286,True,False,False,4.099429250290846,3.7236526996352324
39.363259,34,2577.032741,True,False,False,4.159015205659928,4.13149987737571
29.500554,22,2577.185938,True,False,False,2.023927900190672,2.1963330234588736
-16.679117,12,2577.26315,False,True,False,0.9536571321508092,2.8869666166783547
30.452368,27,2577.452257,True,False,False,2.5569737211124197,2.417605749170034
44.56964,55,2579.448545,True,False,False,5.819067282879782,5.17509409309202
31.038312,30,2579.648963,True,False,False,2.7139307115844473,2.6381074797351993
39.880773,49,2580.989716,True,False,False,5.812661265887403,4.568249633009284
48.923317,60,2581.325167,True,False,False,6.954005832203102,6.250162162287233
31.485108,27,2581.472719,True,False,False,2.7506954134672603,2.7016440676792484
32.110017,28,2581.626484,True,False,False,3.95861361556287,2.8108672019492116
37.925218,49,2581.88739,True,False,False,4.705198432739733,3.9602926323878624
30.145164,23,2582.011866,True,False,False,2.2242246692501966,2.355372918190096
27.645991,22,2582.131145,True,False,False,1.7489849531910462,1.816876997992486
38.618443,38,2582.336728,True,False,False,4.4224476580039855,4.113336415070164
41.182977,35,2582.524426,True,False,False,4.543639370521894,4.41804637668898
27.991165,48,2582.776165,True,False,False,5.314381976177545,2.3134272279857884
44.333812,62,2583.105212,True,False,False,5.459195340747454,5.33599140776661
41.619452,72,2584.740138,True,False,False,8.01689161696211,4.973984758945053
49.132876,44,2584.965968,True,False,False,6.430863792293445,6.052315209418175
38.722496,44,2585.197488,True,False,False,5.099705947857188,4.155702193100938
47.796132,49,2585.456234,True,False,False,6.491535288103562,5.918341155334666
32.999591,44,2585.698895,True,False,False,3.358028053818352,3.0394933618958464
29.29792,21,2585.807742,True,False,False,2.0003951366261985,2.22787252063825
28.4045,22,2585.917742,True,False,False,1.9852952558216914,1.9285992992787169
34.604528,47,2586.165198,True,False,False,3.714644916835694,3.5823112337513994
35.682268,43,2586.38741,True,False,False,3.6082163922383073,3.5044976790298406
28.404978,22,2586.50327,True,False,False,2.1068274862415843,2.0613045900479436
44.770504,58,2586.804457,True,False,False,5.611814824297572,5.213000386497569
42.456575,55,2588.553383,True,False,False,5.7221482423579,4.933549175007865
28.249507,34,2588.774902,True,False,False,2.4204589818800364,2.033159851978371
34.801759,46,2589.097859,True,False,False,3.8287789591420194,3.425658317749273
29.334625,25,2589.271449,True,False,False,2.1644030269175176,2.1428808349287225
39.969984,44,2589.58333,True,False,False,4.5344233147687065,4.276252670733165
35.228178,31,2589.796665,True,False,False,3.9927580965436245,3.3417019646992054
48.337664,86,2590.3347,True,False,False,8.170434844186905,6.647744599221037
26.318947,14,2590.410468,True,False,False,1.716415688724601,1.5497923457279226
26.471021,16,2590.506124,True,False,False,1.3878119419000507,1.6179713428998006
45.545885,46,2590.782467,True,False,False,5.670458745114937,5.459621945242244
41.222074,37,2590.996582,True,False,False,5.2278624145986266,4.50402299215808
28.64317,39,2591.232842,True,False,False,2.838391222055103,2.2034371292616264
37.784078,25,2591.410718,True,False,False,3.5974384924278886,3.8311384513245685
28.749148,20,2591.549914,True,False,False,1.9909255139368596,2.053640660057136
44.255357,59,2593.520196,True,False,False,5.997725754942885,5.349246530025491
36.798089,41,2593.790527,True,False,False,3.6008299605583676,3.7383368339443144
32.756342,33,2593.977482,True,False,False,3.6923138452305246,3.18356761791007
26.627288,25,2594.115436,True,False,False,1.537134923928646,1.7237384710599633
35.861656,45,2594.374485,True,False,False,4.273614295692051,3.718997908176368
48.08778,59,2594.707109,True,False,False,6.5863498259385995,5.976456514352239
46.197341,55,2595.025126,True,False,False,5.865605603648025,5.706560987246624
37.884068,37,2595.286101,True,False,False,3.887313609517196,3.8543268641616018
35.691788,50,2595.583605,True,False,False,3.9274472566913774,3.5404502741435624
34.321971,41,2595.85181,True,False,False,4.144771567131526,3.4023902605989775
28.099139,41,2596.135287,True,False,False,3.426818904005298,2.167462403773695
-19.26982,5,2596.17354,False,True,False,0.3807700377629063,2.699841347645481
29.683,65,2598.328774,True,False,False,4.762086359785762,2.8189147695714993
37.984662,35,2598.567319,True,False,False,3.9645452279516245,3.9804848688781687
46.37088,58,2598.983628,True,False,False,5.915389764998698,5.746160104438287
47.19072,54,2599.354487,True,False,False,6.103226935136613,5.829703964935441
29.799044,40,2599.628011,True,False,False,3.0112858427407865,2.4564147287306377
40.53999,65,2600.052809,True,False,False,6.34537134345291,4.852367517843726
-19.158285,10,2600.105303,False,True,False,0.5789417281994544,3.682454484622837
34.523515,30,2600.261251,True,False,False,3.637369572527141,3.3056143238237126
31.951627,35,2600.439119,True,False,False,3.6083440292276294,3.080332134614588
41.253273,65,2600.892542,True,False,False,5.548228548711285,4.961562082741363
35.527995,62,2601.326762,True,False,False,4.942572022156979,3.6962936215819693
30.243406,38,2601.587468,True,False,False,3.7314321201358047,2.476777829129207
33.425116,39,2603.433272,True,False,False,3.1334974409003826,3.1329672965148427
29.205321,23,2603.593457,True,False,False,2.0881328783560993,2.194184266476589
35.185934,33,2604.61117,True,False,False,3.80314848100008,3.3770177375897386
34.889356,36,2604.852941,True,False,False,3.848775188456473,3.539462578836115
33.097928,29,2605.056742,True,False,False,3.4759554788477915,3.041310229163768
37.549008,40,2605.347982,True,False,False,3.659254883014096,3.772955477899174
43.9397,48,2605.69454,True,False,False,5.632446055732463,5.1612088101846085
32.370194,43,2606.014184,True,False,False,3.4073137680693737,3.02197178948302
34.490351,21,2606.162938,True,False,False,3.145309365698904,3.056638387693935
35.22506,31,2606.357696,True,False,False,3.462902598580344,3.345171995803884
31.918963,44,2606.64145,True,False,False,4.8036754165748015,3.2939999962355606
45.519104,57,2607.000164,True,False,False,5.775934962610416,5.4150561802398505
39.294424,50,2607.319669,True,False,False,5.525796579628632,4.613967919396721
39.882233,39,2609.117644,True,False,False,4.391211590855357,4.39659967440513
-19.039859,22,2609.277114,False,True,False,1.6581968647085983,4.787062316753848
30.876777,44,2609.589765,True,False,False,3.9823615027768153,2.900298294112582
36.522519,49,2609.91986,True,False,False,3.6971596659549295,3.741642191946176
40.370684,46,2610.183855,True,False,False,4.564880541481831,4.341077112532421
26.701672,13,2610.251879,True,False,False,1.7560121331251874,1.6395077103737885
28.210182,43,2610.471941,True,False,False,4.440961158278291,2.364329832731446
30.775418,24,2610.60092,True,False,False,3.1928734655595004,2.472280037285052
46.015718,45,2610.898373,True,False,False,6.08729807130925,5.503599980016351
27.99834,19,2611.022924,True,False,False,1.951031959208058,1.8723640879099905
46.354588,86,2611.631201,True,False,False,7.209537072673685,5.989368826025124
41.812782,48,2611.918798,True,False,False,4.6135121669840045,4.685028865779205
34.65087,50,2612.223215,True,False,False,3.5589895865690617,3.4248518166891575
28.291527,25,2613.938545,True,False,False,2.262252232129668,2.05031580723302
40.323158,70,2614.393306,True,False,False,4.543955873269739,4.562648627973517
36.1545,36,2614.612712,True,False,False,3.658013576901658,3.606295516782075
44.56369,56,2614.939408,True,False,False,6.0509715274437745,5.303377437560886
30.84773,33,2615.128292,True,False,False,2.4743430382076648,2.5796780370248005
31.694281,23,2615.257928,True,False,False,2.3528340274362507,2.507161056354191
28.356209,18,2615.365229,True,False,False,1.9063292446651487,1.9466181999584122
48.913759,65,2615.816467,True,False,False,6.652519579512726,6.119362339748605
30.85175,30,2616.002061,True,False,False,2.829510227480414,2.644865062521996
29.585256,39,2616.250977,True,False,False,3.505147758512001,2.4402678829442324
41.701671,62,2616.634179,True,False,False,4.79092335520724,4.842769473949344
30.740405,19,2616.774743,True,False,False,2.8580915504170608,2.5508517827197377
38.566933,60,2618.907648,True,False,False,5.211905992661951,4.143493307056036
25.696877,24,2619.07623,True,False,False,2.7012909803978857,1.6208004739783952
42.894245,63,2619.466129,True,False,False,5.561881443481816,5.032841024042538
36.466217,44,2619.711981,True,False,False,4.660193898424978,3.7232558036516714
38.22499,49,2619.985425,True,False,False,4.588715396818375,4.108348077473191
40.97704,54,2620.300646,True,False,False,4.732322978707804,4.531588572033711
32.010319,50,2620.611095,True,False,False,4.38764443304612,3.005043814104464
39.386163,54,2620.927279,True,False,False,4.713911978226913,4.327511904625631
51.232414,63,2621.291213,True,False,False,6.898045291478736,6.6524241905007795
53.786145,106,2621.910156,True,False,False,9.497870557960901,7.895748476385489
39.720219,44,2623.689955,True,False,False,4.136448497494916,4.274698064613453
-17.781719,17,2623.805071,False,True,False,1.3993862081411093,4.378275269107588
33.497079,27,2623.987251,True,False,False,2.748453796493717,2.98723507417332
32.526046,42,2624.282796,True,False,False,2.873168894374047,2.879194565251894
-8.038698,29,2624.487689,False,True,False,3.0349504845980007,5.314746773287598
43.503665,60,2624.860429,True,False,False,5.902093383802172,5.322641053391098
-10.785423,21,2625.010729,False,True,False,2.307249999315465,2.951398557036782
35.168024,41,2625.252716,True,False,False,4.56616715050149,3.522286680070735
34.600659,36,2625.451,True,False,False,3.1579266858535875,3.208094837677271
31.910375,25,2625.585946,True,False,False,2.5157688359032533,2.5916641875522837
30.514915,33,2625.785675,True,False,False,3.2766505787730797,2.6458735797345114
38.161113,40,2626.018601,True,False,False,4.04231750739117,3.9358686475288773
40.777584,45,2626.294599,True,False,False,4.590651457942774,4.465271574686484
49.642577,72,2629.858419,True,False,False,6.9416182872024725,6.230464641731644
45.160269,38,2630.166729,True,False,False,5.709455950015779,5.285524618892338
28.787981,30,2630.45932,True,False,False,2.3513826630509866,2.12839714042637
37.104045,40,2630.747047,True,False,False,3.6758818282557595,3.711705926820761
46.290875,50,2631.130841,True,False,False,5.904849175266723,5.622142433967742
41.780646,73,2631.687819,True,False,False,6.4171673203993835,5.091269542135701
-11.560063,35,2631.904404,False,True,False,2.2488215517468984,5.646038680758502
31.548467,36,2632.165676,True,False,False,3.1531364354568656,2.7246204318675424
30.410819,32,2632.369143,True,False,False,3.3102966042580095,2.5430275972500413
30.314464,18,2632.470615,True,False,False,2.441080009211936,2.3335284898074917
53.572789,87,2632.961411,True,False,False,8.746238991742391,7.342555678712827
34.555448,58,2635.139063,True,False,False,5.524928493590027,3.4897443100536933
42.713822,42,2635.436579,True,False,False,4.669080802845849,4.814867973268196
27.180967,21,2635.579507,True,False,False,1.7079429208805623,1.7184935498402916
32.889096,53,2635.944743,True,False,False,3.762877287442084,3.123190901956274
28.62449,25,2636.123361,True,False,False,2.0340242096886687,2.0804891188022676
35.06944,31,2636.329457,True,False,False,3.173953542865638,3.2812779563424153
-19.976582,5,2636.362195,False,True,False,0.2908367632723037,4.482405403720593
33.053032,35,2636.604003,True,False,False,3.0144964762352227,2.929090429086038
35.012156,60,2637.031425,True,False,False,5.913927999582982,3.6843262430603687
43.863866,58,2637.431454,True,False,False,6.0140890342498325,5.20928211519841
-18.540014,5,2637.470691,False,True,False,0.4358804778168099,2.7067035785832583
33.285806,36,2637.714245,True,False,False,2.885429648197069,3.0179937707527116
26.443044,13,2637.798462,True,False,False,1.42324758773649,1.5794513427849624
43.04764,44,2638.057142,True,False,False,4.961179657851337,4.984747219362935
34.034622,32,2638.270665,True,False,False,4.126599223879305,3.108052240754121
35.863986,40,2638.555158,True,False,False,4.6605516844578,3.626656927089182
36.09664,46,2640.590649,True,False,False,3.7291700300829183,3.570947273456063
28.421411,17,2640.71206,True,False,False,2.2409461993025546,2.0370011182399153
26.964147,15,2640.816444,True,False,False,1.4562625767836321,1.7178168471513864
35.696744,42,2641.122782,True,False,False,3.6122887860736044,3.5884961738822994
34.186604,37,2641.403515,True,False,False,3.4919717789754974,3.3242779468186616
34.970352,38,2641.716526,True,False,False,3.4051773358110946,3.3475908688778406
42.299464,70,2642.248283,True,False,False,5.622475439181555,5.180355258159845
43.43682,64,2642.715105,True,False,False,5.155112994031213,5.127758537926055
42.225947,90,2643.373325,True,False,False,7.018044895588158,5.382889175939145
27.086827,22,2643.531459,True,False,False,1.8221482570087804,1.8230514859434437
48.528852,64,2644.002293,True,False,False,6.405097473744657,5.981784205350124
37.651819,46,2646.145687,True,False,False,4.004904317067255,3.8857723175743786
44.943121,70,2646.669864,True,False,False,6.301313356385912,5.397830307894103
40.505184,52,2647.077743,True,False,False,4.9680235728321405,4.662992295220126
-11.156731,30,2647.299365,False,True,False,3.382380165332272,6.782318615163521
31.565178,32,2647.557122,True,False,False,3.6042962411563355,2.7542009954068694
29.376947,20,2647.708187,True,False,False,2.358255407398279,2.1849491574882354
-13.36303,13,2647.808871,False,True,False,1.4961156228224062,5.580080861920445
43.597793,58,2648.244482,True,False,False,6.411467125692133,5.309358226359442
50.526022,108,2649.059449,True,False,False,7.34580346646932,6.816479938898416
29.248025,21,2649.218998,True,False,False,2.099369697114251,2.1305962578603164
40.652723,57,2649.653796,True,False,False,5.646492373041277,4.6534037001741
38.048759,38,2651.924214,True,False,False,4.25304821947823,3.8969607038805
27.729084,26,2652.12892,True,False,False,2.521473474050722,1.9318027392030754
40.012762,40,2652.439573,True,False,False,4.057054417636248,4.195487666074469
30.183643,31,2652.692414,True,False,False,2.744457216877709,2.408510287314461
39.350564,50,2653.088168,True,False,False,4.496910408784982,4.29016445040297
46.816141,55,2653.513853,True,False,False,6.150543460941321,5.6554818440076
32.128296,27,2653.720888,True,False,False,3.5056630888603046,2.6904017973077123
35.507571,53,2654.138851,True,False,False,4.080543383856103,3.6734135980260816
52.833066,73,2654.700118,True,False,False,9.09703195398197,6.941637598619674
51.238002,55,2655.130646,True,False,False,6.611632713728969,6.539866965234351
26.370578,12,2655.221678,True,False,False,1.4289404594147668,1.5120638630601366
28.156444,31,2656.832361,True,False,False,2.0266234598670136,2.06025434101919
46.092788,66,2659.355526,True,False,False,5.72026073521429,5.558719703007744
35.902221,43,2659.696104,True,False,False,4.268885011130734,3.5351578291174306
47.837155,68,2660.217609,True,False,False,6.333759833773452,6.216203874925475
38.220346,37,2660.505145,True,False,False,4.140282493164665,3.9887555387651186
36.440509,47,2660.868262,True,False,False,3.8021667100987413,3.760444259054437
30.168085,22,2661.037128,True,False,False,2.291450116425485,2.4316059950745843
35.044309,50,2661.428817,True,False,False,4.808488725599731,3.5679663048595036
34.967509,37,2661.706379,True,False,False,4.055181614717309,3.3675063576397095
36.586127,53,2662.123116,True,False,False,3.901075874657607,3.6734591280311064
48.600324,74,2662.771166,True,False,False,6.945194293089437,5.96871025843297
41.108642,34,2663.042229,True,False,False,4.719730039256501,4.440126737698057
36.725027,48,2665.744904,True,False,False,5.513290533181422,3.9484744432615377
53.199534,105,2666.811345,True,False,False,7.543284262752987,7.230076824047457
47.013454,77,2667.572938,True,False,False,8.438853999845424,6.12841934051038
37.508297,49,2668.02462,True,False,False,4.023294528622728,3.902818992631942
39.877452,50,2668.467566,True,False,False,4.675572520761291,4.471131052481443
40.232683,61,2669.024305,True,False,False,5.0046201436416045,4.655660158048929
35.375577,41,2669.373574,True,False,False,4.467864405220004,3.5322322953182725
29.236221,28,2669.598311,True,False,False,2.264860166711829,2.20799331249313
37.364093,49,2669.953917,True,False,False,4.854969410178348,3.9929283031054306
33.52236,47,2672.150983,True,False,False,3.250640479788319,3.1422271549404623
30.948135,31,2672.388724,True,False,False,2.753278133346545,2.658962961856021
30.081394,33,2672.663918,True,False,False,2.626652059547287,2.4019059191434446
31.323297,25,2672.899719,True,False,False,2.7466950586428087,2.522529527486444
37.839281,36,2673.238737,True,False,False,3.854351515745705,3.8271100488770493
30.575255,34,2673.562773,True,False,False,2.5214259054834858,2.600944082197821
29.005285,32,2673.828934,True,False,False,3.0446247382927383,2.3196718337578424
29.474889,35,2674.141247,True,False,False,2.688916155847428,2.421311333053169
29.94495,50,2674.581707,True,False,False,4.0270642411248385,2.6371789498599894
46.260122,79,2675.244042,True,False,False,5.920704966062832,5.737999305161258
43.404062,40,2675.545302,True,False,False,5.9068402121491,5.012744592836085
38.016744,72,2676.097168,True,False,False,6.809099807855416,4.464957926694275
43.176879,58,2678.552693,True,False,False,6.197156949058959,5.2460190157623074
2.490435,60,2679.011618,False,True,False,7.42998656908486,5.6107347552339375
42.014503,36,2679.280207,True,False,False,4.889040099668031,4.583655384741605
36.051284,45,2679.613557,True,False,False,3.646421507817203,3.674671021036889
28.255814,26,2679.799069,True,False,False,2.1405563510894132,2.0697400498436442
43.451057,37,2680.061576,True,False,False,4.89998573827304,4.940742101567783
28.407034,20,2680.208152,True,False,False,1.883875306399805,1.979568747519262
46.232779,83,2680.918696,True,False,False,7.091898465172562,5.845637334151451
37.989804,100,2681.871922,True,False,False,5.89900431067192,4.978054723175638
45.049263,48,2682.261985,True,False,False,5.572900468390048,5.2852302573434775
39.689702,48,2684.731447,True,False,False,4.171233092844479,4.379806602430319
30.34488,17,2684.870151,True,False,False,2.1539491674551026,2.3011771291756244
28.480961,21,2685.067938,True,False,False,1.900279574642772,2.0229006131041114
26.352416,12,2685.181333,True,False,False,1.3909142675920552,1.5958545892313853
38.009864,29,2685.468984,True,False,False,3.8572659917496184,3.7741215547377647
38.238282,42,2685.794528,True,False,False,4.072099094726949,4.027755208616802
41.759123,47,2686.17445,True,False,False,5.572514988965651,4.739427151125705
33.522228,31,2686.417941,True,False,False,3.0395148876516482,2.9653574248801564
45.554388,80,2687.09819,True,False,False,6.336264481707379,5.654863969131955
42.013132,43,2687.476389,True,False,False,4.664155460491768,4.720583626212543
33.077451,25,2687.664964,True,False,False,2.645334720366831,2.837858111743884
33.031649,35,2689.29953,True,False,False,4.046884377975276,2.913677782556772
32.613429,43,2689.633995,True,False,False,3.340264280301392,3.20306806152637
36.715613,38,2689.930523,True,False,False,4.660427196418138,3.7968840047171613
-9.585571,22,2690.104274,False,True,False,2.545752556276839,3.842118878594118
35.128599,42,2692.394074,True,False,False,4.357538386303219,3.4844563304835985
41.372708,48,2692.795767,True,False,False,4.718299098353876,4.708539246107678
34.197226,38,2693.081306,True,False,False,3.1575967799406426,3.158415559191921
27.428052,21,2693.234583,True,False,False,1.658065453779392,1.7638466684414618
31.684548,29,2693.463606,True,False,False,2.862923776620548,2.717676578878235
35.751569,45,2693.806286,True,False,False,3.7755390941604436,3.5365914657376534
40.146028,34,2694.066833,True,False,False,4.595912249715113,4.241972285437863
34.022889,79,2694.686795,True,False,False,4.6411684154942385,3.791473571817096
35.748073,47,2695.048858,True,False,False,3.4580342339123775,3.5799574300839403
28.66714,36,2695.315196,True,False,False,2.131036105340883,2.257057882301495
44.884669,50,2695.72547,True,False,False,5.545780699578791,5.487151347280431
51.020993,62,2698.031451,True,False,False,7.600070517480663,6.57078680861356
35.576235,32,2698.240596,True,False,False,3.3249279729120804,3.39427565406695
28.552745,18,2698.360919,True,False,False,2.035312710485266,2.000390785369932
32.5177,17,2698.482002,True,False,False,2.692909719973292,2.7907224055440523
43.731294,56,2698.902483,True,False,False,5.151052787112989,5.026768280583851
34.292421,43,2699.237128,True,False,False,3.9335078395237923,3.5444897737957564
40.159023,47,2699.595811,True,False,False,4.453286923291549,4.467342675467591
26.951838,20,2699.759559,True,False,False,1.581171697123128,1.6651286537803585
38.971991,52,2700.164476,True,False,False,4.13459286506567,4.182647968073795
45.0352,58,2700.610788,True,False,False,5.7414112495511365,5.526217067955737
43.556945,55,2701.039496,True,False,False,4.927660822588941,5.045021396236137
30.016592,19,2701.205101,True,False,False,2.273754886516801,2.365704324017256
41.406572,93,2703.957832,True,False,False,8.187420677915403,5.383520962552154
43.161433,36,2704.267024,True,False,False,4.764069660031992,4.858659325979694
33.923165,37,2704.576525,True,False,False,3.482511362127591,3.1756788850072835
40.52673,40,2704.893496,True,False,False,5.12788423406912,4.655127985475481
36.065745,44,2705.237502,True,False,False,3.7771186031960537,3.5473745891633066
53.88686,71,2705.769542,True,False,False,7.6660135083372785,7.05391504605955
31.88949,23,2705.94258,True,False,False,2.821040583701962,2.648806614908217
28.437942,19,2706.08699,True,False,False,1.8955295668276269,1.964417981004108
33.128791,43,2706.432355,True,False,False,4.176589925271569,3.147211871192301
39.219173,56,2706.874764,True,False,False,4.823276312822427,4.2643478707905365
27.525991,24,2707.065331,True,False,False,2.1914603251794404,1.9229064334930144
42.390492,62,2707.561062,True,False,False,5.3569605834100305,4.908467380247066
32.046649,42,2707.892369,True,False,False,4.219957454511794,2.931200493118246
28.03393,33,2710.332623,True,False,False,2.178913904175346,2.1888344882000754
40.603294,38,2710.636224,True,False,False,4.572071607213047,4.4918312256025
39.380054,35,2710.914011,True,False,False,4.13726295412008,4.10682281293359
42.710984,79,2711.565963,True,False,False,5.344775882146942,5.125456097406764
36.312908,34,2711.842534,True,False,False,3.6003783873685697,3.5244146008546995
31.847938,31,2712.089063,True,False,False,2.858344010591077,2.714757671147814
35.529028,25,2712.2747,True,False,False,3.3515699159207863,3.400283292760203
31.554542,116,2713.311433,True,False,False,8.126038898316073,4.022316146876258
30.626204,23,2713.521951,True,False,False,2.7271414285196727,2.4292295154813166
40.430539,52,2713.952452,True,False,False,5.258679867950107,4.79257632123268
29.649572,16,2714.105802,True,False,False,2.1223767941344502,2.1333629733450286
30.330953,22,2714.31412,True,False,False,2.7945489115289015,2.5697727734147544
37.277905,39,2716.529325,True,False,False,3.9032599450132053,3.796179796627784
39.140984,57,2716.993269,True,False,False,5.240247738361191,4.441192858268771
48.364894,63,2717.51909,True,False,False,6.4746015067917,6.102926053178217
29.541586,25,2717.705781,True,False,False,2.171020219437926,2.1886804031974685
42.41808,33,2718.004004,True,False,False,4.6670668590668996,4.728832027875455
42.956099,70,2718.643499,True,False,False,5.070947238117061,5.022427559546711
45.819444,42,2718.993524,True,False,False,5.357994837588343,5.3674560623494045
-9.941562,22,2720.54085,False,True,False,2.1460124692784817,4.941807252728578
37.102532,43,2720.977945,True,False,False,3.9218211556486553,3.7831912480845866
37.396037,34,2721.28374,True,False,False,3.9534941186552874,3.801799135743585
-15.589671,50,2721.641312,False,True,False,2.2877972104819264,4.167538187325721
31.546441,54,2723.991978,True,False,False,3.0194660725125666,2.929196031181276
33.851557,46,2724.353403,True,False,False,3.5189132224642563,3.2288259529107237
37.526938,65,2724.9165,True,False,False,5.192747090298572,4.098445405196118
30.400381,50,2725.36252,True,False,False,3.2477135495134544,2.703453032759725
30.904605,24,2725.565559,True,False,False,2.7095410550390007,2.5624479549702843
38.08084,38,2725.846821,True,False,False,4.0826851649330935,3.9217668543616884
32.509036,42,2726.155283,True,False,False,2.884685513014596,2.929013552279639
34.677536,30,2726.381975,True,False,False,3.066549039232975,3.262656914249662
34.252477,27,2726.588035,True,False,False,3.490118048700921,3.1642347041684538
-28.85043,14,2726.691561,False,True,False,1.5533495567879119,7.242094032834811
39.316758,58,2727.153372,True,False,False,5.3087719008602114,4.304757291520404
33.733017,45,2727.592743,True,False,False,3.767263733971366,3.1799150317787857
31.257421,29,2727.852492,True,False,False,2.542232848358362,2.6502500768697246
41.187093,44,2730.185647,True,False,False,5.467295859544755,4.598971063527954
46.37219,56,2730.66524,True,False,False,5.7180752469841405,5.726735204869242
39.843153,37,2730.931916,True,False,False,5.135691671085776,4.2822243773525654
36.582426,46,2731.357312,True,False,False,4.088802555199041,3.6933150163129156
48.786629,94,2732.117373,True,False,False,9.247936985580848,6.397370326166555
32.210886,34,2732.437722,True,False,False,3.1227936680632813,2.8841341680019164
28.009024,28,2732.670544,True,False,False,2.133694105979866,1.9917970993467786
37.943088,65,2733.186295,True,False,False,4.001914260953655,4.1176441198383005
36.21643,28,2733.401835,True,False,False,3.5344521019377946,3.4650835876434587
36.742719,43,2733.744715,True,False,False,4.506728536979402,3.6636680268853374
27.734473,26,2733.95637,True,False,False,1.9886142450315671,1.9307183759909827
42.635415,76,2736.484311,True,False,False,6.126430833488196,5.29993575757653
26.959564,72,2737.016365,True,False,False,5.918029682897261,2.739270029462075
52.14968,77,2737.563457,True,False,False,7.618840429165461,7.039671817397067
46.642425,59,2737.999754,True,False,False,6.298134565565072,5.701038710904519
38.901115,33,2738.252531,True,False,False,3.9530976058262306,4.095266788821134
31.990015,32,2738.495316,True,False,False,2.6607228833266627,2.711219453852817
41.953489,54,2739.011023,True,False,False,5.967593306605564,4.935897119201712
41.584068,45,2739.385604,True,False,False,4.751677451676526,4.6255004010661604
31.50475,59,2739.869933,True,False,False,4.73700816408172,3.205099900534057
33.817429,38,2740.162077,True,False,False,3.2869141935812216,3.205060235730167
29.609336,48,2742.45631,True,False,False,2.8326817750129654,2.42895960646609
25.86532,14,2742.568168,True,False,False,1.3073833634543404,1.5087666692002737
29.820521,27,2742.785299,True,False,False,2.3220847989922824,2.2796374111982076
26.360522,16,2742.905705,True,False,False,1.5422604410868381,1.5910082484636536
43.601967,59,2743.359957,True,False,False,6.122077238081454,5.316137735892579
43.985039,62,2743.850252,True,False,False,5.403977271221697,5.147719939838753
28.265103,32,2744.134763,True,False,False,3.3499778274365846,2.191591110770729
30.051471,24,2744.338458,True,False,False,2.119420410241297,2.3762293428350487
27.103113,18,2744.486876,True,False,False,1.593556056955374,1.6863227833612013
29.462614,56,2744.997568,True,False,False,4.522267239746568,2.50205115608914
48.388047,55,2745.437669,True,False,False,6.581987338865365,6.083105652851834
30.874546,25,2745.631422,True,False,False,2.742389023613805,2.5038236747433644
40.792666,55,2746.038965,True,False,False,4.583096395686194,4.442582539737695
39.957557,62,2748.488013,True,False,False,5.684461416113949,4.608140375007849
26.682358,22,2748.665123,True,False,False,1.8381695930455089,1.691499858307173
41.966894,67,2749.222958,True,False,False,5.66539441609352,5.0326012525764625
43.388461,54,2749.607544,True,False,False,5.707330572586519,5.176422230907509
35.759234,57,2750.04248,True,False,False,5.355848154298262,3.620499974982029
51.522939,69,2751.99106,True,False,False,7.295072490410329,6.761813551503054
45.169248,71,2752.547459,True,False,False,5.916797555794725,5.566220882960745
33.576765,40,2752.91639,True,False,False,3.1526028808944515,3.0484074660746407
37.542691,44,2753.29808,True,False,False,4.653277296776705,4.029595030707989
28.347039,24,2753.4982,True,False,False,2.2505423535870275,2.062655745761226
35.686089,33,2753.759814,True,False,False,3.5566288921393086,3.4757649021350963
26.879081,21,2755.763157,True,False,False,2.3025289641520366,1.7130888108757318
26.005769,59,2756.184916,True,False,False,5.110953088323033,2.107942870694987
46.049941,57,2756.585132,True,False,False,5.634867648052736,5.721939264738211
50.010396,56,2757.010341,True,False,False,7.381689489957301,6.322001294041924
46.244449,65,2757.52428,True,False,False,5.698895373616429,5.617610611008618
36.772907,46,2757.858575,True,False,False,4.126719214056688,3.716903355209847
42.024454,54,2758.270259,True,False,False,4.857495891909577,4.742225384655882
35.507733,36,2758.58586,True,False,False,3.7628002163123337,3.598344870603211
38.006326,39,2758.900336,True,False,False,4.497251687225545,4.042102620582554
32.688198,30,2759.135517,True,False,False,2.9432536700306344,2.8957525865263163
34.645282,29,2759.36401,True,False,False,3.5334759823135,3.3224105415488028
28.758619,21,2759.528139,True,False,False,1.840758230173671,2.0536863444882205
32.1468,32,2761.515572,True,False,False,3.010969932912691,2.8165581157671635
36.334128,63,2761.998371,True,False,False,4.426666810846366,3.7769625141505023
35.954513,41,2762.346832,True,False,False,3.5806893490933978,3.7444318351459205
37.026181,43,2762.753515,True,False,False,4.976412767968604,3.910077858171101
33.788566,27,2762.987319,True,False,False,3.185251159351099,3.0946908109911186
34.049104,61,2763.477152,True,False,False,4.3127067577993445,3.6204590043194105
34.260452,40,2763.783912,True,False,False,3.5952515031858945,3.4734802099872133
31.627493,38,2764.08752,True,False,False,2.7132267477167393,2.8082940791763846
29.37458,28,2764.30999,True,False,False,2.0448937181345346,2.2294102631980737
43.24799,52,2764.749927,True,False,False,5.1976671885679755,4.850975614062362
38.461747,54,2765.224728,True,False,False,3.9862912886696726,4.093322435597641
36.527141,32,2765.546057,True,False,False,3.8586205743803705,3.6594046257421384
42.08817,39,2767.841846,True,False,False,5.384851116322955,4.789067556796355
38.89858,44,2768.179824,True,False,False,5.839845058222625,4.301632150218269
35.704596,47,2768.537903,True,False,False,3.672043127879456,3.4700293970428127
41.221221,43,2768.89089,True,False,False,5.103778914197713,4.538712666196682
30.018209,23,2769.071192,True,False,False,2.291390554551277,2.3089587599618064
37.174483,32,2769.311906,True,False,False,4.032928389209797,3.7172883889929698
37.150398,46,2769.66735,True,False,False,4.291337085536827,3.8144743645581687
37.076521,42,2769.990288,True,False,False,4.200220691966028,3.8445449065701025
27.651641,33,2770.239943,True,False,False,2.8988584573677696,2.034335940678707
47.129527,52,2770.646135,True,False,False,5.615060083255234,5.756503627144181
36.622031,48,2771.026935,True,False,False,3.947531223367567,3.789914683553449
33.847831,38,2771.334102,True,False,False,3.3113820318285563,3.1477304854941077
28.979748,24,2771.524758,True,False,False,2.0989277600618306,2.0939494616642196
32.58125,29,2773.749391,True,False,False,3.1223691294347473,3.094278153504441
39.173222,38,2774.05086,True,False,False,4.436534208946422,4.1760503181665
46.531351,62,2774.549626,True,False,False,6.714002441550462,5.835099005064804
41.326401,44,2774.891115,True,False,False,4.7753922723261235,4.64118337871849
29.278176,33,2775.152771,True,False,False,2.9115474246583086,2.334926491218802
48.621722,67,2775.691143,True,False,False,6.598320191455948,6.228351578341683
32.510211,39,2775.994231,True,False,False,3.2579941633155434,2.855492520074545
38.353524,33,2776.247112,True,False,False,4.13293965389396,4.018494690832561
35.720379,39,2776.546665,True,False,False,3.3597102164743373,3.4428680672954672
40.793867,42,2776.873502,True,False,False,4.495685351202731,4.4199388994098765
39.713027,47,2777.243974,True,False,False,5.553063709915646,4.5609325898682656
36.935977,53,2779.633916,True,False,False,4.433289611906357,3.9033550073798824
41.357127,39,2779.934936,True,False,False,4.490143758588206,4.62984682946502
30.498165,20,2780.092571,True,False,False,2.4629868242405433,2.444319689082319
47.799956,41,2780.414238,True,False,False,6.351149010069045,5.831287476736922
28.225498,17,2780.553098,True,False,False,1.926264426736757,1.914620691262384
50.192213,62,2781.033978,True,False,False,6.5612507903601935,6.345553260944038
27.213427,24,2782.416612,True,False,False,1.75087928200278,1.8540837281109528
27.085537,17,2782.546418,True,False,False,1.7647064956580267,1.6919188187778593
35.352435,29,2782.773786,True,False,False,3.755431109615212,3.431480082198364
41.791714,44,2783.116136,True,False,False,4.530579287971337,4.644075170816321
34.20786,36,2783.410131,True,False,False,3.295690840204684,3.2134149435856845
34.679527,57,2783.857072,True,False,False,5.369784304641143,3.578958784080756
49.775107,67,2784.374004,True,False,False,8.860524594651938,6.582809611712959
44.012194,67,2786.833607,True,False,False,7.727591787936869,5.444679505458931
43.093801,30,2787.084048,True,False,False,5.333178168635136,4.863060556951687
-16.298489,21,2787.247751,False,True,False,1.7809761140747222,2.8614002292415073
37.346382,37,2787.517292,True,False,False,3.854574705355532,3.722493698295312
43.063685,56,2787.940564,True,False,False,5.397165097823886,5.06050189402426
37.146083,40,2788.218301,True,False,False,3.930300483015752,3.7137182080578137
35.617677,39,2788.514563,True,False,False,4.877838008090739,3.6157771057892205
33.277262,35,2788.801423,True,False,False,2.9227612604279725,3.0476200177974992
27.060138,17,2788.943612,True,False,False,1.590263277928462,1.7477680619771159
-11.904033,22,2789.12199,False,True,False,2.073829112344345,3.2603464133675852
-18.947297,4,2789.155392,False,True,False,0.3121711535216872,3.050824107556264
-6.282032,32,2789.407794,False,True,False,3.3102915754440585,4.425365989176146
29.613593,31,2789.651507,True,False,False,3.0070606003838147,2.4500727882335362
27.337638,54,2790.050187,True,False,False,4.122521558958002,2.4386957870430717
31.160932,28,2790.265135,True,False,False,2.642303543502212,2.517571062899492
34.405405,38,2790.549961,True,False,False,3.431291640179655,3.223113392582536
37.412674,55,2792.867807,True,False,False,4.192644894483753,3.947299089273553
46.15562,67,2793.394273,True,False,False,5.918712197347319,5.721692738816524
38.299165,40,2793.706199,True,False,False,4.0238941681168034,3.9874199134193775
39.393056,39,2794.015003,True,False,False,4.1965430247839866,4.2944096311128135
31.499748,36,2794.301071,True,False,False,3.5611174943350807,2.814710433141891
31.757864,28,2794.517183,True,False,False,2.913856467679341,2.6625997108241117
34.989614,40,2794.821489,True,False,False,4.6758391528858105,3.445417743069014
33.369905,32,2795.069215,True,False,False,2.8391413944233728,3.0265460534407023
27.369935,37,2795.363497,True,False,False,2.8663345242638645,2.1018412802370863
38.964345,55,2795.797714,True,False,False,4.560999888306498,4.462729398428225
48.199249,88,2796.482042,True,False,False,7.2879660039734295,6.223069282791065
-16.726349,15,2798.470553,False,True,False,0.9289686681288075,2.080340806058212
45.998761,45,2798.83313,True,False,False,5.9176657637208105,5.467778539268136
40.077001,48,2799.203735,True,False,False,5.497230058302024,4.398131313964308
29.058677,42,2799.534996,True,False,False,3.852180574062727,2.604416048193218
41.045847,33,2799.786011,True,False,False,4.454029172943005,4.399250025503158
37.332636,52,2800.182163,True,False,False,3.8474810977872247,3.7766572593257353
40.420687,46,2800.528832,True,False,False,4.627730177633684,4.381581824991756
32.260275,34,2800.794011,True,False,False,3.2180651280189987,2.8756643020620576
30.857897,21,2800.966359,True,False,False,2.5628656513935164,2.436370599854798
27.012331,14,2801.083649,True,False,False,1.6201518008502975,1.682803030062665
48.817139,106,2801.884396,True,False,False,7.177362760748484,6.614110169390394
27.912472,21,2802.04848,True,False,False,2.2309640142989653,1.9176831722680971
29.789306,68,2804.412307,True,False,False,5.95682468221809,2.785072298803198
47.591057,55,2804.84967,True,False,False,7.363730535872131,6.081657333668614
43.501154,61,2805.324352,True,False,False,5.5531918796732995,5.067935580012713
54.619359,63,2805.81963,True,False,False,7.608770874485817,7.255556940698292
45.193662,43,2806.162112,True,False,False,5.675601588266651,5.559958719067787
29.206601,21,2806.321443,True,False,False,1.986676035187783,2.1377102110901465
42.955583,50,2806.704985,True,False,False,6.181600431798137,4.948788033140112
32.919705,30,2806.934869,True,False,False,3.265040394070143,2.9465661973241337
40.993632,36,2807.230474,True,False,False,4.353573880368099,4.491265574117159
40.277999,36,2807.515278,True,False,False,4.633082894982231,4.399877184069176
37.934858,55,2807.958799,True,False,False,5.869800628372014,4.169527236202378
32.996408,45,2810.348117,True,False,False,3.2121632146137733,3.0683246560541595
33.203122,54,2810.77775,True,False,False,3.602919955382988,3.3485996624609893
25.756223,20,2810.932714,True,False,False,2.154320901725136,1.5565516978059957
29.622041,22,2811.098786,True,False,False,2.6453658012547985,2.2258232055807676
40.590566,48,2812.844758,True,False,False,4.762852639875356,4.369186417643245
39.222197,45,2813.18059,True,False,False,4.430409893672095,4.350711579448643
44.573265,56,2813.599568,True,False,False,5.265240185041105,5.259020233620426
37.813811,71,2814.128764,True,False,False,4.972939115013616,4.489077352944696
34.306001,55,2814.549186,True,False,False,5.5284736006019655,3.4842098246837843
48.683136,72,2815.097911,True,False,False,6.155156856440145,6.099217349712785
-3.57828,56,2815.541675,False,True,False,4.082695670173413,5.68292956906991
