#{"t_start": 1789506487.5222056, "env_id": "None"}
r,l,t,is_success,collision,timeout,path_length,start_dist
-26.938369,27,2.471403,False,True,False,1.180188031820515,7.571680769127
-20.729861,18,2.616177,False,True,False,0.7346605320018827,1.6035661907503707
-34.972788,195,4.19697,False,True,False,12.480262666551825,3.211607709583459
-27.476252,300,9.536411,False,False,True,9.33288381858808,4.290666867680271
-32.513484,300,12.031853,False,False,True,12.54152136679011,4.2162559915070545
-34.10298,138,13.092229,False,True,False,5.347105338497036,4.396412349924418
-30.059802,300,17.436495,False,False,True,12.186049646200187,6.18312760866689
18.065098,134,18.450868,True,False,False,3.825847286940168,1.946323159765825
-30.830447,215,22.082863,False,True,False,9.704938656999516,3.2416138090676165
-23.125026,79,22.698612,False,True,False,4.030564414100842,2.0356203440914653
-14.94829,300,25.039813,False,False,True,17.461090564176875,2.7128889437127572
-22.593736,300,29.4661,False,False,True,9.109951701088551,2.5243295877307195
-25.696068,300,42.92321,False,False,True,7.329536701262921,3.1291790866780285
-18.528285,300,45.258077,False,False,True,16.22442233766664,3.200311461855887
-23.352148,219,48.981247,False,True,False,8.930304532076034,3.906511433862746
-20.718586,92,49.709677,False,True,False,3.0781575063796227,3.895587883740868
-15.42605,300,52.101382,False,False,True,15.899813913604097,5.2552904590760425
-29.253851,220,55.789032,False,True,False,14.180107070040089,3.499859965541913
-10.291352,300,58.218954,False,False,True,13.458248824085942,4.068475996070863
-26.101726,268,62.370772,False,True,False,12.495759514075546,5.067082756493375
-24.010354,93,63.126673,False,True,False,3.9838961281955925,2.088257859510068
-14.70033,147,64.266316,False,True,False,9.062768149013568,5.0191733686027655
-20.632684,35,64.539037,False,True,False,1.6979990104041671,2.681926469026145
2.570149,300,69.03538,False,False,True,16.168894814821467,7.050116213526112
28.058298,91,69.762407,True,False,False,3.80087600833114,3.0230254051301144
13.703028,199,79.698059,True,False,False,6.650065966979392,2.682858955928518
-6.474006,300,82.054691,False,False,True,13.708959107481157,4.661568338923028
20.912524,93,82.779767,True,False,False,3.0058859153054,1.8150725122966391
22.336505,135,85.791959,True,False,False,4.246228061934904,2.60754601068393
-1.909307,300,88.151366,False,False,True,19.262661098584275,5.23908679300197
22.12384,106,89.00142,True,False,False,6.482944377377882,2.2070214212812735
-21.194752,168,92.248679,False,True,False,9.843506782779778,3.0892862621101522
22.611177,147,93.42324,True,False,False,8.32478607258716,2.8832759560171684
-14.739092,42,93.760335,False,True,False,2.7117409944876902,3.598809325960227
25.654304,194,95.347586,True,False,False,12.584942806959747,4.200062084144419
30.719525,84,98.05239,True,False,False,6.497630165614735,3.4776362062975577
26.133587,46,98.419583,True,False,False,2.2651095458485813,1.9563241901281834
-23.865208,90,99.141603,False,True,False,4.513617333594764,3.308696685600868
29.146138,246,101.068097,True,False,False,9.699243689748299,5.590734905140023
34.750708,63,103.470531,True,False,False,4.433451343311151,3.9632905195619905
27.499085,49,103.864552,True,False,False,2.3814948645263736,2.3301672056705596
26.341371,49,104.254263,True,False,False,2.418887440728863,2.1152429856522277
21.07598,251,109.94078,True,False,False,12.940704717865035,4.798999986791777
35.977053,94,110.714164,True,False,False,5.49004242777929,4.614775282279991
31.481066,56,113.149087,True,False,False,3.9318632475125153,3.113479314650329
26.042991,98,113.922839,True,False,False,3.597747732041689,2.668426930391221
30.722316,76,114.536985,True,False,False,5.248825407729096,3.3449676560523303
34.878711,46,114.894059,True,False,False,3.821004739193269,3.59759435089019
-23.699499,82,115.526234,False,True,False,2.996356000402482,3.2003592093383495
-15.278733,159,116.79914,False,True,False,6.412326799551269,4.79846599777555
27.077791,79,119.350191,True,False,False,3.3678022110814583,2.656765158282876
-16.007575,25,119.547973,False,True,False,1.6101292241974399,4.24707560930476
-16.377302,44,119.887582,False,True,False,2.4654089637411407,4.110273322435236
26.495228,76,120.468438,True,False,False,3.760815530149519,2.485377404981441
20.671673,129,121.505006,True,False,False,8.26484760953682,2.327504367956446
-1.737463,127,122.492865,False,True,False,7.479054907611117,6.802092808572289
27.543462,62,122.987101,True,False,False,4.315104102748237,2.5613211863780325
30.013977,45,125.33641,True,False,False,3.2454438016119265,2.786192051232402
27.095047,144,126.439117,True,False,False,7.44543325781951,3.70925241753963
34.83608,90,127.145462,True,False,False,6.046514403706346,4.254170335849134
31.642399,199,128.733859,True,False,False,10.831868035279165,5.179867334810935
24.099206,75,131.283796,True,False,False,3.844759167419493,2.1021360552868615
28.519333,50,131.676149,True,False,False,3.1247907610715453,2.5931378599550787
24.0499,164,132.950586,True,False,False,7.8808275255774465,3.522845101051804
20.578258,161,134.256371,True,False,False,7.282402649291474,3.425874155417158
39.495446,87,134.953113,True,False,False,6.485973159407106,5.127896585800985
44.372517,112,137.842091,True,False,False,7.564546842521056,6.102528889116211
35.487762,61,138.323306,True,False,False,4.065650704711536,3.9158783175974667
38.845956,138,141.181382,True,False,False,9.815189627964282,5.73670891330903
-15.908548,68,141.726292,False,True,False,3.9039806459942548,3.7712622071285122
26.244021,47,142.118144,True,False,False,2.2880022020153614,2.040132042916341
27.338767,92,142.851667,True,False,False,4.712301918487217,2.914843530009143
26.488878,31,145.047969,True,False,False,2.2775334026873364,2.054290761379027
31.117988,78,145.670033,True,False,False,4.41424521998715,3.361844225974323
26.075226,50,146.078262,True,False,False,3.084111626644606,2.039382026364209
36.417844,97,146.836209,True,False,False,6.500341194362345,4.692484688319882
26.809292,31,147.088424,True,False,False,2.1794144111716567,1.8753434508248863
34.1195,84,147.766754,True,False,False,5.861725435487801,4.100993651178562
25.503288,25,147.967932,True,False,False,1.9030197514455096,1.622327481048348
25.041586,41,148.297084,True,False,False,2.8506353694102646,1.7280354935025768
-9.042029,79,148.93802,False,True,False,4.878024473270326,4.683990610648551
26.826085,39,151.262109,True,False,False,2.720374474299635,2.0516134177768763
31.796902,57,151.740629,True,False,False,4.087592759867771,3.2483958813143685
36.16503,127,152.929569,True,False,False,6.299768721806561,4.871163123504742
-21.39638,38,153.238133,False,True,False,2.145935520177588,3.168818381026025
39.137959,97,154.223639,True,False,False,5.984671543597997,5.073495349869379
28.466894,59,154.841276,True,False,False,4.102127848160457,2.693211092435147
-19.858045,36,155.174557,False,True,False,1.676200653973279,2.140978237246268
31.29617,86,157.906926,True,False,False,4.897733449781204,3.677153462213625
46.830796,110,158.791351,True,False,False,8.699050926228562,6.93812554298692
45.324694,117,159.72183,True,False,False,7.149490309596466,6.4715164374008705
32.81936,63,160.226926,True,False,False,4.641007268003742,3.40702300839145
27.537013,29,160.457016,True,False,False,2.076331972593009,2.0781575064857396
35.356553,37,160.747525,True,False,False,3.7726756249512663,3.5861253929071326
26.763748,69,161.303814,True,False,False,2.990768753222509,2.3635586453379425
28.994773,86,163.942865,True,False,False,4.672989396782201,3.107675665691199
28.858399,71,164.528362,True,False,False,5.397157472139402,2.864463812222431
28.764998,73,165.127031,True,False,False,4.304033275739484,2.9008889055005858
29.977641,34,165.387328,True,False,False,2.685917548894246,2.5310476880732757
30.545081,41,165.720094,True,False,False,3.397703570067055,2.7515831238887527
-19.982094,110,166.599413,False,True,False,4.339165042472882,4.203875098599469
-19.540676,5,166.639438,False,True,False,0.3327726926294862,1.641990522024646
26.900434,67,167.182419,True,False,False,3.904410810150429,2.962028208112463
32.630491,47,167.55777,True,False,False,4.265260066852285,3.260211512649943
28.65,55,167.987669,True,False,False,3.5167513437617774,2.617639663961285
-5.590635,48,170.428382,False,True,False,3.4585607866953216,4.844361395928817
31.406005,57,170.890198,True,False,False,4.286330853205597,3.1961656507126817
33.682879,72,171.480041,True,False,False,4.226774891295989,3.659866375171654
-13.66996,36,173.349922,False,True,False,2.355189520183055,3.077335531359504
26.946298,23,173.534537,True,False,False,2.0686409848702167,1.9182550378298289
-18.98379,17,173.671883,False,True,False,0.7922035864148591,4.8015432403511
27.516754,38,173.971144,True,False,False,2.7867884038469866,2.129227776416007
38.682437,166,175.301404,True,False,False,9.305795196575591,6.094654057641333
29.026072,71,177.79192,True,False,False,4.024170613629646,2.787372852972676
34.148534,54,178.230145,True,False,False,4.673307404858584,3.58103920683946
37.103538,88,178.97937,True,False,False,5.173440399988745,4.43181960068086
29.595255,87,179.678479,True,False,False,5.249359638973456,3.3180294828341723
33.987242,50,180.086492,True,False,False,4.277692313641538,3.543009764256565
46.304729,142,181.21505,True,False,False,11.72705877187103,7.16643059452454
39.152769,82,183.796418,True,False,False,6.961041962896394,4.892266939865319
29.233415,79,184.416681,True,False,False,4.9849196162878515,3.0693421624039257
30.454177,120,185.356375,True,False,False,7.831974532056692,3.9202107059473783
32.967852,37,185.654904,True,False,False,3.0485751031453616,3.0615283841847436
38.994324,71,186.20079,True,False,False,5.3422482268975635,4.704372862259785
26.730667,44,186.557395,True,False,False,2.3789916825047257,2.0739147941050544
31.400119,63,187.066049,True,False,False,4.65373216481293,3.235348000963261
29.962616,33,187.330279,True,False,False,3.4517389067644766,2.5497812924703656
35.596886,113,190.202399,True,False,False,7.792646075709773,4.888275086245086
28.446519,24,190.393795,True,False,False,2.389917876518098,2.1276404339394177
26.689873,34,190.671089,True,False,False,2.7797857796882766,2.0079122314053888
34.13702,67,191.208933,True,False,False,5.149263992432629,3.775270868844647
41.664072,80,191.862529,True,False,False,6.037355566829017,5.396058608632062
40.286933,61,192.342221,True,False,False,5.8709731862906755,4.941009234739938
38.507691,136,193.430488,True,False,False,10.829161331299401,6.432989843690913
27.53884,66,195.915008,True,False,False,4.223838348225033,2.475752115853562
-17.128748,25,196.104643,False,True,False,1.2445732451403624,5.105033872877106
29.730411,85,196.785143,True,False,False,5.013760883070609,3.365580159259358
23.959045,46,197.181392,True,False,False,3.2633755937333038,1.7007313758791716
43.930652,56,197.635756,True,False,False,6.053894446686988,5.370910933132911
32.423942,54,198.073698,True,False,False,3.5278283974862883,3.2527118019677785
24.10363,41,198.39842,True,False,False,3.0755846206679496,1.6058961333875348
29.865887,59,198.886544,True,False,False,4.122161705459798,2.9038177444708273
30.175527,39,199.199158,True,False,False,2.969033649420015,2.6499215571083066
37.631678,68,199.754219,True,False,False,5.615471028745703,4.392848528630037
31.368941,172,203.037248,True,False,False,8.502575206839003,5.1174319462913145
44.021195,96,205.329479,True,False,False,7.854464726825041,5.9411398920578575
35.707751,134,206.382354,True,False,False,7.05244379118178,4.901324454504734
32.870845,64,206.85654,True,False,False,5.326082827165194,3.4761492081997067
42.221546,106,209.605953,True,False,False,8.72620183275269,5.862726396719975
36.297664,76,210.210192,True,False,False,5.774213746031879,4.42864679283052
38.572713,92,210.946216,True,False,False,6.0321583861796775,4.930656266385819
-9.027893,51,211.355801,False,True,False,3.7230202136047037,4.480127713115687
43.720773,93,212.088359,True,False,False,6.281342351152567,5.783297295739186
32.300317,57,212.536183,True,False,False,3.388630173661757,3.163259604163859
27.769304,46,212.902613,True,False,False,2.569385219837115,2.3000223102791977
33.816804,41,213.233836,True,False,False,3.9670284592060705,3.407007470748609
32.545932,56,215.699006,True,False,False,5.211232443660042,3.2488965377283567
35.74934,84,216.385601,True,False,False,5.629875417646927,4.23273936124674
47.505631,131,217.419585,True,False,False,8.718935870952082,7.213199119280095
32.043019,42,217.747988,True,False,False,3.4206256871183807,2.9976493596939764
29.237037,29,217.978019,True,False,False,2.3813389085252767,2.262679855338863
42.833022,120,218.915061,True,False,False,7.922983968244986,5.984731127303215
37.425644,116,221.918205,True,False,False,7.860802930756342,5.273398061695472
41.482071,55,222.37688,True,False,False,5.342680866690847,4.967175912880354
26.736251,44,222.816194,True,False,False,2.508342750848831,2.054965177714589
38.172705,95,223.693076,True,False,False,8.07210223445303,5.1451593363174615
-12.267027,93,224.507714,False,True,False,4.417512761890189,5.107789743339936
26.295119,36,224.85854,True,False,False,2.1249953086361546,1.8567973067541212
22.244979,74,225.86809,True,False,False,2.9159428684942026,1.7242352921222457
27.176279,67,226.512966,True,False,False,3.9279480566602816,2.5191600093633433
38.304623,152,229.818287,True,False,False,8.462408626989301,6.0642635662322055
28.395032,43,230.17417,True,False,False,2.530457909291834,2.4745023388023744
40.86095,90,230.903014,True,False,False,5.566041042190336,5.177578930883351
36.973224,41,231.235517,True,False,False,4.381239672110313,3.879615953916781
39.041926,75,231.854967,True,False,False,4.8829452236571855,4.535111831384431
31.650169,70,232.434849,True,False,False,4.273341045307242,3.379976252609257
37.254038,74,235.021438,True,False,False,5.024955524929388,4.265733908637944
36.294132,76,237.435898,True,False,False,5.035672217539911,4.365283945217559
-17.777704,31,237.678568,False,True,False,1.6536960316442086,5.036128496325555
33.019807,96,238.44254,True,False,False,5.5814372109905115,3.8369674153476723
44.583817,95,239.222057,True,False,False,6.70209349413007,5.824763448470313
24.434869,44,239.577783,True,False,False,3.306372935780483,1.9057948317995441
-19.757909,15,239.696177,False,True,False,0.5488547329167427,2.325660073613922
41.462344,90,240.401348,True,False,False,6.437597335235038,5.2999858998042
44.903614,92,243.085001,True,False,False,7.640727018135126,6.106436296653255
-18.22776,24,243.27755,False,True,False,0.9471917547582264,5.589675548035293
34.058265,55,243.714664,True,False,False,4.421157348521915,3.5104904775132275
33.660143,53,244.134256,True,False,False,4.818624012556716,3.7063185748477556
31.056165,85,244.812986,True,False,False,4.130071170782364,3.445240352399109
-9.416113,25,245.010173,False,True,False,2.5381810481041636,3.381807865882059
42.728335,67,245.544894,True,False,False,6.731351354482402,5.349449824035827
39.061029,63,246.051715,True,False,False,4.663344899388099,4.492406550813292
29.74078,99,248.786972,True,False,False,5.449250045548912,3.333383136867959
32.068303,66,249.296151,True,False,False,4.271482844632447,3.5638282530260894
34.683305,112,250.183449,True,False,False,7.306224250741179,4.557254295135196
43.930989,56,250.638065,True,False,False,6.165295175445787,5.386702985595009
-13.94406,39,250.94579,False,True,False,2.0831323550772334,3.937775369137883
-16.292347,10,251.030229,False,True,False,1.0260509752623819,4.938453466766983
25.29327,34,251.306004,True,False,False,2.458562136667413,1.6928018518533627
27.003699,32,251.567044,True,False,False,1.8430794824786267,1.9202678024132844
34.304806,34,251.842789,True,False,False,3.3752222423965352,3.36492454962996
43.917074,87,252.553741,True,False,False,6.1643775644195555,5.683989748931879
44.194246,85,255.214567,True,False,False,6.847328135130497,5.907971624368003
25.913021,90,255.924248,True,False,False,4.919948489551533,2.7829423237900435
36.261741,119,256.840014,True,False,False,8.317062757393087,4.865948317824332
31.336684,27,257.058711,True,False,False,2.780757926609384,2.6527128053831524
41.504269,95,257.81324,True,False,False,6.782876283911928,5.340337727121058
25.825122,32,258.063787,True,False,False,2.45168425946068,1.7772475715198626
19.868294,126,260.998939,True,False,False,7.008755836935902,2.231516142012592
25.860323,27,261.21958,True,False,False,1.9345132716046,1.6746113613385991
32.556145,72,261.779624,True,False,False,4.396956340977473,3.4387896671841567
35.612135,45,262.146783,True,False,False,4.1587180712687255,3.721120690454751
-18.31586,8,262.210926,False,True,False,0.5362587958129852,3.993230975446917
35.641894,98,263.0022,True,False,False,5.780491706972874,4.4001201113196275
34.636589,70,263.566755,True,False,False,5.775928264369825,3.9389434019159375
35.038979,175,266.97156,True,False,False,9.830196451653945,5.3924458570461296
29.470396,31,268.534167,True,False,False,2.813556907491218,2.4628824087653096
32.555922,28,268.775136,True,False,False,2.9570166210890414,2.9817170323324467
-19.507764,31,269.028188,False,True,False,1.5547359630434006,3.5452343176214764
-13.718647,20,269.186714,False,True,False,1.6483282399427346,2.6632801005612587
33.815059,70,269.724055,True,False,False,4.4748984007219255,3.6458815102366935
33.18145,162,271.020181,True,False,False,6.914414155616506,4.90167282633214
36.308624,130,272.042703,True,False,False,5.7145383506503205,4.789740013647989
26.763076,36,274.31631,True,False,False,2.7372152699435044,1.944802045777292
28.882208,85,274.988899,True,False,False,5.7284462738950035,3.2352942488572918
22.913829,218,276.744031,True,False,False,12.381222667768542,3.9767221836652276
42.305027,71,277.306558,True,False,False,5.716999763844226,5.124804300122219
43.839335,159,280.639271,True,False,False,9.287185867651909,6.614235693137373
28.934857,38,280.952818,True,False,False,2.577091846785498,2.409160908683507
37.27336,63,281.466013,True,False,False,4.834774696191329,4.070986583827133
43.704577,80,282.081921,True,False,False,6.344164849334153,5.643092786332843
28.047336,56,282.545067,True,False,False,3.2473851515180545,2.467548249642333
-19.497784,17,282.681805,False,True,False,0.8065884745257987,4.30578879875777
-17.489658,16,282.808332,False,True,False,1.8860538764167494,2.1371037104587716
35.985985,193,284.385787,True,False,False,10.19323011406118,5.86803760940112
-16.041396,17,286.444122,False,True,False,1.4206949927427304,4.080483075326526
44.649784,88,287.156424,True,False,False,8.110009417953574,6.004014876768576
37.898265,45,287.508355,True,False,False,4.581901614103918,4.0107622471591595
41.307857,118,288.456864,True,False,False,7.407613148618904,5.628688316276382
36.198369,72,289.060472,True,False,False,5.242293280450843,4.107671285869988
47.88215,64,289.571325,True,False,False,7.425868245705699,6.269158674521843
42.120291,76,290.182743,True,False,False,6.667852434957283,5.538929565709626
42.380949,85,292.945174,True,False,False,8.806082712196316,5.596369587590349
35.504289,93,293.668806,True,False,False,5.504834495389141,4.304656737035552
30.410328,43,294.02919,True,False,False,3.050136150202841,2.762205290704492
30.401931,44,294.380753,True,False,False,2.969634634053458,2.8711550331110463
35.534826,147,295.543217,True,False,False,9.787110302335353,5.448224608853957
26.079878,43,295.879322,True,False,False,3.068195648653574,1.980313666761496
24.201687,76,296.473326,True,False,False,3.881178266795656,2.108691237588148
43.464637,101,301.148863,True,False,False,8.03763414519877,5.921761115477249
43.035456,70,301.722534,True,False,False,6.373912342936422,5.422684488585031
28.805208,20,301.88312,True,False,False,2.1307038300400154,2.25871355624303
-21.447769,70,302.432963,False,True,False,3.1208524578822368,2.2186920471298976
38.659916,78,303.087115,True,False,False,5.471269882422089,4.618823987146248
28.738629,79,303.726773,True,False,False,4.331385365447775,2.92646474639423
40.10311,100,304.53403,True,False,False,6.861711992159126,5.326876567415085
34.420961,51,306.907764,True,False,False,3.883548137578341,3.5225691140514894
-19.102716,20,307.061033,False,True,False,1.0877340335722205,1.5299464113180639
35.822283,43,307.413262,True,False,False,4.634553447017627,3.6758247180211225
34.383608,34,307.680143,True,False,False,3.3646068330216536,3.377153612783238
28.990809,24,307.864142,True,False,False,2.583633212295646,2.2701636038688084
26.485076,32,308.116427,True,False,False,2.3505021600309597,1.8577795451027632
42.770971,80,308.742826,True,False,False,5.742345076012263,5.3580573728999035
43.633587,88,309.446666,True,False,False,6.604701111428169,5.592251306883358
49.381876,113,310.35387,True,False,False,9.73294519288423,7.303691263066769
38.937612,94,313.021389,True,False,False,5.680554847219426,4.979815133596481
26.328907,19,313.180496,True,False,False,1.5309627197365112,1.6593227506594783
33.115534,90,313.885748,True,False,False,7.326232583334534,4.050139010455347
-9.110396,28,314.115047,False,True,False,3.0632392684854075,5.428900244032801
44.196448,108,314.982968,True,False,False,7.334034974573174,6.083203665383133
42.624991,88,315.693478,True,False,False,7.409583446756836,5.545466835356317
33.751266,72,316.262749,True,False,False,7.198612938264445,3.938980784420513
34.913076,66,318.881271,True,False,False,5.667314190559551,3.9394521191869756
33.231785,49,319.280497,True,False,False,4.354961524222963,3.348085716879738
37.371631,96,320.052752,True,False,False,4.7822253051782955,4.610537539167255
34.068285,67,320.59714,True,False,False,5.501481835296497,3.8696738930192476
36.711338,127,321.616689,True,False,False,6.905676107378568,5.168804643791293
-22.725176,104,322.436284,False,True,False,5.343224062636573,2.426775846119862
30.182377,47,322.814494,True,False,False,3.470547731053657,2.766526376230735
25.620997,17,322.952087,True,False,False,1.7887460470837138,1.7033788038861344
31.900946,108,325.882626,True,False,False,5.2480658345587505,3.9527790515455528
29.079892,84,326.525997,True,False,False,5.945795890681133,3.2344783345649257
32.836328,43,326.87664,True,False,False,3.9579613581788267,3.2414596898515575
34.976181,38,327.179541,True,False,False,3.8333283281609303,3.579012001474762
28.394989,35,327.46085,True,False,False,1.95221134096284,2.1799347906022577
34.769821,53,327.882054,True,False,False,4.444926690480974,3.5930395209148003
38.011048,72,330.139189,True,False,False,5.786083180182263,4.923884177384723
22.740443,97,333.878899,True,False,False,4.5137548030319445,2.419087849967305
44.09221,60,334.661246,True,False,False,6.45780182669868,5.507570117215325
38.378757,63,335.467048,True,False,False,4.611363873144139,4.549101409615386
40.62389,57,335.940147,True,False,False,5.646550028245406,4.772464556445753
28.702756,43,336.287979,True,False,False,2.7248298200309966,2.355131103112642
24.936502,68,336.830642,True,False,False,3.748673133815772,2.403449514887341
27.27321,41,337.153252,True,False,False,2.9576817903965824,2.0778472719468906
35.908193,64,337.654744,True,False,False,3.9619600532591672,3.912229064946718
38.797563,86,338.339679,True,False,False,5.470204526725948,4.650367719787244
41.217058,67,340.986813,True,False,False,6.027713515843616,5.209120481375084
35.507689,65,341.519413,True,False,False,4.141050450221356,3.9003145315704404
26.040552,16,341.636857,True,False,False,1.3424426308428512,1.5472759716561686
-15.873348,13,341.739554,False,True,False,1.1481837752604411,5.25721379895267
25.386417,48,342.117713,True,False,False,2.960100753522327,1.8601602890096611
-17.036253,22,342.289632,False,True,False,1.1612059395676368,2.2281553515388577
36.442642,37,342.580045,True,False,False,3.7999582460788623,3.791773214902228
48.532396,109,343.436069,True,False,False,8.99173929322191,6.990991104871572
24.887138,55,343.877922,True,False,False,3.191795002660957,1.912616442052079
50.994697,66,344.413216,True,False,False,7.680261774752638,6.899122658754142
24.227703,43,346.678843,True,False,False,2.6328441750658627,1.5855738175685121
29.288768,37,346.982496,True,False,False,2.8291767955165414,2.4474991544945572
-13.524282,60,347.448324,False,True,False,3.9176550220519304,3.7280030528657515
24.14376,47,347.824556,True,False,False,2.3194581042114466,1.6276270960458414
36.181585,74,348.437011,True,False,False,5.797091981218352,4.256708493830518
42.21526,65,348.949867,True,False,False,5.168140574389925,4.967176630014446
-12.683214,28,349.173705,False,True,False,2.3823708059723057,4.188977163813022
35.860834,47,349.528148,True,False,False,4.4866990099051565,3.694727714809179
40.847196,112,350.440601,True,False,False,6.844611041794628,5.597083690292932
36.587261,41,352.72462,True,False,False,4.051243723226082,3.8932340045256475
38.213324,62,353.210843,True,False,False,4.963653279813624,4.45843246070582
-15.781392,46,353.558345,False,True,False,2.5263715806209905,2.2072785641034143
27.899349,24,353.756122,True,False,False,2.1447609231355234,2.0043876208772367
26.138575,15,353.869103,True,False,False,1.3676732789476655,1.5558164452059127
25.730394,49,354.25533,True,False,False,2.168414195652431,1.900275406630418
28.6963,58,354.712897,True,False,False,3.680076939233675,2.602851154671903
32.036066,71,355.273633,True,False,False,5.993571100969737,3.4576010243204083
41.524074,77,355.881585,True,False,False,5.695086549600963,5.094609946745978
28.282231,17,356.025643,True,False,False,1.8936152555821981,1.9274474827274088
34.543664,149,359.167895,True,False,False,9.926598570284009,5.114569523571411
41.757821,89,359.866138,True,False,False,6.007234446871387,5.244354989782133
28.035478,17,360.007403,True,False,False,1.8189243954963912,1.9731750562877617
27.435613,36,360.288316,True,False,False,2.4770803842565634,2.1400344856002236
29.129683,43,360.628433,True,False,False,3.2270162738882955,2.406173541948916
29.479851,53,361.043844,True,False,False,3.3427830793450037,2.6594290251575865
30.106325,44,361.391832,True,False,False,3.4453338276348258,2.653470591908067
30.691141,58,363.313002,True,False,False,3.9182238504244897,2.9910777311410675
36.467618,56,363.757723,True,False,False,3.909801797458025,3.9130308864038024
32.406192,55,366.107896,True,False,False,3.488350516853641,3.210726399687945
35.09691,63,366.596973,True,False,False,4.61229974247069,3.74559005902199
27.56884,39,366.8999,True,False,False,2.402605846347487,2.1313465010444888
-2.861692,74,367.46373,False,True,False,6.493459092698874,5.870545693429605
39.758434,84,368.125109,True,False,False,7.777385235053723,5.029813338560865
28.659802,43,368.461501,True,False,False,2.8767007571840106,2.551564242103228
26.980893,38,368.757923,True,False,False,2.943069704751796,2.0404941839137796
40.750808,59,369.223938,True,False,False,5.55293065914645,4.901814317235173
36.959659,57,369.679611,True,False,False,4.49988110080255,4.121689749071306
26.311286,26,369.893309,True,False,False,1.8565647599055055,1.7117293793173989
38.389657,73,372.346594,True,False,False,4.911264924662751,4.468372467829188
34.242702,96,373.103771,True,False,False,5.338852320453855,4.214336128911537
45.317005,79,373.709797,True,False,False,8.007369917259497,6.0296810557343585
30.205016,25,373.889444,True,False,False,2.57975317580289,2.478729260439281
27.151857,29,374.124434,True,False,False,2.0211603584340647,1.8912439396491365
25.996441,16,374.257281,True,False,False,1.5302908688126264,1.6106199758620143
45.570836,70,374.804908,True,False,False,5.954236585885713,5.785657801810479
31.281223,34,375.074533,True,False,False,3.2402390301439135,2.760871876796747
-2.708357,67,375.592875,False,True,False,4.907208783492809,5.512868167175295
48.283508,118,378.413702,True,False,False,7.506128570448727,7.005750013326544
38.815972,45,378.776362,True,False,False,4.260717071649438,4.2361107654305945
29.886597,37,379.056977,True,False,False,3.2564381785376204,2.8043354191123813
-13.036932,29,379.280259,False,True,False,2.078508993615634,3.846541950748756
48.214151,90,379.985955,True,False,False,9.842797191614364,6.762234704013562
33.734406,51,380.391814,True,False,False,4.578984346778764,3.469679665562849
29.107116,27,380.602422,True,False,False,2.1556714560353623,2.2980116441947316
25.264145,87,381.301415,True,False,False,5.324343584762573,2.5289413178899776
43.275242,94,384.16132,True,False,False,8.984760124640076,5.795692100925869
40.180692,160,385.436123,True,False,False,9.781838848468402,6.393775018643265
31.543974,47,385.811858,True,False,False,4.669034894672584,2.931997105877286
30.822861,32,386.07102,True,False,False,2.5207269364037512,2.5982343320973667
38.143589,50,386.457422,True,False,False,4.733813965648976,4.151377361496683
30.345384,44,386.811942,True,False,False,3.4538933667285416,2.69864543016003
37.18689,41,387.127208,True,False,False,3.8297329912310696,3.8408119798063463
42.628382,79,387.73708,True,False,False,6.683955310251349,5.397419300088212
31.246866,39,389.994011,True,False,False,2.7621555138396445,2.7892880873877726
28.639698,27,390.197729,True,False,False,2.400290769133821,2.099069369753228
26.014786,31,390.43469,True,False,False,2.8773202911680613,1.7837682373293817
37.084146,79,391.04308,True,False,False,5.085410626226443,4.303201579303293
31.437056,36,391.325635,True,False,False,2.818679406099053,2.8386076913901523
19.578966,226,394.870954,True,False,False,9.727337852261247,3.534986663051322
36.585666,48,395.236329,True,False,False,3.814270314813377,3.800684596460432
46.680783,102,398.033949,True,False,False,7.7029926169802705,6.346814504402464
35.028307,56,398.464174,True,False,False,3.6807394349847127,3.6019297689409258
0.109996,51,398.926322,False,True,False,4.967151442402619,6.183566715426778
37.374368,54,399.33992,True,False,False,4.4506812343311575,4.090357753126154
-9.496967,95,400.139762,False,True,False,5.740983069362102,4.663878276966139
29.027869,22,400.30397,True,False,False,2.5552720212312194,2.235098528582949
25.56919,41,400.653075,True,False,False,2.4647937752788627,1.8485522740397775
36.799334,59,401.148973,True,False,False,5.254833481320385,4.237942943143043
30.530048,55,401.476502,True,False,False,4.21637077931631,2.9237746832485394
45.317871,69,403.823357,True,False,False,6.650061778701623,5.75568680999513
48.451606,70,404.339203,True,False,False,7.0482833960751785,6.27483541477401
28.722883,33,404.58704,True,False,False,2.34757909171549,2.210307869556117
27.355742,24,404.729519,True,False,False,1.8591344505572223,1.9272863914051022
33.481622,57,405.11677,True,False,False,3.8211592912214924,3.5004333024193075
31.612981,32,405.382066,True,False,False,2.8966249143900966,2.7337551975453414
42.524952,68,405.997916,True,False,False,6.095697801742961,5.421856581471767
38.721935,50,406.392678,True,False,False,4.363328804154967,4.271903937708329
29.36066,29,406.584918,True,False,False,2.4742766017805287,2.3445430135962555
34.284792,43,406.890688,True,False,False,3.8946971128927084,3.32656484046652
40.749948,101,409.439818,True,False,False,6.56587392704886,5.329208881060219
45.231802,75,410.00366,True,False,False,6.332474229392773,5.854924280799704
29.230066,46,410.364088,True,False,False,2.8588203274576305,2.503287815225839
38.718853,77,410.962291,True,False,False,5.404543812933472,4.566357403654705
26.283133,22,411.139062,True,False,False,1.4448842733702276,1.6001797842284344
40.472908,36,411.425816,True,False,False,4.327793390074167,4.400596350436668
33.165532,31,411.66782,True,False,False,3.3051023955127774,3.2449208214930976
27.449462,25,411.86207,True,False,False,2.0647888438506903,1.9322458986872983
26.051847,17,412.07576,True,False,False,1.6923581801683762,1.5974501694365955
45.165089,81,412.741656,True,False,False,6.3614555328543885,5.616044206638804
34.652164,36,413.014956,True,False,False,3.5322331670750775,3.4102158278845947
-14.572981,22,413.189095,False,True,False,1.6717490470583494,5.87209591570523
25.368902,27,415.349869,True,False,False,1.5976609779417734,1.548137697769499
32.56049,62,415.847223,True,False,False,4.216498474171931,3.3390692383902705
31.512172,31,416.093676,True,False,False,3.0808216364187633,2.7749351921767085
31.103219,49,416.510759,True,False,False,3.725521557036752,2.940829733787535
36.014315,62,416.998574,True,False,False,4.114504394587183,3.8424923090532603
38.516073,61,417.462929,True,False,False,4.633900190960248,4.395083448634681
41.486307,39,417.793627,True,False,False,4.5672682891157566,4.709232154312443
29.435429,29,418.095859,True,False,False,2.550721131955258,2.3393208673203225
40.789172,91,419.06061,True,False,False,7.009482718291534,5.241305643054022
27.703583,59,419.528253,True,False,False,5.553383433352204,2.624357622238679
44.847598,112,422.368156,True,False,False,8.680512981445004,6.1783041058343215
27.65953,18,422.513201,True,False,False,1.8846525137482284,1.8877071036723259
37.920263,85,423.160367,True,False,False,6.304985734007298,4.850661786751985
45.603383,43,423.471257,True,False,False,5.739197993997068,5.425104032937574
37.839616,47,426.192852,True,False,False,4.363125878367463,4.122959110928088
40.289121,168,427.509997,True,False,False,11.546064268897117,6.459256498247152
36.732279,49,427.910558,True,False,False,4.195221976889117,3.910585533182887
-1.649814,96,430.592186,False,True,False,6.9546898950474105,6.111365928735941
28.237869,30,430.833144,True,False,False,2.112693538746411,2.074462660182422
38.57998,93,431.618879,True,False,False,5.443233186605901,4.718729773484178
-9.308458,60,432.095717,False,True,False,3.5607532429645996,4.022350787095937
29.678317,61,432.53688,True,False,False,3.1508125233356097,2.8105150911816947
35.402038,49,432.921544,True,False,False,3.971979686670561,3.7467068078812193
39.752794,63,433.390276,True,False,False,4.620608549635073,4.612584501993811
34.045673,73,436.240964,True,False,False,4.329236086432973,3.822820316517102
40.505955,63,436.761281,True,False,False,5.86691355861535,4.893996298515516
33.873632,29,436.989075,True,False,False,3.0815787305669073,3.0788307344000674
44.169395,94,437.710596,True,False,False,8.160543971115642,5.88025020045453
38.500449,46,438.061577,True,False,False,4.9227177553042605,4.238203933141551
32.027337,29,438.283507,True,False,False,2.763039215214478,2.753483669730082
-12.238648,98,439.22358,False,True,False,7.226398221406776,4.373275687534879
28.006417,60,439.693479,True,False,False,3.60455557220843,2.736167545365167
30.547483,41,440.029199,True,False,False,3.1877871589361293,2.72627520574545
46.558208,105,443.044834,True,False,False,7.000100467296779,6.412413148160315
27.179506,20,443.195086,True,False,False,1.9922253403933328,1.8209179487469616
45.460685,66,443.691854,True,False,False,6.057685988322312,5.708822914003338
31.195775,36,443.975349,True,False,False,2.82229880352755,2.6309669693047706
33.784352,71,444.491688,True,False,False,5.286739151184312,3.6957381779371414
36.933769,40,444.810122,True,False,False,3.6240911709497117,3.7882412847135334
41.355295,71,445.433305,True,False,False,5.1536234792748745,4.911202371489779
29.531108,71,446.011902,True,False,False,3.249240272187472,2.9727622844811448
37.164407,59,446.47582,True,False,False,4.23700008774097,4.053191243429532
33.400694,38,448.981678,True,False,False,3.3977796309243087,3.146896173513683
28.920748,70,449.488647,True,False,False,4.114928993884466,3.0247477825448468
34.674371,46,449.841471,True,False,False,5.287036695323942,3.5453352549636334
-19.532911,8,449.911528,False,True,False,0.3338203387663542,2.283385343021084
28.850583,36,450.197425,True,False,False,3.4557948750153162,2.4111131900043787
44.630983,105,451.055915,True,False,False,6.48654882576908,5.984812309707446
41.276734,87,451.830479,True,False,False,6.190688985430711,5.145973750264182
50.907695,71,452.377975,True,False,False,7.020917061660502,6.749217783649438
35.521237,29,452.605687,True,False,False,3.504024026629936,3.507613095938725
32.273619,40,452.908615,True,False,False,3.266761905437378,2.9358631503071058
-8.30396,39,455.210875,False,True,False,3.06844709151829,4.19068493275157
35.631587,46,455.57441,True,False,False,3.696281127034863,3.6500159154806777
31.472001,43,455.912821,True,False,False,2.828628816810771,2.893988386119236
37.931454,55,456.341121,True,False,False,4.899860273868696,4.252479059597005
44.185589,80,459.048627,True,False,False,6.528468664542099,5.621825258111243
36.82278,63,459.52114,True,False,False,6.4117609368593635,4.514176379094852
39.296375,70,460.054208,True,False,False,5.967836082225448,4.775787611404889
33.222714,50,460.439146,True,False,False,4.017909862490076,3.373085831967113
25.861648,63,460.927392,True,False,False,3.167539091314949,2.1037724312679034
27.894849,76,463.584,True,False,False,5.354930730089937,2.8195674447141665
25.483642,31,463.837284,True,False,False,2.736052475554603,1.625450809325771
31.204374,31,464.080216,True,False,False,2.846090641746908,2.918951586313757
-17.313284,18,464.218185,False,True,False,1.226550525979537,5.440300985532659
42.636652,92,465.043504,True,False,False,7.657357508770211,5.795857691134912
39.951373,60,465.501133,True,False,False,6.177103472008583,4.943488626323606
31.481468,32,465.752843,True,False,False,3.202713172380366,2.9115097776999552
26.92137,30,465.989896,True,False,False,1.9761856407179683,1.8637652593668217
47.048735,84,466.617059,True,False,False,7.192799751160039,6.1516675642053205
27.539278,80,469.248202,True,False,False,4.624068527756378,2.8127846433194996
35.566847,55,469.673883,True,False,False,4.46269768631144,3.716729584582894
38.155976,45,470.039428,True,False,False,4.7506601150518115,4.298428534352938
26.330491,21,470.210185,True,False,False,1.9217627353194409,1.6939099520935201
28.707836,31,470.448183,True,False,False,2.5415705077377373,2.2218627872081553
31.728379,43,470.783622,True,False,False,3.207207954905972,2.954316193916223
36.158455,43,471.116048,True,False,False,4.480076157049398,3.7559930647250153
37.948826,43,471.47631,True,False,False,4.341668150397531,4.022792013417952
31.643148,58,472.09978,True,False,False,4.075494387541514,3.049577051439224
26.691448,20,472.253082,True,False,False,2.0214761094113336,1.753522211859682
39.299012,53,472.648655,True,False,False,5.431888012553248,4.499414526773899
40.775658,87,475.293392,True,False,False,6.4479044709844775,5.4150366193240425
44.058238,59,475.746051,True,False,False,6.446477772122596,5.429136564223478
29.864625,47,476.115288,True,False,False,3.280329893014508,2.6983533192188904
33.940103,27,476.359893,True,False,False,3.408847742711914,3.1706701275007294
26.79784,20,476.519209,True,False,False,1.5515029976746804,1.6820887741829422
-17.231609,10,476.599351,False,True,False,0.7639700048623806,1.8322577390732
36.402189,92,477.313358,True,False,False,5.170557897673607,4.424520807673969
32.444269,27,477.529992,True,False,False,2.617391102629399,2.817544879518297
30.808572,34,477.796914,True,False,False,2.392049558149331,2.546496256675093
31.942876,63,478.333516,True,False,False,3.8002896133424513,3.2185466411792363
41.810452,54,478.780921,True,False,False,5.500706526041312,4.94550293007265
37.237285,75,479.392234,True,False,False,4.6509408406938935,4.234289595529004
38.870035,62,482.156691,True,False,False,5.388029001373007,4.5451187186683475
39.238757,45,482.520781,True,False,False,4.559331992261708,4.380071798418138
26.106383,55,482.956314,True,False,False,2.9225247768414144,2.133175678683906
32.066428,41,483.29263,True,False,False,3.0604314113694,3.030496382974506
31.071839,42,483.620901,True,False,False,2.944361966842765,2.8645526122301557
27.46746,16,483.758348,True,False,False,1.6475562798027417,1.7831532132820729
-15.653264,24,483.969074,False,True,False,1.6351559900895487,2.618520505569052
25.248658,53,484.398539,True,False,False,3.948416513928383,1.9607760967701648
38.630625,48,484.774204,True,False,False,4.866697490526533,4.312691307348213
36.904514,51,485.171861,True,False,False,5.286669201918247,3.9691097742486496
30.360166,53,485.598422,True,False,False,4.027050942794375,2.8253324912123303
29.543918,26,487.938026,True,False,False,2.1408684615440015,2.2945567161489206
-11.725036,44,488.294434,False,True,False,2.379286993911371,3.4830817554373885
35.888151,34,488.566288,True,False,False,3.431402623116699,3.546192966106977
35.534131,74,490.979911,True,False,False,6.024405079984841,4.309556246587314
37.459024,50,491.388669,True,False,False,4.180101174679047,3.9178794962143586
44.419886,63,491.884258,True,False,False,6.144046330602278,5.4481442695554785
44.320613,56,492.320685,True,False,False,5.753650928161135,5.404913030838779
30.795379,21,492.484546,True,False,False,2.238239407121083,2.44269044563673
35.340273,71,493.044443,True,False,False,6.2542998382225115,3.952788536800459
38.659972,56,493.495364,True,False,False,6.803491135885619,4.551862901803033
30.807206,54,496.011832,True,False,False,3.6685834477128334,2.9533165542527375
32.223983,35,496.284245,True,False,False,2.9236712137157927,2.848641125637504
38.635891,54,496.725148,True,False,False,4.615790465658948,4.32220338931804
-16.417191,20,496.884173,False,True,False,1.2002604874588643,2.9841150752703225
-15.702012,44,497.231334,False,True,False,2.937047714327765,2.8619227055511836
37.660484,40,497.537237,True,False,False,4.272740074378996,3.960875330737385
28.2327,47,497.912983,True,False,False,4.048954783642131,2.644061749123204
32.82435,52,498.332302,True,False,False,4.295450194780008,3.34363915947412
41.804664,128,499.38606,True,False,False,8.199770340292073,6.035057428590478
36.686689,94,502.148417,True,False,False,5.700685627424701,4.426601132352331
40.156741,48,502.551082,True,False,False,4.819908696331338,4.574564621556549
37.137463,64,503.066283,True,False,False,5.1915188196806765,4.179366018673398
29.714055,66,503.58735,True,False,False,3.75631179911126,2.863775261393305
38.189932,28,503.81395,True,False,False,4.009474809363494,3.9806020027594102
37.288183,41,504.141589,True,False,False,4.159698447425548,3.863877484477527
44.520197,73,504.715186,True,False,False,6.5048917020397665,5.653284270893422
31.703493,74,505.340633,True,False,False,5.853600508508067,3.4646146137149914
29.980618,25,505.549514,True,False,False,2.5369190881701016,2.433213042077982
35.264474,45,505.909813,True,False,False,3.8243231964445816,3.6072704566991014
30.764931,54,508.229871,True,False,False,4.0860603429548865,2.931999938283287
46.088563,59,508.7787,True,False,False,6.84437557951723,5.7774917810464546
36.802187,46,509.175534,True,False,False,4.547155264549793,3.9616943348134575
-17.421787,20,509.331661,False,True,False,1.1630216355699428,6.086637391271545
41.746906,90,510.042896,True,False,False,5.954218405302211,5.333464451204595
31.943042,67,510.549811,True,False,False,4.126539746251064,3.2096633625547155
37.061123,37,510.807545,True,False,False,4.1813811983232725,3.7711356235390525
26.923467,17,510.951806,True,False,False,1.7220107707682175,1.720036855471502
35.244774,62,511.498592,True,False,False,4.7965825211939865,3.8725562288056206
37.910006,77,512.225093,True,False,False,5.316805668216847,4.470035808066973
41.280556,76,514.862708,True,False,False,6.55695400294749,5.068699479698674
33.805781,61,515.395068,True,False,False,4.36728148406087,3.5534022185007847
26.594225,29,515.621236,True,False,False,2.4750735312031433,1.8631225227739943
36.791547,46,515.996058,True,False,False,5.335776572787565,3.977956246011254
32.312116,55,516.432632,True,False,False,3.617639227813363,3.035287198125938
-14.621666,18,516.580317,False,True,False,1.3897497645862218,5.1525362782535025
37.557098,68,517.12885,True,False,False,6.326268688158276,4.2887456211924535
41.711019,88,517.806919,True,False,False,5.560008109031614,5.1461829237506596
28.95892,33,518.073506,True,False,False,2.608070338284655,2.3398028002795397
32.587042,44,518.499859,True,False,False,3.0984041669150972,3.034591057513192
29.419425,26,520.715329,True,False,False,2.2064743338958435,2.247033493930459
31.101954,22,520.892857,True,False,False,2.437897540561474,2.5211146354339897
49.360617,85,523.603809,True,False,False,7.557616694397791,6.647605547306423
30.44304,36,523.909903,True,False,False,2.921516336416311,2.6269155244363627
41.44014,71,524.512017,True,False,False,6.0535902950220235,5.144595857378602
47.63306,61,525.17459,True,False,False,6.696100228913967,6.03653285031163
29.229827,42,525.489151,True,False,False,3.5102017377836296,2.4526418606975873
36.209374,55,525.930887,True,False,False,4.733144534827965,3.8721949673251252
48.285301,116,526.841973,True,False,False,10.71404692174509,6.866991494539853
36.757199,102,529.849042,True,False,False,5.321256741597775,4.579130348015278
31.837135,78,530.464305,True,False,False,5.276489358832039,3.360573015777078
29.040167,34,530.758034,True,False,False,2.2167351378330444,2.3012145776331754
35.142196,51,531.310228,True,False,False,4.714082358700997,3.6515062610073845
34.119306,78,531.982412,True,False,False,3.975423273809379,3.7458228014714305
40.533857,85,532.67042,True,False,False,5.942569291279422,4.99849301929932
44.374753,77,533.264607,True,False,False,6.452082519237844,5.655156203875958
26.638598,50,535.905749,True,False,False,3.054042837721377,2.2502966957510453
38.876727,42,536.222873,True,False,False,4.950154994379589,4.311180958761079
35.109632,34,536.473108,True,False,False,3.450006707494692,3.460519067086037
34.509289,79,537.140138,True,False,False,5.116788170081937,3.856838642242894
25.80678,46,537.578706,True,False,False,2.877855423642562,2.061789549841617
44.661494,46,538.059263,True,False,False,5.595294345277695,5.294272269848175
36.745959,49,538.451066,True,False,False,4.190773907243595,3.8192056538826034
29.516061,64,539.000307,True,False,False,3.66296701593824,2.790424339204405
31.857751,62,539.462414,True,False,False,4.497241081074552,3.3407339843937347
32.446654,51,539.851907,True,False,False,3.579547685032715,3.1248830916857413
29.718677,53,542.392288,True,False,False,4.41931080445451,2.829220012968007
37.46419,56,542.824836,True,False,False,4.33965709541546,4.104091640975304
33.185325,25,543.018439,True,False,False,2.881328843835999,3.0338275542039583
36.637334,78,543.641618,True,False,False,4.832408035526908,4.2150401119224545
33.331502,61,544.155607,True,False,False,5.291485942701563,3.4972929048900974
44.299388,101,545.132821,True,False,False,6.260900036333064,5.805807239168875
32.456062,56,545.698682,True,False,False,4.796030208696004,3.248886520638783
53.753906,97,548.446507,True,False,False,9.898269813577631,7.419557367465894
29.317436,39,548.768446,True,False,False,2.763218623727118,2.566618076330436
37.637708,67,549.301049,True,False,False,5.106041909526553,4.4661408330670795
26.341832,24,549.491358,True,False,False,2.0218086770521335,1.6674587613689915
45.251802,66,550.018379,True,False,False,6.097361083815663,5.6349686840626
32.033858,30,550.265944,True,False,False,3.0499083836534098,2.8170592216047474
36.473763,66,550.821644,True,False,False,5.05838795947852,4.153454479353074
31.469038,24,551.021971,True,False,False,2.620024879985681,2.665643879899563
33.316818,49,551.40331,True,False,False,3.742119278611481,3.2412880493874043
41.817875,62,551.905404,True,False,False,5.250829740596706,4.882566613602146
37.095542,51,552.302003,True,False,False,4.361083899437157,3.960774988777233
45.588117,60,556.078904,True,False,False,5.938008740888966,5.662902211810708
31.022407,42,556.411995,True,False,False,2.902272552882747,2.790631906809733
40.000459,50,556.815752,True,False,False,5.783648768892267,4.612752098108574
32.100624,44,557.206152,True,False,False,3.2626519036238313,3.1330075250571205
31.359499,22,557.383528,True,False,False,2.6542132312994844,2.598509191680636
26.519729,43,557.734725,True,False,False,2.042018993112594,1.9245014218477552
-13.725258,21,557.901684,False,True,False,1.529550526062862,6.5937971181439
27.110507,18,558.04514,True,False,False,1.6106492492566706,1.7680401218352746
28.30705,52,558.457908,True,False,False,3.6035847304754913,2.474275354754307
-10.817527,15,558.571779,False,True,False,1.9926329922607082,3.4206859455912895
32.429868,28,558.804988,True,False,False,3.3904705868866207,2.9429700820129243
31.373162,39,559.107189,True,False,False,3.0208575161846904,2.8528287920429856
44.72451,64,559.600148,True,False,False,5.945998533896642,5.483305469112769
29.255286,38,559.911688,True,False,False,2.6542784429025286,2.402799895426199
39.04798,57,562.346765,True,False,False,4.898090881080686,4.592440524820727
27.4242,36,562.627875,True,False,False,2.2755698504590263,1.9796082300723725
26.44428,13,562.734034,True,False,False,1.4785034495253857,1.5941047693384185
34.723777,57,563.22575,True,False,False,5.079097533883201,3.8172670877336583
-14.979597,17,563.372215,False,True,False,1.7264506208644879,5.972795267595439
44.918153,62,563.919784,True,False,False,7.051780855877446,5.630224572170889
34.373245,68,564.471751,True,False,False,4.920044753426035,3.7055461000954817
-15.903199,12,564.566226,False,True,False,1.008749211618971,5.597400244242798
31.659148,33,564.831927,True,False,False,3.867047258038979,2.8126468952256496
53.508709,102,565.610441,True,False,False,8.69201970315615,7.642906807899256
25.124393,27,565.822904,True,False,False,2.6763333407251504,1.5656115419166123
34.016293,57,568.587101,True,False,False,3.8362879699291987,3.597409293319306
39.37957,63,569.102383,True,False,False,5.881766882292089,4.879362878206881
43.551968,63,569.583196,True,False,False,6.514364923805623,5.290845894693493
45.974314,100,570.380334,True,False,False,7.218749986332644,6.12944118985134
30.335834,31,570.629673,True,False,False,3.1841371503698612,2.620969033570323
36.05262,138,571.822132,True,False,False,9.395016888465616,5.654072128671431
35.973526,50,572.238777,True,False,False,5.000779456335447,4.080850052644058
33.454758,38,572.529077,True,False,False,3.5964842274368163,3.1992852566649788
42.998009,49,575.07861,True,False,False,5.691307554618077,5.106424981702807
34.438018,57,575.59504,True,False,False,4.334151663633365,3.6738609812579868
25.367322,21,575.764614,True,False,False,1.458852147223594,1.5191540965249937
41.663514,91,576.477777,True,False,False,5.86722033980542,5.360300622537281
40.810226,60,576.958332,True,False,False,4.975903555342049,4.881794195616361
45.568092,94,577.835588,True,False,False,7.001390430588749,6.04133785472325
39.509289,49,578.218774,True,False,False,4.719781343164363,4.345048452938099
25.738074,23,578.405048,True,False,False,1.6524591291979598,1.622069973732545
36.219137,45,578.774633,True,False,False,4.08495667043255,3.7785200631123947
31.25542,42,581.097648,True,False,False,2.775577715782968,2.7415207954217427
-13.001843,19,581.242892,False,True,False,1.6578114479097632,2.714547545539075
25.583574,44,581.579898,True,False,False,3.812010128429814,1.901355984345373
30.372544,57,582.039185,True,False,False,3.7503819103516864,2.960577335230443
34.053864,53,582.452327,True,False,False,3.3191594543118894,3.3886940585633716
36.416243,65,582.949127,True,False,False,6.499075020221838,4.218084643425075
37.033054,90,583.807782,True,False,False,5.308046441116243,4.4296184531773735
42.685707,55,584.339192,True,False,False,5.223390729011549,5.1333645014476765
32.027193,28,584.563624,True,False,False,2.7887216529125456,2.8332098074422527
41.911399,56,586.968439,True,False,False,5.094737606741354,4.882302844126352
27.974608,37,589.154952,True,False,False,2.557773529445723,2.145630461675872
33.615926,121,590.15492,True,False,False,5.967097724726397,4.528811022722119
37.791487,58,590.604932,True,False,False,4.982894859312653,4.277859562042562
43.453049,62,591.087153,True,False,False,8.75463592921309,5.367301638036424
28.563751,28,591.314796,True,False,False,2.175981791808141,2.1089312054477385
38.036879,75,591.898288,True,False,False,6.435893931107089,4.356143587750543
44.516385,61,592.383947,True,False,False,5.445106927977653,5.525110891220269
30.760467,40,592.7005,True,False,False,2.763453000885226,2.7070331613169825
27.681275,29,593.01076,True,False,False,1.8639635530721785,1.9669897370367677
27.407662,63,595.540686,True,False,False,3.8008258003494686,2.471342307795938
29.019307,42,595.906437,True,False,False,2.425765683610098,2.357205115763339
-20.291145,18,596.064728,False,True,False,1.1745051361197214,4.688990397521414
32.916475,47,596.583212,True,False,False,3.369824792558335,3.1302876004489697
39.04067,48,596.962194,True,False,False,4.217783862521851,4.256835322708687
39.641625,60,597.42216,True,False,False,4.935419042663859,4.6117612501281045
37.709546,43,597.757795,True,False,False,4.827410173588442,4.019084760485247
39.487655,39,598.054211,True,False,False,4.755442265338887,4.428439049293569
52.107247,88,598.728149,True,False,False,7.39593910864072,6.90027375679599
29.755996,36,599.034412,True,False,False,2.5710980405574047,2.4356219657819107
37.858043,89,601.876493,True,False,False,6.095307919154957,4.454645701257276
36.269532,81,602.485336,True,False,False,6.4287243897165265,4.4944587938314395
39.55199,59,603.005017,True,False,False,5.0549765296996165,4.407963217491225
30.748912,33,603.266981,True,False,False,2.693329659781867,2.637932380699242
32.739393,21,603.436369,True,False,False,2.694888583988901,2.7541661740342276
44.094324,45,603.792341,True,False,False,5.748119382466694,5.299599924801876
39.249209,57,604.253101,True,False,False,5.349193986808559,4.561579009533239
28.823989,35,604.55906,True,False,False,3.6137816739734663,2.447706261776401
41.109849,59,605.022624,True,False,False,5.516763612309388,4.825671079441064
-19.479005,14,605.134595,False,True,False,0.688974489685594,5.126988914931244
29.774406,34,605.407133,True,False,False,2.622462089165604,2.459315011245152
26.711695,27,605.612776,True,False,False,1.9654490717221638,1.8227326377799846
49.250806,79,608.10394,True,False,False,6.639202921637018,6.463521939234215
23.793857,40,608.413391,True,False,False,3.3155911072388493,1.6773644653647162
36.874934,88,609.106897,True,False,False,6.110237921627156,4.638502529221938
29.849884,42,609.41833,True,False,False,2.74252819488172,2.6588114659588586
29.816749,23,609.589058,True,False,False,2.525979801676812,2.2820241636876477
25.561073,18,609.728059,True,False,False,1.9759439545814377,1.51104773909257
29.555769,22,609.907765,True,False,False,2.3986929961738634,2.2935716825518138
33.185134,21,610.069195,True,False,False,2.868338744720307,2.8835406896890206
-9.744909,37,610.35421,False,True,False,2.5990314194744015,4.175539980858012
43.060188,46,610.707493,True,False,False,5.052170774600487,5.078612158172344
35.025008,30,610.945061,True,False,False,3.139194494502525,3.3009896941717902
34.808548,54,611.383085,True,False,False,4.359433549070461,3.772919888516112
34.678813,38,613.569072,True,False,False,3.3082317503900347,3.3119227796315593
29.933223,46,613.933918,True,False,False,4.0797759685068336,2.715784761475626
36.856702,37,614.219008,True,False,False,3.8635306187836513,3.802762152989022
41.715549,63,614.693983,True,False,False,5.673108881409552,5.279249844355136
25.737674,24,614.874317,True,False,False,1.9202210722502053,1.6129760388581869
41.753697,86,615.542144,True,False,False,6.879008194492097,5.2863637397689835
28.054468,43,615.882858,True,False,False,3.629760190151211,2.3435115799568695
29.932572,54,616.297419,True,False,False,3.195634491965321,2.7002421392078158
-18.289886,11,616.378426,False,True,False,1.0496225681050633,2.636550823130476
33.656564,66,618.420655,True,False,False,3.747822304026789,3.4932835363675263
44.267423,42,618.757215,True,False,False,5.385777917319114,5.146841743137225
27.523461,22,618.926278,True,False,False,2.3419408740809304,1.9584352126805138
-5.793061,47,621.136053,False,True,False,5.02088721689321,4.376311026367204
33.069727,45,621.465824,True,False,False,3.7721437208310906,3.115623788773956
30.133418,25,621.667613,True,False,False,2.453114231107461,2.413126584902923
39.642385,50,622.055302,True,False,False,5.030611870501505,4.44557336957266
36.281592,55,622.478665,True,False,False,6.063986102847734,3.9252321516528856
33.35378,51,622.880685,True,False,False,3.9657021692533116,3.526046358882984
26.796843,24,623.074047,True,False,False,1.8465199009527462,1.8263329589791377
-11.780205,21,623.24324,False,True,False,1.99331317387147,3.502742057611787
45.094449,65,623.745766,True,False,False,6.5139314374450965,5.470195656523576
46.232771,85,624.40063,True,False,False,6.671371463176662,5.8256693051915445
27.437917,16,624.514888,True,False,False,1.718875104782137,1.7719039745909262
31.619815,40,626.702279,True,False,False,4.197970412512925,2.8875197545447486
33.494986,51,627.087483,True,False,False,3.950075822611216,3.587888412057332
49.79122,78,627.646514,True,False,False,6.931135465482407,6.519990541371697
-10.872223,24,627.807556,False,True,False,2.2396729898927386,4.034668025677596
28.665308,41,628.103854,True,False,False,3.959343283297623,2.3933391215600555
-2.929525,53,628.516675,False,True,False,5.65468565154396,6.101526472706782
29.320057,45,628.829771,True,False,False,3.330496100365024,2.5357840296418948
35.732013,79,629.399435,True,False,False,5.035519418316718,3.943088903959354
28.111895,30,629.652175,True,False,False,1.9886711578933964,2.054691386822446
40.504011,103,630.45417,True,False,False,8.227096657076599,5.42824295730991
37.594847,67,632.874887,True,False,False,5.277864386811619,4.413868653800249
31.524436,40,633.190954,True,False,False,4.224219467365978,2.9050337645626843
50.459699,70,633.713091,True,False,False,7.8294224975865765,6.789909118227946
43.818601,98,634.466943,True,False,False,6.790949727396936,5.734988602086086
35.830009,78,635.07732,True,False,False,5.880220113733204,4.000668556629839
34.349123,74,635.661536,True,False,False,6.922624292261928,4.2398136968512725
30.109803,30,635.88512,True,False,False,2.4410693612365235,2.511573801063723
28.709236,18,636.019778,True,False,False,1.901076443785602,2.006997851984983
44.742826,67,638.501522,True,False,False,5.694239768983572,5.427898112831358
33.112753,45,638.848401,True,False,False,3.299732971012295,3.118866786014991
27.956267,35,639.120707,True,False,False,4.160213416894699,2.143361847245286
-14.864261,50,639.512794,False,True,False,3.541956940085461,4.126037357426644
41.369536,101,640.287872,True,False,False,6.881641010470469,5.486147198877151
47.878458,88,640.975955,True,False,False,7.751354090403745,6.2223616989201505
26.439275,25,641.181056,True,False,False,1.7464894075583026,1.724109409914668
42.621289,65,641.675084,True,False,False,5.684513817986091,5.231799841236844
26.764391,45,642.017692,True,False,False,2.5068859779704824,2.0933339282242085
37.591957,64,644.536471,True,False,False,4.421386361316242,4.069372434819347
45.779653,74,645.118561,True,False,False,7.927444959725423,5.98906566748242
30.707817,46,645.481193,True,False,False,2.9182801461415546,2.728390351026331
34.936945,33,645.738305,True,False,False,3.440783739773245,3.4040492298654277
26.800651,28,645.956202,True,False,False,1.8950821787931265,1.8972155891747646
35.469231,48,646.319782,True,False,False,4.489054718963328,3.7406331061492035
33.287069,62,646.786242,True,False,False,3.8111461695845015,3.390439708929784
27.22141,16,648.856538,True,False,False,1.6180226753521825,1.7487078393096982
40.480716,65,649.35064,True,False,False,4.908938177060527,4.678169073619903
38.253663,46,649.720807,True,False,False,5.553363927015577,4.262816758835062
33.532929,31,649.956216,True,False,False,3.2390083426915477,3.1059998880063526
32.328429,37,652.108887,True,False,False,3.158868540994638,3.0055948817445004
26.381404,21,652.276989,True,False,False,1.4952058322844368,1.689831691812677
40.480053,74,652.850756,True,False,False,6.934794598513716,4.95371459354737
26.227446,36,653.149741,True,False,False,2.3022478546555107,2.0753213847478333
38.816244,93,653.868156,True,False,False,5.720176046699914,4.654421294221308
30.166758,29,654.087531,True,False,False,2.552547715457083,2.400149741541224
32.004534,30,654.318943,True,False,False,2.9474203970374995,2.8510080238536206
40.468537,82,654.932306,True,False,False,5.952003321548864,5.106800918633281
39.076877,89,655.629,True,False,False,7.083392407269661,5.093525288292487
24.915203,31,655.868583,True,False,False,2.1160191685813396,1.6185012780314052
38.27455,58,658.328411,True,False,False,5.572390702401597,4.341601518372088
36.503833,43,658.666092,True,False,False,4.805220439654749,3.812300929542782
32.700187,38,658.974062,True,False,False,3.2347821746386956,3.1659951485996904
40.179044,63,659.465553,True,False,False,5.021314269970639,4.662208309739264
41.624394,110,660.30416,True,False,False,8.489338441197232,5.271096024346311
31.45691,27,660.513219,True,False,False,2.7943624250432997,2.7109399834577697
30.116119,54,660.936624,True,False,False,3.611279511871785,2.761837333335622
39.434345,46,661.314468,True,False,False,4.890618666454613,4.42085727851196
34.526018,51,661.763102,True,False,False,4.7685052265686,3.52498129721449
26.129539,26,661.972813,True,False,False,1.7885602535826484,1.7225670858967572
43.647695,60,664.438623,True,False,False,6.590568642487024,5.252814063852928
28.914655,37,664.715618,True,False,False,3.122787609084811,2.4041155278016144
32.527874,44,665.047441,True,False,False,3.198626586016869,3.038100440684181
43.18207,74,665.639342,True,False,False,6.242676670161394,5.397170253074063
36.710471,89,666.316231,True,False,False,5.927238483749809,4.576536198200282
39.736545,86,666.974629,True,False,False,7.054949833425223,5.0972087719898465
28.015645,87,667.700616,True,False,False,6.094614382126279,3.001081925412063
31.920382,61,670.166279,True,False,False,3.9651696083587016,3.4289506709779047
24.451821,43,670.477901,True,False,False,2.636874939966753,1.5773245335783876
41.786106,64,670.987417,True,False,False,5.7515849941791934,5.105149412177527
48.228164,77,671.609314,True,False,False,8.417560801228825,6.577927774274911
-7.949517,54,672.038782,False,True,False,4.0146879688607156,4.420199505985316
32.616756,20,672.198097,True,False,False,2.8495538842242025,2.720875841450314
-20.010521,15,672.318096,False,True,False,1.3610192758844037,1.5927572719211127
42.746795,67,672.848519,True,False,False,6.625036065578892,5.3368664203577
36.678516,40,673.169762,True,False,False,3.774785830576016,3.6268993443240074
-10.61746,34,673.432264,False,True,False,2.91472505888451,3.3667214842780377
24.930238,67,673.954157,True,False,False,4.254856602583164,2.288485142444009
35.529381,36,676.264497,True,False,False,3.720018126188898,3.606491936139603
32.370857,31,676.498273,True,False,False,3.2981170559263084,2.979240437170829
28.007949,23,676.678557,True,False,False,2.312366870761707,2.158478778204788
30.630484,32,676.938496,True,False,False,2.610397233741282,2.664110898261692
42.549697,100,677.741864,True,False,False,8.884704445169282,5.855952595888361
39.18736,86,679.814428,True,False,False,5.153207507710216,4.84475920399745
36.68456,42,680.151938,True,False,False,4.390995529698658,3.859607304476395
25.765814,30,680.382759,True,False,False,2.123198394277097,1.8493357484715485
42.763804,71,680.918954,True,False,False,6.447568551674047,5.246710073163309
-15.011089,12,681.005128,False,True,False,1.3783840573582022,3.197245195787313
25.401023,47,681.366847,True,False,False,3.4520284283729596,1.821168899147342
34.389289,33,683.473418,True,False,False,3.5898458477199027,3.249738919916196
34.246141,43,683.807975,True,False,False,4.6402043519000795,3.481206686267297
47.202655,105,684.625602,True,False,False,7.174871297487359,6.34880197736817
44.661801,72,685.169347,True,False,False,5.667808271292889,5.565943512108974
39.011997,70,685.705529,True,False,False,7.911174663138447,4.724434046743768
41.796452,50,686.091849,True,False,False,5.052636332904237,4.892125587518705
28.247401,26,686.285251,True,False,False,2.1839878443307295,2.0592144956699228
43.829222,74,686.840672,True,False,False,6.77900636020469,5.574996432357529
35.024478,54,687.252018,True,False,False,4.466028781333588,3.7040361386994207
34.631375,55,689.56822,True,False,False,4.5301003000190745,3.5935899401719342
45.258729,69,690.112729,True,False,False,7.179217776738345,5.817526371614141
42.520511,83,690.763751,True,False,False,5.403301320473607,5.252888047636571
46.304828,73,691.330194,True,False,False,6.553520784103993,5.942358371524684
45.931986,71,691.877136,True,False,False,8.479099388342027,5.894802110527845
32.635586,39,692.185724,True,False,False,3.6781422678695566,3.0706668026976662
38.93859,81,692.820051,True,False,False,6.366963772636017,4.7251860710374425
34.127294,52,695.114391,True,False,False,3.989573789014763,3.500972160269912
25.860205,45,695.467495,True,False,False,3.417459681148064,2.088142391911187
32.569308,35,695.736067,True,False,False,2.813279517440707,2.919445512862895
40.693491,66,696.233975,True,False,False,4.880591776727594,4.755266615847761
33.409979,59,696.689549,True,False,False,5.665688991742928,3.492898016392432
38.484448,47,697.051214,True,False,False,4.384329560758334,4.139014880238122
42.404698,58,697.487774,True,False,False,5.69232078028413,4.924116518583674
-10.961348,51,697.872174,False,True,False,4.542958226751024,5.123780961053455
36.949509,92,698.590571,True,False,False,5.84644412553495,4.578059263725469
40.479399,63,701.068162,True,False,False,6.004053431999933,4.951096870848463
39.365152,75,701.640527,True,False,False,5.570169777320384,4.7684590195177305
-17.273091,11,701.728616,False,True,False,0.7480319136492056,5.206195447926761
29.678695,38,702.029142,True,False,False,3.080126170374408,2.499687654721671
29.715859,29,702.25373,True,False,False,2.4500749560059605,2.399502730266718
38.345814,38,702.546973,True,False,False,4.118635605642045,4.057476926229697
28.32804,35,702.814033,True,False,False,2.275832901182112,2.185717650902364
40.491012,56,703.248183,True,False,False,5.853012749036477,4.737677129852878
34.09309,47,703.615148,True,False,False,4.218451753005048,3.5035005000103996
27.141627,41,703.942671,True,False,False,2.8559307927188162,2.186657936660033
27.097494,18,704.08375,True,False,False,1.668338701877686,1.6891431245590585
35.997472,92,704.795814,True,False,False,6.275893728726876,4.370600090414601
28.880677,33,707.00097,True,False,False,3.0063707645410633,2.2903258450102806
31.636849,32,707.249847,True,False,False,2.838053388222183,2.730973421748511
44.835109,67,707.761212,True,False,False,6.729353004397422,5.565640248083833
42.992572,57,708.197748,True,False,False,6.041257323891149,5.1907914778979
-13.725281,27,708.401651,False,True,False,1.9830966533034948,5.069878174998618
26.751363,24,710.261532,True,False,False,1.6382440191045882,1.7787242555760592
42.267722,72,710.848273,True,False,False,6.03932769672664,5.2777426702206025
33.244581,42,711.193604,True,False,False,4.452283199285298,3.2463835930758758
45.878558,68,711.716796,True,False,False,7.437208403412332,5.883841715611424
34.9132,25,711.903065,True,False,False,3.302517418365622,3.303567052977901
33.052185,65,712.40811,True,False,False,4.643088385261222,3.644302820276205
30.471526,38,714.657902,True,False,False,2.733895277158228,2.588772894557541
39.643155,92,715.3955,True,False,False,6.304857315654321,5.190870333452668
35.323218,46,715.776407,True,False,False,3.6308646308790817,3.506389578148744
37.193328,50,716.182495,True,False,False,3.882655033069131,3.8815360020862313
36.167534,41,716.504929,True,False,False,4.093282181450365,3.7897754015083183
30.474009,44,716.847435,True,False,False,3.4819177633899376,2.6363912601971347
49.030255,109,717.691486,True,False,False,7.357377285022408,6.842290041863884
39.327354,69,718.226288,True,False,False,5.060962981684114,4.495190667327089
33.911445,38,718.497798,True,False,False,3.0772160523749132,3.1587737680163928
-13.556925,13,720.579718,False,True,False,1.5439752320789348,3.1039875219369955
34.498244,53,720.997655,True,False,False,5.204572697867315,3.700741532712956
37.257543,57,721.441247,True,False,False,5.039250294359324,4.175863715125728
24.754824,32,721.682089,True,False,False,1.9153422882470408,1.5247180703807293
39.489865,52,722.096703,True,False,False,4.472824231247618,4.3342249281973535
30.38238,60,722.563849,True,False,False,2.7278791107395612,2.784122464556476
32.836595,36,722.839227,True,False,False,3.199202511832007,3.0651800448566884
40.575059,118,723.741246,True,False,False,7.84238202465942,5.467096239797798
-12.209713,22,723.917237,False,True,False,2.1930956708870437,4.625538688884282
39.352193,124,726.792757,True,False,False,6.822290598007127,5.80751338299953
27.317563,48,727.15927,True,False,False,3.1194900826757404,2.184639759420132
33.117008,29,727.385618,True,False,False,2.906228288957921,2.9558136325080073
30.327673,40,727.700076,True,False,False,2.8486059202545833,2.6535467625091975
32.294784,33,727.957641,True,False,False,3.1445476369027006,2.9141347011035594
45.52599,58,728.417234,True,False,False,6.790043455417252,5.598354302066652
40.992785,83,729.071436,True,False,False,5.409329189110442,5.095069678725326
-13.528743,19,729.219927,False,True,False,1.5079974064426962,4.703686646130114
36.272254,32,729.474308,True,False,False,3.8191161305410537,3.6417056658098295
28.36659,23,729.650855,True,False,False,2.15488774880679,2.0445895246495516
25.05827,22,729.821241,True,False,False,2.2521078703782953,1.632084297329998
27.899956,22,729.993447,True,False,False,1.9380630923626405,1.960311329704658
37.555943,55,730.426739,True,False,False,4.034392768728173,4.00186226122438
29.184605,29,732.616196,True,False,False,2.4319739991617224,2.3008051681282096
42.20203,62,733.080202,True,False,False,5.549036478034685,4.935722971346791
28.347676,42,733.401348,True,False,False,3.39837317795625,2.2980187126200824
41.693181,79,734.015825,True,False,False,6.263565159186233,5.1345997726803345
29.17926,23,734.188762,True,False,False,2.02207607807648,2.23064833812088
-13.767057,18,734.331559,False,True,False,1.5724731689364886,4.015898844621342
31.683858,29,734.558685,True,False,False,2.7990491708441705,2.7042525746033976
35.277544,60,735.043032,True,False,False,5.464755166120678,3.7142174405487416
32.655958,66,735.537971,True,False,False,4.771384777366461,3.5558636744910466
28.404661,30,735.785636,True,False,False,2.3272172510245066,2.152718707285064
43.429961,55,736.234981,True,False,False,5.904341712979756,5.367835246130382
28.641432,60,738.650886,True,False,False,3.4205555989236083,2.797444414630052
26.800145,37,738.964521,True,False,False,2.7621784141345636,1.9865775778847585
-17.308088,9,739.03454,False,True,False,0.7005607135804189,5.972480403299497
27.808167,28,739.256416,True,False,False,2.776974484996987,2.0456745799702016
22.94093,123,741.508582,True,False,False,10.43486482334652,2.4596654639934927
35.771447,40,741.820328,True,False,False,3.617735920563353,3.6019427288679977
42.172359,82,742.459305,True,False,False,6.5166061822481085,5.803784354332709
-9.203793,29,742.688746,False,True,False,3.0833581022670598,5.498882323465175
44.891284,141,745.622856,True,False,False,10.645090234304586,7.026152907082978
35.626517,60,746.120487,True,False,False,4.132881809876134,3.77999003114169
43.460631,70,746.713629,True,False,False,6.966976078252398,5.477613610483946
34.168142,48,747.134665,True,False,False,4.246076585281575,3.5463486804426068
37.841522,77,747.794155,True,False,False,5.315657774552063,4.370147109562638
32.890318,35,748.0927,True,False,False,2.791454872274486,3.014483396339976
-5.354105,51,748.529222,False,True,False,4.309083577930976,5.329631890412136
42.272177,59,749.021032,True,False,False,6.129322577395106,5.037431838692069
42.027061,42,749.370978,True,False,False,5.271623254727115,4.861363155187115
33.205075,41,749.72003,True,False,False,3.100104321160209,3.078822095212217
44.185681,76,752.537681,True,False,False,6.131909628452315,5.73032660392837
41.776775,88,753.290343,True,False,False,5.638723032526247,5.179324242471629
47.92517,57,753.751405,True,False,False,7.254140998454427,6.0590726431724535
-7.236821,101,754.465703,False,True,False,6.946331339022561,6.006690726593574
33.620278,44,754.801883,True,False,False,3.7857447098141144,3.245990548040212
36.365582,42,755.121695,True,False,False,4.055034007952254,3.695908549241052
30.78484,25,755.313071,True,False,False,3.4849440266266853,2.626821732433665
37.132991,79,755.924304,True,False,False,6.211392931206051,4.57726846754463
35.579358,45,758.25837,True,False,False,4.457153810289186,3.7572195632464926
45.178599,109,759.109985,True,False,False,7.409865008844047,6.071201714349653
26.655603,37,759.404055,True,False,False,1.8489090106893582,1.9442341253648718
38.704028,64,759.90782,True,False,False,6.4054602741600934,4.651559567442664
29.201845,22,760.074586,True,False,False,2.0773140057923554,2.1850565621292217
26.494083,30,760.308063,True,False,False,1.683280868477714,1.8434964444718553
37.24665,55,760.80323,True,False,False,4.738923517840525,4.174481402470538
45.775611,94,761.600383,True,False,False,7.8465424948547815,6.377566645834575
27.327426,22,761.773662,True,False,False,1.870180617595599,1.866490639562097
24.854709,38,762.061023,True,False,False,3.0288639926509138,1.6846474073259914
-15.229913,13,764.067352,False,True,False,1.3123705592899713,5.009930344393277
43.325784,100,764.871558,True,False,False,6.811298632727369,5.682536712853682
28.985301,29,765.089675,True,False,False,2.5148644689756394,2.283820882750141
25.483202,43,765.427446,True,False,False,2.9513870474558423,1.7885122105022198
37.997334,60,765.889138,True,False,False,5.321475450034659,4.670470923595497
34.212705,29,766.127281,True,False,False,3.1354194421410426,3.2367194762412006
31.158118,44,766.512375,True,False,False,3.5287869659017685,2.8041171745873315
32.635065,43,766.879383,True,False,False,3.438006233507089,3.0904466690931103
35.325659,35,767.197068,True,False,False,3.6875113857494264,3.569043230722187
27.84135,50,767.585921,True,False,False,3.119259048175837,2.3066778675724864
32.027777,29,767.819305,True,False,False,3.190160319893945,2.834299434816019
34.534685,68,770.308042,True,False,False,4.433032989856391,3.561795613166415
35.965712,36,770.586309,True,False,False,3.9609889401599063,3.5714631462631057
35.042466,28,770.80665,True,False,False,3.264337999633748,3.325849234204489
-19.19164,12,772.192965,False,True,False,0.8479792778627901,2.448865761086406
30.65192,41,772.51991,True,False,False,3.1665336398711643,2.8393175477727723
29.316466,76,773.144791,True,False,False,5.447224701932707,2.9318694473113918
29.268751,27,773.358302,True,False,False,2.3601049953584328,2.2467025017080884
31.143448,39,773.658738,True,False,False,2.818162831618577,2.7436765167628954
34.060723,44,774.065606,True,False,False,3.704733472152724,3.4917198072820708
35.384515,55,774.537129,True,False,False,3.9173721428968653,3.8269613530562707
38.601236,33,774.777288,True,False,False,4.398253014707362,4.151489273203785
39.318282,85,775.478849,True,False,False,6.236919570582326,4.83622291916494
39.943707,73,778.059083,True,False,False,4.924037279200092,4.887282011831717
44.120631,66,778.570984,True,False,False,5.664698588235572,5.553161929583303
-19.118536,14,778.700946,False,True,False,0.7806815809076725,5.669335747792508
-17.198877,10,778.786082,False,True,False,0.8564782047217917,3.5171327957325986
45.779435,80,779.439348,True,False,False,6.411534984550502,6.016272716013215
27.418587,27,779.618548,True,False,False,1.9646423202594558,1.931340023777061
33.354578,44,779.994132,True,False,False,3.2994592845146435,3.153683246294533
36.30336,28,780.23184,True,False,False,3.9387293546478275,3.6455786734751863
35.210868,72,780.766014,True,False,False,4.238523138146664,3.8565904937132847
50.84231,75,781.373172,True,False,False,7.152545927832129,6.998167701963891
36.904674,60,783.973755,True,False,False,4.0726042932744475,4.031055260274458
35.187126,43,784.295272,True,False,False,3.8624638122468506,3.5628639871191
24.891377,49,784.651525,True,False,False,3.498492081973883,2.094397503907071
31.77239,35,784.897218,True,False,False,3.3055156938043577,2.859200577592445
39.052147,78,785.536039,True,False,False,5.762374188497115,4.757236885028874
34.465828,40,785.820218,True,False,False,3.8166540116680614,3.310424058700981
31.237374,28,786.032406,True,False,False,2.908739243553738,2.6929817825983293
32.122076,34,786.301914,True,False,False,3.1145020931532486,2.8801666045838026
30.552667,31,786.538669,True,False,False,3.131505697370179,2.607311777368417
28.741364,22,786.707323,True,False,False,2.4278424850189486,2.1071885185712325
31.459512,19,786.853401,True,False,False,2.521533752787555,2.54918600482691
26.58278,17,786.98378,True,False,False,1.9615214856154333,1.7079911931619305
27.690797,22,787.169231,True,False,False,2.0875737812302533,1.935465900545633
33.188137,31,787.399783,True,False,False,3.21337559149164,3.0314591109769524
35.108186,30,787.625566,True,False,False,3.4361857932561852,3.354432193242852
34.731129,47,789.950286,True,False,False,3.530710401103576,3.4340740921245825
38.117398,36,790.25083,True,False,False,4.137560189185344,3.988240047903988
38.516651,74,790.895262,True,False,False,6.164109857864504,4.8701686628053045
37.956404,33,791.164948,True,False,False,4.037853298186943,3.9698443601080826
27.664126,26,791.369121,True,False,False,2.119215569828074,1.9556679398839967
26.539776,24,791.539992,True,False,False,2.072228622420467,1.680143486234547
31.753517,28,791.756603,True,False,False,2.8174767103898137,2.7145998550318584
38.945498,68,792.25186,True,False,False,5.575313280781078,4.569078382745327
28.383302,24,792.420477,True,False,False,2.178974182897899,2.0826941238279217
31.044099,39,792.722826,True,False,False,3.3203999838805736,2.6507898020546756
32.626147,30,792.937,True,False,False,3.460385539972172,2.9113556980138338
29.650608,43,793.229073,True,False,False,3.956926548426042,2.4902970228611174
25.810356,19,793.367929,True,False,False,1.3407640675174402,1.5017836044476824
28.024695,13,793.468072,True,False,False,1.6646376483804766,1.8420959421958938
44.647695,68,796.110833,True,False,False,6.768205321584697,5.7114995792354035
41.578591,41,796.529337,True,False,False,5.249562048869727,4.682696457217749
38.742726,71,797.18837,True,False,False,4.774432371879306,4.43038781569974
34.133909,40,797.515079,True,False,False,3.2307176807258466,3.190937015189733
41.664081,60,798.000928,True,False,False,5.8604515883504815,4.829046873915451
37.249433,48,798.45665,True,False,False,4.34018654533312,3.9989683233744224
35.438198,29,798.780523,True,False,False,3.1723142590800015,3.295564035580162
37.081497,37,799.181074,True,False,False,3.584708605116186,3.6272272264097607
38.292396,48,799.714048,True,False,False,4.139163503647234,4.089627941019993
29.526215,38,800.133376,True,False,False,4.019388850488586,2.4866297087162543
34.810061,44,800.494604,True,False,False,3.41863912553798,3.3406976522697795
40.195333,54,804.721448,True,False,False,5.060246676785374,4.544156475374727
26.736966,12,804.831234,True,False,False,1.4889259423033119,1.6360749406487007
45.827919,67,805.428818,True,False,False,5.810345545264372,5.72797662516554
27.914209,29,805.689399,True,False,False,2.335836279861669,2.1626719895158146
-15.95226,18,805.824842,False,True,False,1.679856619132099,5.068552893098996
30.234471,20,805.979153,True,False,False,2.2588935688282037,2.361475060968072
44.508162,57,806.359346,True,False,False,6.108663398708926,5.587311040226229
26.115311,18,806.48564,True,False,False,1.587707289489529,1.519477514048729
39.401499,71,807.043767,True,False,False,5.905494793154122,4.78806801340994
31.829951,27,807.253392,True,False,False,2.6393716910021734,2.7832785899501276
40.315866,37,807.598473,True,False,False,4.602347045364201,4.410917888372355
40.172194,54,808.075596,True,False,False,4.860660333516336,4.557045532821815
30.553405,28,808.338516,True,False,False,2.493168823909507,2.540028504852479
39.089319,31,810.620299,True,False,False,3.9461276769915594,4.130196516816006
47.794895,64,811.126975,True,False,False,7.352984879334641,6.1745826519598
42.49133,48,811.524796,True,False,False,4.8632705625164,4.951271853512004
36.28667,47,811.946208,True,False,False,3.9576242043019634,3.694995478551544
33.031127,46,812.337138,True,False,False,3.673615602353932,3.1230648407797656
42.270797,76,812.93732,True,False,False,6.412546618984022,5.553799458233917
35.170272,43,813.284781,True,False,False,4.13070068659657,3.56766524356821
36.715931,39,813.605421,True,False,False,4.396224046775734,3.8744056659289523
34.872355,54,814.063049,True,False,False,4.520894881177167,3.5624462387728957
31.946614,34,814.324778,True,False,False,3.2219422152561057,2.8766616549660817
43.500969,87,816.968455,True,False,False,6.45488760622838,5.7070929251244245
48.345769,109,817.83605,True,False,False,8.08825087165855,6.807514778235159
33.169639,48,818.207135,True,False,False,4.393312599707653,3.264289804006125
38.322949,67,818.746696,True,False,False,4.859446707025883,4.3182119970214625
42.593605,60,819.191911,True,False,False,6.147085192636992,4.9516955993807965
47.929485,57,819.666653,True,False,False,6.5114537349195905,6.126419030181208
28.371041,32,819.911296,True,False,False,2.034653807754587,2.0636694624660064
45.634744,96,820.638343,True,False,False,7.483553901886563,6.172841766291201
-11.507095,25,822.872145,False,True,False,2.888097732361897,6.312024202573297
-15.9045,23,823.05237,False,True,False,1.510893297702563,3.3020783255666117
27.06774,26,823.263313,True,False,False,1.834966849347574,1.8989187682636197
33.414828,35,823.541594,True,False,False,3.3303747048839103,3.1335677546231016
35.866892,36,823.834696,True,False,False,4.2438845799928036,3.609024655211055
27.17414,20,823.988404,True,False,False,1.7192777520513276,1.80741096934501
40.796956,45,824.338348,True,False,False,5.232202086234979,4.697738602801345
37.752963,54,824.820008,True,False,False,4.363140810449921,4.055781116448869
47.691641,102,825.682894,True,False,False,7.018773529484224,6.373193507296844
-15.829182,20,825.861107,False,True,False,1.2708015754118693,3.4793344480987383
39.302077,51,826.265418,True,False,False,4.39729207041463,4.177443447540792
38.655839,98,828.963855,True,False,False,5.848053826452484,4.760733048992345
30.081719,35,829.23329,True,False,False,2.4915422176195743,2.4913570933666414
33.884763,107,829.996903,True,False,False,6.620913272295101,4.067508977166136
46.505499,67,830.614829,True,False,False,8.824547813592252,6.015782316997039
31.314155,43,830.996812,True,False,False,3.1194649438086093,2.7579035750504675
37.928864,49,831.427375,True,False,False,4.960426680128742,4.141045232186478
40.165479,79,832.09935,True,False,False,7.311894141585496,4.946007066490516
34.069224,35,832.359922,True,False,False,3.494034785434173,3.2131896164398133
33.060721,39,832.639556,True,False,False,4.627275448474558,3.0933345785383466
38.340345,84,836.828301,True,False,False,6.353278697830829,4.618854284470276
34.640012,83,837.504155,True,False,False,5.069022995786287,4.030913487934594
33.624161,30,837.7263,True,False,False,3.602577382460843,3.1682663863967613
32.008058,53,838.167967,True,False,False,4.540924222044632,3.2223546518174704
44.33421,81,838.847809,True,False,False,6.4234917296546,5.502525476673802
55.359736,64,839.373642,True,False,False,8.540314673756692,7.593545541480253
33.975832,55,839.847592,True,False,False,3.894407758618326,3.4481269530650582
43.305837,61,840.325535,True,False,False,6.51204189786619,5.352159799158743
30.629008,46,840.692724,True,False,False,3.5387749628253227,2.683220962833443
38.124429,36,843.151428,True,False,False,4.305993734524531,4.086730002478327
35.077071,74,843.767192,True,False,False,5.954407492126335,3.8953176671142056
34.687357,31,844.021867,True,False,False,3.9577839396801306,3.300501180306953
27.189948,43,844.37118,True,False,False,3.054423449462084,2.1451006848504446
29.152862,30,844.607959,True,False,False,2.1771990207301664,2.306624058970758
36.902606,49,844.97895,True,False,False,4.7036724944897665,3.9228078918066314
27.357501,55,845.40283,True,False,False,2.923543023505167,2.25067801850107
27.987823,49,845.754026,True,False,False,3.479711440414937,2.431253688389942
31.54823,46,846.08019,True,False,False,3.32238638671852,2.8516916278177447
42.624334,62,846.589917,True,False,False,5.387117449338153,5.144578653037584
38.919985,53,848.92408,True,False,False,4.482868927716246,4.217493197654938
32.026252,29,849.153094,True,False,False,2.852358169946046,2.871096613463211
31.208757,40,849.47062,True,False,False,2.8519501597930983,2.7599792459669583
33.987718,48,849.856697,True,False,False,4.023019752488805,3.3290256718219964
40.483889,61,850.324649,True,False,False,6.799147190361999,4.822023052443327
28.25718,29,850.532816,True,False,False,2.765721609334133,2.1274573238103285
34.592188,35,850.772792,True,False,False,3.5492654403074586,3.2854518965763773
43.265272,72,851.376333,True,False,False,5.962139671141953,5.223903485828574
35.630956,73,851.975513,True,False,False,5.920209828253493,4.055177815046476
47.624651,68,852.529915,True,False,False,6.970717376264451,5.985279146516336
-3.417305,37,852.881275,False,True,False,3.9693655862552553,4.740800740540133
32.857068,58,855.42153,True,False,False,4.530589714186108,3.2418747971221333
39.619869,32,855.680182,True,False,False,4.160805722474604,4.21872654054419
43.461279,62,856.131871,True,False,False,6.448775470388529,5.46256022686415
35.050564,49,856.484668,True,False,False,4.622580741351666,3.6290544882425597
33.176484,29,856.701033,True,False,False,2.9891279864107343,2.979400682155055
-15.5053,12,856.80322,False,True,False,1.0966052897509109,3.782671474189212
31.456178,54,857.229999,True,False,False,3.5503645493234033,3.1461122434234863
52.533986,67,857.769166,True,False,False,9.185882904659024,7.058445924240714
25.912792,28,857.967158,True,False,False,2.0667432542040283,1.683928420124675
25.897521,32,858.21506,True,False,False,3.3108624733259626,1.7544214641067113
38.543806,41,858.535262,True,False,False,5.041047195690837,4.18108697390381
-18.013404,10,858.624611,False,True,False,0.6340878610467648,1.5209945651944652
34.628624,45,860.905073,True,False,False,3.3512452139097424,3.3902642880548486
29.466967,32,861.158371,True,False,False,2.5615278848220497,2.3734008812200478
42.811763,92,861.97533,True,False,False,8.107437390383591,5.7692806123180285
3.502772,59,862.725301,False,True,False,5.948463001050669,6.16705633152981
34.925638,47,863.106703,True,False,False,4.276512372700009,3.627388898343183
33.16636,43,863.445519,True,False,False,3.817361962568812,3.1769520341690276
41.481964,94,864.222828,True,False,False,6.482341636654192,5.200698994304331
31.595276,22,864.417499,True,False,False,2.4129229818154507,2.6598447957283753
33.883334,48,866.553977,True,False,False,4.383182778838775,3.383954909140472
34.882836,68,867.114974,True,False,False,4.090162629996813,3.584283147559429
43.533832,54,869.574913,True,False,False,5.809075458582763,5.074765194748675
39.985388,39,869.873578,True,False,False,4.547731191091848,4.3948765807856764
41.689506,55,870.29464,True,False,False,5.009925941231638,4.759821816355007
36.509525,44,870.641752,True,False,False,3.634711451156892,3.7126961693388982
36.824465,37,870.933498,True,False,False,3.637709729496437,3.6972164429341627
47.364412,66,871.44208,True,False,False,6.584505873483826,6.019690384472259
42.985606,72,871.994776,True,False,False,7.040485596521309,5.325328498025123
29.267818,22,872.163697,True,False,False,2.6312248762893002,2.2601109565983553
-18.180683,27,872.371701,False,True,False,1.5570446485950376,2.316873677049622
43.620195,64,872.876842,True,False,False,5.707706289630418,5.280908922512836
28.259295,28,873.116881,True,False,False,2.0777753205809546,2.0218248208069216
29.277479,40,875.254226,True,False,False,3.5882879177820746,2.4304749940600106
49.591942,79,875.859261,True,False,False,6.690765951424229,6.4739438397413975
-14.827152,27,876.06419,False,True,False,1.8459174036435464,2.832733961019343
37.282505,56,876.484878,True,False,False,4.706891716016348,3.9806241756834173
38.881531,68,877.026494,True,False,False,5.270281102754459,4.571631500780561
30.153998,45,877.432465,True,False,False,3.1017398704205537,2.638984132148116
50.476776,69,878.003636,True,False,False,7.434722622964389,6.703216725737734
49.528717,71,878.578829,True,False,False,7.6328246079205195,6.393822888659792
27.041337,16,878.718781,True,False,False,1.6742805535793255,1.7106121554423779
38.568792,84,881.30116,True,False,False,5.1434943089021585,4.592395043603601
31.978341,27,881.512207,True,False,False,2.86491905339174,2.7944637312735785
32.907961,48,881.917246,True,False,False,3.521016459334733,3.083681162674996
35.827303,31,882.132315,True,False,False,3.5270290911283073,3.4887555658464713
49.009627,90,882.752905,True,False,False,8.009798063121146,6.689809058827021
41.199376,126,883.714116,True,False,False,7.657125926901442,5.765192818880885
38.373006,76,884.294944,True,False,False,4.795606540284329,4.445440081651046
43.309972,55,884.751612,True,False,False,5.341628170081222,5.139160266314407
46.898583,46,886.979514,True,False,False,5.870695518654261,5.677992514479136
41.778866,34,887.241992,True,False,False,4.567197990438969,4.600876422182392
48.347906,67,887.758904,True,False,False,7.774763601883292,6.5306633989464045
35.121608,40,888.068728,True,False,False,3.8428678691899965,3.409301252820175
54.599463,129,889.088308,True,False,False,9.036477473450006,8.06084472155195
37.331613,44,889.430422,True,False,False,4.745292989721497,3.9472408136248185
45.41466,47,889.789118,True,False,False,6.137229698247226,5.458050040319325
47.963069,74,890.372209,True,False,False,6.36044893074539,6.149653889822524
44.369559,81,892.919692,True,False,False,6.902822408590155,5.876122639078838
-13.93093,55,893.34105,False,True,False,4.700929835557002,3.6247026856718305
32.950626,56,893.78166,True,False,False,4.339716268757071,3.2772651818445944
28.073875,25,893.977572,True,False,False,2.745152824824945,2.1145686186976818
37.069441,44,894.328552,True,False,False,4.782598939167063,3.8836748109392594
-10.524808,30,894.585345,False,True,False,3.0445213014786248,6.510393850429506
32.452727,44,894.921211,True,False,False,3.601829368270292,3.050628114380549
36.344644,40,895.208228,True,False,False,3.7803826295639498,3.758791861190119
28.459113,19,895.345668,True,False,False,2.0091744058909984,2.0329618199134347
31.848684,84,897.545422,True,False,False,6.1344343842021525,3.747350124748424
30.829318,29,897.756547,True,False,False,2.599224847699301,2.5792902864094267
48.782995,92,900.510658,True,False,False,7.913986050217958,6.775669341954885
36.828175,73,901.085976,True,False,False,4.890576713579114,4.163749649018173
44.335926,76,901.701076,True,False,False,5.834742355831103,5.639580395759627
31.153336,25,901.887691,True,False,False,2.4248248710079223,2.5172069001538095
43.444611,68,902.451776,True,False,False,6.278675626000595,5.581817320985651
47.374769,67,903.034862,True,False,False,8.238153700543743,6.290632547386762
36.21766,46,903.389269,True,False,False,4.070651541524251,3.7509936849948304
42.935916,75,904.095998,True,False,False,7.410693759051954,5.413603247146325
44.176201,63,906.444488,True,False,False,6.078001385672131,5.339735244814573
33.482238,51,906.851976,True,False,False,3.6197734088439253,3.2757672664201825
36.055668,47,907.243101,True,False,False,3.9239872954492956,3.8730412837757773
29.169357,59,907.754686,True,False,False,3.5559235254542134,2.7598780150056887
29.444101,59,908.259724,True,False,False,3.4708807889392177,2.699040406364295
29.83103,33,908.514563,True,False,False,2.535099910103656,2.467462545041136
31.927026,33,908.785398,True,False,False,3.0149300060983664,2.8119668691183546
28.350409,23,908.953777,True,False,False,1.825775999914271,2.03579400850772
32.275576,61,909.41799,True,False,False,3.6279443737874533,3.182831495227285
27.249874,16,909.564427,True,False,False,1.9698491833306964,1.8347202626955261
-11.800489,20,909.730075,False,True,False,2.11688153373105,2.7218442681764614
42.259855,87,910.511222,True,False,False,8.042890205570835,5.404511097900441
38.840335,31,912.987372,True,False,False,4.309915574321731,4.114338794354536
44.903748,47,913.35129,True,False,False,6.544497683758369,5.52091823194895
34.904832,59,913.787142,True,False,False,5.053392590791589,3.71530617010164
27.903771,11,913.86395,True,False,False,1.6638226267682208,1.8868678064022109
40.938962,65,914.36066,True,False,False,5.735535243472493,4.867225716524188
30.764044,25,914.561664,True,False,False,2.4447138408234608,2.495126775958271
31.534357,46,914.916113,True,False,False,3.9293385289718596,3.1433687075255734
37.269279,55,915.32886,True,False,False,4.188061719526677,3.9968078966241407
34.590185,49,915.722119,True,False,False,5.147620864378782,3.6551093550318448
26.898143,56,916.171782,True,False,False,3.368637752770102,2.531348125874883
27.890993,29,916.397153,True,False,False,2.0125713370613316,2.104826985311699
-3.734545,27,916.611107,False,True,False,3.395721674647365,5.496014536365104
44.388273,87,919.387531,True,False,False,7.3737259456830575,5.664504668048184
25.967913,15,919.542423,True,False,False,1.2922073295051408,1.5396209792622382
43.685502,80,920.37314,True,False,False,6.39775197614816,5.448543232052452
26.702252,25,920.603403,True,False,False,1.857375813096534,1.7676641639627286
33.165654,29,920.830011,True,False,False,2.9133906693679936,3.0367089684175985
26.037525,21,921.001349,True,False,False,1.6383479329242185,1.6406003640446876
44.202594,41,921.330592,True,False,False,5.701511025060302,5.21912657287445
29.79459,24,921.520307,True,False,False,2.332454168598348,2.292075998552803
38.762181,58,921.99605,True,False,False,4.686916847741129,4.344226568228814
37.564104,49,922.391279,True,False,False,5.32174734286075,4.157739174885637
29.601903,28,922.6146,True,False,False,2.8902831088061416,2.3695217094786174
27.723822,25,922.860226,True,False,False,2.1823776185915387,1.911758132325691
40.367527,90,925.736334,True,False,False,6.51226303311197,4.9338576160158425
40.836141,44,926.090665,True,False,False,5.580382674294292,4.678234867668621
40.203108,58,926.552904,True,False,False,4.8262769528624565,4.5711670625598995
29.490049,59,927.021254,True,False,False,5.748764996934668,2.790105116593264
31.49424,30,927.280341,True,False,False,3.0499988252093795,2.6968066317308548
37.135171,52,927.685229,True,False,False,3.6946326102984206,3.8398207221249536
46.505843,84,929.815069,True,False,False,6.224996202984442,6.013655511076865
26.567056,24,930.009349,True,False,False,2.096738250614376,1.7944129309505987
28.443191,28,930.234048,True,False,False,1.8704674696225723,2.058330402916363
37.555026,36,930.513734,True,False,False,3.7284205768711605,3.8571562985417707
36.156683,34,930.792855,True,False,False,3.8220273477360522,3.5482326162995035
-12.06939,15,930.906888,False,True,False,1.8207453241612515,6.678305246904698
41.366066,53,933.272197,True,False,False,4.910105865741151,4.713167865414586
40.023941,52,933.671546,True,False,False,4.59387760338707,4.416922600530581
34.255556,45,934.054121,True,False,False,3.183797759420098,3.3060290342434495
49.27044,67,934.575794,True,False,False,6.839769640318512,6.269358925069014
40.737689,36,934.822884,True,False,False,4.8731979921600335,4.463631338471834
44.210849,46,935.146857,True,False,False,6.093868376539778,5.2310664775872056
44.792587,94,935.853809,True,False,False,8.647459776527102,5.958953046647338
41.212154,49,936.232111,True,False,False,4.81917331487302,4.633271564273283
44.388904,46,936.600572,True,False,False,7.350960464402762,5.2615636001498745
50.330871,71,939.288213,True,False,False,7.957450467705578,6.699603357067247
44.5549,73,939.941143,True,False,False,6.534548994067443,5.661522258202271
31.579178,36,940.258417,True,False,False,2.5685843151621275,2.6768983514848133
31.475184,97,940.969171,True,False,False,6.552770722703209,3.763724458868082
27.419062,26,941.198988,True,False,False,2.200480567933582,2.0283278892371204
41.505279,50,941.585871,True,False,False,5.1673850212765355,4.671436829221584
35.524903,39,941.927605,True,False,False,3.580632161474524,3.5764168800476206
36.889555,88,942.643015,True,False,False,6.386619703430246,4.561681134686837
39.006151,59,943.115642,True,False,False,4.878607440979328,4.378613869619522
41.661764,42,945.450934,True,False,False,5.069325283282067,4.7397593591305
33.117652,41,945.765439,True,False,False,2.962532614946364,3.0626302530546337
35.743401,73,946.338925,True,False,False,4.8033885437258155,3.945693800390677
30.745115,27,946.576987,True,False,False,2.3794602258710746,2.5983997109275
36.116033,49,947.011381,True,False,False,5.419275629389172,3.8503182717484736
44.062733,82,947.690209,True,False,False,6.6810503785194015,5.564876343772399
38.534157,108,948.513687,True,False,False,6.6398255791693,4.857131897919523
44.38338,58,948.981769,True,False,False,6.297217365056734,5.441212349387379
32.424215,38,949.268791,True,False,False,3.9126040845042414,3.1714426005247045
-4.082684,37,951.482229,False,True,False,3.4132872649203723,4.898129744427606
27.160477,23,951.652011,True,False,False,2.1248309605104776,1.8991318626944103
48.487626,114,952.542707,True,False,False,10.20076007863036,7.140825786980229
42.410632,65,953.073714,True,False,False,8.121977555009083,5.23843086996479
29.324267,33,953.323042,True,False,False,2.5960537220080337,2.337642498642874
40.628109,59,953.789985,True,False,False,4.99179367608938,4.609582359755578
32.790115,44,954.225281,True,False,False,3.4391056790852397,3.1889962902711195
35.438935,51,954.673962,True,False,False,3.479803180482937,3.585428161759908
31.569623,43,955.043756,True,False,False,3.940190505668473,3.0058998919036055
37.021102,70,957.490426,True,False,False,5.151835827776283,4.23298772791524
48.074772,84,958.155575,True,False,False,7.990266554491272,6.598112754799664
39.174393,41,958.460088,True,False,False,4.947704654732797,4.281060967770433
27.642068,33,958.757723,True,False,False,2.5028181286210893,2.0612492168243355
50.380961,65,959.282135,True,False,False,7.749907164628933,6.569724239351354
43.093249,62,961.085151,True,False,False,6.514144346741392,5.316503415804333
-18.021412,10,961.16468,False,True,False,0.7338735042000497,6.097035314001831
25.495993,28,961.365728,True,False,False,1.5105395534249468,1.5447555577863894
50.859823,88,962.020912,True,False,False,7.360918864234732,6.851159167567124
34.655243,49,962.397609,True,False,False,4.219537433207928,3.509978768961521
37.635229,50,964.781391,True,False,False,5.594251548474809,4.0864526840443425
37.344462,73,965.362356,True,False,False,5.2040148305390685,4.636131099793927
33.010757,30,965.603621,True,False,False,3.3307347363243034,2.987337175552713
48.038351,72,966.287939,True,False,False,7.2440993739644615,6.366588312150924
6.82175,53,966.792358,False,True,False,6.197944788426538,6.7369131217247
26.749781,23,967.031498,True,False,False,1.6229109788684035,1.7085662646462239
-13.404071,17,967.189129,False,True,False,1.9424845091312468,2.9943318282895244
36.79458,53,967.616984,True,False,False,4.75118281512235,4.094087283020009
33.063152,51,968.016499,True,False,False,3.9588483021079397,3.2092966214776193
30.185065,58,968.484693,True,False,False,4.15668166923628,3.0051901963045387
48.209498,54,968.915355,True,False,False,6.2452904206169,6.158494255397588
-16.605962,16,971.028702,False,True,False,1.1012650478539259,2.4681824545359867
34.88095,42,971.395109,True,False,False,3.6040349651725765,3.4118085055335463
33.267051,38,971.680049,True,False,False,3.17256203762379,3.1213410769071035
34.146327,46,972.034254,True,False,False,4.222444977950997,3.5979539205272104
44.816667,79,972.657469,True,False,False,6.547662761064738,5.861826513177465
27.920029,25,972.857382,True,False,False,2.1519000710410072,2.026407136848174
24.831574,44,973.206617,True,False,False,4.654556562638518,1.7339550878113397
35.653592,57,973.587187,True,False,False,5.020120139296867,3.8258151953210424
32.190445,35,973.838338,True,False,False,3.313545048188835,3.040609446383823
43.554617,64,974.32972,True,False,False,6.737943551211146,5.199509303070751
25.566392,24,974.518959,True,False,False,1.8626123657616978,1.561237071667461
31.226022,40,974.844873,True,False,False,3.78352564310705,2.7556656085761966
39.450767,42,977.159749,True,False,False,4.904752549745062,4.368235110311107
28.897964,27,977.374023,True,False,False,2.4981948768964664,2.3216306845700876
39.822519,70,977.918883,True,False,False,5.267892468387792,4.66816523159351
-13.019895,16,978.043748,False,True,False,1.7233635596139847,5.847405076274388
47.72079,55,978.462691,True,False,False,5.881538250573647,5.874511137736521
-16.734833,12,978.578494,False,True,False,0.9194397741207712,2.7815718202294306
31.147605,24,978.875307,True,False,False,2.701074590207687,2.554641048554519
43.781184,63,979.387964,True,False,False,6.2071440195301575,5.532311594713345
30.914041,36,979.759609,True,False,False,3.7954896388085824,2.650145016186157
41.092317,46,980.140255,True,False,False,5.133977610374634,4.641594203738254
31.734061,33,980.396751,True,False,False,2.9923739957635327,2.704945605912
30.209983,34,980.658008,True,False,False,2.873983573894043,2.341273141892393
44.627575,68,983.060989,True,False,False,5.541868309998682,5.525735943071479
29.386303,33,983.296446,True,False,False,2.3994830812205223,2.2762137706910344
41.220736,40,983.589541,True,False,False,5.123599870355431,4.6441742359021765
30.695204,39,983.857132,True,False,False,3.2587747955409747,2.607283037086684
33.092573,26,984.013568,True,False,False,3.1899379471215323,2.916210369043869
-14.433541,24,984.169065,False,True,False,2.0434112366482418,5.5689645411176985
41.721006,46,984.535229,True,False,False,4.591218431174209,4.736941272471811
41.603834,53,984.981988,True,False,False,6.276759867338842,4.787966987061123
30.185841,28,985.207069,True,False,False,2.353633653803314,2.376589775891127
24.49522,37,985.516498,True,False,False,1.424542411665169,1.521295018896503
27.369398,71,986.086914,True,False,False,3.397532896663317,2.7716724269140918
36.991308,49,986.49458,True,False,False,5.2569040185130556,3.991975895894927
47.499641,58,987.043866,True,False,False,5.925548406034224,5.881892788305035
33.623863,52,989.461933,True,False,False,3.3618870144362134,3.3564460064438406
30.356776,47,989.832489,True,False,False,3.0605049446696406,2.6248627681705012
45.504244,57,990.279966,True,False,False,6.605076623676647,5.472696278313333
32.805468,53,992.540762,True,False,False,3.9647980633347157,3.263486090682244
30.404778,31,992.79706,True,False,False,2.591275983561851,2.47706829301373
-15.387697,12,992.886735,False,True,False,1.1578328364990185,3.2572293826922416
40.248467,54,993.296985,True,False,False,5.5559909299233174,4.706342651362167
29.701714,27,993.509863,True,False,False,2.5960688621630106,2.2913799765564113
37.923618,123,994.451748,True,False,False,10.300997081217128,5.722315205126229
-11.943566,28,994.671851,False,True,False,2.01541475850164,3.949690157457462
36.790083,37,997.178719,True,False,False,3.549861813454372,3.7254498146345134
27.922115,26,997.382699,True,False,False,2.039272359812957,2.039541622761955
37.846804,42,997.765762,True,False,False,5.0548016208788535,3.969468586111503
29.304758,28,997.990649,True,False,False,2.3799424987580444,2.3143982862659063
25.59166,24,998.171698,True,False,False,1.6374751856956844,1.529247148392226
41.858816,64,998.75937,True,False,False,5.265101210668039,4.955483890347055
30.057079,35,999.179704,True,False,False,2.826611625137952,2.6744186143710182
-12.469791,19,999.370415,False,True,False,1.8766145923910085,5.600020637322688
36.630414,44,999.716681,True,False,False,4.741995456604595,4.020786228857628
38.264399,54,1000.132245,True,False,False,4.432568700066643,4.258706019986189
29.558153,25,1000.314304,True,False,False,2.2478341556081873,2.3683565333125176
37.509294,64,1000.83411,True,False,False,4.998938930019627,4.266581255437413
27.72076,20,1000.988767,True,False,False,1.7690642543837551,1.8092039138752019
45.822192,54,1001.388146,True,False,False,5.465427793915355,5.5012871017838325
42.158546,42,1003.77995,True,False,False,5.138977338074228,4.866804752229862
-10.874738,40,1004.151992,False,True,False,2.757037117971338,4.7387999593420815
53.143153,71,1004.833037,True,False,False,9.821629766268064,7.255024581430677
38.763825,54,1005.287365,True,False,False,4.338472316231731,4.148816196708669
43.667633,62,1005.767089,True,False,False,5.564448865077022,5.348104721164289
35.285994,52,1006.173468,True,False,False,4.683178197874253,3.7024079967388634
44.177776,83,1006.814348,True,False,False,7.389568795643367,5.656750451529011
34.376922,35,1007.083893,True,False,False,4.067489366975694,3.196094763824613
46.539332,54,1007.525979,True,False,False,6.43410831338682,5.784618334670154
30.863039,29,1009.842119,True,False,False,2.7428262913925665,2.723856176175481
47.234539,63,1010.339384,True,False,False,5.9007605747220735,5.81203423974258
32.850562,32,1010.593145,True,False,False,3.3145780021185356,3.1592501535786157
32.982588,41,1010.891924,True,False,False,3.0364019653340932,3.0145778108045374
31.255079,50,1011.313284,True,False,False,4.0787046892554795,2.917861100305994
28.923653,22,1011.484947,True,False,False,2.144183937959098,2.1745153968873794
45.35583,52,1011.890685,True,False,False,6.784098903656716,5.593706603943189
42.351764,73,1012.4503,True,False,False,6.118729942631402,5.439658838434358
31.046689,37,1012.73922,True,False,False,2.8595396418157697,2.7528673828518615
36.576884,48,1013.097688,True,False,False,3.866553762730687,3.718301383848493
24.743956,38,1013.395802,True,False,False,1.5495912361469333,1.5227573053175174
31.11687,41,1013.723799,True,False,False,2.9246439977606795,2.7333953375864453
26.566806,24,1015.742706,True,False,False,1.6505925039332197,1.7743289733804373
28.359886,21,1015.90575,True,False,False,1.8995423138117902,2.0168881112458186
44.926011,55,1016.402156,True,False,False,6.009761171582248,5.541644172116097
26.429467,30,1016.631696,True,False,False,2.1988169896764864,1.752459225934393
38.56288,49,1016.999862,True,False,False,5.466979069695123,4.298171961053946
31.084671,32,1017.264818,True,False,False,3.1798901720681236,2.655319668906411
38.604649,64,1017.773354,True,False,False,4.91649319420671,4.481064182176649
39.333795,54,1018.170563,True,False,False,6.907449300126489,4.372679069562374
44.136974,44,1018.534815,True,False,False,5.919798628482625,5.274607997243987
41.394217,75,1019.166179,True,False,False,6.04673367622664,5.100902606473488
39.581023,34,1019.441902,True,False,False,4.454577289918315,4.265429366957194
29.951091,32,1019.7086,True,False,False,3.411029708097473,2.503115365770623
30.783901,28,1021.777317,True,False,False,2.6532346285740895,2.584635469516877
23.894418,40,1022.062206,True,False,False,1.8467222600303244,1.5966798982150203
42.76262,49,1022.393832,True,False,False,5.451821393267582,4.945697071798676
30.673122,47,1024.185214,True,False,False,3.1208994570422455,2.800844593183799
38.51823,92,1024.917897,True,False,False,7.250558025676456,4.866328956281716
-2.840792,63,1025.435278,False,True,False,5.284170910916238,6.282521652793188
26.27141,16,1025.558873,True,False,False,1.9601971047856181,1.5340951072241256
44.475072,79,1026.18723,True,False,False,6.530406518890387,5.646045444076624
28.170284,27,1026.404627,True,False,False,2.071220635665261,2.055276493610372
38.548804,60,1026.868728,True,False,False,4.57090338163893,4.201436642274565
31.205597,51,1029.240666,True,False,False,3.644047403269124,2.932143021934919
31.529822,35,1029.514888,True,False,False,3.753392497581569,3.079803001449755
36.894537,44,1029.860137,True,False,False,4.728148806929842,4.042474699482774
45.418629,57,1030.305828,True,False,False,5.794637913305262,5.5286444250834945
30.43276,26,1030.508604,True,False,False,2.380621170112363,2.4422050981693832
36.435688,70,1031.062826,True,False,False,5.239424167470676,3.991554895508472
48.990803,54,1031.474326,True,False,False,6.976291582379221,6.306496946259304
47.692587,77,1032.111732,True,False,False,7.550706498023373,6.289326030219413
40.321725,102,1032.904972,True,False,False,7.171863249312185,5.742378522573257
27.564791,24,1035.043648,True,False,False,1.93558194736593,1.9591569620809621
40.321455,51,1035.427515,True,False,False,5.397398798956667,4.5814548176245395
36.821046,39,1035.740081,True,False,False,4.142808825785601,3.873676389307434
36.576435,62,1036.225847,True,False,False,5.127692739927145,4.203885186467643
38.60505,57,1036.70146,True,False,False,4.7547935647018145,4.348499016924292
33.407536,24,1036.877872,True,False,False,3.026982944067037,2.9972518579005922
39.748118,33,1037.137238,True,False,False,4.16117394283924,4.310685213206123
37.959162,40,1037.503351,True,False,False,4.148106332384981,4.012429164304176
33.126792,54,1037.964952,True,False,False,4.220313981286292,3.3960384954363905
48.390985,82,1038.611669,True,False,False,8.185449946707763,6.585975416443985
27.140574,12,1038.72007,True,False,False,1.5270241927619599,1.7287658111719018
28.656807,37,1039.002105,True,False,False,3.4503385778830498,2.3517211092056636
26.895278,14,1041.149884,True,False,False,1.4747443053706493,1.6888760449796452
30.733208,38,1041.501168,True,False,False,2.842539174274194,2.678378442475045
46.549788,89,1042.197261,True,False,False,6.669531349736797,5.953521519538138
35.411824,31,1042.432121,True,False,False,3.5912211227427275,3.4595041935664907
31.043829,47,1042.81371,True,False,False,3.241499632901656,2.796245198864943
36.25313,46,1043.170686,True,False,False,4.062885150356176,3.8471694743114067
26.296316,21,1043.335184,True,False,False,2.106258377914633,1.71451472730271
35.989912,25,1043.547617,True,False,False,3.4192459468021967,3.5427072705083287
49.048395,90,1044.294075,True,False,False,7.497596747060284,6.537764905512282
39.284029,38,1044.612239,True,False,False,4.167255358241037,4.158885816962415
47.087047,70,1045.283856,True,False,False,6.216540596460997,5.9949694503154625
30.597112,55,1047.803952,True,False,False,3.801114969562453,2.7912075194109165
47.904394,51,1048.275632,True,False,False,6.220104048089597,5.840845488585416
30.443387,31,1048.524795,True,False,False,2.3282584639687425,2.445637103895375
39.331744,46,1048.864958,True,False,False,4.5454554513774434,4.306007093692767
36.445844,34,1049.126192,True,False,False,3.5567040962079663,3.6056242644087613
37.240203,39,1049.407749,True,False,False,3.8479693530962127,3.808246949229598
33.667751,28,1049.606699,True,False,False,3.1538958966751576,3.125408154284171
36.821748,35,1049.860826,True,False,False,4.306443691705744,3.659623507018316
46.177579,58,1050.311468,True,False,False,6.068094602327591,5.765210421225538
32.942691,27,1050.525358,True,False,False,2.862903531326257,2.901058750698795
32.787873,46,1050.891636,True,False,False,4.148053152983602,3.128405184406068
39.384345,59,1051.345045,True,False,False,6.788066723224975,4.728195017147969
33.448051,33,1053.476829,True,False,False,3.1413377288884807,3.1144619620965983
44.338055,71,1056.407302,True,False,False,6.860552461805363,5.684713682506094
36.578324,42,1056.755738,True,False,False,3.6578300827193586,3.7673780818579368
50.149668,84,1057.363905,True,False,False,7.429061399339034,6.58042397169435
32.785723,44,1057.72671,True,False,False,3.9990013088848895,3.070656253193705
41.629749,149,1058.891758,True,False,False,11.050359662626942,6.685845633275885
-10.625414,83,1059.53902,False,True,False,6.1406813646485645,5.395962591859396
34.434816,39,1061.730576,True,False,False,3.2918383210206614,3.3635578758782105
55.971353,91,1062.426578,True,False,False,8.624524751665838,7.650509963308664
32.125246,27,1062.629215,True,False,False,2.605886427010363,2.7875868095852017
39.501887,43,1063.013618,True,False,False,4.2682487436819,4.1979183833982
30.745543,20,1063.169696,True,False,False,2.2585956852399858,2.4346246175854773
41.093168,92,1063.866392,True,False,False,6.818348095098333,5.364931128826399
40.417379,83,1064.499002,True,False,False,5.797555345887734,4.9995213684269935
39.285776,45,1064.85177,True,False,False,5.236685458178839,4.233494198097901
44.924492,53,1065.243817,True,False,False,5.573467492621208,5.26634392742719
-18.168045,10,1065.326431,False,True,False,0.6544275992736224,2.739601225784029
33.148138,24,1065.534997,True,False,False,2.8069311745460706,2.943229882114072
28.806612,26,1067.739622,True,False,False,2.1417375898529047,2.1712549202701052
31.370242,58,1068.238228,True,False,False,3.3514627800196837,3.403270989798669
30.710226,42,1068.559212,True,False,False,2.6772941630137095,2.6616955617781244
29.784344,40,1068.881337,True,False,False,2.7220944567669356,2.427972813664569
35.572666,37,1069.164851,True,False,False,3.5378516824317763,3.5931439863774206
42.649932,44,1069.52207,True,False,False,5.64139246178161,4.9318866560667205
47.189892,71,1070.121907,True,False,False,7.052217029405605,6.010589449780262
41.163325,52,1070.621994,True,False,False,5.63845946912688,4.735188939124413
34.161175,34,1070.890203,True,False,False,3.1773372566852287,3.2265196897364454
26.297599,27,1071.095624,True,False,False,1.517384434600469,1.6569042053563967
40.616973,61,1071.632597,True,False,False,4.780248395390742,4.642713096080982
32.207274,49,1073.998183,True,False,False,4.523146592936478,2.952745833879671
26.583452,19,1074.146883,True,False,False,1.9299213369702,1.6733499333996418
25.913032,46,1074.490353,True,False,False,3.023896464896775,2.1111666357598096
38.235414,47,1074.876523,True,False,False,4.862900705698729,4.084274754652823
32.784824,43,1075.222761,True,False,False,3.631421990000251,3.084009469740424
36.861863,24,1075.421409,True,False,False,3.693648602120863,3.689901166241866
50.301927,84,1076.134169,True,False,False,7.728195911993191,6.838609326814925
30.681566,42,1076.465339,True,False,False,3.6075256745806863,2.677957049275019
40.588769,68,1076.987896,True,False,False,5.538286748965652,4.732140291611541
47.807674,56,1077.417945,True,False,False,7.033816814501639,6.179324736369113
34.476304,33,1077.681549,True,False,False,3.2470544145974136,3.272848181054654
36.531643,44,1079.931311,True,False,False,4.114870199703616,3.73491388690796
36.077566,52,1080.379728,True,False,False,4.064774629403867,3.8714055100346596
29.802713,30,1080.617275,True,False,False,2.2507218366280024,2.347173387779278
30.243837,34,1080.887604,True,False,False,2.3434372736185227,2.5046100111964544
39.824374,53,1081.315902,True,False,False,5.330021784035118,4.58134794855072
46.609824,93,1082.069961,True,False,False,7.963864188257411,6.222805597158322
47.456208,77,1082.689943,True,False,False,8.150400811849538,6.221110904931455
44.815204,90,1083.422136,True,False,False,7.843717050587585,5.852671425078019
-18.649039,15,1083.541398,False,True,False,1.3680290492095386,2.1431593851989965
44.685667,81,1087.339316,True,False,False,7.271716286857421,5.616446638345891
51.753564,69,1087.881302,True,False,False,8.731239331749702,6.933029354986918
34.036912,64,1088.390517,True,False,False,4.487700589509629,3.589029513409093
31.163389,38,1088.729692,True,False,False,3.734022572144351,2.679057461448214
36.054368,48,1089.104906,True,False,False,4.5700444111069425,3.8110235050561374
34.715823,50,1089.504643,True,False,False,5.278665549740509,3.521294210471464
40.996812,41,1089.84656,True,False,False,4.633897078590142,4.449575180764074
35.118409,49,1090.233846,True,False,False,3.614143102759657,3.5129643244219255
22.2436,55,1090.655068,True,False,False,4.407744514802975,1.8018720029872182
41.582777,42,1090.996926,True,False,False,4.666919238907958,4.631715724927828
28.46523,22,1091.177133,True,False,False,1.9007043626938551,2.01615255121006
40.821711,55,1093.672798,True,False,False,5.170697585686681,4.539380033738678
25.701648,27,1093.888609,True,False,False,1.5038312118143804,1.5603448181685318
37.8369,29,1094.121347,True,False,False,4.039857099714573,3.898135940518452
38.453959,59,1094.58758,True,False,False,4.420358740851841,4.225957969806639
31.869115,32,1094.852361,True,False,False,3.0988106745473183,2.7824261549575073
29.495122,26,1095.074642,True,False,False,2.14641343373312,2.2586753031114077
34.181294,34,1095.362121,True,False,False,3.2436919483250057,3.1857869122979308
46.19257,87,1096.077094,True,False,False,6.496220521376468,6.302785591732879
29.182942,24,1096.264334,True,False,False,2.078790418848559,2.140766885441901
36.067209,57,1096.665262,True,False,False,3.739100558597042,3.7717938841750143
34.300406,40,1096.986212,True,False,False,4.3324088638676255,3.454369951401357
46.534662,68,1099.455251,True,False,False,5.959380998869319,5.903927673540479
34.107041,27,1099.665566,True,False,False,3.088608243849409,3.103109441931529
39.330565,42,1099.98795,True,False,False,4.0580205977328125,4.140668443694036
43.939524,53,1100.415142,True,False,False,6.945615777030106,5.447954018519099
41.328879,56,1100.853102,True,False,False,4.737707869026903,4.663248431312868
25.256045,20,1101.014105,True,False,False,2.175665590381935,1.5041514322230998
37.277919,81,1101.649272,True,False,False,6.135643644696313,4.869990962210478
-18.266285,5,1101.688901,False,True,False,0.4672487926058156,5.384693107160715
37.309688,54,1102.150255,True,False,False,4.661566373682905,3.869790155655076
35.352662,32,1102.399561,True,False,False,3.5703216821453756,3.410919330625794
45.189295,64,1102.906131,True,False,False,6.812035810532698,5.547320351174838
31.538467,51,1103.30159,True,False,False,2.9235035637260864,2.9194975419785
37.043807,33,1105.532862,True,False,False,4.263996093928482,3.824471551600174
40.43217,71,1106.215143,True,False,False,6.363543856434791,4.832706079841626
35.553594,65,1106.68591,True,False,False,4.795533877725141,3.7879771045231863
37.544882,39,1106.976013,True,False,False,4.673730395333992,3.958103851456019
39.316529,48,1107.309772,True,False,False,4.612794590342124,4.326511411262533
34.504083,33,1107.542434,True,False,False,3.8206138986897775,3.24057710819619
36.653039,31,1107.762431,True,False,False,3.99470965396456,3.6985517432259893
23.665421,41,1108.109305,True,False,False,2.8109015040099097,1.7162064692989278
38.645053,40,1108.464965,True,False,False,4.405914179865638,4.101939748348831
47.006051,79,1109.196603,True,False,False,7.448703497228558,6.151044050734673
37.295864,76,1111.638208,True,False,False,5.4496071204808425,4.366618286754573
47.372857,66,1112.135641,True,False,False,6.023100401198433,5.803638295626608
48.84541,92,1112.868877,True,False,False,7.034822768302572,6.3722657852623135
39.261358,38,1113.172891,True,False,False,4.4584569643358245,4.241349496817839
33.462189,58,1113.623143,True,False,False,4.10255414376935,3.603380596692084
40.076799,75,1114.220766,True,False,False,5.734103593374436,4.902710739763732
33.379682,26,1114.403654,True,False,False,3.2994703974731467,3.050555611363797
53.078583,88,1116.706699,True,False,False,7.578104243273046,7.171089157134973
41.519567,39,1119.208059,True,False,False,4.664724677151078,4.635618933474401
43.719356,65,1119.716663,True,False,False,5.481263097169995,5.234502088904478
26.203123,26,1119.916504,True,False,False,2.0646149459819414,1.7058452647825275
53.287569,73,1120.486589,True,False,False,8.655048964920761,7.42297324243551
44.15645,56,1120.921201,True,False,False,5.181832271506938,5.110325292302994
32.494348,56,1121.379741,True,False,False,3.4980284077963795,3.119876081985133
-9.298822,39,1121.672755,False,True,False,3.450977427421673,3.9039612282457044
38.261251,56,1122.054845,True,False,False,5.127409845619415,4.225065957206222
-18.106493,41,1122.37211,False,True,False,2.4257610347978047,2.8492411020193087
27.462946,14,1122.492567,True,False,False,1.6605295329640333,1.8680570213393344
29.420314,34,1122.738236,True,False,False,2.528378298161364,2.3305224786206864
28.88435,27,1122.916858,True,False,False,2.079215266312547,2.200385377634177
37.213253,23,1125.019369,True,False,False,3.5583750592980237,3.6734266986660975
35.257718,35,1125.292061,True,False,False,3.393638112541029,3.3612453514644662
51.64082,72,1125.878273,True,False,False,7.6075143416861435,6.928697112727663
28.434068,24,1126.058169,True,False,False,2.1255908634593856,2.0236249910361614
28.858253,22,1126.252346,True,False,False,2.2366316034998808,2.1268282519628876
29.678411,24,1126.454363,True,False,False,2.311006172488651,2.294891417955129
-17.698182,12,1126.5684,False,True,False,0.78449990535314,1.9825332197157244
27.648276,27,1126.775338,True,False,False,2.1293385789684836,1.9143875504907084
45.503946,90,1127.505133,True,False,False,6.730579503722406,5.933162100055674
36.64571,34,1127.770928,True,False,False,3.8338441021751573,3.6894499311226654
27.913321,20,1127.945108,True,False,False,1.8261171415212363,1.9247399060488652
32.966143,28,1128.159673,True,False,False,2.9147307429361033,2.9034659318326312
36.008522,39,1128.457805,True,False,False,3.7892912366519798,3.6177245783872554
33.43216,35,1128.740227,True,False,False,3.256399385022635,3.1348265161929048
34.043118,49,1130.958052,True,False,False,3.577150335214546,3.311490849989354
26.907845,15,1131.07292,True,False,False,1.5367780666679207,1.7008257752656828
44.31431,69,1131.620603,True,False,False,6.096009770834599,5.486597248965329
36.971759,34,1131.917525,True,False,False,3.979272425713438,3.794036654750842
32.57663,36,1132.21107,True,False,False,3.8320170292477003,3.0273250129517923
29.282837,32,1132.466818,True,False,False,2.242682297527642,2.256082926685985
-14.954502,17,1132.601467,False,True,False,1.2195310379134534,2.6935082946032294
26.196733,37,1132.89284,True,False,False,1.7486761776614481,1.7954345198583614
28.952011,45,1133.241673,True,False,False,3.850437975327427,2.481197747143833
-15.483058,15,1133.359359,False,True,False,1.395088775040418,3.434830999757709
40.714496,60,1133.824063,True,False,False,5.151689028713415,4.644427895676958
38.966642,91,1134.574721,True,False,False,9.644210368926174,4.8668181109740996
37.295755,64,1137.063727,True,False,False,4.67999569179126,4.195465225525646
40.365841,45,1137.459549,True,False,False,5.169481660730243,4.412538676814444
26.622461,16,1137.592342,True,False,False,1.6050196527560558,1.6157880572300571
37.64016,63,1138.080326,True,False,False,4.601833169428796,4.198452415169421
52.804956,102,1138.908909,True,False,False,10.064746373656247,7.726621976121455
26.851658,15,1139.026614,True,False,False,1.7256773188259802,1.7325599499780784
38.032211,29,1139.253105,True,False,False,3.864919739953092,3.8712253789764373
42.384057,81,1139.932936,True,False,False,6.1683317907839585,5.396737084488608
32.310866,27,1140.122867,True,False,False,3.2726904780357695,2.835004380717328
-14.027261,54,1140.537612,False,True,False,3.5685664663585213,3.0648979985026945
41.96596,40,1140.848025,True,False,False,4.757483560812061,4.7764990686328135
33.774537,29,1141.065934,True,False,False,3.363907855957347,3.0964406105690063
26.093644,41,1143.480812,True,False,False,2.6785683718087725,1.863073878964047
-2.663891,41,1143.800288,False,True,False,4.637922142888699,4.5739375031168255
28.694157,29,1144.031017,True,False,False,2.353821014299813,2.1523609311306817
36.891381,64,1144.533837,True,False,False,4.492853176116595,4.182663175545287
32.12282,34,1144.804604,True,False,False,3.7555125964231353,3.1514185059261632
32.468037,42,1145.13376,True,False,False,3.2631736613964986,3.0745813234813144
35.303089,42,1145.462347,True,False,False,3.496233813482757,3.4143880496456336
39.371455,90,1146.177889,True,False,False,7.798529663477701,5.02457916923436
27.994922,31,1147.853051,True,False,False,2.4420060219902213,2.083698767494399
25.982498,26,1148.089031,True,False,False,1.5272296882821172,1.6427981685138344
38.227087,42,1148.487846,True,False,False,3.9849296249193182,4.015539961862946
33.749168,29,1148.778965,True,False,False,3.3009692991620105,3.106408606624347
35.964274,51,1151.13196,True,False,False,4.948950579005152,3.769521498437048
45.884465,81,1151.775517,True,False,False,7.970422038515351,5.996762391695229
26.217892,22,1151.944155,True,False,False,1.5844773992431473,1.6282397452742612
37.792802,61,1152.421626,True,False,False,4.78972295353987,4.122013311320715
26.421296,19,1152.574642,True,False,False,1.7470818949316556,1.7458241596948754
37.410728,38,1152.875927,True,False,False,4.01644760772661,3.8841392532333185
-19.235961,23,1153.047039,False,True,False,1.458275026752798,1.855345993316636
33.386471,47,1153.383113,True,False,False,3.566304418289136,3.1723007919029236
43.164213,52,1153.771681,True,False,False,4.880702054461266,4.954348976124827
26.833112,18,1153.912408,True,False,False,1.5456053761637627,1.684285913192892
28.177165,34,1154.183286,True,False,False,2.208459277023698,2.120498671245121
34.027351,31,1154.430893,True,False,False,3.495088919988046,3.2603239081622286
33.466219,30,1154.689001,True,False,False,3.2722722248903997,3.050825980913784
33.818877,58,1157.035031,True,False,False,5.672237709655457,3.5723576583656835
30.325275,25,1157.234181,True,False,False,2.5029756076148617,2.377483424848281
27.4704,15,1157.35836,True,False,False,2.012461401673609,1.8225303163929023
50.234483,117,1158.276047,True,False,False,7.5573433223709126,7.010289543647921
47.957993,122,1159.272455,True,False,False,8.281458021598965,7.014152292193565
44.988419,39,1159.601774,True,False,False,5.406667233326686,5.30824502318747
46.229453,47,1159.959504,True,False,False,5.654459056812546,5.448966661924149
36.726353,65,1160.495205,True,False,False,4.934599977847841,3.947704015924494
34.60018,32,1160.748673,True,False,False,3.513587078259864,3.242447097329862
27.998832,42,1162.940984,True,False,False,2.355000096559842,2.1958624840851937
51.430685,64,1163.426273,True,False,False,7.495753390971666,6.781004306688769
25.953076,41,1163.74374,True,False,False,2.9105839517026975,1.8342571195014281
46.252735,54,1164.168307,True,False,False,5.946404664092195,5.737821853710884
36.963528,40,1164.486285,True,False,False,4.3001697136587,3.8677459298292263
31.372333,29,1164.739385,True,False,False,2.394570384273116,2.56164041454219
-15.441204,21,1164.898945,False,True,False,1.491191904409615,3.8108810366935577
32.090038,29,1165.109727,True,False,False,3.1520045404080337,2.740070776284078
45.05243,73,1165.721977,True,False,False,7.81114717139058,5.7640411401873815
46.477977,49,1166.084807,True,False,False,5.9598351667617395,5.697682134237207
29.729764,21,1166.242548,True,False,False,2.3802867929530565,2.328889089985439
38.141808,31,1166.469352,True,False,False,3.9675243181915025,4.018869741206514
35.387493,33,1168.756197,True,False,False,3.3700103923781026,3.403141323218857
30.896234,19,1168.923215,True,False,False,2.5223025966912136,2.46786235482061
41.973961,70,1169.543452,True,False,False,5.700521405806141,5.020531696802798
-15.441673,29,1169.82277,False,True,False,1.8616313919823912,4.81489896635993
36.071969,40,1170.194413,True,False,False,3.895792872444971,3.6459180376143077
42.627557,85,1170.905891,True,False,False,5.834110197208838,5.297532345333583
32.286838,50,1171.315569,True,False,False,3.6970476928542544,3.023824681921843
34.674717,66,1171.819764,True,False,False,4.955214677291387,3.6604218596389737
45.791353,107,1172.671059,True,False,False,6.2811375915162415,6.0650523045172
33.137822,47,1174.980798,True,False,False,3.440566711697415,3.396101797742184
48.553776,87,1175.713001,True,False,False,6.754283295336854,6.51923401681269
40.332498,112,1176.739422,True,False,False,8.714355945551267,5.418690399192199
28.657358,107,1177.583548,True,False,False,6.423154035290176,3.2799626563438036
30.184,15,1177.704402,True,False,False,2.0610232222655185,2.290888488796766
37.364258,73,1179.636423,True,False,False,4.382677051119351,4.156950259140693
41.737912,54,1180.101116,True,False,False,6.097588816955445,4.874105391628785
36.35668,40,1180.420755,True,False,False,3.8742643332063755,3.8137300813255193
29.708077,27,1182.575804,True,False,False,2.3962284443083037,2.369539718814993
40.738434,72,1183.142709,True,False,False,7.183992743958698,5.063673216443398
38.853079,49,1183.532159,True,False,False,4.8412597011542555,4.335399611727156
26.664656,28,1183.757892,True,False,False,2.7008687052704454,1.8492032189783263
42.750687,53,1184.179983,True,False,False,5.771620838259197,5.092531376433699
28.862874,34,1184.427278,True,False,False,2.4996632242929997,2.2620189794403007
36.251173,45,1184.7597,True,False,False,5.15972871116239,3.7819595782694573
29.460942,63,1185.258069,True,False,False,4.394398052152193,3.0003069508104963
47.10539,53,1185.667405,True,False,False,6.404575817393184,5.825297420013135
-8.698855,40,1186.021276,False,True,False,3.231780494162893,3.898309148902521
28.71585,24,1186.210948,True,False,False,2.5151503157104385,2.158692188439374
26.181844,23,1186.403613,True,False,False,2.183843855165073,1.6537425364376177
38.086259,37,1188.695337,True,False,False,4.39297570540852,4.015809302537829
39.869753,54,1189.153134,True,False,False,5.340030793209642,4.708390422583322
35.802332,99,1189.913502,True,False,False,5.732716289260688,4.375553331754739
44.347778,96,1190.723999,True,False,False,7.627245272113411,5.91330502371484
31.882578,23,1190.91145,True,False,False,2.671032014550456,2.6781444154413028
44.437443,71,1191.630657,True,False,False,5.811445393696602,5.5230996961115455
51.635799,77,1192.249731,True,False,False,7.534349914573208,6.977885925153008
28.808639,32,1192.501661,True,False,False,2.556745399426141,2.2977002379409117
45.06222,65,1195.102822,True,False,False,6.332436600851081,5.485760558566735
49.772758,91,1195.884836,True,False,False,7.973660042669767,6.608387951080562
28.42449,35,1196.313845,True,False,False,2.927539716853084,2.2655577377175344
46.095796,72,1197.00884,True,False,False,6.098620051375931,5.784150994466988
33.404714,40,1197.383661,True,False,False,3.0917659352209435,3.099918922272121
26.372261,68,1198.161537,True,False,False,7.584853086879641,2.434327701964618
45.091954,52,1198.942135,True,False,False,6.028052598012246,5.3450498832351006
35.903493,39,1199.364914,True,False,False,3.7322021062905857,3.6019793463532057
43.22263,55,1199.78515,True,False,False,5.187638778705204,4.991733375147529
35.968513,47,1202.296072,True,False,False,4.904769393767636,3.7844792173998796
31.941463,62,1202.793931,True,False,False,4.086395275754336,3.4962125518478637
26.962294,24,1202.982474,True,False,False,1.8548521380734075,1.8701984967458836
37.496199,80,1203.62268,True,False,False,5.548683424142555,4.3173254770600975
27.414454,15,1203.751508,True,False,False,1.6920955134476805,1.786444171376128
33.508089,56,1204.206425,True,False,False,3.669582315659689,3.3358630563436478
45.118792,69,1204.758362,True,False,False,6.767708542423512,5.821536700686675
35.570897,49,1205.146811,True,False,False,3.681468950650663,3.619107002520282
33.657613,38,1205.444226,True,False,False,3.503527882724009,3.214840342967642
26.65503,15,1205.564134,True,False,False,1.4578153438614732,1.6749984474686186
33.476071,55,1206.004558,True,False,False,4.02011962385054,3.3714796572370846
43.420516,65,1208.641725,True,False,False,5.3506741843379695,5.219796405754314
28.878414,25,1208.84063,True,False,False,2.156283302804068,2.11244210912232
42.209796,75,1209.422381,True,False,False,6.7146563318829875,5.489128141633433
36.888109,28,1209.645233,True,False,False,3.649694105482885,3.716750742258371
27.588129,33,1209.902758,True,False,False,2.175421102182393,2.087462259399754
39.011719,106,1212.411025,True,False,False,8.05750937919225,5.267073133881396
31.316538,43,1212.802256,True,False,False,3.588032593674503,3.0723861433644593
-19.399068,4,1212.840559,False,True,False,0.2765013308475535,2.023018112417608
36.180133,75,1213.508789,True,False,False,5.7726490227848295,4.015332967493922
35.30328,36,1213.857568,True,False,False,4.086303897277277,3.5130581772856564
30.923424,19,1214.018473,True,False,False,2.6096441086353863,2.53196113678961
29.714103,39,1216.234174,True,False,False,2.6615240145405683,2.64823184618633
43.097743,57,1216.766595,True,False,False,5.732596273427379,5.107614616350422
26.760576,46,1217.120798,True,False,False,3.480222447393757,2.0853694153851134
33.508307,39,1217.429788,True,False,False,3.8596073521340224,3.254629176106296
-8.137868,36,1217.709083,False,True,False,2.873037568513757,5.068256547896539
28.713839,51,1218.095106,True,False,False,2.9585918708205687,2.4475281812578387
36.419754,53,1218.502139,True,False,False,4.984763904453103,4.069171696958204
38.668765,50,1218.900641,True,False,False,5.022313057829104,4.434278160309984
29.862401,38,1219.183036,True,False,False,2.820084841434477,2.5602647915057517
48.057502,57,1219.596169,True,False,False,5.997786458699551,5.997532117146416
26.241671,17,1219.735543,True,False,False,1.4193579226736435,1.5784923699855267
31.712173,92,1222.447658,True,False,False,5.876263445626203,4.174590756370744
28.009581,31,1222.685648,True,False,False,1.90190179384396,2.0257820945031177
-18.326161,19,1222.853574,False,True,False,1.2340427185450136,3.1818559850116226
32.577319,36,1223.143329,True,False,False,3.2825467251794054,2.9474177533466817
39.699132,55,1223.60766,True,False,False,4.656114564099463,4.4164716190916335
34.445219,40,1223.955601,True,False,False,3.382485910071819,3.3714697320874203
45.816865,141,1225.131545,True,False,False,8.632630258928629,6.675211513292838
-16.394395,20,1225.295429,False,True,False,1.7778817657475474,3.806121169260381
29.311224,21,1225.490674,True,False,False,2.835074142310047,2.1968112559801636
29.593896,15,1225.606709,True,False,False,2.006838013534573,2.1949880080007302
32.37954,36,1225.872717,True,False,False,3.299627940722357,3.0138170563399505
30.255532,24,1226.066361,True,False,False,2.4840667381311925,2.432428574496376
35.129752,68,1228.656069,True,False,False,4.821330089067053,3.7744221054413694
35.988954,47,1229.124476,True,False,False,3.9300907573209645,3.764395590116241
37.857055,44,1229.516181,True,False,False,4.249365392948908,4.042318469169285
24.032003,68,1230.11964,True,False,False,4.477146244047508,1.8414885326631953
32.484877,49,1230.498935,True,False,False,4.065752494674665,3.112966870887671
-13.125878,64,1230.999129,False,True,False,4.511406298765649,3.4387548095300584
33.582193,23,1231.173334,True,False,False,3.1192913896742036,3.101257043996796
43.945823,55,1231.60065,True,False,False,5.808401350050472,5.260585389261786
33.637204,37,1231.887906,True,False,False,2.971454131422437,3.185440637780259
32.733411,233,1235.765399,True,False,False,14.662998126126876,5.915240115362763
39.042771,69,1236.295301,True,False,False,4.529124110344161,4.501032133049557
33.616034,46,1236.657592,True,False,False,4.21040058507115,3.270743308323078
28.712463,123,1237.646023,True,False,False,8.152354615768033,4.238645753164609
44.0696,45,1238.083675,True,False,False,5.69655035572843,5.350041715188754
52.081041,70,1238.605569,True,False,False,7.450286571014099,7.047207227595416
43.539331,62,1241.019674,True,False,False,6.300383034291614,5.25364762871557
25.602394,40,1241.36581,True,False,False,3.4897977557184197,1.7804182558070571
38.348911,68,1241.945559,True,False,False,5.65079341361261,4.285220220518773
42.205736,51,1242.335076,True,False,False,4.923050373458598,4.944456165299017
45.517007,66,1244.713721,True,False,False,6.63733989831607,5.659270084498039
33.350259,44,1245.036508,True,False,False,4.05489723274939,3.374145918346461
35.570556,45,1245.358872,True,False,False,3.8783346661346987,3.583309629432956
36.181868,41,1245.686216,True,False,False,3.7816334307100044,3.690717325664036
38.959583,64,1246.209221,True,False,False,4.694326033804621,4.308079311945654
32.397378,21,1246.40014,True,False,False,2.697496969878877,2.6964353599036213
39.86779,40,1248.800092,True,False,False,4.409248931785087,4.316334859574758
38.04785,91,1249.486323,True,False,False,7.530672137761976,4.817404944078449
28.330581,23,1249.681409,True,False,False,1.9414940585885987,1.9838263909749165
32.543445,45,1250.047185,True,False,False,2.964009724964996,3.037305102548074
37.27679,49,1250.457313,True,False,False,4.83341397280825,3.9758701703105137
-17.71583,7,1250.514002,False,True,False,0.7551373085412653,3.4722919709578974
33.195011,30,1250.762576,True,False,False,3.481858406810287,3.038338782590556
48.092796,66,1251.28863,True,False,False,7.577274474986782,6.165449627888751
36.482894,48,1251.655833,True,False,False,4.9595998951320075,3.903141930834277
30.385125,26,1251.868451,True,False,False,2.5298773210440815,2.4131990092869398
28.628413,21,1252.030536,True,False,False,2.121495854459048,2.0462288663733004
40.897017,90,1252.742556,True,False,False,6.488833923097173,5.112476578494407
27.922494,31,1255.091928,True,False,False,2.8216617960592094,2.016035915536563
37.336618,86,1255.74547,True,False,False,5.640895280819307,4.40425285996067
36.163849,46,1256.139371,True,False,False,4.8486146630605385,3.8899319110296444
40.955776,55,1256.571429,True,False,False,4.666726175848299,4.664126164921161
27.830985,20,1256.732916,True,False,False,2.5199095572662307,1.9407543284355817
41.571175,93,1257.427201,True,False,False,7.446520130366634,5.39559670360812
42.071635,82,1258.055864,True,False,False,6.281341409401043,5.406729188427464
45.195878,96,1258.78406,True,False,False,8.551310170838642,6.06654735685611
41.085172,43,1261.079612,True,False,False,4.823547169337984,4.635146558228135
45.757129,66,1261.595105,True,False,False,5.804580145102152,5.648806233939819
27.19122,38,1261.877905,True,False,False,2.7996842959933077,1.9424371157099611
38.672818,33,1262.12694,True,False,False,4.161912877108609,4.045106494717204
-17.534383,18,1262.260585,False,True,False,1.5080320982945081,1.8807799495635569
25.632311,18,1262.407824,True,False,False,1.2918023300814552,1.5097639059562462
28.102166,22,1262.597039,True,False,False,2.141543644113203,1.9421539514174009
41.532287,64,1263.097695,True,False,False,5.947565983543199,4.947902154517053
31.21362,66,1263.60863,True,False,False,3.7841769535827585,3.0398239508411478
-11.405814,15,1263.728199,False,True,False,1.9609540906919425,4.092174089212177
27.166814,160,1266.935528,True,False,False,8.017451671016895,4.520845982674691
26.376995,28,1267.159358,True,False,False,1.8644809176178698,1.7172587772780272
36.658151,38,1267.470261,True,False,False,4.460600012795847,3.776605097901269
29.690185,16,1267.598647,True,False,False,2.1248329146287577,2.2213094868423644
29.577854,33,1267.863875,True,False,False,2.724142391142334,2.4263041171264486
-17.601113,26,1268.067823,False,True,False,1.426441726046205,5.280813154527287
40.014131,63,1268.583002,True,False,False,4.616259808910454,4.5602183020404805
33.674279,76,1269.236841,True,False,False,6.227091653223419,3.701892410726823
48.910998,103,1270.244895,True,False,False,8.753035540627792,6.8086371280303135
25.434593,38,1270.605114,True,False,False,2.685461684250396,1.695454163607296
39.120207,71,1271.23268,True,False,False,5.033384329895276,4.443307886387044
32.205722,55,1273.619095,True,False,False,3.54737133797349,3.06654552484952
31.976998,28,1273.820904,True,False,False,2.738915190413643,2.6738341231901464
29.138062,38,1274.161392,True,False,False,2.5983568767974967,2.35163192047044
44.229003,69,1276.295966,True,False,False,6.216506176629828,5.523595483777381
35.140964,37,1276.661912,True,False,False,3.5373175738145957,3.4527318457766447
36.943994,75,1277.284777,True,False,False,5.544071891449293,4.230062993146023
27.736844,43,1277.63374,True,False,False,2.736249619782096,2.2121691881803605
27.640307,27,1277.844073,True,False,False,2.4206732049491357,1.930164274301816
42.494034,56,1278.314132,True,False,False,5.354199097553756,5.069243761479237
30.496201,39,1278.636434,True,False,False,2.8689160483970944,2.568565277161459
28.963143,19,1278.793086,True,False,False,2.395199046411097,2.163571443327553
28.483803,20,1278.942586,True,False,False,2.0805420225458024,2.133415195899367
31.781108,37,1281.148937,True,False,False,3.2578285810245005,2.8624568062235167
42.546954,113,1281.989097,True,False,False,8.704233466217897,5.783306308500435
27.683527,13,1282.094534,True,False,False,1.6469991840679679,1.774972537862236
42.92414,53,1282.524136,True,False,False,6.221388386599436,5.075940383873071
35.883786,37,1282.832356,True,False,False,3.798221790583581,3.529432330113672
32.03527,35,1283.102642,True,False,False,2.77510370067461,2.7604014446015306
38.844571,49,1283.543097,True,False,False,5.797532887730021,4.391406818943339
37.294529,87,1284.327224,True,False,False,5.366209992147449,4.412422849235743
31.567813,42,1284.703982,True,False,False,3.2336357111214182,2.8615267561064637
34.575697,34,1285.060108,True,False,False,3.3980623950182514,3.3144030758808776
46.01218,76,1287.660019,True,False,False,6.7177390257572505,5.875302556655368
40.310587,41,1287.979261,True,False,False,5.314479092493773,4.537045649765945
39.112785,86,1288.634412,True,False,False,6.589079643237929,4.656614562693384
39.425103,52,1289.066211,True,False,False,4.765654925089749,4.401255840637672
32.062726,37,1289.34371,True,False,False,3.784652360744877,2.84247934639626
40.593906,48,1289.704211,True,False,False,4.669850561057978,4.567731243392899
31.378318,30,1289.934215,True,False,False,3.167721516310491,2.6740876031175733
38.447054,48,1290.300287,True,False,False,4.619528891692739,4.145632752993135
43.366174,53,1290.744139,True,False,False,5.1374286312801205,5.192920696862094
39.422045,37,1291.03474,True,False,False,4.221875129222057,4.279106370767772
32.533062,27,1291.244393,True,False,False,3.095407038082551,2.879929620986819
25.507917,23,1293.685707,True,False,False,1.4278815199035801,1.5388822463851068
36.70764,47,1294.151819,True,False,False,5.3766155163574965,3.9982233089578036
35.426604,42,1294.519955,True,False,False,4.018714151386037,3.5756211818651393
30.214782,35,1294.853682,True,False,False,3.0636049014033135,2.575015532438021
44.694833,57,1295.298171,True,False,False,5.883863617686871,5.426286601666021
26.266997,28,1295.532024,True,False,False,1.8611357410531029,1.84648109992273
46.802847,71,1296.116272,True,False,False,5.891434607373006,5.869294700388337
45.158277,76,1296.699853,True,False,False,6.066100508383274,5.7214958029718925
31.71766,49,1297.079616,True,False,False,4.007947637225808,2.923375263222217
31.622864,52,1297.460302,True,False,False,3.241660129145104,2.9292963424149394
40.760807,56,1299.338313,True,False,False,4.896035929197682,4.57164268828915
26.580113,16,1299.417625,True,False,False,1.5901009876697512,1.624432748387641
26.626251,29,1299.558239,True,False,False,2.540618736936728,1.8462164289911696
36.749139,45,1299.803137,True,False,False,3.7648843150414644,3.7475071845161225
44.371047,48,1300.083366,True,False,False,5.1807771927697175,5.202242290814336
32.639384,36,1300.279307,True,False,False,2.893028533798282,2.9077616271921656
37.992609,47,1300.581042,True,False,False,5.123237507509637,4.191683563165131
38.743796,49,1300.893061,True,False,False,4.6702486186649095,4.21114432284441
26.674291,17,1300.983993,True,False,False,1.4837543112355305,1.656195679898256
34.15404,35,1301.168274,True,False,False,3.520739883463726,3.2956852645590304
40.996869,51,1301.430778,True,False,False,5.121358063781352,4.701708861767008
28.445398,44,1301.666312,True,False,False,3.752330506008847,2.372776902071227
42.406601,72,1302.07047,True,False,False,6.262266437332474,5.175936134363002
-11.857383,41,1303.781773,False,True,False,2.2599406891203984,5.465802592859135
33.416684,26,1303.950741,True,False,False,3.0500809785961396,3.0071242416200423
36.196729,57,1305.271205,True,False,False,5.223304275870729,3.939326725320517
37.10511,47,1305.545316,True,False,False,3.8192865958938755,3.9071210017113014
52.397462,63,1305.923679,True,False,False,8.419484409685337,7.062243099770272
36.104195,41,1306.175615,True,False,False,3.873274727435813,3.6862985497469274
30.554354,32,1306.372885,True,False,False,2.4069850726180295,2.547705108530204
49.624722,80,1306.805356,True,False,False,6.712268568780941,6.5156423976624
48.138181,85,1307.337403,True,False,False,7.0982918766440255,6.379030381729596
27.120886,16,1307.433413,True,False,False,1.9456666870076889,1.7942832311914507
37.943533,54,1309.186769,True,False,False,4.708335483965541,4.221729774639412
41.286657,44,1309.490587,True,False,False,4.581818159082866,4.677149387440806
30.102732,38,1309.744995,True,False,False,2.9962701576784387,2.5879068031525514
27.953655,21,1309.855751,True,False,False,1.9361028429468148,1.9372104930107004
37.850153,35,1310.097314,True,False,False,3.879160023539511,3.9096294542949934
51.091673,66,1310.507105,True,False,False,8.069093377892376,6.742545123985955
47.823587,73,1310.970307,True,False,False,6.702587498948986,6.156165675085935
29.541791,39,1311.217887,True,False,False,2.961932634393649,2.4166623592670375
39.420815,47,1311.501046,True,False,False,4.751429366394979,4.403981327072962
30.157711,44,1311.732251,True,False,False,4.238859181684642,2.6147831899721803
36.785561,43,1311.999666,True,False,False,4.734689696744214,3.902286664396108
40.938834,61,1313.842164,True,False,False,5.325925204032724,4.645408707518365
42.764499,87,1314.346594,True,False,False,7.323047624957493,5.4466773332747085
39.779957,47,1314.64684,True,False,False,4.947004336197082,4.533083352571111
30.110448,25,1314.769407,True,False,False,2.3964031533821495,2.3440007708168205
33.750925,32,1314.963449,True,False,False,3.3720847928684696,3.216156800959242
45.57752,44,1315.201051,True,False,False,5.5898957481527525,5.528133438216692
29.965184,22,1315.313227,True,False,False,2.1878109911082078,2.3736047035663983
38.181857,36,1315.497018,True,False,False,4.2852297793982235,4.0632240449526025
38.478056,60,1315.81766,True,False,False,4.6618540129129915,4.323664481188116
-15.240444,18,1315.921306,False,True,False,1.3072124751868683,6.631898755084301
37.11951,42,1316.168986,True,False,False,4.226115168562165,3.9312712396796625
37.924956,52,1316.516191,True,False,False,4.2107097412631544,3.989094003013384
48.592555,63,1318.604351,True,False,False,6.723115072027135,6.368708031032016
45.132495,84,1319.19839,True,False,False,6.74280786474349,5.754509878689593
39.493577,40,1319.471846,True,False,False,4.53553309885353,4.34731447963865
28.665429,23,1319.622019,True,False,False,2.0491759615779173,2.1002386286315557
34.242938,58,1320.009631,True,False,False,3.5136605747060967,3.5367716282474646
45.736199,94,1320.576965,True,False,False,6.568260122302337,5.9208729391822175
-15.084808,17,1320.689918,False,True,False,1.232247239836458,2.468145792702776
29.649868,21,1320.826101,True,False,False,2.1604062506284243,2.230185724812725
38.369509,42,1321.105211,True,False,False,4.4875538083140025,4.171488461125069
40.693023,40,1321.342191,True,False,False,4.9118997064940935,4.473167264352082
41.619787,40,1321.603603,True,False,False,4.872505739309029,4.676324016662243
47.006532,75,1323.653323,True,False,False,6.513929679419255,5.887174314519746
33.102232,26,1323.827734,True,False,False,2.946966440045792,2.8885739418646312
42.487443,49,1324.16813,True,False,False,4.687573509408108,4.8446206764794555
43.616934,63,1324.594916,True,False,False,5.639304728007446,5.177687332043462
31.152726,28,1324.774398,True,False,False,2.644474099451918,2.662192357138479
31.500295,52,1325.137155,True,False,False,3.771248444988102,3.0973352226897566
40.966773,54,1325.511694,True,False,False,5.342817349256262,4.754238622906379
33.709183,40,1325.762583,True,False,False,3.3513387049612082,3.201922897296487
30.13865,19,1325.892424,True,False,False,2.45886326369991,2.341354442219859
39.300216,45,1326.175817,True,False,False,4.527773481363247,4.221592658223009
41.984761,42,1326.400729,True,False,False,5.0122709474143745,4.778788506068004
32.017907,47,1328.319998,True,False,False,4.556247356172824,3.0737992045838816
36.008637,55,1329.954797,True,False,False,4.329259512693385,3.7725425106358705
26.63129,88,1330.557062,True,False,False,4.933868812590167,2.491177326719475
37.876901,49,1330.892935,True,False,False,4.362201786176816,4.196162153000235
38.592507,32,1331.085439,True,False,False,4.0728944690602455,4.0634892374231155
-11.477591,21,1331.203883,False,True,False,1.8728592260315153,3.031743282728362
29.995125,33,1331.398969,True,False,False,2.87528779563439,2.4252307221838127
32.467378,27,1331.569062,True,False,False,3.623511444198991,2.8788042059032035
38.409238,47,1331.838234,True,False,False,5.126282542200112,4.121630218500249
40.613455,76,1332.238271,True,False,False,5.581005997029309,4.929509131399966
35.326975,48,1332.562461,True,False,False,4.525201419752956,3.69311107873
42.189046,73,1334.580179,True,False,False,6.383761612503184,5.162946002105865
50.030276,61,1334.922474,True,False,False,7.301362329943962,6.623838160271825
42.178843,49,1335.200655,True,False,False,4.962661910286707,4.938558637977424
36.783741,66,1335.605114,True,False,False,6.908231823460671,4.073716220283427
36.719569,63,1335.987836,True,False,False,3.977604525860172,3.8762923205034894
40.692232,61,1336.387319,True,False,False,5.345050784834551,4.959291451566073
39.26315,38,1336.594261,True,False,False,4.930016236793535,4.227905271158466
38.683618,58,1336.919584,True,False,False,4.533167459953147,4.241379486686311
26.70366,19,1337.024312,True,False,False,1.7028653154615994,1.6331077430857466
48.107043,122,1339.48509,True,False,False,7.723630358922415,6.708814985849721
37.552605,45,1339.788972,True,False,False,5.213683156119232,4.078761385504796
26.093623,34,1339.98099,True,False,False,2.306559941026945,1.9418442122588775
1.346439,32,1340.169876,False,True,False,4.53022792244734,5.546620765527199
39.760209,116,1340.907511,True,False,False,9.324063351203346,5.424689405413963
33.365759,37,1341.130789,True,False,False,3.4124199169942737,3.1999831904589198
36.875343,33,1341.314373,True,False,False,3.961573111940372,3.6452212363752574
44.499488,88,1341.913491,True,False,False,7.244253405552384,5.825876615857673
36.502262,105,1343.999899,True,False,False,5.915334789164946,4.860751246102502
32.364585,31,1344.178961,True,False,False,3.033712486753814,2.8786630255225476
35.544795,65,1344.675388,True,False,False,4.715051129407086,3.848984807716386
26.199108,28,1344.888073,True,False,False,2.0545920217502793,1.7197146011693856
31.209296,37,1345.171524,True,False,False,3.6584474076759665,2.7256279268211103
42.759702,102,1345.965556,True,False,False,8.233878450619397,5.396987780946596
52.920148,113,1346.826674,True,False,False,8.761756490075793,7.434480904018521
43.29681,84,1348.942112,True,False,False,6.404556016624898,5.473372238208762
34.578586,51,1349.298687,True,False,False,3.8884056246328234,3.510409764267241
34.13211,24,1349.472296,True,False,False,3.2562478159695694,3.043406591565655
32.265145,33,1349.703996,True,False,False,2.9541415197558623,2.9125075035812964
45.701694,39,1349.936677,True,False,False,6.28609726378982,5.513930008564291
38.471495,31,1350.142046,True,False,False,4.114145377905772,3.9697263154327054
26.254935,22,1350.295176,True,False,False,2.073193115441673,1.7223246109282762
29.942546,57,1350.690897,True,False,False,3.328660433003241,2.679047399200459
38.909783,73,1351.108585,True,False,False,5.211507095809838,4.658089367036718
33.130915,26,1351.256702,True,False,False,2.7699720215423085,2.8765704610314446
48.26442,53,1351.548476,True,False,False,6.630568306329762,6.0554139883194065
40.503946,79,1353.159036,True,False,False,6.701160873185025,5.352097755510176
26.123062,21,1354.868916,True,False,False,1.6279448006301316,1.586073771143125
34.200794,96,1355.462432,True,False,False,6.681662165396771,4.203170767421166
34.438466,27,1355.605224,True,False,False,3.173578690702262,3.250578919473589
47.567773,37,1355.866482,True,False,False,5.84860736129884,5.840629638567867
43.803148,84,1356.448023,True,False,False,6.832823604839696,5.742313048528107
28.217104,26,1356.598509,True,False,False,2.090669030177697,2.0821170361614416
42.580542,42,1356.840104,True,False,False,5.082620007778085,4.806317417999283
36.281851,41,1357.094706,True,False,False,4.3185808958275915,3.7879651220235804
32.151808,46,1357.369387,True,False,False,3.380948406787749,2.896555368216029
36.880858,40,1357.649219,True,False,False,4.834299467919718,3.8135766056756206
34.440724,46,1357.914268,True,False,False,3.4186430758138324,3.316825205087116
42.178903,50,1359.916738,True,False,False,5.806329097192733,4.968112553593958
31.405492,51,1360.217361,True,False,False,3.7585769155721174,2.9614056990055015
48.829677,97,1360.747072,True,False,False,7.633695114534834,6.754437610566023
26.817277,18,1360.845656,True,False,False,1.5014174104505935,1.6963043822526045
35.958999,23,1360.982164,True,False,False,3.5580024148308,3.424433993918105
32.165263,45,1361.27275,True,False,False,4.554716258006424,3.070937384067982
37.360847,39,1361.530071,True,False,False,4.782496477111391,3.975974591107317
30.314662,39,1361.784318,True,False,False,2.6588699706775527,2.538358053107364
34.936518,42,1362.011703,True,False,False,4.663992790695104,3.5326792875195836
46.489816,95,1362.543892,True,False,False,6.606596714589561,6.055730849412482
44.479346,56,1364.438337,True,False,False,6.537127807997848,5.47567152522722
35.037309,32,1364.625103,True,False,False,3.6594214373925507,3.4436112715994027
37.927083,33,1364.807677,True,False,False,4.1082070602158245,3.9348024046724075
35.327356,45,1365.04976,True,False,False,3.9431045994256038,3.559121288018268
30.371669,23,1365.1821,True,False,False,2.565055267990857,2.4171712967734003
36.86666,60,1365.516173,True,False,False,4.203296714866184,3.891942967502355
45.025749,63,1365.923416,True,False,False,7.528067117074654,5.621507511350746
41.680463,46,1366.225341,True,False,False,5.001891518097813,4.743829330090012
29.303005,22,1366.336831,True,False,False,2.304157447363959,2.2082401343345754
41.474654,81,1366.797265,True,False,False,6.069678292554573,5.432205849697869
-2.996005,42,1367.069264,False,True,False,4.4348963297882324,4.782023740554888
27.224727,17,1367.182881,True,False,False,1.5945698871553342,1.7733590204874843
40.104618,57,1369.146676,True,False,False,5.743855009158382,4.744335282372167
29.567501,27,1369.319291,True,False,False,2.5152959385806484,2.331263427274252
-20.090052,10,1369.386149,False,True,False,0.42112019693917735,2.2075369480020632
37.757565,29,1369.568201,True,False,False,3.8601424007150493,3.880239306467116
-20.116919,55,1369.958679,False,True,False,2.43171691394309,2.8790186901255534
27.767416,18,1370.088766,True,False,False,1.9029982528502007,1.9259722155748573
39.910468,60,1370.416664,True,False,False,4.642126419751361,4.502981176305186
51.81136,56,1370.737108,True,False,False,7.868605826493698,6.857597033898168
45.567477,63,1371.11731,True,False,False,6.589772891482248,5.543956192044208
30.795547,49,1371.392554,True,False,False,3.532500593955878,2.731570309096239
31.588588,38,1371.627666,True,False,False,3.0236037121261483,2.7859562546714303
25.582898,20,1371.740841,True,False,False,1.7110031389993452,1.5305540045410606
26.604842,27,1371.89662,True,False,False,1.6674145339307953,1.737789664635149
44.342774,53,1373.723663,True,False,False,6.479332767019707,5.3812278684368895
29.735161,34,1373.948742,True,False,False,2.42726216080553,2.3371531001627015
36.10912,43,1374.250162,True,False,False,3.5715115139883977,3.6882871503823202
29.719755,23,1374.409039,True,False,False,2.341734907423601,2.2145228202824803
26.910857,15,1374.512333,True,False,False,1.4627578367103116,1.6906833738672804
29.466957,14,1374.611718,True,False,False,2.020080814904707,2.235052132271099
36.697057,128,1375.472086,True,False,False,8.758559645134403,5.0165975877416855
40.943462,48,1375.808964,True,False,False,5.935454931914018,4.576496583756236
27.775779,33,1376.026055,True,False,False,2.4794466975409786,2.2978274822610634
30.735926,37,1376.243147,True,False,False,4.9103163137987895,2.618861998393918
45.969799,62,1377.731259,True,False,False,5.742389897775568,5.650834735582301
33.645924,44,1378.026536,True,False,False,4.304772319722952,3.34232539273256
36.957912,48,1380.005077,True,False,False,4.7889299506974,3.9547972664069353
26.09912,14,1380.099227,True,False,False,1.434064265703914,1.5705497887096902
31.872999,36,1380.348879,True,False,False,2.9231110262157833,2.712210570947093
44.015031,39,1380.561833,True,False,False,5.328307895594595,5.097805133257407
33.375085,39,1380.801667,True,False,False,4.382002378318083,3.142649878686719
30.070229,37,1381.06754,True,False,False,2.844934195149186,2.524644248988104
34.225468,52,1381.425854,True,False,False,4.5621509291016835,3.42632387195356
37.065921,73,1381.880239,True,False,False,4.703210421433063,4.089669302863706
31.654935,39,1382.153254,True,False,False,3.9091489005903766,2.8182258008913585
32.589528,48,1382.46002,True,False,False,4.308292234777279,3.1135831215491256
41.070635,62,1382.861739,True,False,False,5.477104824709533,4.884577777053093
40.447818,64,1384.858099,True,False,False,4.581596668951083,4.6505211933961865
38.069766,55,1385.235229,True,False,False,4.672541035861188,4.132626951360518
26.967732,20,1385.380487,True,False,False,1.7106183424464756,1.713667614808091
34.533089,33,1385.60104,True,False,False,3.203203759463907,3.2971969376476227
25.337907,71,1386.014229,True,False,False,4.409180509264128,2.4997918854389023
33.600171,53,1386.395364,True,False,False,3.9816814948423898,3.4267891391106704
-4.860224,38,1386.655812,False,True,False,3.4964274602178467,4.128267919473282
32.766541,29,1386.850179,True,False,False,2.809248720615791,2.865537335808145
28.784727,56,1387.226606,True,False,False,5.635090237770396,2.3839783948660647
39.745556,75,1387.670183,True,False,False,5.295250234116158,5.00393181498756
43.598171,49,1387.953427,True,False,False,5.728201182673805,5.081994316308594
37.576137,43,1389.92213,True,False,False,4.39220544281398,3.862738893338997
32.149921,36,1390.180592,True,False,False,3.184372758793405,3.2742443836859705
45.70681,85,1390.787031,True,False,False,6.538047000100815,5.761800265866831
25.408721,25,1390.973626,True,False,False,1.6794988888841726,1.555913682153272
-7.679223,57,1391.391371,False,True,False,4.075366570493295,5.650773349654827
37.090628,45,1391.71639,True,False,False,4.946286141539095,4.002120528514813
37.46931,64,1392.096466,True,False,False,4.628331207054028,4.48993049851958
37.151972,33,1392.279967,True,False,False,3.8729712894909123,3.958246769987471
27.267737,43,1392.520618,True,False,False,2.8619995552866584,2.1831033539666085
32.720141,65,1392.887315,True,False,False,3.665720499386972,3.2949435923254784
-15.648459,13,1392.958421,False,True,False,1.1695943191193747,3.2770100329452836
39.282773,45,1394.722684,True,False,False,4.778595125756019,4.336262044276691
40.100452,47,1394.992037,True,False,False,4.994047130911373,4.491782741691737
30.444255,38,1395.250501,True,False,False,3.911976157204961,2.6775544411776124
35.253814,29,1395.45293,True,False,False,3.776251541922245,3.410458211650228
37.040271,43,1395.75773,True,False,False,4.424661392128772,3.8795768160400845
32.096657,61,1396.184079,True,False,False,4.947517333567941,3.2591672773130975
31.658533,20,1396.322576,True,False,False,2.437851780832054,2.524794887175702
26.268987,21,1396.437669,True,False,False,2.107436187979593,1.7954347938742634
39.405869,46,1396.772202,True,False,False,5.783978213427116,4.430608857107613
36.390394,35,1397.00559,True,False,False,4.3963424917912235,3.6807172730926347
38.55487,52,1397.35664,True,False,False,5.008362577813119,4.484899990731836
42.788999,45,1397.642568,True,False,False,5.411321953636214,4.925989745343375
30.724618,22,1397.764658,True,False,False,2.985817577777862,2.519774456519774
41.668509,50,1399.596698,True,False,False,5.07519390409887,4.740053876934739
36.206624,33,1399.829726,True,False,False,3.445700713399341,3.5577297754509543
39.466412,45,1400.149369,True,False,False,4.833809077471364,4.4071311026465345
42.811379,41,1400.440381,True,False,False,5.092799964765997,4.96834065281383
-10.782257,27,1400.647835,False,True,False,2.3113934698844107,4.661226280004522
38.759141,67,1401.129601,True,False,False,4.756230834589953,4.447038990703852
26.187335,17,1401.245606,True,False,False,1.624783756263001,1.5959439286477168
45.394026,63,1401.649412,True,False,False,8.131390514240879,5.852496392507129
41.451366,48,1403.05159,True,False,False,4.9865380889822655,4.754859709296382
26.051208,26,1403.203028,True,False,False,2.167142807907316,1.648797091663707
38.883225,70,1403.632853,True,False,False,7.254992988514562,4.558687722598554
30.34283,52,1405.557224,True,False,False,4.1411172415846496,2.744354731699415
42.131358,50,1405.849132,True,False,False,5.5638397175387775,4.868839648314166
41.707329,84,1406.396015,True,False,False,6.858964227089886,5.249718001644975
33.03787,35,1406.597434,True,False,False,3.4086991402637405,3.0121008068713393
25.664044,44,1406.896916,True,False,False,3.1715943727027973,1.8781963691702235
28.976941,22,1407.034886,True,False,False,1.9825834477957818,2.149258431764695
39.126398,66,1407.474389,True,False,False,5.609619566869154,4.7899828306570225
49.039467,65,1407.879366,True,False,False,6.837178181051685,6.36687327869122
27.499443,28,1408.060904,True,False,False,2.364879826982187,1.9105241005937947
25.079489,37,1408.315094,True,False,False,3.1115427104925804,1.832462533043791
28.832409,22,1408.465507,True,False,False,2.4158481411850024,2.147903214086005
37.591333,50,1410.456737,True,False,False,6.651566210078047,4.08219528780046
41.688093,47,1410.789639,True,False,False,5.14393367911306,4.690278875356974
26.558472,31,1410.987975,True,False,False,2.659839248221553,1.9072789345684131
36.528358,37,1411.228387,True,False,False,3.8673387072413927,3.7646875612858066
30.328285,87,1411.747594,True,False,False,5.467577131045411,3.6483395107558674
41.752584,47,1412.065727,True,False,False,5.925324990873897,4.826538019714641
30.380529,26,1412.251365,True,False,False,2.4554337384622746,2.4188731237260055
32.086851,37,1412.46865,True,False,False,3.1516004677286893,2.880654603585128
28.73999,24,1412.60653,True,False,False,2.702108444613926,2.1719692133973862
50.977687,66,1413.015968,True,False,False,7.848071231888074,6.856610265525864
29.440634,17,1413.134915,True,False,False,2.1113299453457044,2.2464582514610942
28.732744,26,1413.305905,True,False,False,2.448198236708844,2.0210332360374763
46.599855,45,1413.559242,True,False,False,5.750510743457082,5.675337390938919
33.505464,37,1415.437891,True,False,False,3.0591557467437585,3.2183635499614183
27.229322,35,1415.676798,True,False,False,3.132019907546076,2.2078725456804356
40.471768,62,1416.11215,True,False,False,5.707352229325567,4.620934834721887
27.785463,44,1416.390369,True,False,False,3.394332887881474,2.2320636821743167
-18.850364,9,1416.440416,False,True,False,0.46882093319807694,2.676044872346946
39.628139,67,1416.879274,True,False,False,4.911447757444102,4.555533083259833
30.608046,30,1417.048497,True,False,False,3.286577572326522,2.5586704781429073
43.483108,40,1417.278673,True,False,False,5.046358150664117,5.001887501783324
36.076189,28,1417.431447,True,False,False,3.7046657757784773,3.552489325004495
41.532091,81,1417.907323,True,False,False,6.219410665018332,5.144878200983358
32.436436,49,1418.252856,True,False,False,3.605713304232902,3.219424237910695
29.239515,32,1418.46828,True,False,False,2.2038062264895797,2.3392409073831892
0.278817,62,1420.445635,False,True,False,6.306210579208449,5.873377672726573
28.165748,15,1420.556096,True,False,False,1.786372328777642,1.8325868020289737
27.28295,19,1420.706714,True,False,False,1.5752191688991481,1.7921755423276406
28.319237,37,1421.004741,True,False,False,2.218424854345059,2.1416659812714354
32.654055,54,1421.428637,True,False,False,4.801934548172582,3.2082435693912834
28.324324,17,1421.56125,True,False,False,1.722972363754137,1.9598706298413127
27.962225,20,1421.717918,True,False,False,2.161504142356431,1.9729052461234884
27.702155,25,1421.90688,True,False,False,2.3018868639759478,1.9297151182843504
32.968886,30,1422.132611,True,False,False,3.1148112589665837,3.009695979347579
27.34489,21,1422.29218,True,False,False,1.7684169299616403,1.8141019133298117
41.676055,60,1422.765138,True,False,False,5.52318404121619,4.910574659251122
38.356479,65,1423.275499,True,False,False,4.889557495301057,4.330182904781463
26.705732,19,1423.429923,True,False,False,1.6178040532955429,1.728073429205417
41.530985,63,1423.931551,True,False,False,5.572792590773299,4.798068635886569
44.53748,67,1426.12094,True,False,False,6.025902664727378,5.512485360171985
26.898463,26,1426.301514,True,False,False,2.356968697872589,1.8144767377839883
46.263488,109,1427.039643,True,False,False,10.674107991921959,6.444322063636979
-3.64742,55,1427.42311,False,True,False,6.545430590621103,4.071114789426534
39.38726,43,1427.726373,True,False,False,4.548321757825155,4.335598413007192
43.830027,91,1429.786903,True,False,False,6.589327034574686,5.5853593451764585
35.07475,54,1430.095617,True,False,False,3.634655755129696,3.5907465780532104
32.192593,33,1430.328117,True,False,False,3.7014707029228386,2.9363737917598196
26.67207,29,1430.534671,True,False,False,2.024097686098492,1.821714251885894
28.72556,38,1432.402503,True,False,False,3.509353130402888,2.294208238748158
31.472442,33,1432.626004,True,False,False,2.8936832984084893,2.7829925027707727
45.988456,64,1433.079129,True,False,False,6.137626801805775,5.671786009540244
31.903286,17,1433.205562,True,False,False,2.5906930461594158,2.6619207910547753
30.544426,23,1433.378981,True,False,False,3.5319107439619426,2.4679729923337623
29.639302,53,1433.705286,True,False,False,4.071463137985577,2.600438735143023
34.42047,72,1434.13157,True,False,False,5.2438929798229355,3.9254929183553844
35.729598,34,1434.337638,True,False,False,3.2244603749494782,3.351812910010281
36.898833,41,1434.570488,True,False,False,3.8668999116628933,3.8954452984589714
31.237613,32,1434.742977,True,False,False,3.3009154507478256,2.6704114146221265
42.633531,64,1435.097373,True,False,False,6.333326835435419,5.269870710715973
30.23143,21,1435.210566,True,False,False,2.1881588210663265,2.351568406811241
-12.781522,27,1435.358231,False,True,False,2.0705471821473864,4.375574299194096
46.063968,55,1437.161985,True,False,False,6.268511895537562,5.642187835514394
27.836671,29,1437.36035,True,False,False,1.972545784091162,1.945490666226135
29.45399,25,1437.526857,True,False,False,2.9158013412427293,2.27617936705214
39.929082,81,1438.04914,True,False,False,9.19917540169397,4.874273155313566
28.759031,30,1438.210743,True,False,False,2.3288490736068694,2.1292465607671898
48.247507,45,1438.461902,True,False,False,6.333040101786835,5.974783875780499
43.13006,57,1438.86419,True,False,False,5.474129970464421,5.101268289582882
29.849554,21,1439.014054,True,False,False,2.316474216892133,2.340774885750997
26.012171,19,1439.136524,True,False,False,1.709739803493146,1.5773297594484794
43.009663,105,1439.866506,True,False,False,8.945002631772601,5.585036105258371
30.20971,25,1440.016255,True,False,False,2.6157558204963247,2.439877634118345
45.760007,52,1441.937786,True,False,False,6.26988685279595,5.777585520533635
26.641931,19,1442.044522,True,False,False,1.553666979293324,1.6668189283200963
34.342648,42,1442.300696,True,False,False,3.6322938180567297,3.430555184469495
44.58121,47,1442.608494,True,False,False,5.825905361247808,5.346498566429479
40.79048,56,1443.003565,True,False,False,5.356397008926854,4.76821267916182
28.210163,21,1443.138804,True,False,False,1.8311153071879203,2.003532393723461
34.021189,33,1443.376099,True,False,False,3.1431641201520395,3.114961915732578
-9.566372,31,1443.602317,False,True,False,2.5841230616447377,4.377099368526947
36.264009,36,1443.842143,True,False,False,3.542095169098797,3.5555097166765077
36.197031,43,1444.111881,True,False,False,3.605705095919485,3.5946211957336835
25.671315,29,1444.284858,True,False,False,2.2885761121308197,1.6236553911044465
44.882463,70,1444.757539,True,False,False,5.869911939471736,5.693044428157335
47.816889,50,1445.039322,True,False,False,6.616585450702125,5.954347126399255
42.991956,38,1446.966213,True,False,False,5.600307652691004,4.837141768283249
44.754365,40,1447.215214,True,False,False,5.492595811820897,5.304327552593871
35.447873,64,1447.662667,True,False,False,5.29716373530105,3.7416662833683523
38.36317,61,1448.044675,True,False,False,4.671706223272759,4.4285912025951255
50.305034,91,1448.593152,True,False,False,7.03273403866972,6.6732958020104824
46.299462,69,1449.031528,True,False,False,8.181173844455529,5.83930270954065
34.994246,25,1449.16392,True,False,False,3.57617552647159,3.258230590110738
38.915949,72,1449.616525,True,False,False,6.097504830540662,4.646960342372843
43.39381,89,1451.731624,True,False,False,7.616935242082051,5.567160796731999
39.33112,60,1452.136916,True,False,False,5.050374251704123,4.360796119854704
34.354943,41,1452.372734,True,False,False,4.137063672847898,3.4295377112036425
32.307662,27,1452.527259,True,False,False,2.809399105600447,2.8091253700610768
28.183867,17,1452.627388,True,False,False,1.9929941873396237,1.9379906726381735
31.679531,26,1452.779323,True,False,False,3.215065694676751,2.6562483156691363
27.813904,24,1452.911862,True,False,False,1.8610878589444868,1.9960045798364556
30.549971,57,1454.517218,True,False,False,5.670124419307427,2.7138532570401592
45.810919,67,1454.959593,True,False,False,5.74462022562856,5.651065123928367
41.09198,42,1455.259792,True,False,False,5.0972748983136835,4.612920749533572
35.474192,72,1455.763897,True,False,False,6.788860222847906,4.009278769320663
38.758385,76,1457.805176,True,False,False,4.883497368812733,4.603355567313437
39.197023,57,1458.185933,True,False,False,5.148490487606196,4.492799868338909
42.371218,40,1458.442349,True,False,False,5.159165495731792,4.761742326496712
39.686637,48,1458.784077,True,False,False,6.073812974874816,4.488936048938631
36.300146,44,1459.096233,True,False,False,5.3674156725395274,3.760695010772135
35.212122,121,1459.796287,True,False,False,7.330544364545878,4.604055367827315
50.482892,77,1460.340599,True,False,False,8.699384642832579,6.802627180164384
25.912115,26,1460.489227,True,False,False,1.6688763561761235,1.6236298130176432
45.715984,58,1460.862121,True,False,False,8.05472863711825,5.691594385012054
30.128965,57,1462.942206,True,False,False,7.948969297463914,2.9225677965524404
41.616051,43,1463.24976,True,False,False,4.406046071871583,4.4970199929296415
25.992959,24,1463.412845,True,False,False,1.9769481081714555,1.6730498815927828
43.584017,57,1463.814849,True,False,False,5.413183419758346,5.101520401322261
36.413018,29,1464.011916,True,False,False,3.881751524626003,3.6570611752867994
27.40338,24,1464.157287,True,False,False,2.1933577967825673,1.886463165996892
37.830989,35,1464.387563,True,False,False,3.8203447015019516,3.860782943928144
52.70569,77,1464.918509,True,False,False,9.14518128453734,7.2240523643367665
-12.348835,46,1465.218843,False,True,False,5.372939779403701,3.170165103290349
40.953034,49,1465.574305,True,False,False,4.49220053452243,4.540768816218136
34.29523,33,1465.801124,True,False,False,3.2946384081658304,3.285795457400012
44.251425,55,1466.194952,True,False,False,6.636908500105419,5.530607785543711
29.796646,25,1467.974828,True,False,False,2.211564164890069,2.3116124689552286
40.824264,44,1468.211926,True,False,False,4.814642298487653,4.4716589802094395
28.437921,69,1468.586296,True,False,False,4.977721405436989,2.6561142778811906
-10.255194,23,1468.725838,False,True,False,2.1221998932682964,4.652647695761418
35.503354,31,1468.908225,True,False,False,3.263366524637185,3.3568563052323723
47.351459,86,1469.466375,True,False,False,7.049940727642862,6.5442379636677215
38.682332,62,1469.802602,True,False,False,5.150032904110713,4.519017004587496
28.061953,27,1469.946814,True,False,False,2.0066402182934677,2.0229658126894767
45.835154,70,1470.31462,True,False,False,6.092947505387191,5.545243394528329
27.296572,24,1470.443951,True,False,False,2.0689907030357544,1.890041316380967
38.542192,53,1470.724931,True,False,False,5.407974635850136,4.3358845776496615
29.771103,44,1472.344437,True,False,False,2.976082417070821,2.5260421530141097
35.274219,41,1472.574438,True,False,False,3.6504968204322368,3.464746319189129
28.575708,43,1472.808239,True,False,False,3.567651533020773,2.3438220086986794
41.47599,45,1473.057339,True,False,False,4.457089671470356,4.642542922211976
33.751455,34,1473.245209,True,False,False,4.191385798864085,3.2196461668239764
33.760075,38,1473.47981,True,False,False,4.326706637357336,3.400383123251754
44.215337,45,1473.744481,True,False,False,5.948973729779774,5.182231172310988
32.983242,41,1473.998483,True,False,False,3.0617612655143485,3.118171119898894
44.525352,63,1474.417798,True,False,False,6.911694939797284,5.6713151885259405
40.037979,61,1474.854869,True,False,False,5.488249222977589,4.553418279726427
28.082494,35,1475.104022,True,False,False,2.452066449127936,2.219521108842563
-18.369519,11,1475.181691,False,True,False,0.7888582176264293,4.432063236564931
35.094049,42,1477.082926,True,False,False,4.04773448411848,3.4178020794662407
29.145036,21,1477.201331,True,False,False,2.130760289757892,2.126085909830162
39.564307,62,1477.603275,True,False,False,6.287355739517702,4.514821700141113
30.222288,28,1477.788003,True,False,False,2.6503848897826163,2.4627004967346022
37.05122,42,1478.057181,True,False,False,3.5691488279936903,3.726785434179179
36.320123,27,1479.573659,True,False,False,3.941296703455272,3.691963329916168
38.977693,64,1480.041874,True,False,False,5.9001806881291685,4.555281764909581
36.102703,43,1480.345389,True,False,False,3.980469806675104,3.5785131560475407
-10.37329,38,1480.614244,False,True,False,3.0138985316566687,4.25152950917847
35.956338,35,1480.859189,True,False,False,3.4646972466915718,3.5027806537030557
36.420097,40,1481.155036,True,False,False,3.4796703830816615,3.6297340240248643
-5.97474,78,1481.690355,False,True,False,5.133355424536839,5.589790021621148
29.326263,23,1483.469605,True,False,False,2.0783466832078257,2.264901350406306
44.832258,49,1483.818104,True,False,False,5.690665447065432,5.35634202467784
31.19039,28,1484.019583,True,False,False,3.379675990117873,2.663429854403945
27.80996,31,1484.253141,True,False,False,2.154863723478073,1.999957381756188
38.826398,56,1484.660929,True,False,False,4.498249821730592,4.282800983299307
33.545718,51,1485.023652,True,False,False,3.7300774703020108,3.281519253965233
26.700784,26,1485.206507,True,False,False,1.9777813107143334,1.793416359986323
37.077088,76,1485.750748,True,False,False,7.100945054379115,4.273254354791913
44.534763,63,1486.19314,True,False,False,7.300787971122145,5.84339886021258
26.82835,21,1486.324761,True,False,False,1.7650321942102178,1.9257052641126626
47.363364,81,1486.78864,True,False,False,7.91894293157914,6.4253097552473015
40.578881,49,1488.593012,True,False,False,5.288997349149293,4.6577415281195425
38.310869,52,1488.907628,True,False,False,4.56697460150248,4.132331465026975
45.28672,55,1489.210085,True,False,False,6.224471351553591,5.499220702396741
28.570349,33,1489.397873,True,False,False,1.98727576901044,2.203145309653184
42.314431,46,1489.699661,True,False,False,4.877403038454934,4.840238028177427
49.605072,64,1490.138544,True,False,False,7.496484885970541,6.474198000359701
48.328843,48,1490.427762,True,False,False,6.511604479291208,5.948913680150825
27.40161,24,1490.566262,True,False,False,2.481190245324468,1.8929787762359798
34.774365,35,1490.775032,True,False,False,3.5547633757835007,3.3583697012979217
35.471918,49,1491.065171,True,False,False,4.162500643155258,3.846920400049067
43.313822,37,1491.297564,True,False,False,5.30155865747017,4.909275111640953
49.567444,54,1493.223199,True,False,False,6.809708223079552,6.360339105293596
31.02487,30,1493.428704,True,False,False,2.638438410743044,2.5731579939890437
25.761363,32,1493.650789,True,False,False,1.832464853293856,1.6081101165128262
45.663356,59,1494.070155,True,False,False,8.70941557026316,5.810715967304044
-13.95445,16,1494.171782,False,True,False,1.766797888992219,2.351258932452984
40.126469,67,1494.601798,True,False,False,4.948687908953969,4.669937666224917
45.959324,51,1494.919063,True,False,False,6.312307475068005,5.620694737417729
30.73044,43,1495.208025,True,False,False,4.360498573160596,2.643941009152063
37.869026,46,1495.467473,True,False,False,4.677317623762453,4.086729887940787
33.799216,30,1495.641513,True,False,False,3.6146495238952223,3.088867529732018
38.19333,70,1496.070318,True,False,False,6.049378071031404,4.422904113757773
38.488153,60,1497.997072,True,False,False,5.192364779288182,4.3041087330387064
43.635662,67,1498.465666,True,False,False,5.825472305430447,5.422636259262055
45.562189,63,1498.89858,True,False,False,6.790951400472062,5.662626182139908
37.519941,46,1499.237057,True,False,False,4.351555577665308,3.9669219141918175
39.112579,43,1499.547385,True,False,False,5.2362679625067745,4.193105665052653
39.523632,39,1499.834664,True,False,False,4.7289174498315605,4.323408261422601
27.022018,35,1500.087645,True,False,False,2.445256005734317,1.8788763852065142
43.344467,38,1500.336752,True,False,False,4.974975019313062,4.961765534858768
-15.613154,10,1500.409512,False,True,False,1.017932452004226,3.299740073020592
29.008469,37,1500.680049,True,False,False,2.662171404880706,2.332731397318427
-8.587454,63,1501.146766,False,True,False,4.781854583212974,5.696421976430063
40.575381,56,1501.52959,True,False,False,5.353683553538695,4.705786762374888
33.91598,60,1503.437147,True,False,False,4.62947688075453,3.4885139775795446
30.30769,26,1503.579191,True,False,False,2.595561086799214,2.5604067368503833
33.447428,29,1503.735282,True,False,False,3.1511557502334075,3.0769050102919193
29.375902,39,1505.306927,True,False,False,2.8757145572707152,2.4118364736512725
42.728423,68,1505.787641,True,False,False,5.759707478795115,5.261722004692211
25.604784,26,1505.935596,True,False,False,2.307604172111787,1.6096301687932484
44.140644,59,1506.269635,True,False,False,6.25993563177543,5.296208960348191
38.617798,48,1506.545805,True,False,False,5.062005495877124,4.2789434417932055
30.301102,36,1506.765266,True,False,False,3.220584500823632,2.5184198596021967
-14.948212,17,1506.885992,False,True,False,1.3217934826783817,2.4530975142993134
24.024406,31,1507.058292,True,False,False,2.0605708816955848,1.5404090650367261
41.150543,82,1507.612942,True,False,False,7.085405334224783,5.0576470626916
46.31902,91,1509.778877,True,False,False,7.053302213489967,6.259342988933766
27.23974,23,1509.942238,True,False,False,2.7067035621390794,1.8450829909845234
54.355597,77,1510.401846,True,False,False,7.799281972015721,7.276722660809184
29.5801,36,1510.654449,True,False,False,2.3566747361269,2.3507867703490817
42.71144,50,1511.005671,True,False,False,5.956059630257655,5.088701315274507
38.185982,57,1511.405877,True,False,False,4.56343150414044,4.28446027281626
38.682756,70,1511.896762,True,False,False,5.096519012897822,4.515850043443856
34.764412,35,1512.124876,True,False,False,3.613239971536567,3.287154567632442
39.796266,44,1512.42152,True,False,False,4.8643500294190245,4.4463532405190564
35.40834,47,1514.331238,True,False,False,4.058514762630485,3.658546154162646
27.144419,15,1514.43651,True,False,False,1.576332842942909,1.7236424949733875
33.463054,37,1514.671908,True,False,False,3.096253615098843,3.107561171771347
37.212549,41,1514.907134,True,False,False,4.5314918648797,3.8911242928073513
27.018289,19,1515.015754,True,False,False,1.6968668400341667,1.7409034562787062
37.82435,71,1515.455972,True,False,False,5.147837791846083,4.174717924119753
42.381606,70,1515.877871,True,False,False,5.621389949399423,5.074338919698509
44.315835,48,1516.165864,True,False,False,5.268169464763782,5.281348181201128
42.417986,38,1516.400538,True,False,False,5.603720111433672,4.846273170733917
42.377613,59,1516.746335,True,False,False,5.602353460861959,5.014710129960334
41.533711,75,1517.242073,True,False,False,6.157913646990722,5.029065507056071
27.227591,22,1518.972938,True,False,False,1.8404710140172948,1.8693638977226974
31.701443,44,1519.248956,True,False,False,2.6902080388620724,2.8748252647073236
36.709523,38,1519.466033,True,False,False,3.983192556930516,3.763342033344628
34.817882,27,1519.642987,True,False,False,3.464965898830258,3.252707986867006
37.434426,45,1519.946949,True,False,False,4.190612909927264,4.0330583342072
47.975717,78,1520.38543,True,False,False,6.449395133882182,6.1216390469326125
49.164193,105,1521.133632,True,False,False,6.99989193991197,6.627040649246602
27.105373,41,1521.395338,True,False,False,3.4767858791552504,1.9436985831653337
40.552851,48,1521.727119,True,False,False,4.483152305863622,4.570886478963834
34.22508,38,1521.989741,True,False,False,3.2591981869420086,3.241714150030538
40.330667,70,1523.974584,True,False,False,5.702684921901364,4.851927264328729
28.340013,63,1524.330104,True,False,False,6.310403254807674,2.692790384105444
36.190763,37,1524.543403,True,False,False,3.374061959134879,3.5944582777958987
34.559209,55,1524.924691,True,False,False,4.778391163836384,3.5292623336939735
37.521742,84,1525.475516,True,False,False,6.400830070006623,4.393386189862303
30.857508,48,1525.776962,True,False,False,3.5054174843062595,2.7481718479507475
31.787956,60,1526.128394,True,False,False,4.7680070527143315,3.029727092315985
31.331342,38,1526.367017,True,False,False,4.377416834282821,2.817737979085516
25.532064,21,1526.510756,True,False,False,1.622191233260606,1.5367473630117914
45.048291,84,1528.62674,True,False,False,6.37814092242778,5.995817579888456
26.639967,22,1528.794206,True,False,False,2.431963555872585,1.7958601407883448
38.589297,98,1530.676997,True,False,False,4.966255655233953,4.756455300061529
38.43235,34,1530.909731,True,False,False,4.355602147683559,3.9819124123448084
44.754788,71,1531.412934,True,False,False,8.375922682872073,5.695522324680053
45.954399,61,1531.840958,True,False,False,5.621817247119641,5.555520187913174
29.895035,36,1532.085309,True,False,False,3.628246143838131,2.5416450698413957
32.590809,32,1532.310287,True,False,False,3.047896267642477,2.957372464511908
32.988012,64,1532.698201,True,False,False,5.111357647098038,3.5245613808511127
32.309842,87,1533.193002,True,False,False,5.051183449530309,3.4475099153358153
-18.609645,6,1533.229292,False,True,False,0.5471668174976968,2.527190775721571
30.256518,88,1535.507262,True,False,False,6.041490313616768,3.302182248430062
36.289193,51,1535.805416,True,False,False,5.393186303271707,3.8596929781079568
45.124997,56,1536.155137,True,False,False,6.488352039525964,5.4913396644237125
37.975966,41,1536.431267,True,False,False,5.42484368458794,4.024650947562242
41.055675,47,1536.727135,True,False,False,4.613354000334891,4.598449319822293
37.160369,74,1537.18141,True,False,False,5.875963386550948,4.496594857557019
30.519055,25,1537.316477,True,False,False,2.297114976296755,2.4476398574959393
41.601154,55,1537.61294,True,False,False,5.525702656758243,5.010673418432115
48.130122,111,1539.902628,True,False,False,8.504712408654765,6.649196247761304
41.202262,50,1540.203592,True,False,False,5.116444100894945,4.670573745596069
43.345187,55,1540.575903,True,False,False,6.288620388201006,5.3957683474599865
45.194716,85,1541.06125,True,False,False,6.603028596709268,5.648978357305
37.112758,41,1541.318238,True,False,False,4.297741570640115,3.8761682449577153
36.798,41,1541.608359,True,False,False,4.071222758506443,3.788451311873238
48.733125,47,1541.941489,True,False,False,7.7950078062024675,6.173394965747881
27.780179,23,1542.107387,True,False,False,2.355444343542281,1.9325014780487528
32.884356,50,1542.39809,True,False,False,3.5857976167188963,3.1469510829359075
35.531923,51,1542.705158,True,False,False,3.9953794619052685,3.6449345192107767
28.990074,37,1544.610803,True,False,False,3.1402600168171433,2.4543676786907778
40.962088,113,1545.423525,True,False,False,8.891879444111717,5.605899280123792
37.998908,63,1545.861937,True,False,False,6.3864736044227515,4.59337243034538
39.326505,153,1546.937179,True,False,False,11.615183592389489,5.433203950595085
38.932475,80,1547.508639,True,False,False,7.869151862186119,4.708900270400249
44.589301,62,1547.949679,True,False,False,5.871226884453917,5.453172980668906
36.362506,35,1548.196616,True,False,False,3.9840671317981573,3.6839420706009647
26.087499,16,1550.014405,True,False,False,1.4017141158634967,1.526036372091315
27.393325,39,1550.295173,True,False,False,1.9096996203970582,1.9931182077423486
31.180969,31,1550.523412,True,False,False,2.46624412748192,2.580212040733539
29.108092,23,1550.690893,True,False,False,2.1074492403338834,2.1449051602704494
41.936904,41,1550.98065,True,False,False,4.98970062885899,4.770401895394186
36.921953,36,1551.215761,True,False,False,3.6272785500007956,3.647052878465128
27.77388,27,1551.409305,True,False,False,2.08374185451317,1.9410102500645745
49.590071,59,1551.834741,True,False,False,7.49726321324965,6.38223748376017
-15.12286,14,1551.936826,False,True,False,1.4560608792095078,4.372398040814958
28.708423,19,1552.074369,True,False,False,1.9610723768345968,2.065063764202843
39.459216,55,1552.447588,True,False,False,4.543781250172099,4.533448982440846
37.656775,90,1553.081338,True,False,False,7.929570690544267,4.642612963440525
34.649316,35,1553.318281,True,False,False,3.3142907932571375,3.215740525025781
38.761883,61,1556.423045,True,False,False,6.426830370417254,4.413018382845096
32.305511,36,1556.663704,True,False,False,3.2359696787817436,2.9554051952457856
32.534275,42,1556.898813,True,False,False,3.7829751481691387,3.1565987189033446
28.270286,18,1557.001662,True,False,False,1.8628461506621095,1.9866018612498562
35.758436,27,1557.144287,True,False,False,3.643880462641283,3.4644195973166863
32.287268,41,1557.396776,True,False,False,4.3727364370057895,2.969589120306641
34.585963,28,1557.57655,True,False,False,3.2688653058115067,3.1991009383022657
40.680306,59,1557.907208,True,False,False,5.293256935817403,4.750651366824475
39.141914,37,1558.122961,True,False,False,5.201585025725496,4.205049140514728
50.413054,69,1558.613036,True,False,False,8.184937368265214,6.856897751604693
41.583675,77,1559.087419,True,False,False,6.30353974633827,5.012193160561887
28.908047,30,1559.297982,True,False,False,2.228692712345663,2.2280617352903014
34.516742,58,1561.418007,True,False,False,4.8116904531095965,4.054246636799679
37.506233,37,1561.688206,True,False,False,4.096306942703378,3.9080843612561997
34.370755,67,1562.090683,True,False,False,6.598321932838183,3.8065211316088616
47.464009,78,1562.574502,True,False,False,6.265782673270391,6.057984301802941
31.856579,58,1562.965088,True,False,False,3.0483954532223714,3.0121824495212377
36.472691,36,1563.199319,True,False,False,4.409452673760937,3.659863813134158
26.933859,28,1563.349125,True,False,False,2.1674473845258055,1.8858277258886331
31.011486,31,1563.519074,True,False,False,3.002326016529707,2.6324820084764653
38.559023,55,1563.843876,True,False,False,5.087311288151764,4.292314933885178
36.927087,62,1564.179077,True,False,False,4.43539325150985,4.023787082034491
55.061756,46,1566.186474,True,False,False,7.406026833929138,7.231523884642297
40.49455,49,1566.525302,True,False,False,4.42022754815682,4.55751174181328
-11.528232,14,1566.616546,False,True,False,1.853266151023908,4.940299203850235
34.170632,31,1566.805289,True,False,False,3.2065411809198068,3.238865040132077
-5.162162,28,1566.991809,False,True,False,3.799446243662973,5.40961579495795
32.397353,100,1567.67715,True,False,False,5.960186090937586,3.961516275050666
52.366304,79,1568.244773,True,False,False,7.722837531234637,7.053063687416355
26.269261,19,1568.373365,True,False,False,1.6389679363636869,1.6103954552860926
38.152464,42,1568.607582,True,False,False,4.174564414568152,4.054158515578839
38.255507,44,1568.922013,True,False,False,4.362579900458805,4.103687165089889
25.461066,29,1569.11661,True,False,False,3.3137234400591566,1.6019856413354514
36.796725,43,1569.417375,True,False,False,4.380412027938035,3.760140459203182
25.67575,19,1571.17259,True,False,False,1.720884306389372,1.5512886550188474
29.859183,33,1571.352026,True,False,False,3.218630909326964,2.4167360407569567
29.984009,17,1571.462915,True,False,False,2.0519716090800886,2.2978461630945612
46.143868,106,1572.20727,True,False,False,7.634172451788441,6.413140328521473
37.667636,47,1572.539723,True,False,False,4.608938371147888,4.066929665184342
39.157879,68,1573.025778,True,False,False,5.701583439130656,4.695375379371225
31.524767,53,1573.392278,True,False,False,4.753950698042129,2.798732595318722
28.553551,73,1573.906224,True,False,False,4.177252457865643,2.992229166724165
40.626244,44,1574.174804,True,False,False,4.499072366855939,4.540324121151811
42.556894,74,1576.289602,True,False,False,6.3833620452952875,5.272711782964526
34.220425,37,1576.547624,True,False,False,3.456035632225997,3.2303248789250323
39.96149,35,1576.759405,True,False,False,4.081384874724357,4.214487029225276
-16.91815,28,1576.918067,False,True,False,1.31397482271999,5.836965799495971
34.292992,31,1577.110785,True,False,False,3.2849446505956825,3.131008224500565
34.80856,41,1577.33182,True,False,False,3.7062556307603383,3.4164904750858742
28.015212,25,1577.481167,True,False,False,1.8780387565035108,1.9699965857231674
46.338913,52,1577.809039,True,False,False,5.592840410264363,5.6291496216855
28.05584,27,1577.962852,True,False,False,3.403893683533107,2.015852829862622
48.313224,54,1578.277053,True,False,False,6.476905559413257,6.011020455771257
39.861846,60,1578.635086,True,False,False,4.6374373933234425,4.388800592238795
28.294608,46,1578.902329,True,False,False,2.9569923163850613,2.318633797690606
47.860565,78,1582.098068,True,False,False,7.129713908266581,6.096016645564171
43.73957,54,1582.468296,True,False,False,5.342323193154637,5.145291218746933
30.87363,32,1582.657096,True,False,False,2.5248142298673137,2.6478506874175474
-15.733285,12,1582.733553,False,True,False,1.1155910393921298,5.457667632606347
30.535384,35,1582.957827,True,False,False,2.5126381247777845,2.458802680833913
32.242591,32,1583.174659,True,False,False,3.2300607724136676,2.9574158106822113
48.611841,72,1583.675859,True,False,False,8.291276920419572,6.498004035126366
51.141114,82,1584.278705,True,False,False,6.892347858347538,6.628976840612747
35.782416,42,1584.579703,True,False,False,3.9940116612884387,3.8362254792791903
45.506318,60,1584.994526,True,False,False,5.907120101675884,5.62364942475419
39.878764,87,1587.168895,True,False,False,7.157811311251671,4.726977015836963
29.307998,39,1587.372352,True,False,False,2.704453882465665,2.482984214569992
43.912867,75,1587.778116,True,False,False,5.737379205857453,5.420681816875183
33.634178,41,1588.028872,True,False,False,3.856561645027425,3.2028977855722482
41.103866,60,1588.413674,True,False,False,4.766258411733152,4.590835458733663
38.230745,37,1588.641118,True,False,False,3.979790705499051,3.9771402459739496
36.350185,41,1588.948813,True,False,False,4.778403819326299,3.684570564174568
35.049765,55,1589.291101,True,False,False,4.321383994406197,3.799404570841121
29.45602,22,1589.428177,True,False,False,2.2330676551814004,2.2631322154166225
31.792567,37,1589.634158,True,False,False,3.3002257437145843,2.8056533843120692
35.639632,60,1590.020806,True,False,False,4.501618404290479,3.740882678358365
30.453052,36,1591.908987,True,False,False,2.53003908850172,2.514850784507037
-13.899047,32,1592.08321,False,True,False,2.1010172226360972,3.854280630888425
32.173514,29,1592.244054,True,False,False,3.109317032355789,2.799417619074731
34.862969,31,1592.411676,True,False,False,3.3026195068277593,3.3048657218876727
-19.903568,26,1592.560339,False,True,False,1.197516170175414,5.557361824295052
52.93999,58,1592.877441,True,False,False,7.422611655063872,6.937067812325132
32.183403,44,1593.12028,True,False,False,4.630581733997617,3.1049429174739656
49.991206,71,1593.517603,True,False,False,7.17393617836599,6.426743089580201
38.273364,39,1593.743429,True,False,False,4.989666304153909,4.1348955040554065
28.071999,30,1593.902647,True,False,False,2.2508721016967113,2.054996185777099
26.181749,16,1593.993893,True,False,False,1.3647497230884162,1.603187691328397
25.886453,36,1594.190066,True,False,False,2.811714574309386,1.7734771331711285
38.035174,43,1594.413574,True,False,False,4.645837351924337,4.129672422776041
44.072481,62,1595.980596,True,False,False,5.682507569791887,5.230548592357852
43.558175,63,1596.262737,True,False,False,6.686665804349657,5.273361313948873
43.9283,89,1596.676063,True,False,False,6.973570815866212,5.656379789927416
39.928891,38,1596.849016,True,False,False,5.517667752485006,4.44884364895335
37.082022,38,1597.025301,True,False,False,4.643026453000506,3.8204403038137147
32.706637,25,1597.143813,True,False,False,2.8726283468465557,2.8935159042171374
28.18951,74,1597.483487,True,False,False,4.9456633317853465,2.6897085530317946
36.340613,41,1597.672288,True,False,False,3.8270261387852633,3.667003942211091
31.116404,33,1597.924663,True,False,False,3.019572061509363,2.6549625945062463
34.136589,27,1598.132914,True,False,False,2.9887022301447748,3.11743064728713
41.26036,44,1598.467021,True,False,False,5.399920470050444,4.886226039119378
25.805737,39,1600.772596,True,False,False,2.0326289246158904,1.7403769062030388
31.906739,25,1600.974797,True,False,False,2.6658022430772363,2.6759987048431504
47.8739,55,1601.421255,True,False,False,7.237783167768493,5.877256527408587
42.85815,68,1601.964126,True,False,False,6.075480935573103,5.205542473613252
-16.984095,21,1602.128791,False,True,False,2.210860191665932,2.3223113609452395
-11.959907,21,1602.295603,False,True,False,1.9038609600848138,6.686782648706238
30.507016,32,1602.547048,True,False,False,2.679003173628882,2.5204912043518832
-12.655619,29,1602.780566,False,True,False,2.466378686191197,2.9644789009696533
31.530361,27,1602.993224,True,False,False,2.515189576540764,2.6322207308772403
41.361492,51,1603.406899,True,False,False,4.704928594972431,4.6149001064562265
32.602424,32,1603.66319,True,False,False,2.8188196034547452,2.862124511992354
32.326272,20,1603.82155,True,False,False,2.505976914687172,2.7096485739570517
41.15821,36,1605.785131,True,False,False,4.692103065149674,4.641032790453279
-16.020149,11,1605.859833,False,True,False,1.1395427946647605,4.283372973967594
-11.246328,14,1605.957245,False,True,False,1.8632954053853534,3.5659741469405524
42.958912,67,1608.037848,True,False,False,5.388996986552615,5.181879899701309
26.053573,14,1608.135726,True,False,False,1.2693698185746827,1.5342072904650326
28.669727,23,1608.290915,True,False,False,2.0287917509280122,2.0464408087263157
31.345862,33,1608.520133,True,False,False,3.009782701104882,2.717654638309381
42.820024,52,1608.882152,True,False,False,5.490193068034315,4.91870101429847
48.542174,76,1609.359509,True,False,False,6.291665487179635,6.0781189246234275
33.041256,58,1609.701653,True,False,False,4.254236126615487,3.3446526820812976
31.071966,51,1610.019296,True,False,False,3.864035272566944,2.8031782392270834
37.114224,64,1610.442696,True,False,False,5.532600960220122,4.077162526015168
44.968317,71,1610.820325,True,False,False,5.782251949044377,5.465670783293143
32.24419,30,1610.974168,True,False,False,2.9272869721222112,2.8717416151287853
30.176381,27,1611.129951,True,False,False,2.2794888426379813,2.454250083406896
39.097791,55,1613.079895,True,False,False,4.680848725373874,4.231053212191376
26.904187,21,1613.19316,True,False,False,1.821540873816137,1.7487046611201202
37.369786,60,1613.549039,True,False,False,6.77146636778239,4.3163477949551545
32.219932,35,1613.792865,True,False,False,2.7983637512668507,2.794781311104554
31.356768,25,1613.961652,True,False,False,2.728884304262552,2.6143533858622523
34.889639,29,1614.12842,True,False,False,3.4139413873242295,3.297029499258836
36.965754,38,1614.370117,True,False,False,3.9391830910224495,3.8298415950873115
31.039579,39,1614.635594,True,False,False,2.676124699655552,2.7322272172151645
29.824145,24,1614.799026,True,False,False,2.279838591576517,2.2573179244502772
31.272335,47,1615.109271,True,False,False,3.1482337696261795,2.807573147301424
29.642677,16,1615.205763,True,False,False,2.1128950154836628,2.1779415662067865
43.72767,69,1615.597944,True,False,False,6.438186959826305,5.57865039654999
35.559175,57,1615.991937,True,False,False,3.798045431467411,3.674610986425445
34.004053,56,1617.934793,True,False,False,4.683396593931541,3.355508337735535
44.809715,77,1618.395821,True,False,False,8.725522789687806,5.604590674717015
43.736548,83,1618.846379,True,False,False,6.806929005843456,5.81150799379542
27.221466,25,1618.995603,True,False,False,2.560754782858368,1.8321032971972582
47.528434,95,1619.569589,True,False,False,6.738227652316218,6.163494093057654
34.910953,34,1619.763412,True,False,False,3.6266724332974385,3.4170277528252355
47.272735,67,1620.148138,True,False,False,6.200198421755568,5.819621346027197
31.47277,49,1620.448624,True,False,False,3.9720534610264546,2.8863417939362965
39.009717,96,1622.723996,True,False,False,6.288622186488352,5.058019426848609
27.115991,16,1622.836186,True,False,False,1.6157731527938335,1.7444650466882266
42.761855,68,1623.226221,True,False,False,6.2525768727604065,5.438107618627724
-14.107539,17,1623.323115,False,True,False,1.710061278535973,6.494602511120479
29.923375,37,1623.532166,True,False,False,2.816907653105112,2.423997764190881
32.584036,25,1623.677213,True,False,False,2.7255503481734635,2.8805121012919535
45.994376,49,1623.960098,True,False,False,6.4220933249850365,5.548590139247278
28.567362,26,1624.110754,True,False,False,2.5861885953992303,1.9877297585772173
31.527721,57,1624.437127,True,False,False,3.384020433439922,2.921873058995727
30.836144,54,1624.739272,True,False,False,3.7815520256926676,2.997221608555914
50.072448,53,1625.043545,True,False,False,6.5006451659502025,6.452197239032988
37.50546,40,1625.280275,True,False,False,4.590431318965645,3.9545305251264264
31.664407,59,1627.254277,True,False,False,4.028232852907225,3.0381746043039057
34.05849,32,1627.47884,True,False,False,3.23777595223494,3.2273803471910845
27.506972,34,1627.703603,True,False,False,2.4260936984132804,2.1656327796136985
27.723911,31,1627.902931,True,False,False,2.6211986935973726,1.9855078427320578
46.286543,60,1628.326652,True,False,False,5.820997116138652,5.581385410993058
42.495877,53,1628.713328,True,False,False,5.563219679695185,5.047400383953462
49.890025,82,1630.338886,True,False,False,7.008619701099246,6.506086233388279
34.531491,82,1630.888705,True,False,False,7.073236355642953,4.282975529577416
-13.528761,16,1631.001812,False,True,False,1.5730997115454635,2.796416915440544
41.380033,38,1631.252162,True,False,False,5.2374114949089625,4.635212987325395
32.320364,46,1633.045689,True,False,False,2.998786796093749,3.040851405710041
36.946322,64,1633.39612,True,False,False,6.862572566831547,4.057394602120838
43.632283,56,1633.722917,True,False,False,5.553554307760061,5.173061870941884
26.405183,19,1633.827525,True,False,False,1.8178633116763139,1.6893703697354485
37.452162,38,1634.101229,True,False,False,3.8875276985416103,3.861275794195738
36.304632,41,1634.368012,True,False,False,4.091376761408249,3.626895442880034
49.725115,74,1634.863487,True,False,False,7.761348926339835,6.483579931776574
32.840237,45,1635.177447,True,False,False,4.707214118502979,3.058024279598491
35.573223,39,1635.442983,True,False,False,4.6329424393242,3.7406621979555212
35.900185,34,1635.664614,True,False,False,3.901680291895113,3.568079129401272
30.999785,37,1635.891808,True,False,False,2.9854826949407536,2.6941885916215336
30.151851,27,1636.067328,True,False,False,4.1482046952082685,2.4057985053824167
29.684719,29,1637.725416,True,False,False,2.3143131344165404,2.3701911777524622
34.721016,35,1637.917986,True,False,False,3.6137952971433593,3.3897518739801598
32.597145,49,1638.174151,True,False,False,4.373211810743066,3.269817037465627
45.261005,43,1638.469023,True,False,False,5.630654420773702,5.4100741157991665
-12.907392,30,1638.689017,False,True,False,2.05399074529163,6.542625288505613
32.779304,40,1638.911619,True,False,False,4.336026621327751,3.020505621296181
45.034866,52,1639.20453,True,False,False,6.645440268938153,5.358064428927217
47.538023,60,1639.515977,True,False,False,6.07433299050001,5.9083547955792985
33.000213,41,1639.798885,True,False,False,3.291831532874852,3.047160943912011
41.717248,62,1640.160366,True,False,False,5.5037749176282125,4.819881661631668
40.543448,43,1640.42755,True,False,False,4.8004753015622565,4.525873188596734
40.975466,51,1642.413315,True,False,False,5.085213549172765,4.5439527737165095
37.975211,42,1642.680665,True,False,False,4.520051629229868,4.082879379585334
34.209878,22,1642.829706,True,False,False,3.030230529981548,3.0207520726622397
28.076327,36,1643.071612,True,False,False,2.6607923163463423,2.128434904796579
33.568536,34,1643.30443,True,False,False,3.283605606717638,3.0422786984951427
32.992359,65,1643.742725,True,False,False,5.670026357266844,3.5478797892814806
41.469202,56,1644.131503,True,False,False,5.869035556188315,4.892538614042749
35.02284,44,1644.441995,True,False,False,4.265900054632332,3.56370129756527
-17.224857,25,1644.615714,False,True,False,1.4501487823948263,3.8821780049058336
34.477031,40,1644.875125,True,False,False,3.852307235721809,3.494576453312818
46.177365,51,1645.184929,True,False,False,5.408405762691301,5.533504567205418
35.370093,40,1645.481725,True,False,False,4.63216576647176,3.681758668286592
29.261793,48,1645.797,True,False,False,4.266664714832601,2.5661001733608173
30.634513,29,1647.546716,True,False,False,2.463669519644793,2.5649266641236825
45.781628,65,1647.993692,True,False,False,5.587485118750493,5.698754028656527
49.67523,76,1648.485771,True,False,False,8.088119155267423,6.631185885856919
35.080132,62,1648.940758,True,False,False,6.219687633024853,3.8282004309002335
25.270438,31,1649.156238,True,False,False,2.3195621716200425,1.6458867312407826
35.85798,54,1649.536328,True,False,False,4.56773784545619,3.8305915263106507
44.106492,82,1650.105629,True,False,False,5.9891064269377425,5.481040143425778
37.382825,41,1650.361618,True,False,False,3.7900521391525097,3.79962663871297
31.875434,39,1650.584048,True,False,False,2.9743249220677717,2.851423421049796
39.231405,55,1652.340289,True,False,False,4.472452090749826,4.4168107548062325
29.272262,37,1652.588538,True,False,False,3.150564303355717,2.3633067932598357
28.178295,29,1652.791533,True,False,False,4.017267135226073,2.091116523606688
43.530752,54,1653.084725,True,False,False,5.364801828783776,5.134784209244443
39.738776,42,1653.329885,True,False,False,4.385104208162371,4.237375670839987
36.677518,25,1653.498809,True,False,False,3.6598914273304204,3.569541304715325
27.061638,36,1653.733605,True,False,False,3.6574234738889912,1.925875822270294
43.167813,130,1655.576307,True,False,False,8.961625289311694,5.97698663400159
28.138594,20,1655.698289,True,False,False,1.8558022009647284,1.9170635103599294
31.784037,30,1655.908928,True,False,False,2.9711293246717436,2.8391973786254927
34.059837,50,1656.205588,True,False,False,3.4502304569698494,3.5074512826673003
33.496924,41,1656.471142,True,False,False,3.4391504919333453,3.109507898841189
47.248596,62,1658.52426,True,False,False,6.77392477348457,6.064463346974491
32.376561,38,1658.77868,True,False,False,4.912630026689105,2.965491089603884
32.151237,25,1658.935373,True,False,False,2.8141981092567634,2.700879703777896
48.394555,67,1659.333991,True,False,False,6.703633133260141,6.184910659667314
-8.513438,20,1659.465255,False,True,False,2.525064402920773,3.5616102645486496
36.399465,43,1659.760345,True,False,False,4.613433656579303,3.7930350504012766
34.59215,44,1660.065348,True,False,False,4.0427239836233655,3.293980853821807
-14.345454,22,1660.217381,False,True,False,1.516820435154553,4.0063611430324055
32.075644,64,1660.653243,True,False,False,4.468187911983827,3.1347580524626903
41.59411,47,1660.978381,True,False,False,6.118745068941899,4.7363500084602626
37.943677,56,1661.365366,True,False,False,4.340476439242832,4.106180937939226
33.280496,51,1663.214935,True,False,False,5.123486080980952,3.3483603768231656
47.849516,60,1663.558748,True,False,False,6.870076865953333,6.1939527449709155
54.602337,60,1663.960425,True,False,False,8.003797606976962,7.294294169900821
45.23244,66,1664.372065,True,False,False,6.6566331312899285,5.649318218716341
31.707605,22,1664.529048,True,False,False,2.788694488139327,2.6738525616065316
37.318837,42,1664.782031,True,False,False,5.547693205910021,3.928274745800364
38.169696,46,1665.076709,True,False,False,4.432950624055119,4.072570737346957
32.476099,30,1665.284322,True,False,False,2.7239767132919703,2.8057195792217566
30.250339,26,1665.459698,True,False,False,2.7291890737579743,2.5762842080117183
38.979318,43,1665.749714,True,False,False,4.411175034178627,4.12855520836113
47.118403,45,1666.056724,True,False,False,5.636446387295991,5.69642738835125
43.078834,91,1668.168846,True,False,False,5.545455062154505,5.44420863718516
30.181335,33,1668.341743,True,False,False,2.4820667993886953,2.4893479289173928
45.905925,47,1668.647137,True,False,False,6.096347621840661,5.608934683048219
32.590698,39,1668.924045,True,False,False,3.596821639785835,2.9231506167652013
33.654088,51,1669.249942,True,False,False,4.5732026740532605,3.264276795260406
40.538186,56,1669.56619,True,False,False,6.279050215627819,4.721414354728485
-8.848633,30,1669.726481,False,True,False,2.756176961736506,3.8171137856720705
35.120442,34,1669.912047,True,False,False,3.4842304969979896,3.3044171254681522
28.784393,32,1670.10488,True,False,False,2.4002921720035264,2.1573289580595167
46.272216,90,1670.629407,True,False,False,7.071194544319485,6.038019596209639
42.358817,42,1670.867392,True,False,False,5.132483839045326,4.828006284706949
35.225569,39,1672.51759,True,False,False,4.489306070148799,3.48989372848391
39.171183,42,1672.77037,True,False,False,5.323333971555915,4.2257607260290735
37.225013,36,1672.988412,True,False,False,3.7114442112912776,3.7351618695118822
29.598285,21,1673.103115,True,False,False,2.1184788772792147,2.262971600169881
38.725476,48,1673.370943,True,False,False,4.931696405900061,4.105329814521895
39.955714,51,1673.65924,True,False,False,4.784235308484739,4.506112068690151
29.021875,18,1673.757179,True,False,False,2.0175780116472146,2.1531696802129985
33.661934,45,1674.043522,True,False,False,4.298996913835155,3.238405459112957
32.980511,31,1674.217323,True,False,False,2.8245633677442847,2.8615185299563786
38.898352,46,1674.506513,True,False,False,4.47555197401241,4.137096080332137
31.16641,38,1674.798009,True,False,False,2.9848691934648732,2.668581076279509
33.528775,25,1674.986259,True,False,False,2.999849128763766,3.0574371588565348
33.129109,37,1675.263414,True,False,False,3.041712522437547,3.0222999581149588
31.760067,26,1675.420783,True,False,False,2.4949702573239403,2.719445174586122
46.849033,54,1677.188173,True,False,False,5.774108624111371,5.74623900962303
48.466208,73,1677.60337,True,False,False,6.650133346470537,6.198009264117918
41.149704,53,1677.960309,True,False,False,5.554252481298538,4.849689223837199
27.302215,29,1678.160401,True,False,False,2.0931318712534432,1.9903939557804737
-4.821749,36,1678.372857,False,True,False,3.5531253163210454,6.1574879838796726
-11.983224,25,1679.601673,False,True,False,2.33633842521453,3.2407105172299904
39.082025,32,1679.816634,True,False,False,4.298702566325504,4.071308383766802
29.08347,40,1680.04468,True,False,False,3.157798736097406,2.428317881280784
28.994923,18,1680.136012,True,False,False,1.9162226969387572,2.0735180484526894
39.299178,44,1680.362424,True,False,False,4.683531534779449,4.1795593593705815
30.276124,20,1680.467276,True,False,False,2.560947027222358,2.4040991438769233
38.888522,82,1680.913306,True,False,False,6.666733447054366,4.598060815221026
31.13842,32,1682.591492,True,False,False,2.677408597778953,2.643773415236548
27.053883,26,1682.736581,True,False,False,2.2613551602527564,1.8535306290747222
-0.768449,49,1683.057737,False,True,False,4.244964271139485,5.873561203291131
38.749338,46,1683.357064,True,False,False,5.060422553484646,4.31887451002049
44.143706,73,1683.866237,True,False,False,7.698759708781886,5.473288872551494
38.070511,95,1684.511961,True,False,False,6.998139485859687,4.440994125381979
50.692298,72,1685.003669,True,False,False,7.068692042115562,6.66074718860651
-19.682991,9,1685.060494,False,True,False,0.5679425663495202,1.968082338599672
31.787555,25,1685.231662,True,False,False,2.695823990715168,2.764184022197224
44.571082,99,1685.840263,True,False,False,7.142249050450306,5.873036882174454
43.825708,91,1688.008319,True,False,False,7.129622577753497,5.68007654032114
34.61251,36,1688.211944,True,False,False,3.777302901572209,3.2811106852979712
31.599221,71,1688.620423,True,False,False,6.960649678167384,3.3293377786362828
29.492769,23,1688.755368,True,False,False,2.1825265333139683,2.206779492342291
36.264637,23,1688.878804,True,False,False,3.3335932583295693,3.4718039415796818
37.81287,41,1689.157288,True,False,False,5.984218019042552,4.043867901605957
37.271229,34,1689.379875,True,False,False,5.010623129958727,3.840412758015277
41.029955,64,1689.74441,True,False,False,5.4565081849144335,4.884260459600427
39.28045,45,1690.002906,True,False,False,6.1568886958606495,4.368990398337467
47.93119,112,1692.335963,True,False,False,8.268754292714936,6.6387888866213425
39.17167,32,1692.542162,True,False,False,4.184773169718965,4.176993316687519
36.156281,29,1692.713613,True,False,False,3.585418700059495,3.6140830463124
-18.89229,16,1692.795261,False,True,False,0.8140499023579835,3.821145434363102
28.724502,52,1693.100841,True,False,False,6.508104370521895,2.5145116180485707
28.201935,23,1693.235231,True,False,False,2.704000232515408,1.9532868788457451
31.666274,30,1693.409768,True,False,False,3.2241858177903984,2.7578275151178273
43.503896,57,1693.724159,True,False,False,5.859253873096955,5.294633562062884
44.764756,149,1694.655988,True,False,False,8.483795991351895,6.461611947065471
40.210449,52,1694.944824,True,False,False,4.935969722319699,4.568197707856407
39.422825,69,1696.902571,True,False,False,5.416999472395281,4.4999011778621245
33.771298,40,1697.123151,True,False,False,2.9864350906350645,3.1976801861589648
27.645156,21,1697.233909,True,False,False,2.1236090632073967,1.8891835778676234
26.045662,24,1697.362087,True,False,False,1.5301994354789676,1.61655139461349
37.089898,83,1697.880569,True,False,False,5.060848528117885,4.325345088777349
46.658675,50,1698.216142,True,False,False,6.005901699545181,5.668911702034975
35.663067,44,1698.514418,True,False,False,4.327361165076495,3.5979850850316875
44.175241,55,1698.901324,True,False,False,6.236944807784202,5.4577740127611625
33.377629,41,1699.174967,True,False,False,4.719496132127214,3.2032974609877756
-15.281803,18,1699.296887,False,True,False,1.2676345504801845,2.9355519278956552
36.978367,60,1699.704572,True,False,False,4.651980405232374,3.9816565490781337
43.847048,47,1700.026512,True,False,False,5.025821643576124,5.075638008658159
27.920856,15,1700.132646,True,False,False,1.7973177930432698,1.8914466710515336
30.822431,51,1702.030388,True,False,False,3.6325095311794673,2.870883429204112
37.990486,30,1702.234313,True,False,False,4.07790338400106,3.9008157856355234
39.785379,52,1702.523619,True,False,False,4.406827341710653,4.408931089977861
38.273762,47,1704.256906,True,False,False,4.17751927625026,4.187150550783746
43.858707,59,1704.598648,True,False,False,5.669739739706352,5.4035567733793775
42.852054,85,1705.127856,True,False,False,7.342223522036903,5.428677207569069
37.947234,56,1705.485214,True,False,False,4.594001708256604,4.15636795401408
42.177896,58,1705.853569,True,False,False,5.739847629501834,5.005297032538479
39.381436,61,1706.278606,True,False,False,7.476006320909164,4.685463805749038
41.799113,60,1708.162861,True,False,False,6.324322767816778,4.928523227999458
44.260723,55,1708.531727,True,False,False,5.347661041519014,5.303978457162684
37.476127,36,1708.766397,True,False,False,3.73639269424054,3.8091236475919494
40.854541,49,1709.062772,True,False,False,5.022153448757581,4.801354241765098
31.551628,32,1709.280113,True,False,False,3.0729611953283236,2.7839603411980307
40.634231,51,1709.626044,True,False,False,5.713990850768987,4.673083144269862
37.655814,53,1709.957702,True,False,False,5.520479445468219,4.08020781293953
34.726065,39,1710.217932,True,False,False,4.1394106767204235,3.5150048921226853
34.516611,35,1710.456161,True,False,False,4.396169578934912,3.3242932744062887
27.62917,20,1710.591454,True,False,False,1.763707920417813,1.8556483939626185
27.795995,41,1710.863602,True,False,False,3.7077759978505167,2.1678338525033993
53.98301,69,1712.834151,True,False,False,7.581720225742635,7.395802476386693
47.324012,69,1713.293713,True,False,False,6.747696779244811,6.078722779499756
41.961993,47,1713.611299,True,False,False,5.234185739331855,4.762748445254022
39.972448,67,1714.065329,True,False,False,6.177594207343723,4.58159070847127
29.937329,40,1714.334204,True,False,False,3.359357439710759,2.3513346958915005
28.395069,40,1714.607055,True,False,False,4.078000582232842,2.318646643812397
27.579686,27,1714.789806,True,False,False,2.374710031266643,1.962821378980913
38.099355,50,1715.133624,True,False,False,3.922391813513619,4.115064832012643
27.943929,38,1715.383295,True,False,False,3.720339410685263,2.181199057644035
31.846946,30,1715.580816,True,False,False,3.660614045694173,2.7068854053972378
43.305278,70,1716.060673,True,False,False,5.852806265394284,5.546593966396489
40.861291,41,1718.208752,True,False,False,4.9944529633581425,4.568277511663803
26.236064,17,1718.338816,True,False,False,1.4283345739320708,1.5686000895045433
1.802007,37,1718.626481,False,True,False,4.736681622640779,5.664109863478272
33.853486,38,1718.929902,True,False,False,3.849639148941297,3.2109132140156986
32.37662,19,1719.073972,True,False,False,2.5973614823062734,2.7385518595984424
30.233175,30,1719.303863,True,False,False,2.488514589810606,2.49402610697911
31.338211,32,1719.524997,True,False,False,3.391355187215741,2.7478940725964605
46.419335,66,1719.977349,True,False,False,6.042919298625352,5.765016320727233
26.463146,37,1720.231647,True,False,False,1.7388777503124946,1.841281454303465
38.063298,42,1720.517619,True,False,False,4.315488491620986,3.9904591786781918
28.906965,58,1720.932631,True,False,False,4.11996620773036,2.5832037147715927
29.072533,26,1721.13082,True,False,False,2.1303554803087956,2.214663296990508
39.178435,45,1721.446308,True,False,False,4.3492281180317685,4.182106452998701
55.08771,69,1723.534939,True,False,False,7.777532699444009,7.4040667317076805
38.070128,50,1723.88341,True,False,False,4.759588679377929,4.184382096234873
33.726917,48,1724.219301,True,False,False,3.419277747663013,3.2609602321772613
40.679253,57,1724.576937,True,False,False,6.1963915028352,4.906080345137145
40.693792,51,1724.913839,True,False,False,5.554209005528007,4.600381761974489
33.9301,32,1725.140256,True,False,False,3.205584956230981,3.298587864789168
37.86809,69,1725.518634,True,False,False,4.716567240501407,4.398791418968641
33.291351,38,1725.776716,True,False,False,3.4231487371727654,3.088964971906944
27.297584,53,1726.099809,True,False,False,3.8910867096506068,2.2641859186058197
34.945027,32,1726.328887,True,False,False,3.723389678537786,3.437946162213837
26.590031,55,1726.682128,True,False,False,4.339316424662403,2.1537334846201337
44.514459,79,1728.697135,True,False,False,5.991514187543007,5.631064497100074
36.316319,60,1730.138984,True,False,False,4.787118758286607,4.07806617458554
27.234774,21,1730.271603,True,False,False,1.9515441089592656,1.8178141790455435
42.331031,57,1730.580026,True,False,False,5.611866142694282,5.074075579814931
26.755166,34,1730.770864,True,False,False,2.843712561485702,1.7827926406981502
33.458317,78,1731.315339,True,False,False,6.570135435597212,3.607825129544475
37.600565,35,1731.543191,True,False,False,3.7042062467059633,3.9164090466401
31.654674,29,1731.70355,True,False,False,2.8656197307744335,2.697628527705316
26.303721,18,1731.810155,True,False,False,1.688615484398486,1.6319474300297054
32.157814,47,1732.09899,True,False,False,4.044266428851568,2.995994850615596
40.220619,65,1733.98728,True,False,False,5.386478415855281,4.660455010207712
31.876394,31,1734.161544,True,False,False,2.9830074203707078,2.802230507681845
33.269125,29,1734.317261,True,False,False,2.9726206518692333,3.0049923313832587
34.870226,29,1734.46836,True,False,False,3.176242065575393,3.179444843124411
29.875845,23,1734.586094,True,False,False,2.3361631473741373,2.3731491844645762
32.616109,59,1734.935035,True,False,False,4.9203406458789525,3.3201080055601673
42.657013,51,1735.269416,True,False,False,4.819732614161577,4.830570059034602
40.575665,76,1735.795328,True,False,False,7.813547077304776,4.99820093710009
37.253764,65,1736.24513,True,False,False,4.260707876187263,4.082358693903184
34.326421,39,1736.512095,True,False,False,3.2156306570574507,3.229316186098728
39.684673,44,1736.792047,True,False,False,5.321334917599698,4.300260309990208
32.829059,54,1737.102417,True,False,False,4.813477018579902,3.155365358772473
36.843894,37,1738.839696,True,False,False,4.060118959246655,3.7804686754837666
28.549552,30,1739.013676,True,False,False,2.3503461014648677,2.1500684956135916
44.455398,57,1739.340591,True,False,False,6.68645800616761,5.531687320557371
35.265376,30,1739.517133,True,False,False,3.8058053820394475,3.3943889684325503
34.411317,32,1739.706831,True,False,False,3.796989093416516,3.2296624481241842
29.72444,41,1739.934286,True,False,False,3.5332113488858026,2.4625540062871254
31.276187,36,1740.148274,True,False,False,2.8515434231643058,2.7036960728768173
30.625695,49,1740.487838,True,False,False,2.8006926865005974,2.7277568500546083
28.443024,37,1740.755236,True,False,False,3.9378170024050148,2.2829142930307222
26.791578,26,1740.953312,True,False,False,2.4561203721515827,1.8606281274583156
34.27234,56,1741.321192,True,False,False,4.011898729230008,3.4932849309386995
48.970311,69,1741.718394,True,False,False,7.600420009808812,6.266805805616555
29.695085,20,1743.483613,True,False,False,2.0822058796474767,2.202948359771203
27.191289,18,1743.595443,True,False,False,1.6188677684588835,1.7670233369954251
41.885865,47,1743.897865,True,False,False,6.901705403279569,4.884844310299409
39.004882,72,1744.393986,True,False,False,6.851028295759538,4.62708833944961
37.733044,66,1744.840288,True,False,False,5.179661321036355,4.168141375761437
40.972769,94,1745.479149,True,False,False,5.439618544809543,5.081744102619148
28.706592,29,1745.678399,True,False,False,1.9990826738543348,2.1144557615295856
38.342107,52,1745.980583,True,False,False,4.415465643456897,4.281862413783213
-4.633217,50,1746.277086,False,True,False,3.958401159055532,5.760400230042945
28.742177,22,1746.406958,True,False,False,2.47253306232959,2.123919752543071
35.319893,38,1746.619413,True,False,False,3.434763341591039,3.4194924925341645
41.443363,56,1748.494735,True,False,False,6.499916300717874,4.7940435420501855
35.616852,34,1748.681843,True,False,False,4.180142728255906,3.484082190510534
32.829034,33,1748.857511,True,False,False,3.1450225730658357,2.996527349100264
-17.220146,13,1748.925094,False,True,False,0.8783915904620425,1.8169037580634988
33.101522,56,1749.30767,True,False,False,5.488798536640689,3.343260785347601
28.740225,24,1749.473577,True,False,False,2.1513240167331924,2.1493887464606156
42.007318,85,1749.985657,True,False,False,5.385320136113566,5.188598417072703
41.132941,55,1750.271979,True,False,False,5.029600170899963,4.682685753139755
53.178622,82,1750.715001,True,False,False,7.194466932322005,7.040994379401442
29.252519,25,1750.85894,True,False,False,2.0972524511717197,2.192289904085063
36.044767,50,1751.168803,True,False,False,4.415684539402416,3.8486865026164145
27.619439,22,1751.285692,True,False,False,1.9970338840063069,1.8841256049367123
33.720516,42,1753.139189,True,False,False,4.158634410678501,3.266364006826735
38.73324,50,1754.43725,True,False,False,4.628058624743638,4.309851322330404
37.706606,57,1754.757252,True,False,False,4.038905007108741,4.092386336850571
28.383793,26,1754.904419,True,False,False,1.98050390306406,2.0689166707160522
45.166597,55,1755.270734,True,False,False,5.934659915545255,5.501484077103102
26.113412,36,1755.470977,True,False,False,1.9393627653693812,1.9734869904321046
46.375568,55,1755.808143,True,False,False,5.60405512446837,5.588951155416075
49.197791,54,1756.10173,True,False,False,7.191448597368241,6.18057660838891
38.416187,78,1756.580395,True,False,False,5.415259489596272,4.347936884065101
26.132929,36,1756.774937,True,False,False,1.8119080390452302,1.7546556085125593
33.000236,32,1758.596109,True,False,False,3.5002794994905715,3.0479374679896956
43.93094,66,1759.059057,True,False,False,6.536028781275256,5.904546784491915
35.120694,30,1759.245951,True,False,False,3.3763701430938586,3.3819986075337503
40.495856,82,1759.770266,True,False,False,6.089525683421114,4.803926740444765
38.270237,44,1760.071298,True,False,False,5.132750211769195,4.13623864150899
28.193379,20,1760.205274,True,False,False,1.920256306585735,1.9477137172482466
49.694899,48,1760.493415,True,False,False,6.247989706300604,6.159712027964579
26.234716,17,1760.610811,True,False,False,1.6348503098404612,1.5986953655439446
39.99781,37,1760.81216,True,False,False,4.566990178713904,4.40579820384321
50.914149,53,1761.152107,True,False,False,7.863720412498134,6.556004058994797
34.885924,88,1761.676337,True,False,False,5.512695288161067,3.9755979507909904
46.506457,73,1763.643019,True,False,False,6.913776638553126,6.228685728591138
31.355762,29,1763.802269,True,False,False,2.7434105343530377,2.6539846321309284
44.064369,45,1764.079371,True,False,False,5.785069922891605,5.235829498641305
30.668275,61,1764.494386,True,False,False,5.81010737923374,3.073087699493057
-16.400096,39,1764.743428,False,True,False,1.8648882449048474,5.080899100185018
39.533334,47,1765.039253,True,False,False,6.777723910395055,4.4496839534155095
-18.770752,18,1765.160954,False,True,False,1.7562755782533257,2.6843355104417754
43.009111,51,1765.515139,True,False,False,6.335768060891763,5.103142183074725
31.681795,57,1765.880197,True,False,False,3.659130844294404,3.047445608471071
33.839062,41,1766.161986,True,False,False,3.2727106414796707,3.2079033471514222
29.274685,24,1766.293593,True,False,False,3.8870144807055267,2.193836869455094
37.075417,48,1768.240364,True,False,False,4.766415727735415,4.026576733296713
29.854713,23,1768.378901,True,False,False,2.371552640455484,2.3693911230828104
35.261926,52,1768.698816,True,False,False,4.16527401127235,3.4772993588158956
34.761811,40,1768.939544,True,False,False,3.720622583890495,3.3913973484748965
37.90412,29,1769.129672,True,False,False,4.040524426176842,3.8777741717526655
42.198293,72,1769.528774,True,False,False,7.833890198983263,5.038157278314413
27.871521,27,1769.71325,True,False,False,2.0281456712779304,1.9954674301865676
24.024877,41,1769.993364,True,False,False,2.5216004544376758,1.5507588338336764
40.474626,52,1770.334598,True,False,False,5.2399576010975775,4.615658094344831
-15.427991,10,1770.405972,False,True,False,1.0545435619503043,4.0003473495135955
29.073674,33,1770.591663,True,False,False,2.4340013833358887,2.2351497697587894
38.878388,75,1771.025199,True,False,False,5.308607653418352,4.520983276950473
29.981838,55,1771.396126,True,False,False,4.288968557790846,2.6632032847202223
31.636625,37,1773.178145,True,False,False,4.61636343081423,2.8939316340996655
35.913611,51,1773.471969,True,False,False,3.633405079010261,3.6649834842943054
32.456624,44,1773.755955,True,False,False,3.7320107610321833,2.980537424653555
36.652983,22,1773.895621,True,False,False,3.4903525964656317,3.5933032473052005
29.085799,16,1774.001036,True,False,False,2.0296070558235746,2.085141055960621
37.547891,41,1774.261699,True,False,False,4.19816930534948,4.085036174694592
45.334797,33,1774.456818,True,False,False,5.374640110992939,5.288668427448942
33.139584,39,1774.728657,True,False,False,3.1421280837975125,3.077883851776712
26.685098,28,1774.904856,True,False,False,2.1031152507828312,1.7449476587514101
-14.709627,10,1774.964718,False,True,False,1.2204382326884204,3.7493293892947124
26.391295,18,1775.069401,True,False,False,1.3888869649062603,1.58849710453238
30.027404,37,1775.28401,True,False,False,3.3238350437244497,2.660539812171166
27.112898,13,1775.362979,True,False,False,1.6156598899717511,1.6634072391621113
32.372295,31,1775.574695,True,False,False,2.7617457086726334,2.8431286546319763
30.594956,62,1775.949703,True,False,False,5.251261937467375,2.806543167351639
41.868725,57,1778.968991,True,False,False,5.932067103549725,4.881674846667674
39.039821,35,1779.158342,True,False,False,4.245787279891423,4.06508721057957
27.402236,39,1779.39441,True,False,False,4.461209182658366,2.0618286497763134
31.578562,47,1779.701258,True,False,False,4.388904493406,2.9232108609954226
26.119349,18,1779.808436,True,False,False,1.4129103021971319,1.5693213160624155
28.704776,32,1779.996611,True,False,False,2.2817842481389428,2.250642989148486
45.928759,98,1780.630395,True,False,False,6.91737710293735,5.991444772221123
50.108332,86,1781.215197,True,False,False,7.562770870210385,6.61194015129382
44.395146,105,1781.804343,True,False,False,6.3557354392762,5.71928954144409
41.284082,82,1783.766653,True,False,False,5.595337585978743,5.026150594005883
34.919711,35,1783.981866,True,False,False,3.430608728303438,3.4104469131241326
25.71387,51,1784.296578,True,False,False,4.018591081632615,1.8434838167224792
39.091257,68,1784.714139,True,False,False,5.393083240800979,4.799182824579572
46.058057,42,1785.007229,True,False,False,6.072464059893154,5.480562805877394
33.893108,25,1785.174263,True,False,False,3.5042764009349594,3.1419351093477936
26.61095,17,1785.284976,True,False,False,1.5863070972766717,1.6563536949397575
27.861369,26,1785.467111,True,False,False,1.9626401839009675,1.9585656761643868
36.462795,47,1785.79542,True,False,False,4.595918145271837,3.9014246329597104
30.994671,25,1785.960458,True,False,False,2.4115931512122297,2.511223808790886
1.24424,58,1786.331884,False,True,False,5.719217392408078,6.292856341777783
31.459985,28,1786.49489,True,False,False,3.0209853965880624,2.727276726146327
29.485117,42,1788.29923,True,False,False,4.578378634626251,2.389865886772705
30.166076,22,1788.450448,True,False,False,2.265800151361823,2.3590182150271084
27.537851,24,1788.624652,True,False,False,1.7294991366991126,1.9491928203687319
27.47788,21,1788.781321,True,False,False,2.9453267067520317,1.864569385130039
33.630536,31,1788.997616,True,False,False,3.63739051467869,3.119739552215209
31.37699,50,1789.333141,True,False,False,5.6009955756541085,2.866853642440339
28.380714,25,1789.505248,True,False,False,2.272524778605637,2.207122808493319
46.004408,48,1789.782835,True,False,False,5.866476912036373,5.523455420979727
35.575569,43,1790.030408,True,False,False,3.647727642355744,3.5840794680828414
42.655015,71,1790.432313,True,False,False,6.366267092541546,5.332244983836125
32.274686,26,1790.569362,True,False,False,2.7651858546248946,2.892221149694117
42.000793,90,1791.176263,True,False,False,5.872322868547401,5.230643859256121
44.691173,65,1793.085375,True,False,False,6.43239117515062,5.640822304519996
31.369648,39,1793.346791,True,False,False,3.417685271157465,2.8842552968890343
-12.466599,11,1793.406246,False,True,False,1.6023565706556724,3.9037598282725265
30.477361,26,1793.574407,True,False,False,2.41968281949329,2.385106369845412
-13.907917,26,1793.746519,False,True,False,1.7888496604939494,4.270163543597039
46.591332,57,1794.054402,True,False,False,6.825310475725242,5.808730882368305
38.262202,49,1794.309725,True,False,False,4.433164112277946,4.030755085218634
41.686265,56,1794.625108,True,False,False,5.887278082671858,5.165944888775106
45.317331,52,1794.935009,True,False,False,6.4537084445692425,5.40779726127894
30.293696,22,1795.079401,True,False,False,2.2472217417735316,2.3426048925229352
44.41218,50,1795.40823,True,False,False,5.877501109267106,5.334575911095827
38.573814,69,1795.801189,True,False,False,5.184536131581462,4.5284194479616
1.554427,52,1797.607172,False,True,False,5.3384152622906065,6.832321861570552
39.249622,49,1797.877775,True,False,False,4.662970405684034,4.291756877963633
-17.936467,7,1797.925262,False,True,False,0.5142723721297788,1.8955885233238507
28.491192,20,1798.063127,True,False,False,2.018569714609645,2.0589719827738002
36.097381,42,1798.330704,True,False,False,3.5768944774253124,3.58360384128946
42.908188,46,1798.653092,True,False,False,5.02669723108758,4.982413494134944
39.830993,42,1798.964687,True,False,False,4.70599679669608,4.358403061039172
52.268328,71,1799.391614,True,False,False,8.02384099771415,6.957124078751638
0.434965,42,1799.616314,False,True,False,5.161935074264468,5.626468260802146
39.197475,42,1799.853835,True,False,False,4.517423317236842,4.354020929732074
48.373459,95,1801.524733,True,False,False,6.821367006271689,6.407381965219202
41.624753,66,1803.47207,True,False,False,4.942012774286273,4.864047942646495
42.745005,68,1803.895133,True,False,False,5.902914469716679,5.264842870486682
39.637543,38,1804.123731,True,False,False,4.418281929878056,4.2711579034086995
45.946893,86,1804.622581,True,False,False,8.286973682056905,5.93029651442624
40.103295,43,1804.886122,True,False,False,4.747470983862322,4.450110521833814
25.964706,17,1804.986044,True,False,False,1.3713251067481378,1.5189301627081833
36.685995,37,1805.195445,True,False,False,4.138313616238178,3.683688838396229
25.99139,61,1805.617657,True,False,False,4.624401735903483,2.0545115659308006
-4.00597,42,1805.907708,False,True,False,4.169280028238836,5.108561121934129
33.371734,29,1806.107581,True,False,False,2.7486215667104723,2.933165968375073
42.627468,51,1806.458372,True,False,False,5.291198159917453,5.061234677022207
45.451412,56,1808.293147,True,False,False,5.757590089256167,5.502006408096787
38.14702,56,1808.665335,True,False,False,5.150458426568254,4.112147388205626
37.374553,48,1809.013196,True,False,False,4.297065558525446,3.827117063154348
34.107364,42,1809.284786,True,False,False,3.491747929681993,3.3461814978224345
30.960995,40,1809.521289,True,False,False,3.685016241757416,2.7381306301701893
36.226079,70,1809.984483,True,False,False,5.637895499046716,4.053470447656695
35.305142,70,1810.37772,True,False,False,6.0021092502946765,3.9130876171234035
33.29829,25,1810.513841,True,False,False,3.030767946141354,2.9859321846801845
28.462268,60,1810.863839,True,False,False,4.760141600270387,2.6890417620400133
40.70589,88,1812.861938,True,False,False,7.891043891097113,5.060561889921132
41.578058,61,1813.211629,True,False,False,6.687076179340821,4.847705363859862
38.852908,90,1813.720991,True,False,False,7.8362465053025545,4.807598742770269
44.776277,70,1814.20425,True,False,False,6.775811708147637,5.383262676222
31.178373,26,1814.390087,True,False,False,2.556616047015754,2.56058017783521
-3.681564,34,1814.625514,False,True,False,4.312736843723285,5.520978894469758
-12.248992,49,1814.939953,False,True,False,2.686791996971706,4.291275195474538
34.622915,62,1815.32614,True,False,False,4.622900716634775,3.7384438585557325
41.015685,66,1815.757291,True,False,False,6.705461638468844,4.816490974385991
44.332798,61,1817.82271,True,False,False,6.679644433523026,5.633038704698452
31.699179,44,1818.069206,True,False,False,2.929834443705765,2.8003023095360926
35.323079,53,1818.377986,True,False,False,4.513549333582652,3.6912393248993296
36.108939,44,1818.638715,True,False,False,3.6787865341160195,3.70757348464838
42.743701,42,1818.896939,True,False,False,5.552484312156069,4.962651318732481
46.206458,52,1819.193896,True,False,False,5.816365381594625,5.6479799483204385
35.397824,48,1819.456707,True,False,False,5.541158652290009,3.629821206609448
47.668797,99,1820.05139,True,False,False,6.964733069595286,6.374606608055673
45.9617,68,1820.447162,True,False,False,6.128156744739196,5.626837277442225
33.962051,62,1822.365784,True,False,False,4.6911875537705185,3.5522019527937205
41.541258,33,1822.565166,True,False,False,4.506528277959415,4.580784486582075
44.387214,64,1822.926304,True,False,False,5.866243131844068,5.469009032920572
29.584715,23,1823.051693,True,False,False,2.288165178402312,2.3062072547568
40.93397,68,1823.454114,True,False,False,5.35520986818188,4.818324726969753
35.557,43,1823.715121,True,False,False,3.583409251436549,3.5584837965067746
45.208499,41,1823.987221,True,False,False,5.669003940505035,5.242285972343489
31.84045,44,1824.299107,True,False,False,3.5530394891288384,2.937350327090901
44.941908,48,1825.720667,True,False,False,6.868107806902052,5.445411221127533
37.069274,40,1825.963302,True,False,False,5.008537602614643,3.8352705877291564
42.715988,106,1828.14646,True,False,False,6.387127609705026,5.480108036809459
36.157285,34,1828.331026,True,False,False,3.7517623106661024,3.6636617234596107
34.635881,32,1828.505648,True,False,False,4.560807072895164,3.3012844359210796
41.672523,57,1828.856189,True,False,False,5.428123349279,4.786192443231343
26.62462,15,1828.945257,True,False,False,1.5236340938085882,1.585162672247959
36.467006,75,1829.378006,True,False,False,5.309951605348304,4.09741596713111
42.435558,38,1829.625881,True,False,False,5.104738516730087,4.889712192336595
28.093439,49,1829.95711,True,False,False,2.391595268964796,2.287951517629148
35.546635,48,1830.245789,True,False,False,5.304721858663677,3.780975113190171
36.124579,48,1830.537122,True,False,False,5.473705259539311,3.695250709605051
36.302667,31,1830.751161,True,False,False,4.155024418941276,3.6465027969550774
30.029765,28,1830.935226,True,False,False,2.4860296209986688,2.4743258416204856
29.967911,26,1831.109969,True,False,False,2.5237949577859755,2.3640590164759727
37.611082,38,1832.967023,True,False,False,4.246286056644072,3.871332187038372
42.602548,48,1833.274273,True,False,False,7.125570061689817,4.984278722852652
36.617391,42,1833.561896,True,False,False,3.813860630304663,3.8159830988305825
36.75467,29,1833.740046,True,False,False,3.4432417041178423,3.5243319294696525
29.119721,15,1833.846384,True,False,False,1.9127137902251736,2.0536250653590202
37.784555,38,1834.061456,True,False,False,4.028998239376142,3.995886105125997
30.306429,25,1834.199704,True,False,False,2.7735385317388586,2.4481807071655375
30.613772,46,1834.523229,True,False,False,2.73144094216136,2.7089088350421235
44.383414,75,1835.029128,True,False,False,5.73592082978049,5.67681887975101
49.664407,63,1835.421307,True,False,False,7.768300696520411,6.433255576835883
28.177613,25,1835.611546,True,False,False,1.9629245762628407,2.0473386826229194
27.837635,29,1835.830894,True,False,False,2.3403605396200393,2.078114445840906
45.343664,89,1838.557191,True,False,False,6.196983841816866,5.776907174447306
34.331326,40,1838.880184,True,False,False,3.8337359175498156,3.3509375464425624
-4.562235,49,1839.246779,False,True,False,5.774228426867193,5.238230379054616
-8.604579,28,1839.436378,False,True,False,3.266826309723556,4.184207980454885
31.247901,28,1839.606389,True,False,False,2.858479196325437,2.580612828390732
42.688362,69,1840.087744,True,False,False,5.62636347372015,5.222581047904993
34.91417,50,1840.451214,True,False,False,5.424702828462721,3.5674066987199575
36.836882,47,1840.80298,True,False,False,3.7740925939981573,3.7666130702191225
32.57744,39,1841.112567,True,False,False,3.8531901090239637,2.940575212679757
37.304035,46,1841.466033,True,False,False,4.0795858594110035,3.8800380058776622
35.366468,57,1841.906069,True,False,False,5.993920010395494,3.953402129285145
30.305367,27,1843.976562,True,False,False,2.4288244234230327,2.484396372738931
-16.12372,12,1844.067379,False,True,False,1.0905056456027031,2.7821863596861895
46.49016,57,1844.492354,True,False,False,6.692200632258861,5.772855247279545
40.803664,31,1844.726936,True,False,False,4.367462227415064,4.390940162561511
33.082659,52,1845.107177,True,False,False,5.071653880882354,3.27918310339712
46.29547,80,1845.656767,True,False,False,7.101701830844698,5.955901157354119
27.700317,17,1845.772574,True,False,False,1.8611782742857372,1.9067145073008842
30.081249,25,1845.947181,True,False,False,2.7134338450857065,2.4511925447989524
-19.108724,7,1845.995736,False,True,False,0.7730839432740716,4.486166430530585
37.164853,60,1846.372563,True,False,False,4.7586017847231465,3.9901792716536897
34.751063,54,1846.692666,True,False,False,3.690249252627655,3.4843655422642184
33.977066,47,1847.012729,True,False,False,3.7904171553404944,3.2882449536931473
31.239048,28,1847.214752,True,False,False,2.687066974518786,2.6259623440899245
40.066874,48,1849.061239,True,False,False,4.986926687272304,4.602546645993722
46.354133,77,1849.477059,True,False,False,6.5399243324122125,5.7364499038709775
45.27335,77,1849.884158,True,False,False,7.666437219648293,5.831434078094364
-13.876455,20,1849.991788,False,True,False,1.7273118854392404,5.223693130181503
35.315554,63,1850.365558,True,False,False,5.333119933290132,4.03334427254346
34.694197,53,1850.731358,True,False,False,5.768291356538733,3.706734244483462
35.492735,67,1852.266147,True,False,False,5.361747112624284,3.957171215318069
33.989154,27,1852.414857,True,False,False,2.9875200904010715,3.1098214525980805
39.766994,53,1852.725241,True,False,False,4.999613836982001,4.487410849616198
46.755301,64,1854.601403,True,False,False,5.874180570915457,5.743576325479405
30.020559,25,1854.751275,True,False,False,2.4044439501467787,2.3792685735112102
31.608914,41,1855.02727,True,False,False,3.25081004088963,2.783552174089752
39.701491,61,1855.418721,True,False,False,4.5379136656600485,4.5400664506551065
38.482474,41,1855.679089,True,False,False,4.609669290352501,4.148508778430936
42.37207,44,1855.972285,True,False,False,5.530251572589012,4.889113108574024
47.713442,61,1856.335258,True,False,False,7.151435978749695,5.903002170782085
35.580808,30,1856.532577,True,False,False,3.5678643839423856,3.4947364385611452
-17.196529,10,1856.601424,False,True,False,0.9209337675202036,4.7233205430656
37.185761,81,1857.156293,True,False,False,5.092549647268805,4.73078569275812
41.227896,104,1857.87228,True,False,False,8.560508980277964,5.253614605943974
36.448127,40,1859.677686,True,False,False,3.573600634347441,3.6476728032732755
41.591759,49,1859.960373,True,False,False,5.25899910152101,4.663846038071799
43.316281,66,1860.341183,True,False,False,6.586396770075093,5.345739732884526
31.63248,22,1860.468698,True,False,False,2.476925675503465,2.694980253792684
32.109644,35,1860.66692,True,False,False,3.4616171519280967,3.0109956856083837
40.077533,68,1861.076235,True,False,False,5.017633318780069,4.698666257685902
45.338956,93,1861.650879,True,False,False,8.045640525598563,5.876509633186136
38.315774,39,1861.848715,True,False,False,4.575833835151309,4.103329332735732
36.088642,59,1862.208753,True,False,False,5.371288665914344,3.8780760324605743
32.291831,36,1862.457999,True,False,False,3.3828124525168928,2.9997666804240217
32.612323,36,1864.252103,True,False,False,3.3480772968323227,3.0207132848861358
41.026586,63,1864.685491,True,False,False,5.174913692756814,4.89747247311213
31.4048,28,1864.875793,True,False,False,2.487402376819871,2.6428958608299022
33.079988,37,1865.124176,True,False,False,4.050845316758252,3.1307247448957956
41.105815,68,1865.587149,True,False,False,5.037211911254974,4.849993473523429
24.860115,35,1865.82743,True,False,False,2.8711416168623813,1.5413767335139452
36.00505,44,1866.112297,True,False,False,4.307318666015981,3.817720498452662
-15.599322,14,1866.211392,False,True,False,1.2493919642239157,6.512215944772037
41.782556,106,1866.855305,True,False,False,5.447570284585199,5.3794087766623635
40.074841,56,1867.22874,True,False,False,5.232041070330835,4.6103940254394375
42.112202,45,1869.250721,True,False,False,5.130109788936798,4.8580093462482665
39.672897,53,1869.617272,True,False,False,5.157726852609553,4.505312042783239
26.91792,27,1869.804352,True,False,False,1.7589581583212217,1.8033979919058938
36.180133,38,1870.034026,True,False,False,3.676565150926383,3.527644313771694
38.594199,79,1870.563051,True,False,False,6.446090881583593,4.67232943090759
47.056951,95,1871.217742,True,False,False,6.947555383075864,6.179802697232371
41.721137,51,1871.564054,True,False,False,4.588504110681623,4.68081055452369
29.118037,23,1871.729442,True,False,False,2.508647990151648,2.245660662512106
47.352186,62,1872.147931,True,False,False,6.509596567814982,5.976716183159649
47.927652,78,1874.821307,True,False,False,7.303910763315998,6.14471673274361
42.141386,51,1875.206526,True,False,False,5.542670402885027,4.766357458375956
46.500377,59,1875.605819,True,False,False,7.233549938167838,5.752047711871082
30.638401,29,1875.770689,True,False,False,2.6676147508617065,2.4914012705286894
38.888194,59,1876.090645,True,False,False,7.567292719511874,4.3871465345697755
48.369441,88,1877.866983,True,False,False,7.152022316177089,6.319168806915125
32.492916,47,1878.129766,True,False,False,5.97593376018584,3.129710090688577
40.508117,109,1878.886904,True,False,False,7.0727152059584055,5.568943702554557
34.78675,43,1879.15147,True,False,False,3.9314570663665562,3.4947122786066678
36.726035,43,1880.934661,True,False,False,3.7208531542711785,3.6149696466196066
47.132964,65,1881.313357,True,False,False,6.213443137484459,6.009740846107148
44.894608,56,1881.646592,True,False,False,5.958212165865853,5.408419799691551
27.564429,27,1881.813374,True,False,False,1.8996619773600325,1.9466808378316456
45.088961,82,1882.381671,True,False,False,6.0381866133041315,5.80277639460849
36.797179,67,1882.800373,True,False,False,5.866455953449942,4.435763404038323
34.126118,31,1882.984424,True,False,False,3.240500355409989,3.286573887955999
33.400979,45,1883.246625,True,False,False,3.2853777986901505,3.276018666171692
51.464389,77,1883.706089,True,False,False,6.721173563710508,6.640449877944382
37.517899,42,1885.512369,True,False,False,4.249383423512016,3.99697813425004
45.638377,64,1885.908599,True,False,False,5.661940528516947,5.515488352005593
37.729285,83,1886.358047,True,False,False,4.92684901788025,4.405512610856911
45.858405,63,1886.722294,True,False,False,5.75970360447914,5.550759015859333
-12.499334,15,1886.811204,False,True,False,1.6290937883775394,3.564626539561825
41.848077,34,1887.00638,True,False,False,4.660277706726618,4.6867428011331524
41.359157,64,1887.380206,True,False,False,5.2048735584899415,5.018549597242626
40.681443,44,1887.639422,True,False,False,5.926212292191331,4.5147537494290555
27.259859,22,1887.768003,True,False,False,1.7826129305225002,1.8710747724575534
35.782429,70,1888.220258,True,False,False,5.467719728209811,3.866582735570007
33.220641,65,1890.269666,True,False,False,4.056844621410735,3.3082554236032045
43.433751,62,1890.716219,True,False,False,7.357650950765626,5.291827087319188
47.120903,59,1891.119396,True,False,False,6.885609641495558,5.991954791159148
39.20385,47,1891.377618,True,False,False,4.6395370152425865,4.2718736454195145
34.827053,37,1891.587902,True,False,False,3.6389405260781147,3.377932677783392
31.80823,31,1891.7628,True,False,False,3.0058633568599893,2.6738999043896627
-11.42319,44,1892.068159,False,True,False,3.901317074502404,4.72777264705977
26.078846,18,1892.199023,True,False,False,1.7520713525014546,1.5844455062446197
28.256614,15,1892.308037,True,False,False,2.2096814535398086,1.8751237069183586
31.96462,22,1892.473083,True,False,False,2.531169995541484,2.7219610563693877
26.288983,25,1892.65607,True,False,False,1.7157249333979991,1.71631952362676
33.331198,34,1892.889917,True,False,False,2.8854696407334743,3.0149808767149513
32.1047,28,1893.086259,True,False,False,2.959159090648391,2.8333437027682953
30.798696,28,1893.28434,True,False,False,3.0285936262759576,2.568064711798246
36.952615,49,1893.630929,True,False,False,5.421424716413607,4.047859362273811
47.367091,39,1895.310643,True,False,False,5.869794322874534,5.679638959935135
25.133812,28,1895.473795,True,False,False,1.4369399842572146,1.506994896158043
32.620941,32,1895.658083,True,False,False,2.663815958935908,2.8242703063038452
40.03835,55,1895.996249,True,False,False,4.616342187576643,4.470979398536047
30.92558,26,1896.134207,True,False,False,2.342353948081261,2.4553067120343157
41.387034,55,1896.426706,True,False,False,5.115276036741964,4.701002621778433
38.65186,68,1896.813961,True,False,False,7.306672515727351,4.483284840501006
49.877383,60,1897.229033,True,False,False,6.953740385222566,6.6617555414024565
42.935842,49,1897.617303,True,False,False,5.346487388977101,5.129874690405891
28.884837,33,1897.873507,True,False,False,2.135785803360562,2.245398808735564
29.006193,28,1898.088334,True,False,False,2.082030994256751,2.2436028482740404
39.379277,31,1898.331038,True,False,False,4.1876364141406475,4.1815694372319125
35.9982,67,1900.78016,True,False,False,6.110930306110106,3.9013939624889993
53.852515,70,1901.196427,True,False,False,7.676772485977102,7.22277512934285
25.915834,27,1901.34997,True,False,False,1.9888946822785325,1.6569714314298603
-17.451771,11,1901.413797,False,True,False,0.8253650235421227,2.9967217243925894
50.340234,82,1903.038448,True,False,False,7.695657135152435,6.770428448415742
31.414332,59,1903.397846,True,False,False,3.412712524009711,2.9966362598194975
33.518727,59,1903.726718,True,False,False,4.252368947752666,3.457296920459304
25.530528,22,1903.845004,True,False,False,1.6433031406514844,1.5305152989569122
31.649581,40,1904.074256,True,False,False,3.659140093806638,2.877972959487558
34.589843,43,1904.331683,True,False,False,4.73570308291477,3.3826603663574955
48.748347,48,1906.081808,True,False,False,6.471949434528388,6.1876944861782475
40.575004,37,1906.314214,True,False,False,4.634541789947695,4.4269503054925865
29.05175,31,1906.516929,True,False,False,2.133063557407153,2.2434105658730843
38.461939,47,1906.779791,True,False,False,4.219879845778164,4.1910583206054355
46.796292,55,1907.138072,True,False,False,6.810178094500469,5.749686633013991
29.352059,22,1907.273989,True,False,False,2.003409351273063,2.1598330347258847
39.653965,47,1907.564112,True,False,False,5.987448379677792,4.587560270198059
36.99331,38,1907.811113,True,False,False,3.527568344529311,3.6544500475667028
34.399903,42,1908.077849,True,False,False,5.417959848652172,3.6047252361583557
36.470912,37,1908.287864,True,False,False,3.747357912369687,3.7334763721945836
38.78278,63,1908.656056,True,False,False,5.137689355536249,4.2904625616346825
31.581969,31,1908.876408,True,False,False,3.4591990087323743,2.7771042638677104
44.244228,58,1910.923013,True,False,False,5.815733855959031,5.215027160594341
43.446193,60,1911.27461,True,False,False,6.498130268034388,5.118929191336639
31.511237,36,1911.510543,True,False,False,3.0489071718639433,2.700230939104781
35.498058,54,1911.866346,True,False,False,3.9220257153559563,3.622131255150244
48.910483,41,1912.15725,True,False,False,6.562445301996263,6.029929920946349
47.482965,86,1912.747506,True,False,False,8.353853274258338,6.375096921684138
43.317857,85,1913.282252,True,False,False,7.498690017652467,5.455066613758383
26.467728,36,1913.525607,True,False,False,2.21384948429797,1.8564094971268816
43.083773,62,1913.871559,True,False,False,5.818571701991541,4.9771870779083525
27.705504,42,1914.149128,True,False,False,3.497457147315001,2.213872731389664
32.261767,28,1916.027431,True,False,False,2.9079297716931953,2.7208491609979086
-8.081761,39,1916.276872,False,True,False,3.7600140960579465,3.771879645203976
42.126081,41,1916.558228,True,False,False,5.401635813954201,4.823012002202891
37.447588,44,1916.842312,True,False,False,4.260539486240318,3.9186142561855193
42.691281,46,1917.160429,True,False,False,5.423517989903381,4.913705399069913
41.282715,93,1917.671725,True,False,False,7.004076948985309,5.0560727154854215
36.622074,26,1917.836818,True,False,False,3.642194646139694,3.593792623743223
30.829203,37,1918.039655,True,False,False,5.223670519755542,2.654524146991138
50.715616,86,1918.531774,True,False,False,7.02963015272616,6.749663135159026
47.362328,67,1918.915003,True,False,False,6.668909600796625,6.061900048010277
43.869288,50,1920.661429,True,False,False,5.4281942971624,5.140673620611335
38.121217,54,1921.029352,True,False,False,4.8051000407962485,4.282149742143171
-14.678029,26,1921.19961,False,True,False,1.412476002822527,3.9882216552046805
28.399014,27,1921.375793,True,False,False,2.5347373260795356,2.11180092176505
35.399417,41,1921.665742,True,False,False,4.285076644987204,3.565831818548359
37.401064,37,1921.929899,True,False,False,3.832985660807877,3.823721103894003
56.159282,63,1922.329629,True,False,False,7.7319542417645994,7.510291722374139
33.133154,26,1922.477979,True,False,False,3.1893760996991616,3.0124756607660776
27.392323,39,1922.743308,True,False,False,2.8566637025414017,2.0347899099851894
40.828892,72,1923.159348,True,False,False,5.588551493317663,4.857787854277119
27.418824,25,1923.319696,True,False,False,1.7825927032954445,1.8751493137194903
31.879257,49,1923.584537,True,False,False,4.402728550327877,3.019819922318035
34.487274,38,1925.526507,True,False,False,3.390097686937546,3.319967062339768
44.612752,70,1925.920511,True,False,False,5.5095844239867615,5.419359592602459
33.816566,56,1927.549946,True,False,False,4.664219611968412,3.38164329729937
37.486986,90,1928.154034,True,False,False,4.909011583312001,4.3479175058408845
28.201234,14,1928.25205,True,False,False,1.8017869512929046,1.8957337438837782
28.770114,20,1928.39375,True,False,False,2.0034826178310468,2.0542711171943617
39.751339,81,1928.951036,True,False,False,6.995633640731718,4.947284422308022
36.232986,49,1929.226566,True,False,False,4.41645106762684,3.756295386669686
30.122295,26,1929.372348,True,False,False,2.8774522215250395,2.420330653114627
27.151389,33,1929.56402,True,False,False,3.2813589410244566,1.9791977454133014
36.043381,63,1931.571635,True,False,False,4.311104023057981,3.9168579411669766
39.070559,40,1931.809543,True,False,False,4.228401401541556,4.163777030120679
46.199043,53,1932.097284,True,False,False,7.1633030920265846,5.674670855934274
34.972831,69,1932.488915,True,False,False,4.730309318317414,4.005337155833814
38.832928,47,1932.731713,True,False,False,5.555022649019348,4.331305408597054
53.445542,132,1933.497058,True,False,False,8.01739172127378,7.805541598266226
36.38698,32,1933.679002,True,False,False,3.650819964808175,3.6186827177254663
30.930876,29,1933.840539,True,False,False,2.5737728821378587,2.5448098335505667
40.48488,64,1934.19254,True,False,False,4.81163152853794,4.56953212234392
27.51083,25,1934.331094,True,False,False,3.1485713863907376,1.9196645780003267
32.793825,45,1936.120987,True,False,False,4.207246638306198,3.1458699309637628
39.632521,49,1936.404901,True,False,False,4.372015232975346,4.4898051551308376
41.779814,90,1936.934121,True,False,False,6.944078639671155,5.516850237612298
41.78419,65,1937.284752,True,False,False,8.336481166326449,5.067780358633949
35.039425,87,1937.846873,True,False,False,4.681737273531305,3.9348446459381305
30.311164,33,1938.073429,True,False,False,2.7270025842581425,2.543857550077909
31.66773,34,1938.302813,True,False,False,4.127087570562376,2.743549081946994
44.437322,64,1938.746993,True,False,False,5.972646010216887,5.442514461860661
30.440588,37,1939.008452,True,False,False,3.3406698607414587,2.622345993306843
33.736211,25,1940.78928,True,False,False,3.322062990554695,3.0902961303926295
42.280911,80,1941.292416,True,False,False,6.978790877684655,5.288429397952014
39.018845,45,1941.543684,True,False,False,4.469170066342118,4.214486234104562
30.564791,32,1941.742921,True,False,False,3.0652360976158373,2.5424621190283907
27.550285,28,1941.938547,True,False,False,2.070628937876887,1.9482323111427884
49.061478,46,1942.251077,True,False,False,6.572583210828016,6.272912558561948
41.871127,57,1942.636903,True,False,False,4.8331315733264795,4.803559009749275
37.677911,58,1942.956915,True,False,False,6.177906794613736,4.102602892853875
31.800275,21,1943.076438,True,False,False,2.4978659835301307,2.657277921127133
34.023715,36,1943.29525,True,False,False,3.6389572112789916,3.1457268982645665
28.419758,26,1943.45298,True,False,False,2.3335072774678114,2.0871482485659434
39.17027,71,1943.901872,True,False,False,4.46445673199048,4.486786277420085
46.329548,70,1946.077364,True,False,False,6.248346097836328,5.725225440687419
31.186873,76,1946.527108,True,False,False,5.107751906359266,3.3852527204158025
32.32165,31,1946.713726,True,False,False,3.249079810333976,2.820910438761407
35.762683,39,1946.988561,True,False,False,3.6087321062016575,3.516321933682417
36.631707,64,1947.389121,True,False,False,4.217457379058454,4.003117584785659
38.821442,43,1947.677849,True,False,False,4.162633729606766,4.151835294352461
30.021262,20,1947.810891,True,False,False,2.15969892509505,2.3525522460739574
32.428503,54,1948.173745,True,False,False,3.3054554786128687,3.1110896550171363
35.202177,36,1948.38352,True,False,False,3.400238516038264,3.4487659139214246
30.623616,22,1948.536005,True,False,False,3.2703992350963214,2.4112170716378376
42.737543,104,1950.831504,True,False,False,7.006045759386651,5.713308582894032
-9.004171,18,1950.954405,False,True,False,2.308229003869056,4.011956451570761
39.256213,53,1952.491362,True,False,False,4.689656197946058,4.409743996167564
48.934851,75,1952.93559,True,False,False,7.490669101077762,6.19539293386226
48.888068,66,1953.377529,True,False,False,6.545836788938306,6.1733530939854075
38.349594,70,1953.864359,True,False,False,7.643974138962177,4.880244762946786
42.593341,87,1954.436816,True,False,False,6.48871351597126,5.6449768067769375
35.525807,52,1954.786205,True,False,False,3.9331818336578226,3.8406754407474994
40.724151,57,1956.70249,True,False,False,5.150237085768308,4.867494042788051
30.294098,39,1956.942547,True,False,False,3.094105695905236,2.529550943943091
27.794742,25,1957.069439,True,False,False,1.9630418408649613,1.9200692468810645
30.546139,33,1957.253258,True,False,False,2.5588070196993993,2.493760783804018
35.302918,44,1957.505914,True,False,False,4.944221513002564,3.580123631776293
40.099745,43,1957.783119,True,False,False,4.817673180504279,4.399930858415548
31.053507,18,1957.899907,True,False,False,2.3220294972428284,2.482986205069691
47.141256,68,1958.363284,True,False,False,6.260132435884139,5.821226344961646
42.529283,66,1958.828661,True,False,False,6.194795029556205,5.111867193730258
26.347582,20,1958.95869,True,False,False,1.5317440538220959,1.6771635818395785
-19.065223,5,1958.988095,False,True,False,0.35244724033717373,2.732181618379666
32.919884,62,1959.362884,True,False,False,3.897813051126475,3.3323418768586017
36.631466,47,1959.70922,True,False,False,3.7785324458212544,3.7349215789577497
44.959452,52,1961.389314,True,False,False,6.219654868407324,5.490881905306823
37.993043,49,1961.647621,True,False,False,4.63220728681838,4.220624381863421
36.282831,36,1961.845129,True,False,False,3.594172607931038,3.656500297996324
44.197168,60,1962.162575,True,False,False,6.075789712331789,5.211322855568912
38.614809,41,1962.383008,True,False,False,5.154464223715099,4.059669405758144
-5.946763,62,1962.79177,False,True,False,4.264130931190381,5.303577686712221
28.132727,17,1962.912317,True,False,False,1.6465896770781794,1.9017882714286847
30.488155,35,1963.152382,True,False,False,2.9248206682541817,2.569565606728908
39.031894,43,1963.415987,True,False,False,4.634191754490409,4.326796737549271
41.262495,42,1963.639505,True,False,False,4.309006603290503,4.503782867062708
37.217003,41,1963.84782,True,False,False,4.519468182554946,3.9488924083568855
36.136985,33,1964.018534,True,False,False,3.633307948555201,3.5307225058824483
39.725043,50,1965.602777,True,False,False,5.803324574383577,4.499305910570274
31.931598,30,1965.757863,True,False,False,2.9391668562085282,2.789396784464631
31.490525,30,1965.91507,True,False,False,3.090021501714335,2.5940003344015037
47.542738,71,1966.329831,True,False,False,6.897412781033072,6.004977010466093
33.12087,35,1966.575205,True,False,False,3.8234079377562415,3.1246356617243696
27.004127,18,1966.703033,True,False,False,1.995475261922557,1.752383849190354
4.883261,73,1967.248007,False,True,False,6.036944479831946,7.183766107301604
33.628734,49,1967.61886,True,False,False,4.267122225068378,3.2329646056889803
33.273757,30,1967.845737,True,False,False,3.2100528964889934,2.993708947163921
34.10428,50,1968.226753,True,False,False,4.345990204449348,3.323612246345451
40.351358,35,1968.491424,True,False,False,5.2330140650126,4.367854612290986
31.033018,21,1968.66296,True,False,False,2.3342014910801216,2.431913528638152
34.128963,52,1969.066308,True,False,False,4.727633988168735,3.426062510226113
31.758694,57,1971.027188,True,False,False,5.6753017331486255,3.196738076566061
31.791942,43,1971.301614,True,False,False,3.262374385435405,3.1146816166281632
33.623622,37,1971.537918,True,False,False,3.475526486987097,3.2262749767162973
35.662504,40,1971.771394,True,False,False,3.6328338278175716,3.6002045767860924
43.380976,71,1972.228095,True,False,False,5.770772231853442,5.230662952792483
39.315387,41,1972.481624,True,False,False,4.516387330785809,4.238948692507645
28.951203,25,1972.64709,True,False,False,2.6003189928875265,2.090159152516095
45.523992,60,1973.038018,True,False,False,5.761713938598186,5.711249842888014
40.042364,58,1973.375084,True,False,False,6.221335362399771,4.580894102976388
29.693926,37,1973.608221,True,False,False,2.3865591024609567,2.405780306989181
33.975862,40,1973.836724,True,False,False,3.5349852432413664,3.2538620210163938
35.173901,52,1977.013285,True,False,False,3.9411153343305014,3.538355244734448
49.565682,70,1977.546691,True,False,False,7.520044043032103,6.4375081286163205
44.400191,47,1977.906262,True,False,False,6.132236051766679,5.313251375877428
45.844961,67,1978.409646,True,False,False,5.603680551742069,5.602644690939014
53.721787,99,1979.184013,True,False,False,7.592664445363075,7.521266558672931
37.744488,64,1979.662517,True,False,False,4.159180502998116,4.200332722298481
39.832976,48,1980.020384,True,False,False,4.662897257302923,4.424200962984215
42.825881,54,1980.457175,True,False,False,5.929824594777778,5.133491209167343
28.426516,23,1982.602107,True,False,False,2.184423625590304,2.046347582984847
48.723187,45,1982.952009,True,False,False,6.125556868508561,6.079076776403342
32.819644,22,1983.123687,True,False,False,2.6196522928829773,2.785317493112172
27.555035,28,1983.339665,True,False,False,1.973436528427405,1.9546277869407065
42.865988,53,1983.751995,True,False,False,6.179949320782435,5.262890154965415
24.973193,36,1984.032325,True,False,False,1.9648613081472828,1.5473584046256852
34.344434,21,1984.193297,True,False,False,3.012134703630953,3.1629508955547148
41.380315,45,1984.536001,True,False,False,4.854168433754051,4.639540749926137
36.023942,63,1985.024552,True,False,False,6.923534067671721,3.942273977330441
44.959654,94,1985.743057,True,False,False,8.852742770849469,5.995389366052512
43.176172,77,1986.325686,True,False,False,9.898509186447548,5.473169242990965
0.074969,70,1988.259067,False,True,False,6.963878634585959,6.752877276885642
35.818892,28,1988.431375,True,False,False,3.840671771965382,3.467492826256481
24.862627,41,1988.735528,True,False,False,3.413924113562341,1.6842671462344276
29.943222,40,1989.017141,True,False,False,4.0790501943715896,2.4329290308359335
31.040184,69,1989.450303,True,False,False,5.813645314085663,3.0938697851297365
27.101155,21,1989.572943,True,False,False,1.8622083548118302,1.8217974497987894
27.312837,32,1989.773313,True,False,False,1.9719601491079541,1.944897059771244
32.900805,38,1989.998955,True,False,False,3.747093817093686,2.9543884098771986
43.751327,42,1990.248719,True,False,False,5.525224511735459,5.181849701571341
26.570047,13,1990.320662,True,False,False,1.4320886023683999,1.6065088177268203
27.701443,24,1990.469593,True,False,False,2.958316325333948,1.936965519621367
40.162876,79,1991.03178,True,False,False,6.863786364405906,5.011235873890511
41.921461,41,1992.702262,True,False,False,4.616846526417257,4.709206656686995
45.648496,49,1992.958377,True,False,False,5.447685383833222,5.492944491190688
42.775402,70,1993.348415,True,False,False,6.388352432571426,5.094274396323196
31.542249,53,1993.65043,True,False,False,4.80850439256914,2.889671505946548
29.485397,28,1993.8169,True,False,False,2.2683186706242906,2.267353594638437
49.193526,61,1994.165106,True,False,False,7.324477875921372,6.3831282624766015
38.101174,60,1994.497006,True,False,False,4.963712873010498,4.249628812979009
38.937062,55,1994.802325,True,False,False,4.539251599305086,4.213636177664444
33.803781,24,1994.944074,True,False,False,3.242232828156703,3.0795913746438974
47.907618,60,1995.281314,True,False,False,7.302009392472847,6.1376091323396835
43.734231,77,1997.365029,True,False,False,6.595009025431899,5.325134919256323
37.455302,59,1997.744538,True,False,False,4.519578250241159,4.084664361805961
33.386396,49,1998.025565,True,False,False,5.762980799692078,3.2562022874186427
34.860663,40,1998.252332,True,False,False,4.065458133458732,3.4234343715174105
46.961421,80,1998.797334,True,False,False,7.569912451752628,6.126975787462367
28.520681,15,1998.899397,True,False,False,1.8346698655654308,1.9472978257372338
-18.129619,10,1998.971779,False,True,False,0.8021835596531053,2.5532700493872795
31.366152,51,1999.330949,True,False,False,4.036950083813586,3.1122994520426195
33.257795,32,1999.552746,True,False,False,3.266970358125814,2.97942142709688
41.458351,47,1999.843971,True,False,False,4.893343603112979,4.650886824508969
28.333898,19,1999.979122,True,False,False,2.052650715301177,1.9646098547874957
38.637921,52,2001.454059,True,False,False,4.443148680284585,4.272807803551371
-12.150344,20,2001.565225,False,True,False,1.7511168953990892,3.8112131736864154
46.401032,78,2003.660382,True,False,False,6.782978417593844,5.906362155697305
39.159057,33,2003.874532,True,False,False,4.1146842328590845,4.16211302860889
48.657422,68,2004.319019,True,False,False,6.99325272465132,6.2008616544416455
47.741657,60,2004.664282,True,False,False,6.527901461343777,6.0395794444096556
41.283857,60,2005.003525,True,False,False,7.528806182293017,4.89424969299633
28.812121,21,2005.118129,True,False,False,1.833221182171882,2.052855072411857
48.70561,44,2005.388755,True,False,False,6.400906533106212,6.187152639060994
35.103959,25,2005.545515,True,False,False,3.3797200411816855,3.289650195130949
36.899391,45,2005.81821,True,False,False,5.032465749133832,3.8816107184983557
40.658392,58,2006.204106,True,False,False,6.204919405587311,4.72869728176533
36.102662,82,2008.169386,True,False,False,6.233428856592947,4.119393355858629
38.803918,40,2008.442395,True,False,False,5.0224082280138065,4.159049406114085
31.819172,27,2008.64186,True,False,False,2.6541769322680007,2.737337494223846
36.978138,37,2008.912227,True,False,False,3.9076387464020312,4.013733504928935
35.357871,65,2009.361307,True,False,False,4.744677397527725,3.9674458963895347
37.609988,38,2009.613379,True,False,False,3.8105383692239303,4.000529032214628
26.389243,16,2009.708419,True,False,False,1.5376573414744945,1.598350306505724
45.24002,58,2010.036537,True,False,False,5.8949346508521385,5.516115528238738
49.623068,48,2010.317432,True,False,False,6.477762907564594,6.259937258066771
39.482692,39,2010.54845,True,False,False,4.4784326659347995,4.282222128193259
31.43281,27,2010.717165,True,False,False,2.5813693674090272,2.7103968684753244
39.778779,50,2011.044417,True,False,False,4.821829854904883,4.37365929143283
38.160076,57,2012.901816,True,False,False,5.096863977902538,4.223575882641067
-3.524488,49,2013.156549,False,True,False,5.641212761168297,5.360124587908693
30.373288,36,2013.371999,True,False,False,2.584533871016443,2.584194472609396
47.997164,62,2013.789497,True,False,False,8.471252895605089,6.095355231063012
29.006738,39,2013.991738,True,False,False,2.8207525357627445,2.4303008232626726
48.441801,109,2014.647608,True,False,False,8.6838795759875,6.595431224332009
39.283557,62,2015.08261,True,False,False,6.174402909281359,4.320977734484832
32.373833,37,2015.298179,True,False,False,3.698255065675016,2.961964586965072
36.270806,74,2017.268523,True,False,False,6.4213428014067,4.083703704930418
46.644914,63,2017.621194,True,False,False,7.538749282040642,5.864724727836683
36.463464,47,2017.933429,True,False,False,4.722966049778557,3.812592527385945
33.074459,25,2018.107957,True,False,False,2.8295831028746186,2.9427278693067436
50.451832,70,2018.589262,True,False,False,7.953965359831036,6.536843001680103
44.012129,55,2018.971905,True,False,False,5.664312879301999,5.309703802035779
25.697939,21,2019.093803,True,False,False,1.578401334009327,1.5132253308478596
36.290031,39,2019.320035,True,False,False,3.9944921295280604,3.7561636864564356
27.136824,22,2019.428414,True,False,False,1.6956667740314793,1.7343814154280535
37.414397,60,2019.794167,True,False,False,4.307761848424934,4.053266172155967
46.121221,88,2020.29001,True,False,False,8.809248552103517,6.279992308424677
27.428355,34,2022.108222,True,False,False,2.3048753410488225,1.9675012410723218
34.590046,73,2022.495787,True,False,False,4.823154343567025,3.7197057314516795
26.213709,28,2022.652501,True,False,False,1.7333510529471645,1.6968232379125694
36.073136,41,2022.865139,True,False,False,3.862425232329917,3.5826358857998963
31.899591,23,2022.983751,True,False,False,2.7804831590310104,2.724178307753376
32.148265,48,2023.309715,True,False,False,4.0364786889424025,3.1840580897838326
42.115872,61,2023.739749,True,False,False,5.108092395442243,5.005924099127407
53.067701,57,2024.09103,True,False,False,8.714769617331623,6.982203471020416
42.796467,68,2025.483381,True,False,False,5.434878884248581,5.199927774444796
44.862697,58,2025.850482,True,False,False,5.746569300126194,5.565452696638181
36.979944,49,2027.622374,True,False,False,6.305500211018636,3.8826672964340183
38.440746,55,2027.972861,True,False,False,5.3728759532639625,4.2375570045937705
25.223592,42,2028.210717,True,False,False,4.694401410729493,1.6057916887272092
47.600213,57,2028.573399,True,False,False,6.622010807752714,5.914632509346537
27.492287,27,2028.766834,True,False,False,1.911638245054313,1.9663868100138366
46.144073,69,2029.193722,True,False,False,6.68597522327106,5.872385113988177
32.17485,22,2029.307941,True,False,False,2.582358017314152,2.7762628879825932
38.811561,51,2029.571844,True,False,False,4.474126970246023,4.225220086278204
37.097944,51,2029.843433,True,False,False,5.710214490783984,4.02387385428548
38.216139,58,2030.18934,True,False,False,4.954707341759973,4.195103499877664
28.319445,34,2030.388378,True,False,False,2.9582936474308887,2.1255884627083788
35.738477,57,2032.178742,True,False,False,4.327280303604705,3.6814462547457727
35.2516,33,2032.39234,True,False,False,3.1666251115875927,3.312941388839135
34.059862,29,2032.577966,True,False,False,3.2616944554295095,3.1792093396286223
39.917543,60,2032.903558,True,False,False,5.5107612547304345,4.592391132879603
31.869593,55,2033.226674,True,False,False,4.100496145113302,3.2401905246750142
32.919085,35,2033.434593,True,False,False,4.014258852634236,3.0211603124989796
34.487094,42,2033.665736,True,False,False,4.704505962951671,3.462839209404439
31.920196,41,2033.920311,True,False,False,3.1450122314258806,2.975064279867752
29.347139,23,2034.041325,True,False,False,2.3685980916101275,2.2516193292786695
45.141312,64,2034.399069,True,False,False,7.6671454604916365,5.885359373153292
42.21094,65,2034.768234,True,False,False,6.541863498888863,4.914481227984023
31.267092,67,2036.738687,True,False,False,5.179768159327929,2.9803276432582106
26.405449,14,2036.818255,True,False,False,1.8390279700882355,1.5966878594572593
35.655674,77,2037.328657,True,False,False,4.440187056008179,3.97243056526022
45.340085,82,2037.867981,True,False,False,6.673112087734033,5.759669582704084
41.076287,48,2038.176909,True,False,False,5.02242595677157,4.674850808751573
33.820829,86,2038.754289,True,False,False,8.025303266264746,3.845270001237416
40.629354,55,2039.137193,True,False,False,5.314539936844219,4.66717913534468
45.019486,72,2039.626368,True,False,False,6.041655174712205,5.59078950009274
27.742774,15,2039.734363,True,False,False,1.663474882819053,1.8524664803008135
45.385892,45,2041.647911,True,False,False,5.460608372220523,5.404946642220013
35.80798,41,2041.905519,True,False,False,3.7404211235685545,3.566515432040484
48.640964,65,2042.313586,True,False,False,7.085486676194618,6.245190294978076
44.95774,59,2042.66873,True,False,False,7.694854056011346,5.553334150915392
42.164849,75,2043.172018,True,False,False,6.9066821582551885,5.05121514016599
32.903299,44,2043.43678,True,False,False,4.843455538675641,3.257132441330492
31.791466,27,2043.613799,True,False,False,2.467480077130101,2.6567889367921733
32.509842,41,2043.878742,True,False,False,2.860237402420517,3.003757248491712
26.951634,18,2044.006426,True,False,False,1.8251396149191574,1.7109028147987486
34.825173,33,2044.199017,True,False,False,3.542790236529261,3.3026437776229374
55.584668,78,2044.68212,True,False,False,8.669093010998097,7.696824919460257
33.311815,36,2046.286568,True,False,False,3.869939445557752,3.022755218136065
28.298808,22,2046.399772,True,False,False,1.9527801271185956,1.9801244622701903
33.659306,47,2046.706326,True,False,False,4.576240163440444,3.219287629712013
33.542198,35,2046.953003,True,False,False,3.2221197173374967,3.0997311175907183
-15.752965,15,2047.058513,False,True,False,1.0699134865889544,3.7097713385694524
33.436455,56,2047.418483,True,False,False,3.877859548750282,3.32174229454769
34.800723,57,2047.795328,True,False,False,5.135864024403515,3.540835581864249
41.279613,55,2048.177728,True,False,False,5.578296307089055,4.755413850555035
30.974021,41,2048.432925,True,False,False,3.6922902044863757,2.7413594858606487
35.914683,52,2050.088384,True,False,False,4.19408231969293,3.5783586378533507
37.240566,49,2050.371975,True,False,False,5.1073407725996205,3.9869778180719333
44.568994,64,2050.759866,True,False,False,6.0947420433763675,5.405598696497857
-10.89277,83,2052.964664,False,True,False,5.1917235363626615,4.748437018449476
36.215057,105,2053.58393,True,False,False,7.301823110718698,4.477063078739481
28.187822,29,2053.783949,True,False,False,2.243776159825959,2.06303057384245
26.303964,15,2053.882986,True,False,False,1.8769953296989959,1.5952418376993203
27.217183,55,2054.22657,True,False,False,4.136267190134172,2.464730185845636
30.563425,40,2054.49388,True,False,False,3.7496451265011648,2.8398125052299363
49.630088,74,2055.009742,True,False,False,6.906023724684253,6.365069525624417
50.939971,76,2055.526356,True,False,False,7.053357564123742,6.8218854441356775
0.594895,74,2057.679989,False,True,False,5.651269610498468,6.73199834554505
30.268815,28,2057.836712,True,False,False,2.366550610462624,2.466545759687464
30.813483,34,2058.020876,True,False,False,4.537446958195448,2.6453728625008637
45.281742,57,2058.337533,True,False,False,5.339310595882806,5.4122289537241075
37.228976,33,2058.51474,True,False,False,4.079853205243716,3.86695430780069
27.64076,15,2058.602195,True,False,False,1.6471727747776983,1.7722509510989448
30.027979,24,2058.738066,True,False,False,2.545700781767427,2.546405216383387
31.525851,34,2058.910859,True,False,False,2.9264950835433257,2.8152311178742133
44.686542,56,2059.196371,True,False,False,7.534067658404209,5.406461212369584
48.298725,108,2059.782345,True,False,False,8.041527442224625,6.485938722037378
44.513586,60,2060.105235,True,False,False,6.794486898633071,5.53478870970895
35.118058,53,2061.834308,True,False,False,4.080224311922006,3.621073264245759
26.21453,20,2061.939038,True,False,False,1.5640540766733502,1.6280345004152128
50.45078,53,2062.224689,True,False,False,6.909005412593116,6.61020510338028
30.314891,58,2062.525333,True,False,False,3.836142055855693,2.7403374925934725
34.97486,87,2063.048337,True,False,False,8.659690747344856,4.037332329487233
50.362713,106,2063.79553,True,False,False,9.33500281767339,7.066467804647028
43.458465,52,2064.076998,True,False,False,5.896174173080466,5.356824101353194
49.872373,75,2064.546195,True,False,False,6.538370835645822,6.415277630163164
46.846022,76,2066.714737,True,False,False,6.3324127445066205,6.0036787911115415
25.939606,17,2066.835658,True,False,False,1.6483875569941773,1.5275068654634985
27.891956,16,2066.948391,True,False,False,2.1193333476495946,1.9377232957517254
34.007685,36,2067.196845,True,False,False,3.9750523459408473,3.3435449647189475
37.648622,73,2067.685937,True,False,False,5.716820142611191,4.29150830789514
44.699292,89,2068.310119,True,False,False,6.276489622163995,5.978323937944877
35.232864,72,2068.761919,True,False,False,5.520679421826508,3.9589015927907503
27.470859,14,2068.84433,True,False,False,1.6909768278933401,1.7719777773817298
33.437985,43,2069.119191,True,False,False,3.6457476796280375,3.099380169336938
50.286838,59,2069.535513,True,False,False,6.876497860408534,6.29112705702711
28.960293,31,2069.737303,True,False,False,2.347133903793649,2.2604942672301456
46.410541,68,2071.74635,True,False,False,6.392600628795552,5.739560628491327
40.816237,50,2072.099167,True,False,False,4.900175706755781,4.645993429085427
36.141659,66,2072.544243,True,False,False,6.243671724619812,4.072044912674348
34.520935,49,2072.834603,True,False,False,4.459883156036151,3.654752095508158
34.307026,49,2073.12558,True,False,False,3.909151412570545,3.405527883739256
38.490486,55,2074.587636,True,False,False,5.142754604123292,4.378052838020223
39.202343,77,2075.025385,True,False,False,6.082191923259759,4.742301659784669
33.175164,19,2075.165141,True,False,False,2.7934291777947458,2.9191263589008023
32.252721,22,2075.324205,True,False,False,2.562679727478109,2.6825025022540485
30.398973,34,2075.556642,True,False,False,2.640360722152033,2.4727721698979006
32.5005,61,2077.399873,True,False,False,4.031095010111108,3.1567598194760556
31.80598,32,2077.569148,True,False,False,2.7214268472582432,2.723946289923276
27.47615,50,2077.840846,True,False,False,4.021223629272826,2.145003248082612
40.260024,105,2078.395546,True,False,False,10.450149359792922,5.214527501900304
25.589259,22,2078.512661,True,False,False,1.53270006277779,1.5163335632438972
34.211709,33,2078.700606,True,False,False,3.398367428919406,3.280133068637994
-14.024919,12,2078.77911,False,True,False,1.3089938238744425,4.89464673315164
37.091182,65,2079.22647,True,False,False,4.020740147772513,3.9817312941690903
41.620705,85,2079.77703,True,False,False,5.874536130247507,5.056204013955177
32.399946,22,2079.921609,True,False,False,2.536260713832576,2.7019761599689645
41.391707,58,2080.240141,True,False,False,5.262458449742796,4.696970845092901
48.76568,51,2082.682781,True,False,False,6.341802371586751,6.093612497077919
27.775031,25,2082.867144,True,False,False,2.3140262151517668,2.039387607658193
39.956849,69,2083.228716,True,False,False,5.444846939755666,4.637545889087032
43.761602,72,2083.606939,True,False,False,6.840497187319871,5.436045944828281
-4.69163,30,2083.766002,False,True,False,3.3769150588688968,5.681281834448804
30.101975,30,2083.925049,True,False,False,2.8930517408459706,2.4197473776389664
39.601451,52,2084.216073,True,False,False,5.295116118326256,4.251444560379251
37.190104,43,2084.49951,True,False,False,4.109433028621024,4.090700279582509
27.085634,16,2084.584506,True,False,False,1.6974191310546547,1.8720238826367561
35.310566,34,2084.816468,True,False,False,3.2488009354598875,3.3801703267556267
37.806644,46,2085.11386,True,False,False,4.294573175015559,3.9609150959369446
41.348275,43,2085.405166,True,False,False,5.229862698516325,4.6868520249384975
36.640439,54,2087.155524,True,False,False,5.3914593300916165,3.7825139191859303
32.632608,28,2087.301575,True,False,False,3.0439946704212715,2.9028585978981245
31.013377,24,2087.432262,True,False,False,2.3251837601252876,2.4198276402278815
35.854779,37,2087.627185,True,False,False,3.782485129247385,3.545712368691751
35.929286,66,2087.96428,True,False,False,5.57598844485381,4.119711743444235
28.279289,44,2088.191591,True,False,False,3.431493278601825,2.218725564980607
39.623667,55,2088.47031,True,False,False,4.8512441801230475,4.376494583991837
33.337708,31,2088.637865,True,False,False,3.0484823813158433,3.0169236361219096
42.230238,68,2089.003812,True,False,False,6.755073814105915,5.116185139167368
47.911156,53,2089.308833,True,False,False,6.237307551673821,6.093745470363045
30.324216,28,2089.47038,True,False,False,2.3238239852175675,2.4530533432462147
35.484402,41,2089.751377,True,False,False,3.624875252667125,3.5822641865597475
47.006519,42,2091.276689,True,False,False,5.60008383993729,5.611487364389118
45.892393,51,2091.538746,True,False,False,7.175847634825596,5.633161587604799
26.638202,14,2091.612268,True,False,False,1.3611121137504365,1.5850196988667384
30.373686,42,2091.839918,True,False,False,3.2953997140278504,2.6193782004493533
26.175968,22,2091.990879,True,False,False,1.6370679946261748,1.6028464126295696
27.680471,32,2092.213736,True,False,False,1.958756483576975,1.9886781956112403
31.54534,37,2092.465277,True,False,False,2.8984753541561545,2.7352246043982538
28.566601,21,2092.609295,True,False,False,1.9400069041744035,2.0521828963065087
39.374547,84,2093.143221,True,False,False,6.183020251278546,4.684602786775751
28.771778,28,2093.295764,True,False,False,2.1522693378755395,2.2787468591562123
35.572528,60,2093.606386,True,False,False,4.844457943735561,3.702610831837141
43.230372,107,2095.602157,True,False,False,7.539086688963083,5.7339190541831355
39.322654,48,2095.844281,True,False,False,4.5226845281443735,4.275491914703256
30.154314,43,2096.144865,True,False,False,2.6906368161684915,2.599597368993799
33.517171,63,2096.498259,True,False,False,5.556543162578038,3.4623352525678555
42.788766,62,2098.272039,True,False,False,6.5807890275538385,5.214849362931025
43.764507,60,2098.622081,True,False,False,6.268825457655199,5.280258686876456
40.663612,68,2099.083501,True,False,False,5.377327754128912,4.985112480817265
29.9589,37,2099.332804,True,False,False,2.3450600713882466,2.4999000607301167
41.602317,36,2099.580188,True,False,False,5.001748060806697,4.613456002205568
38.596982,64,2100.018472,True,False,False,4.774362148381322,4.317739993200254
37.467766,58,2101.921426,True,False,False,4.833074051871302,4.031031007854666
37.171799,43,2102.166095,True,False,False,4.707131147839984,4.066605610759874
33.078233,36,2102.367119,True,False,False,3.8333550805209686,3.024974310245283
27.476131,27,2102.54435,True,False,False,1.9256693052047678,1.9441754908344862
38.301819,68,2102.936345,True,False,False,6.240971478203147,4.382038524596965
39.08953,47,2103.208016,True,False,False,4.486286193601922,4.3143275516454915
26.465509,14,2103.306277,True,False,False,1.4510280254308414,1.6091539067811167
40.132589,36,2103.553298,True,False,False,4.811789965383334,4.359483158514927
27.465447,22,2103.7037,True,False,False,2.3355998817942987,1.9099441652468625
40.995568,101,2104.348687,True,False,False,6.518361888193711,5.106250683247968
27.047914,27,2104.509941,True,False,False,2.2983920625543073,1.843129344580585
48.28807,67,2106.35464,True,False,False,7.586773148985852,6.233576164168418
37.542933,37,2106.613103,True,False,False,4.98366028138129,3.9092538227741787
34.841817,32,2106.83733,True,False,False,3.3558137867075137,3.332773620691583
29.846703,31,2107.051104,True,False,False,2.569773170406974,2.467669370425711
43.518752,59,2107.432267,True,False,False,5.7472498619539545,5.116384826432909
44.921449,59,2107.827194,True,False,False,7.321935248689478,5.643560330685956
45.048324,52,2108.179909,True,False,False,6.60803287486444,5.4851123059177205
34.935012,39,2108.448814,True,False,False,3.8672776342042994,3.4257562496634977
27.16073,30,2108.668955,True,False,False,1.66964448282487,1.9044057163108317
46.352977,57,2109.024513,True,False,False,5.495823769537247,5.573873634926241
29.022325,74,2109.482846,True,False,False,6.521225634450185,2.68469198925939
41.946701,62,2111.613865,True,False,False,6.080641974163391,4.927006918432824
31.024252,51,2111.970001,True,False,False,4.788572343703207,2.7137580783737234
35.365399,67,2112.380945,True,False,False,7.4077509270113,4.001237492060231
36.797619,44,2112.700561,True,False,False,3.865425161170985,3.695427240479573
32.851806,38,2112.971451,True,False,False,2.878780282165524,3.019027257065136
45.264289,56,2113.361903,True,False,False,6.261037711500495,5.581712009861825
43.482595,63,2113.768083,True,False,False,6.577788192369294,5.355949905279221
33.186593,31,2113.992058,True,False,False,2.8794439704046226,2.9241225983394816
35.210062,32,2114.198636,True,False,False,3.3640873845148542,3.3417557643048412
28.347114,34,2114.384743,True,False,False,2.5109445275967515,2.295447960668671
39.682264,50,2116.200926,True,False,False,7.47209506442557,4.48111104673171
35.634635,35,2116.403027,True,False,False,3.358315600704914,3.4518869513290005
36.143173,30,2116.58174,True,False,False,3.6210327589696476,3.700139904639486
29.316277,19,2116.685937,True,False,False,2.3773005446268494,2.151670266179377
46.652928,51,2116.971676,True,False,False,5.60735791011286,5.611169875018633
-13.061482,26,2117.124333,False,True,False,1.9530843767806079,3.5898025432431324
38.961611,53,2117.435734,True,False,False,5.028356952279347,4.340460932058831
31.02849,35,2117.669867,True,False,False,3.697785610683784,2.6782420522429895
34.680276,40,2117.895796,True,False,False,3.629733713386514,3.4073878858618234
42.336722,89,2118.44715,True,False,False,5.536731132627798,5.166901080880748
46.196212,72,2118.88824,True,False,False,6.003511769760074,5.754872384396883
36.591219,55,2119.189583,True,False,False,6.116845820166318,3.96152773389141
29.159474,15,2120.884168,True,False,False,2.0464931922882807,2.1740714725040977
47.611912,69,2121.368604,True,False,False,6.45368248071674,6.0759424592976625
42.862287,49,2121.694291,True,False,False,5.592671351489231,5.024774402708933
43.071317,49,2123.020746,True,False,False,5.426767017665091,4.902491353471336
35.030112,34,2123.240411,True,False,False,3.1658238901974474,3.300013117833122
45.350949,97,2123.853641,True,False,False,7.632984701940973,6.143204348985965
44.006449,50,2124.191206,True,False,False,5.899601013965579,5.274662423318243
-15.103072,27,2124.367827,False,True,False,1.487492293261852,6.4742299737835864
37.697173,65,2124.732111,True,False,False,4.035346406977917,4.086467689705873
46.781383,88,2126.79515,True,False,False,7.72467890173087,6.134200792844418
40.81488,39,2127.01493,True,False,False,4.638638470228374,4.626387326967688
31.293275,40,2127.225742,True,False,False,3.4047857809551845,2.930958527894593
38.883562,57,2127.522526,True,False,False,5.4440635508358035,4.419922170201054
33.583593,46,2127.766483,True,False,False,4.017367911213594,3.224022034442867
35.083195,61,2128.071282,True,False,False,4.287739418921908,3.6608259164042445
42.886505,89,2128.655221,True,False,False,6.599346877776767,5.466633253638448
32.222458,36,2128.911788,True,False,False,3.969932734701063,3.044075163503464
33.142859,42,2129.199368,True,False,False,4.256356541168319,3.1190890668358437
42.625268,69,2129.682214,True,False,False,5.092220137271255,5.129814374747075
41.240159,70,2131.647415,True,False,False,6.010763726131729,4.86795191895594
35.287133,41,2131.925646,True,False,False,3.5564842275229225,3.5279199247126085
-17.045814,23,2132.079,False,True,False,1.95304937230561,1.9969865089008707
28.799722,22,2132.233065,True,False,False,1.9401705147842205,2.114265125335381
37.877615,35,2132.475945,True,False,False,3.874879356710938,3.9694463250587706
27.444173,14,2132.58189,True,False,False,1.726643934662148,1.8373904082384527
39.896204,50,2132.906836,True,False,False,5.343283560756324,4.5720263902489915
41.224385,40,2133.178736,True,False,False,5.072132423313662,4.4787340890091585
43.124489,61,2133.585201,True,False,False,5.537323090140286,5.121550896193691
38.654468,89,2134.130256,True,False,False,5.013712059672693,4.826087371158549
42.187522,95,2136.367368,True,False,False,6.483270991001056,5.382629224118118
45.060624,54,2136.697407,True,False,False,5.702762426602222,5.594684188728155
38.937255,58,2137.068521,True,False,False,5.3486558348146955,4.43746067989692
28.218436,21,2137.186179,True,False,False,2.015846367419428,2.0151451000618787
32.408602,47,2137.471178,True,False,False,5.177416857974934,3.1182671040434657
43.508988,59,2137.794072,True,False,False,5.291452583837339,5.078074885741373
27.689865,22,2137.927792,True,False,False,1.937357074826858,1.9581217495692145
34.295271,35,2138.145044,True,False,False,3.285887551202852,3.2319290184409746
45.109978,66,2138.522919,True,False,False,6.7348122532309525,5.5345200123900975
37.260855,74,2138.980008,True,False,False,5.566843077328555,4.3603331303504955
33.767829,52,2139.300691,True,False,False,3.7121205282744065,3.419162848401754
31.900762,18,2140.850856,True,False,False,2.577588020863109,2.559813780328814
28.434205,52,2141.198186,True,False,False,4.5538206581497045,2.355413374825833
41.127665,48,2141.522534,True,False,False,6.6120884968272895,4.72281475819122
38.975027,69,2141.93422,True,False,False,4.57368594247926,4.4373655981675375
36.477747,48,2142.225127,True,False,False,4.576771855958768,3.702577501363205
37.965482,34,2142.460745,True,False,False,3.8809249052528725,3.87612453808672
28.98955,25,2142.6262,True,False,False,2.5420595776762718,2.1648132434372145
47.874817,108,2143.259318,True,False,False,8.585389936565974,6.68497168064279
25.869054,39,2143.519858,True,False,False,2.7011748838536316,2.268327963845448
31.25005,35,2143.768826,True,False,False,2.8900410504765865,2.665696651106574
28.011639,25,2143.910111,True,False,False,1.8740033073527944,1.9267477240522082
41.045039,42,2145.662084,True,False,False,4.618203970645645,4.5561446174980365
45.141923,59,2145.98451,True,False,False,5.461112544757342,5.4899317438840285
30.795729,28,2147.199395,True,False,False,2.637137503886591,2.449770001294574
37.840812,39,2147.426599,True,False,False,4.311335864071791,3.870554156802247
36.019651,54,2147.723916,True,False,False,4.645212326691096,3.6440132798028264
24.79397,34,2147.912202,True,False,False,1.4761649287635823,1.5315124542692855
37.368585,45,2148.204542,True,False,False,4.732672104864851,4.128074244179128
33.732005,62,2148.599664,True,False,False,5.201767186240841,3.46308942744494
46.328094,82,2149.172025,True,False,False,7.126450824126609,6.1068837850064295
38.384714,36,2149.413724,True,False,False,4.164288796141449,3.9713275175810483
-16.973472,14,2149.502513,False,True,False,1.0176497348784856,2.2168931774551126
32.953374,42,2151.44444,True,False,False,3.2268113968928045,3.018407724317169
35.980783,30,2151.647957,True,False,False,3.856241048980231,3.4778285088696554
46.02918,92,2152.23471,True,False,False,9.15911458244187,6.29469422266556
29.052431,24,2152.395702,True,False,False,1.9728146658757826,2.145567530139385
38.742295,54,2152.738866,True,False,False,4.945961973062953,4.324070283251195
38.575795,48,2153.017009,True,False,False,4.559187668625665,4.019040745229185
26.56648,18,2153.124432,True,False,False,1.4294129271494882,1.6388550318696105
31.571717,27,2153.281611,True,False,False,2.721203887696073,2.6651754434727195
48.406151,70,2153.674335,True,False,False,7.53381874188856,6.292107045032938
40.511775,56,2154.036393,True,False,False,6.5132090586852085,4.633905175136098
29.754076,17,2154.122954,True,False,False,2.089186815681713,2.221962533057145
39.991088,61,2154.46524,True,False,False,5.058991796859861,4.581694804359323
46.875113,63,2156.281302,True,False,False,6.084499524579724,6.030778763365107
33.224297,46,2156.54064,True,False,False,3.372014019405536,3.1084600572955017
42.125827,58,2156.888097,True,False,False,6.061149165398228,5.0973082390877265
30.98551,39,2157.110736,True,False,False,3.836233858546667,2.893483800840121
33.679344,29,2157.282588,True,False,False,3.2261135381807335,3.066665679472361
36.852577,47,2157.604579,True,False,False,4.231578486804206,3.7760740621123903
28.07313,21,2157.747618,True,False,False,1.7496909826332767,1.9741300556865042
41.43033,51,2158.100885,True,False,False,4.824991726842183,4.529252368242637
39.318263,74,2158.603379,True,False,False,5.034222091578734,4.530383633527158
46.194106,64,2159.057948,True,False,False,6.958459414348367,5.720653126789365
29.898744,32,2160.69534,True,False,False,4.398562554523177,2.441572112035448
27.904464,25,2160.844249,True,False,False,2.167485393180913,2.0108886929681336
39.939169,53,2161.188808,True,False,False,4.944527490545683,4.555962446057992
43.054258,73,2161.692192,True,False,False,5.445765826871332,5.150545581078792
39.991671,53,2162.046997,True,False,False,5.561228630848926,4.482502470987437
48.766229,70,2162.470454,True,False,False,9.215227150987422,6.408795193595535
35.895484,35,2162.711981,True,False,False,4.548320353625758,3.610872695680101
28.407836,23,2162.867118,True,False,False,1.9384210955522496,2.0197799987950225
27.611876,15,2162.969699,True,False,False,1.9547668505702498,1.7394777357514781
30.348194,40,2163.234432,True,False,False,3.0803635332518846,2.6989646146500146
30.102018,42,2163.47807,True,False,False,4.188578480969547,2.7991856648431512
30.268213,28,2163.623524,True,False,False,2.5795421925442064,2.390499637052473
35.420145,45,2163.86938,True,False,False,3.5305700149380024,3.463602600813455
29.861103,40,2165.457755,True,False,False,2.6746450495321756,2.5626869626134865
32.561754,33,2165.641362,True,False,False,3.088950387172487,2.938400223377022
43.659714,59,2165.956778,True,False,False,6.417125571096385,5.32010901139441
45.253369,49,2166.268033,True,False,False,5.266569347702417,5.280714988722981
39.271118,49,2166.598836,True,False,False,4.782133500897167,4.331492862414987
32.50103,50,2166.939026,True,False,False,3.4373200919385467,3.0360533395267337
31.265359,35,2167.187408,True,False,False,2.740751412034168,2.724784782600202
41.939371,70,2167.673868,True,False,False,5.502848944610804,5.058394335361287
39.434284,38,2167.928543,True,False,False,4.0745440943896165,4.106577818594656
31.920987,39,2168.191648,True,False,False,3.3237210725389863,2.9546099872423426
28.048232,19,2168.321098,True,False,False,2.343238504268425,1.9303812239005986
40.790914,69,2170.77687,True,False,False,5.7401105287708765,5.0582546838889995
28.366763,18,2172.215866,True,False,False,1.7425633517389614,1.9340474742257598
32.533684,35,2172.481103,True,False,False,3.062705520576691,2.882377010345379
49.692134,75,2173.069783,True,False,False,7.08941020020646,6.396208379715966
26.89471,19,2173.219919,True,False,False,1.7236806930170727,1.6863538569247445
29.561318,25,2173.417224,True,False,False,2.6866546192567338,2.336325430285964
26.27548,15,2173.53336,True,False,False,1.3345841377621632,1.562062523839387
47.906312,59,2173.986667,True,False,False,6.710754619875621,6.102809151251891
29.042722,37,2174.277639,True,False,False,3.7540801711351666,2.309664039567898
27.183629,19,2174.428423,True,False,False,1.8335900630200699,1.8323078831198218
44.162535,60,2174.890095,True,False,False,6.730158248546118,5.56398902030676
44.510207,58,2175.329977,True,False,False,6.457392189456402,5.660686909029385
42.478767,70,2177.823699,True,False,False,6.904513534978429,5.130899996029639
36.201868,44,2178.153594,True,False,False,3.8562177486595215,3.635840072011023
45.826803,42,2178.477286,True,False,False,5.560088384596658,5.53452671555171
42.056632,54,2178.904891,True,False,False,5.585366155992422,5.050839593651083
26.126559,18,2179.042051,True,False,False,2.2489666455856017,1.5908044142297537
32.01261,22,2179.205247,True,False,False,2.555051192749453,2.7370269806430945
36.142769,33,2179.45668,True,False,False,4.1639469501214235,3.548915313046894
26.200262,30,2179.684128,True,False,False,1.6197262107611612,1.7167131010721823
45.082275,70,2180.216393,True,False,False,6.426006703144732,5.691405069298982
28.763625,30,2180.452612,True,False,False,2.0434124421611397,2.1807025472019053
39.10821,31,2180.691189,True,False,False,4.067772738982724,4.12193218017781
27.686553,22,2180.862236,True,False,False,1.958518021584235,1.9174116706685478
34.003941,37,2181.152317,True,False,False,3.6614299709161906,3.183697077645543
44.68032,91,2183.829025,True,False,False,7.411442301698323,5.903058347799108
31.229028,28,2184.05843,True,False,False,3.5501789302266133,2.6472691433255804
40.245816,44,2184.390493,True,False,False,5.287368940608873,4.455150544027287
42.630792,63,2184.866613,True,False,False,6.292978304108175,5.071171204718147
-13.904827,17,2184.997402,False,True,False,1.525547100955441,3.62225499207905
37.291793,58,2185.447622,True,False,False,5.259180415339368,4.031741084587742
34.116657,37,2185.734613,True,False,False,3.3348950431147144,3.1727761032844874
27.035643,23,2185.914713,True,False,False,1.796320418064319,1.8289673188097493
-12.456133,14,2186.033139,False,True,False,1.7444693658695147,5.90946785874639
32.389014,29,2186.268639,True,False,False,2.9611225348234744,2.9156579895367183
34.535631,44,2186.616515,True,False,False,3.5503509787913488,3.4454432173395038
44.472712,62,2187.104246,True,False,False,5.702119004524968,5.434646867259351
46.637932,74,2189.294712,True,False,False,6.669744133701392,6.02305547710632
32.885334,32,2189.49416,True,False,False,3.9088072518977417,2.9487835376965505
36.67275,35,2189.736326,True,False,False,3.630506416855479,3.7204789937122285
25.755713,27,2189.916685,True,False,False,1.4673998254698888,1.5685694843434452
32.581528,31,2190.131319,True,False,False,3.219350962615598,2.9081577189506596
44.057247,79,2190.607116,True,False,False,6.616779959847167,5.489388658759264
28.475845,19,2190.720586,True,False,False,2.2339032883265064,2.0328129890598197
42.393986,47,2190.973972,True,False,False,5.158750422898233,4.6893528140837395
42.831175,59,2191.295382,True,False,False,6.296661951348565,5.131469422976245
46.155997,45,2191.539955,True,False,False,6.455141465204935,5.597869116056636
41.352804,45,2191.809667,True,False,False,5.315858596854668,4.603678684083334
29.290379,30,2192.012188,True,False,False,3.3251743968890715,2.221503196838847
35.367343,28,2192.187271,True,False,False,3.3158925145951965,3.284814762961918
34.46136,40,2193.738898,True,False,False,3.3790046190095873,3.290217837246618
43.255131,51,2194.010542,True,False,False,5.546561829020506,5.1159123205870145
28.986438,17,2194.126092,True,False,False,2.0929793320223595,2.0924538206214263
38.605474,43,2194.428918,True,False,False,4.71545604111023,4.2001527562066325
28.323952,45,2194.738669,True,False,False,2.9431171593544665,2.2959417807022984
48.892221,82,2195.190381,True,False,False,7.121137868716606,6.519720538080191
36.830914,52,2195.466324,True,False,False,4.475818177474254,4.047349385146494
29.082558,21,2195.583366,True,False,False,1.975387078505482,2.1586055103202324
40.023063,38,2195.804764,True,False,False,4.220409278840009,4.32239222280094
27.58635,25,2195.949689,True,False,False,1.9773041397451592,1.9016643369209913
36.896934,55,2196.281112,True,False,False,4.451086503202265,3.962441453443237
33.412903,30,2196.482339,True,False,False,2.805979649974792,2.9047134446399245
31.656706,41,2197.670632,True,False,False,3.735875368049965,2.869522288408031
48.763653,71,2199.810615,True,False,False,8.169733625106737,6.3858071679359485
26.447197,21,2199.948028,True,False,False,1.5655772122941387,1.6505617219380202
28.061354,25,2200.11871,True,False,False,2.1766365443378004,2.054728294329482
29.283525,31,2200.337848,True,False,False,3.1974492266612544,2.329493693226146
44.281846,66,2200.761654,True,False,False,8.032605266010357,5.671300673584552
44.11109,67,2201.210616,True,False,False,7.10614772531136,5.4909996848796085
33.221555,27,2201.354061,True,False,False,2.746993342107387,2.94792750123858
37.826047,52,2201.660213,True,False,False,4.780246757779464,4.120371587488362
34.171254,28,2201.821069,True,False,False,3.4345592017499738,3.202275985535962
40.454546,56,2202.153108,True,False,False,4.788069478588115,4.476204533235885
32.499866,28,2202.309968,True,False,False,3.359089063533361,2.8762747984845007
29.218916,20,2202.415933,True,False,False,1.997115854337037,2.1106118771327678
33.132853,36,2204.594769,True,False,False,3.457026813843097,3.050741557296195
45.385524,44,2204.94328,True,False,False,5.870846586577514,5.420584504713038
33.784791,31,2205.184852,True,False,False,3.3787604557801973,3.2519205629227006
43.185188,73,2205.732376,True,False,False,6.900123572434371,5.3861879633839465
30.976877,36,2206.001773,True,False,False,3.168601893659939,2.60373041325845
43.550997,41,2206.316124,True,False,False,5.0032684288047875,4.981505685270307
28.170956,32,2206.557781,True,False,False,2.5954931457743293,2.0643508085834297
26.816148,13,2206.657892,True,False,False,1.7914739263564021,1.693968403378717
-16.792432,14,2206.767277,False,True,False,1.443735425621081,5.842977940629253
-16.423774,13,2206.86848,False,True,False,1.028645818430385,2.978555044091576
32.905263,31,2207.10486,True,False,False,2.839944345855495,2.926016654460951
32.865286,48,2207.48003,True,False,False,3.0713683319066787,3.1543840108961163
31.657357,28,2207.70617,True,False,False,2.800836727784436,2.893735102211518
40.430474,53,2208.128708,True,False,False,5.269484161775576,4.602328032351774
45.527647,73,2210.698675,True,False,False,6.9862801968683685,5.836294233176417
32.791847,47,2211.063106,True,False,False,5.13397273378337,3.3500996821596325
34.314971,44,2211.406974,True,False,False,3.418530681097288,3.2880092131221605
35.276283,34,2211.66655,True,False,False,3.885290357760093,3.4743588159749703
33.244058,41,2211.981169,True,False,False,2.8929677761378105,3.0567074454566634
50.21781,58,2212.433994,True,False,False,7.258222888192991,6.488523023771944
34.480504,60,2212.902676,True,False,False,4.7817955523436035,3.728828311235023
39.680798,84,2213.545272,True,False,False,6.609581094677933,4.826835646315418
47.826861,57,2213.976373,True,False,False,6.747812790519895,6.038264800488153
27.590894,26,2214.181027,True,False,False,1.8305303943715292,1.92092025769991
28.508577,19,2214.333588,True,False,False,2.1208929902906832,2.041630415636502
33.893381,31,2216.18269,True,False,False,3.238463851733851,3.1530658659492103
31.923556,44,2216.497903,True,False,False,3.649972282853145,3.0012329337902814
37.129704,46,2216.831727,True,False,False,4.131789983397185,3.8860838727110814
29.619376,21,2216.978615,True,False,False,2.1030215029964787,2.1891086085172025
32.261498,17,2217.095237,True,False,False,2.5273905449830947,2.662502487426272
34.397591,51,2217.46181,True,False,False,3.435256019503352,3.3400945815171523
36.159023,44,2217.761608,True,False,False,3.4929622715180044,3.5527974381063308
26.742074,14,2217.858251,True,False,False,1.6712894396680844,1.6426075848712414
35.193999,79,2218.385627,True,False,False,4.546204944078644,3.8013994107897853
27.105455,21,2218.506068,True,False,False,1.7925656083224388,1.831967840912187
43.206863,82,2218.989406,True,False,False,6.346312662778686,5.322465261748214
32.807326,31,2219.205506,True,False,False,2.6987685773518897,2.8183660422869994
40.041895,45,2221.084384,True,False,False,4.387962302162095,4.320647959233095
28.247521,44,2221.397741,True,False,False,3.8411269197735574,2.2956774570910032
39.670175,42,2221.651571,True,False,False,4.69441188479576,4.308609709983039
40.13692,32,2221.872801,True,False,False,4.5498998034800175,4.213809299193524
28.825164,26,2222.059716,True,False,False,2.9671492964972095,2.1574108136357775
28.311784,28,2222.231982,True,False,False,1.9771172653844338,2.069974292223786
36.287091,54,2222.582341,True,False,False,4.021795903874025,3.9274822968129732
35.744871,32,2222.789254,True,False,False,3.50587109627064,3.4126427988947627
49.37263,97,2223.350427,True,False,False,7.29843021840898,6.834793897528743
35.088042,36,2223.559367,True,False,False,3.4831783905010862,3.517792903321601
29.285949,18,2223.665861,True,False,False,2.033757164354582,2.114265332106974
30.450046,20,2223.781984,True,False,False,2.252547484370446,2.4164595562121125
32.180836,39,2225.360891,True,False,False,2.9551174640920106,2.9066662216082997
34.578812,29,2225.553845,True,False,False,3.1995790122659877,3.242530953959142
41.164262,47,2227.461312,True,False,False,5.546376019889927,4.694885100366913
45.221297,73,2227.87164,True,False,False,6.089304717730237,5.6076072943930875
40.861175,58,2228.260276,True,False,False,4.98762703470707,4.685164565471178
44.714587,55,2228.614019,True,False,False,6.0420959166707,5.45963070916105
-14.589311,20,2228.76469,False,True,False,1.7014633244479043,5.8241832352979115
35.510905,36,2228.997348,True,False,False,3.714883419972971,3.5365885607218135
50.388688,48,2229.309513,True,False,False,6.7091288892647905,6.380662301663011
35.791266,39,2229.572637,True,False,False,3.5241134351163867,3.493847900523907
31.921941,44,2229.839204,True,False,False,3.2833273268992316,2.852871041669614
28.97979,23,2229.995597,True,False,False,2.2894328601224276,2.166798618713796
-19.188368,11,2230.070544,False,True,False,0.43505192079602706,2.468411809603602
49.895325,62,2230.499274,True,False,False,6.422128329783574,6.380764993676852
42.337801,94,2232.661854,True,False,False,8.127460903051583,5.178372145873181
28.483307,37,2232.868339,True,False,False,2.841363984354801,2.1934334424559285
27.855242,20,2232.991088,True,False,False,1.641175299553088,1.8508965845637126
26.383035,24,2233.133346,True,False,False,1.4414112702040947,1.655204674937691
36.983098,44,2233.410292,True,False,False,3.887695377988829,3.749414128988011
41.656231,75,2233.87024,True,False,False,6.565692291896856,4.991233972503715
36.23049,40,2234.103199,True,False,False,4.677819316084686,3.734912454657623
39.148811,49,2234.398787,True,False,False,5.699844653307195,4.391704506028874
30.059954,21,2234.518226,True,False,False,2.3415565292582934,2.3165425051522437
39.556772,41,2234.758298,True,False,False,4.195763404693629,4.205496907472638
29.016883,48,2235.081185,True,False,False,3.095056879489737,2.383469759790477
36.344198,47,2237.029711,True,False,False,3.826768934041393,3.736015975456543
42.019502,93,2237.674609,True,False,False,8.956605112862347,5.2060358378482015
41.040691,45,2237.998802,True,False,False,5.267407913083124,4.671496524912834
41.998758,62,2238.442206,True,False,False,5.520569963940405,4.8910569958005565
33.962828,34,2238.691271,True,False,False,3.3731295137883404,3.2188349168245267
31.090469,39,2238.955405,True,False,False,2.79881745471261,2.671846248452169
29.10215,37,2239.212847,True,False,False,2.54302657980961,2.4452258048068143
-17.001839,17,2239.334963,False,True,False,2.019554322491821,4.074721729898107
28.203818,22,2239.490304,True,False,False,2.590741168971426,1.9671720712272867
39.441923,46,2239.799429,True,False,False,4.3715447671454415,4.210740377407383
38.717892,35,2240.044246,True,False,False,4.359398594214206,4.083507280121138
31.887065,37,2240.315795,True,False,False,2.8256501351960313,2.8316405081681864
43.860638,54,2242.227302,True,False,False,5.909124568606393,5.167868495782194
29.259244,27,2242.382171,True,False,False,2.290690139050503,2.2775537153529344
45.833496,59,2242.76238,True,False,False,6.349671348803994,5.63514792179279
-16.9979,8,2242.804037,False,True,False,0.7746110628445718,1.8149120899947642
26.426078,25,2242.986939,True,False,False,1.614957540732517,1.6606384233296398
39.122374,52,2243.343729,True,False,False,4.677724426513997,4.211335296296395
31.902588,40,2243.618689,True,False,False,3.488792560580982,2.7931242529719333
29.848932,40,2243.896671,True,False,False,3.7455154476917922,2.5066265187832957
29.031591,28,2244.093016,True,False,False,3.0164558683423817,2.207162468711239
39.220758,75,2244.553005,True,False,False,5.427394807313214,4.607305653780402
41.75894,63,2244.920023,True,False,False,6.29303481379697,4.987899089376158
47.790812,58,2245.234987,True,False,False,6.33617768261801,5.971285933741957
38.11389,37,2247.130964,True,False,False,3.849727038791768,3.807793048733693
42.941729,71,2247.624311,True,False,False,5.917087414542339,5.364304370512164
26.123692,31,2247.79662,True,False,False,2.0908600476774137,1.7558249568884874
32.26701,31,2248.003001,True,False,False,2.6842643216652102,2.8023999018462113
34.051349,38,2248.208728,True,False,False,3.7041738001847806,3.1698610326469665
43.9865,45,2248.48087,True,False,False,5.2549621908828765,5.100463419732624
31.949821,41,2248.780488,True,False,False,2.760844704007204,2.8468044931079333
40.81208,67,2249.249126,True,False,False,6.832637452733643,4.890982064967635
42.845827,72,2250.55521,True,False,False,6.575063552108997,5.1562040432058485
29.849539,27,2250.711689,True,False,False,2.7727268216795644,2.3494108134594303
39.527959,48,2251.052192,True,False,False,4.587352951681309,4.412496354056112
28.492959,24,2252.851544,True,False,False,2.067963681900587,2.0410084601357807
-18.949549,4,2252.873237,False,True,False,0.29233033521488194,2.492324279640088
34.549887,33,2253.109023,True,False,False,3.3859803853413286,3.248488541988967
33.947013,37,2253.374866,True,False,False,3.5076347592982926,3.20750617648853
24.51497,44,2253.699013,True,False,False,4.249987653882833,1.642847698999944
33.055517,35,2253.948183,True,False,False,2.849022912491376,3.0174097885549136
34.049336,40,2254.245066,True,False,False,3.5624390266153707,3.2517279075968766
34.848532,40,2254.503875,True,False,False,3.3874728320948937,3.317966327145129
30.721446,29,2254.67316,True,False,False,3.1301827021706905,2.5262156500827224
37.399393,44,2254.957065,True,False,False,3.9503973283803946,3.9369145830180146
43.159017,56,2255.352485,True,False,False,6.122704977388131,5.06045626284854
32.747246,31,2255.571302,True,False,False,3.4608449705848354,2.9874851365154447
32.183287,39,2255.823848,True,False,False,3.287552959996194,2.894245383655127
40.028278,72,2257.829004,True,False,False,5.868571742337661,4.967345881757854
27.662307,16,2257.927983,True,False,False,1.672663630697993,1.8959851230512945
34.472328,63,2258.350796,True,False,False,5.674780598652868,3.6401379141329606
35.668241,39,2258.612525,True,False,False,3.7307976779379843,3.6447507127248433
31.26377,29,2258.832406,True,False,False,2.4838650117821084,2.6210414781843268
31.939341,45,2259.149016,True,False,False,4.2662069243014225,2.951447093742474
26.919606,31,2259.359214,True,False,False,2.908235240257685,2.0080485655290667
41.299027,65,2259.807023,True,False,False,4.926948649903361,4.787709779176747
27.595173,20,2259.949096,True,False,False,1.9733519986388994,1.8707806356501415
47.613179,68,2260.391811,True,False,False,6.545990908953174,5.930698854524204
38.501918,88,2260.968258,True,False,False,8.047434416762384,4.736713053572768
34.502884,49,2262.926905,True,False,False,4.270741247842643,3.5008757314781835
42.425088,77,2263.39607,True,False,False,6.433346484586854,5.447143781891163
35.300196,47,2263.668358,True,False,False,4.135883641150375,3.4346809505381017
26.733037,19,2263.812523,True,False,False,1.6044393919141309,1.6676738782786593
-10.309163,24,2263.996777,False,True,False,2.4995844956798408,4.135165756981808
34.235785,53,2264.400127,True,False,False,3.3886563543462707,3.348245991263281
50.929741,57,2264.836894,True,False,False,7.719690501987466,6.53946064780355
27.634044,19,2264.988042,True,False,False,1.8965558216106706,1.898951217597634
-16.063308,58,2265.437896,False,True,False,3.1883554741722864,3.644721399847288
34.886565,40,2265.746534,True,False,False,3.33513990204458,3.3068119474658113
34.41311,38,2266.036885,True,False,False,3.0741868630385567,3.19217643000025
34.046499,38,2266.325694,True,False,False,3.3599110031190533,3.2153762946514792
24.027541,45,2268.083532,True,False,False,2.9048371499799615,1.5004722709558052
43.930712,81,2268.508608,True,False,False,5.921819496348477,5.557504350665968
45.417759,65,2268.94973,True,False,False,5.684031044827005,5.543743727737672
44.999543,71,2269.438378,True,False,False,6.161205633814076,5.499203797040688
38.837994,58,2269.830494,True,False,False,6.109938801010728,4.404684874654183
40.270107,67,2270.294688,True,False,False,5.214411209174135,4.582219021652505
28.126783,18,2270.421019,True,False,False,1.7833237959011319,1.9989438225372425
35.64799,40,2270.664073,True,False,False,5.447939585473053,3.5922472562127563
31.394153,29,2270.825266,True,False,False,2.4446514142622977,2.622912413305358
34.582317,36,2271.051277,True,False,False,4.384841184596926,3.4818650651941705
37.442806,38,2272.916001,True,False,False,4.0384283157029115,3.89359273868179
39.251156,64,2273.370299,True,False,False,4.4303621383817084,4.3986967692681525
41.918825,69,2273.844153,True,False,False,5.8468355035183315,5.29529183891982
42.7218,62,2274.281041,True,False,False,6.748958117146371,5.005919549154111
40.971983,43,2274.580156,True,False,False,6.227776985833326,4.624022344699427
33.428452,60,2274.98837,True,False,False,5.046665213715436,3.5195662701234904
46.405456,71,2276.400851,True,False,False,5.883212581285126,5.8981069026113175
35.416247,59,2276.799587,True,False,False,4.360476016336024,3.6686432422641304
37.953614,31,2276.981174,True,False,False,3.9821815064532706,3.9274204023862462
27.698412,22,2277.101091,True,False,False,2.58024471953349,1.9586589762408708
42.62701,52,2279.177127,True,False,False,5.021316764637137,4.934179877524619
40.822444,41,2279.457834,True,False,False,4.486377739050921,4.394990027146597
30.972411,44,2279.747939,True,False,False,3.7242467367354672,2.6879381428278566
-4.148353,46,2280.036642,False,True,False,4.497970988043446,5.567335749394629
49.227951,88,2280.620842,True,False,False,7.201473301778351,6.6698899289440465
45.983679,76,2281.168972,True,False,False,5.82567087849843,5.685131159410142
26.100294,12,2281.255096,True,False,False,1.303116136688105,1.5090317431376552
32.523677,32,2281.463356,True,False,False,3.0690328783493146,2.855085192257908
40.239618,42,2281.757814,True,False,False,4.768958777648936,4.462060567630766
39.128637,55,2282.140126,True,False,False,5.541586071763347,4.421811042012215
39.118708,31,2282.366832,True,False,False,4.020294473330503,4.11817361722566
28.66319,55,2284.137917,True,False,False,4.548575770533085,2.4887003387718276
25.911414,18,2284.238117,True,False,False,1.8305030124588613,1.5776289454789125
47.002692,88,2284.731081,True,False,False,7.640032037451675,6.13083687448403
39.361415,52,2285.067794,True,False,False,4.6587455692096436,4.349011818545314
43.798971,64,2285.476366,True,False,False,5.803466472923549,5.19489219638808
35.390135,46,2285.771006,True,False,False,4.427395098064885,3.7615802143310346
52.340912,70,2286.238662,True,False,False,8.211113408637821,7.0305094453845784
36.180292,53,2286.599009,True,False,False,4.089268840174546,3.779552939446867
40.9943,67,2286.993368,True,False,False,5.912588333798774,4.863470685525759
35.125104,43,2288.771271,True,False,False,3.291615735877846,3.4911421192986385
39.068932,71,2289.15742,True,False,False,5.31848154760761,4.359505409396542
37.419983,53,2289.503229,True,False,False,6.4626051373640365,4.037846681070837
34.090803,23,2289.664301,True,False,False,3.012505423591474,3.107917680207265
28.931022,22,2289.818118,True,False,False,1.9480716684700607,2.1041579024855572
36.181766,55,2290.215197,True,False,False,5.6022085940643525,3.897436982381931
39.864014,59,2290.616369,True,False,False,4.490376990147955,4.3533130842019325
42.730655,35,2290.850601,True,False,False,4.797816542736773,4.862283353184595
25.809397,18,2290.974418,True,False,False,1.5832311334568159,1.5123274129571997
33.424764,32,2291.191844,True,False,False,3.160958013886566,3.066746683798212
38.172772,51,2291.521396,True,False,False,4.176965720240921,4.075384032026677
42.107509,72,2293.592709,True,False,False,5.756895374389745,4.940834552252696
39.017175,37,2293.835313,True,False,False,4.826940538207037,4.1824885308929645
33.332512,44,2294.094969,True,False,False,4.550168181420758,3.032848968712066
43.188228,57,2294.468605,True,False,False,5.484338838233723,4.977820503032329
38.013945,42,2294.752625,True,False,False,4.3529364927073635,4.1899482705715245
28.263095,19,2294.866758,True,False,False,1.907374544967936,1.9932021385249308
48.248121,50,2295.210038,True,False,False,6.1909452497815165,6.004844627177125
33.695923,67,2295.655045,True,False,False,5.327386745954259,3.725561489878871
36.203942,27,2295.813137,True,False,False,3.618640396951301,3.592447980053807
-16.51416,37,2296.019691,False,True,False,2.64986736252936,2.9985767034617106
1.289365,45,2296.258388,False,True,False,4.6434212141410205,7.0783369276060055
45.32704,69,2296.738479,True,False,False,6.32153070603338,5.8372954578025515
25.732352,57,2298.638909,True,False,False,4.356547157978356,2.0438269440003
40.199705,57,2299.031502,True,False,False,4.634107112354795,4.516003996942754
38.944747,45,2299.322364,True,False,False,4.500676907416807,4.138676418404099
-20.417682,21,2299.440395,False,True,False,1.0143385947570378,1.5232087880982583
33.857159,47,2299.725383,True,False,False,4.096919296843102,3.3972804129936494
-2.41037,64,2301.54962,False,True,False,5.416061846751646,5.2039748267240125
42.968311,54,2301.920351,True,False,False,6.509598249833725,5.152855317422583
42.329709,53,2302.215513,True,False,False,5.614547498700928,4.989140474575591
39.975441,53,2302.525732,True,False,False,4.391118127824383,4.428588152751756
30.855848,36,2302.744532,True,False,False,2.5316562035569863,2.654982929053676
27.995558,14,2302.839363,True,False,False,1.669560176648038,1.877718013596319
30.387444,17,2302.940609,True,False,False,2.3232665546597575,2.2823413064773113
38.80227,70,2304.986975,True,False,False,4.646396059360194,4.365545291955098
29.492221,41,2305.271908,True,False,False,3.801547055426783,2.4582873707718496
30.373127,28,2305.475699,True,False,False,2.4010238832847417,2.4423463512079873
25.771945,21,2305.610628,True,False,False,2.0238646849236415,1.563486881322191
38.828189,60,2305.970337,True,False,False,4.638487389094287,4.396489339399144
28.019371,25,2306.146381,True,False,False,2.2353164711007945,2.040033449355758
34.414662,27,2306.285522,True,False,False,3.0534575720923227,3.108212329306265
31.911919,27,2306.446521,True,False,False,3.091890791109492,2.810205700203306
34.820048,38,2306.664289,True,False,False,3.264498058008989,3.4350628548160884
41.920796,35,2306.860411,True,False,False,4.928121931444226,4.677558231596259
33.812267,40,2307.099716,True,False,False,3.820119475220556,3.19699901769863
48.510414,81,2307.658505,True,False,False,6.183483616649571,6.230607168917218
39.196757,47,2309.69802,True,False,False,4.552253190284486,4.28654457990179
45.759522,83,2310.324098,True,False,False,6.510156419835141,6.051226335294241
37.327814,33,2310.575504,True,False,False,3.707019822916306,3.733026925856766
38.530272,43,2310.895553,True,False,False,4.212614786841628,4.129456904153354
26.879306,36,2311.173172,True,False,False,4.268618644616382,1.9806791824458427
27.933341,27,2311.382685,True,False,False,2.9317488756135544,2.162960763806242
33.980329,30,2311.613436,True,False,False,3.297092179212618,3.0486454056273793
36.117077,52,2312.017929,True,False,False,3.8193247792830034,3.74867037477351
29.638966,38,2312.316065,True,False,False,3.7020598981861776,2.4238461733642658
32.151229,35,2312.594123,True,False,False,2.773030242869095,2.7468727579285583
40.499599,41,2312.913045,True,False,False,4.299624630521436,4.445923116472407
30.430556,28,2313.144686,True,False,False,2.3710905938401963,2.38402641289625
43.020668,47,2313.510082,True,False,False,5.833465341714476,5.048597374980239
46.206859,60,2315.756098,True,False,False,6.282455075991222,5.70209263905047
42.363337,48,2316.046242,True,False,False,6.5401499841327135,5.000997375560797
44.042964,67,2316.471961,True,False,False,7.166084125809817,5.406865940541174
40.291509,64,2316.911936,True,False,False,4.65624870658241,4.602208368374245
29.666834,24,2317.082523,True,False,False,2.323991488225725,2.237232392980105
-15.142651,25,2317.252482,False,True,False,1.764204531843685,3.7463342179487267
-16.887896,21,2317.394801,False,True,False,1.1726336888828455,3.1116928448600367
38.77,42,2317.684306,True,False,False,4.174828745381089,4.078623382533424
38.817633,36,2317.913296,True,False,False,5.220103709998847,4.16424315740814
35.473707,36,2318.130708,True,False,False,4.093890038805097,3.521422087570843
39.867659,48,2318.387871,True,False,False,4.940083237794751,4.5077928093521695
49.081203,96,2320.580247,True,False,False,7.226209818723433,6.505596047089826
35.809822,47,2320.905125,True,False,False,4.274806844575367,3.837951511938576
39.237678,49,2321.254976,True,False,False,4.329591405325145,4.181089672804514
28.607879,77,2321.748675,True,False,False,5.850322185709232,2.636055879123374
35.446414,45,2322.014872,True,False,False,4.633075659286386,3.5667068498015646
40.715498,43,2322.305406,True,False,False,4.80096891993936,4.558162396718764
40.361396,49,2322.641341,True,False,False,4.836626645065473,4.6248153627860695
28.18415,24,2322.807512,True,False,False,2.0382769855889533,1.9975412697077837
26.624148,16,2322.919041,True,False,False,1.5428133828329864,1.6511030113170786
34.847189,39,2323.193953,True,False,False,3.4155976178944027,3.4081521354591446
37.796151,49,2323.534086,True,False,False,4.187301368637842,4.0942685690510405
28.02414,24,2325.38322,True,False,False,1.9419017075771452,2.0457904364798156
25.858493,28,2325.577943,True,False,False,1.6997124511957056,1.5947298450562053
32.82065,19,2325.711349,True,False,False,2.979538010196831,2.836574662107095
41.200134,56,2326.100769,True,False,False,5.2439737465374305,4.704352320302873
47.383993,53,2326.456913,True,False,False,7.261037242205467,5.8018727197880295
30.449969,30,2326.668892,True,False,False,3.0459502992371377,2.4808747974422833
43.372772,53,2328.227655,True,False,False,6.8842799565449795,5.3274114191294295
32.144241,34,2328.450059,True,False,False,2.6076169224364443,2.7755444454886304
40.47863,52,2328.773773,True,False,False,4.904187686692592,4.567283985785341
29.903838,27,2328.965687,True,False,False,2.1795592556258345,2.3755565689924962
29.011602,29,2329.14713,True,False,False,2.5543199849459626,2.321121735286215
34.952807,29,2329.309876,True,False,False,3.4743991693457166,3.277486277022262
30.540232,25,2329.443417,True,False,False,2.6275683067960376,2.4994378814172102
30.475294,28,2329.593628,True,False,False,2.410100090203842,2.452717778566436
30.093144,38,2329.794183,True,False,False,3.1767990360730924,2.5701158133238127
41.56615,70,2331.513251,True,False,False,6.327051171426343,5.305625476455434
29.151565,29,2331.668917,True,False,False,2.352721811002354,2.2679023520709545
44.26314,79,2332.143178,True,False,False,5.751926572032924,5.457739493010865
43.518924,40,2332.374739,True,False,False,5.692816952668854,5.061834097936952
26.948084,40,2332.625213,True,False,False,2.0568686073127505,1.948749142424947
41.734127,44,2332.907999,True,False,False,4.8700174125401245,4.741133066203573
45.141486,69,2333.352389,True,False,False,7.358965343285399,5.645959101812058
40.22135,39,2333.619617,True,False,False,4.587838327047615,4.313422489705466
29.319395,27,2333.762807,True,False,False,2.143302677274625,2.2179596174238814
41.40748,53,2334.098966,True,False,False,5.915243537689306,4.84359720660511
36.547071,50,2336.009777,True,False,False,6.565792039973649,3.8279052045263735
30.477453,34,2336.242133,True,False,False,3.0164524109642703,2.471673519013634
39.89202,46,2336.560155,True,False,False,5.240628785349788,4.765739186009465
44.582713,79,2337.107994,True,False,False,5.7989012693261195,5.530467190776329
39.13195,55,2337.485055,True,False,False,4.533453976742055,4.373840370728378
28.919509,25,2337.658817,True,False,False,2.0462978633832694,2.117958859906936
45.659836,53,2338.021137,True,False,False,5.440485230929291,5.496078076058892
45.784577,68,2338.456891,True,False,False,6.0603841771510485,5.70122742274345
25.818467,50,2338.753152,True,False,False,3.3083852302656878,1.786100778554319
44.23798,36,2338.970594,True,False,False,5.408825879391756,5.144320005834814
-16.781116,15,2339.056869,False,True,False,1.0709823475110982,4.124689883494701
46.664183,41,2340.792701,True,False,False,5.491775136846173,5.560128296565072
37.480362,65,2341.222353,True,False,False,4.94235745430107,4.1151440377315
40.27744,60,2341.605871,True,False,False,4.939755029340375,4.507412644993241
48.395073,61,2341.974565,True,False,False,6.388670981869627,6.053502541951404
25.562717,33,2342.170958,True,False,False,2.1845198206158574,1.5836758782274152
36.576088,54,2342.471925,True,False,False,4.045768821868966,3.8239121169554804
32.37322,27,2342.658377,True,False,False,2.958543244447173,2.87500541845092
28.722551,14,2342.757204,True,False,False,1.8671198624044791,2.006251183098709
45.675515,63,2343.19352,True,False,False,5.752058345597878,5.38533438610386
31.440493,29,2343.350744,True,False,False,2.6818035627191983,2.60345008462878
41.900138,49,2343.701497,True,False,False,4.811030600713004,4.759947378174662
33.318225,27,2343.898712,True,False,False,3.2188868498027747,3.022282829063151
25.892562,26,2345.735994,True,False,False,1.4602247672235928,1.619513337247462
27.705363,25,2345.893547,True,False,False,1.8894578727434783,1.9067568318143717
33.452341,89,2346.404644,True,False,False,7.396005791198537,3.940585096227585
38.834415,62,2346.772602,True,False,False,8.285535671385464,4.363016975189685
27.17168,22,2346.908706,True,False,False,1.618677363817727,1.8043607583407795
36.62633,39,2347.13922,True,False,False,4.141923462432908,3.7616821297826886
35.369525,52,2347.441162,True,False,False,3.8728680220937535,3.590382692064861
31.342524,40,2347.664835,True,False,False,3.6058898514288784,2.7154100498062697
29.275564,39,2347.889657,True,False,False,2.546832657873839,2.3873602269391596
45.511776,76,2348.325025,True,False,False,5.839027434739572,5.522328197025252
35.000778,46,2348.638844,True,False,False,4.338843109293957,3.393169543462158
31.498238,18,2350.461834,True,False,False,2.3807260892854303,2.5659671278940843
28.853352,14,2350.551943,True,False,False,1.9812533526995197,2.038509880773462
46.307526,72,2351.036054,True,False,False,5.808825356861088,5.692944114309426
34.185642,19,2351.14637,True,False,False,3.1295669353679383,3.1211468441567933
36.312302,44,2352.628219,True,False,False,4.950642759449898,3.881243601005793
38.878658,35,2352.830726,True,False,False,4.1597227018012735,4.143508368519857
45.41525,77,2353.272118,True,False,False,6.062044863531928,5.611813960263863
41.416845,80,2353.807291,True,False,False,6.303176781145157,4.996957053784332
39.812078,37,2354.071237,True,False,False,4.242769140065801,4.264081550902825
25.731784,23,2354.213712,True,False,False,1.394621358098673,1.5267226819260435
38.287756,39,2354.486051,True,False,False,4.820499459344098,4.061896144143732
34.871637,29,2354.683959,True,False,False,3.426319631306437,3.2235339582194356
33.947411,27,2354.876277,True,False,False,3.1844961653121917,3.10984729224889
36.746212,54,2356.824826,True,False,False,5.7278282591655465,3.920160779220617
37.344465,57,2357.198587,True,False,False,5.62198618761226,4.08829648921205
31.171472,19,2357.330965,True,False,False,3.180018764659721,2.549370757959692
26.208998,24,2357.483767,True,False,False,2.2790437627030475,1.5509508865333193
45.461163,58,2357.891114,True,False,False,7.2851282179503185,5.59795982088189
44.727231,94,2358.522955,True,False,False,8.15516162307743,5.812396040026708
33.442259,21,2358.682465,True,False,False,2.854597637662527,2.9753438414466333
30.064013,33,2358.914787,True,False,False,2.9590773163588335,2.439461184309864
39.189754,46,2359.235006,True,False,False,4.208027566302192,4.179166354802984
-9.247993,18,2359.357647,False,True,False,2.289372658061475,4.694727690745387
44.423708,49,2359.708046,True,False,False,6.14985536150344,5.3514241971388525
39.933031,55,2361.462749,True,False,False,4.700643693381106,4.477121840324962
28.865333,59,2361.781725,True,False,False,5.960421503476431,2.5254727301459954
41.024745,45,2362.037107,True,False,False,4.506323239028165,4.5079244046148315
40.586851,68,2362.429302,True,False,False,4.526889862948206,4.74917929280996
40.742618,63,2362.791613,True,False,False,4.849422844671535,4.691817727051522
33.95489,25,2362.93843,True,False,False,3.076455715834601,3.0708256604690343
38.450827,79,2363.425308,True,False,False,4.406069304787783,4.465408862389844
26.982903,28,2363.601657,True,False,False,2.427388608046843,2.0834866599101014
35.072583,41,2363.85984,True,False,False,4.8682402226908374,3.530133770861005
40.01286,52,2364.150651,True,False,False,5.407279770101851,4.796443734260465
44.500671,50,2364.43891,True,False,False,5.311513737212588,5.260888050114873
36.814807,32,2366.324508,True,False,False,3.7369479006175013,3.6893497356131864
35.238143,48,2366.601698,True,False,False,3.9402825774111485,3.5862255127176947
37.948945,56,2366.974552,True,False,False,5.338096270283982,4.135278988873414
44.933053,36,2367.179184,True,False,False,5.236292402081807,5.139326719836951
34.976719,43,2367.43233,True,False,False,4.201722321520222,3.5076408420983647
39.703141,51,2367.721043,True,False,False,5.2136814945363765,4.436853295588708
42.141072,86,2368.25977,True,False,False,6.225292342239446,5.32947846060425
38.676645,61,2368.616573,True,False,False,5.134597970067311,4.33183484004608
42.945012,56,2369.006624,True,False,False,5.3289001354250365,5.043962240940726
37.106918,53,2370.74852,True,False,False,4.726587646432313,3.9264252238204596
45.381666,49,2371.004841,True,False,False,5.953862832113994,5.479919910091158
39.104053,53,2371.316832,True,False,False,4.935767578307567,4.394896498938942
44.677316,79,2371.778083,True,False,False,5.828707478129723,5.461180812333692
49.48859,65,2372.175745,True,False,False,7.154183051021884,6.235221052886055
43.071214,45,2372.454987,True,False,False,5.803725278062046,5.027596718242287
42.647043,38,2372.697052,True,False,False,4.85805128139748,4.851402673726185
35.053176,41,2372.986037,True,False,False,3.557327228147106,3.3255838094965795
37.516498,37,2373.245422,True,False,False,4.629046584138181,3.821877664495962
36.12536,41,2373.522128,True,False,False,3.623397607597272,3.5523432470833893
33.726894,25,2373.687973,True,False,False,3.0800741982366606,3.1117662835695743
42.102275,49,2375.61,True,False,False,6.004563754956105,4.807565015837138
29.649132,46,2375.865613,True,False,False,2.4773219153924986,2.43894005325253
42.870915,52,2377.157324,True,False,False,5.88752855867436,5.1723941500843615
29.165078,42,2377.441584,True,False,False,3.5550658162570263,2.3068194664530086
25.736144,34,2377.683601,True,False,False,1.8413168540971114,1.8710759628008797
32.669778,45,2378.003255,True,False,False,3.0200228713964723,2.937988091115729
39.267888,49,2378.351586,True,False,False,4.686648282075919,4.221128919776014
32.63445,33,2378.577525,True,False,False,2.845761551047282,2.8329479480890405
30.334701,40,2378.86888,True,False,False,3.9595876904842444,2.51728987063136
-15.347667,16,2378.956889,False,True,False,1.5752996734203977,2.7282220997766577
36.335396,35,2379.140744,True,False,False,3.6396836674513806,3.55889518997525
29.312292,20,2379.245123,True,False,False,2.063777135556458,2.142339333467402
45.923747,73,2379.625069,True,False,False,6.504348537082906,5.63510828778766
26.949763,18,2381.178746,True,False,False,2.645518777014077,1.7183951860447935
42.548055,54,2381.533793,True,False,False,4.907480501425994,4.8596416910501175
35.076387,39,2381.804064,True,False,False,3.471338103735817,3.3735405432449435
26.740007,25,2381.974352,True,False,False,3.4542981694543524,1.715236043503557
28.802896,21,2382.11702,True,False,False,2.3747275083491823,2.069405280273486
35.88495,35,2382.358374,True,False,False,4.037641880379623,3.57711299527871
36.42678,38,2382.626937,True,False,False,3.8319127559193533,3.67190652254501
31.873499,44,2382.928095,True,False,False,3.0787544069738324,2.8298468672648447
31.342306,26,2383.107688,True,False,False,2.831441849405016,2.6705016649221758
47.442226,67,2383.598139,True,False,False,7.701871529016701,6.060323806917566
49.295332,93,2384.348316,True,False,False,7.6462118504361785,6.545565165406197
30.470999,39,2384.585403,True,False,False,3.259929769551769,2.473131289747429
42.529924,69,2386.590845,True,False,False,5.565051272325974,5.032780103682542
30.645784,45,2386.848631,True,False,False,4.0886779189202525,2.776684074748232
31.370103,44,2387.082326,True,False,False,3.777490568322338,2.712902937324081
40.088099,31,2387.257882,True,False,False,4.7972083879183955,4.244101110375776
27.681497,25,2387.396668,True,False,False,2.053267536330501,1.9017267440849899
36.07958,34,2387.586142,True,False,False,3.4301119454040956,3.4934281435124106
39.031159,46,2387.905834,True,False,False,4.403420984732327,4.277338655393535
39.234386,49,2388.231564,True,False,False,5.006234142641521,4.588093946424141
43.638364,85,2388.722695,True,False,False,6.151845567375155,5.551905868742267
31.62586,61,2389.143409,True,False,False,4.344155978961628,3.003145959413353
30.557617,26,2389.327635,True,False,False,2.3739573900414475,2.5600333242590607
39.924481,32,2391.180902,True,False,False,4.314978590196126,4.191316915355607
39.398938,54,2391.560314,True,False,False,5.838896719813895,4.307867502342582
52.88507,84,2392.164891,True,False,False,8.057380609407886,6.988712330922013
54.146717,92,2392.732702,True,False,False,7.5830264570850545,7.4268920679173975
28.489749,38,2392.966511,True,False,False,2.676149708774034,2.242538250537823
32.983457,34,2393.178281,True,False,False,3.0463162557639385,3.155423770067177
28.672369,22,2393.329636,True,False,False,2.0068656797416953,2.0902735533681436
44.799244,56,2393.646239,True,False,False,5.5616487629666675,5.263278395103111
51.904595,68,2394.073055,True,False,False,6.816413620951006,6.612766611301623
27.57226,20,2394.1925,True,False,False,1.7282567550326953,1.8411644205971858
26.209125,15,2394.271433,True,False,False,1.2984132403056077,1.5394550956169784
36.560355,47,2395.995438,True,False,False,3.8153934574222808,3.8595096523010834
37.905445,52,2396.319063,True,False,False,5.875331740883193,4.1059246833592375
45.488222,77,2396.803241,True,False,False,6.830268365151444,5.7713229443525105
26.509936,41,2397.08026,True,False,False,1.8722587222074316,1.8397516961688947
-15.610431,17,2397.197421,False,True,False,1.23819168469965,2.892141148103253
30.24808,44,2397.496257,True,False,False,3.2059962754657,2.507903266927857
30.808809,25,2397.672977,True,False,False,2.604534101424115,2.580219256070366
26.889787,28,2397.868694,True,False,False,2.211863425598689,1.836940663516149
27.982388,29,2398.022545,True,False,False,2.2523351122521085,1.974353020806583
42.715389,68,2398.429716,True,False,False,5.224294180191393,5.016720891933765
26.224458,25,2398.606519,True,False,False,1.9850804551717287,1.6151139878826484
42.696412,44,2398.900198,True,False,False,5.2978795757978885,4.906683510571243
42.589698,58,2402.097559,True,False,False,6.242169767144614,5.021299882430263
47.092078,44,2402.397405,True,False,False,5.778070884955783,5.749285362987346
33.512125,30,2402.572645,True,False,False,3.0022511329213017,3.004495074074904
41.353926,52,2402.878048,True,False,False,5.543883973596262,4.709590338005821
33.883657,72,2403.367842,True,False,False,6.437246222693631,3.7297388380285894
35.361256,62,2403.772796,True,False,False,3.806145257459171,3.6562620340587078
35.338094,34,2404.01694,True,False,False,3.560998435086733,3.367390550601578
37.910985,42,2404.311016,True,False,False,4.167055726888299,3.937977288676355
43.059777,97,2404.907478,True,False,False,8.02903563905615,5.630135279157571
-19.298298,6,2404.941892,False,True,False,0.32608492720773335,2.879762151789619
35.879133,43,2405.177863,True,False,False,3.908049207894017,3.6998651155588957
28.317595,22,2406.820922,True,False,False,2.1735309762396637,1.9741809804162185
28.941814,46,2407.088832,True,False,False,4.817045571489353,2.4086561963775033
-14.565958,12,2407.16142,False,True,False,1.2818278990703018,2.7817634343866287
44.95424,51,2407.447453,True,False,False,6.155283820856903,5.4565894359158005
46.780016,84,2408.024031,True,False,False,6.545401470095985,6.020559471973311
39.315254,36,2408.276166,True,False,False,4.559962292085605,4.210808868025678
28.269919,30,2408.505138,True,False,False,2.325503514937696,2.0655370194662117
31.140885,35,2408.786707,True,False,False,2.7570134711071774,2.7084625373138462
26.726928,19,2408.889575,True,False,False,1.5256322512264417,1.7001077603798869
40.907468,50,2409.170708,True,False,False,5.304317209340937,4.713611858191473
25.572036,27,2409.356872,True,False,False,1.9726216279365114,1.8027252834944092
36.11525,61,2409.744328,True,False,False,3.9755559857242733,3.8280032691527723
51.567748,78,2411.878018,True,False,False,9.106671573833435,7.0315933595576015
47.309631,40,2412.123629,True,False,False,6.145170308634487,5.679747338602737
30.078324,31,2412.308689,True,False,False,2.6519663993167217,2.4514874928331882
38.277331,37,2412.552397,True,False,False,5.325543240446547,4.0311056813015576
28.420574,34,2412.77335,True,False,False,2.1569432953999192,2.1625810902959977
44.730299,78,2413.2549,True,False,False,5.672747000689101,5.541263833523078
28.392181,29,2413.449126,True,False,False,2.5691173061790855,2.100217080130627
38.863483,53,2413.825556,True,False,False,6.828132816127446,4.207594291629165
26.924482,14,2413.923998,True,False,False,1.4981065336071109,1.7113685407302397
53.54246,49,2414.203399,True,False,False,7.328952055235657,7.0056201107182305
32.916719,34,2414.410214,True,False,False,2.91512048442518,2.973588402753537
28.175993,27,2414.591529,True,False,False,2.2776964258631334,2.0134451246361604
44.852093,65,2416.54195,True,False,False,5.5829885021710375,5.480514780184648
34.20339,38,2416.761584,True,False,False,3.9470789826671884,3.252582401204126
31.983238,44,2417.033703,True,False,False,3.4187514507240957,2.86682372138971
31.889623,45,2417.319274,True,False,False,4.5507910482753395,2.943047444430786
-11.330846,21,2417.441851,False,True,False,2.1630012035147392,3.163235380814304
43.179806,46,2417.723433,True,False,False,5.063019454801578,4.953376382715922
28.846324,31,2417.914009,True,False,False,2.0841577106188334,2.1622765070864136
43.533451,111,2418.694243,True,False,False,5.895488518234122,5.699430061793461
44.703709,41,2418.982053,True,False,False,5.539957606690112,5.497301835054106
40.109675,58,2419.373435,True,False,False,4.6667110870586574,4.506656555830854
31.319609,20,2419.510689,True,False,False,2.714882749050328,2.577946507879291
34.207353,36,2419.758151,True,False,False,4.03376216900808,3.2657428231445436
32.944839,49,2421.758256,True,False,False,3.449158383518483,3.4410773828263466
38.796704,42,2422.020243,True,False,False,4.9357400783931435,4.368609477256057
36.371344,64,2422.418311,True,False,False,6.468510844654854,3.9145610758420766
-17.040461,10,2422.478998,False,True,False,1.034192700011889,5.498182603410791
31.395674,39,2422.725173,True,False,False,4.601592682813242,2.656125067933455
27.128292,24,2422.867129,True,False,False,2.6191752271817785,1.8840367438061496
27.648745,25,2423.023741,True,False,False,2.2313580783614473,1.9909137250829458
43.61934,75,2423.51711,True,False,False,7.42087959500943,5.787000358308262
30.695854,27,2423.670552,True,False,False,3.078273999652397,2.5255521032043395
-13.561755,22,2423.806683,False,True,False,2.189782666298522,3.9526347411192915
29.162149,50,2424.096572,True,False,False,4.472683797012227,2.637385845897058
28.49364,24,2424.235437,True,False,False,2.4679009828208236,2.2263570055626714
40.081954,58,2425.935255,True,False,False,5.608635691703876,4.517152178551347
43.81021,73,2427.907632,True,False,False,5.917077908582747,5.303372349499566
37.476218,45,2428.206903,True,False,False,3.9633096060431083,3.8822435384966805
37.427011,43,2428.48188,True,False,False,4.6706963677039255,3.9628821457257413
36.066407,46,2428.822784,True,False,False,5.249268632147794,3.711259240055238
34.262755,42,2429.070853,True,False,False,3.5535423650352085,3.2620858834947195
39.099454,43,2429.334908,True,False,False,5.952284754789324,4.260748188428854
-17.765544,9,2429.385336,False,True,False,0.6642538528664528,3.469992100136021
51.256028,70,2429.780331,True,False,False,6.9928520758212125,6.557282213856821
33.882044,36,2429.987578,True,False,False,3.3434631790177973,3.150812183319518
31.083922,45,2430.236627,True,False,False,5.327341364560925,2.785822832174909
36.045593,29,2430.426369,True,False,False,3.680853583708855,3.494155448233574
38.288509,36,2430.666679,True,False,False,4.533658636140419,4.007670158829805
41.998426,53,2432.646826,True,False,False,4.974179681702698,4.7131778312096335
37.457484,42,2432.947321,True,False,False,5.307948300134428,3.961446778902465
29.684461,23,2433.106605,True,False,False,2.513446474375383,2.4016479029898963
30.664063,27,2433.284914,True,False,False,2.386230069526493,2.4260190024963
42.823423,50,2433.595054,True,False,False,5.283822268851074,5.204852911547375
46.155877,54,2433.967043,True,False,False,6.6534486417453245,5.540271290123396
43.869448,100,2434.579129,True,False,False,7.511378735538658,5.846139715703599
51.376441,95,2435.127958,True,False,False,7.397013082814606,6.818094763161718
-10.448084,30,2435.289149,False,True,False,3.7436865577007685,4.479920290970215
26.800304,22,2435.417671,True,False,False,1.7662859698780529,1.7412093790406
49.111505,111,2437.521897,True,False,False,7.6017951500761125,6.645541282725205
31.518104,54,2437.838171,True,False,False,3.70164692614835,3.1814885318406425
32.137366,34,2438.039187,True,False,False,3.2184039096619528,2.837534560849661
35.983659,42,2438.284545,True,False,False,4.931085728249351,3.595867609355878
33.714624,33,2438.470959,True,False,False,2.9871862213367435,3.1366835565631708
30.636374,22,2438.595789,True,False,False,2.4775814611210283,2.3795528376934856
37.041813,49,2438.890834,True,False,False,3.7268992717122456,3.7593808897308416
46.190453,58,2439.298,True,False,False,6.7219487899537285,5.745166231222193
47.479537,42,2439.53338,True,False,False,6.293656272268634,5.775720303524606
40.136632,77,2439.989133,True,False,False,8.115261090702383,4.9078245629748665
35.485367,48,2441.849388,True,False,False,3.445795309538038,3.524499274033539
27.31131,29,2442.05032,True,False,False,2.1903521591194663,1.867709066197794
34.930725,31,2442.25826,True,False,False,3.308313170265704,3.4112702094903056
36.174943,45,2442.535706,True,False,False,4.317409923778508,3.69300677339021
41.779176,61,2442.912727,True,False,False,5.760970106454445,4.933698208884446
41.750329,38,2443.176854,True,False,False,5.374576463732544,4.720573872910239
31.562464,59,2443.606946,True,False,False,4.278321613919887,3.0284734444034576
33.919804,42,2443.892579,True,False,False,3.7709980183368006,3.2593955525922107
30.905733,24,2444.063141,True,False,False,3.6084989627939814,2.414393400992466
38.452693,56,2444.460592,True,False,False,5.443050461278748,4.296813787951378
33.124905,33,2444.695617,True,False,False,3.1250471835681526,3.0902143008922867
36.699993,30,2444.899375,True,False,False,3.7933848222023356,3.648367066021404
34.154191,33,2446.776731,True,False,False,3.451412207597359,3.2073059858193482
43.797124,47,2447.093834,True,False,False,5.1597711976412075,4.998512768403671
29.063459,24,2447.259536,True,False,False,2.1485552183033896,2.125546999563572
31.994335,38,2447.517751,True,False,False,3.008266216152334,2.769524144179391
46.845,83,2448.090091,True,False,False,7.014806868012348,5.9007590920940345
41.56734,75,2448.63083,True,False,False,6.9511909720218625,5.006337441306996
30.402415,33,2448.870793,True,False,False,2.5116556732911843,2.525305946132774
31.326533,51,2449.229446,True,False,False,4.185543566294457,2.977114635483317
32.569476,29,2449.430374,True,False,False,2.9958541771639484,2.8540213306945375
30.863989,34,2450.801305,True,False,False,2.7846895209141067,2.5777641634175668
45.788319,47,2451.057603,True,False,False,5.552257398072245,5.543749819421465
46.536194,56,2453.024508,True,False,False,6.6296341522974265,5.591084620232176
42.984405,49,2453.301818,True,False,False,5.611824999880159,4.93797669395013
35.159357,46,2453.564785,True,False,False,4.201685949800709,3.5946478649370683
26.460942,17,2453.665014,True,False,False,1.8793936251262806,1.6529908022541397
42.219784,47,2453.936069,True,False,False,4.936603104735377,4.823287428118259
34.014782,39,2454.15309,True,False,False,3.2665639106161124,3.3124982910472087
42.33601,66,2454.567833,True,False,False,6.271517410280501,5.203795664083725
27.255349,13,2454.657222,True,False,False,1.6062763537988927,1.6963300874895209
27.860048,42,2454.94636,True,False,False,2.7847951893727814,2.1449869182774646
39.921616,38,2455.211848,True,False,False,4.544656556370791,4.20997598828281
39.529879,45,2455.487072,True,False,False,5.6407971802023615,4.328608757492033
35.283754,44,2455.797256,True,False,False,3.9553663524886193,3.5293658321672035
37.986939,53,2457.715044,True,False,False,3.9837840300161056,4.08285685673425
34.61824,33,2457.946952,True,False,False,3.896895179348132,3.3534348382002204
-2.003948,89,2458.559849,False,True,False,6.733064240105639,5.732412108799335
52.25833,72,2459.136324,True,False,False,7.263001283848601,6.863812197999204
47.965232,60,2459.549444,True,False,False,7.7710812548706425,5.95759100215379
40.145145,49,2459.778151,True,False,False,4.478572874354367,4.369828026884164
35.359518,79,2460.143046,True,False,False,4.490674175056177,3.946818585486461
28.796911,37,2460.311297,True,False,False,2.7349658129448957,2.3248262227856302
49.073692,78,2460.673297,True,False,False,7.995024128025565,6.393536073299578
37.859712,55,2462.585034,True,False,False,5.016337688609423,4.13767111456041
45.466912,59,2462.903188,True,False,False,7.721672127730609,5.726860434060401
42.008825,46,2463.159369,True,False,False,5.0264190433017575,4.820852042397181
36.644646,37,2463.365992,True,False,False,3.655090525981532,3.706659617472492
55.730039,85,2463.877765,True,False,False,8.966919803205514,7.754453318678321
32.058889,28,2464.077131,True,False,False,3.2092632776770538,2.6800609919325424
32.310816,41,2464.357855,True,False,False,2.9328512479047326,2.905873177187067
40.477515,54,2464.697665,True,False,False,4.745557571806986,4.515739313896196
41.621319,56,2465.002141,True,False,False,5.692769285570095,5.0635743998501
28.985024,40,2465.231285,True,False,False,3.052786816146861,2.359959792546317
40.323041,35,2467.014395,True,False,False,4.723642216969341,4.401938685133179
32.753756,30,2467.173857,True,False,False,3.1244325608451446,2.937645201597068
27.836363,16,2467.271042,True,False,False,1.765872409149377,1.8093228279392393
37.027853,40,2467.507262,True,False,False,5.036157999079826,3.8664888965006488
27.368469,18,2467.616305,True,False,False,1.5331390658887603,1.7051004071017177
28.539954,26,2467.78041,True,False,False,1.937010900421005,2.0814033944513186
33.058832,34,2467.996833,True,False,False,3.249137109342061,3.142199954187762
40.529504,51,2468.285867,True,False,False,5.031091514854573,4.617146912611807
40.275037,64,2468.727086,True,False,False,5.9240669031733795,4.717729523350866
40.954917,70,2469.126972,True,False,False,5.033480640519829,4.810422848069729
40.355863,69,2469.581969,True,False,False,5.682433300960397,4.611506751556732
30.552171,34,2469.818134,True,False,False,2.8734796124653186,2.5352347321202138
31.553169,26,2469.993487,True,False,False,2.7541200753162642,2.7065146407439724
29.738101,38,2471.845122,True,False,False,3.0852261977307154,2.486078869716223
42.062694,36,2472.088138,True,False,False,4.989442805267209,4.583472969691666
42.670359,64,2472.496575,True,False,False,5.430908981443211,5.030847159557747
40.694123,45,2472.784379,True,False,False,5.591441024187983,4.470412190714429
30.524379,23,2472.918543,True,False,False,2.393285461995572,2.431146776247565
32.496135,29,2473.074403,True,False,False,3.0261714097315924,3.082776044743356
31.576222,27,2473.232063,True,False,False,2.519276064035475,2.6248334375734985
29.376097,19,2473.337559,True,False,False,2.319276481411861,2.2745970258793533
32.652231,46,2473.604188,True,False,False,3.0706628899359276,3.006789114644403
-22.665969,7,2473.654548,False,True,False,0.30977053053658493,4.0171428150268955
29.224967,20,2473.789137,True,False,False,2.2074968660920127,2.210502233543431
37.51996,25,2475.195839,True,False,False,3.6064754256762757,3.7328857556662323
27.477123,28,2475.362888,True,False,False,1.7626727824480355,1.8467198441229877
39.438578,55,2475.718224,True,False,False,4.339342484065646,4.236459628159114
-16.881303,15,2475.820838,False,True,False,1.1105845283744378,4.183156363461118
43.683459,55,2476.191695,True,False,False,6.513713943190677,5.233691695226363
-19.0957,24,2477.952505,False,True,False,2.085767139039136,1.5535977670160661
36.665414,43,2478.237322,True,False,False,4.609336646526486,3.727861916614978
41.805259,62,2478.671858,True,False,False,4.955218857653915,4.764130561428004
27.498591,27,2478.873693,True,False,False,1.8762082062963745,1.9286298832763868
27.471686,45,2479.194086,True,False,False,3.240104514590529,2.0539204028300775
41.170471,64,2479.614738,True,False,False,5.120406443690618,4.789875741656479
34.013291,33,2479.80238,True,False,False,3.83973414863366,3.2331048434569656
45.407629,98,2480.332873,True,False,False,7.101463637198869,5.969007113720836
-16.374539,11,2480.40436,False,True,False,0.8698338304507615,5.732822577442766
37.964676,47,2480.727217,True,False,False,4.401835590897287,3.9934054109777
31.72296,53,2481.094643,True,False,False,3.4046583111080118,2.9573752867161764
27.716242,19,2482.847993,True,False,False,1.9133933440173878,1.8744335728639792
36.511883,32,2483.048552,True,False,False,4.048157164932696,3.6670502201712587
35.549871,41,2483.262596,True,False,False,3.9396915386175615,3.5593409890607304
29.134628,25,2483.39381,True,False,False,2.7762359682937134,2.19791129824085
44.288371,74,2483.900922,True,False,False,5.329293638886816,5.348992006434797
33.624102,45,2484.22427,True,False,False,3.9346775878844444,3.1936935035068217
51.835373,83,2484.818682,True,False,False,7.027700137951103,6.752290649044805
33.262686,37,2485.080825,True,False,False,3.244889395282903,3.0379109777748816
50.763995,57,2485.469338,True,False,False,7.636727517025296,6.738037573944282
44.719765,49,2485.760484,True,False,False,6.285776729335845,5.350381702176982
33.687358,67,2487.629612,True,False,False,5.477981827633359,3.567019276057652
32.038882,28,2487.78979,True,False,False,3.2969774115701482,2.8460522382313407
34.63594,35,2488.001183,True,False,False,4.3106948197901325,3.33107518671747
32.375001,33,2488.190708,True,False,False,3.04178608118345,2.832119686491334
-16.075222,46,2488.484188,False,True,False,3.059865473912576,3.033389987402283
45.939472,49,2488.831338,True,False,False,6.17309654034562,5.632653550854659
28.347244,31,2489.016164,True,False,False,2.368062652368119,2.299017369701277
29.301356,23,2489.154283,True,False,False,1.9625196145917643,2.2278939947602017
45.188961,87,2489.690262,True,False,False,7.943567866367185,5.836142899494083
44.408366,67,2490.137817,True,False,False,6.547475590591639,5.359009959881465
31.71993,35,2490.378321,True,False,False,4.000281091577782,2.8065053284966424
47.238605,55,2490.712858,True,False,False,6.7329743193662495,5.917253745855247
26.48029,20,2492.334752,True,False,False,1.5624134100971292,1.634685739256528
44.951862,63,2492.708345,True,False,False,5.5691852286311665,5.548340974924923
39.196965,48,2492.990673,True,False,False,4.598129422068227,4.213269163767061
50.023278,98,2493.563895,True,False,False,6.9000345150324565,6.66583728182259
43.996789,48,2493.850704,True,False,False,5.71917368245951,5.217820212772886
37.736341,37,2494.076506,True,False,False,4.605881426443416,3.8878676366827962
39.196246,36,2494.291356,True,False,False,5.530011619047236,4.202180422978377
24.755953,33,2494.484944,True,False,False,2.711416746834026,1.5312535364882742
48.063755,75,2494.942814,True,False,False,7.060289865652114,6.021238330835147
35.408644,46,2495.221608,True,False,False,3.7619643509831535,3.5319910035431112
-15.76217,16,2495.30639,False,True,False,1.396289742999965,4.586082706190961
37.52603,64,2497.247558,True,False,False,5.823540857467236,4.126776416780663
43.281137,55,2497.629802,True,False,False,5.103994623328133,4.947600532086278
-16.674361,9,2497.691498,False,True,False,0.8456508805339433,1.9013297147621506
35.408745,54,2498.065643,True,False,False,5.680351427102753,3.6993945084933952
34.539232,44,2498.365181,True,False,False,4.431436074746807,3.395384731447923
31.58431,27,2498.551346,True,False,False,3.287843967394219,2.6589555486803835
39.31351,64,2500.110348,True,False,False,4.345712860417702,4.4280294269828
28.818557,28,2500.292444,True,False,False,2.1613306000114387,2.1520458184690203
33.43123,50,2500.628331,True,False,False,4.734725792532137,3.137780372193292
36.721117,50,2500.967853,True,False,False,3.93818423074743,3.9839339090249015
39.533929,74,2501.498098,True,False,False,5.406653370629286,4.554937452433161
34.967235,38,2503.32943,True,False,False,3.699228312912219,3.3696766352530494
28.185738,20,2503.4371,True,False,False,1.6932664686477648,1.9211611594551017
36.568223,56,2503.749172,True,False,False,4.929868846254707,3.901722766391677
42.661345,80,2504.215925,True,False,False,5.193394279416916,5.072521823561379
29.910372,36,2504.470212,True,False,False,2.6000408842044163,2.393164810855474
34.598001,28,2504.65592,True,False,False,3.368742355303007,3.2970445241355537
38.148751,58,2505.017515,True,False,False,4.7633327087626816,4.079869427654157
42.664954,77,2505.506001,True,False,False,7.8788456166886665,5.451245502671178
-14.199455,17,2505.599336,False,True,False,1.5238852029158083,4.617723701979759
35.942765,59,2505.966197,True,False,False,5.176636742216811,3.770199891706549
31.594752,34,2506.19741,True,False,False,3.4740103007696472,2.7357234011263163
32.665658,52,2508.070753,True,False,False,4.860820713345999,3.2962960328059197
37.805001,48,2508.351921,True,False,False,4.46314205569809,3.921334018752939
34.984153,51,2508.71777,True,False,False,4.658877348828639,3.6551946288640216
43.586108,57,2509.108289,True,False,False,5.855200535176232,5.286339742452465
42.263884,49,2509.402955,True,False,False,5.862464816746383,4.949180781336765
25.854468,23,2509.541259,True,False,False,1.6183842585186539,1.6028252901956443
49.282381,74,2510.01427,True,False,False,6.891054179627072,6.473092164649923
38.256987,31,2510.199976,True,False,False,4.297541994051349,3.977997591856732
44.811215,64,2510.538127,True,False,False,5.726358904700774,5.315621082661947
41.890071,89,2512.684991,True,False,False,7.2256494760638255,5.49043422201914
30.014425,39,2512.907291,True,False,False,2.372584357448544,2.417604048725412
36.324916,69,2513.318965,True,False,False,4.80699226525427,3.9839590113863474
33.158544,26,2513.50306,True,False,False,3.076936972084947,2.968443242419903
43.655249,63,2513.925724,True,False,False,5.500193820507022,5.26362566766846
31.743204,38,2514.157635,True,False,False,3.6675963693508122,2.8338212418843995
49.558265,48,2514.432686,True,False,False,6.212153455169604,6.250882877216039
-17.193657,7,2514.473495,False,True,False,0.7756987116262704,1.9075189734516635
30.817096,29,2514.648545,True,False,False,2.4469190570810686,2.498345515397885
45.170083,61,2515.034714,True,False,False,5.768089166921707,5.522291833721377
36.169928,55,2515.408319,True,False,False,4.496190313771869,4.008252244777661
37.242387,43,2515.703921,True,False,False,3.9362814362828273,3.8544762065086466
31.113247,20,2517.363122,True,False,False,2.9058747950376866,2.543840597916543
36.856653,32,2517.54289,True,False,False,3.908112627823816,3.768820399236718
27.414154,21,2517.68359,True,False,False,2.1051898242707163,1.9020700655758298
34.150406,41,2517.939138,True,False,False,3.232730381972806,3.249806591822828
50.020563,113,2518.618316,True,False,False,7.256337240849139,6.928533545006306
29.812079,37,2518.851322,True,False,False,2.945762786760748,2.455561862406731
46.981871,82,2519.332824,True,False,False,6.231579252563854,6.005737506365078
27.819074,29,2519.516067,True,False,False,2.7116898299767445,1.9124635944532273
37.718852,41,2519.807112,True,False,False,4.869643387201896,3.976845751406038
37.577344,56,2520.203956,True,False,False,4.380948712635047,4.039300800554763
46.493077,48,2520.528404,True,False,False,6.918190065312361,5.746606358592883
25.406418,85,2522.79678,True,False,False,5.416093067972547,2.337161453893113
26.885624,16,2522.885615,True,False,False,1.4428964462509357,1.663488827342029
31.330431,25,2523.025178,True,False,False,2.504509103419086,2.6063621472696332
42.270244,94,2523.562024,True,False,False,6.550726954197134,5.247974076007825
38.435177,32,2525.081632,True,False,False,3.974856379979024,3.968960021438637
35.342302,49,2525.422408,True,False,False,3.7298060689373744,3.5455002677882708
24.23848,29,2525.617028,True,False,False,2.4905351619259317,1.6417542838503931
29.908187,23,2525.780689,True,False,False,2.241343059461988,2.2994080848305427
45.222159,41,2526.055425,True,False,False,5.594562229476178,5.3535264962832025
34.136779,57,2526.401852,True,False,False,4.332404746940538,3.7508086469097512
-21.008768,13,2526.470326,False,True,False,1.1417326419141436,5.005186414106513
46.093409,88,2528.631852,True,False,False,6.410064085898684,5.803211173633059
32.495435,36,2528.844977,True,False,False,2.981162643491073,2.8982892208659243
44.391547,42,2529.072954,True,False,False,5.026781848488496,5.045111597061961
34.857363,51,2529.355838,True,False,False,4.500146246140571,3.5813911115267145
32.632107,36,2529.549798,True,False,False,3.019786560478672,2.9289487918549604
40.057141,73,2530.041204,True,False,False,4.773905749218454,4.559510438395862
28.342798,25,2530.206213,True,False,False,2.4601196591726615,2.12102809178979
30.762137,32,2530.431601,True,False,False,3.049201234609166,2.5047049503455088
39.503846,48,2530.721305,True,False,False,4.424382757038888,4.243269185103394
37.454217,41,2530.988999,True,False,False,5.805162855542587,4.021888228810524
34.024828,58,2531.386233,True,False,False,4.3033467475008305,3.4413487663172933
39.271564,91,2533.599684,True,False,False,5.293969882271033,5.005752046275536
31.544504,22,2533.728095,True,False,False,2.3674589069232446,2.584692900717163
33.985356,28,2533.923385,True,False,False,3.1700303207018705,3.1613190013803254
43.750068,42,2534.22835,True,False,False,5.321043891728053,5.102369501846936
41.329259,49,2534.582582,True,False,False,5.390758122349821,4.740513201747372
33.725496,52,2534.940506,True,False,False,4.236736317405847,3.223435680699158
32.893243,27,2535.124725,True,False,False,2.6813439461212307,2.825918644718914
27.43651,19,2535.25632,True,False,False,1.9428905873760596,1.8878429901050438
42.900347,58,2535.661212,True,False,False,5.120636218787178,5.097958330243942
36.059567,46,2535.978636,True,False,False,4.125531402106634,3.5864359716786285
32.581736,41,2536.262161,True,False,False,3.031603086484129,2.9407604725192225
43.982459,55,2536.646667,True,False,False,6.049458905669672,5.087138356230523
38.994666,47,2538.640157,True,False,False,4.995559105796016,4.23787715010491
42.195474,40,2538.928297,True,False,False,4.868877133753218,4.79749974215149
27.671271,20,2539.07453,True,False,False,1.9862141459360996,1.8699655397529178
26.755878,46,2539.39393,True,False,False,3.117389430189732,1.976000476110306
28.906905,33,2539.623751,True,False,False,2.1780028844150667,2.1991921810552406
37.228254,40,2539.91302,True,False,False,3.9594663561178898,3.848529784281518
37.828584,46,2540.194052,True,False,False,4.322191751080846,3.93423762871225
33.223342,30,2540.367512,True,False,False,3.2587739392122237,3.160387311335341
39.681101,54,2540.742102,True,False,False,5.10934921786879,4.476358844738422
26.851813,14,2540.840273,True,False,False,1.6383216397476719,1.5710944731464027
26.38585,38,2541.113277,True,False,False,1.8712811958470184,1.8312756650792053
45.707997,49,2541.447754,True,False,False,6.250407186120783,5.501230342588996
44.662323,36,2541.704071,True,False,False,5.391950905959944,5.102899527078682
30.416257,16,2541.817884,True,False,False,2.2721891843204554,2.3445500769553758
43.607131,67,2543.768233,True,False,False,6.21276663256772,5.205732692606523
27.955195,56,2544.136839,True,False,False,4.608481650218061,2.462317379430309
34.453404,54,2544.478971,True,False,False,5.487848097914059,4.123523091442078
32.927185,41,2544.713392,True,False,False,3.041908044569887,3.087119769314549
25.85673,22,2544.837661,True,False,False,1.510077661557597,1.5564304629656986
-18.784485,14,2544.911771,False,True,False,1.154323699036142,2.4495409953477396
31.777776,56,2545.225985,True,False,False,6.394889517918895,3.17998399749802
42.196063,67,2545.716503,True,False,False,5.633820743137877,5.146781857304893
26.363142,19,2545.82088,True,False,False,2.021885096955242,1.6800472002578861
42.87927,50,2546.139814,True,False,False,5.711803069112141,4.938853977808145
37.817777,31,2546.32738,True,False,False,4.31596939609538,3.983197349041551
46.924227,101,2548.551375,True,False,False,9.582934028750646,6.251746359332459
36.369048,39,2548.840017,True,False,False,3.86683050944578,3.817289763759419
33.143566,32,2549.059789,True,False,False,3.0344894110330505,3.03239369717179
40.946624,60,2550.495966,True,False,False,5.388171175397505,4.689688421647669
25.663683,34,2550.693434,True,False,False,2.549419290536224,1.839754668515113
31.185882,28,2550.846828,True,False,False,2.5738607373238858,2.6251144466042176
38.842168,106,2551.515076,True,False,False,6.882450166957831,4.974059868719163
39.836024,63,2551.944126,True,False,False,5.121754189979196,4.5440930341856705
43.970008,72,2552.405697,True,False,False,7.160218363978081,5.6012799901677575
42.860416,39,2554.287361,True,False,False,5.454680445453971,4.959112532932995
31.039604,28,2554.45501,True,False,False,2.288602190367034,2.5207696971022138
-16.917086,17,2554.541886,False,True,False,1.4734440859564932,2.342752357516828
37.564646,42,2554.765651,True,False,False,5.071463331318598,3.871217909487752
40.068977,68,2555.192613,True,False,False,5.602766578458174,4.725406716439015
45.510364,71,2555.636426,True,False,False,5.700596666481077,5.623127515718855
27.188199,14,2555.736009,True,False,False,1.5040362617203837,1.734082629378719
38.06246,57,2556.093203,True,False,False,4.338834332357755,4.122996854895801
35.234703,32,2556.30585,True,False,False,3.862624807407328,3.456727107564152
26.143649,13,2556.39471,True,False,False,1.446682177677613,1.5046343436388792
33.231443,57,2556.793383,True,False,False,6.058594344380875,3.461280122604171
38.998343,63,2557.21475,True,False,False,5.239689696248378,4.4017965587547225
41.300725,92,2559.51071,True,False,False,7.548322402253041,5.23046213298916
-2.423706,48,2559.832403,False,True,False,4.714170299810981,5.743015414688733
40.85827,77,2560.362116,True,False,False,5.595971192472982,4.999425492703356
33.168538,38,2560.605693,True,False,False,3.5546382618760815,3.066737390528832
40.897898,74,2561.07254,True,False,False,5.681423675614548,4.72562897348257
39.987147,83,2561.635322,True,False,False,6.836977027017857,4.740549272831694
44.510065,72,2562.142675,True,False,False,8.236863964863973,5.617996847877848
44.087278,75,2562.592044,True,False,False,7.676631955900593,5.627281442781916
27.626586,23,2564.382292,True,False,False,1.8964928680338933,1.827169583646013
28.987813,40,2564.662535,True,False,False,2.940876563267829,2.5502279337042255
39.995917,95,2565.322943,True,False,False,8.04494962383791,5.175206023328909
30.207463,26,2565.501097,True,False,False,2.416442284606568,2.410307692436356
39.706887,44,2565.787637,True,False,False,4.9600532722224955,4.65443190124809
46.789447,75,2566.253119,True,False,False,6.208789181434244,5.982439279949054
27.34649,24,2566.377733,True,False,False,2.0892548985332198,1.9085638560034133
43.124587,56,2566.764435,True,False,False,6.165538941212988,5.150968257208007
26.257819,22,2566.920167,True,False,False,1.7328750381177769,1.6853421110375428
43.666061,56,2567.309522,True,False,False,5.15470772121669,5.107663747588128
46.36902,61,2569.675899,True,False,False,6.642468377128423,5.681090468500548
38.11137,45,2569.984752,True,False,False,4.487578452862994,3.9605469178751815
28.349264,21,2570.138915,True,False,False,1.9905497240365864,1.9919918687607068
30.017673,78,2570.667969,True,False,False,4.534754415391798,3.1041116289555166
37.854908,36,2570.916769,True,False,False,3.97963539576217,4.057659879298817
42.172499,49,2571.180625,True,False,False,6.201050571059616,4.84067806514569
34.283716,30,2571.344374,True,False,False,3.433249467506958,3.0965280347247433
49.529609,82,2571.79457,True,False,False,8.457241206201264,6.5704605568730585
52.406631,81,2572.242534,True,False,False,7.434909823254242,6.927898203203757
30.97181,33,2572.435407,True,False,False,2.7810612461934765,2.573640757590385
27.990381,25,2572.584307,True,False,False,1.904376086170598,2.0296965385244943
36.774972,34,2574.427162,True,False,False,3.4080755638369977,3.604596564651176
36.5093,66,2574.874126,True,False,False,5.182199391539796,3.919009905227987
33.564344,49,2576.302427,True,False,False,3.33006431520114,3.356262317840941
30.244885,24,2576.445087,True,False,False,2.3697096242526747,2.449946046718696
47.108257,76,2576.846575,True,False,False,7.401227171815854,6.125672648538057
30.635939,35,2577.026522,True,False,False,3.622805512277296,2.5525182084253903
31.956205,38,2577.252612,True,False,False,3.420276593338219,2.869806227863886
35.231463,36,2577.447265,True,False,False,3.759125631231638,3.4750380840723687
44.719878,74,2577.879251,True,False,False,7.056649614566363,5.688743865243758
32.41804,31,2578.076864,True,False,False,3.3148372925272684,2.9081554880085636
29.023315,22,2578.233772,True,False,False,1.9656552801896676,2.100643566344585
36.872172,40,2578.513545,True,False,False,3.5117043092591707,3.784481425549939
31.421349,42,2580.413733,True,False,False,4.18684067525949,2.846747652314269
27.713143,22,2580.53571,True,False,False,2.3151435336553585,2.016218567791759
48.478492,54,2580.832163,True,False,False,6.493510954672066,6.068768878396857
51.388123,65,2581.207909,True,False,False,6.77513168553116,6.544386353207047
25.75057,23,2581.35341,True,False,False,1.7356802775715567,1.5704633671806254
45.938455,90,2581.84486,True,False,False,6.9237374214936755,5.9861344685867115
49.396363,102,2582.380041,True,False,False,7.132751731330876,6.5266242466591144
30.134012,20,2582.484408,True,False,False,2.6295138638014297,2.3267098306893006
29.503057,21,2582.596936,True,False,False,2.2465250244053285,2.207755744498859
50.425348,85,2584.581855,True,False,False,7.419738869338105,6.954982673166732
45.917684,63,2585.004676,True,False,False,6.018641177899608,5.687307903554561
35.925441,42,2585.290139,True,False,False,3.4835290812408046,3.587974421013633
41.699091,45,2585.604578,True,False,False,4.870130407183658,4.687080573573723
37.847711,44,2585.900178,True,False,False,5.088765505877683,3.970795334399711
38.87979,44,2586.204623,True,False,False,4.8744519627368454,4.190714775477704
41.213766,54,2586.574146,True,False,False,5.255510192483265,4.699555284769872
27.378235,35,2586.812378,True,False,False,1.8939847308986923,1.952938214098441
40.700914,67,2587.273194,True,False,False,5.7866407563645685,4.713672699630824
42.915456,51,2587.626646,True,False,False,5.411510068261318,4.957404198100623
-17.033993,28,2587.818806,False,True,False,1.2453994918812852,2.214661922601226
38.109265,56,2589.691894,True,False,False,4.990360192903473,4.280931532368384
-18.528005,16,2589.78302,False,True,False,1.4499908411645985,5.381784044434168
38.610267,65,2590.156523,True,False,False,4.1179264716525585,4.323548521974371
39.824695,59,2590.56597,True,False,False,4.82418925444189,4.3635684089620455
49.218731,43,2590.82119,True,False,False,6.028751108404094,6.003394396312385
26.688981,17,2590.938978,True,False,False,1.7971746952012604,1.7389536679719608
38.426329,35,2591.195307,True,False,False,4.3625275368909175,3.971108328090404
26.258335,20,2591.322181,True,False,False,1.736084787071718,1.6052358130210445
28.366545,30,2591.499493,True,False,False,2.238377616315165,2.1315100530911595
28.720318,39,2591.74418,True,False,False,2.2615680102110365,2.2246081850016517
31.313686,72,2592.201794,True,False,False,4.43822312342607,3.2440661250118423
30.35233,20,2592.317629,True,False,False,2.2812554290497085,2.421346486261044
38.067443,48,2592.632846,True,False,False,4.3089019397469075,4.006149494607811
43.260143,64,2594.596299,True,False,False,7.090417310516977,5.244073635802379
40.785458,42,2594.877531,True,False,False,4.34992760334699,4.431353883611723
32.981518,41,2595.148093,True,False,False,3.176624772093189,3.257469057866555
29.10075,23,2595.294009,True,False,False,2.0980702640043982,2.1664352829154585
33.375871,50,2595.626943,True,False,False,3.82856434890472,3.206641902020059
26.449109,19,2595.760243,True,False,False,1.5914399839980897,1.615702125093561
30.882298,21,2595.899253,True,False,False,2.325720768114959,2.4779160267725255
35.231596,61,2596.293259,True,False,False,3.772567167171731,3.526190138621644
25.534968,23,2596.454803,True,False,False,1.4824192707274113,1.5133373635830134
37.09571,45,2596.730508,True,False,False,5.598698904556299,3.8960488441593832
34.048472,39,2596.9713,True,False,False,3.1036472454448347,3.174217954483053
34.958305,35,2597.177905,True,False,False,3.595202629641961,3.4472431630782587
25.089129,31,2597.353706,True,False,False,2.5155140688563953,1.597295243412933
41.377678,43,2597.582257,True,False,False,5.109118385642012,4.641894285855622
40.753782,52,2599.439665,True,False,False,5.2035595358388385,4.722537267456111
47.007993,61,2600.910609,True,False,False,6.560746803702956,5.967544066914593
32.016255,38,2601.13928,True,False,False,3.071714841360832,2.8404908786517766
39.207512,45,2601.394291,True,False,False,4.5513842732733325,4.326519037976411
28.449799,23,2601.540921,True,False,False,2.1071492273640056,2.0543248948128974
32.87942,19,2601.678144,True,False,False,2.7471202636617154,2.862761615475485
37.774184,71,2602.168318,True,False,False,5.660320368382574,4.186478202315793
30.440006,26,2602.324832,True,False,False,2.818389111291255,2.5503338008691094
32.878847,28,2602.523203,True,False,False,2.9503721399088443,2.84649439299218
42.024476,50,2602.871801,True,False,False,5.235076177954312,4.808884599016237
34.168619,60,2603.27357,True,False,False,5.019780039705367,3.414031674154336
26.248316,26,2603.458165,True,False,False,1.5229137652780556,1.7176045504627193
47.743793,69,2605.375603,True,False,False,6.098398198745419,6.0310921271002025
33.076341,42,2605.612347,True,False,False,3.8064423067338953,3.040004020813893
41.183057,58,2605.987151,True,False,False,6.0162290391546085,4.855317653800235
-8.029705,35,2606.177788,False,True,False,3.4608487693275998,4.035340307903322
49.081506,75,2606.617348,True,False,False,6.448208487580583,6.263256464576864
41.91329,58,2607.003065,True,False,False,6.30125711423437,4.848744420299214
33.354896,27,2607.179976,True,False,False,2.812007069179996,2.9302594327026608
34.53321,34,2607.414592,True,False,False,3.417911422319283,3.304790188216287
38.859371,43,2607.701969,True,False,False,5.02184540439254,4.209097620447508
28.738633,43,2607.993656,True,False,False,3.6567970247821195,2.2685101346403407
35.094509,27,2608.176203,True,False,False,3.7282151360156863,3.2934398222046903
35.688156,39,2610.280301,True,False,False,4.289275636260747,3.5971499830459552
32.600517,42,2610.531849,True,False,False,3.3446874299171077,3.049189701795854
43.67775,55,2610.829083,True,False,False,4.951975768032385,5.022208300056092
42.288107,80,2611.364617,True,False,False,5.506674570015974,5.296322060227874
40.730495,42,2611.645209,True,False,False,5.069672586290485,4.595296776556641
41.112648,43,2611.939006,True,False,False,5.609526137992054,4.590541769715102
38.826967,65,2612.313781,True,False,False,5.082888848177382,4.390544152543116
42.59222,72,2612.752523,True,False,False,8.3544247583412,5.2568465499940125
36.434895,33,2612.982801,True,False,False,3.8668606173602695,3.6351087917638836
43.695203,52,2613.356484,True,False,False,6.837903969070453,5.1926084261903185
48.961126,66,2615.481692,True,False,False,6.641705640842508,6.3318830710283285
52.193098,72,2615.903666,True,False,False,8.06312521623507,7.030083489171204
-14.272121,31,2616.119593,False,True,False,2.5804758721889582,3.3572675541895864
44.76263,85,2616.704982,True,False,False,6.069810282476581,6.029915625219687
37.229966,56,2617.119376,True,False,False,4.621870161814496,4.000094489603558
-15.920538,11,2617.199812,False,True,False,1.0302426244125333,4.218533462912927
35.549119,40,2617.472646,True,False,False,3.850164508877161,3.505978947608748
32.691958,27,2617.653039,True,False,False,3.086375204962043,2.85672770782885
33.097324,37,2617.902128,True,False,False,3.2955177748683058,2.9652584459833102
44.683283,72,2618.359961,True,False,False,5.945892705064569,5.406704290493315
50.011774,69,2620.36711,True,False,False,7.590899677992928,6.5119418307236305
40.466194,63,2620.755345,True,False,False,4.718802888362601,4.717450662039044
27.847866,29,2620.924533,True,False,False,2.212564458170972,1.9854145866100998
47.186418,52,2621.300983,True,False,False,6.430336529085956,5.76833022916155
53.285491,75,2621.81889,True,False,False,7.530599863513937,7.209333098684757
32.801575,46,2622.128205,True,False,False,3.4684133360486946,3.0301142794467455
35.879582,120,2622.885155,True,False,False,8.2662991205719,4.5042600895736085
-5.716747,39,2623.153986,False,True,False,3.81928020624122,5.133686878200953
31.270513,52,2626.068136,True,False,False,4.309395595674742,3.0749073086939065
39.978076,62,2626.4651,True,False,False,5.250344304152115,4.72497436198916
44.954,40,2626.722293,True,False,False,5.3659579898876295,5.2984450814225745
-11.746576,16,2626.82851,False,True,False,2.184632840066391,6.60836631375667
26.669436,14,2626.922124,True,False,False,1.419039084004054,1.5812500152449143
33.18835,46,2627.182941,True,False,False,4.6272263225389905,3.2362450993241945
38.750292,52,2627.574253,True,False,False,5.017938294320519,4.274432467687152
37.98538,51,2627.935937,True,False,False,4.60042592197329,4.170470857693736
26.627937,20,2628.095985,True,False,False,1.6375032149479878,1.6521582329442661
27.485702,60,2628.563246,True,False,False,4.883709537602638,2.575990124271346
-18.821298,3,2628.589563,False,True,False,0.318052176159943,2.701571124944625
48.732573,59,2629.036569,True,False,False,6.856837393255451,6.091187060559128
31.859537,45,2629.423424,True,False,False,4.031983039909769,3.1751514055300833
49.362684,92,2631.977374,True,False,False,8.421707713071877,6.794395585916563
41.263807,77,2632.617022,True,False,False,5.721924204667386,4.941727994436075
31.349824,39,2632.94434,True,False,False,3.6714635364191954,2.8225642865422063
39.664098,44,2633.294982,True,False,False,5.521136811587035,4.506926902674436
31.571736,39,2633.602081,True,False,False,2.6578633299004455,2.739013097550205
27.233361,30,2633.805407,True,False,False,2.550403644351732,1.9802372586666674
-13.384987,18,2633.923611,False,True,False,1.6108974908457379,4.359217856722207
32.086657,52,2634.43074,True,False,False,3.936926717249457,3.148759353713566
33.75517,55,2634.807599,True,False,False,3.8286425445647696,3.4397062281836326
28.63342,32,2635.042186,True,False,False,2.165160790755195,2.2116564974233737
43.384845,41,2635.316862,True,False,False,4.963185604942297,5.0266740757429185
44.713115,65,2637.213286,True,False,False,6.244667345601966,5.517775639978078
41.069505,53,2637.547574,True,False,False,6.35308249112488,4.613994132762232
26.094778,20,2637.665552,True,False,False,1.5131095662530847,1.5804620458024399
34.302913,22,2637.81987,True,False,False,2.9455997199485076,3.081870782699359
26.171615,15,2637.925719,True,False,False,1.3620422159349221,1.5158549694295462
45.775949,51,2638.233297,True,False,False,5.7136150899489815,5.385010480279253
30.108573,58,2638.619106,True,False,False,4.54233791585245,2.8670460592620377
29.711672,21,2638.784082,True,False,False,2.0734792886746733,2.2596656436318656
41.931148,78,2639.288312,True,False,False,7.6974911790912595,5.098765092495344
31.945124,29,2639.501131,True,False,False,2.595207046408899,2.667190799853922
35.762998,32,2639.717561,True,False,False,3.9296026804126583,3.5024789703897823
47.646796,51,2640.062107,True,False,False,5.811484679650412,5.8959324406299665
41.945088,49,2642.171047,True,False,False,5.427434286347318,4.591894985710101
37.225209,42,2642.469486,True,False,False,4.148515842261016,3.9563533875376566
47.341085,43,2642.788364,True,False,False,6.774802836984456,5.751479355788189
42.895458,70,2643.310567,True,False,False,6.029810233284359,5.201582270866186
45.562387,49,2643.674395,True,False,False,5.872623502182326,5.5092405253750405
44.208688,57,2644.141915,True,False,False,7.567447108961042,5.399770868996748
28.387064,28,2644.362387,True,False,False,1.7994666216162498,2.074794074172169
44.119864,44,2644.713656,True,False,False,5.435560815624935,5.1043068618770775
29.535804,26,2644.919505,True,False,False,2.697197841961082,2.2135105759485096
44.711827,57,2645.344427,True,False,False,7.108335885040164,5.434609700583044
27.091718,27,2645.550085,True,False,False,1.715635468796981,1.8373459052877517
44.102194,50,2645.938899,True,False,False,5.1795116771174765,5.06820468828067
29.458617,82,2648.47611,True,False,False,5.482042297370674,3.1014869353424075
33.441988,35,2648.767617,True,False,False,3.863439219102388,3.10952413997986
46.154936,56,2649.201391,True,False,False,6.5821207297484765,5.4757956080759085
42.815937,58,2649.645337,True,False,False,5.679995047957721,5.057335359273238
43.835552,52,2650.0315,True,False,False,6.383284052316787,5.316271368757437
33.507872,38,2650.323188,True,False,False,3.365430990938505,3.188425149659035
40.968995,61,2650.78392,True,False,False,4.992962054906027,4.653254319649977
31.7633,37,2651.074745,True,False,False,4.202745065514064,2.8590298005137567
29.476733,29,2651.298769,True,False,False,3.2385063205100093,2.253897055924112
43.203925,74,2653.347652,True,False,False,6.511830035088971,5.16523941041407
42.975408,39,2655.67819,True,False,False,5.465332380943672,4.937798565185371
25.257432,33,2655.938347,True,False,False,2.5365928891018186,1.5940648355148792
29.157296,31,2656.178983,True,False,False,2.275070637829094,2.222740623907981
36.545316,35,2656.449805,True,False,False,3.7733046007156847,3.6231167053621025
28.785159,24,2656.641005,True,False,False,2.1192606903955156,2.1425255756156427
31.369546,28,2656.864229,True,False,False,2.6581746046086523,2.5262944190111867
41.677564,50,2657.253616,True,False,False,5.032377681360785,4.723854557956978
33.168119,55,2657.675116,True,False,False,4.380913133085583,3.2438548728472556
38.847382,39,2657.979498,True,False,False,4.120048702122392,4.1410360909309105
34.100287,72,2658.531871,True,False,False,3.9396908647895508,3.568134203571305
32.866227,43,2658.88308,True,False,False,2.987835228347915,3.0939696606931073
43.252087,51,2659.281528,True,False,False,5.3830413218210955,5.068014542316109
26.124998,16,2661.382918,True,False,False,1.6311842788031279,1.576591530221029
25.912678,37,2661.659667,True,False,False,2.3843513146164956,1.7107385531693704
44.077894,67,2662.143127,True,False,False,6.958383589203515,5.278083720944216
27.953052,30,2662.537109,True,False,False,2.4193564923620294,2.0044258610227184
40.268169,48,2662.93363,True,False,False,4.657807380279107,4.523826439904627
51.789435,69,2663.476401,True,False,False,7.592182308098372,7.037540157661393
49.288549,59,2663.949203,True,False,False,7.118357104735059,6.176346069685413
38.682065,49,2664.393629,True,False,False,5.819464226472522,4.27525717046103
42.25492,65,2664.96788,True,False,False,5.748126834092965,5.173666285405305
34.596707,32,2665.246765,True,False,False,3.5927481395411847,3.2043179516838403
34.678456,29,2665.477346,True,False,False,3.3771303323900046,3.2230742377577393
31.685273,36,2667.901885,True,False,False,3.5822764407949275,2.804843861517198
38.001586,46,2668.270631,True,False,False,4.414128563608934,4.068995809724003
33.168543,31,2668.518367,True,False,False,3.586273076932938,2.9595787388142027
36.432959,24,2668.775693,True,False,False,3.717048871360275,3.5174092907437506
38.540932,48,2669.23536,True,False,False,4.574250403559327,4.2218725496562355
32.261867,25,2669.447016,True,False,False,3.467626432087271,2.703315151852963
31.652313,43,2669.81841,True,False,False,4.269220001825798,3.0783285082415044
25.628011,25,2669.99256,True,False,False,1.8635133019851176,1.754357637376097
44.478852,80,2670.565092,True,False,False,6.5894765270775615,5.546909675502481
31.215032,52,2670.920415,True,False,False,5.355718374702595,3.1219454423516915
34.797875,33,2671.182,True,False,False,3.507324808253611,3.3554772781924895
33.161791,30,2671.419551,True,False,False,3.093805434396421,3.060412348449163
36.694072,44,2671.777822,True,False,False,4.897120537098272,3.993254112653393
32.967231,41,2674.170512,True,False,False,3.861417345863609,3.0392369115360838
37.200486,42,2674.575872,True,False,False,5.219318212948551,3.889106439637354
33.135775,26,2674.784649,True,False,False,3.3417215451499107,3.00719168034387
39.21664,47,2675.187408,True,False,False,4.096234377012334,4.184931132674163
31.387007,36,2675.484114,True,False,False,3.431254956926409,2.695197207892981
39.941745,47,2675.913519,True,False,False,4.466446847344203,4.403526261850419
32.093836,23,2676.093237,True,False,False,2.4951315382570907,2.699291453988167
28.592942,20,2676.255202,True,False,False,2.1415296907133365,2.140905890504627
40.155835,87,2676.934722,True,False,False,7.4413342269049005,5.1645037231847875
32.904475,41,2677.257146,True,False,False,2.935095886097535,3.0291807037660576
50.35209,63,2677.75509,True,False,False,7.033826693985685,6.520983440556069
40.070377,41,2678.023947,True,False,False,4.160361130825203,4.262354039798617
-18.590689,10,2678.102806,False,True,False,0.6131847678655278,1.7472120748498894
37.003283,49,2680.340902,True,False,False,4.540692667205471,3.8489798963749493
29.293613,26,2680.54516,True,False,False,2.1020844892897443,2.2182437755001096
37.039203,64,2681.09125,True,False,False,4.436868784791466,4.26441238448222
29.212723,24,2681.303011,True,False,False,2.2985519533671184,2.1759128185048424
43.398171,44,2681.631562,True,False,False,5.293485350628866,4.935553302593714
36.715607,40,2681.965882,True,False,False,4.3902413703033085,3.73731719508892
27.695411,21,2682.140052,True,False,False,1.7775914072086039,1.8957765729287632
37.466338,56,2682.546847,True,False,False,4.99746912094602,4.032714398302614
33.537015,56,2682.999732,True,False,False,3.752917913759754,3.313567350879751
49.548893,62,2685.101207,True,False,False,6.219253075810503,6.104808249665451
38.339603,66,2685.644663,True,False,False,6.62905059166008,4.5858235868413715
38.955377,66,2688.24589,True,False,False,4.453328916543398,4.352351642840771
37.27084,33,2688.499552,True,False,False,3.901482690664203,3.869474349099794
37.902829,41,2688.838923,True,False,False,4.875995268654441,3.930793340271545
34.648393,35,2689.118288,True,False,False,3.7685623755340956,3.33619570673178
46.433787,72,2689.681755,True,False,False,6.116633410639782,5.730994874766464
46.915086,72,2690.246435,True,False,False,6.694163581226195,6.04889218843344
33.268043,41,2690.559795,True,False,False,4.967290397772492,3.2010970088451267
30.286387,34,2690.821507,True,False,False,2.5865286613725185,2.4931107877500858
39.74486,47,2691.215761,True,False,False,4.52879899504416,4.353281795767245
27.636266,17,2691.374263,True,False,False,1.6479176425910742,1.7921151290634127
42.039688,53,2691.797164,True,False,False,4.744805127830093,4.701509305427696
-12.793889,15,2694.041389,False,True,False,1.6749928815675628,2.7235741289928583
43.94401,57,2694.479848,True,False,False,5.982391610940553,5.324240064513252
28.915474,21,2694.649625,True,False,False,2.618371034865377,2.194880801191033
48.439943,43,2694.982496,True,False,False,5.838574300636732,5.823429290369969
25.543928,23,2695.159706,True,False,False,1.4564874424584273,1.520205008302845
45.966389,49,2695.56322,True,False,False,5.829630481800924,5.531281000198712
40.153365,70,2696.104046,True,False,False,4.66339268775857,4.548957936825842
29.716641,17,2696.240054,True,False,False,2.0950287556474487,2.147164948491615
-14.827056,22,2696.459472,False,True,False,1.802003204596733,2.906366336127563
48.918564,49,2696.852385,True,False,False,6.959760621444537,6.199449850065825
39.318445,50,2697.240773,True,False,False,4.386000191443973,4.258125938371958
28.881897,17,2697.369443,True,False,False,1.811301905958254,2.0318843154445783
27.08724,37,2697.787827,True,False,False,2.481115475312812,1.8752133815613774
39.44404,48,2698.134775,True,False,False,5.226693040555594,4.299239757133724
36.134451,36,2700.638029,True,False,False,3.7533908847059894,3.5452485892110843
-18.906788,18,2700.8011,False,True,False,0.7075022055769866,1.7288927272703387
43.746704,39,2701.130985,True,False,False,5.590688270166666,5.019703348620929
31.14565,34,2701.388101,True,False,False,2.9877492974699087,2.7298873152626193
47.820854,47,2701.745974,True,False,False,5.787189295437249,5.716930569852809
30.58699,40,2702.064995,True,False,False,3.7801566549579957,2.584186050762385
42.176982,67,2702.598365,True,False,False,5.039128461893716,4.909157546780895
28.433934,39,2702.947908,True,False,False,3.1460009047577424,2.259865621899919
40.495993,36,2703.242386,True,False,False,4.851419897423184,4.417144551169715
43.3356,75,2703.960658,True,False,False,5.648844775205992,5.22981663649993
-8.027983,36,2704.299334,False,True,False,3.849812189252995,3.9207269835601943
28.124096,32,2704.535962,True,False,False,3.0723863547711745,2.0929862997018875
37.099139,40,2706.764123,True,False,False,3.8004917120561195,3.76909752924498
34.129897,60,2707.234229,True,False,False,3.479261863942719,3.404535016291834
28.69798,21,2707.408767,True,False,False,1.9238366360505579,2.1035737143333
38.807443,45,2707.767352,True,False,False,4.393563734165238,4.231062220449483
38.201882,69,2708.291762,True,False,False,6.169891778690769,4.557014271232833
38.080815,44,2708.637444,True,False,False,4.689737142270474,4.197328121728187
32.679969,30,2708.877231,True,False,False,3.4992050898481875,3.049707201089235
26.031053,32,2709.120762,True,False,False,2.029985432843327,1.7295067965359012
40.567858,57,2709.524966,True,False,False,5.086265841872891,4.536346881469344
34.938949,27,2709.723562,True,False,False,3.0279259580275215,3.256080908830718
31.317336,62,2710.2176,True,False,False,4.5146683368264275,3.126421807052718
44.990297,81,2712.884554,True,False,False,6.216371606827789,5.5973484642232
47.073549,82,2713.518835,True,False,False,6.783256421403987,6.192512960326919
47.923835,65,2714.032873,True,False,False,6.943357889891655,6.076548859589323
43.197059,41,2714.355895,True,False,False,5.070542551374858,4.946846420315229
44.065549,45,2714.710833,True,False,False,6.165863884479363,5.1479305853212995
41.689162,90,2716.82936,True,False,False,7.120031923387708,5.3346950349089886
34.875738,28,2717.055295,True,False,False,3.5905878069339834,3.3129511362347
47.870814,73,2717.605036,True,False,False,5.959853651505681,6.1437508050467615
33.820444,34,2717.892436,True,False,False,3.1391561619052775,3.095122956868198
38.540828,56,2720.430792,True,False,False,4.275626171075212,4.184499470759456
45.211002,46,2720.776242,True,False,False,6.540210685071212,5.278999395819286
49.398367,51,2721.179572,True,False,False,6.488685574136017,6.177522367608327
42.812324,62,2721.644074,True,False,False,5.42234565286262,5.318383376857132
36.075204,37,2721.914458,True,False,False,5.216241668659351,3.6618981994651256
32.497234,34,2722.175571,True,False,False,2.879241687732263,2.848755817214235
36.917893,54,2722.56606,True,False,False,5.42621563094294,3.9502148607738574
31.10219,25,2722.737302,True,False,False,2.4497199454719425,2.531298248871538
37.304741,50,2723.121025,True,False,False,4.426039765646099,3.968103212496965
27.927094,35,2723.445949,True,False,False,2.119720283984059,2.100865165627288
35.658081,30,2723.705091,True,False,False,3.2409776250336733,3.406318202746842
25.962304,16,2723.827424,True,False,False,1.3915209359507845,1.5288511037661239
45.906986,68,2726.587831,True,False,False,6.039330807485781,5.623950998627503
34.721093,35,2726.848095,True,False,False,3.5777846845106236,3.265072400789127
40.526487,49,2727.187262,True,False,False,4.799575189060949,4.479012372920511
44.608723,62,2727.636992,True,False,False,7.040478711668581,5.470728113346655
34.584627,39,2727.905313,True,False,False,4.255691195406808,3.452027074157568
-2.890124,34,2728.214252,False,True,False,3.7498247834297547,4.603230784555057
46.754145,77,2728.885909,True,False,False,6.857028482835523,6.055943502891614
41.04856,41,2729.209365,True,False,False,4.374823334758828,4.525750453601082
32.660422,41,2729.551964,True,False,False,4.462056132174065,3.120845566529085
38.645234,27,2729.802738,True,False,False,4.295046600137632,4.03656515204899
25.889923,20,2729.95201,True,False,False,1.378934475274654,1.533657868234721
29.881702,44,2730.298079,True,False,False,3.923637787394037,2.6831750399918834
28.873706,16,2732.559363,True,False,False,2.0183813880108437,1.9854882848412072
38.017355,49,2732.954837,True,False,False,4.429696164410311,4.263417111917031
33.849878,29,2733.186762,True,False,False,2.95834070668003,3.0160811458472043
27.998314,19,2733.325125,True,False,False,1.6646543616356675,1.9106119571150937
40.174299,54,2733.759153,True,False,False,5.9392496118378775,4.417934089036582
33.762193,46,2734.123619,True,False,False,4.106213568293948,3.5982438190510173
55.604968,74,2734.726676,True,False,False,8.160485894407966,7.4933425508823195
30.514191,27,2734.950073,True,False,False,2.6684795891185518,2.4669465536692496
35.614728,51,2735.35924,True,False,False,5.61314824433826,3.787725686673053
42.98808,89,2736.096884,True,False,False,5.84863850734637,5.333468483436468
36.57714,42,2736.401136,True,False,False,5.656122547413816,3.722758229515505
33.571699,47,2738.608109,True,False,False,4.16005472735756,3.2293196685254335
41.721108,34,2738.895356,True,False,False,4.673818637470759,4.526889724289413
31.96261,18,2739.037436,True,False,False,2.4535619859406275,2.665391958529484
40.042515,78,2739.692194,True,False,False,7.858923626254862,4.821666301308426
37.374289,78,2740.370357,True,False,False,5.299339914771823,4.40932894280797
36.729834,44,2740.72775,True,False,False,4.640944041878615,3.775903792811252
30.329169,42,2741.075613,True,False,False,3.9598976949924,2.7275276304408087
47.373871,66,2741.603278,True,False,False,6.020588296121075,5.933583699116045
25.994464,29,2741.837774,True,False,False,1.4440062125086066,1.6377277530382817
26.153025,19,2741.984329,True,False,False,1.5276381265146348,1.5519651292158396
30.159709,40,2742.296647,True,False,False,3.4566205678922985,2.4896614987225303
43.498309,75,2744.857168,True,False,False,5.4937023164508725,5.521226414543586
28.849681,18,2745.000222,True,False,False,1.8158042962326706,2.060338956676393
39.84484,51,2745.404944,True,False,False,4.704659164530438,4.499369865903688
38.77735,50,2745.778092,True,False,False,4.313223692576918,4.167760914410227
30.876791,19,2745.963787,True,False,False,2.356625450620458,2.484541563504376
-17.657938,11,2746.063038,False,True,False,1.2253759198364274,3.2725376402153388
39.726546,50,2746.513368,True,False,False,5.075280478863717,4.503587840013425
-9.762162,17,2746.659029,False,True,False,2.1676113774849726,4.014010609722097
32.077736,30,2748.232174,True,False,False,2.9658183488646253,2.9330124772014328
26.77634,27,2748.442757,True,False,False,1.727885836629613,1.7280103182435522
41.743118,60,2748.947053,True,False,False,5.56418009911768,4.9727383217099765
51.058444,79,2749.462503,True,False,False,7.352284649572573,6.803276946922164
25.942262,27,2749.671589,True,False,False,2.9207237244412902,1.6603870540280046
33.121962,31,2749.879272,True,False,False,3.2947635893567893,2.9638902902635196
29.422392,31,2752.121754,True,False,False,2.3613395572889857,2.341666058605678
33.432736,29,2752.370447,True,False,False,3.0632322345073484,3.0574137911104033
49.073424,44,2752.726523,True,False,False,6.1042626749162325,6.055809452772966
32.091675,31,2752.970828,True,False,False,2.69248597706533,2.775161573909977
33.435229,26,2753.179961,True,False,False,3.1703930395048396,3.16089542567587
41.089709,41,2753.525206,True,False,False,5.248565656233186,4.606178086355146
-5.536776,48,2753.926337,False,True,False,4.4885961872707325,4.962991943291027
31.739936,44,2754.26175,True,False,False,2.9505659864814198,2.8614898328651384
34.822411,40,2754.583597,True,False,False,3.316708356370377,3.31365749220567
50.158158,63,2755.08461,True,False,False,8.202396710238421,6.508113463756441
39.414138,40,2755.355436,True,False,False,4.252800979695732,4.151514716472428
30.54826,28,2755.558684,True,False,False,2.33110344220435,2.4392123450697003
33.297584,65,2758.10879,True,False,False,4.991076241283868,3.587421214602464
35.851012,41,2758.452991,True,False,False,4.325744400558283,3.656901170554411
26.212368,24,2758.650522,True,False,False,1.5830424505792557,1.635590195755633
-8.495913,27,2758.880633,False,True,False,2.534197948905859,4.176364429813363
26.657812,23,2759.062958,True,False,False,1.8489023697798599,1.7010328261477556
37.036146,37,2759.327685,True,False,False,3.636354159560242,3.721320686962094
41.510194,61,2759.802828,True,False,False,5.7555770734310805,5.137143327714703
34.571393,94,2760.5208,True,False,False,6.855683812806738,4.208153724047235
33.535169,32,2760.757879,True,False,False,2.964412765009863,3.088886483909393
38.97167,43,2761.060992,True,False,False,4.036465080239413,4.142444483820727
37.00111,43,2761.381213,True,False,False,3.703888345152262,3.731469231846692
42.079931,63,2761.864389,True,False,False,5.2157435759359405,4.875306244026994
33.909143,31,2763.985181,True,False,False,2.9230766578557925,2.990452366571517
47.056269,63,2764.490814,True,False,False,6.6985434715494945,5.781000715923101
32.702983,27,2764.746914,True,False,False,2.877980817609046,2.7760867692589706
46.332829,109,2765.708026,True,False,False,7.705584655300851,6.26526552481946
31.561187,21,2765.873188,True,False,False,2.6593174846364858,2.6031991828079417
31.776045,45,2766.223828,True,False,False,3.7096620852424405,2.922355996223788
-18.66381,9,2766.292498,False,True,False,0.5519461259885544,4.579680017237912
36.807278,35,2766.566803,True,False,False,3.6074330659449307,3.6927116734500345
29.757841,25,2766.758537,True,False,False,2.259468280604917,2.329702762981841
28.211306,29,2766.984007,True,False,False,2.899393910167617,2.0676840657741433
46.240823,83,2767.63253,True,False,False,7.152517910330457,5.824432154031572
40.494307,49,2768.014148,True,False,False,4.7314253746267925,4.316321313587552
35.12278,55,2770.445148,True,False,False,4.602284054098879,3.6558850386934747
37.543926,69,2770.983859,True,False,False,4.246299168454072,4.10386849859962
41.469647,58,2771.443522,True,False,False,5.827517531316028,4.761319081323369
33.976885,32,2771.699309,True,False,False,3.286882149035796,3.191666371550946
-18.765399,17,2771.825058,False,True,False,1.0847800015676121,2.5310391575592788
-16.78452,19,2771.977612,False,True,False,0.9231713759801169,2.713005959314474
44.976557,83,2772.625466,True,False,False,6.487801393804262,5.537284709251505
36.165458,41,2772.947617,True,False,False,3.5007795617994217,3.589861801503717
44.081456,45,2773.298245,True,False,False,5.335472450185764,5.169608917709402
35.206552,26,2773.501839,True,False,False,3.0860048934187954,3.287538323302842
47.213017,63,2773.986908,True,False,False,6.887515495096319,5.934734305604097
28.67543,26,2776.128352,True,False,False,2.401849098504316,2.130377498486826
47.165791,61,2776.606566,True,False,False,6.320021503765225,5.9413936059710295
43.43585,72,2777.185873,True,False,False,7.510870419253811,5.564545399283824
27.344366,27,2777.412317,True,False,False,1.7262612262145673,1.840076314721514
33.886202,48,2779.105431,True,False,False,4.679601213579454,3.419544963414441
36.097047,74,2779.668608,True,False,False,8.379334978453214,4.2694371875447725
43.280111,41,2779.980431,True,False,False,5.29016516104263,5.009858270947982
45.883479,49,2780.35094,True,False,False,5.713999502028753,5.549697924986956
42.191188,79,2780.969213,True,False,False,5.9180393736032215,5.116680478440411
36.409282,46,2783.208182,True,False,False,3.7082207633837734,3.6698783061631244
28.002068,24,2783.399085,True,False,False,2.100715095204837,1.9685297854066393
47.934503,66,2783.904129,True,False,False,6.074359399769296,5.956075055478009
39.455411,74,2784.483618,True,False,False,4.574260861599653,4.551438563915833
-8.417622,30,2784.702858,False,True,False,3.28502209560746,4.404176201253785
40.860533,35,2784.979679,True,False,False,4.836046673053405,4.49766786022403
25.307121,37,2785.267359,True,False,False,3.3942939800690373,2.230287402812842
-1.232795,52,2785.688973,False,True,False,4.534579631479058,5.536906768081564
46.091014,61,2786.154809,True,False,False,6.326337270130018,5.9244018557823654
46.040521,62,2786.626402,True,False,False,6.004908385404983,5.763953229575036
33.952785,43,2786.971255,True,False,False,3.4667764081427093,3.2361822943093674
41.992469,63,2789.352654,True,False,False,5.4216641758999895,4.788012534266928
39.305358,59,2789.8425,True,False,False,4.609421298745419,4.408677427279008
36.316505,36,2790.126933,True,False,False,4.435156326252048,3.664509160388256
40.783681,63,2790.622766,True,False,False,4.765360621727225,4.543112539369264
28.867588,19,2790.77329,True,False,False,1.868525303819884,2.0551390050380163
25.795303,21,2790.937463,True,False,False,1.4811565673783083,1.5583243980124806
31.864879,45,2791.298939,True,False,False,3.586310604357537,2.8141133902012956
27.30862,20,2791.457287,True,False,False,2.211221888317795,1.8421197846709634
55.396093,85,2792.125665,True,False,False,8.740404858944624,7.600829113917966
39.57042,50,2792.511626,True,False,False,5.172011279536406,4.431208361898201
43.063575,81,2795.168199,True,False,False,5.687225240545733,5.234134326853872
-18.124387,14,2795.279207,False,True,False,1.0564865270822879,4.525667305003841
37.730043,49,2795.682019,True,False,False,4.179884044801123,3.9728312413739584
31.542674,37,2795.955211,True,False,False,3.904916270902943,2.7231366688696177
48.513344,89,2796.645039,True,False,False,6.605172685756693,6.388820051213124
33.222452,20,2796.805184,True,False,False,2.8789459218122637,2.8576556087533898
30.071905,29,2797.040665,True,False,False,2.45620326306359,2.3686779244262004
26.184053,22,2797.20677,True,False,False,2.2324320361443366,1.638154142479292
32.314226,44,2797.541796,True,False,False,3.8122990445653446,3.073868099910161
40.693195,55,2797.972407,True,False,False,4.730099468614211,4.565342887318065
49.467327,84,2798.637634,True,False,False,6.726199942073174,6.514300648673653
41.387614,41,2798.96833,True,False,False,4.730655475127179,4.600334917766596
44.236496,56,2801.329947,True,False,False,5.291830664791368,5.287552152055792
29.530941,22,2801.502627,True,False,False,2.251570304920538,2.2094649423465755
36.281797,63,2801.997506,True,False,False,6.114976015424963,3.935419649736277
36.146349,37,2802.286948,True,False,False,3.306850584708018,3.511248933449529
30.881675,22,2802.450869,True,False,False,2.3676363580725193,2.5309239862366093
46.327069,61,2802.925664,True,False,False,5.991562216291977,5.532065178025555
28.414662,22,2803.090238,True,False,False,2.193077437788674,2.0309796162065012
29.877224,23,2803.262564,True,False,False,2.6079666052614585,2.326425909145952
26.284147,15,2803.374748,True,False,False,1.3441596650510022,1.513489195236602
43.221222,74,2803.937066,True,False,False,6.214300793458635,5.09050554688516
47.956403,100,2804.717895,True,False,False,6.322862761262186,6.285277302308204
-0.619426,42,2806.914536,False,True,False,4.716907323786245,6.419817177455605
26.768991,20,2807.058984,True,False,False,1.6863777594899776,1.7265899991974412
30.906114,32,2807.306206,True,False,False,2.840340340327089,2.6842848342454038
34.006618,29,2807.538928,True,False,False,3.4273230769411045,3.128540040487156
26.31297,16,2807.664096,True,False,False,1.4828741927500497,1.5287426255457428
33.866128,31,2807.914446,True,False,False,3.690236484486669,3.1390209652007943
26.491307,12,2809.33472,True,False,False,1.4244806370088763,1.6424779950465098
34.282508,46,2809.691169,True,False,False,3.6068935746719792,3.4021381193821894
50.367404,76,2810.288634,True,False,False,9.482938781530185,6.770050048185219
39.64374,69,2810.819243,True,False,False,4.814993074623173,4.480950539815007
35.651692,37,2811.098324,True,False,False,3.689578538565203,3.5087303278609125
27.119359,16,2811.225114,True,False,False,1.8651120656085947,1.7409776085961923
33.207026,27,2811.426598,True,False,False,2.8045370798280396,2.852291544535488
32.889832,28,2811.640008,True,False,False,2.8329713576301407,2.883305735851121
