#{"t_start": 1789504208.6336358, "env_id": "None"}
r,l,t,is_success,collision,timeout,path_length,start_dist
-21.742684,83,2.00223,False,True,False,5.499924553027329,2.353065524553438
-25.952989,115,2.540546,False,True,False,7.515849291599259,3.1453989018364177
-29.064185,300,3.948981,False,False,True,18.137755647215755,4.942198699842343
-16.00092,300,10.300838,False,False,True,18.680193368654027,5.09875657643917
-33.167733,146,11.403306,False,True,False,8.607579688022396,3.5188027097455503
-27.1127,300,15.736529,False,False,True,17.580660693497375,4.765884777796845
-22.952114,300,29.172729,False,False,True,19.076910960641918,4.087546836985416
8.092013,248,31.054512,True,False,False,15.505648224718096,2.163000210875181
0.386768,300,35.342332,False,False,True,19.169256142257368,4.840276770228584
-8.19211,300,36.812795,False,False,True,19.023176852222306,4.96609906494225
16.780611,227,44.166214,True,False,False,13.9182519111358,3.1578529276954015
-18.372556,81,44.542944,False,True,False,5.21494672481599,4.109492375833325
-10.957881,93,44.979592,False,True,False,6.471020338715269,4.631364573610108
19.971399,193,45.893461,True,False,False,13.01502589203432,3.30534980150526
23.281596,225,49.125646,True,False,False,14.34757503437072,4.658416215367218
20.665593,218,50.79026,True,False,False,14.792981927697948,3.7169759222523773
34.643499,183,54.287232,True,False,False,12.096495942659706,5.589860348502247
27.788842,245,59.792284,True,False,False,15.302914937367548,5.413847189531378
26.202252,179,61.171871,True,False,False,12.695194685344514,4.291633144486675
27.340789,203,64.833017,True,False,False,13.24367133825761,5.193561714349954
24.587253,87,65.493424,True,False,False,6.2674759323628,2.3906388564796894
30.004425,136,66.538849,True,False,False,9.478902121506641,4.198374076781807
-22.012803,72,67.090481,False,True,False,4.134722088903056,3.0657633597042633
36.188501,139,70.195747,True,False,False,9.65051252655311,5.461611156281329
36.228427,116,71.080339,True,False,False,8.25255229552433,5.041549328287026
29.461926,30,71.313612,True,False,False,2.5922512123316728,2.4847557417536374
31.841057,280,76.048268,True,False,False,19.02978945174425,6.561627394853897
25.580808,63,78.780983,True,False,False,4.239666771808513,2.1572514936464513
30.713834,92,79.506854,True,False,False,6.523609780745494,3.5266643331411354
31.181754,57,79.952321,True,False,False,4.725345998633868,3.2310967230459573
40.432969,136,81.019849,True,False,False,9.517948976065817,5.926015299266308
37.855568,95,81.758621,True,False,False,7.160003892408756,4.873259206883862
-14.003642,27,81.963995,False,True,False,1.9486541622424323,6.706486878782775
24.821422,33,82.220322,True,False,False,2.334511721138989,1.575786616436163
33.916771,101,85.110885,True,False,False,7.434127818152893,4.211333000083806
36.934066,95,85.844756,True,False,False,7.7757209869422175,4.9536502389639105
37.211799,62,86.33504,True,False,False,4.861267413627146,4.332812835506607
37.753028,66,86.849566,True,False,False,5.33315321823829,4.37187926959568
35.420759,51,87.2449,True,False,False,4.717275879535926,3.724365128592946
40.998362,87,87.951739,True,False,False,7.524924907062238,5.371342911717264
-12.86841,27,88.163882,False,True,False,2.070248009671111,5.4382734276457745
30.936298,115,91.245707,True,False,False,7.8573531147682045,4.039533043911391
27.064239,51,94.032232,True,False,False,4.0697848082645045,2.456499938387061
25.499444,67,94.574593,True,False,False,4.507415726912312,2.236124951783676
28.628779,38,94.875422,True,False,False,3.049757658885152,2.3934177434398296
26.939561,105,95.708716,True,False,False,6.511357081670552,3.062483170126386
38.043086,49,96.085812,True,False,False,4.652843812897247,4.1633082532546455
-18.235147,15,96.204592,False,True,False,0.8443053584199491,1.8186799674513008
33.113965,59,96.666526,True,False,False,4.795239161895945,3.5107444157654766
43.036264,92,99.467358,True,False,False,7.136729610660501,5.808066514117424
35.544687,65,99.976838,True,False,False,5.46241904967867,4.049426566781159
41.065911,85,100.647062,True,False,False,6.991223926845175,5.3133596292421865
-18.364608,30,100.883775,False,True,False,1.8696497441772701,5.141480092813946
33.486494,68,101.417095,True,False,False,4.8434005867288015,3.688047368924903
-15.160112,23,101.601099,False,True,False,2.0003363830229093,3.309241623057635
47.166158,142,102.721694,True,False,False,10.801712627706822,7.276393725694939
33.007353,99,105.788966,True,False,False,6.773303968369904,3.9944554711020985
-0.887125,79,106.413266,False,True,False,6.410212898226425,6.220296820833644
39.253079,59,106.883877,True,False,False,5.413562798815173,4.507570834993029
37.68097,82,107.538636,True,False,False,6.658432738592335,4.5602205420688495
30.077799,34,107.810973,True,False,False,2.844349104991207,2.5291151236955547
31.218789,74,109.806125,True,False,False,5.223070796592567,3.636685810105837
40.267647,93,110.5516,True,False,False,7.4291764482623215,5.263449243914464
-20.081731,19,110.703833,False,True,False,1.0080739255428812,3.3373858984263283
32.422798,42,111.039397,True,False,False,3.596236755714036,3.146539077013437
-12.039381,46,113.612994,False,True,False,3.3363345876565083,7.986367585067118
-6.16123,61,114.090666,False,True,False,4.69696344316194,4.492710229103224
39.499411,89,114.786695,True,False,False,7.557672439559116,5.064205460136615
29.252615,69,115.328878,True,False,False,5.294178004552943,2.9484242568168875
28.972135,33,115.591917,True,False,False,3.032053418906156,2.306996689342167
34.050681,64,116.083576,True,False,False,5.355317405994433,3.7237061949899584
35.541724,45,116.436277,True,False,False,4.118833602689131,3.648516717567675
45.296687,107,117.280179,True,False,False,8.92617518899007,6.381489825975625
37.920735,81,120.040971,True,False,False,6.667735565669473,4.653030250582826
35.76804,96,120.791005,True,False,False,7.854564208111854,4.800916468514853
-18.888269,6,120.837468,False,True,False,0.37855785248895313,3.5901487625095987
26.004382,21,120.999573,True,False,False,1.76562756096308,1.640055943298715
34.82893,74,121.585618,True,False,False,5.7584756846151794,4.163276178980015
-10.090307,41,121.905836,False,True,False,3.5659813059596854,3.6272663183622122
-13.412064,32,122.156557,False,True,False,2.424478067861671,5.3435959423098165
30.441686,44,122.499423,True,False,False,3.7309712154930357,2.945753327739658
-6.243078,45,122.856866,False,True,False,3.8646260993234907,3.884465908572916
36.598426,118,126.003236,True,False,False,8.82763193520781,4.989129646214761
38.919237,82,128.456074,True,False,False,7.060010732769124,4.95357257117894
35.180626,60,128.92153,True,False,False,4.806555679493295,3.8467435480095205
24.138402,61,129.408821,True,False,False,4.07785175596352,1.8990956113283248
35.003934,70,129.980821,True,False,False,4.974631819544624,3.9606086315605102
36.808595,102,130.807499,True,False,False,7.830173303721681,4.797976578685279
29.761397,114,133.854416,True,False,False,8.350599196170801,3.7243606513565157
28.610371,40,134.161551,True,False,False,3.2097322668846426,2.3909416826913863
-12.919758,66,134.677665,False,True,False,4.896115189923666,4.394870943218408
38.769778,110,135.537355,True,False,False,9.26328891961643,5.416272543814876
33.893972,72,136.101993,True,False,False,5.711643446499924,3.813472659372431
42.358104,73,136.676844,True,False,False,6.344004252510609,5.28053937828066
-18.378779,13,136.780859,False,True,False,0.8521405769730236,5.229738434039022
35.554588,68,137.307524,True,False,False,5.864803003557681,4.070407884872904
-17.782771,8,137.368619,False,True,False,0.6469249444396509,4.623885973483341
39.533406,76,140.068615,True,False,False,6.052055105125322,4.879703619994916
33.198223,44,140.410387,True,False,False,3.7519895344325924,3.286843659470117
36.882173,72,140.974251,True,False,False,6.425463012445262,4.618912462578839
27.264486,46,141.331355,True,False,False,3.7832873697590537,2.362563825657023
38.903093,72,141.897637,True,False,False,6.1261661601201185,4.828628375080482
-4.600438,94,144.294129,False,True,False,7.867652681992744,6.687597571924416
29.675525,39,144.597493,True,False,False,3.280033453021699,2.6491379096027354
30.586641,33,144.863768,True,False,False,3.0010656492651813,2.619330570569421
35.102039,78,147.504167,True,False,False,6.0130949489323084,4.049595279968998
-16.920383,17,147.64813,False,True,False,1.3057367459513618,4.07417628615879
29.481562,53,148.075372,True,False,False,4.144235024714743,2.723335367540521
34.22499,38,148.364695,True,False,False,3.7501461995463745,3.323187073105788
2.464061,96,149.112274,False,True,False,8.337239870105812,6.265543511006892
30.931351,59,149.558579,True,False,False,4.3206069499148585,3.099115117453864
41.056492,62,150.041137,True,False,False,5.636349848987291,4.989738166608593
42.420482,118,150.965496,True,False,False,9.842896793608656,6.122211881849926
33.117857,46,151.325548,True,False,False,3.965215960334764,3.2768092181571413
26.964357,25,153.650935,True,False,False,2.3515192197402524,1.8715862064146782
42.615741,91,154.347318,True,False,False,8.605644627427452,5.895445411699417
26.452008,16,154.46721,True,False,False,1.6441771606702213,1.6342114391587863
31.569565,41,154.785845,True,False,False,3.3497694092909778,2.8955814118467678
28.649101,35,155.058394,True,False,False,2.6255967412783368,2.391403188222487
27.273341,19,155.202457,True,False,False,1.7562422275348801,1.823586177914567
28.341211,50,155.5923,True,False,False,4.2937170303251495,2.4518311001865323
45.860377,82,156.231092,True,False,False,7.3790457549680095,6.038833545008992
43.964931,79,156.838584,True,False,False,7.17593660802496,5.734611422859706
41.844427,69,157.375535,True,False,False,6.167248949609218,5.182998446202223
44.622914,55,161.84268,True,False,False,5.960312641166225,5.376536445579121
39.865354,57,162.286936,True,False,False,5.18281057600431,4.661260391956815
35.1781,74,162.86356,True,False,False,5.93215777993553,4.057287481349088
37.517719,44,163.208549,True,False,False,4.344426999081553,4.020281667662156
28.274329,64,163.71709,True,False,False,4.773077153054322,2.694132372410468
33.966434,41,164.038265,True,False,False,3.9387539878524724,3.3482717640279436
40.358171,57,164.477044,True,False,False,5.406539411188436,4.738641124260725
46.569999,78,165.081094,True,False,False,7.1959601968324085,6.1130806552172245
38.116238,67,165.604798,True,False,False,5.747526341973856,4.510591568550752
46.21052,69,168.38625,True,False,False,6.8419251721228065,5.982929991331191
33.561149,48,168.770658,True,False,False,4.331803708567781,3.4140436875129168
35.036576,53,169.192166,True,False,False,4.645554368028465,3.7542449426131683
34.484127,54,169.613755,True,False,False,4.631174437938345,3.641284282471111
32.333106,51,170.01941,True,False,False,4.493343645714388,3.383999122852376
26.246499,19,170.168843,True,False,False,1.8582375007202006,1.7470033832658332
33.624264,27,170.378852,True,False,False,2.963112449876438,3.0952273311468064
30.679385,30,170.610357,True,False,False,2.782198922520659,2.541814931862931
37.662645,55,171.042136,True,False,False,5.460454233188038,4.188145967250007
40.975838,61,171.512628,True,False,False,5.4108114768022935,4.876775119946079
41.208715,57,174.180555,True,False,False,5.859068276548544,4.8595534724015135
33.467627,47,174.546886,True,False,False,4.33395943925258,3.4149936469473396
45.680361,69,175.096622,True,False,False,6.4596913485734735,5.860122843702097
43.58637,59,175.581523,True,False,False,6.035740193423483,5.2778690557661285
37.995426,50,177.36345,True,False,False,4.833100422532529,4.215696156138499
37.124978,46,177.739543,True,False,False,4.478395291593128,4.008334196546288
45.08505,97,178.50469,True,False,False,8.79000519855339,6.120273359916425
43.001867,80,179.129845,True,False,False,7.271347629316474,5.648620830352107
35.991735,44,179.473323,True,False,False,4.17576071093222,3.7993437885362913
40.880651,57,182.004435,True,False,False,5.587572647550079,4.837361652193037
45.176989,71,182.559383,True,False,False,6.786935243412802,5.727971842149007
30.402279,21,182.721873,True,False,False,2.345773928776636,2.4650030970419583
-2.422668,42,183.046848,False,True,False,4.412051068262715,5.593353868358625
37.704641,63,183.54859,True,False,False,5.511410933041309,4.427012630421194
42.388005,58,184.004757,True,False,False,5.687796867929754,5.097065319163166
35.528664,47,184.381481,True,False,False,4.2007648335393615,3.710096433867834
31.117445,26,184.587143,True,False,False,2.5705239844535113,2.5775425897932562
32.501282,33,184.847229,True,False,False,3.3908725708914718,2.887082874146374
36.05451,46,185.204725,True,False,False,4.3830763462062805,3.7883272860617065
38.809304,74,187.988286,True,False,False,6.740674146486637,4.907433967152033
28.498113,26,188.195756,True,False,False,2.308032843362805,2.120116068153792
46.223216,74,188.79375,True,False,False,7.172855557468692,5.989215130666408
45.93871,80,189.428814,True,False,False,7.863989726144458,6.045944826890045
45.214887,69,189.991121,True,False,False,6.916867802505082,5.777519891712758
33.514703,43,190.340382,True,False,False,3.960561710301807,3.409032417199467
40.902224,56,190.77927,True,False,False,5.700425283461619,4.94131295339285
-2.389798,50,191.167539,False,True,False,5.006587702873142,5.3439047645275775
54.947322,92,193.000808,True,False,False,9.384060043248947,7.789582099095047
32.452161,40,195.380527,True,False,False,3.770855138383948,3.162650747199341
-14.738872,25,195.578728,False,True,False,2.147419163717604,3.4183896426064675
34.807437,49,195.957544,True,False,False,4.525690407533343,3.534177975763384
35.300393,40,196.275226,True,False,False,4.158310885598054,3.5887552575549515
46.994557,59,196.732898,True,False,False,6.324346114173639,6.001294546906765
47.011532,63,197.222776,True,False,False,6.756345374899418,6.031577949755815
27.055107,22,197.397878,True,False,False,1.7882434853217122,1.8491505740853975
30.270255,37,197.700402,True,False,False,3.0474231268321716,2.62677886961592
30.191403,38,197.995523,True,False,False,3.343712644467245,2.694931471511452
33.44535,41,198.312505,True,False,False,3.5850449060881724,3.215101769525772
39.858941,48,198.688474,True,False,False,4.999814456731813,4.44476338141021
27.261479,30,198.920692,True,False,False,2.4931580539571367,2.009396650671654
44.437101,66,201.509523,True,False,False,6.028832377978729,5.633404985982099
28.966013,29,201.734111,True,False,False,2.6783115138147857,2.2960490997147422
26.491878,17,201.86666,True,False,False,1.7341923541989839,1.6384992136251064
32.182063,45,202.22357,True,False,False,4.106750945318535,3.0967725755377344
33.885351,37,202.515204,True,False,False,3.7619631352738283,3.3499000807622115
-18.203228,4,202.547745,False,True,False,0.4183102345733455,3.0547315696392507
42.030691,64,203.046987,True,False,False,6.173159086828062,5.076180396389972
-17.212023,17,203.176482,False,True,False,1.4501122611421153,3.8372085195154972
31.725605,29,203.401214,True,False,False,2.989772034399704,2.8214545087788836
30.91624,49,203.781656,True,False,False,4.888017824715696,2.888667626704438
40.078793,49,204.166656,True,False,False,4.977702786389054,4.557778490889729
34.494701,43,204.510402,True,False,False,4.126400260296636,3.420542881138694
31.152119,27,204.716094,True,False,False,2.6741755628873025,2.6318350717092964
36.185027,47,205.077102,True,False,False,4.648941881828986,3.816057287048504
37.60026,52,207.633218,True,False,False,4.932221840888123,4.117275617834212
34.536156,74,208.219883,True,False,False,6.177797575102258,3.9541173023235165
35.488577,35,208.499654,True,False,False,3.747475048393945,3.496802366821979
-11.750418,27,209.777526,False,True,False,2.457670694613991,3.366677813802952
41.289434,68,210.312638,True,False,False,6.7725544347998605,5.044022966376863
29.741004,46,210.664673,True,False,False,3.5699842251160847,2.700420710304723
47.664206,88,211.336816,True,False,False,8.659271685194554,6.503842270198753
44.888514,74,211.90446,True,False,False,7.011554128991206,5.754288023889736
32.00736,36,212.185967,True,False,False,3.426511892658516,2.873479133601847
32.798377,39,214.594704,True,False,False,4.087511551834571,3.2162021717102247
28.377733,36,214.880532,True,False,False,3.0259260027626573,2.2458964277102096
39.185407,57,215.330629,True,False,False,5.661910587828158,4.470700336126957
44.35672,74,215.913885,True,False,False,7.365541621742672,5.618765575935145
32.511568,23,216.092479,True,False,False,2.6295745156176293,2.8217416706090415
43.000119,45,216.444793,True,False,False,5.102438378218119,4.9270916861001925
36.191695,39,216.748588,True,False,False,4.124972640856114,3.7992681393619208
42.068479,63,217.233873,True,False,False,6.012028136724848,5.110645650661003
45.271121,66,217.758739,True,False,False,6.895593125450511,5.74120445699211
33.462264,65,218.258215,True,False,False,6.2543311917333675,3.919088076189459
40.33981,43,220.779198,True,False,False,4.656396861870385,4.502905710356283
32.58218,29,221.005156,True,False,False,3.012468286282117,2.9031067197980653
27.640914,20,221.162169,True,False,False,2.038635808140281,1.8928643497135433
29.755859,19,221.312487,True,False,False,2.120607245141322,2.2912153229481627
42.288856,68,221.846842,True,False,False,6.982512053579696,5.237363596764456
33.43718,36,222.135578,True,False,False,3.7244482058111483,3.1132046756877925
38.235269,47,222.518776,True,False,False,5.116694468621318,4.107515780848662
43.438715,95,223.089888,True,False,False,8.78682882123545,5.889687061678502
28.555556,25,223.212464,True,False,False,2.3078363079790742,2.0841285440502455
36.791407,37,224.151303,True,False,False,3.8544853326255404,3.806770903980958
30.675831,38,224.333652,True,False,False,3.490815854764256,2.7562294490029187
44.710863,72,224.681326,True,False,False,6.431699075421078,5.6562459612498195
46.031774,58,226.430172,True,False,False,6.211734227670658,5.745962086698976
26.299545,23,226.55563,True,False,False,2.075510516109245,1.7323838212307527
30.072296,27,226.698372,True,False,False,2.6719406488840667,2.395407861801305
29.172159,42,226.907063,True,False,False,4.070608181896162,2.781820615173025
41.852874,65,227.221533,True,False,False,6.495980607394299,5.179001549249209
32.584963,30,227.371215,True,False,False,3.365565535567734,2.889915567951962
25.233026,21,227.471413,True,False,False,1.6988279285040977,1.5217237211931924
38.603233,44,227.694494,True,False,False,4.802634543693017,4.1005804739946345
36.026163,51,227.936001,True,False,False,5.0888895884214,3.916632720954353
40.707597,48,228.156885,True,False,False,5.228431190664504,4.613688947040247
34.757777,40,228.391676,True,False,False,4.272326800685843,3.577279562551161
33.319119,43,228.751073,True,False,False,3.8008826449776825,3.2641545359793294
42.110495,59,231.142194,True,False,False,5.972063903861748,5.037251436980083
42.135135,51,231.548526,True,False,False,5.2942160828914435,4.858412447262388
39.561441,49,231.934463,True,False,False,5.081833278890985,4.426109380372662
45.111073,70,232.480264,True,False,False,7.128156660888722,5.766439387589245
30.446466,25,232.678442,True,False,False,2.6574485343818335,2.4440091385616913
33.273251,36,232.963209,True,False,False,3.480299153860828,3.2669687443376887
-12.723851,19,233.109417,False,True,False,2.0591686875259105,3.3135015893722377
44.086944,60,233.581036,True,False,False,6.090229619252376,5.368061099447776
35.87565,54,234.004482,True,False,False,5.170306262019171,3.801127322143416
36.057385,44,234.345809,True,False,False,4.5828127107405106,3.8205115541671337
41.047624,67,234.874905,True,False,False,6.420848314982628,5.202145554949905
28.037495,21,237.1238,True,False,False,2.1959733539805515,1.9768607308718544
38.750551,46,237.475446,True,False,False,4.98992091809418,4.268708236554635
26.335942,32,237.740653,True,False,False,2.67456338690437,1.8394567857519162
41.32324,59,239.485556,True,False,False,6.232020960777684,4.887127174238689
36.712608,47,239.86235,True,False,False,4.716737986079853,4.137810966073603
52.113608,91,240.57935,True,False,False,8.780062631817739,7.300998359976648
34.279945,33,240.836434,True,False,False,3.459022294677704,3.221426232887435
40.451232,51,241.246572,True,False,False,5.4526205715193985,4.613036424403324
27.050293,19,241.400609,True,False,False,1.7342913018785706,1.7435347420249154
30.196247,21,241.569315,True,False,False,2.336929841326397,2.376886874097271
35.984874,35,241.840953,True,False,False,3.849420842845548,3.60180153249329
37.289087,71,244.481999,True,False,False,6.795634449647798,4.3747355766699085
40.515216,42,244.811948,True,False,False,4.606088404157235,4.432437053323287
29.78481,21,244.973774,True,False,False,2.282818799424188,2.331658303236131
34.272883,37,245.255931,True,False,False,3.5978324326634596,3.2993177610973143
35.024866,42,245.584806,True,False,False,4.168389260974119,3.614300116588732
42.398747,50,245.978454,True,False,False,5.421098340193281,4.909731916680997
41.491895,112,246.86676,True,False,False,10.506560402078128,5.985989185367336
30.817678,23,247.047135,True,False,False,2.5272745618526247,2.4654789088811455
39.842324,58,247.499007,True,False,False,5.892342440771135,4.577216574246675
-10.288229,24,247.69362,False,True,False,2.3845474880313726,3.3893053677046456
39.890524,45,248.040917,True,False,False,4.813106759897006,4.409445639243546
31.509308,34,248.301702,True,False,False,3.184670099066499,2.802036983710119
45.23962,58,250.983389,True,False,False,6.335361805011092,5.532194560179505
51.603667,77,251.59107,True,False,False,8.022146921781353,7.017831860150075
-13.031963,23,251.771179,False,True,False,2.1215172442897328,4.82117744673366
30.012819,21,251.93854,True,False,False,2.2379894678940664,2.3722025676128853
42.396665,55,252.376636,True,False,False,5.7613249321010445,5.047107886217265
31.61818,25,252.571323,True,False,False,2.8468142772368776,2.6906599768113804
35.125591,46,252.931319,True,False,False,4.5970858381954045,3.6658310654708384
32.465943,23,253.108134,True,False,False,2.590876498837381,2.7644416682151576
36.729574,34,254.703828,True,False,False,3.765496442048283,3.6871617556214487
29.865883,35,254.977926,True,False,False,3.353914741644164,2.540706724738679
47.9594,61,255.495807,True,False,False,6.641224916576256,6.118641406603088
43.209758,73,256.198517,True,False,False,7.407382107136204,5.431836057870182
45.765807,67,258.821272,True,False,False,7.545474678896187,5.792030059022038
28.055849,27,259.034656,True,False,False,2.4302729275211155,2.07834365810444
46.364307,78,259.691986,True,False,False,7.542761617565301,6.008522376327669
46.735184,61,260.167212,True,False,False,6.520005274478407,5.8773805733974775
49.084561,94,260.888079,True,False,False,9.28751681385571,6.939186403797076
-19.306993,19,261.036472,False,True,False,1.4080517220980708,2.3037045365278037
28.326441,17,261.163605,True,False,False,1.9228682411314797,1.9335580475264194
41.948563,60,261.626694,True,False,False,6.3408779533520025,5.018820665538137
33.984708,44,261.960902,True,False,False,4.2753827561623705,3.39546279470645
34.533823,30,262.207447,True,False,False,3.2153700030097303,3.210072101462554
29.441621,30,264.545922,True,False,False,3.176733327946375,2.4799368967518913
-5.542891,44,264.894953,False,True,False,4.491875432588578,4.7442957300777175
29.670491,21,265.060743,True,False,False,2.243886845380042,2.280268603647576
34.128563,34,265.411214,True,False,False,3.8483709620857467,3.3935697955739292
31.396063,21,265.58098,True,False,False,2.4054969374501995,2.596949037116517
32.252069,25,265.785772,True,False,False,2.762958749030638,2.8406348659359986
43.020182,77,266.42819,True,False,False,7.618411151241784,5.445892753780201
41.393235,60,266.918573,True,False,False,6.13422756642358,5.20456997379437
30.383875,25,267.113221,True,False,False,2.4983527558013785,2.4931664175765724
30.700363,31,267.363362,True,False,False,3.191546182166405,2.600659282788951
37.9089,68,267.927715,True,False,False,6.522151767274079,4.658069416534318
42.572642,55,268.366477,True,False,False,5.6391908418940195,5.073850865093377
38.058749,81,272.511764,True,False,False,7.802913128072745,4.6904910014388115
33.400908,34,272.775424,True,False,False,3.5652005457953337,3.165241540542938
28.652703,32,273.03834,True,False,False,2.899499949158391,2.4412169098450023
43.736999,55,273.456648,True,False,False,6.004008912591372,5.265912407259751
31.632256,36,273.734382,True,False,False,3.5361919425740984,2.812547396208007
35.534006,38,274.025635,True,False,False,3.9062100321440854,3.539108770902216
29.396461,40,274.348823,True,False,False,4.002767932865213,2.6394538537647865
28.397571,31,274.598538,True,False,False,2.8682611588977016,2.2430246120491453
46.459916,59,275.064761,True,False,False,6.612125794880132,5.850259099136439
35.741828,33,275.318199,True,False,False,3.637545653884537,3.4889905495077933
40.690741,56,275.77209,True,False,False,5.441171632928785,4.814328213926956
35.075035,45,276.123501,True,False,False,4.567138221476463,3.5658845890036712
30.421787,25,278.278738,True,False,False,2.487777276717699,2.471753665399683
27.493365,19,278.422221,True,False,False,1.8221468842288522,1.88873061980149
38.082474,52,278.824796,True,False,False,5.284444468391385,4.197484572971858
41.558684,50,279.216525,True,False,False,5.396390941209825,4.786560839414368
40.568463,52,279.643238,True,False,False,5.639232318690405,4.702114988966239
39.294915,61,280.122464,True,False,False,6.124949106036716,4.713470299479242
44.003917,74,280.682342,True,False,False,7.371919543119496,5.650412242418415
41.218002,80,281.295644,True,False,False,7.982050015240041,5.50262348017482
42.016273,59,281.741824,True,False,False,5.643678833008471,5.01113320094445
38.750755,41,282.058555,True,False,False,4.488740768603112,4.1629358860815975
-18.738375,5,282.0963,False,True,False,0.3745516099928545,3.948908552112125
34.911679,37,284.433182,True,False,False,4.011681415701861,3.4772399521045534
33.98473,32,284.673714,True,False,False,3.441427070746367,3.1394443042909193
42.049865,53,285.08152,True,False,False,5.821936442875421,5.115739895899786
33.727839,29,285.299106,True,False,False,3.328551533629527,3.1090808831428642
41.089919,49,285.672659,True,False,False,5.605156947526001,4.918481905683136
47.586208,65,287.264572,True,False,False,6.884050107805737,6.126440407234764
33.728188,33,287.531752,True,False,False,3.4523934876257023,3.184528709988804
39.907047,41,287.857377,True,False,False,4.46558815644325,4.329773550018654
41.075262,57,288.295711,True,False,False,5.590910836682727,4.833548882979868
29.895884,22,288.463961,True,False,False,2.249097800045815,2.3334668343219924
25.7033,16,288.589831,True,False,False,1.6472264451220668,1.5176668325913327
28.687547,29,288.810678,True,False,False,3.039581303653661,2.4551953696467996
28.383638,25,289.011142,True,False,False,2.4695296271980003,2.135970664409293
44.254517,57,291.583432,True,False,False,6.110835836994204,5.415615508738984
42.280085,58,292.034489,True,False,False,5.9612670395554614,5.233059027418231
37.85065,39,292.343735,True,False,False,4.142300052509687,3.9375085738009337
42.900104,49,292.721336,True,False,False,5.360443184188154,5.077833520657579
46.597009,71,293.278595,True,False,False,7.4105549422592745,5.988421440116434
46.183902,57,293.720367,True,False,False,6.208123927285716,5.6804735031895355
45.142251,56,294.158237,True,False,False,5.928786794141536,5.535191850372373
34.820395,47,294.529619,True,False,False,4.755045814096595,3.6147623597184437
24.696424,28,294.750671,True,False,False,2.5118810683237953,1.5185947198240228
30.540565,29,294.98214,True,False,False,3.049170552671415,2.583363089561965
33.483651,30,295.213235,True,False,False,2.9967259185242994,3.0668886912725015
30.444231,25,297.489445,True,False,False,2.616436915964978,2.4690156493528534
37.920896,35,297.780592,True,False,False,4.074834988481946,3.9278490617105852
28.357263,22,297.960999,True,False,False,2.2024974510985738,2.096646707560967
39.190243,51,298.353349,True,False,False,5.239832623749875,4.420783804602727
29.829427,29,298.58398,True,False,False,2.85089126921587,2.4609006168432437
39.858779,56,299.023355,True,False,False,5.803430784227799,4.5488728647899945
34.663676,33,299.278429,True,False,False,3.5558019174783073,3.3836727678029197
28.502444,29,299.518163,True,False,False,2.7352984140728727,2.11819895638458
35.45233,34,299.801528,True,False,False,3.8726718528512065,3.56837331188268
45.784237,53,300.243994,True,False,False,5.780834598986552,5.627110860745401
27.300258,17,300.37932,True,False,False,1.7605114815262426,1.803144489022396
30.219985,25,300.579413,True,False,False,2.479794705776621,2.420176278736564
36.641077,48,300.967475,True,False,False,4.7427016799656805,3.9440325025438425
37.504249,63,302.60994,True,False,False,6.319667541691415,4.476380831439403
29.665315,25,304.950192,True,False,False,2.60278002862544,2.287071664349948
37.707241,52,305.350534,True,False,False,5.057757030573054,4.1715451720086145
-10.616448,25,305.547335,False,True,False,2.4663566447874303,3.572631352584399
46.835844,89,306.265588,True,False,False,8.902725894166835,6.359189218903021
45.748334,64,306.77734,True,False,False,6.655433649754797,5.708257866065057
35.505642,31,307.021932,True,False,False,3.5197215649002334,3.4106372493163377
44.162283,54,307.471232,True,False,False,5.72790215726325,5.327419463488008
43.015502,59,307.97122,True,False,False,5.90756441373174,5.151615569501322
38.776991,41,308.301556,True,False,False,4.515420300639483,4.176086873736165
-17.003538,8,308.370418,False,True,False,0.7344219946621352,3.204466744967635
29.581877,28,308.60177,True,False,False,2.9808843193292813,2.457628677180976
29.066764,30,308.837989,True,False,False,2.989457830517734,2.4245112297945517
43.418629,56,311.212983,True,False,False,6.002726563809735,5.142046175315084
44.682285,59,311.664224,True,False,False,6.096089455270908,5.50119340287173
42.51617,50,312.046558,True,False,False,5.510115581558055,5.041559415433588
34.56046,40,312.381217,True,False,False,4.232700453385063,3.3723649000069615
-13.248765,18,312.521917,False,True,False,1.9640330119619411,3.624941087278697
39.58025,39,312.828691,True,False,False,4.5106055188154635,4.342545871907337
25.130735,38,313.119231,True,False,False,3.18867092258054,1.7770108684884331
27.811215,22,313.284313,True,False,False,2.196810374411131,2.062738549911827
47.237707,62,313.744615,True,False,False,6.633838216931764,5.987325731408487
39.085454,36,314.006914,True,False,False,4.08095292082147,4.1597406592982145
34.820442,32,314.233863,True,False,False,3.480088977053714,3.3748177740840917
38.465726,43,314.554725,True,False,False,4.631364431433442,4.149684744963078
38.260787,40,316.854037,True,False,False,4.592308557462935,4.098867762015032
38.207944,38,317.149116,True,False,False,4.25568587157074,3.973112530016697
41.315611,66,317.677927,True,False,False,6.704600282042172,5.147538308993673
40.155655,45,318.03223,True,False,False,4.874942291692576,4.47737360477838
39.557631,51,319.581353,True,False,False,5.534731594453623,4.440312173186002
46.799737,74,320.156761,True,False,False,7.3936923317398415,6.161568694802902
30.668799,23,320.340104,True,False,False,2.6341508603228845,2.486624873201759
34.257105,43,320.667711,True,False,False,4.5872663703257155,3.39667436760097
43.153167,68,321.190486,True,False,False,7.123559966061096,5.42447726418741
41.356627,49,321.568184,True,False,False,5.187456287215588,4.764157435480309
36.397975,39,321.865686,True,False,False,4.169278912420116,3.715568928101034
44.837048,51,324.271069,True,False,False,5.67786967180145,5.346473619410746
47.113734,68,324.795344,True,False,False,7.039551649203135,6.017826746813033
30.043429,20,324.951663,True,False,False,2.20050345356994,2.3217903855520454
34.343517,30,325.177064,True,False,False,3.4181659687931516,3.2245345088105375
25.996375,14,325.287588,True,False,False,1.4672583965933352,1.5318448907654103
29.423783,19,325.438558,True,False,False,2.081814327473891,2.2166983457193794
30.939229,22,325.614276,True,False,False,2.433040602366138,2.499969518198657
40.566242,41,325.937617,True,False,False,4.65952614489472,4.539156827642306
42.701973,50,326.331259,True,False,False,5.320135200998115,4.974917332668979
46.467025,51,326.72147,True,False,False,5.903920069253494,5.648488871525884
45.877625,58,327.167193,True,False,False,6.338041417685886,5.748190597214143
33.110518,33,327.421151,True,False,False,3.5463360761416203,3.129895874505676
37.452968,33,327.704253,True,False,False,3.7910632601875722,3.8024916021919735
47.384265,66,330.303233,True,False,False,7.081488269516942,6.166160289362908
41.221008,41,330.62728,True,False,False,4.668656893102248,4.578706180198414
32.302876,24,330.811721,True,False,False,2.723331935299196,2.7917511929659544
27.902549,26,331.016273,True,False,False,2.8276072398326924,1.9599516240206778
39.133341,48,331.391686,True,False,False,5.0692325299193755,4.360274604236862
40.50336,50,331.776619,True,False,False,5.200026990869291,4.859697194101733
33.197971,27,331.985835,True,False,False,3.123091273818436,2.964124659608683
42.127721,54,332.407582,True,False,False,5.989791422289064,4.93067355859605
31.538589,27,332.622609,True,False,False,2.992716447020691,2.6409230077716614
45.882113,80,333.263123,True,False,False,7.878005992151954,6.088266690053158
33.535999,25,334.575496,True,False,False,2.8978160331814338,3.0384402361606337
26.799822,17,334.704058,True,False,False,1.683624765282625,1.7541116734954818
47.815204,76,337.25399,True,False,False,7.715281836119562,6.379143377162761
34.80126,29,337.485756,True,False,False,3.2970630002372525,3.309779250800252
26.510061,19,337.647023,True,False,False,1.9468756674653325,1.7184278129865094
34.862687,38,337.946681,True,False,False,3.987508136341631,3.4299502622380906
50.767978,69,338.438125,True,False,False,7.763621855382538,6.682958292336247
51.678926,65,338.978002,True,False,False,7.464788466379246,6.810501105941097
29.3882,24,339.180192,True,False,False,2.3870887642306653,2.2330696039140943
50.723227,64,339.69612,True,False,False,7.007716415834591,6.591125294586747
37.661519,46,340.074109,True,False,False,4.861730628915543,4.0415050401621375
28.465841,32,340.323157,True,False,False,2.973683513101949,2.274425513841919
44.598427,68,340.892725,True,False,False,7.317259082140508,5.562210601389688
39.848568,42,341.227942,True,False,False,4.722452066613065,4.322726109907912
42.573642,44,343.632873,True,False,False,5.0203202787462375,4.836259466228187
41.801883,46,343.985848,True,False,False,5.15365493887394,4.718532491779559
30.061461,28,344.206236,True,False,False,2.9485562591456587,2.660020039183756
41.259677,44,344.552614,True,False,False,5.029135003879876,4.634111396027373
39.856599,53,344.976377,True,False,False,5.707349847039885,4.685842015077498
49.462639,63,345.496033,True,False,False,6.880869752612628,6.3593202801592525
34.928327,33,345.765584,True,False,False,3.5864499973224877,3.3707012326907555
39.667371,43,346.124793,True,False,False,4.743856680689266,4.385888401003959
37.931735,33,346.41639,True,False,False,3.9614473807216743,3.9595632619200556
31.805822,28,346.640598,True,False,False,3.0683272736608638,2.7702214943937107
28.871743,15,346.764153,True,False,False,1.8179158674749585,2.0756530281847168
30.585317,23,346.949282,True,False,False,2.599798488567392,2.510436567192489
52.138955,80,349.750973,True,False,False,8.346395129392496,7.044582577915924
30.779205,25,349.949372,True,False,False,2.6873114169792944,2.5502076406933516
36.513826,44,350.298037,True,False,False,4.778522185000658,3.9386921393162777
39.272564,39,350.608602,True,False,False,4.4838935162674565,4.275974014223496
26.65781,17,351.713413,True,False,False,1.8350444223186815,1.684098648038346
35.344836,40,352.03459,True,False,False,4.130188765095065,3.5906693988274725
33.995794,30,352.270641,True,False,False,3.4174889502892483,3.1730310099148236
46.288142,52,352.688515,True,False,False,5.969825527848638,5.60941101328095
49.071442,61,353.183787,True,False,False,6.785089797927883,6.289958479872065
36.120824,34,353.456842,True,False,False,3.8968203043382363,3.522756270647054
46.865642,66,353.978939,True,False,False,6.892763176999282,5.956636747257026
31.054842,33,354.242509,True,False,False,3.3753088021591036,2.9504685053175987
39.202146,44,354.584327,True,False,False,4.7685024009237695,4.250907633609995
46.804016,55,357.374652,True,False,False,6.05319264828272,5.812790991354444
43.332409,49,357.847165,True,False,False,5.5932530081261715,5.032760713136899
43.901662,54,358.523673,True,False,False,6.016256894871167,5.282092683498459
32.455327,27,358.825283,True,False,False,3.1499469594119045,2.9174374305359834
46.708996,65,359.412998,True,False,False,7.199018779147673,5.879283215248902
37.704637,34,359.69213,True,False,False,3.863871162032502,3.906532626982095
36.518439,43,360.049549,True,False,False,4.7294885315166635,3.811112050042336
38.729061,46,360.416123,True,False,False,5.081075577600319,4.2900942321282045
32.438606,26,360.626714,True,False,False,2.8653612713110976,2.844096290808892
47.465978,56,361.077547,True,False,False,6.3955057949056116,5.992738243977797
33.443026,31,361.356409,True,False,False,3.313805921971511,3.0046979504601348
42.453196,54,363.877356,True,False,False,6.074412103025319,4.969542718969256
33.109177,33,364.13079,True,False,False,3.514545694631933,3.044004354485006
49.980244,62,364.607979,True,False,False,6.918924636906801,6.450813127794945
32.934827,34,364.87237,True,False,False,3.5228612230287135,3.063274400671789
29.659337,23,365.054179,True,False,False,2.442706915943626,2.386153372037659
36.256259,32,365.297793,True,False,False,3.7310594042947436,3.588232470969103
35.921288,32,365.544393,True,False,False,3.6107119014039384,3.5098636311955103
45.47381,62,366.023048,True,False,False,6.934693320539348,5.609714846203594
37.758651,39,366.325525,True,False,False,4.141442132739433,3.9707061289631715
40.707693,54,367.921428,True,False,False,5.620538943227119,4.686616330135143
27.451215,23,368.100309,True,False,False,2.3756062280494583,2.1759480242103653
44.468375,57,368.590522,True,False,False,6.1989366471239125,5.447862641603827
26.914129,16,368.720418,True,False,False,1.7447254413898923,1.7233612993725138
31.588305,30,371.062411,True,False,False,3.3323726003065066,2.6918095557555346
30.997897,20,371.221402,True,False,False,2.3426766569638557,2.4493663403915242
38.418203,37,371.512179,True,False,False,4.126373493834699,4.03117336323137
37.32866,37,371.809855,True,False,False,4.0060187432945265,3.868079958200734
31.166258,30,372.050673,True,False,False,3.1731135842358813,2.6804349010452397
29.629614,20,372.223574,True,False,False,2.344510187143507,2.1826819882645307
-17.449585,8,372.29936,False,True,False,0.7777178521795208,1.9803729364284879
43.627803,48,372.709044,True,False,False,5.568033859382133,5.076876124384727
29.034139,24,372.906725,True,False,False,2.532315112646002,2.1317313916642906
44.473464,55,373.40427,True,False,False,5.84246940704082,5.504568155730948
36.853866,31,373.657354,True,False,False,3.517371112014335,3.653606666213056
33.598472,33,373.920147,True,False,False,3.782516536920046,3.0799082207418746
38.90275,39,374.227312,True,False,False,4.44595232337558,4.130080706460581
27.888422,16,374.353553,True,False,False,1.7067070181596717,1.8916989839813756
31.656481,33,374.611437,True,False,False,3.593795719630616,2.7741782247307007
35.343483,39,374.920152,True,False,False,4.109868623570876,3.563100869507559
29.589606,25,375.122326,True,False,False,2.5761675825534383,2.2995270387632467
37.788816,34,377.601517,True,False,False,3.991252427240185,3.897772025128952
36.902562,34,377.870422,True,False,False,4.0862288071975374,3.7494281526119844
35.734229,36,378.15344,True,False,False,3.758990245743098,3.5552512949863315
50.817947,73,378.732282,True,False,False,7.681621925241166,6.785322861662456
34.092806,31,378.98689,True,False,False,3.352322419978507,3.1581729066613913
46.697358,89,379.700789,True,False,False,9.148022106939074,6.383383917777794
33.85198,26,379.908836,True,False,False,3.0314690537425286,3.0635857448730732
36.926522,38,380.213732,True,False,False,3.928855890788342,3.76406060333345
35.929847,36,380.527396,True,False,False,3.9283153767369234,3.60934567074873
51.639697,69,381.066298,True,False,False,7.378876972148586,6.892943311934307
27.343569,20,381.222054,True,False,False,2.1321209760178332,1.8477593931873184
46.755826,75,383.741783,True,False,False,7.702352719722514,6.083620473212087
27.325777,23,383.920445,True,False,False,2.5300355778871877,1.857458513628238
26.608794,15,384.057271,True,False,False,1.6092548917471843,1.6652628282089919
46.94715,58,385.634395,True,False,False,6.403130503366761,5.841207353882488
32.017396,23,385.813256,True,False,False,2.643977627987731,2.695556599521568
44.360919,55,386.236508,True,False,False,6.060798468248018,5.427125160770293
42.329758,56,386.673075,True,False,False,5.85656557209504,5.170186085804692
-9.016495,24,386.857986,False,True,False,2.6203666969941266,3.5747495493296686
30.177878,31,387.100654,True,False,False,3.4222738115695215,2.5028900778389818
38.508159,41,387.42161,True,False,False,4.515491474150451,4.050769970635567
28.094545,19,387.584565,True,False,False,1.9176475762557146,1.9803772089655507
48.218402,64,388.101491,True,False,False,7.0183726143877365,6.116895106373484
36.837073,66,390.663865,True,False,False,6.628636007928067,4.205464894662524
32.831757,34,390.932727,True,False,False,3.684388441095928,3.0258949825945147
40.705411,46,391.299772,True,False,False,5.0166202331533185,4.5848872340360485
42.845942,46,391.660199,True,False,False,5.131524048846888,4.962357873398285
42.602555,49,392.051785,True,False,False,5.405753257173545,4.918961230241715
-13.870438,15,392.177367,False,True,False,1.5619664354904481,3.621632421399608
47.789664,57,392.632747,True,False,False,6.470957233720175,5.998083747301262
41.357166,39,392.9374,True,False,False,4.6323746377074135,4.590492002371854
28.286511,25,393.131099,True,False,False,2.6239844766061395,2.0658334379696366
26.739922,15,393.250561,True,False,False,1.6277681691816566,1.6807458469922267
39.60587,38,393.543246,True,False,False,4.087646365052361,4.2645545664682105
35.711806,34,393.802495,True,False,False,3.6772465776639502,3.5217588948333587
41.325936,55,394.232664,True,False,False,5.853107215336157,4.940714097028146
28.966447,28,394.456162,True,False,False,2.867363855262666,2.5210386682768693
36.381979,34,396.794148,True,False,False,3.90941022960167,3.635976493630771
34.003785,31,397.036678,True,False,False,3.3454531165428962,3.154269550120131
27.33917,17,397.177428,True,False,False,1.7771849619259568,1.7910537544925935
40.775472,45,397.554621,True,False,False,5.02067894269034,4.577749119644111
45.046746,48,397.958787,True,False,False,5.667519618014023,5.339873642278809
33.213591,37,398.242967,True,False,False,3.9603770165557366,3.1072108105077016
33.578919,29,398.470971,True,False,False,3.22419450049993,3.135033726673932
46.92543,57,398.923928,True,False,False,6.384689640816629,5.856908867720205
29.505934,26,399.130253,True,False,False,2.5372124846978177,2.321738284314625
49.45085,61,400.735287,True,False,False,6.638909917655257,6.290851968196824
49.29243,70,401.299902,True,False,False,7.463993748727774,6.466918238476086
27.515344,18,401.4393,True,False,False,1.9413433241191,1.8885478578033152
27.880603,29,401.656609,True,False,False,2.951634020791999,2.0417137285532343
41.867962,61,404.180533,True,False,False,6.172313857051503,5.021315793313879
27.987552,16,404.309658,True,False,False,1.78563403459615,1.9367638726824277
39.280493,79,404.947946,True,False,False,7.798097916610405,5.07605508218709
39.730581,59,405.408197,True,False,False,6.0353161306828795,4.59767863365788
32.660284,25,405.602965,True,False,False,2.932368077935729,2.8272880469525608
39.038539,37,405.890676,True,False,False,4.379838817755427,4.157728379871873
37.173223,34,406.154714,True,False,False,3.7336352811208924,3.7902468574564714
26.792039,14,406.272523,True,False,False,1.5267310484795567,1.6645173187266238
31.646959,29,406.50351,True,False,False,2.944929135852477,2.71571198656069
43.061758,48,406.873574,True,False,False,5.141184739205453,5.038767669990408
49.921413,67,407.41977,True,False,False,7.3701854295864315,6.511812260137278
36.448104,38,407.738116,True,False,False,4.209058455239361,3.6513662362030255
27.789841,18,407.875464,True,False,False,1.8427345775464283,1.9190003784963303
-17.918926,9,407.947557,False,True,False,0.7758623635087067,2.9819669677401444
31.793549,26,410.157401,True,False,False,3.072789618966587,2.6883174281902766
29.663115,18,410.298775,True,False,False,2.101794089887108,2.1564151907576865
39.334356,54,410.733679,True,False,False,5.495749898395534,4.4384644781367575
45.356999,57,411.194693,True,False,False,6.1553021883634615,5.558127013404023
33.092315,35,411.482002,True,False,False,3.7002626069086983,3.077493910096447
48.456009,60,411.944902,True,False,False,6.723583593015541,6.136815512196563
25.936261,19,412.092772,True,False,False,2.1538586264447357,1.5680203186366897
29.277827,20,412.246796,True,False,False,2.2765678603980635,2.1535425394456227
34.122176,29,412.470896,True,False,False,3.2389990031692197,3.2706062840586503
28.349064,18,412.609644,True,False,False,2.1105109371903055,1.98044256067577
37.866036,40,412.929853,True,False,False,4.408597172346794,4.086195584119326
26.020644,15,413.048429,True,False,False,1.4958039718044,1.6008248045125733
29.480206,25,413.245635,True,False,False,2.39066984691216,2.310125185000998
34.050298,31,413.490553,True,False,False,3.4582182340136036,3.3654621975441184
35.904055,37,413.7857,True,False,False,3.9180185344082705,3.6222973862405516
-1.25175,48,416.269202,False,True,False,5.08808568313406,5.8462162144143255
46.743898,68,418.034641,True,False,False,7.234758092069141,5.972188441615724
37.725229,59,418.483002,True,False,False,6.104780670878017,4.411069002878245
41.862152,47,418.835353,True,False,False,5.2476996471411494,4.798395394759333
33.005556,30,419.06087,True,False,False,3.4088173174700227,2.9668407134262185
47.977631,65,419.56315,True,False,False,7.117848884624427,6.157938902041866
34.607848,41,419.888959,True,False,False,4.202517337165864,3.5993388385101164
37.388798,31,420.133781,True,False,False,3.7021860924408627,3.732627945888259
33.32024,27,420.348568,True,False,False,3.0638993017652725,3.0263537338765385
36.915624,31,420.590533,True,False,False,3.5667770297524153,3.728100793540092
38.576313,38,420.883309,True,False,False,4.324248254554349,4.042231728832077
35.430143,37,421.177216,True,False,False,3.7989853517919054,3.583793672393176
48.762023,63,423.710169,True,False,False,7.298288758242932,6.254082740881419
37.078783,33,423.96542,True,False,False,3.907667456313287,3.7703471664382753
35.654765,36,424.244827,True,False,False,4.167480743250003,3.54957363386916
26.476009,15,424.360161,True,False,False,1.6264903662473644,1.621736131625227
39.379204,37,424.645192,True,False,False,4.477446821205501,4.229388354874113
46.130894,67,425.169046,True,False,False,6.743003074697884,5.87623284721936
34.639576,26,425.370335,True,False,False,3.0640092469851514,3.2051224170097443
32.066187,22,425.545196,True,False,False,2.6835688737825985,2.6229502270449414
25.265883,35,425.822371,True,False,False,3.8683200230910826,1.6195222702616772
33.293245,32,426.074908,True,False,False,3.590058258479621,3.036436069731115
36.782036,36,426.357471,True,False,False,4.011373683524519,3.688055840724788
44.782385,53,426.785475,True,False,False,5.894695614914319,5.391944288926724
30.372869,22,426.965316,True,False,False,2.4104473372547406,2.401310901065532
34.960496,40,427.279141,True,False,False,4.205278099501058,3.4755597234241695
37.429678,51,429.798976,True,False,False,5.350618232412404,4.062359830354553
35.805437,27,430.021714,True,False,False,3.267168985203419,3.41245822381854
30.729993,22,430.201292,True,False,False,2.5325348008663497,2.4451553092502585
26.493247,16,430.327482,True,False,False,1.5187256959467141,1.634547392774061
36.728836,35,430.60782,True,False,False,4.137618672868603,3.7242813328043627
44.46503,45,430.959733,True,False,False,5.271088430584593,5.185264988317455
38.921479,38,431.262334,True,False,False,4.373413992446539,4.131974272162497
37.739324,39,431.574837,True,False,False,4.529594760887848,3.9527272071950406
40.992606,49,432.908176,True,False,False,5.132632643024996,4.642648253392892
46.723279,62,433.414055,True,False,False,7.215403919410844,5.905096098637927
28.827149,17,433.551372,True,False,False,1.9188982225806746,2.094285431964328
48.851091,53,433.970261,True,False,False,6.218071851382872,6.03795641273019
32.102743,29,434.203106,True,False,False,3.113513735655055,2.840500250871015
35.343406,39,434.519814,True,False,False,4.422094722396088,3.5590499896811223
40.068443,48,436.897774,True,False,False,5.267036199696314,4.489079037976722
31.469221,28,437.109653,True,False,False,3.0659121099090605,2.666507449593306
38.204731,35,437.377769,True,False,False,4.101639068132189,3.9873672438662218
31.829171,26,437.593922,True,False,False,2.9611398845030505,2.801398685434895
33.961115,39,437.902683,True,False,False,4.532990420486961,3.303453730892773
26.115074,17,438.039581,True,False,False,1.812592730363849,1.557236883057402
-2.243926,38,438.344112,False,True,False,4.19588019798808,5.368348740141151
33.720958,31,438.590405,True,False,False,3.4863181972545867,3.1366065138780312
41.22256,53,439.021613,True,False,False,5.861317956783312,4.792247082882281
32.260804,26,439.234207,True,False,False,2.7677976828872266,2.8193035163986657
31.045438,41,439.566263,True,False,False,4.453656246774521,2.792815710160604
35.269133,35,439.840256,True,False,False,3.643687749873645,3.455080660396278
43.081704,48,440.230795,True,False,False,5.228925128313477,5.033584226961749
27.751487,18,440.37866,True,False,False,1.7677861268951982,1.8681373040275413
53.020249,69,442.903286,True,False,False,7.737694344998065,7.106447913409612
29.077361,16,443.031493,True,False,False,1.9728279195104679,2.1180282110555373
36.355311,31,443.275815,True,False,False,3.5952328789070473,3.590389377805699
-18.030162,6,443.322147,False,True,False,0.5654245543284956,1.779729546927003
39.552618,44,443.662928,True,False,False,4.775559894923737,4.573816784632291
33.715719,29,443.882368,True,False,False,3.287596116923845,3.198880296518084
26.496898,15,443.996441,True,False,False,1.5049545683303605,1.6304982686401928
47.59757,58,444.458144,True,False,False,6.507788317385274,6.00716822861601
42.437905,45,444.809604,True,False,False,5.14055225256456,4.873996692643228
46.340681,48,445.188945,True,False,False,5.626539484968292,5.569337860105154
35.157393,28,445.416552,True,False,False,3.2592658984023295,3.3074567224167915
32.102154,26,445.609114,True,False,False,2.8737863559668075,2.743717609132136
41.33898,47,445.998495,True,False,False,5.275838366786789,4.799659338898652
43.492224,46,446.351652,True,False,False,5.349824269621905,5.032533725790105
-18.366899,6,446.397684,False,True,False,0.5270606814167248,3.842708289447573
26.601104,14,447.706105,True,False,False,1.4309789070316297,1.659958570997262
51.423153,64,450.250543,True,False,False,7.280380297928319,6.716990345142336
41.937686,48,450.63193,True,False,False,5.3354628486680165,4.832355279395381
40.293995,39,450.934719,True,False,False,4.495501683592335,4.414382532677754
32.490524,24,451.119242,True,False,False,2.8732670305781687,2.785429544965039
40.884504,39,451.418179,True,False,False,4.535705063925883,4.548246329850365
44.226624,53,451.823978,True,False,False,5.7604991325326536,5.336700456255736
30.502175,26,452.036273,True,False,False,3.0589146312422875,2.4804799401896767
34.247781,31,452.302633,True,False,False,3.561855188024017,3.419239143892355
30.494442,25,452.498569,True,False,False,2.7507071488091177,2.485429754744231
30.944892,22,452.666803,True,False,False,2.3815256140237127,2.5192646486311845
-5.337503,31,452.916991,False,True,False,3.625994248178933,5.504446878581849
49.193868,52,453.325392,True,False,False,6.349139014779866,6.1519152550327325
30.132708,24,453.521982,True,False,False,2.5635329714292534,2.379333892949041
40.284705,45,453.870291,True,False,False,4.948907122010291,4.470567370679801
34.348283,47,456.27159,True,False,False,5.0408229760390855,3.3967643148611546
40.086388,38,456.569447,True,False,False,4.348828571783713,4.329198966249604
35.629792,37,456.852537,True,False,False,4.111274204242516,3.4752330032539476
42.137671,54,457.267249,True,False,False,5.729784988634935,5.070904806178538
36.890272,37,457.558943,True,False,False,4.082525771666783,3.757334343677624
44.767949,45,457.902939,True,False,False,5.410018711130172,5.232926325717431
39.540371,41,458.215284,True,False,False,4.599126075591618,4.262799561854054
37.243291,31,458.448519,True,False,False,3.6367453355015043,3.7127872290649115
26.679977,16,458.569579,True,False,False,1.6434750059443013,1.6846330169070332
36.538069,35,458.834235,True,False,False,3.8919213701058006,3.6341964280805623
36.203881,32,459.07846,True,False,False,3.7730971393707953,3.6103620634799247
44.624555,70,459.613201,True,False,False,6.898997464784028,5.892295856010337
31.161173,31,459.848736,True,False,False,3.255506595126461,2.667934462104328
35.269616,30,462.084394,True,False,False,3.421727783685257,3.3901938544104313
35.096947,47,462.435903,True,False,False,5.032917179908292,3.650596361678493
-17.344859,13,462.536692,False,True,False,1.1987162672303437,2.4360286486372216
35.19973,33,462.783488,True,False,False,3.724678662433372,3.5498020064549056
36.624573,32,463.026071,True,False,False,3.6979117488950495,3.611616693975878
37.684065,34,463.290901,True,False,False,3.8058194609428972,3.886384775074681
28.707015,17,464.295062,True,False,False,1.9431788909234746,2.071891961393158
45.131314,58,464.741263,True,False,False,6.568942535911652,5.542753037349073
52.353452,63,465.223329,True,False,False,7.4178367010467525,6.836876453506964
38.445449,38,465.517301,True,False,False,4.245823104840513,4.04849250713347
29.470824,18,465.654809,True,False,False,2.075668317589119,2.2229425240868532
50.304567,62,466.13288,True,False,False,7.096267375978332,6.575169343922978
28.085297,18,466.279117,True,False,False,1.9452053114820995,1.940415318694634
33.728382,25,466.470395,True,False,False,2.9396192154179572,3.0369288528719363
44.184132,60,468.948061,True,False,False,6.471017274582075,5.416803827760059
48.017694,53,469.379279,True,False,False,6.031949163395511,5.996078849080974
33.09494,25,469.573977,True,False,False,2.868170999849787,2.9752997960147747
45.835996,51,469.962799,True,False,False,5.987784326635562,5.631039595491197
29.164399,21,470.128354,True,False,False,2.3568510164885725,2.2168653633009257
36.096364,32,470.375266,True,False,False,3.5492217635577714,3.560076218182794
33.587148,28,470.596453,True,False,False,3.2011467669506546,3.0296007858739946
43.189726,44,470.947322,True,False,False,5.126642905830834,4.997170427247772
39.82773,38,471.24792,True,False,False,4.529360905677415,4.252375268301108
52.556445,68,471.772471,True,False,False,7.686469971833154,6.916052804714273
31.605635,28,471.986459,True,False,False,3.0406326955973433,2.6673948166300328
44.543839,46,472.338804,True,False,False,5.3750836476317545,5.234193283815321
37.928209,41,472.656665,True,False,False,4.632690842154945,3.9337392000966447
34.022628,28,474.919755,True,False,False,3.2886522476877147,3.2185146168187933
30.307433,21,475.080438,True,False,False,2.4092584827848453,2.351247973562736
38.425449,37,475.360083,True,False,False,4.2134144605813635,3.9994122550640068
29.327408,26,475.564654,True,False,False,2.6638897218429305,2.4381521436719855
47.156404,52,475.967877,True,False,False,6.134473305582587,5.796013979005809
36.410672,35,476.235774,True,False,False,3.735461640771442,3.667440413115623
28.841128,15,476.354258,True,False,False,1.8455486988968894,2.003085155427246
42.19807,43,476.681337,True,False,False,4.929649162796821,4.740328839265206
44.84032,43,477.008729,True,False,False,5.191944940397518,5.281074229936916
33.960327,29,477.225449,True,False,False,3.334656995373699,3.080372772711871
31.313347,28,477.445666,True,False,False,2.9776873709077374,2.6390856416799635
44.643142,44,477.808996,True,False,False,5.147780810362927,5.246686762978017
45.833387,67,479.429034,True,False,False,6.915639561189845,6.047775409533244
-11.952494,19,479.576926,False,True,False,2.0779106884895713,2.7566415960682344
30.348291,21,479.742123,True,False,False,2.4106144833804946,2.3679596435788244
40.256527,40,481.972454,True,False,False,4.571662898315794,4.526541579292285
42.483655,44,482.303792,True,False,False,5.027974288040389,4.869290113485833
47.451468,56,482.727155,True,False,False,6.099104117489261,5.9059714649507455
32.005728,31,482.970692,True,False,False,3.612905927203901,2.8403685374492627
39.46218,58,483.416912,True,False,False,5.762704642927117,4.672979978919746
26.923858,13,483.51727,True,False,False,1.5201560231944973,1.6347433369410267
33.048297,31,483.755832,True,False,False,3.3214418694760215,3.0220407053875475
47.935672,60,484.224311,True,False,False,6.606493333271117,6.028642803123545
36.408643,29,484.44178,True,False,False,3.4137618395246214,3.527581970752873
31.950141,26,484.641958,True,False,False,2.839540712745188,2.6942334292166774
47.187534,73,485.210427,True,False,False,7.995602374386462,6.300895264140355
40.824605,43,485.549855,True,False,False,4.919514444714999,4.476120985703468
37.813202,37,487.772087,True,False,False,4.258367946700101,3.879238541453988
30.089022,23,487.948866,True,False,False,2.6812916902033757,2.378647313531866
37.184226,46,488.308434,True,False,False,4.948756042016368,3.964957807039465
26.820641,14,488.420284,True,False,False,1.598026303314584,1.6231263379317107
29.92786,21,488.586838,True,False,False,2.3308766910546286,2.3595372232133065
29.16745,19,488.731669,True,False,False,2.1573718889140023,2.1707824277156518
38.206776,42,489.058735,True,False,False,4.573638325407661,4.032096857147047
38.599783,54,489.477539,True,False,False,5.534890159987713,4.4841142276867805
27.084758,16,489.601994,True,False,False,1.6896573639792234,1.7529819637938748
42.929964,50,489.996525,True,False,False,5.415965698904086,5.078746320734994
28.709358,23,490.178385,True,False,False,2.229083526047406,2.1620293329746096
28.028824,18,490.322883,True,False,False,1.9013232433762246,1.8687531074956385
31.649129,22,490.48586,True,False,False,2.5183228629453316,2.648396317157538
41.843858,38,490.785184,True,False,False,4.5310829938298784,4.684806847717028
31.937484,28,491.002197,True,False,False,3.074569209381221,2.728151617954675
37.622047,45,491.361679,True,False,False,4.823871288290688,4.034715404749874
37.090196,39,491.657583,True,False,False,4.083953146349556,3.892979440584437
38.355431,40,493.813258,True,False,False,4.472419701224484,4.128460297751723
36.099019,44,494.156217,True,False,False,4.72135640095043,3.8973189848615433
37.595651,37,494.480179,True,False,False,3.984915825658745,3.916463607635735
43.149857,50,496.062172,True,False,False,5.426011322329585,5.0852794504381
35.17532,30,496.303395,True,False,False,3.29222858270035,3.388202190988358
32.237424,27,496.513629,True,False,False,3.112595511429002,2.938365500663874
-19.942498,10,496.596946,False,True,False,0.7808521029935862,5.328709964652956
47.455893,59,497.051592,True,False,False,6.3798000151773895,6.0474345131131795
28.477876,24,497.238695,True,False,False,2.3254866238305834,2.101696878326241
35.756955,29,497.470551,True,False,False,3.370581128809355,3.4103930301374783
41.945103,42,497.812778,True,False,False,4.89849829010083,4.7976252595238265
32.988023,25,498.00941,True,False,False,2.96745025569468,2.9101394174722945
44.691087,43,498.345957,True,False,False,5.1551386685836755,5.192886795041997
28.261058,16,498.467854,True,False,False,1.8350609700829503,1.981214011742559
34.579255,28,498.686304,True,False,False,3.14034725814875,3.2310939690312503
45.049988,56,501.083887,True,False,False,6.016367953401427,5.51287662936847
39.19245,38,501.379835,True,False,False,4.225910462507066,4.1442572050830035
34.664997,31,501.62612,True,False,False,3.4202869503322013,3.3294949810697756
48.265894,66,502.161735,True,False,False,7.2927156608931405,6.275426134378983
45.612792,70,502.704124,True,False,False,7.470040802578815,5.919619461987445
28.58898,22,502.871238,True,False,False,2.2607674406849383,2.126424440050602
43.915399,51,503.268404,True,False,False,5.5570543645795425,5.352361077498291
27.436987,14,503.37656,True,False,False,1.6100209253816686,1.7444735686649273
39.515203,40,503.698386,True,False,False,4.528375542659827,4.438864359263508
27.371525,15,503.813533,True,False,False,1.5830536655497676,1.7598946278286705
38.26647,41,504.110227,True,False,False,4.361414257771482,4.097655682003082
31.481208,24,504.295176,True,False,False,2.63602530524028,2.5753129191060693
47.678474,51,504.677414,True,False,False,6.058539010099676,5.895563214796668
31.969218,22,506.733666,True,False,False,2.5546341720113745,2.7251370056743673
26.9283,12,506.828534,True,False,False,1.4535342248078793,1.6260602666900994
48.325319,56,507.257238,True,False,False,6.290173364943012,6.100749631451652
28.157697,19,507.405474,True,False,False,1.9505845016868253,2.0148238267985756
31.363111,22,507.583129,True,False,False,2.5550295746837186,2.5863793102962163
49.144872,59,508.049843,True,False,False,6.69148731940651,6.207024813289415
37.923766,40,508.354546,True,False,False,4.550421919557892,4.067095675218643
42.27579,44,508.693242,True,False,False,4.98439194144426,4.850495199886701
38.629512,44,509.027812,True,False,False,4.7603489079419266,4.21977318889368
48.677534,53,510.425153,True,False,False,6.235042170019623,6.048884058693499
32.711836,28,510.63943,True,False,False,2.9488831194121157,2.907852731711076
26.539407,17,510.766565,True,False,False,1.9334230359394555,1.6418499927803876
32.725445,30,510.992481,True,False,False,3.372254120488889,2.9073926468029643
33.726296,31,511.228212,True,False,False,3.408452490813366,3.097127071743947
36.625007,29,511.449954,True,False,False,3.5062970421948316,3.5984925492407687
40.736335,43,513.795339,True,False,False,4.8992397957473,4.515396642958133
44.665315,46,514.140374,True,False,False,5.201783065468815,5.2493604642357985
48.325452,54,514.555455,True,False,False,6.154410281569599,5.968012613315736
43.241042,50,514.936771,True,False,False,5.684543705380779,5.058792249908685
42.585215,45,515.275321,True,False,False,5.137520390846411,4.9184614438469785
36.889431,29,515.496588,True,False,False,3.493677085431601,3.6853109774984434
48.813066,56,515.915754,True,False,False,6.411346352802789,6.132633378235048
31.851236,27,516.11974,True,False,False,2.9883542949471655,2.920226329910286
45.594631,46,516.46531,True,False,False,5.350391229191594,5.446876782818302
39.624025,37,516.745794,True,False,False,4.388550811626331,4.289693017445224
29.18582,24,516.926555,True,False,False,2.5382896096200716,2.1304916289579108
30.688905,35,517.197068,True,False,False,3.6024194473140336,2.652619341526018
50.846401,66,519.738521,True,False,False,7.451079070312735,6.690123295479334
49.420887,58,520.198935,True,False,False,6.709115296057057,6.271447036432937
39.528802,40,520.509398,True,False,False,4.689254141628697,4.264612277738899
42.296567,41,520.81749,True,False,False,4.803678339603744,4.747268118262635
26.225568,12,520.905821,True,False,False,1.3894040258329317,1.5274357371376044
32.233393,30,521.133238,True,False,False,3.238110014036857,2.799608018441735
28.621844,25,521.325151,True,False,False,2.613895232309591,2.2539551539333016
30.66063,19,521.47049,True,False,False,2.242829613100908,2.440754712064987
35.076634,29,521.686078,True,False,False,3.410411562159178,3.3017492613113824
29.582009,24,521.867276,True,False,False,2.5691656285804845,2.341523050877026
29.248382,26,522.068036,True,False,False,2.738221422110542,2.4078050604837067
35.440271,33,522.31642,True,False,False,3.583326920782373,3.37124747414921
38.760147,37,522.599675,True,False,False,4.31585442237163,4.015010846267922
38.531519,36,522.877261,True,False,False,4.111946365104039,4.0086296628571585
36.97746,39,523.172945,True,False,False,4.21719584805484,3.779542183088062
31.782687,23,523.347815,True,False,False,2.6650011778033833,2.716624363579898
44.319089,45,525.70158,True,False,False,5.330124752359318,5.152696241126428
31.626315,24,525.883339,True,False,False,2.6544025429768143,2.7002829776274773
39.188219,38,527.113547,True,False,False,4.431256154597806,4.153349687575213
33.744938,27,527.321726,True,False,False,3.069457588267942,3.089833458630419
29.060962,17,527.453234,True,False,False,1.947141545720776,2.0917566652701076
33.544382,27,527.672171,True,False,False,3.1345404674521133,3.0466287117802238
28.827208,26,527.871658,True,False,False,2.52595115637008,2.2365741678809243
47.123227,50,528.246529,True,False,False,5.767045800990414,5.790287099174176
-6.283045,30,528.477456,False,True,False,3.200308876635398,5.274519033078468
33.7753,37,528.755836,True,False,False,4.072858788625626,3.219705841175227
36.3331,36,529.03794,True,False,False,4.126384622183492,3.6556559879523287
32.564108,23,529.211974,True,False,False,2.7351654706173156,2.8319534325737763
44.196892,47,529.569041,True,False,False,5.2509431257629275,5.149038780607239
38.716469,37,529.854385,True,False,False,4.231669562658018,4.145352951581727
42.804449,44,530.202542,True,False,False,5.096688072687146,5.090288057015055
34.195962,26,532.430759,True,False,False,3.1010158344731313,3.1408440885136684
38.050626,34,532.694915,True,False,False,3.932105183427014,3.936751722091984
35.471019,32,532.947764,True,False,False,3.5914479340918724,3.391312391203829
33.659431,26,533.152933,True,False,False,3.0313957768471314,2.972018568876732
42.368459,43,533.497471,True,False,False,4.927472783787229,4.786995411923739
33.857427,30,533.735266,True,False,False,3.2953482900104754,3.1082402599759136
47.75336,58,534.186763,True,False,False,6.778515379897561,6.02722391989374
51.69642,84,534.844985,True,False,False,8.691232450755624,7.06584278634118
27.534506,14,534.959587,True,False,False,1.6366060503881825,1.8373836378857873
29.959742,23,535.13958,True,False,False,2.6651431755704214,2.3411963064327215
47.125459,51,535.532458,True,False,False,5.805002290766189,5.793273483412004
25.368848,23,535.706841,True,False,False,2.1958860401601394,1.7491959661568213
38.085608,40,536.006304,True,False,False,4.703234697429822,3.9808940760359386
52.283501,60,538.571459,True,False,False,6.99519493756965,6.834229110457443
27.222447,17,538.706343,True,False,False,1.7525013572043655,1.8240284336156665
46.259895,69,539.244755,True,False,False,7.761946532823291,5.8691271907329705
40.002807,39,539.560483,True,False,False,4.660655502148549,4.340065389543577
35.353885,42,539.892006,True,False,False,4.348361625647845,3.61797260806005
27.013889,16,540.026509,True,False,False,1.7670748451716323,1.7493399579407038
34.380718,35,540.300336,True,False,False,3.874825923451123,3.3449999267594643
39.972365,37,540.595333,True,False,False,4.350057427570173,4.333552031010685
45.946766,64,542.060453,True,False,False,7.0530791741512875,5.876207597293324
30.045626,18,542.197401,True,False,False,2.1679724584341225,2.2564173015680886
43.466691,41,542.523763,True,False,False,4.933100139957009,4.890622072809419
41.872382,39,542.833364,True,False,False,4.643705265085506,4.622081215904974
37.131027,31,543.073755,True,False,False,3.6900404334437495,3.705963902502092
47.91642,64,545.652951,True,False,False,7.123738595845933,6.16333537503494
31.177156,24,545.846235,True,False,False,2.5824479963065703,2.6007868602620556
30.985653,20,546.00088,True,False,False,2.42253089966128,2.438963964276598
48.772749,56,546.452357,True,False,False,6.3470039036550725,6.182711771461084
33.278306,36,546.735234,True,False,False,3.675737544542714,3.1195708849897112
34.22287,26,546.932159,True,False,False,3.0614175943996393,3.146696486061949
33.442038,36,547.214869,True,False,False,3.7962845084949772,3.183676831262744
44.1224,51,547.624897,True,False,False,5.695036266294662,5.279339645438932
37.451168,41,547.9477,True,False,False,4.382061639865727,3.9716801194827394
30.922259,22,548.121452,True,False,False,2.478647196945369,2.5220300162335056
28.465068,18,548.26631,True,False,False,1.9832159894108539,1.9909723071497458
33.342818,27,548.482312,True,False,False,3.0315435586072623,3.0307847132371672
33.463374,27,548.697813,True,False,False,2.959368966890383,2.9714592587195177
30.705644,24,548.880578,True,False,False,2.7864060257243324,2.4493912197493946
33.515336,28,549.093393,True,False,False,3.2773038530700904,3.0744622730011417
37.747813,34,549.353992,True,False,False,3.908221478511302,3.887905290452515
39.297724,42,551.865843,True,False,False,4.76194836887868,4.267564224631671
37.651017,34,552.135668,True,False,False,4.047173921525362,3.835557230900981
40.773816,44,552.487447,True,False,False,5.4221442318381,4.514569656166293
26.799154,17,552.62179,True,False,False,1.8669935991304816,1.6863857547273429
40.295544,45,552.967979,True,False,False,4.922752312654632,4.45493790549252
38.056483,47,553.338949,True,False,False,4.951272862600839,4.195722445173162
45.977805,50,553.73711,True,False,False,5.693329476275099,5.592344545692058
41.892275,46,554.098394,True,False,False,5.11380574117362,4.726031110245828
44.801394,56,554.545693,True,False,False,6.160219246182119,5.38114150722077
31.573014,23,554.723978,True,False,False,2.569859765477896,2.559408894555726
33.622013,28,554.939205,True,False,False,3.1425293378673973,3.0915380774727144
37.329315,40,555.249928,True,False,False,4.386747749631964,4.021524549270446
28.614747,20,555.406843,True,False,False,2.125446013461103,2.0811475903735843
38.212109,36,555.689015,True,False,False,4.005302711862339,3.964985515803087
27.424776,15,558.913415,True,False,False,1.709479759039378,1.846933133001692
39.77959,36,559.185347,True,False,False,4.255042546245551,4.201635643176987
30.713351,19,559.34079,True,False,False,2.2881228278329653,2.413506914609348
43.613641,50,559.732151,True,False,False,6.052129242245106,5.116188996661595
29.397607,19,559.870426,True,False,False,2.1845567554955077,2.1660272603578528
33.082289,29,560.074157,True,False,False,3.3104497268154507,2.925287691197767
27.786356,14,560.174416,True,False,False,1.7182694782833106,1.8418176437710052
48.191059,62,560.642275,True,False,False,7.009752788605061,6.068167296074721
38.700241,40,560.969568,True,False,False,4.477285742956106,4.137477445217572
32.924612,26,561.17969,True,False,False,2.9796658329480086,2.8329236558457582
35.885341,33,561.442429,True,False,False,3.820525269217893,3.4454558825251405
43.509315,47,561.826039,True,False,False,5.470294194671692,5.0365786873868
40.182094,35,562.113541,True,False,False,4.289426490097652,4.339231570795839
49.518806,65,562.63641,True,False,False,7.333404714382858,6.473673894594513
36.678312,34,564.829505,True,False,False,3.842870463299432,3.6763146502060464
32.494728,25,565.025882,True,False,False,2.7495372515856413,2.848481024098206
33.611642,31,565.281754,True,False,False,3.36127331442152,3.065597716282083
31.220891,24,565.466478,True,False,False,2.6165116860323714,2.494358645430339
31.798364,23,565.644715,True,False,False,2.605314876111603,2.644681376529677
28.73937,16,565.767651,True,False,False,1.9162069707202085,2.021777030843285
36.656267,35,566.039144,True,False,False,4.157756842901746,3.6841806927726815
28.095999,23,566.215998,True,False,False,2.407579310390628,2.244084138566722
31.262212,28,566.43755,True,False,False,2.924401297657089,2.6327966009708916
33.61789,31,566.685053,True,False,False,3.2919862938961617,3.07961314973481
45.126629,51,567.089336,True,False,False,5.7545073306766845,5.411970968311569
40.369191,49,567.445554,True,False,False,5.654160036988474,4.647311760093548
27.542454,14,567.559529,True,False,False,1.6372711380059275,1.7536032872498304
42.881251,41,567.882497,True,False,False,4.898894018124197,4.806903396137594
37.169506,34,568.128769,True,False,False,4.0088916650216655,3.880112387585741
46.394414,49,568.497736,True,False,False,5.789304943566303,5.550788466406139
27.397748,15,568.615538,True,False,False,1.6259229514480102,1.7700186137026277
44.858832,46,570.947141,True,False,False,5.46630386585665,5.300653450056554
31.900881,27,571.159735,True,False,False,2.9162751112347647,2.749253147160371
43.110968,62,571.655504,True,False,False,6.514316796950275,5.302364950712123
34.122046,27,571.865447,True,False,False,3.2225756171701625,3.1639342322959374
40.957315,46,572.228669,True,False,False,5.02988590398433,4.714552894042961
36.306334,30,572.465559,True,False,False,3.5370261818952464,3.515206688630894
46.497204,67,574.156011,True,False,False,7.18124684567162,6.116773311830786
37.957615,33,574.4062,True,False,False,3.8650355245012507,3.830314307936507
41.816508,44,574.744824,True,False,False,5.050497295038952,4.771187300638132
46.108332,50,575.128636,True,False,False,5.690566230311281,5.598800544041838
34.651782,30,575.366663,True,False,False,3.4243081663145385,3.321274504283613
30.313982,19,575.516344,True,False,False,2.163772524813429,2.3198395651887056
28.402936,19,575.665053,True,False,False,2.019428725705262,2.048858568360842
38.366314,32,575.909649,True,False,False,3.8630964382663877,3.989436421139345
40.467081,51,578.371217,True,False,False,5.617624627732972,4.679292166096019
36.400207,36,578.661404,True,False,False,3.9387880750309967,3.5982907562778528
34.581066,29,578.890502,True,False,False,3.3765056564610565,3.2588788647536173
38.399332,34,579.131076,True,False,False,4.093602652066388,4.022605818985669
41.781427,39,579.436995,True,False,False,4.671993755328264,4.629090558617037
34.062742,26,579.641751,True,False,False,3.0081756250817233,3.121805616789358
31.530455,22,579.808781,True,False,False,2.5182850508023016,2.6092245497643516
26.659104,18,579.95614,True,False,False,1.8200999268663907,1.655851040730127
28.556512,15,580.076805,True,False,False,1.756253505017846,1.935899862585863
31.816744,27,580.29799,True,False,False,2.998469195937969,2.962775666989565
41.495372,38,580.608901,True,False,False,4.501664742344474,4.568915444763715
46.734696,60,581.078063,True,False,False,6.589296893443902,5.857313521495552
31.979893,23,581.254444,True,False,False,2.65803224758836,2.690018347448066
37.491937,32,581.501368,True,False,False,3.833265476192564,3.7953689932121772
28.476035,91,584.296847,True,False,False,8.437192287066452,3.441820548409083
39.559054,43,584.629239,True,False,False,5.0395131145492815,4.270351416954202
43.123318,45,584.974206,True,False,False,5.269772742507518,4.946464969492127
45.747272,46,585.328178,True,False,False,5.395194046547359,5.448688876540987
32.974896,32,585.572913,True,False,False,3.5972880934543823,3.195319150961389
28.822603,25,585.764998,True,False,False,2.5031012313810868,2.187904698744915
33.393385,29,585.990105,True,False,False,3.3156214904662265,3.0257955035807718
32.569309,30,586.220618,True,False,False,3.3264509105993576,2.8947485516158262
26.761375,16,586.349701,True,False,False,1.6620122992502881,1.6596286823476778
36.700317,31,586.582455,True,False,False,3.6455071925176576,3.662511048992473
39.651766,35,586.853661,True,False,False,4.126217222480279,4.26342830166906
50.293578,59,587.305567,True,False,False,6.730798286350346,6.480397899257012
50.158933,52,588.796202,True,False,False,6.426576212368583,6.270399342094725
44.377754,43,590.298789,True,False,False,5.317174648913208,5.153926282673216
28.253063,19,590.386804,True,False,False,2.061442546273643,1.9994329336630725
26.62802,12,590.442401,True,False,False,1.425644932977595,1.6091787351516462
45.843195,50,590.674643,True,False,False,5.78275483992533,5.557875691736427
51.992016,56,590.936312,True,False,False,6.614039765936361,6.652803325450292
26.533502,14,591.001939,True,False,False,1.5527297892875624,1.64378962849354
39.300691,49,591.297159,True,False,False,5.328573161155417,4.361227377006158
37.679991,39,591.619587,True,False,False,4.364273881120789,3.9340032481709635
29.45477,20,591.780475,True,False,False,2.376186226774961,2.1444549865461386
44.137118,49,592.167225,True,False,False,5.610593222125393,5.178940646043665
26.282989,15,592.286744,True,False,False,1.6687118983574016,1.5884605351297658
32.958402,25,592.432494,True,False,False,2.9642684750776174,2.9078635123667684
45.698432,44,592.647509,True,False,False,5.406310104947149,5.389844357034756
36.652996,32,592.944856,True,False,False,3.794405082242938,3.6237644600144527
43.987947,45,593.307332,True,False,False,5.383678063721881,5.078537626934827
40.465147,49,595.851422,True,False,False,5.218615018666001,4.57590008332722
46.253227,48,596.234884,True,False,False,5.699867497275374,5.5777076430591395
36.898409,43,596.5794,True,False,False,4.700275854540507,4.0676835956366375
29.073321,16,596.703771,True,False,False,1.9223109263786773,2.0611212237919747
40.607587,47,597.076062,True,False,False,5.132380476311616,4.609340495751467
30.7158,33,597.339653,True,False,False,3.133987154827514,2.8530683386187787
48.707495,50,597.748094,True,False,False,6.1368428691351005,6.011871931423499
46.826751,56,598.193165,True,False,False,6.191492324127952,5.7172279748057475
27.330404,14,598.30431,True,False,False,1.6588555759798076,1.742821094635383
32.082587,22,598.477195,True,False,False,2.736296610370033,2.702096858163184
31.635853,25,598.677562,True,False,False,2.7911151434327413,2.660415221422254
39.8057,39,598.979108,True,False,False,4.519957623707921,4.348624329522003
35.924781,35,599.254327,True,False,False,3.720084098128573,3.598753416876926
39.182451,39,599.564971,True,False,False,4.51125978211538,4.153807988178152
37.315431,31,599.807415,True,False,False,3.7292283812963247,3.76830026462912
32.404292,21,602.059809,True,False,False,2.551872990565991,2.7292195321873343
38.913773,35,602.338262,True,False,False,4.290969270975591,4.1227829390807
40.564168,46,602.710346,True,False,False,5.253914708517271,4.561220832281285
38.912974,44,603.070027,True,False,False,4.911715835670054,4.348689773424985
44.667428,43,604.44905,True,False,False,5.220631519696084,5.1931693983483
41.074323,45,604.798273,True,False,False,5.191356361630988,4.746166948240118
28.84645,57,605.241414,True,False,False,4.811121681126935,2.611949371461022
45.893393,51,605.635476,True,False,False,5.716070196706328,5.540154985352953
-0.14267,35,605.909881,False,True,False,4.177631907278543,5.556776821208882
26.203586,12,606.009894,True,False,False,1.3773565155777219,1.572299679279516
42.072191,45,606.365279,True,False,False,5.151395885701574,4.803374505345985
45.367345,44,606.707834,True,False,False,5.3016561737637655,5.338865781973871
35.13155,34,606.975944,True,False,False,3.782491890321997,3.4482241630458845
32.870493,27,609.213257,True,False,False,3.1222634473437068,2.9135009552754787
40.460501,42,609.53412,True,False,False,4.748494327614298,4.461369507856563
39.498598,40,609.840706,True,False,False,4.487375751034119,4.430925337480618
34.509593,27,610.057444,True,False,False,3.290681827504399,3.157754375666301
41.781845,40,610.361702,True,False,False,4.765748250550767,4.663432469434332
33.398848,24,610.5474,True,False,False,2.809710434846281,2.9229611190752096
43.917647,45,610.884727,True,False,False,5.232225744480007,5.146795551739741
39.230284,37,611.163855,True,False,False,4.22308400197293,4.2207539794165685
43.488659,47,611.524506,True,False,False,5.4023118862494215,5.226268953114798
33.979975,37,611.805945,True,False,False,3.870110308408329,3.3092752410623114
32.754354,30,612.036578,True,False,False,3.084121989744068,2.9407723028993527
39.92564,37,612.319824,True,False,False,4.370466820837298,4.3046102310471985
33.361757,29,612.544792,True,False,False,3.339980028803495,3.055678891092322
44.883581,44,612.879713,True,False,False,5.214206638073765,5.321973539843045
48.49643,51,615.315767,True,False,False,6.178816522835331,5.975563462940727
-13.368123,17,615.453042,False,True,False,1.8585451822026486,3.260544897655372
41.88343,48,615.817376,True,False,False,5.506641035984171,4.9570175484806525
43.600848,53,616.22,True,False,False,6.071851713275179,5.248620875624013
46.775229,62,616.703472,True,False,False,7.13329829511168,5.925493389487996
36.211831,28,616.913777,True,False,False,3.361657128577231,3.4577433700001574
38.084066,41,617.224782,True,False,False,4.448543294913032,4.225672269835483
29.759408,21,617.385931,True,False,False,2.3940930671125873,2.3375096253525576
37.459325,35,617.670855,True,False,False,4.117427135722153,4.0169653880426495
32.618738,24,617.853172,True,False,False,2.7698313156295105,2.847231187948142
28.190361,15,617.967384,True,False,False,1.759210533726527,1.887883837582997
32.583612,22,619.148082,True,False,False,2.7217796321223675,2.7768990040266393
29.225835,18,619.284199,True,False,False,2.008424031930401,2.173328824413387
31.947635,21,619.442266,True,False,False,2.479729913916076,2.6471283605339675
41.825797,41,619.754599,True,False,False,4.904011833815979,4.639755928313644
48.87064,55,622.410944,True,False,False,6.5600665753884995,6.25469861310725
34.664171,32,622.65638,True,False,False,3.360664397720102,3.349953542852943
43.850972,46,623.009373,True,False,False,5.360021128429545,5.165944646480332
34.92447,29,623.241636,True,False,False,3.4257282135964,3.2463715963756465
36.639923,35,623.524635,True,False,False,3.913032214511078,3.6959136780439703
31.101298,20,623.67623,True,False,False,2.4084654221842685,2.483638511839543
-12.853867,16,623.798898,False,True,False,1.7502571392460502,2.5236328480087105
38.841265,34,624.052499,True,False,False,4.095558665195542,4.051366246809608
28.410406,17,624.193701,True,False,False,1.9135815863642023,1.962343609373411
44.19269,41,624.533393,True,False,False,4.960150429121772,5.092242855755243
28.779888,15,624.650496,True,False,False,1.8043288190890077,2.0421151514045772
45.09274,48,625.025149,True,False,False,5.62209421962561,5.289093231002625
31.560418,20,625.179685,True,False,False,2.428483065593202,2.5777119987155324
41.515302,42,625.500363,True,False,False,4.747800116904304,4.56998059566
27.218965,17,625.630682,True,False,False,1.8517932303966014,1.723468102305975
26.122902,12,625.722502,True,False,False,1.3542711280667052,1.539033832644681
38.76866,36,625.994972,True,False,False,4.205518012135144,4.023515607064847
27.014956,18,626.136043,True,False,False,1.8390086434832784,1.749514033165283
37.466302,34,628.505519,True,False,False,3.794554942166378,3.766623826141727
29.364755,21,628.669354,True,False,False,2.3218777620475604,2.321811296581107
34.829699,28,628.897518,True,False,False,3.2854962204143434,3.303392599976797
35.38565,31,629.129677,True,False,False,3.5131329415541184,3.442632812638185
48.179655,48,629.501394,True,False,False,5.898334794795737,5.912538027331713
42.794211,45,629.841509,True,False,False,5.246323336957183,4.882308645064115
43.364765,44,630.183621,True,False,False,5.132272437907035,4.918502199280681
26.018714,16,630.308035,True,False,False,1.7090880634286627,1.5302374459639343
29.340478,19,630.453954,True,False,False,2.0910547826672174,2.180102484518774
50.702464,54,630.865973,True,False,False,6.3927451059983635,6.36633248987495
51.994598,60,631.329566,True,False,False,7.063280151965877,6.68801711348235
32.893985,24,631.516284,True,False,False,2.8613627429030113,2.8972070524681275
32.37991,27,631.72453,True,False,False,3.079604491563027,2.9522630144960833
38.286433,33,631.976653,True,False,False,3.9613481556474057,3.9715318860218445
38.679729,39,634.290563,True,False,False,4.391523426664768,4.147940864096064
-11.574835,36,634.564437,False,True,False,3.316381046925051,3.3220400799916536
42.111828,44,634.89596,True,False,False,5.259513910944842,4.790287392979675
43.060496,47,636.264932,True,False,False,5.555966885089771,5.005113987821123
42.69911,42,636.596174,True,False,False,4.797718706871688,4.897871912718101
46.162492,45,636.939312,True,False,False,5.485166238835736,5.474468671314128
31.637284,24,637.121496,True,False,False,2.7820816065937506,2.7792889542750556
35.377318,27,637.331476,True,False,False,3.2707975648622702,3.358395029139406
31.911154,21,637.501219,True,False,False,2.518552335315642,2.681816667093191
30.045811,25,637.704397,True,False,False,2.776242461071356,2.5252869180080504
46.981862,53,638.10579,True,False,False,6.12654464610523,5.788100533552204
37.73365,36,638.38777,True,False,False,4.102143810610663,3.864501441123384
48.393509,55,638.815613,True,False,False,6.402101728983418,5.981709099392339
40.375207,35,639.083181,True,False,False,4.209050135969401,4.37191745506929
45.518289,51,641.514083,True,False,False,5.912814599506736,5.590292170434966
32.038166,22,641.686233,True,False,False,2.658880253843997,2.676445590831518
48.992838,56,642.115594,True,False,False,6.465718511706631,6.152214818177764
26.77418,13,642.217196,True,False,False,1.4396535279517444,1.5916617868632712
27.379757,14,642.328199,True,False,False,1.6345994187313382,1.7522454450865874
39.947812,40,642.637003,True,False,False,4.724673069582387,4.3269660303014135
31.229943,26,642.8344,True,False,False,3.032948828330707,2.596043483786063
45.08621,50,643.208213,True,False,False,5.499252015821338,5.403601826573511
43.049328,48,643.583831,True,False,False,5.594492635969414,5.116718631908328
29.092577,22,643.756736,True,False,False,2.365926194961345,2.192077607547026
36.586464,52,644.153034,True,False,False,5.542904395170917,4.144826025973299
38.699221,58,644.602432,True,False,False,5.91798595301438,4.565170214973293
-14.063317,18,644.740339,False,True,False,1.669783988407412,2.9872827893084595
35.329831,29,644.969712,True,False,False,3.4284063097531265,3.3153488647712237
31.260215,22,645.128906,True,False,False,2.550177645948574,2.5370927550542453
28.97948,16,647.313406,True,False,False,1.872057110320411,2.0640095619518606
49.441141,57,647.784385,True,False,False,6.694519542801208,6.179104165635914
38.242015,34,648.05488,True,False,False,4.037790903794298,3.962671945878752
26.174631,14,648.168892,True,False,False,1.6305531485579843,1.541268060132508
46.873748,53,648.589267,True,False,False,5.949098510526644,5.762055027240478
33.446524,24,648.774595,True,False,False,2.8245889742329098,2.923108017687904
27.050669,16,648.8973,True,False,False,1.6846622805222908,1.7590379313120883
43.726005,40,649.215503,True,False,False,4.910447665502464,4.990814606197764
32.108147,25,649.408401,True,False,False,2.7777092174500084,2.7341942494140254
29.839839,17,649.540718,True,False,False,2.0392818525889016,2.226457300759123
25.462306,36,649.81766,True,False,False,3.4387222440020797,1.7089200854144164
39.543702,35,650.985896,True,False,False,4.262908350366573,4.2382057176049415
27.656122,16,651.110482,True,False,False,1.7794963184358856,1.8380246004698408
45.920341,48,651.484064,True,False,False,5.77904065857358,5.459801861124494
26.274564,13,651.584153,True,False,False,1.4368732177460353,1.5189185411133008
54.079643,67,652.097367,True,False,False,7.855877413024442,7.238615837124888
31.72583,23,654.320431,True,False,False,2.6214502594739746,2.653678151834539
34.896779,29,654.55133,True,False,False,3.334277476136525,3.2812175536058374
33.106109,34,654.848735,True,False,False,3.652198360741468,3.207886495901946
35.74553,31,655.09267,True,False,False,3.6576672076911834,3.4464514545707594
36.502323,30,655.320362,True,False,False,3.5421001424893395,3.5810880680603043
32.664193,24,655.504656,True,False,False,2.870253301002368,2.7969226426940637
30.841236,20,655.661063,True,False,False,2.3026268711393416,2.437699493269614
49.466299,67,656.185342,True,False,False,7.337685962455017,6.565620092601163
41.279087,38,656.484401,True,False,False,4.663849856192169,4.664243974627856
47.610126,47,656.858176,True,False,False,5.739942520702752,5.778806282701568
27.173371,14,656.968959,True,False,False,1.611178696382289,1.6646705535062019
26.436477,21,657.136944,True,False,False,2.2369931322678087,1.6880446556429172
39.767,36,657.426698,True,False,False,4.24856322254223,4.201695396159363
37.079128,36,657.728987,True,False,False,4.210688893230039,3.7349564287410426
35.728888,35,658.009723,True,False,False,3.899875686532909,3.6873180552858855
49.505106,57,660.594508,True,False,False,6.609206979757209,6.212412662295007
38.046822,42,660.920056,True,False,False,4.736044749772749,4.052514795090548
28.588129,17,661.056751,True,False,False,1.9370213675834205,2.0418621082684782
42.230694,50,661.458297,True,False,False,5.337265090183229,4.987948116142637
39.621711,46,661.844825,True,False,False,5.419080173654017,4.47784015524761
38.037406,31,662.118291,True,False,False,3.8746614599903113,3.785730199243052
43.852221,59,662.664992,True,False,False,6.3077150035403236,5.3683385247300475
27.884299,27,662.961907,True,False,False,2.5194238081505547,2.0439364020382356
37.816984,35,663.319909,True,False,False,4.0047371220996375,3.8608687655860274
34.656247,35,663.665662,True,False,False,3.857518083247773,3.6076025435945636
33.429638,30,663.945228,True,False,False,3.4223318082266747,3.1345393658651717
47.183483,63,664.48781,True,False,False,7.024232739216619,6.029702170884146
33.776127,23,664.679305,True,False,False,2.825413333231918,2.971090469017331
30.234472,21,664.853547,True,False,False,2.3559601008149005,2.3787363481337813
35.822512,29,667.255962,True,False,False,3.526867219866417,3.4666787708474924
27.252896,23,667.443715,True,False,False,2.3458954219864485,1.8528638752325002
38.367989,35,668.813774,True,False,False,4.092627569907391,3.974937253499663
35.231954,27,669.041317,True,False,False,3.291710408468868,3.334693236571128
36.37911,45,669.397421,True,False,False,4.868958700381269,3.837025016495322
37.410736,34,669.668612,True,False,False,4.09808467877373,3.9340525166525873
30.542084,20,669.824532,True,False,False,2.3307474377991997,2.3384934872008256
46.697465,52,670.233573,True,False,False,5.944435730967105,5.718021454370168
41.623157,36,670.521902,True,False,False,4.458331764314945,4.551297314687828
31.963175,22,670.696841,True,False,False,2.6165729839223286,2.633508855721922
48.475468,49,671.077987,True,False,False,5.9220637545832675,5.97915301824321
25.780077,11,671.166198,True,False,False,1.2947436076851302,1.501964577662265
33.246837,39,671.47094,True,False,False,3.8864561406248765,3.0985753488471857
42.251445,44,671.807657,True,False,False,5.1700006125171445,4.834688146527479
49.589315,50,672.192691,True,False,False,6.079513052297741,6.144234109479112
44.072948,43,674.501638,True,False,False,5.272749199198442,5.0776216217654015
38.181492,33,674.761046,True,False,False,3.958749044658554,3.8911068156127144
26.23488,12,674.856147,True,False,False,1.4042971347526512,1.5475971280091043
41.810871,38,675.150412,True,False,False,4.615662514488629,4.60118233444648
47.055326,56,675.588526,True,False,False,6.5358127181784695,5.85530068467224
30.934271,21,675.755785,True,False,False,2.433634320292843,2.4923107069179045
34.873085,27,675.966624,True,False,False,3.205997468011343,3.2933464602271534
40.92243,40,676.285514,True,False,False,4.798566158649833,4.688898794793617
37.704239,33,676.548303,True,False,False,4.036200518503377,3.8332831914858407
30.58543,21,676.71268,True,False,False,2.4129815139042528,2.3658280916452843
28.984853,16,676.838091,True,False,False,1.8452999349271595,2.0037337191869318
40.173074,36,677.116174,True,False,False,4.34069908644224,4.293401471264649
37.734786,32,677.373629,True,False,False,3.7684998262835365,3.8567020855548324
35.813982,38,677.69641,True,False,False,3.969016460274054,3.8059363546533476
34.598938,28,677.948605,True,False,False,3.2557362803954826,3.2276413823804484
44.226892,42,678.274716,True,False,False,5.171061549620519,5.090692907627423
28.546333,24,680.51544,True,False,False,2.6852377726199657,2.0717690003782905
26.642897,14,680.625058,True,False,False,1.4986885280591289,1.6241919320640368
45.195572,48,680.997578,True,False,False,5.681606072440835,5.379722169628047
38.286711,32,681.24972,True,False,False,3.9064323863455983,3.9420435036460244
46.276053,48,681.624877,True,False,False,5.777861546068479,5.5648389296196825
47.068831,53,682.017791,True,False,False,6.233629435101768,5.6884338839734285
32.146261,22,682.188766,True,False,False,2.5912875484076183,2.658548982539359
51.766147,60,683.685689,True,False,False,7.185542118158115,6.622972659966701
29.777633,23,683.88955,True,False,False,2.4648529065954343,2.4091686231970666
35.513041,33,684.173925,True,False,False,3.6948168682983704,3.4538334908755455
35.414913,27,684.404456,True,False,False,3.2543312299009366,3.328087095031062
44.072973,54,684.822137,True,False,False,6.257871852241633,5.327386312858818
29.22624,18,684.959593,True,False,False,2.1206680842332473,2.182688966973279
31.819878,20,685.120665,True,False,False,2.454866071969938,2.6026726948974277
47.740194,51,687.517566,True,False,False,6.1971104914818,5.865053841657596
42.427467,39,687.844521,True,False,False,4.714167860111399,4.751273563149593
37.529737,32,688.097185,True,False,False,3.8127913884985762,3.7254124493049137
44.235638,48,688.47816,True,False,False,5.4159203288297,5.180603889785782
45.28155,48,688.848895,True,False,False,5.592577628953209,5.435816327738007
31.834187,23,689.040817,True,False,False,2.5802711028367433,2.6777655448264053
28.402474,17,689.176304,True,False,False,1.933546814925212,1.9262528457224357
-18.114792,5,689.216649,False,True,False,0.47380371167123037,2.367763853411051
44.850192,49,689.600159,True,False,False,5.707469059743554,5.294923729166541
41.502152,37,689.899792,True,False,False,4.524947844391442,4.598889989701885
34.116942,31,690.15478,True,False,False,3.408399597006522,3.2040475366278267
30.753323,20,690.311852,True,False,False,2.351592105636871,2.3984264143683283
30.714778,20,690.463619,True,False,False,2.353626727929631,2.3891562636966506
42.898165,47,690.831234,True,False,False,5.49148114700156,4.939006341419041
34.4113,30,691.061913,True,False,False,3.4617358372854845,3.2235385185282115
43.455071,46,691.407644,True,False,False,5.222577911590959,5.032218596366168
36.33363,28,693.743458,True,False,False,3.420878870348345,3.5440268627998437
40.946827,43,694.084915,True,False,False,4.915662036789809,4.698396225605554
42.228584,45,694.431192,True,False,False,5.247103416195227,4.847590760647613
32.839689,21,694.592591,True,False,False,2.605507002072653,2.7416154177533323
37.769463,32,694.836893,True,False,False,3.927056629185598,3.8607371372540302
39.059125,35,695.107354,True,False,False,4.115186229978309,4.106906310472568
28.719452,17,695.235636,True,False,False,1.9545621528588568,2.12171130242234
43.809188,54,695.653256,True,False,False,6.044862457687091,5.460870952198171
35.731734,29,695.886301,True,False,False,3.5160211219242097,3.4141624254264125
36.742641,43,696.234573,True,False,False,4.893634397982619,3.8292336798073467
46.679641,49,696.611379,True,False,False,5.8629514990291405,5.626596982693412
28.394232,15,696.724178,True,False,False,1.8043288190890083,1.9494865063287767
38.151212,32,696.972354,True,False,False,3.8267189272329207,3.8833496733474937
43.059473,45,697.324738,True,False,False,5.25970539532112,4.964842030164155
41.42332,41,700.774547,True,False,False,5.011438614512489,4.565378222864283
38.362404,32,701.029597,True,False,False,3.882214524871282,3.920657131170485
39.417534,40,701.34388,True,False,False,4.575955066393378,4.223399652161546
47.1817,52,701.755543,True,False,False,6.105847770599686,5.770611427246125
35.453714,28,701.982664,True,False,False,3.2737325539164086,3.31791602942683
47.286341,48,702.371002,True,False,False,5.846081709057944,5.692277637600034
26.278227,13,702.474643,True,False,False,1.492205358264676,1.5941278210511582
47.767656,53,702.912712,True,False,False,6.304227153271564,5.955083787697225
51.495458,68,703.466371,True,False,False,7.884602727887861,6.8865036891961084
40.128199,48,703.838141,True,False,False,5.482690990515954,4.588971234271641
40.569445,41,704.162601,True,False,False,4.883405702472878,4.604250392235129
44.178742,45,704.546482,True,False,False,5.255110212873126,5.157752086371507
32.852469,22,704.726863,True,False,False,2.6613308968277694,2.795833988293018
31.770995,20,706.863727,True,False,False,2.468481191917812,2.5374144579524702
34.948295,26,707.054327,True,False,False,3.245620125646254,3.2478629863916084
28.30053,26,707.256392,True,False,False,2.8193164291650894,2.056437286052124
34.273392,28,707.476266,True,False,False,3.220724820302017,3.194608077267343
52.831948,68,708.021245,True,False,False,7.864640361264539,7.007906071499628
36.480249,29,708.252753,True,False,False,3.5565655910300045,3.497730497747639
31.348623,20,708.407149,True,False,False,2.3755485351760486,2.557715961156962
48.316764,54,708.833187,True,False,False,6.397538266546499,5.984176865422715
45.437806,49,709.234493,True,False,False,5.668629508801012,5.466693716000728
37.649265,35,709.509157,True,False,False,4.056985663462668,3.88946174476162
34.347905,26,709.715353,True,False,False,3.1130239211861976,3.1227541764863216
37.498459,36,710.001996,True,False,False,4.111022050072331,3.949749818420735
42.407926,40,710.320144,True,False,False,4.783059624680372,4.82792661900159
32.733115,26,710.527665,True,False,False,2.9938993560201297,2.8366274486863534
31.271788,23,710.711435,True,False,False,2.784423434268032,2.5506262467433247
35.345076,68,713.264333,True,False,False,6.976749825527808,4.124117962203751
31.468672,24,713.457279,True,False,False,2.8206552897611963,2.7053106181583537
31.749558,21,713.625823,True,False,False,2.4500911464765225,2.6034621118321586
-14.693018,12,713.714273,False,True,False,1.3741028191516553,4.279408332832605
45.291369,49,714.090873,True,False,False,5.712542743229354,5.468148919834898
35.37912,27,714.308084,True,False,False,3.282163023055244,3.4056887508305347
42.775743,51,715.634257,True,False,False,5.787358468962233,5.103825408552483
38.717563,35,715.895119,True,False,False,4.260985849987713,4.097357509867394
30.618661,30,716.121312,True,False,False,3.0216219951708627,2.558542075566617
45.716342,44,716.485994,True,False,False,5.421342923594967,5.4272950797992845
49.053778,54,716.930556,True,False,False,6.246633662358686,6.158022212518747
39.869146,43,717.289809,True,False,False,4.808971846154029,4.46237138174771
30.622578,20,717.449487,True,False,False,2.3003950753358042,2.425722735785124
53.176485,60,719.873065,True,False,False,7.222145784496319,6.881802840211242
39.760456,37,720.168086,True,False,False,4.440758268789068,4.270239159425989
50.935526,53,720.587525,True,False,False,6.526598774296713,6.47863364001973
40.229218,38,720.882383,True,False,False,4.609571255066852,4.436435509967196
36.442117,30,721.134731,True,False,False,3.5278689879115475,3.588308064213908
32.68877,23,721.314622,True,False,False,2.797613329903887,2.784673379557957
32.980033,23,721.49396,True,False,False,2.8043685615020166,2.8383032869900435
44.415041,53,721.906204,True,False,False,5.980714705314103,5.5921427471589205
31.427491,45,722.264792,True,False,False,4.481963168858318,2.913560904535541
43.608862,43,722.651287,True,False,False,4.9344203313904025,4.96299400525807
39.275034,41,722.97889,True,False,False,4.758738804130938,4.313748168952406
50.400172,51,723.384727,True,False,False,6.28611193645875,6.26073042932283
35.446471,28,723.608443,True,False,False,3.3428201440626757,3.353895283675966
38.35236,35,723.879281,True,False,False,4.122289120314738,3.9742184190756342
50.578644,62,726.48757,True,False,False,7.0561685840149835,6.569824883068446
42.201956,37,726.781893,True,False,False,4.539509425210075,4.702244711131004
34.924124,26,726.98335,True,False,False,3.1355989848477916,3.2810540680385887
41.764343,43,727.310427,True,False,False,5.01948776882721,4.680707718616227
38.901972,41,727.63719,True,False,False,4.592681070870857,4.146830797951491
43.328377,46,727.989244,True,False,False,5.5979377826803605,4.99108462703135
35.647109,27,728.198482,True,False,False,3.3041933470087734,3.4020466164654506
47.303329,54,728.615268,True,False,False,6.371618899879677,5.827899290785139
30.766751,22,728.780014,True,False,False,2.4177373526752617,2.4820089981289755
30.077164,18,728.917653,True,False,False,2.1383836052902816,2.264593635749076
46.356684,44,729.255292,True,False,False,5.410429140724906,5.56384713195234
27.760486,16,729.377445,True,False,False,1.8166286033404186,1.8507950974155323
40.16912,51,730.758364,True,False,False,5.911727315644383,4.785622719675275
35.98269,28,730.973613,True,False,False,3.443770410654857,3.4351815589850285
43.971364,43,733.398923,True,False,False,5.040097041130461,5.069886660314031
26.361008,20,733.554014,True,False,False,2.066978418938763,1.671783439045337
36.62646,32,733.791789,True,False,False,3.6632906819732196,3.61357640526286
45.654433,47,734.160211,True,False,False,5.575634286134991,5.453326567829512
42.869559,44,734.520288,True,False,False,5.363908771062436,4.869411953953257
40.225088,37,734.82414,True,False,False,4.56021280155396,4.309461647117926
30.129439,22,735.00221,True,False,False,2.396195282116372,2.3183691784202245
38.463182,39,735.311496,True,False,False,4.625741630521579,4.058238387435444
39.2494,38,735.580595,True,False,False,4.547833697938552,4.490822504393417
38.052115,35,735.848557,True,False,False,4.16591336957621,3.8923995458156666
33.458264,28,736.065958,True,False,False,3.2535940138108965,3.095871182652591
49.377182,52,736.470639,True,False,False,6.344823899767025,6.1482179950062745
29.722512,17,736.602729,True,False,False,2.100107140124047,2.152492580839753
47.99335,49,736.980123,True,False,False,6.080102445149783,5.9527333209825875
27.927443,17,739.211245,True,False,False,2.0003153641380744,1.8384694061159246
53.716264,65,739.72009,True,False,False,7.834991588932877,7.144713045377768
38.932599,44,740.067131,True,False,False,4.979270788219214,4.222939420865662
35.687203,29,740.291438,True,False,False,3.434691646957744,3.4285375279394525
34.731814,24,740.473672,True,False,False,2.989922027688128,3.1819621440382444
43.402012,46,740.824163,True,False,False,5.367700330322168,5.076512803621375
29.746603,19,740.967863,True,False,False,2.2823473413272732,2.1846585381582786
26.494319,13,741.066138,True,False,False,1.4312065883247609,1.5799006139995768
32.830711,23,741.244327,True,False,False,2.7430757116764872,2.8789400902369375
32.65042,27,741.454625,True,False,False,2.8562424035827148,2.8415801062340442
39.479222,37,741.741498,True,False,False,4.33918687429249,4.211783252473507
29.261334,17,741.873177,True,False,False,2.02941397043447,2.154765169101175
26.362976,12,741.974441,True,False,False,1.42510109922689,1.5788680826203694
34.432804,32,742.297579,True,False,False,3.728204199653808,3.285477403958977
39.306572,40,742.642936,True,False,False,4.6862438679283125,4.211043954682643
42.176508,40,742.963252,True,False,False,4.904792060210822,4.654763437338475
37.641554,36,743.252198,True,False,False,4.107360225103654,3.849463585389887
29.599489,19,745.520783,True,False,False,2.135953659672684,2.269343633237166
34.341416,26,745.731087,True,False,False,3.1304677102856937,3.0990368270344772
41.875301,40,746.038239,True,False,False,4.93653226710667,4.673184552511685
53.16682,65,746.56467,True,False,False,7.780644585082479,7.0159301262433305
-16.130348,10,747.726397,False,True,False,0.9150481009386908,5.024003983509108
32.472669,25,748.071264,True,False,False,2.9177176446685062,2.867835852869047
41.744309,45,748.585496,True,False,False,5.0275862689453685,4.747756445615678
30.753576,23,748.801628,True,False,False,2.7006354954387226,2.421948141147296
29.465467,30,749.108991,True,False,False,3.20020585556222,2.3320523885729427
48.061586,57,749.636721,True,False,False,6.76288057022129,6.053067350216414
32.514045,21,749.797711,True,False,False,2.5662619808075364,2.808270464465821
39.760429,38,750.100712,True,False,False,4.55390923510746,4.3130593079240835
47.469249,57,750.543732,True,False,False,6.969080250095851,5.810439803133261
50.120142,61,753.077943,True,False,False,7.231204021945761,6.519599389786853
33.684764,28,753.30185,True,False,False,3.19647853616494,3.0888153617688143
27.17725,15,753.420877,True,False,False,1.6190671999583313,1.8009864437227778
-13.175626,17,753.554872,False,True,False,1.7050421556735131,3.184751559812953
35.154267,33,753.811168,True,False,False,3.8881180815339413,3.5879348377729223
35.283948,29,754.050814,True,False,False,3.4260175701623488,3.3662767883840945
30.640856,34,754.333183,True,False,False,3.4417893611605197,2.866574312862677
30.101393,21,754.509434,True,False,False,2.3735089206129802,2.295880202323137
30.540264,39,754.820695,True,False,False,4.206825013341481,2.68218381887702
28.127905,16,754.947634,True,False,False,1.9036033064743652,1.954136219951227
39.157742,44,755.301149,True,False,False,4.96384827819807,4.428434254663452
27.998971,18,755.448846,True,False,False,1.8814016541869139,1.9305968241197113
35.510148,31,755.695885,True,False,False,3.7186076809428705,3.3931529578017945
35.390612,40,756.011118,True,False,False,4.3790608108960445,3.5283026897499936
33.608547,29,756.232135,True,False,False,3.1431765409581374,3.1156685776177104
37.428448,31,756.475309,True,False,False,3.720027633535719,3.7492767828306937
39.388285,40,756.786084,True,False,False,4.7060952405768175,4.254294054676321
41.835267,40,757.097703,True,False,False,4.759020483054074,4.7688888793576805
35.674247,27,759.428663,True,False,False,3.2730589660447222,3.420109027221356
38.963615,36,759.717061,True,False,False,4.310155654294446,4.131133568976289
44.015201,42,760.053745,True,False,False,5.1690654696024065,5.125544997279297
33.308741,25,760.25049,True,False,False,2.942143983653768,2.9117820944684576
40.496296,40,760.563222,True,False,False,4.755799900698593,4.544637078579023
31.960679,22,760.737211,True,False,False,2.610681243993137,2.6266820205925216
39.051778,34,761.016003,True,False,False,4.146500606803835,4.127786045922898
45.00732,45,761.367608,True,False,False,5.3276313346597455,5.338243033455501
28.125568,16,761.499937,True,False,False,1.7226671399142786,1.9583929163485816
45.457145,52,761.905384,True,False,False,6.065196036153596,5.559401151195765
43.443192,44,762.244595,True,False,False,5.244182146343564,5.008017302340612
44.150845,42,763.56376,True,False,False,5.0301635697759375,5.057692234571971
39.596156,43,763.900929,True,False,False,4.828540351961898,4.327506331961197
34.186414,25,764.094934,True,False,False,3.03003700907434,3.103013123141044
46.868334,49,766.522228,True,False,False,5.859017616672336,5.630097008242628
36.160908,30,766.750302,True,False,False,3.620892642490006,3.5386391186057673
28.486938,19,766.897221,True,False,False,2.047232755523035,2.068741814800552
34.809592,29,767.114478,True,False,False,3.4093003285200623,3.213924375374491
45.231369,51,767.499238,True,False,False,5.847599949638053,5.349725062422001
35.178186,28,767.721162,True,False,False,3.2865199055735372,3.333999439364235
36.514012,29,767.944729,True,False,False,3.435702394244507,3.574290210892209
32.697249,24,768.12822,True,False,False,2.934653528200542,2.858572319266812
37.410675,30,768.342643,True,False,False,3.6751580485580866,3.7746942831808954
29.74867,18,768.477794,True,False,False,2.180975844405451,2.200030875807019
30.947228,22,768.649719,True,False,False,2.4903861927378275,2.482465233014499
41.04245,44,769.024842,True,False,False,4.9569589192586685,4.613611013912845
41.834438,38,769.331474,True,False,False,4.566977197149495,4.608709634966654
39.977144,40,769.63983,True,False,False,4.652963670622608,4.352226915406818
27.079734,14,769.750153,True,False,False,1.64214854987521,1.714282092057421
29.890494,19,769.897143,True,False,False,2.1408453799297695,2.2357238907959904
32.96197,24,770.081394,True,False,False,2.780811259921222,2.9009627243888216
49.270796,50,772.413074,True,False,False,6.087124036183947,6.103642632573215
34.453977,27,772.623758,True,False,False,3.2039815960057734,3.1904486715539786
38.68836,31,772.854095,True,False,False,3.8403177878016086,4.007278794427872
26.697768,13,772.954985,True,False,False,1.4888129998913533,1.5895428358436212
30.27976,41,773.265245,True,False,False,4.116452684415534,2.7246427890700415
45.87029,43,773.594795,True,False,False,5.301216322259727,5.451338021077458
-6.050841,39,773.893942,False,True,False,4.003171253407595,4.117226758261319
39.775136,34,774.151599,True,False,False,4.183351224364976,4.2058656382679604
41.100037,38,774.447314,True,False,False,4.658920416252256,4.533736520036815
41.223614,49,774.847228,True,False,False,5.473164209651542,4.810573041742329
47.901155,48,775.218721,True,False,False,5.819654008458566,5.82899001803813
38.94712,38,775.512229,True,False,False,4.520174592747228,4.145778085591373
43.874862,45,775.859706,True,False,False,5.283909057688736,5.114675198810543
38.082753,32,776.110933,True,False,False,3.912726878853741,3.8670598730514927
50.517888,62,778.621281,True,False,False,7.1830881127550565,6.455167078669841
30.953449,31,778.85662,True,False,False,3.3028333958627374,2.710218935544259
45.546057,44,780.283018,True,False,False,5.344392485415865,5.376677228811743
32.819227,33,780.548084,True,False,False,3.870212945669192,3.199626072276101
35.038136,31,780.793787,True,False,False,3.5636159403513914,3.5536158179756785
30.91869,29,781.027695,True,False,False,3.044056329545454,2.5415409021313824
30.700069,20,781.189249,True,False,False,2.3729105387540805,2.3835703284236454
26.510127,11,781.2781,True,False,False,1.336431816442575,1.5474716384427991
31.006101,20,781.437991,True,False,False,2.302553577121523,2.466687224599466
29.857382,27,781.657097,True,False,False,3.022822417359761,2.6534920702861156
29.648608,18,781.799339,True,False,False,2.088217061397358,2.221470889768593
38.581309,40,782.116592,True,False,False,4.456326033882949,4.062041468153225
37.478785,33,782.383445,True,False,False,3.890759387301091,3.8873313240951357
42.332723,62,782.878233,True,False,False,6.506291982305081,5.288641418312253
34.504006,29,783.108306,True,False,False,3.2603357855878783,3.2501965128125536
32.377362,24,783.302332,True,False,False,2.8602224074186817,2.8054972907666453
28.877286,15,785.430951,True,False,False,1.8230710145349154,2.047747773599166
27.218731,13,785.536447,True,False,False,1.5603693048208145,1.7461653152872278
42.474386,40,785.851309,True,False,False,4.814211488254918,4.803549851108717
44.048702,42,786.184406,True,False,False,5.189565080944009,5.1229913639448155
28.097463,14,786.294228,True,False,False,1.7182694782833114,1.853126728227654
27.194841,19,786.438519,True,False,False,2.1535975472799738,1.7582495184220968
35.063493,26,786.638604,True,False,False,3.189240087728787,3.3106847396134955
47.937964,49,787.027724,True,False,False,5.959662988164239,5.884562436026142
34.566423,29,787.247122,True,False,False,3.291349419862015,3.197610266658705
42.003405,43,787.584487,True,False,False,4.999109577129042,4.786255412043938
42.881188,38,787.87413,True,False,False,4.7723765572844865,4.792657675811359
31.407648,31,788.109733,True,False,False,3.2337108863911705,2.7257002170687925
48.468634,57,788.545584,True,False,False,6.674033124040306,6.275673004696504
38.175377,35,788.823918,True,False,False,4.112796363942316,3.957610384266801
43.762178,41,789.137367,True,False,False,5.057293512557867,4.951756952775281
30.122666,20,789.295082,True,False,False,2.241944050028183,2.3011763180258624
28.54611,16,791.479028,True,False,False,1.8542980735149222,1.9269999709976893
26.545211,14,791.591342,True,False,False,1.4790702520197998,1.6227916133465874
31.63958,21,791.761271,True,False,False,2.441745081449598,2.535616244221003
27.637091,15,791.881105,True,False,False,1.7822036301504216,1.772202450179292
46.40032,51,792.293798,True,False,False,5.942613257314929,5.601218411199248
47.634669,56,792.746791,True,False,False,6.398929882507766,5.836103133735176
42.746583,40,793.061057,True,False,False,4.934266416416932,4.822304147266049
30.271061,18,793.206897,True,False,False,2.1253493738717806,2.2836364410986305
43.974383,44,793.559855,True,False,False,5.166287782744101,5.059657594724504
44.093201,43,793.889715,True,False,False,5.310454023217767,5.052139106831762
34.715047,27,795.178237,True,False,False,3.1184116831668995,3.234115368682528
40.884187,40,795.481397,True,False,False,4.592576088767896,4.4455095728003124
33.382911,25,795.675663,True,False,False,2.9734951545872943,3.013519053917405
42.1434,44,796.020956,True,False,False,5.425903170187208,4.8030876806352865
45.722203,52,796.444462,True,False,False,5.993728338734266,5.70852022625092
27.956559,16,796.575593,True,False,False,1.8751998834840307,1.8505358622777073
30.252323,21,798.777084,True,False,False,2.330975095089308,2.273346911655135
27.291656,12,798.873095,True,False,False,1.4637110370561526,1.7481136126862515
31.457604,20,799.036791,True,False,False,2.411162097623233,2.5366696939535487
33.734611,23,799.227502,True,False,False,2.863782463805518,3.026005708419731
-17.290069,14,799.336256,False,True,False,1.1505921614751358,2.1539544955813827
44.192991,39,799.6183,True,False,False,4.868270515943279,5.042136927981694
31.991248,22,799.779233,True,False,False,2.564566519148311,2.6891836458981433
40.304418,37,800.077915,True,False,False,4.531036518126845,4.296764541885219
35.083155,27,800.28809,True,False,False,3.190627111844393,3.2743466141661273
37.02844,31,800.548711,True,False,False,3.6997588980298333,3.749869481611722
39.058472,35,800.806672,True,False,False,4.2020242791398585,4.060708039311073
34.4669,28,801.025524,True,False,False,3.418949917607121,3.196682717292335
30.871993,22,801.203869,True,False,False,2.475433854807691,2.4123676964953122
45.532375,43,801.541802,True,False,False,5.335055029304422,5.367295477047034
38.192947,38,801.844465,True,False,False,4.316380030591019,4.031566371331265
33.729652,28,802.056722,True,False,False,3.1904643673833886,3.1072317297265455
40.30944,36,802.333105,True,False,False,4.303978276944418,4.281193181606291
28.731116,16,802.454489,True,False,False,1.862194811822191,1.9969906249335025
41.903215,48,804.982558,True,False,False,5.307794049420106,4.907328412246266
39.435521,35,805.254766,True,False,False,4.3068349286236645,4.214361345774485
31.485985,21,805.417651,True,False,False,2.5054880153872454,2.547065280256548
39.448784,40,805.731861,True,False,False,4.765980930653346,4.339751305404752
30.143406,17,805.878329,True,False,False,2.094805379043199,2.282051192144215
38.592063,33,806.169009,True,False,False,3.913474573903292,3.919440454697279
45.948837,45,806.536952,True,False,False,5.544221417683685,5.492732216536132
36.743955,28,806.757518,True,False,False,3.4451394478344266,3.5884492102270076
30.36709,20,806.916696,True,False,False,2.3199938444420294,2.366274194066322
26.854606,14,807.034684,True,False,False,1.5428198449445536,1.6917425652132698
52.891846,58,807.46688,True,False,False,7.096789099905972,6.893996422488961
47.745356,50,807.885856,True,False,False,6.010537840822839,5.8290402165094655
41.644766,35,808.164065,True,False,False,4.384206995812487,4.487995685595448
47.860941,68,808.704905,True,False,False,7.583831317648285,6.300924507884365
43.485299,43,811.191442,True,False,False,5.0333168877571595,5.012231222759501
34.624078,28,812.524917,True,False,False,3.3978287720237996,3.3267363518442297
31.155524,25,812.719926,True,False,False,2.7608719988280845,2.5179596562787325
41.161641,44,813.082642,True,False,False,5.143638029045721,4.6097379352572005
42.974122,46,813.438909,True,False,False,5.617085181549952,4.927622359461984
51.520977,57,813.897717,True,False,False,6.74894890173446,6.559281400723677
40.115559,36,814.178864,True,False,False,4.329747983372431,4.240532251391115
47.518439,66,814.699794,True,False,False,7.198062837812915,6.114857105244524
26.40558,15,814.811797,True,False,False,1.6718902253282943,1.6129360258941212
29.698451,21,814.976737,True,False,False,2.267353202573938,2.2935930797769837
33.704857,27,815.183704,True,False,False,3.18447961483753,3.1079447255439243
33.491757,25,815.389556,True,False,False,3.0431442749901247,3.1403596515040166
45.094363,45,815.745716,True,False,False,5.534127514733377,5.27852718813853
28.969548,17,815.878612,True,False,False,1.9945058255402568,2.022367270243858
41.740517,40,818.453238,True,False,False,4.87586438306048,4.799006039941481
34.963657,27,818.664684,True,False,False,3.3430638633301344,3.238008785771768
42.548967,53,819.074796,True,False,False,5.603109877985554,4.971997221112609
33.339871,25,819.270994,True,False,False,2.994535547487731,2.9366091734792454
40.670784,39,819.575376,True,False,False,4.574747294452807,4.542763135442274
28.185799,22,819.745921,True,False,False,2.219849189532469,2.015138770099694
31.575459,26,819.951365,True,False,False,2.908155098068239,2.7095459942990714
38.638251,35,820.220954,True,False,False,4.085730222524275,4.083548623569891
-3.586878,37,820.507637,False,True,False,4.197947162757279,4.949987994506213
31.576203,20,820.663167,True,False,False,2.4174483706428553,2.560647955422224
43.756532,46,821.02374,True,False,False,5.466568197970336,5.285098459097025
42.969467,41,821.345954,True,False,False,4.983831462971417,4.9537534546938335
40.163119,36,821.62821,True,False,False,4.339750883135074,4.299320018747426
41.053243,44,821.98077,True,False,False,5.092055534829789,4.668656133314072
44.332797,50,822.370304,True,False,False,5.817225791983975,5.4854404115662545
27.055572,14,824.554244,True,False,False,1.5291665225810769,1.6956557369220975
28.756753,19,824.704514,True,False,False,2.028757045756817,2.0728070544241204
49.301756,49,825.092367,True,False,False,6.09773712438203,6.138693452643988
33.976668,30,825.32651,True,False,False,3.4187049184856524,3.096123710131109
40.470835,41,825.642656,True,False,False,4.721690963558356,4.515576197572389
27.965351,21,825.806336,True,False,False,2.1206178765119947,1.9881838678432595
30.710596,22,825.980712,True,False,False,2.4249372980336292,2.429995713466598
39.674307,38,826.281122,True,False,False,4.5279382152360075,4.2775775931535875
30.850125,18,826.424435,True,False,False,2.227386360737624,2.418653673194587
33.096259,24,827.547626,True,False,False,2.7476540679583197,2.9117628767647137
35.779818,34,827.829392,True,False,False,3.784205562432298,3.5241660925589775
30.606921,18,827.968618,True,False,False,2.2273863607376256,2.370829627313349
33.525556,28,828.187886,True,False,False,3.2600515640484624,3.0110720099454857
46.10255,47,828.551477,True,False,False,5.692607685661387,5.577881414791307
26.404314,27,828.753179,True,False,False,2.993187376734642,1.773654813307882
49.483427,51,829.160927,True,False,False,6.358891536526577,6.171332780603115
47.193291,58,831.60206,True,False,False,6.489338617923282,5.9868059348045835
39.362917,35,831.869899,True,False,False,4.158202868835957,4.210167582524775
30.363034,19,832.020152,True,False,False,2.354665581351204,2.3255446377544815
45.924708,49,832.401286,True,False,False,5.9738444508666975,5.572574074458328
27.039639,15,832.519558,True,False,False,1.6275448187591812,1.7621702073296228
53.16326,59,832.960886,True,False,False,7.200806025113267,6.905833937729517
33.451613,23,833.130886,True,False,False,2.7946648896932857,2.946309955758191
32.783555,26,833.326131,True,False,False,3.0597014741387016,2.999830446080968
48.251498,50,833.704001,True,False,False,6.1693788565189065,5.920607443846657
29.674311,25,833.897712,True,False,False,2.706710394934604,2.317112963148649
47.97532,59,834.36261,True,False,False,6.706013459232162,6.138420360090401
53.918578,60,834.850657,True,False,False,7.29332578225281,7.076647925027658
35.454204,29,835.083419,True,False,False,3.4020958445232297,3.3982808227314365
33.963255,23,835.270676,True,False,False,2.863782463805519,3.0113474744596953
28.377669,19,835.419864,True,False,False,2.07542506377832,2.0218087020831383
29.135701,25,837.585437,True,False,False,2.589403495803851,2.242746256973622
27.970172,19,837.73734,True,False,False,1.999987896510561,1.9529371985809159
42.724495,45,838.095157,True,False,False,5.248407336240103,4.99364485667427
35.291021,29,838.313112,True,False,False,3.5658286653331697,3.37858379850149
31.68497,31,838.553587,True,False,False,3.3311628893489127,2.98660471906443
44.355486,44,838.895303,True,False,False,5.405246043292572,5.25235171330077
37.354851,34,839.157696,True,False,False,4.072064372641163,3.7470837434603674
28.983885,15,839.275876,True,False,False,1.829824328518648,2.0214341651741874
33.298045,49,839.652505,True,False,False,5.02378331399609,3.4837828740841372
35.192654,28,839.875932,True,False,False,3.358426777370484,3.271947928645492
35.613336,40,840.17918,True,False,False,4.817004543995702,3.557647675025649
37.128129,36,840.446412,True,False,False,4.193769085505322,3.9866473255237826
44.075339,48,840.813422,True,False,False,5.725904049560126,5.235553681950722
44.209313,49,842.108397,True,False,False,5.739620600600767,5.129427240048725
39.6012,33,844.376996,True,False,False,4.135624549242969,4.14429900666345
-14.294126,14,844.485186,False,True,False,1.4690762209469668,2.4338023801510893
28.915718,19,844.634758,True,False,False,2.256654400448753,2.189777568910826
40.548479,35,844.91344,True,False,False,4.32924231323153,4.355086264256741
31.758354,30,845.15729,True,False,False,3.2286610208596898,2.716077992051224
34.31007,25,845.363807,True,False,False,3.058927002729174,3.076028808753783
40.377834,36,845.651622,True,False,False,4.327555567406612,4.409453212760261
53.408784,58,846.088736,True,False,False,7.222973261475942,6.951710116395809
32.45933,24,846.272904,True,False,False,2.8902545869705234,2.7806601273065716
31.278866,20,846.426846,True,False,False,2.454003514670809,2.6357703480893018
27.635955,17,846.563515,True,False,False,1.9496993216859058,1.9420041842211107
36.319495,30,846.798677,True,False,False,3.5227501262328778,3.5254524044596804
39.469156,37,847.096103,True,False,False,4.320142999682986,4.258010293947932
28.190637,15,847.23088,True,False,False,1.7834213325300228,1.9117736419637756
29.98835,20,847.397192,True,False,False,2.2867866908306635,2.312246924328011
-14.305193,16,847.531442,False,True,False,1.7917098934878595,2.959048099514696
35.745445,29,847.764255,True,False,False,3.406441219184878,3.4343201993022427
44.559532,45,848.110245,True,False,False,5.401836282278926,5.244266314258248
51.57849,58,850.579951,True,False,False,7.028527406767192,6.59751086267585
39.34716,33,850.83236,True,False,False,4.076057038078274,4.055933156381584
35.864332,30,851.05876,True,False,False,3.6695720908348104,3.503093802943647
27.328465,14,851.164614,True,False,False,1.6003214781379758,1.703669989704504
36.19225,30,851.396153,True,False,False,3.635520703546416,3.5166447162664247
28.143269,17,851.532229,True,False,False,1.8708122677275967,1.9175833936203477
47.412358,53,851.935172,True,False,False,6.372707944502855,6.028527188167339
28.068487,16,852.05814,True,False,False,1.8770777900805038,1.9212085299578623
47.069256,47,852.416144,True,False,False,5.782758652242412,5.691977832138144
27.32568,13,852.515764,True,False,False,1.5280921918565813,1.706751835328759
47.054888,54,852.934759,True,False,False,6.53577539625776,5.9136604903564844
28.722839,21,853.098923,True,False,False,2.2919233218976305,2.2002659403237614
28.594512,15,853.217359,True,False,False,1.8455486988968894,2.0135259841352062
33.22555,24,853.400225,True,False,False,2.917847328056867,2.8790431390865856
45.650099,51,853.792955,True,False,False,5.946274739385695,5.617526026269397
31.479087,27,854.00022,True,False,False,3.1693749488785703,2.599538482755292
43.532958,43,856.299858,True,False,False,5.1413117907628205,5.009037515310746
33.697818,23,856.475503,True,False,False,2.8501842674125437,2.990394831866711
40.617183,37,856.767467,True,False,False,4.480064211113253,4.4314433214706215
49.41072,51,857.170413,True,False,False,6.219044559133679,6.186883118224353
28.551062,16,857.295954,True,False,False,1.9134140172069662,2.0289753946510714
31.031647,18,857.441162,True,False,False,2.2273863607376256,2.4525390594322927
26.370967,13,857.552289,True,False,False,1.3882886934374423,1.5707813421323455
33.595571,25,857.752418,True,False,False,3.0589270027291735,3.044806705537405
34.905108,30,858.8914,True,False,False,3.52769568788775,3.482968986415995
31.923395,21,859.06248,True,False,False,2.550353764097828,2.5804436182782764
26.418375,13,859.176651,True,False,False,1.3918919835232848,1.5923290209446657
27.36611,18,859.30874,True,False,False,1.921067742583359,1.7972160457666002
39.441961,46,859.66369,True,False,False,5.251913088523387,4.554374628035234
31.047491,21,859.837276,True,False,False,2.488803290824145,2.4751857650376032
38.673468,34,860.11013,True,False,False,3.9558157026797,4.04173774109365
38.846156,43,860.424134,True,False,False,5.132448232652756,4.20578496094752
47.09828,46,860.778885,True,False,False,5.647455888656675,5.684189815768974
29.373671,24,860.973419,True,False,False,2.4038187554439214,2.281414058426327
40.933142,42,863.368942,True,False,False,4.805917478547292,4.443721136560571
31.965196,23,863.550376,True,False,False,2.6760230123499973,2.678493714776262
38.362342,36,863.846332,True,False,False,4.142786006376644,3.909796601845191
35.743641,27,864.064709,True,False,False,3.316491190041279,3.4181410811970117
32.742475,25,864.267329,True,False,False,2.8863032479280215,2.8551601887876914
37.616684,34,864.527303,True,False,False,4.014860258868765,3.7351389036332505
41.478126,51,864.93019,True,False,False,5.628705235791044,4.788107824588149
29.110748,18,865.087564,True,False,False,2.087903960520433,2.111973639155945
32.78229,23,865.272579,True,False,False,2.7935705040801446,2.7916723903101666
41.933102,39,865.570298,True,False,False,4.833665090188164,4.64184129652685
30.525858,27,865.791208,True,False,False,3.1387515501743355,2.724918663765326
36.3872,35,866.056699,True,False,False,3.945462573757197,3.7034025384813627
42.973375,47,866.418551,True,False,False,5.501388627226426,5.022365292360268
39.427424,38,866.712226,True,False,False,4.408356541774895,4.2580587651477755
47.313393,48,867.074708,True,False,False,6.0106997033117615,5.744958550360308
27.595227,14,867.185467,True,False,False,1.6588555759798076,1.731405913281124
28.103534,14,867.294468,True,False,False,1.6957460934189288,1.8519340475948127
32.387152,27,869.518954,True,False,False,2.9501723207170416,2.835586168310969
49.884763,60,869.981104,True,False,False,6.94734893805818,6.405941415316161
29.535289,19,870.129252,True,False,False,2.1554516810215683,2.1517603024530816
40.63825,40,870.429743,True,False,False,4.4901655397485465,4.582553202776584
46.033452,47,870.784766,True,False,False,5.737153699235201,5.7348105710002155
31.182316,29,871.004761,True,False,False,3.1778369587104005,2.856955957306492
28.881088,19,871.150604,True,False,False,2.12471779506823,2.1991500262902073
33.352034,24,871.339571,True,False,False,2.932923692004842,2.889685231727596
30.894131,21,871.510795,True,False,False,2.4218889779748336,2.4444998890282035
35.139996,28,871.729841,True,False,False,3.4334227288148393,3.3009849821656987
43.395794,44,872.0796,True,False,False,5.261704045326968,4.951147896888004
35.215648,36,872.362463,True,False,False,3.9737437660712,3.5564919177219814
31.160329,19,872.515723,True,False,False,2.321939821118358,2.530274304495328
34.049279,24,873.621206,True,False,False,2.9746520560572423,3.052567375765304
47.145737,56,874.052803,True,False,False,6.237339086684001,5.844459698374786
35.592564,32,876.037495,True,False,False,3.819635425986459,3.401686387759598
-2.396685,46,876.336105,False,True,False,4.943235953760342,5.396611789275341
33.256745,27,876.551364,True,False,False,3.131733935030423,3.016400666397363
36.462606,32,876.832316,True,False,False,3.770525942889049,3.702498160728756
36.563532,28,877.064549,True,False,False,3.4647670907451484,3.549776977354573
28.038082,18,877.202371,True,False,False,1.9862762423566693,1.9169724031188522
35.785798,37,877.470432,True,False,False,4.121782658613644,3.5434835506421427
30.80593,19,877.615314,True,False,False,2.3419609693087975,2.411880059108123
26.294816,12,877.700636,True,False,False,1.4637110370561535,1.574185197847644
39.532907,34,877.929631,True,False,False,4.16741228901404,4.203428224219252
27.936124,16,878.035736,True,False,False,1.7461174510523385,1.8689858753609934
37.640125,35,878.256397,True,False,False,4.152245472536478,4.038872310005599
28.03338,15,878.360692,True,False,False,1.774688204710529,1.8554124439213724
36.37358,27,878.545264,True,False,False,3.3690047493644095,3.5484653300618443
36.955239,30,878.753586,True,False,False,3.68227349058771,3.6634316389475714
26.677907,12,878.843423,True,False,False,1.4428561167919511,1.661921075716447
47.380444,51,879.216072,True,False,False,6.157546468910758,5.79494066310777
31.74368,24,879.37935,True,False,False,2.7573402413868875,2.648636713432709
57.638691,70,881.828883,True,False,False,8.432864901161627,7.8617375536851295
38.206172,33,882.067513,True,False,False,3.9560017749817837,3.916895801067639
42.913778,50,882.424752,True,False,False,5.586359402321529,5.197977869894418
26.811948,12,882.509202,True,False,False,1.459988287716228,1.6564293958692977
33.691584,25,882.684329,True,False,False,2.961996370732891,3.0203429435203324
-14.896588,13,882.775886,False,True,False,1.4036462026977956,4.953642174857877
33.202256,25,882.971369,True,False,False,2.961993458164608,2.944292069014417
41.325417,38,883.255594,True,False,False,4.673699198315318,4.567947191596125
32.155124,26,883.462274,True,False,False,2.9329532867246506,2.788891571427634
41.830156,44,883.836511,True,False,False,5.277135578063212,4.784852760548294
35.045363,27,884.040262,True,False,False,3.1939083905039647,3.3370091185809554
40.448048,36,884.327106,True,False,False,4.362540026830999,4.353768759091253
48.116973,51,884.746392,True,False,False,6.29541287476321,5.892598722551222
42.15041,40,885.081918,True,False,False,4.7700731703509955,4.725632930301572
40.329336,37,885.372081,True,False,False,4.494884615620687,4.369523105641037
41.877563,53,887.797046,True,False,False,5.94767931256467,4.812821140071291
37.326416,32,888.042615,True,False,False,3.9136396896450907,3.697094939718452
30.385848,20,888.190721,True,False,False,2.356578813629118,2.3663191906621237
45.736373,62,889.489375,True,False,False,6.78939337190259,5.891485326049822
35.65494,27,889.702967,True,False,False,3.299525298986311,3.3493422405104263
28.539516,19,889.847724,True,False,False,2.0575547877311204,2.063054656648325
34.043802,27,890.063096,True,False,False,3.0803751109689834,3.120387443191225
32.83925,25,890.25675,True,False,False,2.896678535528437,2.835301605085076
30.858465,19,890.401278,True,False,False,2.2936049834631285,2.447061211310228
45.593245,45,890.75299,True,False,False,5.366267971490654,5.36875335368453
27.340306,14,890.860264,True,False,False,1.653244539714586,1.6904711311047251
29.927059,19,891.009488,True,False,False,2.3470260155859948,2.2714727683236147
34.591488,26,891.214136,True,False,False,3.0855120035369428,3.1047572215583115
39.706707,41,891.534343,True,False,False,4.635341608108927,4.332438569478988
27.483313,14,891.64478,True,False,False,1.5982869439754872,1.7441045744984387
42.51157,47,892.015046,True,False,False,5.549345124643727,4.92859634961351
43.078013,47,894.400402,True,False,False,5.422470069674959,5.06802759879321
37.050218,33,894.655227,True,False,False,3.933510126590927,3.7676462246704974
33.977684,32,894.901286,True,False,False,3.517513125343878,3.1190913973199192
26.63397,12,894.991224,True,False,False,1.4109076972814985,1.629259614535188
40.623284,37,895.281987,True,False,False,4.575543134089717,4.450990885756571
27.364434,17,895.412504,True,False,False,1.888964958894766,1.7695072599684336
28.858331,18,895.553253,True,False,False,2.1397532174681033,2.0676972151168433
50.524353,52,895.94973,True,False,False,6.495973138522854,6.292111261521801
53.977122,64,896.437716,True,False,False,7.733035835023779,7.119908621906632
34.861485,27,896.643593,True,False,False,3.1887763884449383,3.2445646534575134
31.38561,24,896.831775,True,False,False,2.727820479578478,2.6159600365387603
40.699604,39,897.142282,True,False,False,4.6697233320230565,4.434471477073835
47.317247,48,897.518445,True,False,False,5.797722137901819,5.731815879796012
26.935238,19,897.67719,True,False,False,1.8978709050068392,1.7085616789966351
38.820982,32,897.935004,True,False,False,3.9215900982095993,3.956745279014363
52.095765,63,900.314069,True,False,False,7.579540613652991,6.827482709651103
29.737864,20,900.47049,True,False,False,2.3684218842365796,2.2803904445842478
39.68225,42,900.792312,True,False,False,4.595934301665637,4.276181014093961
31.199987,23,900.951002,True,False,False,2.661024463593441,2.4964696067092738
29.622706,18,901.088568,True,False,False,2.1191828531937986,2.25595479459866
54.000339,64,901.58636,True,False,False,7.839331128074605,7.063087768488397
38.019294,34,901.848531,True,False,False,4.028496637881036,3.851646818879136
28.928506,17,901.979637,True,False,False,2.0373073093114216,2.1043137330234933
36.013778,28,902.19554,True,False,False,3.4046150704999674,3.4121583727547122
53.181029,63,902.680575,True,False,False,7.612025749980857,7.002129414000521
43.247602,42,902.997962,True,False,False,5.159211420167277,5.014491879636904
34.746433,26,904.069399,True,False,False,3.1398882881915977,3.1733836569498495
26.43883,12,904.152831,True,False,False,1.3632656218726305,1.585963381337367
48.316881,47,904.504975,True,False,False,5.840095676186048,5.930252823987403
50.591731,52,904.895784,True,False,False,6.462390328916897,6.437319137610011
39.537693,43,907.124391,True,False,False,4.781268904021324,4.327575866007944
34.991042,27,907.336408,True,False,False,3.3149606484419767,3.239680138526223
35.960446,30,907.57515,True,False,False,3.414669322005701,3.4754291406318294
35.104035,27,907.777894,True,False,False,3.372899346259834,3.211931496278428
46.494064,46,908.106854,True,False,False,5.602922443354547,5.6238337375137615
26.606128,15,908.217906,True,False,False,1.7434063745471746,1.9212764526079842
41.968011,37,908.500574,True,False,False,4.589062645083353,4.639023895232881
34.220971,24,908.673125,True,False,False,2.9716235480002666,3.082757345941332
40.017439,37,908.928497,True,False,False,4.386359828675675,4.327781708602351
47.503252,48,909.284974,True,False,False,5.902048421211841,5.719307524480327
39.486027,38,909.571593,True,False,False,4.562039133173001,4.199386611696345
43.472988,45,909.902523,True,False,False,5.368099644027902,5.025520369724863
32.56954,29,910.140807,True,False,False,3.368825910637564,2.8743214439748126
34.572826,27,910.345634,True,False,False,3.1277537310320342,3.2216334721672455
32.316283,25,910.539816,True,False,False,2.952007380547648,2.710878724809911
40.369428,36,912.643999,True,False,False,4.433244983538024,4.3861879276055085
30.996612,21,912.795705,True,False,False,2.400998646298386,2.464720573589412
29.681331,17,912.926904,True,False,False,2.097829598325375,2.145490698365069
40.518938,38,913.207656,True,False,False,4.559508918447517,4.435795458734032
28.31872,19,913.32984,True,False,False,2.2601225435639654,1.9341413157019247
27.192996,45,913.671991,True,False,False,4.566609937628768,2.1162017548490324
39.53479,36,913.955608,True,False,False,4.383964202038493,4.247232270507949
37.760912,32,914.190265,True,False,False,3.933787593559059,3.7895478479799207
51.569935,55,914.613484,True,False,False,6.8060478976125935,6.5143535931516885
30.989353,28,914.823948,True,False,False,3.0102545272994137,2.56855793984611
42.531946,45,915.160677,True,False,False,5.4503950539118105,5.059201262317904
31.828059,23,915.332939,True,False,False,2.778381917001372,2.673933608036292
31.684819,21,915.486188,True,False,False,2.4569269395329556,2.5801563707208937
30.475273,20,915.621682,True,False,False,2.3539934872189034,2.3373360340626075
34.444269,25,915.807978,True,False,False,3.0589270027291717,3.0877132279879893
29.266965,20,915.952553,True,False,False,2.266218103598718,2.1286874865272365
49.841718,54,916.361216,True,False,False,6.603139795201573,6.184771819265773
35.398627,34,918.421428,True,False,False,3.8007515447861047,3.4996189632155223
31.732184,33,918.659421,True,False,False,3.709440803277212,2.776843413981244
32.54248,28,919.776509,True,False,False,3.053566753267127,2.865499043939082
41.453232,37,920.061122,True,False,False,4.543374967334651,4.562248122081265
47.667003,52,920.452795,True,False,False,6.382498591428383,5.8504117612707836
32.399515,23,920.621793,True,False,False,2.706092967341564,2.766322621270401
32.840175,24,920.793226,True,False,False,2.8469148340003736,2.852691096051891
29.015412,17,920.917706,True,False,False,2.015646189245489,2.063727930031866
40.199125,39,921.203547,True,False,False,4.5779499420630625,4.407547348322889
35.966969,30,921.427159,True,False,False,3.65064030024855,3.534152000465471
26.886986,13,921.527478,True,False,False,1.5315763553662296,1.689675281875975
37.023974,33,921.772406,True,False,False,3.9791928223067266,3.664723139434646
45.996786,51,922.143493,True,False,False,6.050201639030574,5.8412499986984425
39.806745,42,922.45343,True,False,False,4.773133136577897,4.3593597352414015
49.367895,52,922.839666,True,False,False,6.258794314817664,6.209122177985674
35.305883,27,924.941267,True,False,False,3.246272903945917,3.29939846869122
40.367678,35,925.197922,True,False,False,4.331719208864958,4.28776863348461
29.669356,23,925.373574,True,False,False,2.6234730918840663,2.326045361692643
28.491553,17,925.50131,True,False,False,1.8759335287299672,1.913081386910724
27.069604,14,925.606301,True,False,False,1.706213556582985,1.691893389809501
38.572445,41,925.91184,True,False,False,4.720049650707794,4.224797122040581
30.195227,21,926.068354,True,False,False,2.456401505155608,2.315408714808099
40.699659,46,926.398115,True,False,False,5.166649191013739,4.616761204581303
30.960633,24,926.57929,True,False,False,2.977937179542737,2.532781682245489
27.560072,15,926.672879,True,False,False,1.704334054638395,1.8278405546873562
38.214524,37,926.941539,True,False,False,4.248711976013617,3.988529975903156
-13.080595,16,927.058789,False,True,False,1.890526690419566,2.6175901511869433
-16.791471,7,927.11694,False,True,False,0.7357080913594325,4.356554281432152
38.017259,30,927.332489,True,False,False,3.75473700810057,3.8691230485369705
39.391229,39,927.626433,True,False,False,4.568301838561776,4.241969765419776
27.718176,14,927.741316,True,False,False,1.6492958450767876,1.8425145065649913
41.056657,52,928.146908,True,False,False,6.057739597781767,4.832060406990189
33.700308,27,928.353786,True,False,False,3.175156986062261,3.0674153737617984
32.609298,24,928.53823,True,False,False,2.7887813852814043,2.8058296971284626
40.467619,36,930.676105,True,False,False,4.438097934062589,4.416657028261594
37.254262,31,930.912897,True,False,False,3.7392265525986033,3.732775114713054
37.043774,29,931.131922,True,False,False,3.573228335529882,3.6529171746882168
32.443058,25,931.312607,True,False,False,2.8698720092683367,2.7671678524293646
36.964096,33,931.572387,True,False,False,4.039235081623358,3.654138949977601
31.718329,24,931.747648,True,False,False,2.771564107171804,2.760361131746481
32.500109,24,931.921253,True,False,False,2.898354021788527,2.78240152678195
26.584659,21,932.074201,True,False,False,2.393639720290645,1.8214838690240525
41.54188,54,932.485234,True,False,False,5.932687707667183,5.067380125403666
46.93106,47,933.816494,True,False,False,5.75835965926168,5.676154296272204
32.446055,26,934.015514,True,False,False,3.1641411488531186,2.791802241735899
30.704362,22,934.186442,True,False,False,2.575558644548394,2.5166807980520485
38.574881,43,934.506868,True,False,False,5.002027020605197,4.059474278992053
37.290771,41,934.822021,True,False,False,4.45750627252194,4.000360356921673
27.683952,17,934.949754,True,False,False,1.9140055266775593,1.8865664759247203
38.210087,40,935.248061,True,False,False,4.56847905828872,3.9988292999641724
50.192484,53,937.552238,True,False,False,6.540090731679701,6.293962083235962
45.535478,52,937.934952,True,False,False,6.088160411857267,5.622627690348872
32.875017,27,938.129581,True,False,False,2.8859672836407455,2.969696054384721
-1.967381,46,938.458349,False,True,False,4.871942034687312,5.108140892159881
36.127112,36,938.726972,True,False,False,4.013042577701625,3.659439875531089
40.468949,40,939.014151,True,False,False,4.990555906419667,4.4001471877666285
47.871951,56,939.42885,True,False,False,6.7079832396818215,6.0864896630976775
28.150157,14,939.533205,True,False,False,1.7122002017367044,1.8352774079852172
38.631939,34,939.778516,True,False,False,4.1450935149467325,4.12712752787182
47.974025,47,940.140163,True,False,False,5.900589324750339,5.855627388260121
48.954268,54,940.523669,True,False,False,6.613233080146059,6.147850001120047
28.494806,18,940.659678,True,False,False,2.0487414996123436,2.044425658929786
38.999805,35,940.916251,True,False,False,4.139961666538484,4.044474541440698
47.947895,52,943.141888,True,False,False,6.468514009102882,5.9307537113614694
26.14134,12,943.226701,True,False,False,1.397964479632072,1.5665548724124254
34.682906,27,943.420343,True,False,False,3.360401863011839,3.219321414279315
36.451062,30,943.643818,True,False,False,3.5481216441091483,3.5525078889865918
51.287995,58,944.072469,True,False,False,7.035628315969191,6.554033782950724
27.113057,12,944.164,True,False,False,1.4637110370561535,1.6613678779461432
37.460608,32,944.406358,True,False,False,3.807396306135496,3.7795393996321334
38.651406,32,944.645188,True,False,False,3.9981291964245713,4.047784587157867
42.729274,38,944.93082,True,False,False,4.7034974946162755,4.794965961559228
33.872521,41,945.235541,True,False,False,4.690483481792333,3.387848982035439
46.656754,45,945.577251,True,False,False,5.516024093419117,5.522258695718042
37.376234,29,945.796875,True,False,False,3.6045012272660504,3.7627349579137492
28.765375,18,945.932727,True,False,False,2.0060010571004194,2.081409027840338
27.270779,17,946.062827,True,False,False,1.8891102665459576,1.7428688122874008
44.482447,50,946.449959,True,False,False,5.9317976222105075,5.5448653296362345
31.946103,20,946.603833,True,False,False,2.4656515474402596,2.5879387082239886
30.959903,19,948.733921,True,False,False,2.352820179083418,2.4741177310447835
37.759496,31,949.944227,True,False,False,3.799607268758925,3.773842738879883
51.249839,63,950.415152,True,False,False,7.425968481661074,6.699570676702894
36.005905,32,950.658744,True,False,False,3.695010997750844,3.523991469600988
33.788506,27,950.858472,True,False,False,3.0868155143007874,2.9984567987154302
34.966444,28,951.069863,True,False,False,3.3846703455276206,3.2839155322261595
48.167273,49,951.433208,True,False,False,6.102610491192803,5.895046433360295
43.581269,45,951.778033,True,False,False,5.416780084794276,5.035093985917954
37.397884,31,952.016009,True,False,False,3.7836387137825116,3.75020233541635
31.836171,22,952.178767,True,False,False,2.6705850743804262,2.664776565332413
27.293651,24,952.361323,True,False,False,2.3446437695754976,2.06817419294097
31.96923,27,952.566862,True,False,False,3.0030567696591333,2.9419049150854475
38.973174,33,952.816345,True,False,False,4.047967365275945,4.053653184702596
33.838481,27,953.021677,True,False,False,3.273961344946221,3.0814042389498333
41.431805,42,953.341269,True,False,False,4.98750790119208,4.7817602528277074
30.238056,19,953.484521,True,False,False,2.295251679047701,2.3158132260998263
31.499833,22,955.502445,True,False,False,2.5364935142904863,2.503342701844058
32.980054,24,955.676621,True,False,False,2.937275554555669,2.8855760258929712
41.74487,36,955.939942,True,False,False,4.518412331782041,4.582911429694763
38.223495,32,956.184964,True,False,False,3.8075029315547058,3.8547292980111734
32.437231,36,956.464994,True,False,False,3.923957124985453,3.0576194619483257
29.630508,18,956.606362,True,False,False,2.0781916617236074,2.2537513640694655
26.266902,14,956.711648,True,False,False,1.493314704455437,1.535952270913665
33.663872,25,956.900826,True,False,False,3.0588198263470217,3.0287067001779002
47.123601,45,957.255804,True,False,False,5.572197247480696,5.61955891709988
34.634118,28,957.478138,True,False,False,3.3047345555578866,3.2939412675067143
41.105753,37,957.773823,True,False,False,4.488274622738491,4.439140719338808
-13.868356,15,957.891851,False,True,False,1.6853524417820698,3.291629196698163
40.212217,42,958.204685,True,False,False,4.766486355612312,4.470318739180275
35.409979,31,958.438777,True,False,False,3.694105481082291,3.384025964408383
42.532801,52,958.832473,True,False,False,6.059129011601799,5.0063544794976425
33.985037,26,959.024168,True,False,False,3.115447356376289,3.1220728578798664
42.510363,39,961.16593,True,False,False,4.731696430280969,4.7275933048753425
26.69287,12,961.254821,True,False,False,1.422990741110611,1.5660719723554524
36.50083,30,961.48654,True,False,False,3.6912736778274255,3.516697868603082
33.412953,27,961.688482,True,False,False,3.1419674815261307,2.990763980759797
32.102007,25,961.866768,True,False,False,2.855029536997806,2.7060930370671996
36.972674,34,962.135721,True,False,False,4.0229513955219325,3.6984171276758495
30.907479,22,962.304208,True,False,False,2.5539613080115457,2.503265540059249
26.983487,14,962.413376,True,False,False,1.6250148895641767,1.705230136053575
46.235188,44,962.751015,True,False,False,5.489957375632784,5.489212450449975
31.059263,20,962.910771,True,False,False,2.4241665807470048,2.511467493838568
46.476752,45,964.295736,True,False,False,5.578851248178052,5.451357725413282
44.649126,48,964.652514,True,False,False,5.635670135092034,5.274920306375659
38.937365,33,964.889656,True,False,False,4.077160767637802,4.117908228180815
39.39444,36,965.161268,True,False,False,4.372113312933107,4.162473026339732
37.614416,32,965.414355,True,False,False,3.8382468631811344,3.821224910751094
34.983948,26,965.615825,True,False,False,3.184231581078703,3.2181607481512446
27.155922,14,965.721945,True,False,False,1.689044072785366,1.729624217364719
45.846879,52,967.96256,True,False,False,6.100976108695387,5.726682696633424
32.498168,26,968.145002,True,False,False,3.1300175265675576,2.825875627050059
47.626642,54,968.556004,True,False,False,6.46118648150991,5.978370333048918
37.103588,32,968.801043,True,False,False,3.8678694207931055,3.7262714074818546
28.773161,17,968.924853,True,False,False,1.9586559014705498,2.0717977895072717
45.115696,46,969.266665,True,False,False,5.69396202103703,5.381989528792847
37.91082,31,969.496208,True,False,False,3.7380273293405955,3.7978925045340035
37.309849,36,969.777671,True,False,False,4.214702126729288,4.000152008322631
37.466064,31,970.029278,True,False,False,3.8333225855255577,3.780224441468323
42.179157,41,970.33556,True,False,False,5.059091913240423,4.702597609314272
36.843468,31,970.566418,True,False,False,3.81196982366021,3.6668355528640584
34.1078,28,970.779113,True,False,False,3.2192570888669563,3.1897502731330354
28.87565,16,970.898809,True,False,False,1.9029465201263254,2.0174760780909966
36.639086,36,971.161237,True,False,False,4.00649504840556,3.656888826459968
35.724209,28,971.367166,True,False,False,3.306402292642455,3.426106672096621
40.668523,36,971.640835,True,False,False,4.449894975811479,4.3478819966148725
38.767799,34,973.780284,True,False,False,4.168285732644299,4.066526238116973
41.740734,37,974.084196,True,False,False,4.461005172992124,4.542656112134963
32.837455,25,974.278872,True,False,False,2.8574746337656793,2.84201524554194
34.301593,30,974.507579,True,False,False,3.4766997016420906,3.220038724349567
27.975646,15,974.620809,True,False,False,1.8455486988968894,1.8725526316280816
32.453303,32,974.872639,True,False,False,3.6019752266674883,2.999713995743567
29.871882,20,975.035578,True,False,False,2.3079235144723578,2.212424368986807
35.733614,33,975.307046,True,False,False,3.8067150174790707,3.52078230428533
40.086201,39,975.647264,True,False,False,4.645342730302309,4.336178932703712
38.111496,31,975.905636,True,False,False,3.8057884736289878,3.8697450485744502
45.904224,48,976.322709,True,False,False,5.636775069259904,5.472818549188613
44.450017,47,976.688337,True,False,False,5.761052298788545,5.308579308473759
46.051989,45,977.013158,True,False,False,5.505495828571887,5.513472815190625
44.411426,43,977.337939,True,False,False,5.349952973773585,5.087640629772326
30.987578,19,978.525462,True,False,False,2.3128232526412353,2.4126871880419563
44.992987,42,980.706545,True,False,False,5.262118687376227,5.267350558703376
36.782894,30,980.927196,True,False,False,3.7508345194484756,3.6867524269546696
27.206392,16,981.048215,True,False,False,1.6784877477773403,1.7769840683467495
42.254242,40,981.345797,True,False,False,4.844039005020811,4.738192462734211
46.00718,53,981.754008,True,False,False,6.505785743465995,5.671021759030721
30.842946,21,981.911295,True,False,False,2.558504181775409,2.410144665149639
29.59237,17,982.039466,True,False,False,2.043698983905491,2.2122317169042094
28.385807,18,982.171265,True,False,False,2.1010384161615048,2.0507174013433023
42.083507,40,982.469679,True,False,False,4.840407670121361,4.695119559428662
31.962732,25,982.659788,True,False,False,2.798271211987825,2.7223633533057816
47.427293,45,982.996453,True,False,False,5.6293402068668925,5.718337307790909
26.677329,12,983.089244,True,False,False,1.439017702558819,1.568578761277344
43.840852,42,983.410981,True,False,False,5.207538850206261,4.989368344784801
44.567742,47,983.758175,True,False,False,5.536185631524379,5.281038692459855
-8.197114,36,984.02742,False,True,False,3.5863562338697434,3.982449050613849
41.673026,44,984.363803,True,False,False,5.121440069397199,4.955850870913395
53.112788,61,986.777939,True,False,False,7.378941588612421,6.94828177834771
29.684709,17,986.907877,True,False,False,2.0218440921870227,2.207971713106196
35.176318,37,987.189299,True,False,False,4.24005843995613,3.686838094870093
46.031698,53,987.614839,True,False,False,6.111967613884932,5.776476123730814
30.899183,21,987.78457,True,False,False,2.5878932246094855,2.503259424260399
32.199963,24,987.972821,True,False,False,2.749730382304134,2.7594649894165837
32.011007,24,988.155433,True,False,False,2.790713651518299,2.6684367684992325
27.801619,20,988.313787,True,False,False,2.2522310460214956,1.9330494005597827
29.439659,17,988.443257,True,False,False,1.9994733580126622,2.105047728255657
29.975228,20,988.598523,True,False,False,2.1677002891100825,2.2232835781900873
34.379372,29,988.81146,True,False,False,3.522460732871757,3.183102720064146
29.718697,16,988.931726,True,False,False,1.972827919510469,2.2084289377800617
37.475039,39,989.221585,True,False,False,4.425764382554911,4.090676942418941
38.91307,33,989.468743,True,False,False,4.046615026569299,4.027852144635376
52.820851,58,989.899748,True,False,False,7.10485329806341,6.787648730326409
33.467048,23,990.071805,True,False,False,2.8637824638055176,2.9278315357170794
50.560157,55,992.25482,True,False,False,6.635166329595996,6.372085804393183
33.957607,25,992.435991,True,False,False,2.99653708309094,3.0444208830935025
35.101336,30,992.664398,True,False,False,3.5146688488972098,3.2882176151866678
31.426844,22,992.830732,True,False,False,2.6766739125301853,2.6681583481236713
30.518789,20,992.994187,True,False,False,2.322987163688212,2.324679841821392
36.708746,29,993.214065,True,False,False,3.4937830050680825,3.5853644230672144
31.089953,22,993.386275,True,False,False,2.513967027738117,2.5009092032092735
40.857358,38,994.547114,True,False,False,4.686320469288384,4.428052952610183
32.205043,24,994.719302,True,False,False,2.7418055639979984,2.7307451966178946
48.443511,53,995.121573,True,False,False,6.547597449126127,5.9836077058053085
40.518341,37,995.398261,True,False,False,4.401509525161852,4.318437058127318
37.303804,35,995.677768,True,False,False,4.047486462348809,3.812699945210349
30.649486,19,995.811217,True,False,False,2.332357176304616,2.3764011869591934
45.66788,46,996.152103,True,False,False,5.458131969546577,5.433182665583518
36.088754,31,996.384842,True,False,False,3.74654416213801,3.6174560187440985
32.989509,24,996.564334,True,False,False,2.9716589681393364,2.8010364606711677
35.326968,28,996.775796,True,False,False,3.395603408757152,3.4309093380106788
47.288262,48,998.929205,True,False,False,5.904630724843653,5.649232534809864
46.910993,57,999.358806,True,False,False,6.340361710218397,5.909115079090258
32.378341,29,999.574414,True,False,False,3.256328054864439,2.7498997541945664
41.223771,42,999.888228,True,False,False,5.112103068285827,4.499422546326627
56.570144,76,1000.445057,True,False,False,8.765615273690939,7.806749833788445
42.593645,40,1000.73269,True,False,False,4.860980456442013,4.870141530309065
33.624633,26,1000.915134,True,False,False,3.185453132320358,3.027106409712655
37.870141,32,1001.144156,True,False,False,3.831121313916436,3.935840542263456
45.356625,45,1001.474969,True,False,False,5.409611769736121,5.268228258208541
44.782823,48,1001.82324,True,False,False,5.935912127085164,5.305800802293625
43.127845,42,1002.142275,True,False,False,5.171566504676153,4.930182030485537
48.025061,52,1004.356917,True,False,False,6.25779685210041,5.931654037471109
40.531461,33,1004.603406,True,False,False,4.1365746699413055,4.32340105775941
36.759411,29,1004.818557,True,False,False,3.561692725998218,3.5965966454243534
47.307246,45,1005.154432,True,False,False,5.604058998683305,5.702208063081082
30.810502,31,1005.396458,True,False,False,3.2099538249198063,2.6967271944534206
26.735808,28,1005.607722,True,False,False,3.0140862542256506,1.8496631676621047
46.785689,47,1005.981936,True,False,False,5.81181663235712,5.6194413052932894
37.560732,35,1006.25473,True,False,False,4.072242905055721,3.8336945490883307
40.774692,34,1006.519978,True,False,False,4.257935082801515,4.466264770911022
30.03378,22,1006.68543,True,False,False,2.5028690368333564,2.3397984129695817
30.02992,25,1006.87044,True,False,False,2.84061853088432,2.3667862819171166
32.145938,23,1007.043553,True,False,False,2.7300685703350527,2.7027560002822457
31.042977,18,1007.175479,True,False,False,2.214739819580672,2.4718365131988467
30.254436,19,1007.319198,True,False,False,2.3007605381646914,2.2618124168974996
28.748764,15,1008.431705,True,False,False,1.827347231230263,2.0267118481517596
32.960709,24,1008.603653,True,False,False,2.886241515771785,2.8734603222635027
26.927883,12,1008.693801,True,False,False,1.4637110370561537,1.6476603480640222
44.97266,52,1009.087346,True,False,False,6.448152041392578,5.448703527416725
41.403418,40,1011.215767,True,False,False,4.872362193407804,4.534376349122164
31.651221,22,1011.382239,True,False,False,2.6520422923133835,2.636174786422809
31.063429,22,1011.553401,True,False,False,2.640141398568953,2.473846931012799
32.096214,21,1011.7101,True,False,False,2.531315993069703,2.7194481948138125
29.109536,17,1011.844568,True,False,False,2.0064683496967364,2.1560319024663466
33.700785,25,1012.034579,True,False,False,3.0797237614718562,3.0468673639039947
38.550898,33,1012.2865,True,False,False,3.9462056424731444,3.9573640634111182
-16.813227,7,1012.343935,False,True,False,0.7595786401465593,2.0681070037485805
36.111096,36,1012.625462,True,False,False,4.218413338474861,3.7314980027369655
27.445449,13,1012.723133,True,False,False,1.587904164928611,1.7254477452380819
31.50461,20,1012.875273,True,False,False,2.4819448019647825,2.5976371508894576
44.65107,44,1013.198332,True,False,False,5.282217205708635,5.144139404381102
36.941402,37,1013.476449,True,False,False,4.230697423040459,3.7332845718398078
43.680503,44,1013.80935,True,False,False,5.370232391730944,5.043328474087597
34.718087,25,1013.998087,True,False,False,3.0731966668433626,3.223631857049019
32.568887,21,1014.157075,True,False,False,2.591371092268053,2.7915395730195893
37.612529,36,1014.432264,True,False,False,4.2483437714407355,3.901298627544587
31.54631,26,1014.632366,True,False,False,2.9174433630761407,2.752307197246518
37.631786,38,1016.782861,True,False,False,4.317249803674381,3.8418345590124723
33.682675,24,1016.970438,True,False,False,2.9511622754638362,3.040368810089136
47.202877,53,1017.3756,True,False,False,6.2683117574372815,5.946232082850428
37.743815,30,1017.621873,True,False,False,3.6874694494364224,3.803345667889863
40.812016,51,1018.022173,True,False,False,5.869962007551762,4.7015538153048
31.014328,19,1018.167666,True,False,False,2.3395914628478947,2.4995493081439917
30.225503,19,1018.314067,True,False,False,2.2200840464770826,2.299861623023194
28.625192,20,1018.470445,True,False,False,2.2963527261620524,2.0673496710517223
31.977131,24,1018.65946,True,False,False,2.897668503807979,2.7150618123456973
37.980027,36,1018.938488,True,False,False,4.086477629718377,3.878979510225874
36.295033,31,1019.177107,True,False,False,3.5541313681036475,3.504617885229446
33.65996,26,1019.378092,True,False,False,3.0959166389680886,3.0385241284934037
35.994535,30,1019.61261,True,False,False,3.4365481010534267,3.5271743587506985
49.465583,48,1019.977725,True,False,False,6.0040960365332605,6.1751017230036895
42.73366,42,1020.28948,True,False,False,5.192879871832578,4.847086224271256
33.552444,25,1020.476622,True,False,False,2.906546222412775,2.9194138695148646
28.747193,16,1020.60348,True,False,False,1.849451576046956,2.0020959495814195
44.930076,49,1022.835983,True,False,False,5.850606931166436,5.341474264493669
31.456797,22,1022.986183,True,False,False,2.609292383384832,2.5122645137768638
34.712003,26,1023.17218,True,False,False,3.2419932789332675,3.1985085409370817
35.073392,29,1023.383619,True,False,False,3.431795398592935,3.319076444426189
40.452999,37,1024.648436,True,False,False,4.623949441160699,4.356617039881603
33.541086,27,1024.858938,True,False,False,3.1861966884923416,3.0253414771607456
32.329558,22,1025.02374,True,False,False,2.6414744631657343,2.7156266598854755
31.719275,23,1025.194499,True,False,False,2.6005574337660975,2.688069204006023
44.747364,49,1025.558497,True,False,False,5.72425096555168,5.329939393912478
28.21596,15,1025.676147,True,False,False,1.8144705636703584,1.9439269163158288
45.388256,52,1026.072614,True,False,False,5.957881204527879,5.474006771513528
36.439253,33,1026.31382,True,False,False,3.662408952767052,3.602609138657253
42.116253,38,1026.611845,True,False,False,4.658457855406588,4.677050805918645
29.968606,20,1026.785019,True,False,False,2.235837526569652,2.2243055423272824
-19.305293,4,1026.819267,False,True,False,0.339984616418396,6.0619776463202
48.520283,56,1027.286264,True,False,False,6.933287901671526,6.0015169369198365
34.278586,25,1029.476176,True,False,False,3.077121025224795,3.1331841932039475
35.337361,28,1029.696509,True,False,False,3.4818715929698536,3.2911170711978928
43.874364,43,1030.03567,True,False,False,5.188338602979047,4.990435799728638
30.331661,19,1030.18232,True,False,False,2.2471975303319223,2.337817549166706
34.889658,26,1030.364295,True,False,False,3.191790370815345,3.205147779710605
46.394446,51,1030.72116,True,False,False,6.161363170132185,5.558523405213528
40.829516,37,1030.99577,True,False,False,4.4137895525386925,4.401864613493797
35.967782,29,1031.201717,True,False,False,3.581834136110884,3.4946273875129794
46.473271,46,1031.551101,True,False,False,5.710568464399624,5.6117001988653525
40.996074,41,1031.856707,True,False,False,4.7689591406393435,4.586108299587218
41.284879,40,1032.154483,True,False,False,4.785542588406184,4.654737626180612
33.057936,22,1032.316862,True,False,False,2.7014627853286988,2.852394241290248
29.205798,20,1032.472906,True,False,False,2.188325698988129,2.0967599793489153
30.027576,18,1032.604399,True,False,False,2.1152656072050244,2.17955430746359
28.350474,23,1032.781315,True,False,False,2.4162117140622876,2.2257764178831607
46.2254,51,1033.176355,True,False,False,6.086393169948892,5.704917403643807
26.804627,17,1035.291156,True,False,False,1.8586894113303052,1.6804742723801587
38.132054,30,1035.516698,True,False,False,3.7418704103772282,3.8818887183755852
32.383627,21,1035.679437,True,False,False,2.588356538460937,2.736771730169089
32.236717,22,1035.854117,True,False,False,2.632608016304684,2.678227610127191
33.50103,28,1036.063698,True,False,False,3.3024696798505038,3.001228314700792
38.479857,36,1036.339201,True,False,False,4.234533586959543,3.9919952539709924
39.73603,35,1036.608561,True,False,False,4.176834332454706,4.1765175422502265
38.181195,42,1036.923153,True,False,False,4.870958614716364,4.148782653747355
44.361661,44,1037.253242,True,False,False,5.444210347702598,5.152244088756734
42.894673,38,1037.554422,True,False,False,4.75377744872179,4.884182975313485
45.617555,50,1037.936215,True,False,False,5.940161371046979,5.424553325560989
38.922945,35,1039.182175,True,False,False,4.256018254574902,4.042069577955763
48.562073,55,1039.601888,True,False,False,6.74332394279942,6.094630954408285
39.447408,34,1039.858612,True,False,False,4.249437151997675,4.113586719590805
49.237495,50,1042.092578,True,False,False,6.119421337763915,6.058790249059897
41.953098,37,1042.374155,True,False,False,4.643416859830742,4.5564521675109395
43.730053,50,1042.729755,True,False,False,5.775239763219429,5.224895300108432
29.637765,21,1042.875265,True,False,False,2.4209541195499464,2.3213668914863845
36.994569,29,1043.087366,True,False,False,3.568043885183487,3.6786922060280958
43.833196,43,1043.410467,True,False,False,5.380735756128158,5.134877116037558
47.081052,58,1043.860552,True,False,False,6.791618952242028,5.86707394219494
30.2159,21,1044.016484,True,False,False,2.60922402257836,2.288756315763805
31.378863,24,1044.198437,True,False,False,2.8455237846857866,2.5172499450710046
37.159042,34,1044.46852,True,False,False,4.07774879606244,3.7698673872286683
44.105168,48,1044.824788,True,False,False,5.805622983004567,5.168390393433287
47.816009,51,1045.215769,True,False,False,6.0511829829942245,5.828339946849965
26.785395,13,1045.310904,True,False,False,1.4743236862972933,1.6079797608679247
30.477312,26,1045.504353,True,False,False,2.8922060795152427,2.5108263893604064
49.55136,51,1047.721104,True,False,False,6.384236172838775,6.137069282251056
47.342807,61,1048.172146,True,False,False,7.474012319588722,5.929344621474292
44.098424,47,1048.52161,True,False,False,5.494303949574468,5.204298874139096
39.399101,38,1048.796344,True,False,False,4.554513772162674,4.499101789494599
42.132894,39,1049.091223,True,False,False,4.810737119238796,4.7302290969826535
26.809993,23,1049.259668,True,False,False,2.6209896962249872,1.7142810423308796
27.469521,14,1049.363206,True,False,False,1.6619875748427695,1.7941371094654837
29.001081,20,1049.504209,True,False,False,2.2798508092816068,2.0938655408797247
39.295201,35,1049.747681,True,False,False,4.1840240216978986,4.080961094521502
40.728676,38,1050.0575,True,False,False,4.7122422975119,4.391185061845901
33.741145,24,1050.234421,True,False,False,2.9165141982466536,3.0107194809613156
50.524872,62,1050.681893,True,False,False,7.512553919029548,6.588951383562068
37.573533,37,1050.947716,True,False,False,4.259952664683854,3.898080783682775
27.880719,19,1051.090745,True,False,False,2.0699484478050874,1.911049064592748
26.709568,16,1051.207938,True,False,False,1.7617714676629477,1.5985857651316346
29.323619,16,1051.328971,True,False,False,1.9666704944237368,2.151704259351918
47.386933,47,1053.525394,True,False,False,5.735834440647302,5.751379595707813
46.639235,49,1054.871568,True,False,False,5.937275058466074,5.640399924865706
37.939094,32,1055.101121,True,False,False,3.8894897189576088,3.8685335149615394
29.388266,16,1055.219138,True,False,False,1.9728279195104688,2.081018430359212
42.6217,38,1055.504429,True,False,False,4.71355687070569,4.810968782560923
49.51888,50,1055.883519,True,False,False,6.1360653531510225,6.069180634803883
41.027262,42,1056.20445,True,False,False,4.96988022378234,4.707479977294871
30.738857,25,1056.398563,True,False,False,2.7727252261420445,2.5073321587660526
28.581349,15,1056.52133,True,False,False,1.8455486988968892,1.9117183046777373
38.902113,32,1056.770202,True,False,False,3.9237424644593286,4.009102305955528
32.920549,21,1056.935769,True,False,False,2.6092240225783616,2.7970646678570965
29.56526,16,1057.061288,True,False,False,1.9728279195104672,2.1207119671444197
31.321711,24,1057.240766,True,False,False,2.6623145022933934,2.593576888386542
49.036091,53,1057.659119,True,False,False,6.439160937237812,6.066481772359659
27.099469,14,1057.762905,True,False,False,1.5928705364810278,1.696867463900506
50.251421,67,1060.251891,True,False,False,7.787776711204537,6.632460541518938
28.775155,24,1060.430933,True,False,False,2.8212202152820454,2.1447532484768104
36.440649,34,1060.681851,True,False,False,3.949871887592255,3.5560054173737137
45.543455,43,1061.001501,True,False,False,5.23539839366372,5.341872413183072
33.976465,24,1061.18325,True,False,False,2.9316477821155944,3.002719751414628
32.096913,24,1061.367816,True,False,False,2.770095206751786,2.679047868453604
36.368021,32,1061.615693,True,False,False,3.7334090735007517,3.6030526707812713
32.734506,24,1061.807954,True,False,False,2.84126818879911,2.8132236793034697
39.167694,46,1062.152969,True,False,False,5.183276290621447,4.2520083366323504
35.783546,30,1062.37938,True,False,False,3.614242931483349,3.5584905056639027
36.864978,31,1062.617002,True,False,False,3.7575899028312962,3.731361249145474
38.131122,32,1062.861667,True,False,False,3.7241324621680683,3.8276296931635696
32.606761,28,1063.073617,True,False,False,3.250513844320997,2.897989653921969
40.273385,39,1063.372229,True,False,False,4.6957957055227,4.3679030752252705
25.207548,23,1063.551061,True,False,False,2.3945548842657804,1.6832836104825737
30.591191,29,1063.767652,True,False,False,3.2544756059946893,2.6939317433193426
34.214115,24,1063.955855,True,False,False,2.991061684419097,3.028470405437385
32.894299,31,1066.130242,True,False,False,3.5111033454253597,3.123118944652339
34.519336,32,1066.387351,True,False,False,3.71304414023539,3.334924724798427
26.15679,17,1066.516989,True,False,False,1.9068669836783996,1.605683025602601
27.72153,13,1066.614444,True,False,False,1.578248869993331,1.767293331935916
36.297172,31,1066.852133,True,False,False,3.7094401595462276,3.511638283200771
30.99393,20,1067.006183,True,False,False,2.39517037492677,2.4246485263799795
46.342907,46,1067.319876,True,False,False,5.569028699674468,5.542352041333701
37.354248,31,1067.500366,True,False,False,3.707462946124912,3.784392951470999
36.522378,29,1067.681394,True,False,False,3.5612815071560573,3.576961791941966
40.704345,40,1067.944699,True,False,False,4.72785707058404,4.504442308661363
35.505616,27,1068.835641,True,False,False,3.307420709852757,3.373278391885655
39.544433,36,1069.095032,True,False,False,4.214784771324293,4.196939927019193
29.703904,18,1069.224424,True,False,False,2.0860380327778345,2.169925939545439
34.147726,27,1069.421334,True,False,False,3.1528825685241024,3.1084507064677434
46.124686,46,1069.751821,True,False,False,5.592316200788748,5.533800690304688
34.221098,26,1069.931844,True,False,False,3.0590506914339417,3.137552459020732
26.247262,11,1070.012754,True,False,False,1.3073437429442405,1.5608406019481826
46.645906,46,1072.280414,True,False,False,5.579816052028319,5.5862373637900555
28.40274,16,1072.36875,True,False,False,1.840644126496045,1.9366965772215685
39.984044,34,1072.603108,True,False,False,4.184126880337326,4.2767988894746125
31.740386,26,1072.787103,True,False,False,3.2144011190568387,2.8231318491006
33.622972,26,1072.96552,True,False,False,2.9890749735431394,2.9819367347530408
28.795762,21,1073.116338,True,False,False,2.3275870757794364,2.1242310005763345
42.689952,42,1073.413883,True,False,False,5.058945031347902,4.799574999680976
28.153814,16,1073.522992,True,False,False,1.736439986067986,1.888509620116527
40.789236,39,1073.787786,True,False,False,4.73310008781327,4.394745533865831
45.975637,53,1074.168085,True,False,False,6.508865512852526,5.597935507924708
39.072084,40,1074.43758,True,False,False,4.649863352516994,4.131325364537686
30.905836,19,1074.557204,True,False,False,2.3280775828621105,2.4414675663355454
48.17248,47,1074.876349,True,False,False,5.847319683103643,5.919226457256094
29.143495,17,1074.998738,True,False,False,1.9421901661011012,2.031644043079837
39.04324,33,1075.228992,True,False,False,4.046605798308788,4.089719452930121
36.482558,29,1075.427109,True,False,False,3.456076068094787,3.537095414140351
-13.147206,17,1075.544319,False,True,False,1.8087498327669884,4.032460667287969
33.388936,25,1075.710333,True,False,False,2.8755780428772897,2.9968977040735623
33.630307,26,1077.924174,True,False,False,3.0303644304631927,3.0115248911449686
46.310889,45,1078.281266,True,False,False,5.662137063236381,5.456336895353354
34.014489,27,1078.490728,True,False,False,3.180269974021689,3.0975509912089434
42.140504,37,1078.776969,True,False,False,4.5845286096812865,4.634990199748182
29.413651,17,1078.906427,True,False,False,2.0984588680007836,2.179001074010443
49.671182,50,1079.290276,True,False,False,6.223671538399334,6.156168346134857
45.95365,45,1079.632429,True,False,False,5.5288953149118045,5.461542179154006
47.379774,47,1080.000177,True,False,False,5.843321638606406,5.690512752656415
36.109279,27,1080.201514,True,False,False,3.3728993462598336,3.4919950113301543
-16.811227,25,1080.387011,False,True,False,2.347720355466836,2.241607692328229
39.931864,37,1080.662696,True,False,False,4.344694706360597,4.213235884717048
35.793845,30,1080.888408,True,False,False,3.6786134263111956,3.527851239439201
38.195129,37,1081.169123,True,False,False,4.219082074513402,4.050000066219301
30.921421,21,1081.328865,True,False,False,2.4687967152673878,2.452000071639442
37.194583,43,1081.65842,True,False,False,4.988019524354464,3.969531605546046
40.405583,39,1084.945684,True,False,False,4.825256192475565,4.318663346133406
32.033939,22,1085.110842,True,False,False,2.6552582943486924,2.7185288668657885
41.283731,38,1085.398953,True,False,False,4.663114208685521,4.47477170888323
36.81259,28,1085.610328,True,False,False,3.490882887496254,3.5386064021637296
29.580716,19,1085.755486,True,False,False,2.1530134492187414,2.1665505606949322
28.875727,17,1085.88646,True,False,False,1.9349252633876146,2.072624724786498
33.294996,26,1086.088715,True,False,False,3.1721238696945955,2.9623041504353838
34.505897,24,1086.269684,True,False,False,2.9717646691862676,3.1637033661382845
35.98679,32,1086.516526,True,False,False,3.8723367193763236,3.6541711812049984
32.516682,23,1086.68849,True,False,False,2.6599243547408653,2.776283113495759
35.759179,27,1086.896506,True,False,False,3.2767715028570947,3.456278049129216
30.788129,24,1087.080403,True,False,False,2.582828886840893,2.444574868951108
44.117609,43,1087.410166,True,False,False,5.353050151062966,5.178279464931808
30.154311,22,1087.594839,True,False,False,2.467049418780476,2.355428970661983
47.32479,53,1088.003615,True,False,False,6.445445367516287,5.832600991776934
41.466395,39,1088.316384,True,False,False,4.6716617493109,4.480018974576481
49.747702,49,1090.445317,True,False,False,6.144288004906224,6.194905049745545
38.567145,34,1090.697516,True,False,False,4.178385186559478,3.9730251956593063
44.685722,45,1091.026699,True,False,False,5.591222677722565,5.1375308196102685
34.938896,26,1091.228559,True,False,False,3.1763829821684775,3.2784480717077003
28.642648,16,1091.350194,True,False,False,1.9134140172069642,2.023055633703397
36.693468,33,1091.60466,True,False,False,3.9261263619959683,3.681198735287892
-12.204205,22,1091.760914,False,True,False,2.1258678803118407,3.6850989258798736
43.557778,39,1092.072121,True,False,False,4.8585373635497024,4.977102846813159
32.71755,23,1092.254598,True,False,False,2.619708597463698,2.7735586165052006
40.32852,43,1092.592393,True,False,False,5.091168057545073,4.486619359895079
42.905841,42,1092.910568,True,False,False,5.072881428909869,4.883192975734409
31.164694,19,1093.059576,True,False,False,2.3297198747390953,2.494307682422205
43.009692,39,1093.363784,True,False,False,4.8450944494042085,4.825203658220678
33.851014,26,1093.564312,True,False,False,3.0590397569013685,3.1192010257810736
35.107531,28,1093.767618,True,False,False,3.3488922766966285,3.3765794432662624
41.876716,37,1094.0496,True,False,False,4.578281574221844,4.66574109031758
40.221082,35,1096.209646,True,False,False,4.3425218539830475,4.311811452046392
26.980742,12,1096.302552,True,False,False,1.463711037056153,1.6844263828966801
30.486804,22,1096.481911,True,False,False,2.5816255903249274,2.422532068508864
32.256761,21,1096.648312,True,False,False,2.5359028367466325,2.657143673773462
35.484226,27,1096.850932,True,False,False,3.3088365676814746,3.3872070694991447
36.998486,43,1097.177469,True,False,False,4.791623560422112,3.8358201960563294
42.191636,44,1097.528404,True,False,False,5.271730968008806,4.819801832291644
33.650592,25,1097.730549,True,False,False,3.073340649166995,2.946593795237906
38.700561,31,1097.969947,True,False,False,3.882016228714147,3.965161780580563
45.476062,46,1099.137912,True,False,False,5.640913051464869,5.488525345956842
43.288705,49,1099.509118,True,False,False,5.471379073003743,5.215627158375135
34.423349,27,1099.715449,True,False,False,3.2788535446664424,3.167507093859947
34.663088,26,1099.917146,True,False,False,3.146454607608702,3.1534745158371504
38.436079,44,1100.259691,True,False,False,5.11647828131239,4.152584665680623
35.751051,28,1100.466113,True,False,False,3.4144240810699404,3.4197103094053123
36.369279,28,1100.682464,True,False,False,3.379601262017354,3.4567170220827337
29.575734,19,1100.821157,True,False,False,2.1389229260844917,2.2386007701802484
40.727489,35,1103.030856,True,False,False,4.293760408109544,4.311075052382868
46.756582,54,1103.414844,True,False,False,6.232365422627918,5.629242497091393
45.30968,51,1103.815809,True,False,False,6.119919966980026,5.3627152346883245
28.716836,26,1104.012661,True,False,False,2.7763258019199344,2.1594043837238797
-14.355602,14,1104.115052,False,True,False,1.3655450768917674,6.034534346915594
46.063222,45,1104.445813,True,False,False,5.462343441948134,5.3854803662869815
39.907706,35,1104.718512,True,False,False,4.262761184073788,4.287775279484638
39.893996,37,1105.024857,True,False,False,4.45145165382382,4.317768417629654
34.143064,29,1105.249579,True,False,False,3.379784236760808,3.165560350393773
49.286525,53,1105.63586,True,False,False,6.334722536633395,6.116313330111459
43.391832,42,1105.934713,True,False,False,5.0432340802701905,4.9712600092468975
29.352268,18,1106.059152,True,False,False,2.1267525786262422,2.1551696114850682
46.309105,45,1106.368804,True,False,False,5.659170834410343,5.473883239425525
39.093381,36,1106.630152,True,False,False,4.335710519119921,4.200671323137684
33.973542,26,1108.552049,True,False,False,3.095997481240408,2.9950760044339995
35.515084,27,1108.735655,True,False,False,3.297028824812535,3.4070630910825006
39.942002,35,1109.007199,True,False,False,4.245239987447773,4.198049966804808
49.570979,53,1109.376853,True,False,False,6.497315366603214,6.187336691754392
33.394705,23,1109.536383,True,False,False,2.8286692363089276,2.942070113854923
28.223382,20,1109.677316,True,False,False,2.23088756365625,1.9595298115165525
46.581884,47,1110.01585,True,False,False,5.84906012019015,5.506493849662472
33.301321,24,1110.183378,True,False,False,2.9346535282005397,2.9332962159251803
30.574649,20,1110.322146,True,False,False,2.330317656881596,2.380093128954277
41.479221,39,1110.597547,True,False,False,4.857869843463241,4.537899047850218
41.34185,36,1110.858302,True,False,False,4.385531267301906,4.493146792108519
27.081853,12,1110.94712,True,False,False,1.4456755655896922,1.64361777661363
45.595807,47,1111.269994,True,False,False,5.750582834714631,5.472337207207084
38.596295,31,1111.501467,True,False,False,3.851648415271024,3.916625663628139
38.312398,32,1112.74577,True,False,False,3.913430564325806,3.9647556806860744
39.148991,32,1112.986223,True,False,False,4.009295449327727,4.076753205281588
29.209492,20,1115.091624,True,False,False,2.3046488898918085,2.153023945027074
31.258281,20,1115.242295,True,False,False,2.4021306574199364,2.5423728170305515
46.037139,43,1115.563382,True,False,False,5.358220071527939,5.429327720092445
34.381966,29,1115.781522,True,False,False,3.5633707191934447,3.26315825075058
48.573703,48,1116.142384,True,False,False,6.045762979144976,5.903873021591403
27.09112,14,1116.249784,True,False,False,1.6520564368251356,1.8304144428957432
30.196881,22,1116.416963,True,False,False,2.506104712907927,2.5297731747388608
30.583596,22,1116.5817,True,False,False,2.5063838204660116,2.499653642804727
44.490759,50,1116.964796,True,False,False,5.9501718914031265,5.330668562686109
49.174379,49,1117.326181,True,False,False,6.062883818923218,6.024305978019231
50.962709,55,1117.755496,True,False,False,6.682209872149075,6.434219980188606
45.391941,42,1118.050972,True,False,False,5.267808530539034,5.277319132632038
36.96402,30,1118.261644,True,False,False,3.725385826712378,3.693452298746666
34.07936,31,1118.491761,True,False,False,3.4787814335522254,3.126121342992469
37.68271,33,1118.725972,True,False,False,3.9152664335014484,3.8187295340440506
48.494624,56,1121.0441,True,False,False,6.81593049912974,6.101689238546185
30.521612,18,1121.178905,True,False,False,2.1968141642457883,2.3221353185789284
37.176178,36,1121.453653,True,False,False,4.260932681569501,3.8806924846490154
33.742816,27,1121.663651,True,False,False,3.246714890402955,3.153086308571466
37.068636,32,1121.908749,True,False,False,3.898614261854391,3.642459554221465
47.995277,56,1122.324924,True,False,False,6.558569778536255,6.059990301336878
28.069814,17,1122.449737,True,False,False,1.904026975355428,1.949665116171651
39.081557,33,1122.694429,True,False,False,4.077160767637803,4.084879842520685
34.905775,26,1122.889294,True,False,False,3.1279166378325858,3.289346571557414
36.182628,27,1123.088672,True,False,False,3.330961727147402,3.5265754233921185
40.753987,38,1123.375712,True,False,False,4.596839548791916,4.43951164205537
28.983777,17,1123.507044,True,False,False,1.985026406704641,2.099998113705177
47.595096,50,1123.884114,True,False,False,6.262557134884627,5.885760695769098
-17.231565,9,1123.950986,False,True,False,0.7146628070099972,2.7571532429102708
34.087654,25,1124.141114,True,False,False,2.9938685429961063,3.060046533959646
40.134513,39,1124.440748,True,False,False,4.814779033986872,4.329870728016228
28.833487,19,1124.590976,True,False,False,2.166837155525836,2.127145967515082
39.973822,35,1126.845293,True,False,False,4.350062854528597,4.245483602651798
45.933534,46,1127.197615,True,False,False,5.5909239268837645,5.4224882557023335
43.362402,45,1127.55775,True,False,False,5.121584174373696,4.961878652018336
48.507272,50,1127.959215,True,False,False,6.199949542117038,6.01667265500659
32.268609,28,1129.13646,True,False,False,3.1937884610003984,3.0037348737851945
36.422537,28,1129.350778,True,False,False,3.4265965627177026,3.4655357802266535
30.531472,21,1129.513835,True,False,False,2.362192545057625,2.4157719961311135
49.001423,63,1130.01455,True,False,False,7.242348903781617,6.274106207702034
28.116274,17,1130.141635,True,False,False,2.0172225619007795,1.964120678239822
27.444172,15,1130.258274,True,False,False,1.7050217539866825,1.7969168408859628
34.345842,50,1130.635237,True,False,False,5.114854624686226,3.6098782585865368
33.032487,24,1130.82022,True,False,False,2.767005388027978,2.87706573311256
42.12832,37,1131.106323,True,False,False,4.579401431358209,4.659811789073858
34.310304,26,1131.301844,True,False,False,3.142857605185136,3.1543650908580627
32.721928,25,1131.492293,True,False,False,2.920162055090722,2.8142889420490285
54.550539,59,1133.916606,True,False,False,7.354130852570824,7.146611804753027
42.359753,40,1134.221403,True,False,False,4.983235739848753,4.7362652392204
28.950897,22,1134.393529,True,False,False,2.4491295950588063,2.3463368988068236
45.565568,46,1134.746321,True,False,False,5.403925262348939,5.445704200571381
38.702644,32,1134.999679,True,False,False,3.9030197693196462,3.9274094608460555
43.477913,44,1135.328666,True,False,False,5.2455728111581585,4.932313100784689
29.002888,15,1135.439661,True,False,False,1.845548698896889,2.0448854538706436
31.612484,22,1135.607596,True,False,False,2.607472418731466,2.5776725261443874
30.759364,20,1135.757111,True,False,False,2.4254563965031015,2.4585843140203236
45.933461,47,1136.128814,True,False,False,5.6945733290791924,5.467673950801722
39.558552,33,1136.383437,True,False,False,4.046884414561919,4.167499943588152
50.381197,58,1136.81235,True,False,False,6.84628491668866,6.397264406171438
43.926582,42,1137.127457,True,False,False,5.057071732400355,4.979945461174987
35.369279,28,1137.336507,True,False,False,3.4680042506805275,3.474194903800333
40.020781,41,1139.612137,True,False,False,4.907405500365284,4.363921192537684
26.206276,12,1139.704693,True,False,False,1.366550917011204,1.5703540397939366
30.639049,21,1139.871879,True,False,False,2.393188971615499,2.408647962109102
40.134119,35,1140.154054,True,False,False,4.317232322350307,4.328752791860033
45.661751,43,1140.47628,True,False,False,5.353908773628053,5.387485091254935
43.025024,42,1140.789948,True,False,False,5.0947879049387845,4.812726231904888
52.963037,56,1141.215616,True,False,False,6.977158272623223,6.767578080866246
34.782374,25,1141.414254,True,False,False,3.0488249248059796,3.142584872154195
26.542296,17,1141.546857,True,False,False,1.8505645335783245,1.625897297258571
49.718349,52,1141.93492,True,False,False,6.329377716417561,6.22034435931818
49.456424,54,1142.348183,True,False,False,6.610472951431593,6.165152344145073
32.324656,21,1143.572759,True,False,False,2.609224022578361,2.735872841090368
26.545161,12,1143.661315,True,False,False,1.4637110370561521,1.5447916994362358
-11.52344,18,1143.790817,False,True,False,2.126031152138926,3.4364365273761246
47.355742,47,1144.155352,True,False,False,5.816717519702535,5.73500543663551
30.107406,17,1144.287452,True,False,False,2.1001071401240465,2.234131712682888
57.563234,65,1146.517594,True,False,False,8.075036426482418,7.807831461958153
32.648798,23,1146.692684,True,False,False,2.8043685615020166,2.82473461856037
31.020007,19,1146.839502,True,False,False,2.3226410144569822,2.4289196709706316
38.729509,34,1147.094716,True,False,False,4.263853890554882,3.9762925234159647
39.29394,38,1147.376539,True,False,False,4.53235581315108,4.213004781530726
47.483068,51,1147.774568,True,False,False,6.212005978777632,5.899357437921378
30.662129,27,1147.97761,True,False,False,2.8406590072633646,2.4784340147750377
42.729184,42,1148.290168,True,False,False,5.068183539732267,4.839599703040974
34.556207,25,1148.492325,True,False,False,3.1183409050326736,3.1116105417855953
36.333526,27,1148.700805,True,False,False,3.310871718210683,3.5302131099855596
-14.715145,13,1148.799607,False,True,False,1.4237788548695312,2.7442522972870598
35.663156,28,1149.009452,True,False,False,3.3173139198853017,3.3705745437468
36.460099,32,1149.247991,True,False,False,3.7147810962283967,3.801997997695036
36.593296,30,1149.480187,True,False,False,3.5454476748462644,3.6205088287791027
43.983229,41,1149.79733,True,False,False,5.051793699864536,5.0574290309741485
28.840322,17,1149.937206,True,False,False,1.9922166641868144,1.9734867470814366
44.124043,43,1152.135952,True,False,False,5.233313866134695,5.046199161988008
48.268543,52,1152.544488,True,False,False,6.33739557715179,5.95676879939067
44.463654,40,1152.845943,True,False,False,5.013679225298762,5.155219271183405
38.901273,45,1153.186108,True,False,False,5.395781000268592,4.073511217634092
44.771464,43,1153.522616,True,False,False,5.302074981644061,5.19066069162568
40.398309,36,1153.774172,True,False,False,4.387340698547558,4.287674869019999
39.623588,43,1154.071316,True,False,False,4.945952328610746,4.326655206194844
43.530337,40,1154.375074,True,False,False,4.885266039409445,4.965765586074888
26.914503,22,1154.543528,True,False,False,2.4675210168118076,1.8080654916200183
43.402671,45,1154.875335,True,False,False,5.408060401569761,5.075760632739728
44.860463,43,1155.195132,True,False,False,5.226460837357579,5.160837690484296
32.910566,27,1155.39633,True,False,False,3.0408284094893925,2.9453544645333767
29.590261,17,1155.527282,True,False,False,2.100107140124046,2.2465124904578917
36.789444,28,1155.724677,True,False,False,3.486946149482617,3.558829683250196
31.537056,21,1157.844992,True,False,False,2.5498101202748575,2.5394622283938637
35.128408,26,1158.037567,True,False,False,3.128594941578442,3.2993839472376925
38.824535,39,1158.336049,True,False,False,4.459980096257918,4.045730543703716
43.565444,44,1159.60305,True,False,False,5.5216950446215876,5.035025727026804
42.364033,38,1159.888273,True,False,False,4.68898392360445,4.672361464032118
34.325763,26,1160.084616,True,False,False,3.1862062233427513,3.1128126897453523
32.443155,21,1160.240928,True,False,False,2.5820188432936724,2.6750753403164516
32.26369,23,1160.411823,True,False,False,2.801040667676055,2.737883320651607
37.284038,33,1160.658519,True,False,False,3.780175217995278,3.767991615397638
27.719498,18,1160.788811,True,False,False,1.889302129482134,1.8865531464177394
37.158188,47,1161.138904,True,False,False,5.065237452470182,4.0115708432673625
31.981601,21,1161.293841,True,False,False,2.5374298855753383,2.694246796353928
43.556521,40,1161.605416,True,False,False,5.006126131043324,4.93328743843964
52.08389,54,1162.016303,True,False,False,6.694714672419176,6.677998265790405
27.598234,14,1162.123973,True,False,False,1.6142209023971688,1.7731952424899473
31.460515,23,1162.297443,True,False,False,2.6304987524298777,2.582718956872472
49.130196,52,1164.664474,True,False,False,6.244663449164785,6.064484367918461
27.168967,13,1164.762162,True,False,False,1.5262580563920662,1.7197052510536202
29.377238,18,1164.906895,True,False,False,2.170978204519069,2.1709085498818474
43.99272,46,1165.267893,True,False,False,5.550647220426692,5.245568331855348
38.733606,34,1165.532093,True,False,False,3.9872455919475027,3.9929684343100473
33.658751,27,1165.739469,True,False,False,3.1215825359081815,3.023532618005072
44.596461,45,1166.078948,True,False,False,5.488833230035634,5.259927129443395
38.164857,31,1166.311135,True,False,False,3.771505323071821,3.844114635826541
50.056637,55,1166.726338,True,False,False,6.670371097348614,6.237947986848611
40.283207,38,1167.016556,True,False,False,4.483122336192142,4.310192255809454
37.542512,32,1167.26342,True,False,False,3.779745811328235,3.786897150550557
31.931925,23,1167.443055,True,False,False,2.7325972779943295,2.644292281826133
32.292402,26,1167.661113,True,False,False,3.1901280663269596,2.7943025560567607
41.649928,39,1167.95892,True,False,False,4.796360566969214,4.6453029572406805
42.710547,41,1168.27331,True,False,False,5.069357223377232,4.830771990745408
25.329597,17,1170.239891,True,False,False,1.8038455337330441,1.5165661051705053
46.265931,45,1170.579806,True,False,False,5.5754143526707285,5.534770196205203
27.704423,18,1170.715959,True,False,False,2.029289025987061,1.8187650038013443
32.991441,23,1170.882272,True,False,False,2.7145135321736724,2.8380566973991703
43.844006,40,1171.180382,True,False,False,5.006114813230666,5.0481620955572035
30.002701,26,1171.3842,True,False,False,2.738557777454373,2.534218836559291
36.931073,31,1171.621681,True,False,False,3.710973668704809,3.678287167493253
32.062609,29,1171.824928,True,False,False,3.4478270399385575,2.8002368788352534
37.895447,35,1172.089927,True,False,False,4.153060105987304,3.854747088215545
31.208515,22,1172.252561,True,False,False,2.696798679547711,2.5320355467287587
39.50206,36,1172.532037,True,False,False,4.285316499629512,4.176879183041586
44.770232,43,1173.892411,True,False,False,5.142081336766195,5.249794765950282
45.839359,49,1174.256052,True,False,False,5.841928307929802,5.668074726360283
44.475884,42,1174.569301,True,False,False,5.133579118118735,5.091734956537029
29.668398,20,1174.712161,True,False,False,2.3219426204531737,2.1920907943028007
30.33643,17,1174.829282,True,False,False,2.100107140124047,2.3474138985293296
48.868133,48,1177.065208,True,False,False,6.031288326379402,5.948479266326934
33.894851,26,1177.257748,True,False,False,3.080179182114499,3.0528928808014224
49.778093,53,1177.667839,True,False,False,6.619825457885053,6.330400804842787
42.455689,52,1178.05304,True,False,False,5.674819836771323,4.937547888284569
44.7725,44,1178.387465,True,False,False,5.285298332672588,5.23755803274726
40.352889,35,1178.646984,True,False,False,4.2334046917059185,4.352170046669059
31.866611,21,1178.802671,True,False,False,2.506756994998334,2.6657339618380833
35.150084,30,1179.027053,True,False,False,3.6775345307609184,3.3262796991225696
34.964784,29,1179.245555,True,False,False,3.4600180682278685,3.4535353170556493
35.510627,32,1179.485741,True,False,False,3.589797322877055,3.442713427319008
51.632181,53,1179.896734,True,False,False,6.60251789486858,6.560488451655387
36.309657,32,1180.154236,True,False,False,3.83114104077556,3.57455013215415
30.05142,17,1180.279232,True,False,False,2.1001071401240465,2.224292699222913
48.713919,46,1180.618766,True,False,False,5.791204537917823,5.989839323913575
40.958957,41,1182.727826,True,False,False,4.864499102312263,4.547711438967612
39.626798,41,1183.048857,True,False,False,4.743675663642209,4.232195126936438
36.322855,27,1183.251355,True,False,False,3.3468908309714562,3.5378373330614243
35.027438,29,1183.474064,True,False,False,3.3257892868048637,3.342205766810155
42.411732,40,1183.773098,True,False,False,4.81650552130894,4.751036496004522
28.473941,15,1183.88896,True,False,False,1.8406372284944654,1.913852478651686
32.147064,21,1184.04685,True,False,False,2.5893236965434103,2.6654999431815614
27.475724,13,1184.142769,True,False,False,1.5383085260509355,1.8185013293839456
37.465613,30,1184.371371,True,False,False,3.754737008100569,3.7384844248664186
35.752571,26,1184.568615,True,False,False,3.2089357132290455,3.382151203196564
45.406921,50,1184.940382,True,False,False,6.087030094348891,5.476921205125295
31.519632,21,1185.101073,True,False,False,2.549810120274859,2.6215420241612724
45.162782,44,1185.433397,True,False,False,5.441569633457502,5.288549882537233
45.579201,54,1185.836556,True,False,False,6.475183932935893,5.488751573324187
38.760984,34,1186.095473,True,False,False,4.1069262747893145,4.003204663103561
31.92406,22,1186.2602,True,False,False,2.502711044825027,2.7118515224139106
42.466322,37,1188.556301,True,False,False,4.607004394695203,4.756938367992639
35.780836,28,1188.769636,True,False,False,3.4168102352501126,3.4201029167673305
43.862082,42,1189.923467,True,False,False,5.198486934405006,5.08661948978958
41.224338,38,1190.217334,True,False,False,4.595718874259269,4.501768873165779
35.548493,29,1190.442374,True,False,False,3.4415893035927083,3.3751332425240554
44.924203,47,1190.805666,True,False,False,5.70599560891217,5.342141182143236
50.903033,54,1191.228068,True,False,False,6.719056552654219,6.4628052328875
42.980646,44,1191.567766,True,False,False,5.206703894970096,4.9976494661823265
29.432929,17,1191.697039,True,False,False,2.0234629582114207,2.130030709937104
47.304265,48,1192.079996,True,False,False,5.81383880785132,5.733773545896497
46.791066,49,1192.459121,True,False,False,5.903023703887765,5.612044373734934
29.064243,42,1192.778012,True,False,False,3.8706068056878933,2.646956673908827
28.891629,16,1192.903255,True,False,False,1.8788672774184085,2.0493027646311885
39.262744,37,1193.189395,True,False,False,4.4318165923528285,4.144134284005249
29.977468,18,1195.190353,True,False,False,2.1636471035861424,2.279253715845931
40.831588,34,1195.4406,True,False,False,4.233284188579752,4.4118872994504486
27.231615,14,1195.548237,True,False,False,1.6618613220647545,1.6933653814082437
41.559889,39,1195.836,True,False,False,4.694243564169432,4.620070847514399
50.218446,54,1196.247479,True,False,False,6.6812569595839495,6.387354228584268
38.452993,35,1196.496575,True,False,False,4.282391264584711,3.9511298476633065
27.546766,13,1196.595277,True,False,False,1.5909902576697328,1.7353259610911818
32.436312,27,1196.79799,True,False,False,3.1739624368204264,2.9710675577336123
39.591419,43,1197.120049,True,False,False,4.9943404186195295,4.472632430832385
26.153282,12,1197.208881,True,False,False,1.3678447662042006,1.5210076368468066
45.009674,51,1197.607686,True,False,False,6.101603419219512,5.463722612431735
34.000661,29,1197.824474,True,False,False,3.574309455667568,3.113919668256169
37.69958,34,1198.089357,True,False,False,4.023886527070889,3.815666462776362
39.494407,35,1198.347952,True,False,False,4.391133111168461,4.106840635972427
47.429001,47,1198.712165,True,False,False,5.8109179070814605,5.798436198073228
44.291919,42,1199.034764,True,False,False,5.1685516619020255,5.115309196986801
35.299116,26,1201.208746,True,False,False,3.245620125646254,3.2829193223334237
32.721897,23,1201.390036,True,False,False,2.8043685615020144,2.7487230489626167
32.102327,20,1201.544723,True,False,False,2.481944801964782,2.6997163176682584
46.107637,50,1201.939206,True,False,False,5.731212535271474,5.49254901041502
42.757243,40,1202.225678,True,False,False,4.825472711823763,4.786533437689582
31.89826,22,1202.395639,True,False,False,2.671793037933119,2.639856949629066
28.484214,17,1202.536312,True,False,False,1.9182281210170207,1.9645008253495604
32.08269,24,1202.728767,True,False,False,2.795750464761349,2.716928243724302
37.222901,32,1202.971547,True,False,False,3.6562943203317846,3.7077658872301402
39.958894,35,1204.371604,True,False,False,4.317930666852052,4.2355671828802866
29.897134,22,1204.540654,True,False,False,2.720681396408503,2.411080092479527
43.833244,44,1204.88135,True,False,False,5.29813379061342,5.034734423448089
27.091075,15,1204.997462,True,False,False,1.7891405426783318,1.7871892618983884
37.608346,31,1205.230118,True,False,False,3.701749314150575,3.7873150938200086
33.566757,25,1205.43125,True,False,False,2.9093258435714913,3.000875684873511
34.113027,25,1205.624185,True,False,False,3.0363096011607937,3.016076627880164
41.054234,46,1205.974349,True,False,False,5.215380619199722,4.601035809406442
37.148829,34,1208.111794,True,False,False,3.9560006196077255,3.693156260323894
47.923749,46,1208.48077,True,False,False,5.7373828757419565,5.788263082749808
33.047229,25,1208.694682,True,False,False,2.9925019387728176,2.9109576090631046
39.226996,34,1208.97839,True,False,False,4.2638538905548815,4.173698986578736
41.917689,40,1209.272762,True,False,False,4.902438835225492,4.644375199828757
46.326266,48,1209.626398,True,False,False,5.856949263994127,5.642834390520427
28.699554,16,1209.752145,True,False,False,1.8490257761557003,1.967880089768858
33.381713,26,1209.958719,True,False,False,3.169769697301073,3.14183601754649
33.615786,30,1210.196995,True,False,False,3.350726932954843,3.168355759175868
31.888082,24,1210.383225,True,False,False,2.7847290131365976,2.6875888444308504
36.095576,33,1210.639567,True,False,False,4.056471391036934,3.58621540318418
35.072207,28,1210.856689,True,False,False,3.347821079849414,3.2870603917356833
47.149917,50,1211.225538,True,False,False,5.819494640031724,5.745574111473689
34.218948,25,1211.414793,True,False,False,3.0462256638988285,3.014771091580187
53.41456,63,1211.91124,True,False,False,7.684368892511193,7.1113167336257375
49.617224,51,1214.159405,True,False,False,6.263262941210237,6.0995776668409
43.850204,44,1214.498382,True,False,False,5.347344082567167,5.006615027270749
31.882415,22,1214.670533,True,False,False,2.6770893408884366,2.6289880207440866
40.210209,35,1214.928301,True,False,False,4.25817797001199,4.230778366056861
32.874951,23,1215.09679,True,False,False,2.7268654157625165,2.8145608598558227
45.721945,44,1215.425728,True,False,False,5.424977760465842,5.370636138905462
45.683366,44,1215.753808,True,False,False,5.411867590999997,5.383734834665368
41.512346,40,1216.048116,True,False,False,4.7019305880968245,4.5557214955964245
52.977841,56,1216.47719,True,False,False,6.915316417680748,6.8439290930537116
48.343918,53,1216.880519,True,False,False,6.336997247013013,6.062016673576047
32.238424,23,1217.043445,True,False,False,2.7274395628179904,2.7808269893898
41.71596,37,1217.31604,True,False,False,4.592546991608289,4.590897603349462
32.40287,22,1217.490179,True,False,False,2.604018965282062,2.705957392819125
26.904331,15,1217.616068,True,False,False,1.630253041857118,1.7106559007216837
45.463315,45,1220.855048,True,False,False,5.362005667172784,5.318973487185508
33.392873,23,1221.028986,True,False,False,2.7767206493686625,2.906142214473725
42.059485,38,1221.299429,True,False,False,4.601502953161857,4.690109475776482
54.820719,70,1221.801898,True,False,False,8.238001800697942,7.511043034149159
50.784489,56,1222.205664,True,False,False,6.896199029629687,6.5979457108450195
41.496104,41,1222.536878,True,False,False,5.068775085939996,4.60074541970122
29.125613,17,1222.669343,True,False,False,2.00203894062259,2.1539220776450976
33.944482,24,1222.840111,True,False,False,2.9744597482927992,3.04299183320323
31.431217,20,1222.991869,True,False,False,2.455149613407505,2.5361019055491565
28.36713,17,1223.124295,True,False,False,1.9280404917917213,1.9275667369292129
41.994501,38,1223.40984,True,False,False,4.628641715869781,4.605222388580095
47.485526,47,1223.766233,True,False,False,5.66838487960907,5.793904455281895
34.379403,26,1223.955007,True,False,False,3.1862062233427513,3.1623969736386024
38.506231,36,1224.240891,True,False,False,4.404648934751712,3.964692029135953
39.977427,35,1226.627589,True,False,False,4.326788717477508,4.200924511267981
38.10102,32,1226.894981,True,False,False,3.871386478972349,3.8667750160751777
45.368396,42,1227.262304,True,False,False,5.247909447580175,5.3757921360631915
27.52789,14,1227.386534,True,False,False,1.6588555759798074,1.8285782692890349
34.84385,27,1227.65151,True,False,False,3.2998071925718744,3.216532616709408
33.766604,24,1227.894968,True,False,False,2.901152620270128,2.9636874934269337
41.038063,37,1228.206607,True,False,False,4.554913060054468,4.47129858699889
28.965428,16,1228.343477,True,False,False,1.9134140172069642,2.0682911160930915
30.809157,20,1228.505032,True,False,False,2.3532547358879428,2.3700678485246423
47.007979,50,1228.902144,True,False,False,6.149144343987722,5.676141370459582
41.004699,34,1229.215236,True,False,False,4.263853890554885,4.406254000133923
42.065451,40,1229.553565,True,False,False,4.945217743670777,4.821244088702006
44.091865,44,1229.946373,True,False,False,5.387635253129996,5.069814377113799
43.921494,43,1230.306003,True,False,False,5.243839859619562,5.06609110291863
37.809517,31,1230.556642,True,False,False,3.7611451460266694,3.8533905348592263
46.298942,49,1233.381843,True,False,False,5.862430500617021,5.703913895305026
50.260172,53,1233.816898,True,False,False,6.624616812211074,6.405386818679548
43.311196,42,1234.236461,True,False,False,5.1371095377522495,4.937068638953376
27.73103,15,1234.38649,True,False,False,1.7460580259398746,1.8539474785183923
53.116734,57,1234.920962,True,False,False,7.050461105774937,6.844690800383258
30.024533,22,1235.106984,True,False,False,2.631712759435346,2.3043102331588425
47.434312,53,1236.3764,True,False,False,6.2024649528074365,5.856515667624027
47.90803,48,1236.756694,True,False,False,5.858985766194148,5.817663679350363
27.864758,15,1236.88676,True,False,False,1.7861347965933856,1.870473090014005
26.994971,16,1237.041754,True,False,False,1.8533357924238194,1.6796785857237968
43.111573,40,1237.400973,True,False,False,4.731131865398777,4.82115674568961
34.62774,24,1237.635106,True,False,False,2.9609911390512167,3.1441417969407235
26.757926,16,1237.775551,True,False,False,1.8475157003852047,1.6719175288988013
30.443194,19,1237.917519,True,False,False,2.267407874072928,2.3381233437041335
26.287,13,1238.004525,True,False,False,1.3927314099034398,1.573806649931399
33.154288,23,1238.217242,True,False,False,2.8255215406597163,2.873191925038117
49.099609,50,1238.625633,True,False,False,6.090311721549886,6.092504394067561
27.854545,14,1240.737942,True,False,False,1.6574317381567452,1.776146212130393
38.109911,34,1241.002614,True,False,False,4.159094449325706,3.9417319248528013
45.78066,48,1241.387598,True,False,False,5.917890929090979,5.458817835041711
27.161988,14,1241.512335,True,False,False,1.5594931889544346,1.7534827563421993
36.530389,30,1241.74929,True,False,False,3.5859062220224174,3.580420664317779
33.839589,24,1241.931833,True,False,False,2.943328167374527,3.0347728019610396
43.476131,39,1242.225256,True,False,False,4.8778795023578425,4.93082191421078
33.900819,26,1242.423259,True,False,False,3.083417581687136,3.0680203242854662
36.01354,26,1242.626726,True,False,False,3.245620125646254,3.4767807534613273
28.9931,16,1242.759352,True,False,False,1.8865582784056318,2.021322643430425
41.51595,39,1243.117414,True,False,False,4.683997659694811,4.62550396174438
38.762096,34,1243.394774,True,False,False,4.041780021213988,4.029562345399197
30.767204,23,1243.61354,True,False,False,2.6494972448934506,2.43894702508213
29.95535,22,1243.785691,True,False,False,2.6842279734274586,2.2378976670368242
44.915077,44,1244.172573,True,False,False,5.532096969422359,5.165495932445616
40.62778,35,1244.482169,True,False,False,4.309494938844736,4.366064839557187
29.781242,17,1244.613755,True,False,False,2.040693237820544,2.2659524179725845
43.84315,40,1247.017934,True,False,False,4.911127422267753,5.032524654084372
40.761058,36,1247.313211,True,False,False,4.382597689404804,4.402214025118558
33.361845,24,1247.495986,True,False,False,2.9417723381282928,2.9866582013695053
45.533226,49,1247.869092,True,False,False,5.700539070102127,5.5237596485554015
32.471096,27,1248.075702,True,False,False,3.1583137462061766,2.8255952267684927
39.902641,35,1248.336322,True,False,False,4.285716282580852,4.24813889899786
30.850862,20,1248.490441,True,False,False,2.388698180262628,2.4243315354197974
36.001732,29,1248.706699,True,False,False,3.5636045519055926,3.411755013532292
43.633344,40,1249.02368,True,False,False,5.005788144028418,5.0693295877163385
40.071672,36,1249.298575,True,False,False,4.332021694676869,4.281831089342529
38.076549,39,1249.595,True,False,False,4.701770173728501,4.204756360975579
34.556607,26,1249.793337,True,False,False,3.0943381950303146,3.1796146479334353
36.942691,29,1250.016707,True,False,False,3.569543910642769,3.6048438492224957
31.186003,21,1250.175742,True,False,False,2.400760169102552,2.515359635073119
34.996302,27,1251.3701,True,False,False,3.2196435061657667,3.2274442475907645
30.355386,18,1251.511327,True,False,False,2.2194490554647484,2.364233118513979
36.144543,30,1251.743724,True,False,False,3.6221975100971315,3.5031357801941936
41.811856,37,1254.003529,True,False,False,4.6139855493185085,4.592601207961261
-9.419486,23,1254.176604,False,True,False,2.705123055231154,3.2618713324087714
30.151865,21,1254.337221,True,False,False,2.216108695603163,2.3468778375040786
45.989013,47,1254.710983,True,False,False,5.767685720679495,5.463915393996282
38.777898,33,1254.96034,True,False,False,4.030277452949633,3.971831846795375
29.386704,21,1255.117113,True,False,False,2.2940165919166926,2.2192125958967543
35.369812,28,1255.342486,True,False,False,3.4343536596681314,3.365413194914259
28.807175,17,1255.470497,True,False,False,2.0835388334438862,2.253380338574935
30.727228,21,1255.678512,True,False,False,2.57072875723167,2.4457511546934247
27.801862,15,1255.808712,True,False,False,1.8218908686645572,1.8093764927309954
-16.420662,8,1255.870749,False,True,False,0.9263629532895576,4.273898626980363
33.251171,24,1256.091111,True,False,False,2.811667421220188,2.835340272019353
32.887844,26,1256.32349,True,False,False,3.085306718626533,2.8348635701713896
38.902738,35,1256.622529,True,False,False,4.0167193663833665,4.018115424438812
29.801982,20,1256.766847,True,False,False,2.3183638576196377,2.1908426154134264
38.822632,31,1257.015001,True,False,False,3.8456046985904493,4.000940594489357
48.585501,52,1257.440934,True,False,False,6.251687579676248,6.011291574982544
33.020702,29,1257.67952,True,False,False,3.333096724668088,2.972724881645891
46.575439,45,1260.069999,True,False,False,5.442979314776865,5.513106772921142
39.033675,37,1260.344098,True,False,False,4.463866929819615,4.275806435586042
44.522797,43,1260.709816,True,False,False,5.2016478145386325,5.172947065173428
30.767965,19,1260.863676,True,False,False,2.318440494587676,2.343608815320484
42.359364,38,1261.193352,True,False,False,4.76417830828417,4.669177277266999
32.10045,23,1261.375595,True,False,False,2.694897187593238,2.73488271377871
27.839243,23,1261.554504,True,False,False,2.5513924795980127,1.8708369434857737
48.718727,54,1261.97676,True,False,False,6.378985981513587,6.045333980936464
34.358841,32,1262.224085,True,False,False,3.4073054532447653,3.395667777812989
41.849637,38,1262.515373,True,False,False,4.6721342879038605,4.6941637099696365
47.496056,46,1262.871217,True,False,False,5.681457526299106,5.776292535417465
54.447489,59,1263.290943,True,False,False,7.2586993974905045,7.197013016587748
39.559907,33,1263.514861,True,False,False,4.109128277155182,4.206752685307445
29.624337,20,1263.657438,True,False,False,2.3388894795057316,2.3164535314366668
31.763242,21,1263.805187,True,False,False,2.6092240225783607,2.6460650043447984
47.731927,52,1266.252674,True,False,False,6.4415808928010785,5.769623323770196
47.372553,49,1266.635471,True,False,False,5.91268846435499,5.74873435015506
43.508297,40,1266.959002,True,False,False,5.02206220163237,4.934760024537931
39.120029,32,1267.180874,True,False,False,3.989335719995463,4.116015863082498
27.363007,17,1268.243552,True,False,False,1.9034788890026548,1.816984208701465
44.16713,43,1268.58983,True,False,False,5.262830571681394,5.135451709170115
28.697799,15,1268.706923,True,False,False,1.8455486988968894,1.9874215523741374
37.320038,32,1268.94923,True,False,False,3.9864228655083243,3.7063963652406486
36.495684,33,1269.194654,True,False,False,3.822370057510357,3.656376301413584
41.362486,37,1269.485959,True,False,False,4.572584979956065,4.503259118184004
26.362126,13,1269.589998,True,False,False,1.5167155960310934,1.5150616761966387
27.370657,16,1269.70053,True,False,False,1.7469494256262077,1.7287622991150522
49.408328,51,1270.061306,True,False,False,6.4276006409857125,6.113244418468758
44.225901,43,1270.38011,True,False,False,5.171749271562535,5.13791987213666
32.785822,23,1270.549539,True,False,False,2.758768934450885,2.856590684862269
39.214311,39,1272.920442,True,False,False,4.632296999482236,4.291747589199226
40.801242,41,1273.273977,True,False,False,4.826837594802712,4.5167603004164025
29.346134,17,1273.405457,True,False,False,2.043698983905489,2.1345366331527256
39.263684,35,1273.693638,True,False,False,4.239195307563596,4.045698770384528
36.712344,28,1273.943767,True,False,False,3.489905097205983,3.5613695458439274
34.327407,25,1274.133821,True,False,False,2.99342392016986,3.0665616770970665
40.035853,35,1274.410115,True,False,False,4.316287130407682,4.242056292722087
35.604917,26,1274.614847,True,False,False,3.245620125646254,3.328925008288781
26.950192,12,1274.71032,True,False,False,1.437488850853243,1.6458112892445156
26.829624,12,1274.801139,True,False,False,1.4600131703838417,1.6636902212683071
31.45837,24,1274.986871,True,False,False,2.8165199394557487,2.5897750693496713
45.065163,44,1275.295448,True,False,False,5.482729684307539,5.30078899034222
38.30177,32,1275.540281,True,False,False,3.9498815470242232,3.8987450878797483
42.119864,41,1275.829582,True,False,False,4.884104677448814,4.734708873298565
41.301713,38,1276.113753,True,False,False,4.585915165178081,4.56244435453072
47.72232,54,1276.559745,True,False,False,6.447738494232531,5.988897863823148
28.355107,21,1276.723419,True,False,False,2.259683794167876,2.05733761077389
28.159401,15,1276.836927,True,False,False,1.7861347965933883,1.912037895705327
58.893415,66,1279.313882,True,False,False,8.1844104705387,8.027752233942262
34.846995,28,1279.522146,True,False,False,3.408138442986346,3.354567661895709
36.353215,35,1279.785473,True,False,False,4.282517919597769,3.7174140432575395
30.28514,19,1279.916529,True,False,False,2.284168105087089,2.2946549690724036
44.399662,42,1280.231858,True,False,False,5.195420443196574,5.176284895825154
41.670335,37,1280.510364,True,False,False,4.587554619758054,4.59662590431434
47.141843,52,1280.904802,True,False,False,6.186514424613832,5.952214586262632
36.428459,28,1281.110007,True,False,False,3.424173200495391,3.5564315082558355
43.119297,44,1281.391072,True,False,False,5.216997868723392,5.006722018686512
29.499068,21,1281.533989,True,False,False,2.3967302906814143,2.2315560259349025
34.537227,24,1281.704232,True,False,False,2.9910616844190976,3.200350282569536
32.410003,23,1282.612301,True,False,False,2.863782463805519,2.764070375348693
37.537899,30,1282.841804,True,False,False,3.6371131091214006,3.7390194167580133
42.113405,38,1283.136891,True,False,False,4.691848530800197,4.72742659485505
30.911718,27,1283.33986,True,False,False,3.1638974665008663,2.6438137268373745
38.448174,50,1285.630949,True,False,False,5.493835158706664,4.397293543769529
43.902818,40,1285.930163,True,False,False,4.947585612884988,5.026005304464741
37.146658,30,1286.166871,True,False,False,3.6953231057970655,3.740127431676378
40.164161,39,1286.512281,True,False,False,4.779693563893186,4.452753720576336
29.844116,19,1286.654267,True,False,False,2.2497813450878588,2.221561940121803
47.751823,48,1287.021502,True,False,False,5.927037795399117,5.769647156922438
37.412196,33,1287.23959,True,False,False,3.941632275463138,3.7707087945169864
38.672071,33,1287.509486,True,False,False,3.948143842778604,3.9890470635872357
38.543215,47,1287.913204,True,False,False,5.175264960195272,4.237867023997181
36.987254,34,1288.159072,True,False,False,4.020664508272587,3.7421136457965885
39.724436,34,1288.436686,True,False,False,4.204439988251381,4.174862979292739
31.415669,20,1288.584213,True,False,False,2.4117922680617405,2.472209294112213
38.485899,32,1288.838479,True,False,False,3.9498815470242237,3.9141101154530493
36.794495,33,1289.074393,True,False,False,3.988740876883523,3.737464271259468
41.132774,38,1291.33954,True,False,False,4.477703922419551,4.530709393357517
58.524947,70,1291.87048,True,False,False,8.504595781872757,8.0358465049521
28.126995,19,1292.008907,True,False,False,2.1524536977386775,1.9796180928547573
36.973601,36,1292.260707,True,False,False,4.456228642451343,3.911386468077597
43.979668,44,1292.601751,True,False,False,5.436012314579278,5.24051707577456
45.776428,42,1292.907784,True,False,False,5.240792868832084,5.3448069771120394
30.305982,21,1293.072268,True,False,False,2.4545306667797995,2.3305487361821973
33.235539,25,1293.27405,True,False,False,2.942449803649365,2.9001337251010804
28.206338,15,1293.390175,True,False,False,1.786134796593386,1.8529129015767247
35.215016,27,1293.592896,True,False,False,3.3116005955361225,3.363936750270624
30.299879,20,1293.748778,True,False,False,2.41441449125243,2.315076238807312
34.853984,26,1293.943139,True,False,False,3.1647053916826233,3.270204469358445
47.542351,49,1294.307402,True,False,False,5.998776937468964,5.778770814114039
28.635088,16,1294.432359,True,False,False,1.8492204493240758,1.9988447682840782
26.46267,11,1294.517143,True,False,False,1.336431816442575,1.5061480315661073
29.455815,18,1294.658493,True,False,False,2.1868422492546338,2.1317735294972513
31.649326,19,1294.803196,True,False,False,2.3546655813512043,2.5044609680674066
33.884649,30,1295.017149,True,False,False,3.527968091977968,3.1330075214151103
48.542013,48,1297.196261,True,False,False,6.0341674868383866,5.889213429859881
29.503622,17,1297.321423,True,False,False,2.1001071401240474,2.1599215960003746
43.896596,45,1297.662161,True,False,False,5.35653619951779,5.003505516777543
49.422785,55,1298.809888,True,False,False,6.563730387106249,6.222398466782439
29.740011,16,1298.922576,True,False,False,1.9728279195104668,2.113646395749209
32.390043,21,1299.082154,True,False,False,2.549810120274857,2.698650453253815
46.716942,46,1299.448753,True,False,False,5.590909074044422,5.640939382091644
38.530092,32,1299.70574,True,False,False,3.9479684214985156,4.001563684251237
34.327646,26,1299.914812,True,False,False,3.2365397832914695,3.1695368652943134
28.356944,18,1300.060752,True,False,False,2.0973244506789763,1.9672947516981463
40.894499,40,1300.369927,True,False,False,4.68182205245937,4.57653377679631
56.992856,63,1300.845491,True,False,False,7.835550899890527,7.567238274154044
26.626367,14,1300.953652,True,False,False,1.5659781333461824,1.6536966076055255
34.218883,26,1301.141699,True,False,False,3.0772740660813933,3.0704303304235907
45.2418,44,1301.476526,True,False,False,5.471284457124,5.292594515925993
33.116992,27,1303.698076,True,False,False,3.24092497064544,3.096236027940888
28.334189,18,1303.833347,True,False,False,2.078211089469236,1.9673534514885564
49.081488,50,1304.226358,True,False,False,6.23813828788397,5.975957555603172
39.45633,34,1304.483416,True,False,False,4.238012242550701,4.207711646294461
30.796681,19,1304.623765,True,False,False,2.2832661954679856,2.4652172716411758
42.31717,39,1304.911242,True,False,False,4.765933171415749,4.717663974239219
36.271109,28,1305.126805,True,False,False,3.363187209006397,3.545838275371684
43.259453,39,1305.433115,True,False,False,4.836705406875389,4.903496663073407
36.897471,28,1305.638857,True,False,False,3.4770182491661323,3.5947838801197447
44.304417,41,1305.935956,True,False,False,5.095394532546429,5.06903389633067
45.10999,43,1306.245939,True,False,False,5.315539116098358,5.237594299502724
32.410584,25,1306.427092,True,False,False,3.078797006977562,2.9273519427936394
38.242663,31,1306.655349,True,False,False,3.8172256220898015,3.8782370646047437
37.097328,34,1306.905254,True,False,False,4.173685608872176,3.881099993581779
54.246926,55,1307.309408,True,False,False,6.925659177100842,6.989268378145916
42.729498,45,1309.54679,True,False,False,5.480436428788798,4.875175526976348
30.636307,22,1309.712512,True,False,False,2.5326125903718646,2.4060877888296845
43.89297,43,1310.037502,True,False,False,5.2889043472068655,5.0780790864352685
29.045695,19,1310.176592,True,False,False,2.1970256664593593,2.0988209400567883
29.375138,16,1310.298984,True,False,False,1.9478308324266371,2.1775025864408746
36.589861,29,1310.519142,True,False,False,3.53322726773734,3.5615857787995435
43.536505,42,1310.841623,True,False,False,5.241150738479247,4.97229082364928
35.185796,32,1311.084346,True,False,False,3.7147048120855666,3.419657239746225
41.518262,35,1311.339424,True,False,False,4.39113311116846,4.501921365576503
38.362245,34,1311.590601,True,False,False,4.009699539685304,3.938382152202395
27.207862,14,1311.696319,True,False,False,1.6583995221026742,1.7697686867419935
49.811867,52,1313.003263,True,False,False,6.470069324652644,6.227726603200108
39.230954,36,1313.272133,True,False,False,4.348872368728757,4.13320753579417
44.959485,44,1313.614339,True,False,False,5.464507527605013,5.272721080782232
40.807764,38,1313.898108,True,False,False,4.346741135813002,4.408352890527513
-15.603475,12,1313.986717,False,True,False,1.1156099259587082,2.3111582477724397
42.290302,37,1316.244328,True,False,False,4.642131373489513,4.714499770880324
40.596998,35,1316.5085,True,False,False,4.2949803459283515,4.405823609191433
35.295082,27,1316.714654,True,False,False,3.264984502189687,3.319549773549559
55.276069,63,1317.194591,True,False,False,7.8264743046437975,7.310095491024297
45.309521,42,1317.52956,True,False,False,5.212907854123919,5.221136501064639
42.873472,38,1317.835539,True,False,False,4.65653947312349,4.7678568330939735
36.723515,30,1318.073705,True,False,False,3.7547370081005695,3.6534698217064734
43.904351,40,1318.38465,True,False,False,4.9697833206707624,5.0002058154870195
46.062003,51,1318.765221,True,False,False,6.215552810529268,5.545350694439714
39.338779,36,1319.039365,True,False,False,4.357033730129125,4.2539332024638
35.557446,33,1319.283973,True,False,False,3.869998965312015,3.524014512405297
51.329903,53,1319.690974,True,False,False,6.616708131119565,6.439000328039357
42.275237,44,1322.07348,True,False,False,5.291339285098304,4.826944905631479
40.609325,40,1322.383632,True,False,False,4.624894762377508,4.4478665836901445
38.899449,33,1322.654221,True,False,False,4.070363782756276,4.069816149679624
45.101779,44,1322.989022,True,False,False,5.41510074624977,5.207546569174375
41.262084,46,1323.343778,True,False,False,5.5520484571046005,4.728775135516127
29.8537,28,1323.559908,True,False,False,3.4050368116910947,2.4424786774571388
29.486433,20,1323.711053,True,False,False,2.1905750300178317,2.2410047000819597
32.127578,35,1323.967484,True,False,False,4.050277713612707,2.7766974146865597
37.761257,35,1324.226549,True,False,False,4.187414731740755,3.825182419684924
42.787514,41,1324.524113,True,False,False,5.011713538514661,4.841088860869522
28.008572,14,1324.627809,True,False,False,1.71826947828331,1.8622720172067
30.35815,20,1324.75886,True,False,False,2.29955869305882,2.3468946164494824
31.314365,20,1324.906555,True,False,False,2.437424436222854,2.5155113869323995
28.218263,14,1324.995445,True,False,False,1.7182694782833092,1.8341972703330698
37.981292,36,1325.268305,True,False,False,4.274605964992101,4.018956040757835
32.129255,20,1325.417319,True,False,False,2.477311958512648,2.627171851222485
35.785924,28,1325.635292,True,False,False,3.49201736360264,3.3531705435057146
39.63937,41,1327.837464,True,False,False,4.7980903653725395,4.3061846585049555
36.153983,30,1328.057514,True,False,False,3.611407166671067,3.4672170037799606
31.306325,20,1329.161532,True,False,False,2.4225308996612784,2.543505516999066
40.350736,40,1329.476925,True,False,False,4.85870946447096,4.530610794633482
44.051741,44,1329.805887,True,False,False,5.29659554920399,5.087729311936981
31.321226,26,1330.016159,True,False,False,2.79690903117152,2.5943648660308294
31.774214,46,1330.380963,True,False,False,4.6524297862243715,3.265921480028607
32.83211,23,1330.561331,True,False,False,2.803256610393483,2.8196760964197547
29.7871,18,1330.701982,True,False,False,2.2273863607376256,2.1377216469625453
44.171552,42,1331.026968,True,False,False,5.161153612695008,5.228534895222948
51.616114,54,1331.430737,True,False,False,6.613808729280488,6.573783616466608
36.68347,30,1331.661054,True,False,False,3.5442036857570725,3.542696369539811
42.712053,43,1331.986674,True,False,False,5.27798601795705,4.898672183893859
38.867049,31,1332.222183,True,False,False,3.8820162287141478,4.0257055066579035
32.90536,23,1332.398691,True,False,False,2.859281524620169,2.8390422040771703
37.592942,31,1332.630301,True,False,False,3.8447646200148835,3.7204313582518123
36.173428,36,1334.803554,True,False,False,4.195297627431343,3.6837229964431697
43.096298,43,1335.123448,True,False,False,5.256442983322052,4.931915734865217
33.479358,27,1335.323634,True,False,False,3.0491263826065773,2.9333963565370245
44.543483,45,1335.675854,True,False,False,5.518340021939934,5.273547869166188
37.22807,35,1335.932875,True,False,False,4.109152973116496,3.741487569922608
33.859888,27,1336.140851,True,False,False,3.1884326080704293,3.040589244190059
33.497821,25,1336.319693,True,False,False,3.0259310384714664,3.0433086771446365
42.611726,39,1336.617805,True,False,False,4.893795771745579,4.805817571521731
43.110347,43,1336.948686,True,False,False,5.2604406180807555,5.139811883697369
26.644175,11,1337.033997,True,False,False,1.3364318164425748,1.5069650979746922
30.921271,18,1337.16658,True,False,False,2.227386360737624,2.4710311025406475
40.98875,36,1337.457851,True,False,False,4.377311943978097,4.499963589699074
-14.671429,13,1337.564742,False,True,False,1.3111284583359932,2.65215427912314
28.007459,17,1337.70141,True,False,False,1.8504351813748834,1.8554894944367304
33.598648,25,1337.883923,True,False,False,3.052622269645777,2.9876977808665193
45.2097,43,1338.215845,True,False,False,5.267446552600872,5.2910851450910075
46.567876,46,1340.439163,True,False,False,5.779984498209809,5.598952472389769
29.597102,16,1340.558282,True,False,False,1.9728279195104679,2.190069347515774
37.604013,37,1340.832593,True,False,False,4.2466040586043325,3.8357572297986215
41.22762,37,1341.099158,True,False,False,4.5051754859260855,4.523870426914466
34.114883,25,1341.28944,True,False,False,3.0792056710686797,3.056803591552043
47.167359,49,1341.669359,True,False,False,5.977194272298754,5.734763534577841
44.326701,41,1341.99176,True,False,False,5.121344778746421,5.162845746964357
45.174539,50,1342.368049,True,False,False,6.139623631334784,5.432142883943603
36.124595,35,1343.592859,True,False,False,3.926936954473013,3.804030162284424
33.843219,26,1343.789997,True,False,False,3.1761834360898424,3.048110052815927
36.564968,28,1344.000582,True,False,False,3.4437704106548557,3.5287602292237312
34.680192,25,1344.194979,True,False,False,3.024347904073543,3.1559725808489207
32.154609,21,1344.357248,True,False,False,2.5396745816731356,2.6066534232989578
30.865947,21,1344.513335,True,False,False,2.4906924737200753,2.4722034700107707
27.199444,14,1344.618795,True,False,False,1.6588555759798076,1.7177168914982808
35.501795,27,1344.829829,True,False,False,3.2483541384963974,3.3227947650814857
42.645039,45,1345.176909,True,False,False,5.4838559420617115,4.960161451649114
33.760031,31,1347.329971,True,False,False,3.6081297663487675,3.1063551113542096
28.067704,16,1347.45923,True,False,False,1.7915491788878246,1.8914087901236052
45.223567,43,1347.821877,True,False,False,5.349952973773583,5.221345142072214
44.359553,48,1348.188498,True,False,False,5.849846636010622,5.205331110286045
39.149211,34,1348.448531,True,False,False,4.106938937140829,3.994444666641975
47.876195,50,1348.822424,True,False,False,6.097857437419926,5.825234893066179
29.096797,35,1349.073301,True,False,False,3.617055021052991,2.392755698637732
32.357592,22,1349.23147,True,False,False,2.556467596781932,2.692797010775817
30.517592,21,1349.395823,True,False,False,2.317795008218113,2.4222098963916716
37.738587,32,1349.641914,True,False,False,3.88863282408585,3.852516409669624
43.868292,44,1349.960598,True,False,False,5.3709717501686,5.02325760738105
45.168067,46,1350.297978,True,False,False,5.64406040939354,5.338761236989598
32.29341,30,1350.520985,True,False,False,3.27855272564867,2.7989918612552973
43.659043,45,1350.849597,True,False,False,5.534923582935723,5.1294804153459035
36.517682,37,1353.017926,True,False,False,4.031054449261259,3.782228398752749
47.014689,48,1353.382202,True,False,False,5.8699491361910665,5.646558608375205
40.469465,37,1353.671032,True,False,False,4.3934631912368936,4.324601181585547
40.830134,46,1353.9981,True,False,False,5.49072410330006,4.627333504765838
42.152254,39,1354.294257,True,False,False,4.846692449739043,4.722464834956785
39.958979,33,1354.54441,True,False,False,4.106407120264856,4.2183498757866
35.95766,29,1354.770636,True,False,False,3.450407090934484,3.4486651295370243
49.547192,53,1355.179631,True,False,False,6.568336716477505,6.149729217006159
30.633798,35,1355.44894,True,False,False,3.493291569642977,2.849554003211002
34.865122,26,1355.660605,True,False,False,3.1819162377005625,3.1841556582091575
41.355079,37,1355.94631,True,False,False,4.586277650092116,4.477853377480204
34.285381,44,1356.258055,True,False,False,4.617462426982181,3.5847328356794
42.055613,37,1356.546092,True,False,False,4.589283396177063,4.694715657959047
40.229087,34,1359.595787,True,False,False,4.247668005263199,4.328176427336659
55.028853,57,1360.050965,True,False,False,7.123495353386783,7.216057429910568
49.242686,57,1360.476628,True,False,False,6.706321809012872,6.401609496064209
29.833157,17,1360.609824,True,False,False,2.042619845862377,2.1902572958773368
46.490819,44,1360.940969,True,False,False,5.433214209973907,5.545857515143768
32.606036,21,1361.101308,True,False,False,2.550536411640202,2.7244873383502446
58.188401,63,1361.581676,True,False,False,7.894570406693909,7.884102426059571
39.25008,33,1361.834178,True,False,False,4.046255173346187,4.072201392554718
28.605695,16,1361.961012,True,False,False,1.9431545143311766,2.1500542397868134
28.380146,18,1362.096335,True,False,False,2.0580203098647565,2.010218933195791
45.379242,46,1362.441152,True,False,False,5.731549989675179,5.52203398268935
47.643466,51,1362.839071,True,False,False,6.082119931341243,5.782914905811317
45.811043,44,1363.180008,True,False,False,5.370464205739098,5.388204088897495
26.37208,12,1363.27568,True,False,False,1.438663988481099,1.5393142956347847
33.434543,22,1363.465382,True,False,False,2.712084251586888,2.966981749807599
35.864166,31,1365.509772,True,False,False,3.6663075915675787,3.498548525486029
31.323335,21,1365.673439,True,False,False,2.4513329246105275,2.510454447859186
29.029907,17,1365.813262,True,False,False,2.1001071401240456,2.099889402857951
37.407218,29,1366.080184,True,False,False,3.5598494437572725,3.6857771049448895
34.500797,28,1366.278007,True,False,False,3.396029085687856,3.2728211969980894
34.652864,26,1366.451127,True,False,False,3.174344301123166,3.2136841549381847
39.067183,33,1366.688426,True,False,False,4.0771607676378006,4.037294350815657
40.256447,33,1366.916196,True,False,False,4.1090229352346235,4.262535377026887
46.685302,46,1367.231927,True,False,False,5.748425628483345,5.632612629526185
34.274691,28,1367.446453,True,False,False,3.3053634099196123,3.1502021760726593
28.018417,16,1367.583813,True,False,False,1.8661687679249086,1.8264750013762827
26.82859,13,1367.691157,True,False,False,1.5411176389268706,1.6508856353821346
35.201695,26,1367.886957,True,False,False,3.186206223342751,3.3100031664721943
29.121242,15,1368.011353,True,False,False,1.8455486988968899,2.0167907577011017
31.460428,20,1368.180616,True,False,False,2.460204703400456,2.5601490340558417
-17.694729,8,1368.267807,False,True,False,0.8119280915888724,5.236891639458597
33.675785,24,1368.556395,True,False,False,2.8152712603551677,2.989797474278207
33.297795,24,1368.839554,True,False,False,2.9455719483713247,2.9462359253284967
37.180046,34,1369.160397,True,False,False,4.224675454766677,3.9414366654745234
38.345122,31,1369.496454,True,False,False,3.870662621330223,3.954582990659602
40.198389,36,1371.934799,True,False,False,4.449664330219436,4.334908291841371
27.550248,19,1372.080461,True,False,False,2.1068910797887943,1.880915575190384
50.955091,53,1372.554349,True,False,False,6.562213290902447,6.387685965364926
46.282119,44,1372.901883,True,False,False,5.444455495784099,5.500253334546926
47.049842,51,1373.360787,True,False,False,6.376297478341989,5.886789424108908
30.723735,21,1374.454527,True,False,False,2.2929363799847984,2.4629053273244272
26.221513,11,1374.539513,True,False,False,1.3364318164425761,1.5314541832565218
27.029342,13,1374.626466,True,False,False,1.5710796723943703,1.6245164285027431
46.621703,47,1374.989295,True,False,False,5.845169527140705,5.642183366096529
47.587409,47,1375.332697,True,False,False,5.758090874197534,5.776353420102037
40.597347,39,1375.634607,True,False,False,4.871318785251608,4.444976104133601
30.664678,21,1375.812786,True,False,False,2.580310002010452,2.41561564742786
43.993953,44,1376.206007,True,False,False,5.303301761672795,5.080865214253728
42.211437,38,1376.549097,True,False,False,4.573285071300364,4.638887397716448
36.688776,29,1376.779734,True,False,False,3.501986516158811,3.5218804861015927
52.722142,55,1379.203245,True,False,False,6.846893386644157,6.737543126570213
44.163558,48,1379.572577,True,False,False,5.910865010375503,5.17409242251207
50.513313,56,1380.006396,True,False,False,6.778781108695948,6.425831638493728
36.166949,30,1380.236176,True,False,False,3.6129535623682614,3.487045033083799
50.469128,51,1380.63228,True,False,False,6.3681867386822075,6.295579423261392
33.538742,24,1380.819859,True,False,False,2.9004555788526973,2.977277024246686
28.544407,22,1381.050572,True,False,False,2.594833137365657,2.0084610774129907
41.999497,42,1381.614695,True,False,False,5.073439284996174,4.690497020385185
51.817131,54,1382.067323,True,False,False,6.654197209213821,6.543313810032007
57.020171,62,1382.536716,True,False,False,7.7730525571968405,7.585661155217569
33.432352,26,1382.735142,True,False,False,3.1233448921712266,2.995279308674267
32.723005,24,1382.923934,True,False,False,2.9152527640263215,2.8897525637031736
29.572104,18,1383.05911,True,False,False,2.1466341501534587,2.182932368461843
46.553805,44,1385.749507,True,False,False,5.446732996158454,5.551310648361211
46.882544,45,1386.117695,True,False,False,5.6639253173042485,5.526315001421517
50.050392,52,1386.547564,True,False,False,6.3478084813697775,6.280800229763341
37.735449,36,1386.882367,True,False,False,4.323012274865617,4.024048501576337
40.701775,37,1387.236588,True,False,False,4.542149248539073,4.420301025618053
35.236726,25,1387.432603,True,False,False,3.118340905032676,3.254816715058943
42.248283,38,1387.738181,True,False,False,4.655585349148164,4.664016797722162
32.309135,22,1387.901606,True,False,False,2.677089340888436,2.722996347134354
46.697664,50,1388.276925,True,False,False,6.204602244014324,5.672398922067287
37.835226,41,1388.584178,True,False,False,4.724766619189015,4.0155667290823125
38.115484,31,1388.827837,True,False,False,3.7864571248422996,3.8966889346881315
39.789999,36,1390.454945,True,False,False,4.290856221232515,4.249675272699292
27.500766,15,1390.585126,True,False,False,1.7336100577865594,1.8222310668753166
46.543237,47,1390.952548,True,False,False,5.853995264396275,5.4849443044682795
53.326481,61,1393.455407,True,False,False,7.464312940193731,7.002444906129549
26.535105,28,1393.679976,True,False,False,2.761387711750191,1.7828632674969336
36.770006,37,1393.954139,True,False,False,4.085898923815852,3.7433671474487453
27.190088,25,1394.145355,True,False,False,2.8597845263814206,1.892444591966536
47.81266,57,1394.588845,True,False,False,6.572255547410073,6.041883825645259
33.025684,23,1394.772661,True,False,False,2.7889757944326803,2.843927420299931
32.055839,26,1394.981812,True,False,False,3.018207787473343,2.7086014300272523
28.761639,17,1395.123812,True,False,False,2.0292372148129543,2.0439184860806083
36.184818,35,1395.438665,True,False,False,4.071749085205296,3.740012823080018
38.177719,30,1395.684908,True,False,False,3.75473700810057,3.907892168646287
37.803109,33,1395.923533,True,False,False,3.95308334020675,3.8578242633986943
47.937891,48,1396.29959,True,False,False,6.0077638643027775,5.789108113746735
32.172809,30,1396.520343,True,False,False,3.3944762818547303,2.706712058160197
43.648859,39,1396.797982,True,False,False,4.875929685679636,4.962485595985778
31.505349,22,1396.966655,True,False,False,2.578782998491047,2.729109456415146
46.693027,44,1399.281715,True,False,False,5.533809812473577,5.523284732610782
53.999963,58,1399.713276,True,False,False,7.1757032400496215,7.000344524637534
46.259367,46,1400.058188,True,False,False,5.544879288972569,5.485996395213769
45.30448,47,1400.39783,True,False,False,5.721800104735902,5.570791922166192
41.387705,37,1400.675996,True,False,False,4.551533821427384,4.481850324535158
36.762238,29,1400.892232,True,False,False,3.6274577874869904,3.5444959973850656
33.949859,32,1401.129713,True,False,False,3.879906927384394,3.1737998347618586
-3.910048,31,1401.354729,False,True,False,3.8419756314075353,4.852408219839243
43.519363,39,1401.648963,True,False,False,4.896276519675367,5.009689150549047
45.057864,42,1401.969692,True,False,False,5.248348244388991,5.223053736100391
28.193512,27,1402.178166,True,False,False,2.951221298879585,1.9833602459677346
26.170053,11,1402.261847,True,False,False,1.3364318164425741,1.5310285910671206
39.967568,34,1402.518777,True,False,False,4.20443998825138,4.1981816778815775
33.848788,24,1402.701292,True,False,False,2.984628109627175,2.9648681568610975
-16.131139,10,1402.778729,False,True,False,1.1105938002100673,2.804827246775768
35.199043,25,1404.95387,True,False,False,3.1134821641895662,3.303470484175162
50.025495,52,1405.406583,True,False,False,6.4770138292179,6.153971680710222
50.246654,57,1405.835788,True,False,False,7.149078830861635,6.363779786017666
42.532925,47,1406.986894,True,False,False,5.37473938725177,4.794275539578851
44.503695,43,1407.327752,True,False,False,5.337120750549101,5.195577731446548
33.706777,25,1407.56706,True,False,False,3.0250182914662136,2.987680375153648
31.725036,23,1407.827656,True,False,False,2.6751718388836476,2.6237594988739406
45.299976,45,1408.364725,True,False,False,5.414717000310495,5.315849968945776
29.498787,27,1408.62509,True,False,False,3.013904012272609,2.245835230592943
36.772186,29,1408.842218,True,False,False,3.6102399216655816,3.5965376524715302
34.317825,29,1409.122534,True,False,False,3.409750335167296,3.0953095979066063
43.28496,43,1409.449523,True,False,False,5.097535009328463,5.083254735291734
28.19361,15,1409.564605,True,False,False,1.7861347965933871,1.904329869600959
42.665488,39,1409.852363,True,False,False,4.838618819129863,4.814156142333074
45.941228,46,1412.169572,True,False,False,5.71131719555614,5.380762261829118
43.898799,42,1412.4878,True,False,False,5.214317273602108,4.988252775800655
41.841634,44,1412.845983,True,False,False,5.403868582073599,4.739121809311109
37.408096,33,1413.110845,True,False,False,4.043845706367194,3.7028228940858208
27.654699,14,1413.228054,True,False,False,1.6083631897234483,1.7829980477056389
42.458213,40,1413.528969,True,False,False,4.850084873004581,4.739111715523566
44.53744,42,1413.878392,True,False,False,5.279021777247869,5.080304175778973
39.200685,32,1414.163892,True,False,False,3.9498815470242237,4.11722279325964
45.799427,43,1414.544609,True,False,False,5.330006908753768,5.373774728231518
30.455779,20,1414.710834,True,False,False,2.296710355792662,2.3744245887966415
26.323921,20,1414.885941,True,False,False,2.1080887192526454,1.5674231611896174
40.417711,37,1415.167193,True,False,False,4.584240863556722,4.395634622307905
39.744909,35,1415.426743,True,False,False,4.391133111168457,4.1164360700887705
26.025225,12,1415.520726,True,False,False,1.4637110370561535,1.5016546744469206
50.657654,51,1415.985548,True,False,False,6.328992328524058,6.310935222832059
53.143184,56,1418.380884,True,False,False,7.026417460416312,6.9008011237878675
38.372888,34,1418.6647,True,False,False,4.126141419852511,3.863520162799975
42.884561,39,1418.996484,True,False,False,4.791157474795712,4.858377425495505
37.689957,30,1419.250687,True,False,False,3.695323105797065,3.7379475002642164
47.27301,45,1419.639566,True,False,False,5.604511415000739,5.64168991650755
53.778105,59,1420.151699,True,False,False,7.180469053964638,7.019906061276858
27.249057,13,1420.262466,True,False,False,1.590990257669732,1.7567988388321714
38.799139,38,1420.668772,True,False,False,4.625669001070541,4.112096956066712
34.874705,30,1420.910846,True,False,False,3.5144354696219677,3.252803934171755
35.818929,27,1421.167633,True,False,False,3.2654321952629717,3.388429449348012
36.893474,35,1422.717971,True,False,False,4.234291856658946,3.7204902528877613
32.437336,26,1422.969099,True,False,False,3.0560073045400857,2.865975630375055
27.119211,13,1423.112581,True,False,False,1.5345821014511767,1.7135502067202282
40.846731,34,1423.486633,True,False,False,4.231328198137256,4.353618235809872
43.52856,40,1423.817176,True,False,False,4.968115311932847,4.888253159604821
37.1234,32,1425.804581,True,False,False,3.7882743828955223,3.68617196405332
29.995226,17,1425.924128,True,False,False,2.1001071401240465,2.2058212175380567
37.343401,29,1426.140001,True,False,False,3.620481037305594,3.7319334139362117
44.429102,41,1426.458186,True,False,False,5.01483664342836,5.076358782119565
38.65556,35,1426.723246,True,False,False,4.275235773943954,3.9816437565055898
37.893078,32,1426.950369,True,False,False,3.8677537242191384,3.8292198854271007
42.711924,40,1427.238222,True,False,False,4.968115311932851,4.836934278556525
49.287766,53,1427.635695,True,False,False,6.502239095979166,6.240649933729133
42.374516,44,1427.952291,True,False,False,5.416192425830888,4.768943930433641
45.961452,51,1428.315127,True,False,False,6.113773655582486,5.674648412950969
47.01471,45,1428.630253,True,False,False,5.651672128579356,5.634324578266892
34.023573,27,1428.835064,True,False,False,3.2360658052632716,3.036389815242294
30.104818,18,1428.993799,True,False,False,2.1286557222343148,2.306302519782565
33.069911,23,1429.168479,True,False,False,2.7364847976196223,2.817214158639598
41.595252,43,1429.467873,True,False,False,5.063652298230123,4.61238629279249
34.031216,26,1431.579192,True,False,False,3.095496195323342,3.0760799959681924
30.677865,19,1431.741295,True,False,False,2.295251679047701,2.3972310193176654
29.01173,20,1431.925686,True,False,False,2.226961827389544,2.0593768304627975
35.342052,25,1432.126958,True,False,False,3.1183409050326767,3.2663785449737492
37.811931,29,1432.343344,True,False,False,3.6274577874869904,3.7431530452119355
50.493629,55,1432.771174,True,False,False,6.874298749267961,6.375173531389632
49.099717,50,1433.165395,True,False,False,6.203422463567436,6.1285887081766015
54.041612,69,1433.683577,True,False,False,8.246256797292796,7.19752328489472
33.879551,27,1433.887551,True,False,False,3.2626343484459737,3.2033893364783457
48.967105,50,1434.266954,True,False,False,6.2001427122178985,6.026244000693221
35.165081,27,1434.479336,True,False,False,3.3601105648028353,3.2262830921119523
49.103191,50,1434.86668,True,False,False,6.128559997705327,6.053101548781584
29.291215,21,1435.029385,True,False,False,2.3211172171134407,2.189007501631452
30.071252,17,1435.155101,True,False,False,2.0842032685596417,2.220025570495985
46.31616,45,1437.447841,True,False,False,5.59631913863192,5.505582518988986
35.571441,28,1437.670765,True,False,False,3.415839665461385,3.3467372060565515
44.28858,39,1437.980954,True,False,False,4.894576964652699,5.021970093351296
38.648378,32,1439.07429,True,False,False,3.9050659193336723,4.024613674372891
37.240237,31,1439.302373,True,False,False,3.736037465678553,3.710660410738954
37.952583,37,1439.586761,True,False,False,4.273831546600132,3.96943910085585
30.191572,19,1439.72788,True,False,False,2.193948075751767,2.3150113119753013
48.216764,51,1440.121625,True,False,False,6.139297934159821,5.9726980379263495
42.445252,42,1440.424313,True,False,False,5.139484786603324,4.950017387876934
41.113902,40,1440.70769,True,False,False,4.686054552545616,4.444992387253475
42.493401,40,1441.01095,True,False,False,4.82613226115195,4.7190676622629155
44.504823,45,1441.356067,True,False,False,5.456267749072321,5.134500487975226
41.785429,45,1441.696649,True,False,False,5.176311497217258,4.8172375091236885
44.375408,42,1442.010052,True,False,False,5.121384121065296,5.07460330415604
45.567181,51,1444.293019,True,False,False,6.0737099877528875,5.455179584053045
33.427563,28,1444.496181,True,False,False,3.1900942715489484,2.997452280843093
45.307089,42,1444.81092,True,False,False,5.255942148136195,5.259289139195038
-2.615881,30,1445.033838,False,True,False,3.668518609848643,6.396524562355777
39.673025,33,1445.281413,True,False,False,4.055674661662366,4.134931328547865
44.212001,50,1445.669418,True,False,False,5.93523249137578,5.318284248297593
46.282078,43,1445.981179,True,False,False,5.405593501607168,5.477414897113355
42.413601,39,1446.249274,True,False,False,4.773738820780022,4.691152939208454
27.181669,13,1446.345926,True,False,False,1.562625331304799,1.663746969226353
39.156936,35,1446.609558,True,False,False,4.317237498689498,4.0429011746432595
34.933695,26,1446.834745,True,False,False,3.233025133332356,3.282484851265292
47.399194,46,1447.223378,True,False,False,5.701325828972258,5.729843062284062
26.499016,12,1447.330457,True,False,False,1.3899837234802663,1.5321179165839376
32.093747,23,1447.552464,True,False,False,2.788638611811218,2.7674820409752368
43.91636,40,1447.854218,True,False,False,5.0047185000863115,4.98376420847928
33.670051,27,1450.087284,True,False,False,3.2027584350059852,3.0613417905802067
34.211625,25,1450.300183,True,False,False,3.073687218495237,3.097669588546641
44.176805,47,1450.695051,True,False,False,5.573425432878379,5.2783735306961
45.514014,45,1451.045668,True,False,False,5.517367103336238,5.381875152890572
31.208073,19,1451.186999,True,False,False,2.354665581351203,2.4949156315714003
30.935961,19,1451.320493,True,False,False,2.2878985506550014,2.4170501182292874
-14.269994,13,1451.414403,False,True,False,1.3134289823603127,6.946540892391157
36.008172,32,1451.659261,True,False,False,3.8981754389330305,3.5516074698063758
37.475658,30,1451.883658,True,False,False,3.6359916559792196,3.7355630109757394
41.213165,46,1452.227759,True,False,False,5.500909437980282,4.57999527925098
38.895656,34,1453.801089,True,False,False,4.002171286104174,4.026150891678369
27.865899,13,1453.894274,True,False,False,1.5819153258750591,1.8489726537019717
36.110726,28,1454.097196,True,False,False,3.389273094354268,3.491947459560912
49.528623,55,1454.546866,True,False,False,6.657253528526404,6.198335659326338
58.255248,62,1455.011498,True,False,False,7.804070165067147,7.876792493936908
41.562271,35,1457.112662,True,False,False,4.382538251057755,4.463777633205996
43.581271,42,1457.407496,True,False,False,5.059091922339896,5.058164666533369
41.991052,42,1457.736697,True,False,False,5.146557673957962,4.764575402896751
33.64863,24,1457.889297,True,False,False,2.8831003744662946,2.9930167317206675
39.702849,35,1458.140497,True,False,False,4.17623578345712,4.117531208689486
45.468008,56,1458.576718,True,False,False,6.650235743802744,5.443033596305087
36.92519,32,1458.786309,True,False,False,3.752994074106457,3.6633840308588703
32.418704,22,1458.944516,True,False,False,2.6545758101506816,2.738557354961278
27.004535,14,1459.05426,True,False,False,1.5704894632743125,1.6325060298752117
37.13026,31,1459.296948,True,False,False,3.7250319550187228,3.7116535254594747
30.389451,20,1459.454734,True,False,False,2.3576829241899016,2.3454852323957214
40.971848,46,1459.819095,True,False,False,5.29872708326406,4.756206728913159
46.290218,54,1460.311525,True,False,False,6.357452737570431,5.64468052288977
56.598865,62,1460.820099,True,False,False,7.726494456999082,7.493054530294652
34.164773,25,1463.314328,True,False,False,3.0507270037784915,3.06623353510929
43.212601,40,1463.645774,True,False,False,4.970730530183417,4.881111800640566
35.516558,27,1463.848465,True,False,False,3.3021882506981344,3.3611796445629167
39.901436,37,1464.133037,True,False,False,4.540645404284039,4.252895666197659
49.042163,52,1464.51636,True,False,False,6.1667403793868285,5.9856239123516595
39.233575,38,1464.801544,True,False,False,4.5633160026309945,4.220875895125413
37.381372,35,1465.079512,True,False,False,4.165934027367175,3.772629520888943
50.762116,54,1465.497417,True,False,False,6.605165967542399,6.364310921427566
44.738367,46,1465.853693,True,False,False,5.4979384688189405,5.243733897009813
31.299625,19,1465.995496,True,False,False,2.3211621437824945,2.5054832644989755
36.437106,29,1466.216242,True,False,False,3.56613892488599,3.4793075943636658
52.389326,57,1466.648616,True,False,False,6.970798702342368,6.713726701365511
50.877663,55,1467.059278,True,False,False,6.831635902602629,6.59215268334474
35.624695,28,1469.177609,True,False,False,3.4306140819782773,3.4191741614707243
47.522343,47,1470.383203,True,False,False,5.754606693878641,5.662188964402143
34.364682,26,1470.575582,True,False,False,3.1417518254280243,3.115347106229035
30.006342,18,1470.705579,True,False,False,2.1539516827142373,2.2028000272761115
28.186617,14,1470.813679,True,False,False,1.718269478283311,1.8822506201450944
34.77649,26,1470.99718,True,False,False,3.1698526505205478,3.224207348397202
26.863103,13,1471.09765,True,False,False,1.4878495388167745,1.6123212919533378
56.876219,67,1471.606828,True,False,False,8.23063521712873,7.713520569702213
49.723611,54,1472.016321,True,False,False,6.470026740354418,6.157279274326867
36.211064,28,1472.22844,True,False,False,3.3813261271869486,3.4398330945675752
29.30975,17,1472.35992,True,False,False,2.1001071401240456,2.155628217233533
43.141836,38,1472.657354,True,False,False,4.766563621051548,4.8047802071107775
28.453003,16,1472.778771,True,False,False,1.8087569861661874,1.970800641656938
46.633002,44,1473.110648,True,False,False,5.536646096690666,5.534053664533227
32.639462,31,1473.346414,True,False,False,3.5330572155461364,2.833918196686007
44.465461,45,1473.682679,True,False,False,5.599555583496051,5.208404325263342
37.211163,30,1475.815161,True,False,False,3.6569469860503325,3.7280133790047403
44.900403,45,1476.159208,True,False,False,5.520757601020263,5.31504232236382
41.895754,39,1476.449914,True,False,False,4.764384991536831,4.593617153551378
39.239056,37,1476.738272,True,False,False,4.521804133556919,4.117743666495851
32.614571,25,1476.93462,True,False,False,2.912080607767833,2.764591066721442
30.604252,27,1477.14721,True,False,False,3.008735161097951,2.5098476534062217
45.484135,42,1477.48151,True,False,False,5.262036052194504,5.315090066143918
36.956206,32,1477.740187,True,False,False,3.7794089691690425,3.644625511087294
32.163087,23,1477.913259,True,False,False,2.707905501320557,2.624347759990457
26.223895,13,1478.018836,True,False,False,1.3783714440712564,1.5262443715367564
27.710479,20,1478.166443,True,False,False,2.38688749397614,1.8388104965743421
29.853048,21,1478.321563,True,False,False,2.5052396781469835,2.280198529842355
34.407238,25,1478.504769,True,False,False,2.986498165121669,3.157244716387728
32.831759,30,1478.729351,True,False,False,3.5350072746661576,2.9089052655016756
35.73008,29,1478.942925,True,False,False,3.5512151276082955,3.469393888024397
28.394695,18,1479.074603,True,False,False,2.0500307124451047,1.9894851321130407
35.874542,26,1479.263943,True,False,False,3.1890245321523807,3.363815797734599
28.72011,16,1479.386523,True,False,False,1.9728279195104677,2.0108168636981194
28.893635,15,1479.500642,True,False,False,1.8446980557589363,1.987581339764344
38.718844,32,1481.715095,True,False,False,3.968978750666701,3.9599873835292136
47.567754,57,1482.151179,True,False,False,6.75965370092186,6.114141412640854
38.633482,40,1482.454011,True,False,False,4.61487818250367,4.051892889134591
34.994697,34,1482.707905,True,False,False,3.9932468272113,3.432633920707348
40.116428,43,1483.032682,True,False,False,4.950793028648319,4.3586574915705105
42.949295,40,1483.342934,True,False,False,4.991033236643018,4.852088557927518
31.741257,29,1484.430631,True,False,False,3.1268941756181032,2.8848304510896323
31.210234,21,1484.586959,True,False,False,2.6092240225783603,2.5662410258995267
34.266531,28,1484.796277,True,False,False,3.25652420700908,3.17672235954526
32.287832,23,1484.969497,True,False,False,2.6207565257981726,2.7310854563345948
31.723382,21,1485.123864,True,False,False,2.4892168453881216,2.608364964854758
27.808504,22,1485.284675,True,False,False,2.4935086520501364,1.971327521407652
35.325367,29,1485.508656,True,False,False,3.467410103072101,3.3601872461323827
31.587163,20,1485.663017,True,False,False,2.4819448019647825,2.585731658133629
27.363663,14,1485.769785,True,False,False,1.6208974084665206,1.7458703787281848
28.795993,20,1485.921647,True,False,False,2.2866306698909264,2.0802407882545384
42.132066,44,1486.260401,True,False,False,5.016829777538963,4.8131843587133725
27.172543,12,1488.362081,True,False,False,1.463711037056154,1.7183387240307464
27.191737,14,1488.469402,True,False,False,1.6225233027416914,1.749533179221295
47.988415,49,1488.833295,True,False,False,6.033058123872928,5.765585482045628
29.288823,18,1488.973333,True,False,False,2.0447598108680323,2.086887039365481
44.729713,42,1489.287002,True,False,False,5.270233628360406,5.207789652043095
42.431968,40,1489.591977,True,False,False,4.854965856482326,4.751682561366631
44.942669,50,1489.973951,True,False,False,6.021063746371751,5.330512873668706
39.383344,32,1490.208635,True,False,False,3.971403107503918,4.0630336824244795
26.816744,14,1490.314368,True,False,False,1.4601210408244363,1.6210665616250015
29.575887,18,1490.451002,True,False,False,2.2034792995801165,2.1683987080484894
33.950406,25,1490.637886,True,False,False,3.0589270027291717,3.097775937936369
39.448445,36,1490.911314,True,False,False,4.334840479220966,4.155582352861492
38.39344,33,1491.165298,True,False,False,3.9903779173556275,3.922350516909366
39.724318,33,1491.42199,True,False,False,4.025599180125365,4.139990246619201
30.065949,22,1491.594036,True,False,False,2.4918448187240356,2.3379540758833164
42.365055,40,1491.905399,True,False,False,4.930445031720933,4.787347417471389
31.212902,24,1492.086914,True,False,False,2.7970375472133076,2.681440219784686
-16.991035,8,1492.144993,False,True,False,0.7535724002345539,3.302716918133777
27.165256,14,1494.152914,True,False,False,1.6111852181995128,1.6840760155271108
31.930324,25,1494.345899,True,False,False,3.1183409050326762,2.7041179845120937
27.413195,14,1494.455228,True,False,False,1.6556251870566874,1.7710761211600325
45.478256,46,1494.806085,True,False,False,5.644326455488692,5.5394328443636445
37.484307,34,1495.063927,True,False,False,4.146062476014737,3.816226669236977
36.449235,31,1495.302341,True,False,False,3.6434201675236557,3.494264408767888
33.498717,25,1495.494039,True,False,False,2.871301740433723,2.948284995393771
41.519514,46,1495.842518,True,False,False,5.370537644950266,4.611056352123496
29.180513,19,1495.985966,True,False,False,2.2529446427980777,2.151271259662287
46.246551,50,1496.367752,True,False,False,5.731492310963055,5.469313840957133
30.035029,17,1496.50141,True,False,False,2.0788794543282716,2.20306453759857
37.357706,28,1496.706913,True,False,False,3.5001785668734113,3.6372017558115655
38.853875,32,1496.942899,True,False,False,3.876512983900211,3.959906300198097
30.175982,18,1497.070538,True,False,False,2.167972458434123,2.2285186754022797
43.995322,41,1497.375884,True,False,False,4.97866483168935,5.063820074549836
35.698286,37,1497.677726,True,False,False,3.935798551887145,3.5402037549444114
28.086194,18,1498.837468,True,False,False,2.026884527466218,1.947103442366866
31.612232,22,1498.997176,True,False,False,2.5816598929461576,2.6366252680444857
40.456801,46,1501.209421,True,False,False,5.567524460083284,4.584602455083812
32.387068,22,1501.377442,True,False,False,2.721647910226458,2.7332248236872116
33.091825,32,1501.625832,True,False,False,3.5688065358608765,2.963694621143449
36.152716,34,1501.894845,True,False,False,3.9061970151004775,3.7941217264823686
36.381443,29,1502.114282,True,False,False,3.5619024375788464,3.5253042032344717
41.692976,40,1502.41449,True,False,False,4.998936753999056,4.642749273485829
47.568589,45,1502.75614,True,False,False,5.624800239410854,5.748359355748207
39.892469,40,1503.053174,True,False,False,4.78370586926076,4.3486355260765235
38.291918,31,1503.281118,True,False,False,3.8349754439375503,3.933185288670868
43.222478,47,1503.633727,True,False,False,5.522815471896706,5.037597433494224
27.875586,13,1503.72954,True,False,False,1.588692013305879,1.829256605759706
31.284935,21,1503.89033,True,False,False,2.5960334417653748,2.538556977763312
40.130031,33,1504.140657,True,False,False,4.1365746699413055,4.26624513353954
35.391843,28,1504.339128,True,False,False,3.443770410654857,3.4384272824875857
51.405561,52,1504.734414,True,False,False,6.505369770743439,6.492687318970966
51.634846,59,1507.052666,True,False,False,7.352544862191473,6.789095556592189
36.317994,34,1507.310677,True,False,False,3.9954711477123634,3.603435189765646
45.181551,42,1507.632683,True,False,False,5.158762549057444,5.2146791447096135
34.926899,26,1507.82951,True,False,False,3.2357116740391723,3.2246844266834125
34.920631,26,1508.018779,True,False,False,3.2411694213641455,3.2275620442552015
37.119539,31,1508.257509,True,False,False,3.752235508912864,3.6672129687125077
28.210856,26,1508.452137,True,False,False,2.9077901707687817,2.1216030592118473
42.634587,46,1508.793313,True,False,False,5.397837799419513,4.8875781382166865
43.083385,37,1509.063102,True,False,False,4.619028962224774,4.8537784146990814
26.289101,11,1509.145895,True,False,False,1.3364318164425752,1.5188870384981477
48.661455,47,1509.503376,True,False,False,5.848454033822699,5.950184725554803
35.076799,29,1509.719134,True,False,False,3.5919124712611077,3.303222182128409
29.290341,17,1509.850289,True,False,False,1.9376068415142482,2.0696900952032533
28.453514,16,1509.975229,True,False,False,1.9728279195104683,1.9865358194582114
29.595963,23,1510.162573,True,False,False,2.674456267782843,2.2738602430191728
27.525078,20,1510.299704,True,False,False,2.087454180752436,1.7765543355656797
28.885049,15,1510.412714,True,False,False,1.8455486988968874,2.045746617212356
30.086191,25,1512.440569,True,False,False,3.0558908962713542,2.5290082124480375
33.827319,26,1512.638368,True,False,False,3.2033605133325973,3.0465746010081642
39.193222,38,1512.925317,True,False,False,4.384987659163029,4.394432711455705
38.882947,37,1513.211809,True,False,False,4.1749411796438505,4.110111740790126
34.663467,26,1513.396708,True,False,False,3.146440479334345,3.252016121659744
29.203502,18,1513.537557,True,False,False,2.089350679489079,2.1172783346825224
31.374255,20,1513.688706,True,False,False,2.3770230696575867,2.465335693628104
45.371129,44,1514.785287,True,False,False,5.45439134151957,5.3479257209806415
51.692162,54,1515.201103,True,False,False,6.579087166648467,6.538463741919643
37.414053,38,1515.495183,True,False,False,4.45188513387659,3.894829461103891
32.495125,32,1515.742769,True,False,False,3.5273497406183676,3.002410430452119
30.64044,20,1515.889852,True,False,False,2.3887080905738376,2.4039633950629136
27.647087,14,1516.008857,True,False,False,1.660272814021349,1.806915870314667
32.649369,25,1516.189406,True,False,False,3.076596601864795,2.961113987703695
39.288692,32,1516.437748,True,False,False,3.94015979884911,4.0665375951416936
41.265228,40,1516.746999,True,False,False,4.837364841481164,4.597554678791182
45.00388,42,1518.859668,True,False,False,5.208780028979715,5.255599157870735
34.338137,29,1519.092875,True,False,False,3.3345726585950684,3.268554429144721
43.094919,43,1519.409388,True,False,False,5.17329440209546,5.016504146067173
43.43171,49,1519.783753,True,False,False,6.009315464220343,5.219775072353788
44.070394,40,1520.081025,True,False,False,4.857106950802087,5.0435921773101
44.02957,47,1520.420078,True,False,False,5.505116154922851,5.307760370854883
44.422165,44,1520.739246,True,False,False,5.437580176292151,5.33310053799047
51.662644,55,1521.128996,True,False,False,6.724402130899279,6.594456605453027
48.866231,50,1521.492734,True,False,False,6.148094385928561,6.013426448486289
32.000171,22,1521.663526,True,False,False,2.6743634498005604,2.6446598696464605
27.849911,13,1521.769893,True,False,False,1.5909902576697312,1.7729535018626776
37.667627,34,1522.029746,True,False,False,3.9838449443636117,3.802226062102393
37.108882,30,1522.247644,True,False,False,3.5547219136266373,3.6628057665936495
29.671338,16,1522.371147,True,False,False,1.9476230113974897,2.200784840184614
47.206317,49,1524.558592,True,False,False,5.976520436947923,5.8608529513188685
31.802933,23,1524.74147,True,False,False,2.672461109200447,2.5579760414493196
40.774397,38,1525.032138,True,False,False,4.475283949470219,4.4238787612852315
29.863374,20,1525.180907,True,False,False,2.2103850229035524,2.2062798965159334
33.085376,29,1525.398316,True,False,False,3.336047849013055,2.989482506529217
32.806448,22,1525.56264,True,False,False,2.6311998161617445,2.7386660721878533
37.56685,31,1525.797397,True,False,False,3.8515229845427905,3.741998190008566
35.282958,27,1526.005811,True,False,False,3.268077446567394,3.288082304526395
29.710992,17,1526.136823,True,False,False,2.0790570052279995,2.235336837902101
34.929435,27,1526.339347,True,False,False,3.3095233056945736,3.257817866992884
50.930225,53,1526.735537,True,False,False,6.578774953266629,6.410985573517036
48.130334,48,1527.09882,True,False,False,5.9597802033804985,5.912299698813148
43.459148,50,1527.477858,True,False,False,5.967047146516702,5.092334619203174
35.201429,28,1528.641386,True,False,False,3.422519368974685,3.2867673419478285
42.152955,41,1528.937052,True,False,False,5.02083921034951,4.721026245035903
46.034427,50,1531.137104,True,False,False,6.006482912366127,5.522300545603808
49.469816,51,1531.527233,True,False,False,6.299459667418929,6.118784228453644
29.013678,17,1531.661582,True,False,False,1.9557727272804803,2.0555222368531707
51.111304,51,1532.033464,True,False,False,6.342809261323278,6.399074770127366
38.211066,32,1532.265719,True,False,False,3.875315630358402,3.7995421647594587
36.773134,39,1532.57054,True,False,False,4.229898087766263,3.862975803468309
47.874024,46,1532.923273,True,False,False,5.747961896892419,5.745846241788262
46.011335,45,1533.266922,True,False,False,5.663925317304247,5.481310287436976
43.825102,42,1533.592167,True,False,False,5.280496103309944,5.14111928632929
48.813574,51,1534.001564,True,False,False,6.365361596070453,5.977521649333047
36.559385,29,1534.219813,True,False,False,3.442692553211874,3.57581193864516
48.630407,47,1534.56757,True,False,False,5.844889477274567,5.9592584492372405
29.573698,22,1534.736082,True,False,False,2.442446259316054,2.237659819114128
40.087142,36,1536.882934,True,False,False,4.387069600881289,4.285816426453663
45.074806,45,1537.230205,True,False,False,5.475682126049717,5.209646978445876
35.580666,28,1537.452899,True,False,False,3.443102876322984,3.331386568316269
42.17361,42,1537.799551,True,False,False,4.899167291855811,4.739385830329638
45.703652,46,1538.144049,True,False,False,5.665625944224107,5.389669237656553
28.425308,17,1538.285464,True,False,False,1.912849667988615,1.9692847745989202
48.106373,48,1538.667112,True,False,False,5.925334341063622,5.847576181031002
28.734357,22,1538.827469,True,False,False,2.6032273492536366,2.121147480833925
48.890297,48,1539.168885,True,False,False,5.965207107511296,6.005853512143921
43.159126,40,1539.45134,True,False,False,4.788652817519569,4.875048953318121
36.598248,33,1539.708555,True,False,False,3.985797371777917,3.6340451618934253
44.86653,43,1540.033872,True,False,False,5.366877717737849,5.211152513484928
43.96432,44,1540.381361,True,False,False,5.197110064538966,5.145552012784725
30.25007,18,1540.530494,True,False,False,2.2139398862202664,2.288769059315576
30.92686,20,1540.681271,True,False,False,2.4439961132337813,2.39922551591751
43.901523,39,1542.966998,True,False,False,4.900249993622772,5.0432681263029195
30.753219,22,1543.134641,True,False,False,2.412582930936977,2.4532176111635517
32.881787,27,1543.342556,True,False,False,3.209008409738595,2.9122205772346965
32.585826,26,1543.547445,True,False,False,3.0299480701321513,2.8021071686445276
31.385027,44,1544.938883,True,False,False,5.001191372759346,2.886916810365156
41.651732,36,1545.219921,True,False,False,4.518412331782041,4.587712277645341
50.373862,71,1545.779062,True,False,False,7.918688213381331,6.525005490008949
40.509066,34,1546.041699,True,False,False,4.224286426837673,4.292550793997187
34.942251,29,1546.268165,True,False,False,3.590516005238619,3.397988525527218
37.322584,28,1546.484449,True,False,False,3.4824440270692203,3.6739224617333974
39.95456,47,1546.850942,True,False,False,5.632646198598279,4.5795473070220245
44.270162,42,1547.168458,True,False,False,5.166219138290527,5.1703314668615326
27.146618,21,1547.327253,True,False,False,2.5499891958466794,1.894074004595396
28.444251,16,1547.450226,True,False,False,1.8354315301300572,1.940290411992107
38.571555,34,1547.735581,True,False,False,3.9827951358172493,4.004415680978185
42.733349,41,1550.009493,True,False,False,4.92060894240449,4.832915382566865
43.198506,41,1550.32698,True,False,False,5.014814797117913,4.8201268896363025
32.620622,25,1550.521297,True,False,False,2.9995131004256694,2.810705613980055
49.526329,50,1550.902672,True,False,False,6.169907754791685,6.065835255655717
29.331416,17,1551.035311,True,False,False,2.042109715515472,2.165435564508457
46.179708,49,1551.405162,True,False,False,6.102888824768589,5.493667528516151
