#{"t_start": 1789506487.6204288, "env_id": "None"}
r,l,t,is_success,collision,timeout,path_length,start_dist
-37.390171,230,3.564829,False,True,False,6.106975246570463,2.353065524553438
-14.79315,52,3.632926,False,True,False,2.465746578259442,3.13440089953635
-19.531282,300,4.008742,False,False,True,10.891315200036146,4.039638212928259
-47.178851,199,4.25791,False,True,False,8.094100756652363,4.598465447651757
-31.572412,274,4.599475,False,True,False,11.888397753433209,2.85069341590715
-30.731171,72,4.692054,False,True,False,3.648274400802607,6.595410558741002
-22.876803,29,4.728932,False,True,False,1.4307493838747511,2.969933935325189
-28.541486,300,5.107552,False,False,True,12.624118874621685,4.824940269108107
-24.277325,300,5.481315,False,False,True,8.03438973541701,5.279573490547849
-24.167107,300,5.860819,False,False,True,11.124312524554446,5.770911694963387
-37.988076,234,6.16229,False,True,False,10.100247570510737,4.01245779616954
-30.440764,300,6.631502,False,False,True,13.408572583580332,4.393598689115049
-18.987983,49,6.694444,False,True,False,1.9892191365523475,2.604081583116319
-46.062634,206,6.953477,False,True,False,7.5569215802047855,2.9772054580091654
-39.605883,185,7.18293,False,True,False,6.930404447141986,6.570953796911158
-30.295177,70,7.280282,False,True,False,2.7001316923285192,4.4717182758286675
-35.608586,300,7.658577,False,False,True,9.91294796541256,3.960652756709193
-26.342498,300,8.039945,False,False,True,11.407508567284259,1.7469223266376879
-29.364261,300,8.419329,False,False,True,9.898830356145004,4.512849547341775
-33.292928,300,8.809796,False,False,True,8.171756040460046,2.6278908357498696
-37.946971,140,8.986839,False,True,False,4.460601185697923,1.9169901029073975
-28.409295,300,9.366577,False,False,True,11.361059578519724,3.2547673087898144
-38.074547,156,9.56556,False,True,False,5.683364934508908,4.979595110399219
-47.170746,202,11.934904,False,True,False,4.393458897185154,4.648335917149081
-39.830736,146,13.959154,False,True,False,7.960810902401841,3.5871639467549348
-28.184255,114,15.533694,False,True,False,5.336748101995638,2.2939281009103314
-26.895468,210,18.309572,False,True,False,7.390576844599494,2.203584208672684
-44.903003,237,21.454867,False,True,False,10.012263867969903,3.139374777483525
-35.945651,158,23.545361,False,True,False,7.882530687416134,3.1762958282469964
-35.573273,142,25.505075,False,True,False,5.921628749850479,2.9083153157201926
-24.427164,300,29.674046,False,False,True,9.110258623661057,3.4213760524564667
-21.653787,300,33.78176,False,False,True,7.2969658542761735,3.3298400901079406
-27.845533,199,36.428094,False,True,False,6.422897858075553,5.629607423938815
-19.360147,13,36.623904,False,True,False,0.5532282642770068,3.1578369747015542
-19.740483,300,40.662938,False,False,True,11.433719742416974,3.0026475403408646
-22.756443,300,44.655119,False,False,True,8.581211744012148,2.2805908254936935
-25.224333,25,44.993851,False,True,False,1.053697682838616,3.177558455489355
-17.715729,300,49.078795,False,False,True,6.586767361859189,4.894856168357149
-30.373365,300,53.205048,False,False,True,8.033774418326395,3.7966977218972096
-28.100622,300,57.203669,False,False,True,7.912753481661734,2.042043672121358
20.755625,123,58.90017,True,False,False,6.390634573394072,2.1182978552245477
-19.091999,300,62.949168,False,False,True,7.835245636252612,6.612690921351743
-7.38026,300,66.947868,False,False,True,9.526639084838129,4.965388428346409
-35.712217,297,70.931029,False,True,False,13.260269825121528,3.2501714722113917
-27.345353,143,72.848826,False,True,False,3.122636576335829,3.650369775308685
-31.951728,85,74.002311,False,True,False,3.3760559794291045,3.017905106220199
-14.404023,300,78.088491,False,False,True,13.260633663965871,4.719631340517717
-25.243543,300,97.507017,False,False,True,11.872986419966416,1.5972109718033365
-31.418086,300,101.576801,False,False,True,7.718255046727692,1.944502027400567
-19.548351,93,102.85055,False,True,False,3.8314877169675707,5.313713705203214
-29.409737,300,106.842356,False,False,True,16.36238349288409,2.2872974853524406
-20.026,300,110.960073,False,False,True,7.035698327425334,5.662656815492949
-37.954768,300,114.982551,False,False,True,13.81431709202591,4.751396546021996
-15.738054,300,119.047985,False,False,True,14.992385844864252,3.445697148577666
-33.455686,300,123.144372,False,False,True,8.775098808857901,2.649472705718643
-26.046062,300,127.360654,False,False,True,9.623792440618088,2.0296334011697432
-23.342517,300,131.505835,False,False,True,7.046277883440702,2.2415363895034055
-12.34036,300,135.538752,False,False,True,15.093855537741147,5.994678643318561
-27.027447,145,137.446098,False,True,False,7.1015796241792435,4.661816643977889
-41.055364,215,140.347782,False,True,False,8.43412357148301,2.865586891767438
-30.210499,130,142.156749,False,True,False,5.268788655907547,3.0174899384503195
-17.813025,300,146.140499,False,False,True,12.157637366418129,3.220121290251673
23.071747,142,147.981265,True,False,False,7.202821049545535,2.954685127458037
-21.185249,300,151.973411,False,False,True,7.5785174626979455,3.0975378004592002
-29.314042,139,153.909331,False,True,False,5.2723982325222805,3.8993970060329395
-20.198275,9,154.039645,False,True,False,0.3146242829911566,4.138937164599247
4.785925,300,158.109598,False,False,True,12.241829851604209,5.879931388289792
-12.757103,300,162.162209,False,False,True,11.218171538831692,5.292837569548655
20.381934,261,165.656062,True,False,False,8.743863428587256,3.8177103022276078
26.785462,203,168.338637,True,False,False,10.192027828183777,4.9646349992889025
-22.66375,300,172.356789,False,False,True,10.442673231354686,2.1859679474977547
-15.228315,300,176.463507,False,False,True,16.34354854700051,4.947224529155612
-22.511571,300,180.527984,False,False,True,10.064987359609072,2.4577096579030275
-26.796541,50,181.214019,False,True,False,1.7397930446355447,4.021682028859272
-15.401621,300,185.466514,False,False,True,14.18094113131033,2.7764189423027688
15.142042,292,189.5111,True,False,False,9.17356647164671,3.6898484702527408
13.589424,227,192.637862,True,False,False,9.846446757531377,2.286162632588989
-8.824369,300,196.699073,False,False,True,8.011668367920118,3.207139996440673
-27.492402,118,198.274017,False,True,False,4.4453461205332125,2.432145729154033
-25.108095,119,199.908849,False,True,False,4.895153914401894,2.3063997085516443
-28.863063,160,202.076356,False,True,False,7.542895973631852,5.35760882866356
13.416204,259,205.628248,True,False,False,10.592963264404014,2.907643273679388
-36.081862,269,209.291553,False,True,False,8.254757549765717,2.349446661164772
-21.757067,76,210.285129,False,True,False,2.253963127473547,2.7809967292577458
-6.529328,300,214.332024,False,False,True,13.110648860051842,6.064708303757535
-12.125315,300,218.408359,False,False,True,10.306567587857526,3.713944747861687
-34.566425,300,222.622396,False,False,True,13.050408173821642,2.2824262248343046
3.268389,300,226.982597,False,False,True,12.415769560569455,5.258741008144615
-7.994512,300,246.308957,False,False,True,10.521673482018688,4.184921366279042
16.12083,122,247.927905,True,False,False,4.592870054202239,1.5177153399587242
26.616139,252,251.257813,True,False,False,11.469500705794168,5.39553530307353
-23.665252,91,252.486888,False,True,False,3.6899059090308253,4.339226606013039
-30.803582,160,254.751715,False,True,False,8.902324516296815,5.885398832771577
13.32771,294,258.749353,True,False,False,14.577419125806786,3.9679566591127644
24.518534,131,260.614908,True,False,False,6.933035909127033,2.9536318622018167
-9.344422,94,261.89314,False,True,False,4.85431593263483,5.788543319475025
16.637997,185,264.411753,True,False,False,7.837085047252532,2.174105366628339
-9.566011,300,268.565427,False,False,True,12.784331619695001,4.392429770983064
-15.038937,300,272.693573,False,False,True,13.331270596510167,2.9906995008521373
7.183091,300,276.723268,False,False,True,10.761322341796305,7.547967975596763
-4.417194,300,280.906834,False,False,True,11.907565184507122,5.437867912531659
30.62089,61,281.738962,True,False,False,3.213319128435363,3.009169344206239
2.574116,300,285.949735,False,False,True,13.221156761409098,5.646179748212308
22.856234,81,287.107553,True,False,False,3.498105253544124,2.013670597970904
22.58572,172,289.504214,True,False,False,7.274786107640614,3.125716644222222
-21.626553,56,290.280272,False,True,False,2.426247029481951,4.315355182357684
42.916165,121,291.904481,True,False,False,7.577980345604161,6.064866586453294
-15.602481,236,295.167811,False,True,False,9.258599164859278,6.174228060676246
27.861107,103,296.654612,True,False,False,6.799062727340003,3.166882471367895
36.499767,158,298.870683,True,False,False,8.88820922188931,5.481979188022143
37.883949,139,300.801165,True,False,False,8.860454982734437,5.435143736718
32.170853,111,302.303702,True,False,False,6.731017279474973,4.120853554287282
40.285823,98,303.636535,True,False,False,6.510305173880162,5.189051472112074
-13.488147,156,305.763714,False,True,False,6.587174419925654,5.320956806979463
23.136868,183,308.224677,True,False,False,6.493855936047645,3.220964814132245
32.285878,102,309.655243,True,False,False,5.534896514653885,3.7613867112262613
-10.910944,113,311.172722,False,True,False,5.464438338504801,3.7270402736024386
23.975842,47,311.850738,True,False,False,2.5487095665772173,1.5888213247716307
23.014112,296,315.879416,True,False,False,15.679710820472772,4.689607101300138
25.208064,62,316.736223,True,False,False,3.159773258519083,2.1162255008654367
25.796079,133,318.535694,True,False,False,6.5061553305847415,3.0344461964161806
35.758343,127,320.260601,True,False,False,8.958620582516431,4.872825727511044
5.026063,300,324.418642,False,False,True,18.46626500837157,6.12810758053637
19.852208,231,327.421781,True,False,False,7.692831214896797,3.2981562761677146
24.07597,90,328.599594,True,False,False,4.127325736350139,2.185152061810482
28.642384,48,329.282197,True,False,False,3.306157372043964,2.4968627616902577
-19.297083,94,330.604722,False,True,False,4.802091791273235,3.893851805906466
28.621963,99,331.884111,True,False,False,4.23757183423677,2.9903407794400625
31.855745,242,334.914337,True,False,False,12.292293170634188,5.667099340458773
35.730472,88,336.06384,True,False,False,6.270429625530094,4.48006424171765
-13.731846,300,340.168497,False,False,True,9.375640249288603,4.214883393945309
-21.454884,122,341.83206,False,True,False,6.6989738455027785,3.0693564167970675
38.759055,194,344.531986,True,False,False,12.069473195714869,6.39651115169531
35.26321,54,345.250675,True,False,False,3.5384584190213837,3.684742529905607
23.081081,69,346.183415,True,False,False,3.406086872329195,2.1108115477586793
29.068751,79,347.221786,True,False,False,3.8936104468754293,3.005501620962972
24.359274,59,347.985689,True,False,False,3.547460112092661,1.937632067439166
40.486037,92,349.210953,True,False,False,7.011903222421246,5.23413484623631
-16.292314,28,349.583255,False,True,False,2.270412651397128,3.3891651016562
32.537327,87,350.752178,True,False,False,4.720553619851276,3.8744240065648095
23.584288,41,351.33745,True,False,False,2.8285483758663466,1.6594865565811867
28.900288,123,352.977376,True,False,False,4.828594588554915,3.3007870649676594
25.317566,76,354.042806,True,False,False,5.141286458956693,2.221450827722048
38.119114,207,356.709715,True,False,False,9.78000560317464,6.386561622046768
-12.864513,114,358.2286,False,True,False,5.929167330717298,4.363544343475233
42.186009,132,360.066859,True,False,False,9.088055560013713,5.995040862194512
30.087247,95,361.316284,True,False,False,5.88785511142307,3.290771212559841
21.579243,98,362.558998,True,False,False,2.999003802248649,1.8065702505414527
-15.944694,80,363.609845,False,True,False,5.277617237734398,4.375059851838199
35.897552,118,365.178056,True,False,False,9.500999302457386,4.887136948344002
36.662898,146,367.261374,True,False,False,7.148041886505009,5.082621974830165
-37.495965,289,371.057398,False,True,False,9.81480639933763,4.225170592009913
26.133853,52,371.773134,True,False,False,1.9697667070766616,1.9955777815550526
22.403705,63,372.670793,True,False,False,3.7756861670421222,1.5056893713232686
24.955494,36,373.167632,True,False,False,2.54261187746628,1.7448061269486996
44.499227,151,375.152117,True,False,False,8.648140318043462,6.777474252761769
30.997371,137,376.914537,True,False,False,6.9557365968700555,3.9552918980375193
31.417332,58,377.690499,True,False,False,4.857964487739759,3.120812502268207
-15.228447,149,379.519821,False,True,False,7.735073974610076,3.8295103791535157
39.423398,93,385.062534,True,False,False,8.009650569382952,4.9984844917171
33.651487,94,386.275602,True,False,False,4.70889967109832,3.796927725803882
35.186258,88,387.396633,True,False,False,7.065971071215526,4.200048329655894
37.797154,59,388.220507,True,False,False,4.949099055379644,4.25017608471286
33.160328,75,389.218584,True,False,False,4.690074167295522,3.6460728343752384
36.501339,36,389.699929,True,False,False,4.215428815637478,3.764323477121137
26.327656,35,390.129547,True,False,False,2.0435247519841386,1.7987636642489098
41.025718,55,390.853163,True,False,False,5.12173968700644,4.809838305663326
29.73122,145,392.700718,True,False,False,6.877796496780341,3.861465008498388
23.481698,62,393.515569,True,False,False,2.2933610787259946,1.642292490919781
39.609912,150,395.53987,True,False,False,8.212620534055947,5.946514440572822
38.856046,96,396.765733,True,False,False,5.731173648297351,4.799882202507939
49.071192,71,397.595059,True,False,False,7.64017997505402,6.5144469926340145
43.035893,109,398.95798,True,False,False,7.207125293773137,5.990033759385431
30.873113,78,400.045834,True,False,False,6.471914486078655,3.2410162700555185
-19.656786,38,400.50913,False,True,False,3.233504077261719,1.6364608808418102
-10.736162,51,401.153537,False,True,False,3.9382326296247645,4.970537866363302
26.90718,35,401.551441,True,False,False,2.4038423974113368,2.165389440179182
-5.807576,177,404.000873,False,True,False,7.83454012369758,6.206322855838275
37.853375,87,405.183894,True,False,False,5.651445226135503,4.87812390792377
37.225538,86,406.258029,True,False,False,5.27766175418076,4.387580390636944
33.29822,59,406.982304,True,False,False,4.188546924836177,3.430870926538784
-16.675466,65,407.824158,False,True,False,2.281776141328698,3.0092515164312834
31.762964,53,408.483379,True,False,False,3.0388411408571043,3.015009523755631
27.722694,75,409.37089,True,False,False,5.656628926353314,2.7556168801644945
26.54304,31,409.77347,True,False,False,2.5413807961635446,1.8955900616871038
39.657511,51,410.445327,True,False,False,6.225896550006303,4.604057706692275
24.617633,157,412.742039,True,False,False,6.824956098940379,3.047808337099599
23.600981,50,413.398373,True,False,False,2.347378458883548,1.5408041460231925
27.673369,28,413.782943,True,False,False,2.6905315418236553,2.023134803188634
38.456015,69,414.715637,True,False,False,5.426639879760452,4.498393458387323
30.118663,99,416.058636,True,False,False,4.434372898277831,3.308513467119139
18.935762,276,419.597601,True,False,False,16.91518703552366,3.752004432852413
37.65755,96,420.938925,True,False,False,5.8625314498635674,4.751312377640946
40.606956,87,422.03705,True,False,False,5.8477265394366285,4.9651303649895375
-19.287994,103,423.508594,False,True,False,6.02829265728381,2.9427549542979325
39.458005,100,424.845932,True,False,False,6.66474532657278,4.921410565499277
37.715406,45,425.393649,True,False,False,3.8478642864729182,3.8838630562506964
-16.549406,31,425.820559,False,True,False,1.8063403320304572,5.218636174770555
-9.939365,112,427.327216,False,True,False,5.65489124524221,6.007511246115937
35.960732,99,428.807506,True,False,False,5.184443728383903,4.659407435772438
37.812664,78,429.847554,True,False,False,6.232627100425904,4.645522733534412
-15.463864,27,430.20631,False,True,False,1.9610529309577376,2.888608593987743
28.094115,30,430.617432,True,False,False,2.3377390616973703,2.1161034706817308
24.489499,32,431.043604,True,False,False,1.9881862841046425,1.639956116462765
-17.643159,13,431.32297,False,True,False,0.706784644581985,2.164378331584734
-6.397092,80,432.365099,False,True,False,5.773904582083029,5.290794688438306
31.626008,101,433.783413,True,False,False,5.477825222651579,3.7418702993715915
30.425622,40,434.306687,True,False,False,2.9309750373167662,2.634896339201223
37.993683,88,435.49674,True,False,False,6.797197355022633,4.721670447503959
30.292638,62,436.469307,True,False,False,5.335361987186631,3.110647297664348
27.235068,26,436.831646,True,False,False,1.6249322768092629,1.8375609981153718
36.875294,65,437.706515,True,False,False,4.995769000248061,4.139347978361684
27.439826,29,438.091599,True,False,False,2.3686866334046237,1.9620261150123743
36.958286,64,438.945443,True,False,False,5.147659382278146,4.151539491100923
29.0904,30,439.338408,True,False,False,2.4595454979993443,2.261912532684949
26.452185,52,440.084051,True,False,False,3.462742962161225,2.079301912533971
34.773408,48,440.714645,True,False,False,3.924876836919842,3.603160454271205
25.960775,38,441.197885,True,False,False,1.7589818472203027,1.7592046501539835
38.015233,104,442.870064,True,False,False,8.147916315837108,5.247880870267146
32.970047,36,443.365572,True,False,False,3.3612850224892195,3.0511634383859203
-18.326108,12,443.526925,False,True,False,0.8482411531641367,2.582480995660695
26.260396,33,443.950933,True,False,False,2.426408881552756,1.766730926240004
-12.384228,112,445.403566,False,True,False,4.592783226070874,4.425910014239562
-14.43202,115,446.968263,False,True,False,3.974844023453229,3.0661637160523663
28.8219,48,447.646645,True,False,False,3.1910497606789474,2.501353527498544
29.148037,217,450.668476,True,False,False,13.067536926595883,4.8338373699865915
38.926467,118,452.312003,True,False,False,7.987558108903807,5.253756912348663
39.667961,236,455.597441,True,False,False,10.616503980373986,6.721931014976777
33.520196,34,456.021475,True,False,False,3.1379533427120996,3.099933313696094
32.650456,39,456.513705,True,False,False,3.1416782800414524,3.0176285979538813
32.556642,67,457.465143,True,False,False,4.0475117105009435,3.46105016544237
-16.087452,14,457.66132,False,True,False,0.9913171458242876,6.155687463291678
33.953813,43,458.3708,True,False,False,4.269501400143704,3.3781989101685936
44.757581,129,460.044795,True,False,False,8.082199089767649,6.223510529807177
37.300563,128,461.678104,True,False,False,9.11587199302186,5.14125081013163
-15.365465,45,462.252645,False,True,False,2.892181478105104,2.2776407509481533
34.694552,76,463.287805,True,False,False,5.471887742152664,3.9449029060930565
-14.857822,10,463.419098,False,True,False,1.173279327919701,5.954561424819608
24.631686,50,464.049294,True,False,False,3.5744064159276734,1.7321286493393846
32.461086,55,464.739844,True,False,False,5.071752708681738,3.231746227301182
46.104725,109,466.152823,True,False,False,7.280123374035452,6.189527591668605
40.136031,109,467.56466,True,False,False,7.4843237371858,5.218444556236576
31.33028,73,468.482355,True,False,False,5.62689309396288,3.25018499362539
44.446927,157,470.569766,True,False,False,9.002034245280615,6.515956013942134
29.581201,34,471.038139,True,False,False,2.647931877364745,2.404570605122578
35.370528,96,472.22358,True,False,False,5.639623827074885,4.108437333168172
33.946375,94,473.429701,True,False,False,7.171056771173789,4.059126128679758
41.706911,55,474.163855,True,False,False,5.5432581344557965,4.810300040760077
-12.131024,91,475.387793,False,True,False,4.474822805292274,4.432458845564027
32.034041,56,476.134603,True,False,False,4.0865806727034215,3.147230715232556
26.825362,37,476.635637,True,False,False,2.706103487347458,1.9646582116303404
25.381389,70,477.53488,True,False,False,4.503814754793507,2.198401441054727
25.511714,18,477.76547,True,False,False,1.7281001137206964,1.507700660908642
28.954725,43,478.457927,True,False,False,3.184933276496622,2.3311769279314416
36.824249,214,481.431761,True,False,False,17.44187336540321,6.22605404986172
33.171136,50,482.076438,True,False,False,3.2500723309407404,3.1480067496862225
38.095524,36,482.613471,True,False,False,4.096344410333707,4.025959532477334
38.62508,116,484.17868,True,False,False,7.548012946210544,4.884541882541566
33.90466,131,485.93313,True,False,False,9.824994144106707,4.660566329294929
34.320261,49,486.55551,True,False,False,3.951172307181058,3.4986942925242257
25.293598,39,487.048773,True,False,False,1.960267988748355,1.6782993460236355
29.895479,37,487.635557,True,False,False,3.0184774309254774,2.575182847420039
38.028861,60,488.473749,True,False,False,4.812685986552794,4.287224661195491
-29.667653,248,491.945163,False,True,False,13.82380020951379,3.395720369190459
32.819649,54,492.645978,True,False,False,3.7026982208038532,3.1808486207079922
24.714577,62,493.640501,True,False,False,3.4335004384176466,1.832430490457623
-16.180637,65,494.542643,False,True,False,4.11491507812841,2.9045957853175826
33.396885,59,495.3312,True,False,False,5.485423352563549,3.5422220876934536
39.962262,66,496.218328,True,False,False,5.443783186315157,4.681667712622793
29.632627,43,496.805477,True,False,False,3.4607863886401047,2.6937322615907595
23.03914,200,499.608608,True,False,False,10.036873104231697,3.496542466986019
-18.834212,85,500.729212,False,True,False,5.42315698869974,4.74447040368118
40.211411,93,502.05207,True,False,False,6.802304948674227,5.030640476644153
27.031893,21,502.324165,True,False,False,1.7909705361505093,1.7867921297711993
42.111357,186,504.797436,True,False,False,7.885243581107789,6.461644583867447
35.83797,75,505.838894,True,False,False,6.051092019723527,4.1098709853461735
36.795767,38,506.343265,True,False,False,4.308949929395037,3.780537571746388
32.417179,30,506.739337,True,False,False,3.367394556160298,3.099858496444948
27.31304,81,507.880006,True,False,False,3.6344254552281945,2.7016366171767596
-12.294241,300,512.144805,False,False,True,11.742329057924103,7.22302509457899
25.652712,40,512.639108,True,False,False,3.1160594232060808,1.7886001901359303
32.905063,56,513.410913,True,False,False,3.72107266669168,3.2287520031721857
-15.583743,46,514.048407,False,True,False,2.9519196149638414,2.7477088108425196
39.249701,102,515.540952,True,False,False,7.5904898763037085,5.280414538612922
-18.194106,32,515.953788,False,True,False,2.885314103571956,5.529461849643745
32.80224,59,516.800017,True,False,False,5.058996615078631,3.5232657893904875
40.209943,89,517.9284,True,False,False,5.350053631345495,5.065278590255387
28.02185,34,518.393576,True,False,False,2.084532095380226,2.1178722498584923
31.210989,90,519.545298,True,False,False,6.734540031412078,3.6135943123550125
39.414312,149,526.266081,True,False,False,8.067749973606334,5.513549095152963
31.354327,61,527.085072,True,False,False,3.301376107575174,2.992548186474813
43.166959,148,529.023654,True,False,False,9.155657484223516,6.078589859111071
44.400001,87,530.210435,True,False,False,6.72716553453377,5.595921414603918
-18.413764,52,530.914652,False,True,False,2.585446091830011,2.0649368116690447
34.793726,71,531.926857,True,False,False,4.109320606896166,3.7365445075135013
33.001217,31,532.362199,True,False,False,2.921234301849668,3.0206825241688584
31.968417,154,534.370884,True,False,False,8.363007424883213,4.346991183609523
39.290161,78,535.447083,True,False,False,7.011155573901108,4.743081198400371
41.57604,61,536.235397,True,False,False,5.374492011457849,4.897995257732368
42.076292,72,537.234037,True,False,False,6.53416254478077,5.3051341346411744
34.377412,160,539.395908,True,False,False,9.065714541781912,4.936305909065837
40.735138,70,540.344652,True,False,False,7.076949905576388,4.904820396049015
32.109821,68,541.197329,True,False,False,3.658954402282079,3.36266770444031
42.350443,154,543.281917,True,False,False,11.097338146186438,6.567635518027565
32.838063,45,543.900302,True,False,False,3.6237340817959773,3.185197359978512
28.771963,65,544.729081,True,False,False,3.7018585785168843,2.6264785519954157
41.679836,71,545.642278,True,False,False,6.65775504869921,5.047063810508361
37.171424,57,546.409036,True,False,False,4.627497436687197,3.9998333342818695
31.654127,55,547.150639,True,False,False,3.7481728451961085,3.010864557275029
26.198646,60,547.949931,True,False,False,4.213972818889454,2.1424295629995744
29.320921,40,548.531044,True,False,False,2.5236052652325576,2.4870264964613726
31.331192,43,549.092419,True,False,False,2.9683541469383177,2.746521243999708
-13.710533,31,549.526264,False,True,False,1.8556689125431698,6.346780198783672
-20.435976,44,550.094482,False,True,False,2.0666021574125053,1.9944578091992782
-18.568995,7,550.169861,False,True,False,0.462951179818485,2.1818291033835227
-7.641589,90,551.326969,False,True,False,6.732518484505059,4.839839752950927
30.905564,28,551.697056,True,False,False,2.4760244775756712,2.534228508499374
32.516615,109,553.162057,True,False,False,5.764947302546367,3.939322427657662
33.465835,61,554.00621,True,False,False,4.149391963052524,3.4568272234569277
44.561266,166,556.261185,True,False,False,9.59976623574881,6.476408462307083
27.721991,22,556.579363,True,False,False,2.3677892820656607,1.953519838022488
37.579782,120,558.255976,True,False,False,7.182947167358432,5.289440539398883
26.33522,21,558.559229,True,False,False,1.6840096038183174,1.672855563252588
41.079688,81,559.658169,True,False,False,8.066631592645868,5.117933931906276
38.410966,77,560.650541,True,False,False,5.787083824964451,4.471184809875133
47.301463,88,561.844026,True,False,False,7.772758189746445,6.4186118094142905
-24.892393,133,563.632684,False,True,False,5.76457959840728,2.4208587483121033
32.751012,46,564.225455,True,False,False,3.213711995034555,3.0846788863668713
33.157222,122,565.779479,True,False,False,7.048005535163154,4.167972088677366
34.246764,43,566.341689,True,False,False,3.6559623403670303,3.3283420940375867
32.561765,47,566.93422,True,False,False,4.12418950141689,3.1345012314413006
33.857097,78,568.003809,True,False,False,6.16254778348229,4.085080123828788
30.902269,43,568.652436,True,False,False,2.9015564986304634,2.7264875628986793
26.192914,25,569.018529,True,False,False,1.759757081760141,1.6874578015090522
39.00169,57,569.808444,True,False,False,4.395689829975827,4.235506430536659
30.87671,44,570.371012,True,False,False,2.9342136663383864,2.653612364258981
32.826164,61,571.125168,True,False,False,3.4758029382735547,3.338618134821196
40.524282,48,571.766464,True,False,False,4.602461621557969,4.507289826189667
29.417928,26,572.134172,True,False,False,2.5973070987404463,2.3061766477157133
32.8916,42,572.693963,True,False,False,3.0773387900936195,3.0593725173098827
39.645409,80,573.82603,True,False,False,5.843356657477594,4.993003517922365
31.574243,34,574.360542,True,False,False,3.3587415706503423,2.7753983521258325
42.229348,45,574.980371,True,False,False,5.448518298570217,4.808685651185458
40.71145,112,576.457582,True,False,False,7.210040842598099,5.4559793892830015
45.840632,82,577.696571,True,False,False,8.552925629165047,6.011223418761267
-13.792149,14,577.899699,False,True,False,1.4284870756980974,3.207040049109182
36.350802,41,578.442502,True,False,False,4.121034901101026,3.771544815140325
45.719904,72,579.435035,True,False,False,7.2267365134819945,5.889002429387229
31.02244,115,580.99259,True,False,False,8.272724966273739,3.5817182417013633
34.121355,72,581.984474,True,False,False,4.881899060651097,3.676252086813291
28.83303,27,582.363001,True,False,False,2.8019814675890364,2.1722589868695015
39.306338,42,582.881374,True,False,False,4.1547362380350075,4.206604711601022
27.436499,16,583.109101,True,False,False,1.6276845504960262,1.8185241629067688
26.608393,36,583.560746,True,False,False,2.544200063855436,1.8119897313079214
28.463209,67,584.466275,True,False,False,4.174776658910689,2.746713470511299
31.183406,20,584.741531,True,False,False,2.4423716235245854,2.5567694657655755
30.270021,30,585.139061,True,False,False,2.8454021702508436,2.4804309219558873
31.074431,36,585.633992,True,False,False,3.217132805004239,2.739015064171654
30.315136,66,586.484887,True,False,False,4.092275613281675,2.937826032076016
29.06209,60,587.246145,True,False,False,3.7204035900879604,2.5792261184918663
41.206247,63,588.116201,True,False,False,5.3987177465738565,5.067717055720222
30.824635,34,588.583337,True,False,False,2.910972449697511,2.6324598068934835
43.430815,62,589.494004,True,False,False,6.195111190813785,5.315747908120172
50.750178,132,591.36631,True,False,False,8.251466251648795,7.427346607087706
27.500813,17,591.60449,True,False,False,1.7912584135144145,1.7713698840562877
28.862779,76,592.583107,True,False,False,5.266208481801846,2.7159542588217644
41.674131,85,593.653941,True,False,False,5.440402239238633,5.082985329232789
38.82579,134,595.447562,True,False,False,7.211365439968492,5.154730354551857
27.993594,39,595.97821,True,False,False,2.1806654143680606,2.1203614129175166
29.447628,44,596.539823,True,False,False,3.1337265498411595,2.5354124645066523
37.657954,44,597.114994,True,False,False,4.0758182407428905,4.012123002663193
-15.713116,12,597.268119,False,True,False,1.2012043367818344,3.3622549658676144
34.302574,57,598.018177,True,False,False,4.68120870691552,3.8212021118694555
-12.927803,45,598.652057,False,True,False,3.0196175442301323,3.62954137454083
39.830086,48,599.268826,True,False,False,4.809707424044386,4.411790532466695
35.642818,70,600.100026,True,False,False,6.021842226678705,4.0964287624197695
34.08196,42,600.648995,True,False,False,3.9626891449134103,3.31094474413162
37.38117,62,601.539034,True,False,False,4.395562453909941,4.159036616835516
35.349307,45,602.101165,True,False,False,3.7275424056013806,3.631612445080748
45.37094,120,603.595183,True,False,False,8.818796074931212,6.463668725790833
42.557208,79,604.630596,True,False,False,6.715112809541499,5.52593263891286
45.96876,101,605.896457,True,False,False,7.854816847841656,6.475068602584924
40.338793,80,607.013045,True,False,False,6.909788885886805,4.959466081351066
42.049905,101,608.408759,True,False,False,7.089214089737491,5.656397729919245
31.542254,49,609.05703,True,False,False,3.4237288582217467,2.9564650509431125
38.470454,45,609.636929,True,False,False,4.494866565358006,4.345968762679342
28.499534,31,610.014341,True,False,False,2.209232378477135,2.1832889145769143
36.898685,54,610.709605,True,False,False,4.105394672766836,3.9730694364442165
34.148916,47,611.314555,True,False,False,4.134486500252077,3.7475473957664263
21.008362,46,611.896183,True,False,False,2.1813856091735957,1.6288913914842238
-3.061574,47,612.500133,False,True,False,4.711701327959938,5.157042272198059
27.416583,27,612.873394,True,False,False,2.081476326359172,1.8779294757190934
42.262231,73,613.792574,True,False,False,6.96364489316516,5.308728175701639
-17.627848,32,614.255541,False,True,False,2.885803543504501,2.7024711797093417
44.222025,82,615.372901,True,False,False,7.577930816004942,5.640277827656881
30.969635,32,615.819004,True,False,False,2.6296677267136848,2.5898562266074863
37.787039,72,616.765595,True,False,False,5.121352544821633,4.222538342904202
43.002188,46,617.392526,True,False,False,5.590604215692143,5.137649029249586
30.214193,24,617.686056,True,False,False,2.294369551409241,2.4015498252029923
40.958744,59,618.447684,True,False,False,6.02057288668839,4.907651689818202
36.285414,50,619.112589,True,False,False,4.27132403596452,3.840597615749257
32.286663,27,619.467119,True,False,False,2.8889025576435077,2.8453684108746606
-15.616032,20,619.725044,False,True,False,1.194961185804197,5.93205938101227
44.485853,129,621.512182,True,False,False,8.150951913033456,5.991661919777967
-19.42864,30,621.949627,False,True,False,1.5288048812639723,2.3020721504161665
28.087848,18,622.186022,True,False,False,1.9317407212825122,2.0054059924269536
35.507252,51,622.822641,True,False,False,5.198967673621993,3.5782891948545
42.803594,54,623.586036,True,False,False,5.137372175606158,5.149266398650892
44.497644,100,624.864075,True,False,False,7.802398154906739,5.771146933189929
27.924292,25,625.199539,True,False,False,2.159247908684534,2.058033614954537
46.603715,106,626.595051,True,False,False,8.400317004514527,6.363366918421408
34.877779,61,627.405185,True,False,False,4.35781004226775,3.67573095096584
-8.81007,33,627.836834,False,True,False,3.2437894438153476,4.888227074043277
27.850231,22,628.082448,True,False,False,2.120203226563925,1.949810407555105
35.73761,73,628.999085,True,False,False,5.676368352024556,3.9371379994796745
33.282824,22,629.263885,True,False,False,3.048804567951937,2.9237605151467787
33.171026,46,629.842361,True,False,False,3.710509594862289,3.1015920342344194
33.815757,33,630.284081,True,False,False,3.08327062477686,3.1179781049409048
32.389012,42,630.853135,True,False,False,3.1701047463648915,2.90446533226135
37.365236,88,632.059437,True,False,False,9.574994285665765,4.6120295881308415
29.407155,40,632.56155,True,False,False,2.590850286967904,2.3805785716974133
26.709301,18,632.791436,True,False,False,1.632903740998828,1.7238418516043383
40.590416,62,633.616406,True,False,False,5.649422464384401,4.830873429805657
45.63421,70,634.515982,True,False,False,6.637108761451469,5.820882627123004
-12.774786,33,634.932066,False,True,False,2.978925926074464,4.28277442466909
31.213344,50,635.587569,True,False,False,3.020275409633289,2.8600633428832443
28.566153,23,635.897574,True,False,False,2.323125799788107,2.126049319265032
30.974998,30,636.290276,True,False,False,2.688613583844233,2.6264721971070633
-19.736726,29,636.668576,False,True,False,0.9474535254581596,1.7784712209018647
35.714483,35,637.148787,True,False,False,3.8436074637605278,3.4220257773852105
47.800599,68,638.08646,True,False,False,7.730435399392533,6.099903411979765
38.127598,56,638.806167,True,False,False,4.2841082350316855,4.0482792533085625
32.60429,30,639.180861,True,False,False,3.0548306542993418,2.906580366364122
36.769647,57,639.887112,True,False,False,4.687936227804091,3.976251583671426
25.712571,21,640.179183,True,False,False,1.5502426133185978,1.531589479708103
37.122641,56,640.941833,True,False,False,4.4538470148043015,3.957480290366778
26.662263,35,641.377,True,False,False,1.925988390180493,1.8106179187574378
37.10038,82,642.408426,True,False,False,7.2648887292235305,4.524469351106852
45.126965,82,643.556808,True,False,False,6.939026317487774,6.178308305008047
33.653748,43,644.13251,True,False,False,3.2105636959290544,3.1629667734865508
31.411119,35,644.620092,True,False,False,2.681460519965301,2.6713018955588397
45.445497,119,646.209168,True,False,False,8.509074272299443,6.520198230339317
42.503114,159,648.344613,True,False,False,9.712851832875117,6.11947481783382
34.78201,40,648.886747,True,False,False,3.753804121686924,3.4397866262822556
29.471236,52,649.592256,True,False,False,3.0622184627139535,2.546724181465062
40.135991,76,650.646214,True,False,False,6.603417648048887,4.971400165744996
46.548231,83,651.740343,True,False,False,7.461954706242556,6.028998697427718
30.981229,88,652.912794,True,False,False,4.816095792824651,3.269448077207305
24.82635,53,653.612787,True,False,False,4.569055909565731,1.7261862670025196
35.883551,50,654.283579,True,False,False,3.7730891506554296,3.6236360427542635
32.469293,39,654.802444,True,False,False,4.043817959111222,3.0901010693640116
39.483034,91,655.9954,True,False,False,6.29774885628061,4.651350198334566
45.956382,157,661.142967,True,False,False,8.32165296900267,6.879016133576374
47.343184,60,661.91293,True,False,False,6.100759065610711,5.959493356774643
26.956294,30,662.335099,True,False,False,2.0911477665447236,1.9151428141986968
36.019764,97,663.593,True,False,False,6.044362098600944,4.295358385148948
39.247217,55,664.323881,True,False,False,5.217611991809147,4.32526144878781
34.388804,47,664.948948,True,False,False,4.162311696546663,3.439167552075667
45.016492,93,666.177747,True,False,False,8.07252860684607,5.968142608390185
41.416478,87,667.302094,True,False,False,5.55497292635473,4.990545273649176
43.011116,117,668.914715,True,False,False,10.265807067476965,5.869940099053118
25.286828,48,669.578131,True,False,False,2.1624309217666924,1.707524717607936
49.081254,73,670.518861,True,False,False,6.881579841290471,6.498296390574701
35.007458,51,671.19156,True,False,False,4.266673254602786,3.553072565831355
32.422647,27,671.54609,True,False,False,2.8414763459952663,2.835710092709299
29.858158,43,672.153585,True,False,False,3.3104733963816555,2.5869543630825387
28.144956,27,672.500007,True,False,False,1.8306997854325333,1.9987622205920488
34.959066,32,672.906602,True,False,False,3.593295800229301,3.3592801468382296
36.089997,42,673.447561,True,False,False,4.158875476197025,3.6046431541249504
32.457375,46,673.995842,True,False,False,3.278450854457234,3.0577170883394307
36.897704,64,674.865243,True,False,False,5.0493922688157316,4.1842869663532065
41.849306,74,675.843422,True,False,False,5.132937133519279,4.9363447292108
27.423724,26,676.191298,True,False,False,2.24657253827039,1.9677695316928918
30.457707,74,677.176253,True,False,False,4.489000115673987,3.1307267162891756
33.003079,38,677.705691,True,False,False,3.3343604151291086,3.12680928769747
28.666098,44,678.326394,True,False,False,2.6437107924538674,2.2824445608256485
31.911291,64,679.210732,True,False,False,4.683845429295562,3.302541179981619
-10.386896,33,679.67612,False,True,False,2.7446363615769824,4.489559697973703
27.125982,34,680.110011,True,False,False,2.4860119833493672,1.9457653822430452
25.320094,22,680.398445,True,False,False,1.622319071659521,1.5339742663254174
39.839159,84,681.554851,True,False,False,6.398607244733595,5.287383982653925
-2.957743,69,682.438415,False,True,False,4.565322038455066,4.424492993878737
27.068686,48,683.066953,True,False,False,3.3357000133867443,2.4688333791370343
33.449556,51,683.771224,True,False,False,3.5944029279064247,3.2455890703426613
27.61745,25,684.086468,True,False,False,2.2696591867430373,1.9345187652476874
29.312851,26,684.418202,True,False,False,2.363070196032908,2.1992472596862456
32.564525,41,685.01492,True,False,False,3.6530875060769854,3.011351047224589
35.056952,64,685.887894,True,False,False,3.7579957507884565,3.7095191848383786
39.605224,44,686.487575,True,False,False,4.70895212477025,4.427971706685367
37.810219,66,687.347996,True,False,False,6.485464452768184,4.309811883194956
28.156622,18,687.59081,True,False,False,1.8278025912150113,1.9214218285015683
39.618767,48,688.232738,True,False,False,5.455986794031812,4.415621928606849
44.510367,79,689.328063,True,False,False,7.3102448880083815,5.710521549433138
29.908175,25,689.655535,True,False,False,2.42029972971269,2.349111844068575
33.156595,49,690.261996,True,False,False,3.5459812935434503,3.101964882529886
34.373223,62,691.049698,True,False,False,6.258871365843507,3.5203448505795323
37.538012,65,691.87618,True,False,False,6.182195408340482,4.397795790740536
-4.126395,116,693.435053,False,True,False,6.541550966700717,6.906680586510792
-9.863509,27,693.779778,False,True,False,2.8982714493863164,3.2016530007829975
35.629316,39,694.30148,True,False,False,3.9636150769734337,3.5426037682829836
40.57566,61,695.080868,True,False,False,5.710572466935511,4.813002458566321
34.66434,80,696.136026,True,False,False,4.071090961294208,3.7423744435765047
42.600164,66,697.013726,True,False,False,6.292662382827026,5.473223258442532
37.639001,101,698.308734,True,False,False,5.6738088103465785,4.47616642147374
48.672752,76,699.30516,True,False,False,7.369095252674515,6.378734084903338
37.821253,79,700.36369,True,False,False,5.082015092197626,4.282360540832871
45.120857,56,701.139091,True,False,False,5.7629277686938,5.506753034220662
35.317836,62,701.944321,True,False,False,4.63684917422756,4.008907672602861
37.497778,60,702.712489,True,False,False,4.510705475844828,3.9986252447816772
34.847187,67,703.558423,True,False,False,4.613434897079838,3.8426881761353493
37.860255,33,703.963804,True,False,False,4.085295507194541,3.924910147099808
40.41574,58,704.746064,True,False,False,5.846582348121989,4.739659693597292
29.186885,31,705.166489,True,False,False,2.3767538218287236,2.2974670529431176
45.316425,95,706.40255,True,False,False,6.5860788931615595,5.968302042310629
53.864258,109,707.871938,True,False,False,10.380726344972556,7.939685205645766
39.330508,48,708.473068,True,False,False,4.666665780159496,4.371269261802862
37.572493,52,709.127491,True,False,False,4.319010136579582,4.048949786588712
33.958039,66,710.000579,True,False,False,4.208093649733005,3.573963475616451
30.85626,48,710.68076,True,False,False,3.6135322870643254,2.7799013659492244
-0.893274,69,711.575024,False,True,False,5.861267691750138,6.876947492927333
47.637988,115,713.124981,True,False,False,7.92730047602089,6.459434561009062
30.029727,34,713.562476,True,False,False,2.675895084803718,2.498338801507352
37.912066,84,714.669686,True,False,False,6.1497871822484695,4.736188078463339
40.634834,68,715.582829,True,False,False,4.72530704529819,4.663193013724769
34.415894,113,717.056311,True,False,False,5.997918569162395,4.821893175427532
44.437674,78,718.140832,True,False,False,6.674548158690879,5.5941150614891315
32.007872,64,719.005943,True,False,False,4.562726437552117,3.1150166440359532
28.062229,43,719.607605,True,False,False,3.049575441530541,2.6676002876823595
30.902851,48,720.241699,True,False,False,3.6123714525258324,2.7666984393842537
37.997869,70,721.216257,True,False,False,4.890225747278146,4.249513506824892
43.426729,62,722.096805,True,False,False,6.055193295408064,5.214028381860712
37.301221,58,722.882887,True,False,False,4.9387532996574715,3.931367017604218
29.478131,32,723.288501,True,False,False,3.090032036322951,2.4350836972053846
28.863021,33,723.735622,True,False,False,2.3894109363889893,2.271376651312073
24.806284,34,724.220857,True,False,False,2.6059067242079896,1.66843804640401
31.072844,41,724.799155,True,False,False,3.099509044012718,2.804851428740598
-13.041228,18,725.042548,False,True,False,1.783227311725161,5.527133364879314
31.939013,71,725.996519,True,False,False,3.9829885608893627,3.2335556349466126
33.957452,30,726.39116,True,False,False,3.3622672888068506,3.163614717829882
44.741292,70,727.335338,True,False,False,6.764992826122218,5.586135100791446
33.985975,47,727.956211,True,False,False,4.827502091796077,3.432578678269897
34.331586,61,728.75375,True,False,False,4.242696365907095,3.4574757675606005
30.601889,58,729.571049,True,False,False,4.031409889965787,2.9148768567158827
29.41831,34,730.014446,True,False,False,2.887133104490313,2.4650416443076004
26.979521,64,730.863438,True,False,False,5.0284990904668065,2.529177919040647
-6.475397,56,731.577486,False,True,False,3.843575936863694,4.216930427485365
33.719165,49,732.230303,True,False,False,3.2471433687788105,3.256657133615149
31.587032,58,733.019463,True,False,False,4.982525099182324,3.1860965353820037
39.497077,66,733.885446,True,False,False,5.069245946241788,4.582859482061626
40.589521,56,734.629933,True,False,False,5.216667023704978,4.525709481065602
32.809175,52,735.325873,True,False,False,4.80750664866629,3.338603521429135
29.485792,25,735.642246,True,False,False,2.0724352580622045,2.276792282753829
34.532922,85,736.780402,True,False,False,6.359250828347367,3.913952484588317
29.145925,24,737.089186,True,False,False,2.2857282933164362,2.1994762954170164
30.363532,36,737.526915,True,False,False,3.2368881276227843,2.6067040044267573
29.761078,28,737.912469,True,False,False,2.139852228875321,2.2976245810243876
33.372643,44,738.516096,True,False,False,4.233447185569569,3.152594156590269
25.77531,15,738.722081,True,False,False,1.6057616336603535,1.6483294968116196
47.250311,63,739.574804,True,False,False,7.441958701359397,5.9303600299530626
24.310572,32,740.013941,True,False,False,1.9939824114927052,1.6024365083321073
34.570987,77,741.108185,True,False,False,6.307509421057539,3.8133857000300275
37.121187,66,742.012579,True,False,False,4.682988954243313,4.215533123689353
-24.661428,12,742.183187,False,True,False,0.7504053086141016,2.5729887244964154
35.763605,61,742.986101,True,False,False,4.171457269275182,3.864405111066133
28.940165,85,744.155563,True,False,False,5.907334671715433,3.134924309232639
36.745452,84,745.307126,True,False,False,6.209973552066971,4.624300023642053
26.783984,31,745.727918,True,False,False,1.9644198204859495,1.8446016879424485
41.553357,103,747.123967,True,False,False,8.755334872217437,5.749865976581616
39.791342,51,747.822328,True,False,False,5.1241647956129235,4.531594728003001
28.510602,25,748.144907,True,False,False,1.985284815525388,2.0860372118703854
44.779775,88,749.376412,True,False,False,7.253970744140396,5.711778243790428
26.316407,26,749.723469,True,False,False,1.933135350835813,1.6784973656980795
-13.227098,30,750.105875,False,True,False,2.8225539060140523,3.2536644231109353
31.371389,27,750.459337,True,False,False,2.5549051223555455,2.6575107146662202
32.987377,32,750.86987,True,False,False,2.8797666516986,2.989753337350035
45.024323,99,752.133387,True,False,False,6.957746332840398,5.924367043690052
36.514899,51,752.803082,True,False,False,4.451753446367146,3.8739168839391005
28.143709,28,753.17558,True,False,False,2.2726066133451317,2.084349008675219
-16.017593,11,753.31033,False,True,False,0.9877435336048127,2.8316531621991494
40.231791,127,754.97345,True,False,False,8.932178932423533,6.028002713193937
30.38378,57,755.721849,True,False,False,4.849315250157181,2.9362874697701784
34.430379,41,756.349512,True,False,False,3.4753219380567155,3.3351646711325014
25.771997,38,756.851787,True,False,False,2.7462469526511897,1.8185301288817441
43.891582,83,757.932113,True,False,False,7.015159095995893,5.577708025428044
41.162921,58,758.738083,True,False,False,5.852262045148977,4.80705374949155
32.884839,48,759.38968,True,False,False,3.998220143791179,3.1476102462937625
32.72274,41,760.046087,True,False,False,3.9521078734574946,3.0433428313710107
35.040213,74,760.982661,True,False,False,4.022575148894048,3.738605570535715
48.749682,102,762.37351,True,False,False,7.577034586052455,6.516191234409995
32.317703,34,762.808408,True,False,False,3.283405240406256,2.856797857653828
36.666258,42,763.36255,True,False,False,5.165357856305395,3.794870093486606
29.781565,51,764.024444,True,False,False,4.745426563359842,2.5806093858064356
31.357004,27,764.399571,True,False,False,3.23652949296963,2.6600297083959203
42.675799,74,765.472758,True,False,False,5.941186933670564,5.230163611033403
33.366004,50,766.16693,True,False,False,4.383036722335372,3.189805498024216
39.847114,45,766.736957,True,False,False,4.3663487335643,4.28889005658631
41.521103,142,768.7139,True,False,False,6.903196533021575,5.989913149619318
25.717464,39,769.234307,True,False,False,3.4751008783602906,1.7751776800045667
26.409942,39,769.764956,True,False,False,2.8021802636890105,1.8567235231311165
37.418149,67,770.713396,True,False,False,5.466324247035534,4.270826256014112
29.192217,18,770.949265,True,False,False,2.025471787100583,2.1776191005162073
29.285049,47,771.564655,True,False,False,2.83898449911254,2.430976124254484
41.256538,69,772.545153,True,False,False,5.859950454572347,4.891577605941126
41.02338,78,773.630645,True,False,False,6.071098440783013,5.0938446924439145
34.633932,77,774.641641,True,False,False,4.731171868753212,3.6619827875404036
-13.352159,16,774.848907,False,True,False,1.933716563349313,5.2797800615054795
34.424146,43,775.445624,True,False,False,3.4787673896586626,3.434230746393547
26.409375,44,776.053802,True,False,False,2.5652925786837706,1.8936099799258874
34.470758,53,776.758749,True,False,False,4.822755782734295,3.395378884375076
33.233289,43,777.377087,True,False,False,4.296651218676694,3.2202076130383954
42.168842,98,778.822321,True,False,False,6.660666594914388,5.414281464668293
29.565106,34,779.371777,True,False,False,2.8005752327695115,2.4301754267087303
42.048069,69,780.276867,True,False,False,7.103234165324322,5.16533601504964
3.327139,68,781.227442,False,True,False,5.769998343591503,6.856489717575702
-20.174446,11,781.387429,False,True,False,1.2528030899526403,3.0039898849804443
28.633616,22,781.690704,True,False,False,2.3617696281827207,2.1270960135651773
37.125637,48,782.37818,True,False,False,5.1573366674622,4.013343873878073
26.633735,35,782.826154,True,False,False,2.0742759372025152,1.816762097732642
32.141848,27,783.237411,True,False,False,2.5589124913912555,2.694771139619264
43.361996,92,784.438796,True,False,False,7.050114625466678,5.765710229147811
34.868607,70,785.303051,True,False,False,3.999157248192317,3.734451205940307
-0.72277,48,785.881995,False,True,False,4.869657937506387,5.8489420774325795
40.606535,43,786.432701,True,False,False,4.6688021419868475,4.677199962964352
34.172385,56,787.144726,True,False,False,4.288967263624937,3.3696251723780977
46.115823,94,788.426603,True,False,False,7.779547275777072,6.139743134497546
36.407739,80,789.497705,True,False,False,4.471783351436154,4.046807949239548
38.592107,57,790.264078,True,False,False,6.181998422906701,4.385251582990018
26.039435,27,790.583826,True,False,False,1.5566874347516972,1.663179637665767
30.711418,20,790.847824,True,False,False,2.4011826879638325,2.423251283500239
35.132244,58,791.614361,True,False,False,4.085044868206936,3.606538253192657
40.24377,70,792.525886,True,False,False,4.623010605862106,4.752870974957416
31.248441,41,793.056016,True,False,False,3.4645909788125357,2.749869300769643
42.484239,58,793.840889,True,False,False,6.52423262532331,5.114156840084511
38.358776,85,798.068287,True,False,False,5.860672281006359,4.477118506429785
30.952819,29,798.405241,True,False,False,2.655156851739749,2.46560798235291
-16.08957,31,798.796747,False,True,False,2.9225988230038022,5.461748798112532
33.679057,52,799.477638,True,False,False,4.238331840033716,3.4668361999537503
31.422257,59,800.315984,True,False,False,4.763087907307606,3.014399533179393
38.766083,54,800.954252,True,False,False,4.666048641696909,4.308819101649207
41.158786,61,801.696507,True,False,False,5.085675366635317,4.6591204570271065
38.146321,84,802.920126,True,False,False,5.117884239087144,4.507294255593187
31.790403,40,803.456621,True,False,False,2.6912151020842545,2.844218336672737
28.303421,26,803.813422,True,False,False,1.984663831544548,2.0941386937722277
30.701404,66,804.719029,True,False,False,3.996861127137419,2.9909399461887505
26.418343,28,805.094973,True,False,False,1.6062345691553577,1.7738341371365778
51.009308,108,806.572104,True,False,False,8.203223493832924,7.126476373073303
32.030102,41,807.154029,True,False,False,3.1931260838979854,2.9809108653667855
42.698908,73,808.152566,True,False,False,6.277136383400236,5.3292884558689755
45.08417,62,808.962325,True,False,False,6.3250556405861476,5.511288344567406
37.492536,79,810.06068,True,False,False,5.349863626719151,4.230509600735768
31.355631,32,810.552201,True,False,False,2.989248676126308,2.726815518232087
37.437956,57,811.260582,True,False,False,5.078140448739742,4.2051809844897425
42.449199,92,812.450429,True,False,False,6.55359967108252,5.32275083175695
32.625305,62,813.236552,True,False,False,3.9604035282948344,3.282326212424636
30.193995,31,813.671975,True,False,False,2.689365456349981,2.4820741621274536
24.681655,36,814.199691,True,False,False,2.1006366116321367,1.5453939676119295
28.45516,43,814.787771,True,False,False,3.793209541182775,2.2981083267506617
29.333688,26,815.126195,True,False,False,2.537355918337765,2.2626929235574793
28.789117,49,815.816687,True,False,False,3.1789854559550363,2.504913355549932
38.30327,63,816.624391,True,False,False,4.486306184821577,4.302409657572712
26.653751,59,817.411486,True,False,False,3.651045434179718,2.4314806902216834
44.335517,72,818.362123,True,False,False,6.839142639707421,5.554737280585478
27.639396,23,818.683985,True,False,False,1.927792354712997,1.9751623537595684
31.560022,54,819.47391,True,False,False,4.199639707297403,2.921817873293004
26.61646,18,819.714677,True,False,False,1.9413345401356437,1.6989733680493855
35.60013,79,820.849753,True,False,False,4.609899432674576,3.892670137846305
26.141169,28,821.253846,True,False,False,1.9753469856916894,1.700150791236968
46.395761,87,822.410027,True,False,False,6.788474801714588,6.079363722564768
33.849756,88,823.513422,True,False,False,4.836252006422562,3.9182917633738286
26.119501,27,823.860798,True,False,False,1.8637362533033057,1.6859998842462522
31.855807,38,824.454639,True,False,False,3.2733412999529596,2.8434761031234346
36.502049,57,825.232446,True,False,False,5.871823513717252,3.9604244718197177
29.237358,21,825.492349,True,False,False,2.252462374309696,2.181572626239431
30.068484,31,825.923389,True,False,False,2.2926551819457393,2.32718766903016
39.823317,50,826.635047,True,False,False,5.618603333111613,4.529683359022914
31.795504,28,826.991412,True,False,False,2.8594918811900447,2.80465039970451
24.696455,35,827.466358,True,False,False,3.1650292891185297,1.6473787070929962
30.941826,32,827.895225,True,False,False,2.7278155721001314,2.559466307711756
45.627347,132,829.623743,True,False,False,7.017331977809482,6.407632903079093
30.102139,34,830.108402,True,False,False,2.877101050757341,2.46823145961137
27.875386,37,830.599152,True,False,False,2.5190027438862255,2.2559215057290682
35.784718,44,831.173572,True,False,False,4.668627880492771,3.7275105609913406
37.581627,80,832.268245,True,False,False,6.156894344422959,4.506475554415149
38.825963,41,832.907173,True,False,False,4.299299460700488,4.110298421712563
41.973336,83,834.045858,True,False,False,6.980789747334885,5.446035622986577
43.22461,81,835.104372,True,False,False,6.452969907361146,5.422156468619813
42.928559,89,836.354609,True,False,False,6.286135850969086,5.483185224216091
43.630039,80,837.382463,True,False,False,8.194593603166384,5.63072685287802
28.570545,21,837.698785,True,False,False,2.0344537130889258,2.0727734387359016
27.116265,64,838.698166,True,False,False,2.6440453532369235,2.338159845921723
22.741185,105,840.011262,True,False,False,9.524709099113268,2.1176373360998757
29.891755,32,840.408406,True,False,False,2.61570759421915,2.430083272264393
26.847073,40,840.991043,True,False,False,2.0241997230882642,1.981728668152585
30.615239,45,841.591574,True,False,False,4.571268127698896,2.8329273669169517
38.321432,54,842.296875,True,False,False,4.617466958580136,4.337355602353888
33.689903,103,843.667711,True,False,False,5.5293798594698895,3.913582916551546
28.527482,71,844.71986,True,False,False,5.347948342228951,2.8199233614273784
36.212403,45,845.325514,True,False,False,4.805420769635267,3.6898871346792737
27.94038,28,845.680655,True,False,False,1.987737872792321,1.9777312146473762
46.333345,95,847.024708,True,False,False,8.699172832052238,6.497968876531411
27.365675,35,847.516793,True,False,False,2.142282430113449,1.9411087622207166
27.014576,31,847.984658,True,False,False,2.699261335654271,1.9172606053833225
30.071592,83,849.064929,True,False,False,7.719718304343957,3.352687467550233
33.8563,69,850.032768,True,False,False,5.307734642477152,3.777274388833874
37.831567,60,850.953279,True,False,False,4.868570118059799,4.1690020938819785
31.212045,29,851.316651,True,False,False,2.7336214408124477,2.651518982167791
31.667393,33,851.762866,True,False,False,2.8657617722088724,2.8045681036552925
-15.979024,13,851.921393,False,True,False,1.0200284600441158,2.1271891350201173
35.702687,46,852.525731,True,False,False,4.296608218548142,3.8852855991932254
40.269029,72,853.401517,True,False,False,5.721137062797242,4.73649170032325
-19.36885,15,853.588947,False,True,False,1.1885544638044032,1.7830049016116367
30.427356,25,853.886621,True,False,False,2.2537846074227508,2.3269446420606474
40.375559,131,855.72426,True,False,False,8.497258953064142,5.422327731267998
34.949048,60,856.591726,True,False,False,4.119939022172918,3.608771703371325
29.909718,44,857.179952,True,False,False,2.9052529115579,2.5651121737508378
34.404549,92,858.48501,True,False,False,4.60345846621737,3.8601320257649805
-17.348303,17,858.714298,False,True,False,0.9494585325545625,5.689848127288842
43.5341,114,860.195673,True,False,False,7.693461098120732,5.8755471299764155
28.941376,41,860.764354,True,False,False,3.0677149680663356,2.319241216321001
33.52157,47,861.403682,True,False,False,3.88481935350967,3.196503701695634
44.294049,59,862.343147,True,False,False,6.662405442265225,5.400146907872743
25.775472,14,862.522942,True,False,False,1.3901300293461116,1.5214610264548527
31.447771,38,863.049304,True,False,False,3.225675525642274,2.7440005486886125
34.189256,64,863.902199,True,False,False,6.372319813871536,3.730783551568486
40.44303,68,864.809308,True,False,False,4.762510650308712,4.615063768555941
40.601788,120,866.417272,True,False,False,6.215535572857152,5.3533486041192235
39.296682,63,867.800178,True,False,False,4.793837369472693,4.531208140401645
40.480288,73,868.916405,True,False,False,6.786314264760586,4.887037668726073
27.124519,19,869.14567,True,False,False,1.8380933956364436,1.8147084397473392
28.229965,36,869.592793,True,False,False,3.4398843406642605,2.2930514038359617
33.808405,105,870.917882,True,False,False,6.505881824060023,4.595507592542903
31.02175,47,871.509471,True,False,False,2.8649643314454987,2.8191583859959253
29.946142,96,872.809723,True,False,False,6.065457205987576,3.4128031775368717
38.388627,53,873.539699,True,False,False,4.788728567052724,4.155485618018943
41.812416,122,875.367348,True,False,False,6.61266541705303,5.629456094137783
43.035582,71,876.385043,True,False,False,5.867218856699253,5.317497557131882
40.473546,69,877.351163,True,False,False,5.202258116787331,4.7135226619036255
46.00308,74,878.411815,True,False,False,6.028905463036323,5.698009625973524
36.954867,55,879.159937,True,False,False,4.703894900535372,3.909954979302623
45.22548,59,879.913363,True,False,False,5.514631384573191,5.452902831059392
43.652018,92,881.158082,True,False,False,6.5322039891414265,5.614731728619077
35.78431,89,882.23492,True,False,False,6.624899222920226,4.1683035854930095
39.709384,75,883.282215,True,False,False,5.142696669378889,4.652007710386067
34.809083,38,883.872564,True,False,False,3.768537199614606,3.4527262831937517
41.470394,70,884.753526,True,False,False,6.561058640722063,5.353145136229374
26.165047,41,885.247826,True,False,False,2.1952640399079173,2.0847585502290285
35.827703,46,885.827733,True,False,False,3.7849587188646785,3.6217003977493056
30.031217,24,886.128535,True,False,False,2.354022722029333,2.31906005102294
34.492505,35,886.544557,True,False,False,3.813920452507319,3.2606073712151895
38.82534,58,887.268517,True,False,False,5.08526048851249,4.3144023578606046
42.689971,137,889.092608,True,False,False,7.728344294602432,5.85838063652174
25.551654,26,889.430344,True,False,False,1.427351491615242,1.5551894310161498
39.787443,67,890.308213,True,False,False,4.7179637108848835,4.615628888743281
43.145024,104,891.679951,True,False,False,7.775110697018036,5.734813160940289
33.257947,40,892.253741,True,False,False,3.8323368795862183,3.099256792767399
53.862212,85,893.425505,True,False,False,8.079378817953085,7.5372587760101935
47.158111,89,894.626577,True,False,False,7.000931553343542,5.997334267225881
26.774712,33,895.083402,True,False,False,2.2188209685539113,1.8851142938935568
37.913547,61,895.927424,True,False,False,4.209643719855047,4.080188505915356
30.14889,35,896.360425,True,False,False,2.416770103026123,2.4317253700725865
33.886867,82,897.46134,True,False,False,4.509884555528547,3.708807834962392
47.873081,67,898.294457,True,False,False,6.740372916250653,6.0001494340882715
36.15106,80,899.348206,True,False,False,5.137028313374136,4.018879686503944
30.276914,66,900.298352,True,False,False,4.091384541039605,2.7700770866395397
29.754773,30,900.670472,True,False,False,2.2171970369889404,2.338268977877438
28.037038,33,901.073623,True,False,False,2.155534867839859,2.061155263897707
41.78082,94,902.15757,True,False,False,5.9046511014535765,5.210688865541236
37.906728,70,903.095065,True,False,False,5.122183045946998,4.331555182830818
42.79537,58,903.787356,True,False,False,6.166110161648812,5.133537968545912
26.290501,30,904.132134,True,False,False,2.5812817646999955,1.762702063363933
30.28969,42,904.65117,True,False,False,2.7058879059437797,2.5103525262088633
35.43813,44,905.228361,True,False,False,4.378443318426102,3.5982222577805505
34.036096,41,905.763888,True,False,False,3.439016497031702,3.2574066606161662
37.472299,47,906.388961,True,False,False,4.254581746894356,4.023138605318424
44.69998,75,907.474533,True,False,False,6.9630270250988255,5.936765349041879
33.655338,43,908.020617,True,False,False,3.2768104040854467,3.252976916632411
26.736517,35,908.497419,True,False,False,1.9677315273898983,1.8803184898926628
36.462081,40,909.075065,True,False,False,3.5778714110839536,3.679812443312365
38.231259,70,910.048349,True,False,False,6.014528653925851,4.463700753361815
43.665012,92,911.363302,True,False,False,6.792325601323063,5.767181269382892
48.633136,101,912.734117,True,False,False,8.792939147868244,6.923601250730909
27.52909,31,913.219692,True,False,False,1.8511110857731856,1.9883241153795583
30.641552,120,914.728242,True,False,False,6.370199943415593,3.8166471302155025
42.809439,84,915.88208,True,False,False,5.89458233532763,5.442976043998748
46.994566,81,916.969654,True,False,False,6.009947188990778,5.933556753252527
39.115848,71,917.975512,True,False,False,4.765470314659031,4.501284412732724
28.996153,62,918.818523,True,False,False,4.784466545011723,2.5722981283944915
-11.985368,32,919.229892,False,True,False,2.723193520168304,3.807998638116492
-16.325608,21,919.488954,False,True,False,1.8267831339566076,6.369866011189444
26.316535,12,919.64759,True,False,False,1.3250055946849755,1.53423315831977
42.651017,93,920.850566,True,False,False,6.539356629914464,5.4259374645322955
35.58088,54,921.689504,True,False,False,3.8382359453683472,3.596110380061223
26.50861,17,921.918957,True,False,False,1.6287552476023095,1.6601655343941215
25.854917,23,922.236417,True,False,False,1.640286280692807,1.5832302208924784
39.255057,108,923.743311,True,False,False,7.151916140011758,5.0954522965568545
28.596925,47,924.349088,True,False,False,3.948865012509826,2.3001225853552207
-9.223513,32,924.778295,False,True,False,2.5792748894649336,5.892598722551222
-19.338341,14,924.978191,False,True,False,1.4216039342908209,5.153412013165329
31.589275,63,925.876088,True,False,False,4.780158585474239,3.1828016869432565
37.619977,52,926.52963,True,False,False,4.3413152884224635,4.02268141129974
30.117071,28,926.887878,True,False,False,2.3359969017462623,2.3815081967814953
28.615244,18,927.11515,True,False,False,1.931149989340283,2.0753278656769423
39.525538,61,927.986386,True,False,False,5.37992264431584,4.584231703047496
33.225446,50,928.639209,True,False,False,3.1259878889574786,3.153180078416708
42.84524,86,929.887269,True,False,False,8.395927218058784,5.520596603478497
30.426376,59,930.685882,True,False,False,4.189375507544138,2.8857251277160767
26.57589,23,930.977973,True,False,False,1.6509498574815633,1.7126309136169244
33.272483,66,931.865752,True,False,False,6.49797445623212,3.6214063136367654
28.909154,35,932.346094,True,False,False,2.1737672676072712,2.2871115132926683
27.799253,50,933.036385,True,False,False,3.5747382529932716,2.5204790328557563
45.262785,88,937.358452,True,False,False,6.022762953765117,5.737230943109518
47.016937,65,938.257806,True,False,False,6.546680397399518,6.112121984267093
44.474456,88,939.436393,True,False,False,7.196566375817144,5.742964150467097
38.301394,77,940.397651,True,False,False,5.847702855528504,4.561237313939828
40.377989,42,940.931097,True,False,False,4.569777982578769,4.505080658848597
42.55378,128,942.558798,True,False,False,8.261345848489968,6.128620321647535
36.2695,54,943.230001,True,False,False,5.243809125870866,3.9793226916755504
41.947323,67,944.248631,True,False,False,5.201830143398624,4.9162517133135255
36.850089,64,945.144877,True,False,False,4.251330801191364,3.961614127258599
50.573229,102,946.531587,True,False,False,7.4665644296569,6.961534881156056
27.447518,29,946.933101,True,False,False,2.2487552542529534,1.9690171426745868
24.893211,25,947.278017,True,False,False,1.771617738551086,1.509776384767577
32.389125,27,947.639774,True,False,False,2.953032308946011,2.8818689759797427
33.733226,30,948.036031,True,False,False,2.934906126319466,3.0611699307142937
29.698652,20,948.314716,True,False,False,2.261928081898229,2.227145711099438
33.038019,60,949.185655,True,False,False,4.804342301646589,3.383405301352897
38.402888,93,950.337596,True,False,False,7.393574609934676,4.8204985536378855
47.988593,112,951.864388,True,False,False,8.681472390199971,6.599342875057237
46.152728,80,952.994486,True,False,False,6.382090433958325,5.746639572040014
-6.908103,28,953.376037,False,True,False,3.2252138943548854,3.976549291240506
40.090554,66,954.231515,True,False,False,6.0300866248014655,4.810774300994019
41.406212,88,955.388258,True,False,False,5.739434399600394,5.131361475122215
44.691822,77,956.470441,True,False,False,7.308894507663462,5.772319832460083
49.424366,94,957.692342,True,False,False,6.954568162808058,6.495556712277459
29.636099,43,958.308901,True,False,False,3.482390966145995,2.6537894276635683
36.147803,85,959.651523,True,False,False,5.121897800319257,4.316524437472405
35.408445,50,960.362042,True,False,False,4.141305714646562,3.618759088798339
32.257344,41,960.945313,True,False,False,3.798446046682585,2.9688386180155177
45.854711,78,961.947366,True,False,False,6.666896312661701,5.713219514625403
-17.452032,61,962.758852,False,True,False,3.513487683872925,3.197118891783193
31.779876,64,963.625856,True,False,False,4.5203291922215945,3.102131926463132
32.099257,40,964.101161,True,False,False,3.895800577021601,3.0881939933440394
36.951108,59,964.863827,True,False,False,4.840886178553819,4.001778256152006
27.818834,69,965.766031,True,False,False,5.243181548837628,2.7040946295770865
42.231296,45,966.385913,True,False,False,5.108826181097207,4.807973384651674
35.913966,66,967.262504,True,False,False,5.98369520393935,3.9863925467839603
33.696213,39,967.835905,True,False,False,3.9546475142428066,3.2558127936395813
33.670772,61,968.730504,True,False,False,5.076859287783393,3.403576999022249
31.646212,66,969.71304,True,False,False,4.636663210039952,3.2165713107460117
38.210992,105,971.133811,True,False,False,7.41548621329367,4.976650698534975
-5.327793,66,972.000212,False,True,False,4.552906046052468,4.274163915591814
24.623698,38,972.529243,True,False,False,3.134441935307209,1.6595761542966818
34.085744,67,973.40117,True,False,False,4.894067716294309,3.6760409768428133
29.956861,35,973.871761,True,False,False,3.2386741271602126,2.530634958159377
29.815739,43,974.457108,True,False,False,3.1299393607100723,2.507911713316657
33.560576,57,975.253418,True,False,False,3.609491378916067,3.3325966429801217
34.453846,65,976.180257,True,False,False,3.8547506815689863,3.591601631743842
27.894195,33,976.622882,True,False,False,3.333932570113339,2.136978711489202
33.067507,35,977.14872,True,False,False,3.107297323842097,3.0090633407928
24.586848,56,977.83876,True,False,False,3.321414285501461,1.7885818641791635
37.454724,43,978.389329,True,False,False,4.276591391699491,3.911977763966376
30.663978,42,978.971734,True,False,False,3.7515770344592285,2.7534615456085976
40.332791,76,979.99621,True,False,False,6.400075533433251,4.919927415016636
32.828927,108,981.641102,True,False,False,8.774802813064287,3.9829286439349687
39.823749,72,982.651915,True,False,False,5.6081870582524145,4.74502819010213
34.014029,41,983.158212,True,False,False,3.4833420858968256,3.340727893001136
41.235809,79,984.127919,True,False,False,5.589487693780142,4.862257337151043
43.062875,70,985.009444,True,False,False,6.112001726666601,5.381761448722155
46.664964,80,986.055601,True,False,False,7.227743119183356,6.052381338327804
37.465463,48,986.69708,True,False,False,4.148950151347217,4.049471536979065
40.885317,84,987.803616,True,False,False,5.796077058789535,4.926330528941743
36.785303,28,988.179564,True,False,False,3.8374722118425293,3.675032878540738
33.189604,40,988.747673,True,False,False,3.1623211462646235,3.1066588837617832
46.465188,61,989.551664,True,False,False,6.72350711288096,5.929728209808931
26.476445,36,989.999686,True,False,False,1.9887918324730982,1.7902166388234382
37.401226,62,990.860443,True,False,False,5.536246951263753,4.245845418466314
39.229466,71,991.767705,True,False,False,4.843245206238853,4.431226118484572
29.468131,54,992.495346,True,False,False,3.3302159499158193,2.6187473351776243
27.356043,28,992.904325,True,False,False,2.0064339346359694,1.856074080762098
30.842172,22,993.236505,True,False,False,2.4458713971547237,2.4441285403125437
30.391344,30,993.664213,True,False,False,2.6812953447935883,2.446821142825438
43.296873,70,994.700168,True,False,False,5.316519304127227,5.240842681113197
41.644425,85,995.891536,True,False,False,6.106281990510715,5.266869747353619
41.880926,58,996.770133,True,False,False,5.065501335493129,4.826913233435244
42.165645,88,998.092904,True,False,False,5.530314458365781,5.281986057462981
43.553399,111,999.68428,True,False,False,7.124965637307326,6.000892994693747
38.983655,68,1000.709507,True,False,False,5.149036629591841,4.6185847170061525
33.273246,39,1001.222691,True,False,False,3.2665840216669975,3.1357083335083376
-12.050871,48,1001.832786,False,True,False,3.2304671997460237,3.5517628011623756
-16.144468,19,1002.094732,False,True,False,1.2630077403702866,3.6780783312343317
37.612866,35,1002.53286,True,False,False,3.884360909895255,3.873540387453648
44.250762,51,1003.250458,True,False,False,6.058399870268551,5.259054761407895
25.746685,25,1003.567349,True,False,False,1.6549094714363684,1.575691376934553
34.839676,33,1004.074679,True,False,False,3.444476076941278,3.484806033664826
40.654036,74,1005.014575,True,False,False,5.619954055389879,4.721427920850437
40.679508,43,1005.6358,True,False,False,4.679399111499684,4.497040041405394
31.739735,35,1006.039056,True,False,False,3.2509235080904313,2.8575046382475273
29.604615,41,1006.621044,True,False,False,3.1800856658020216,2.463822558372835
44.459404,58,1007.458991,True,False,False,5.735410706081987,5.381347854219132
30.526845,38,1007.953686,True,False,False,3.055134370801335,2.63110592461779
34.81453,45,1008.600915,True,False,False,3.3197002395862256,3.3461157319169827
29.14397,21,1008.893464,True,False,False,2.272384613371188,2.1849731692584475
34.858417,44,1009.53365,True,False,False,3.955869646327527,3.6022446910251853
27.873712,43,1010.104909,True,False,False,3.406620675559382,2.3067683052895296
30.943505,47,1010.718303,True,False,False,3.620828205372504,2.7227663253524916
42.058352,86,1011.865925,True,False,False,6.933777429539198,5.166718622635347
38.878479,44,1012.506127,True,False,False,4.35995947194169,4.099108690522986
-17.033473,13,1012.684101,False,True,False,1.1367090099051815,4.3368824374161985
38.030905,81,1013.81815,True,False,False,6.275975185596805,4.508125656015737
39.024197,41,1014.338832,True,False,False,4.5456996129195755,4.235490150490036
34.250263,37,1014.788586,True,False,False,3.750811417442851,3.3096083349197176
39.748884,62,1015.621166,True,False,False,4.735112353150813,4.503552909935752
47.737185,70,1016.456097,True,False,False,6.697521215285179,6.097339520143648
33.564834,36,1016.914974,True,False,False,2.8535087308859546,3.0005355976098698
36.471801,39,1017.475366,True,False,False,4.2913981174439275,3.646463444660272
28.154033,28,1017.842355,True,False,False,2.259344511676956,2.058769431116488
52.248451,123,1019.466137,True,False,False,7.802164140069271,7.262435161768228
26.052271,18,1019.700524,True,False,False,1.502594156855264,1.5705120591844277
34.53305,35,1020.117475,True,False,False,3.2754262077050806,3.2463946603684937
38.552871,56,1020.905082,True,False,False,4.430741394612411,4.2410047725254
33.107561,37,1021.420165,True,False,False,3.3536551397666594,3.087215832789959
35.1009,57,1022.146313,True,False,False,4.705742416703395,3.695690424473217
42.454341,95,1023.358591,True,False,False,6.030908944050958,5.32426632278026
39.262172,83,1024.480156,True,False,False,7.445256709419063,5.099135066837389
34.624412,43,1025.045526,True,False,False,3.4623396609478143,3.3601015639450833
27.851518,29,1025.440748,True,False,False,2.0007582418883643,2.00518427763308
29.272842,32,1025.935477,True,False,False,2.120740707000829,2.2551075247214816
32.176983,47,1026.579025,True,False,False,3.124904812212421,3.0162078501158676
36.799363,60,1027.41351,True,False,False,5.255439701149274,4.060678410348371
36.362163,55,1028.211647,True,False,False,4.5891699079357124,3.971467640694925
32.527137,29,1028.664631,True,False,False,3.183907031724314,2.901540004751587
27.93138,41,1029.265259,True,False,False,2.45727045994977,2.0958747096413792
35.23342,61,1030.026933,True,False,False,3.6573349917137077,3.6378346132112
37.671074,92,1031.215551,True,False,False,4.726634846144342,4.449526374728265
39.895971,65,1032.132301,True,False,False,5.609856561214427,4.66310100716341
43.484808,103,1033.56474,True,False,False,7.142955278337893,5.757460637940695
27.97172,36,1034.054579,True,False,False,2.639049506575164,2.4222971853993314
41.928244,83,1035.272948,True,False,False,6.985154788213604,5.270954562226026
37.17215,69,1036.223187,True,False,False,5.9011490480046005,4.137070061737988
31.652211,51,1036.936514,True,False,False,3.5302874410192353,2.884847569587948
32.982992,26,1037.290437,True,False,False,3.272293000902875,2.9899399840136107
29.725816,17,1037.536184,True,False,False,2.1309833723813827,2.1947275128882247
32.555609,35,1038.027206,True,False,False,3.0006593046902883,2.864205480618887
42.020034,62,1038.825197,True,False,False,5.547275272793676,5.0056057031523915
-10.128503,82,1039.991411,False,True,False,5.233726709276382,4.022444463341353
36.612852,51,1040.66175,True,False,False,4.957687246754552,3.9132836226462895
25.843226,16,1040.846715,True,False,False,1.4345269824229354,1.5578862529366677
-18.253102,12,1041.018036,False,True,False,0.6819144790262235,2.460717327327155
38.862918,76,1042.026835,True,False,False,4.654848567176843,4.41738500435194
26.14215,26,1042.380049,True,False,False,1.6907837328043316,1.6151116361849192
43.971365,58,1043.128709,True,False,False,5.676916514133809,5.269343456415979
33.359081,43,1043.743754,True,False,False,3.4018497492304642,3.1181806006247745
47.320852,69,1044.672592,True,False,False,6.149389224134439,5.892143620245966
37.745201,80,1045.672364,True,False,False,5.904305883925363,4.384883464271619
33.858163,48,1046.311289,True,False,False,3.585885248144584,3.2708598137432534
41.197147,47,1046.899728,True,False,False,5.17979814375573,4.600213235303051
28.183512,18,1047.184981,True,False,False,1.8267960372465728,1.9331184116511984
41.351134,73,1048.126024,True,False,False,6.647582036979905,5.1915695928397225
39.085858,50,1048.784921,True,False,False,5.007841018571816,4.253939496410525
38.637796,59,1049.556824,True,False,False,4.654318891438644,4.364457190248471
30.278218,32,1050.054426,True,False,False,2.7156808117863362,2.4893853997339925
32.257244,66,1050.967016,True,False,False,3.4278335561293636,3.2257139908369314
37.68724,49,1051.665385,True,False,False,4.50777930714109,4.174356086487767
47.7509,96,1053.030073,True,False,False,7.348703715035737,6.1810464960366875
27.010106,18,1053.310689,True,False,False,1.6130597806235116,1.7460039264170182
31.522556,51,1054.011598,True,False,False,4.178583384603411,3.1132533403605436
32.933767,27,1054.397626,True,False,False,2.914098271240373,2.86182669767646
32.699801,46,1054.929335,True,False,False,3.6117389003499354,3.0787017198521562
48.521591,84,1056.010151,True,False,False,7.049801310610125,6.387477588755733
42.852974,90,1057.222812,True,False,False,5.6894798725228855,5.320494727735351
35.247324,49,1057.882472,True,False,False,3.6086794112668152,3.5655896521684634
44.754304,67,1058.793851,True,False,False,6.9988498162166275,5.471420206781191
33.959833,39,1059.293182,True,False,False,3.6391992932611563,3.2808037036689663
49.367383,126,1060.997907,True,False,False,9.412807883832507,6.889948131323081
36.866086,38,1061.572837,True,False,False,3.9224693835828073,3.81877564256987
32.867385,41,1062.122932,True,False,False,2.940535132167451,3.015899230282911
33.24001,46,1062.736642,True,False,False,3.2214068410084953,3.142092774807382
45.942322,104,1064.092335,True,False,False,6.1509748305414105,5.945994277245649
26.752221,19,1064.353909,True,False,False,1.442021079969125,1.6822814758893738
33.79601,46,1064.999813,True,False,False,4.775951118002181,3.45413544141777
46.647322,49,1065.697659,True,False,False,5.530828931845069,5.534309745494306
42.686628,98,1067.054515,True,False,False,7.484133711373503,5.4200540768762595
26.33016,15,1067.263379,True,False,False,1.4741877013665126,1.6534500983188405
27.105429,18,1067.497673,True,False,False,1.7763873309407814,1.8124603159996624
28.45211,23,1067.814197,True,False,False,1.9595653743876067,2.097108385194564
43.815615,60,1068.582289,True,False,False,6.762483154320057,5.3973668834217365
32.900667,47,1069.113041,True,False,False,3.049776756048045,3.092979880950093
31.781442,38,1069.56852,True,False,False,4.643318871557934,2.837182169780211
37.027271,39,1070.094461,True,False,False,4.198138864925693,3.7761390406513837
37.588405,110,1071.563545,True,False,False,8.049983755571228,4.8387806791587336
29.823692,73,1075.360876,True,False,False,3.4721846910231626,2.9286868274915028
35.865563,50,1075.94584,True,False,False,4.116315685536128,3.7626071023360006
32.354163,54,1076.628871,True,False,False,4.3812862620720985,3.2406578569480633
43.104304,73,1077.626692,True,False,False,5.503440570819572,5.283045523291604
37.45655,66,1078.557261,True,False,False,5.022979694842603,4.260018446565879
33.711038,36,1079.073787,True,False,False,3.5833254209209247,3.2054846908793864
32.116883,27,1079.485717,True,False,False,2.771888749674853,2.8176156149710496
28.455035,31,1079.89139,True,False,False,2.726505712649961,2.1300294645327877
33.15756,43,1080.421949,True,False,False,3.266304328470738,3.206578716503089
27.542032,40,1080.935762,True,False,False,3.8062416273073665,2.1406932794075026
41.547588,88,1082.151073,True,False,False,6.610346911485221,5.004138470904971
48.101867,73,1083.100081,True,False,False,6.780462188487193,6.280848192487362
30.504834,35,1083.549371,True,False,False,2.776723583032746,2.5289047916617196
-13.797195,13,1083.700085,False,True,False,1.4083570827311136,3.0781267655575753
49.440027,98,1085.037582,True,False,False,7.861622639746613,6.730896430202172
37.803151,76,1086.072004,True,False,False,6.057204708342591,4.467815239326538
34.584228,41,1086.638823,True,False,False,3.6485176224840705,3.338616429933178
41.291693,94,1087.968186,True,False,False,6.8182579913213415,5.256085468699706
48.569553,88,1089.026077,True,False,False,8.405733477638963,6.684467652816899
31.312256,39,1089.526507,True,False,False,3.7917494303711585,2.7891257404211127
28.766289,19,1089.828366,True,False,False,2.1150524516720077,2.0557942647883363
36.826478,51,1090.557471,True,False,False,6.271413670252168,4.008170541013829
-12.905827,28,1090.94386,False,True,False,2.3509198217821794,5.922249281959881
-18.138226,16,1091.195195,False,True,False,1.3312487708075502,4.174521564572494
33.032739,27,1091.580029,True,False,False,3.5932031315745863,2.9784818331688823
31.612203,97,1092.944754,True,False,False,7.9888127253584775,3.6373015027757973
39.156733,50,1093.664246,True,False,False,4.699868810577507,4.324905196429596
47.554562,96,1095.029966,True,False,False,7.716781216966487,6.718145019127919
44.266509,92,1096.261769,True,False,False,6.271234834720939,5.732714593554505
29.070898,23,1096.571345,True,False,False,2.3628534319030225,2.1958482743358774
40.248963,58,1097.397479,True,False,False,5.117019856729772,4.600743926804435
43.233612,61,1098.265967,True,False,False,7.722601197355993,5.218159196870766
33.90482,29,1098.701501,True,False,False,3.3173001249307386,3.112615523642758
41.663837,59,1099.463078,True,False,False,5.416678700717575,4.931598275513063
42.501815,89,1100.612929,True,False,False,6.197555527577164,5.343296383765472
27.617753,26,1100.948777,True,False,False,2.576905147954139,1.9381236634149124
28.600344,25,1101.297367,True,False,False,1.9843875908875415,2.114214709228005
35.775305,45,1101.923613,True,False,False,4.261314115357557,3.609641342132598
30.104165,36,1102.390256,True,False,False,2.2608885376058994,2.447860653409175
44.564452,63,1103.257491,True,False,False,5.587194411845206,5.290677900614879
36.820541,36,1103.766104,True,False,False,3.7916762058422218,3.8246776208394357
29.300465,26,1104.070181,True,False,False,2.5042495273068446,2.25661569768587
37.515375,46,1104.692193,True,False,False,4.139185705805963,3.990799880902399
45.288427,69,1105.685558,True,False,False,6.767651644472234,5.706670127985615
48.179934,80,1106.746863,True,False,False,8.351227286661185,6.499584603341849
27.388699,81,1107.810339,True,False,False,6.382356983041999,2.6491645757992544
32.816556,58,1108.611158,True,False,False,4.2213328946318125,3.224653006668332
27.040197,31,1109.038182,True,False,False,2.29727396032955,1.9972733685101798
-18.69856,14,1109.225521,False,True,False,0.6407829919802925,2.9559546185970116
30.376112,20,1109.49588,True,False,False,2.2111041161266973,2.4410650074719227
39.915426,78,1110.538933,True,False,False,5.799337981620931,4.815303253679127
43.267399,65,1111.411366,True,False,False,6.2916977890774675,5.4591983550940295
-19.183505,55,1112.144155,False,True,False,3.885104603239213,4.601036292629292
38.11393,48,1112.819601,True,False,False,4.671619733724746,4.100154365977421
34.61984,43,1113.390838,True,False,False,3.7448537874007473,3.4578658957340984
27.006854,18,1113.627041,True,False,False,1.6621503157627462,1.7532894641298595
-16.919494,20,1113.936148,False,True,False,1.0797653825437723,3.865707417174154
36.855339,63,1114.803625,True,False,False,5.26701175083003,4.105160636498795
37.153313,60,1115.658632,True,False,False,6.612950507269692,4.201592390359379
27.261314,45,1116.182173,True,False,False,3.3640997057186484,2.0533060254832236
29.617224,22,1116.46783,True,False,False,2.1555577721596615,2.274153202522292
40.345781,99,1117.829815,True,False,False,5.301961661943291,4.952261460157339
42.220111,50,1118.511128,True,False,False,5.292106161279216,4.8163344233560785
33.885879,45,1119.081359,True,False,False,3.735369980983886,3.2530881789863466
44.539726,79,1120.26745,True,False,False,6.604627535608401,5.572772106384051
44.757391,74,1121.315749,True,False,False,5.439037602188118,5.377348012560046
41.369292,62,1122.154171,True,False,False,6.268401637874655,4.964566253843254
-9.089454,39,1122.672799,False,True,False,3.0435619249823427,3.7960583962959977
-14.534986,20,1122.953198,False,True,False,1.7314015856950364,5.807137806874027
49.71663,95,1124.276853,True,False,False,7.604209335322798,6.622632402615189
37.76645,79,1125.308403,True,False,False,4.760957188588786,4.347894787885571
27.274476,70,1126.234138,True,False,False,5.323745645763321,2.4047829109735392
-19.051543,7,1126.327684,False,True,False,0.3149405805135743,5.485919964574343
-19.388715,6,1126.401936,False,True,False,0.2818675113305847,4.309834895079549
33.872167,74,1127.379726,True,False,False,5.373778726990362,3.5794719395063397
38.222184,53,1128.096539,True,False,False,3.96385495808534,4.035335562649222
51.95391,89,1129.340999,True,False,False,8.231421692538309,7.071110208587215
29.045767,20,1129.58995,True,False,False,2.075004261887345,2.132508773951438
41.771937,44,1130.235204,True,False,False,5.20574122071478,4.754580225066477
40.585037,74,1131.220015,True,False,False,7.169540754658588,4.978221819112294
39.426684,55,1132.009738,True,False,False,4.4067508177132275,4.340515935125147
38.977041,41,1132.59681,True,False,False,4.56258751849733,4.241634523972544
45.095031,83,1133.624443,True,False,False,6.166555612209902,5.674174142195891
40.76888,95,1134.822147,True,False,False,7.623121093927294,5.238611336850325
29.822262,32,1135.22814,True,False,False,2.276618469405681,2.3771654394132438
42.772281,99,1136.547959,True,False,False,6.2990992322621935,5.374853311106865
40.306496,68,1137.484327,True,False,False,4.854766921889882,4.567504142342321
39.542873,43,1138.034553,True,False,False,4.876087501356065,4.3416401094765975
34.904498,35,1138.488406,True,False,False,3.481841070228689,3.3533925996841503
33.490841,32,1138.913385,True,False,False,3.1471591560862544,3.124368070722152
29.154783,54,1139.602574,True,False,False,3.213263075963695,2.5449383466544195
41.528316,45,1140.253427,True,False,False,5.2366188711863115,4.652622064116291
34.863568,70,1141.187086,True,False,False,4.5689544666843664,3.5854537930710766
34.576498,52,1141.868831,True,False,False,4.009433744551037,3.597134668414801
27.376151,24,1142.189052,True,False,False,1.6354050993465408,1.8686804716071554
32.281276,51,1142.83972,True,False,False,3.839939988956769,3.073664066192057
32.969552,43,1143.403744,True,False,False,3.0733767105502006,3.0291008381608395
32.223657,73,1144.362435,True,False,False,4.3341469807916155,3.305885113122736
27.255433,14,1144.544894,True,False,False,1.6038946093994921,1.7680958169212435
-13.85756,18,1144.756023,False,True,False,1.551686179538754,3.90180907134896
34.013721,30,1145.141717,True,False,False,3.3406859019603505,3.2014105519521934
32.764697,58,1145.838137,True,False,False,3.4352386947056934,3.229898260110984
36.012792,33,1146.242517,True,False,False,3.613937267921915,3.6773530958187663
32.647582,71,1147.228102,True,False,False,5.283787722684571,3.4108269641902704
36.396488,74,1148.292223,True,False,False,4.677222330765563,4.149002490233632
28.929213,46,1149.011532,True,False,False,3.37516850942955,2.4000705378570606
35.470196,54,1149.812781,True,False,False,4.24183808662067,3.7952900256847424
37.727539,51,1150.572679,True,False,False,4.816067376135288,4.132131530202736
31.146336,33,1151.014257,True,False,False,2.816405470937437,2.6862150091725243
37.288422,69,1151.953359,True,False,False,4.384229021477371,4.050591468911797
29.078011,27,1152.240068,True,False,False,2.2199062411207544,2.248775978874087
33.117307,77,1153.294357,True,False,False,3.6184100258458582,3.503206409362358
36.842486,56,1154.077101,True,False,False,5.03085632635902,4.07635169053871
-18.980113,35,1154.521496,False,True,False,2.3748982785151718,5.403427852917976
29.386239,22,1154.829651,True,False,False,2.263437089735067,2.264353995593383
43.05447,51,1155.646341,True,False,False,5.429134418314376,5.061989901128095
42.295587,66,1156.599912,True,False,False,5.727212919413633,5.0810447881367
39.957329,83,1157.703702,True,False,False,6.8919887404738684,4.907713942105416
36.074142,42,1158.291691,True,False,False,3.725271832752118,3.629670350212216
41.406902,88,1159.49582,True,False,False,9.675487360864093,5.417475998054488
26.218076,19,1159.771934,True,False,False,1.4410601310769002,1.5815493588430183
48.662308,70,1160.820413,True,False,False,7.31210836483003,6.352732679848071
30.668769,86,1162.105985,True,False,False,3.742112645984818,3.1042576227009624
27.805973,32,1162.514941,True,False,False,1.9039122871754928,2.027252965915762
36.85832,49,1163.144151,True,False,False,3.9094760882901753,3.8425728517825566
33.02539,40,1163.643004,True,False,False,3.2066652448471196,3.024641623874277
36.526135,33,1164.038104,True,False,False,3.8660081956757417,3.610063977567072
39.430102,150,1166.062711,True,False,False,9.617647076546577,5.600478853767532
32.166537,60,1166.882005,True,False,False,3.3789871657012083,3.0829653777066772
41.426227,73,1167.928174,True,False,False,5.901969387309265,4.973173425954505
27.77823,43,1168.522037,True,False,False,2.5989141330903873,2.1068737160149587
38.235092,40,1169.08177,True,False,False,4.590161595379775,4.044287505186793
28.077864,23,1169.376128,True,False,False,1.7635623500119113,1.9127388777224263
48.720999,83,1170.480417,True,False,False,6.792626352037725,6.304338871399484
32.754946,42,1171.057398,True,False,False,3.3327579646875654,3.036437689061703
29.419153,47,1171.692442,True,False,False,2.894802306131119,2.5868993244845284
33.973107,36,1172.177901,True,False,False,3.317445402555786,3.365539589383235
39.387532,59,1172.993758,True,False,False,4.514202242802456,4.4913052358323355
40.2633,44,1173.642767,True,False,False,5.03747840950002,4.482213666393107
32.826182,50,1174.386472,True,False,False,3.744579090219028,3.085128408889355
33.111679,28,1174.875599,True,False,False,2.9936787600763095,2.9853256091837546
36.482893,41,1175.408711,True,False,False,3.582518405431208,3.628630230956844
28.552067,28,1175.799253,True,False,False,2.159904468304589,2.0865734684178854
29.877432,27,1176.207215,True,False,False,2.198767195701401,2.334331605828037
38.61642,57,1177.074332,True,False,False,4.298054149245149,4.199953878626052
52.349801,87,1178.269765,True,False,False,7.615289540218714,7.011397725536017
41.340235,72,1179.288528,True,False,False,5.633025934379778,5.048531329958706
36.794599,69,1180.195553,True,False,False,4.6971293120202935,4.226594379667911
26.086843,16,1180.409113,True,False,False,1.4696868535105685,1.5377663260733212
29.208351,29,1180.825175,True,False,False,2.4885376192097737,2.2811747730870477
37.496767,72,1181.847661,True,False,False,5.808074145336942,4.206821670751792
43.75226,66,1182.719468,True,False,False,5.1962957780699846,5.160960090092541
31.587697,37,1183.223802,True,False,False,2.8325038190397374,2.8016153168042237
32.394305,30,1183.685557,True,False,False,2.984737710487905,2.878082334850603
37.625087,54,1184.395431,True,False,False,5.592289944249942,4.116363478957339
-4.113048,52,1185.044344,False,True,False,4.877863306752717,5.7417140303685335
41.501029,76,1186.063036,True,False,False,5.118956180998355,4.904697600693694
38.695009,35,1186.541375,True,False,False,4.256933192634251,4.1425551860756915
45.194929,82,1187.670275,True,False,False,7.426813130261796,5.858194498329403
41.192263,79,1188.733698,True,False,False,6.780530100414467,5.147937214079147
44.210294,104,1190.136385,True,False,False,7.041055226662893,5.790706531199193
31.308494,24,1190.401161,True,False,False,2.919082010958879,2.595904377010665
34.095478,43,1190.930749,True,False,False,3.815291508125976,3.574552633351814
30.53442,42,1191.501533,True,False,False,2.99751238454196,2.6216137792154903
30.342577,34,1191.932703,True,False,False,3.5104710238565127,2.6054265166822757
25.461543,26,1192.267819,True,False,False,1.5630192244505052,1.517046179352736
30.024376,41,1192.783318,True,False,False,2.6951452889602687,2.5212546732492416
25.979604,24,1193.106368,True,False,False,1.6236280163126513,1.611072947273142
31.77248,49,1193.822866,True,False,False,3.832256434064252,2.923858198917235
33.217523,36,1194.397477,True,False,False,3.5422792783993446,3.1529509887653218
29.439865,63,1195.356498,True,False,False,3.1524255173472833,2.615271655785236
30.850561,37,1195.882374,True,False,False,2.658093848468264,2.6189383217831543
37.508898,49,1196.66881,True,False,False,4.527855145921846,4.042140130473763
30.403818,29,1197.083784,True,False,False,2.921030257288567,2.5541473520415643
30.847319,67,1197.91352,True,False,False,3.4286776156802445,3.0005689629395382
41.323376,66,1198.755506,True,False,False,5.614321932554901,4.86332260715554
37.837253,76,1199.751638,True,False,False,4.884935643469281,4.447707492196684
39.840864,45,1200.304882,True,False,False,4.930131153575101,4.431539415131665
47.886904,60,1201.119832,True,False,False,6.593663480831029,6.058779723696471
29.786065,37,1201.61146,True,False,False,2.9337321035797124,2.446856118664133
41.711693,49,1202.346019,True,False,False,5.04924864608397,4.722655610667097
39.108994,67,1203.315002,True,False,False,5.346981436217711,4.520120706493939
35.041027,50,1204.04241,True,False,False,3.7386635962104378,3.539560275274571
33.421758,38,1204.631717,True,False,False,3.3655711995879263,3.1392962821048074
35.111271,56,1205.427416,True,False,False,3.5828302169981496,3.5321743642679655
37.357065,60,1206.197742,True,False,False,5.593351768071709,4.123398895160955
26.166307,34,1206.685766,True,False,False,2.5047842739763873,1.9407211664593038
32.441561,35,1207.170663,True,False,False,3.4915368084227536,2.8883553683738357
49.447197,54,1207.866924,True,False,False,6.777994506540499,6.3356687691882305
42.846582,89,1209.145281,True,False,False,7.438385241602056,5.539395665831804
30.049357,35,1209.63035,True,False,False,2.3409153180717124,2.4159032203013955
37.106293,42,1210.167619,True,False,False,4.223821203506041,3.93108746891365
28.292642,31,1210.549969,True,False,False,2.8650872858745577,2.1180603400695968
31.174874,61,1211.411105,True,False,False,4.840404213069268,3.0729204918097333
45.035033,67,1215.663335,True,False,False,5.7393309255478,5.527322930824667
28.382954,67,1216.583568,True,False,False,5.24435648389076,2.558742263476491
36.229094,52,1217.276863,True,False,False,3.9946002786870087,3.781332841802221
31.915748,50,1217.961931,True,False,False,3.22828537988303,2.935634380416328
33.762588,40,1218.521165,True,False,False,3.272851012634736,3.1476336750620115
25.538814,22,1218.809672,True,False,False,1.8703129011090176,1.5683089757115847
40.138542,80,1219.777437,True,False,False,6.162504654176337,4.980541712807419
33.967867,36,1220.256612,True,False,False,3.315381299672136,3.1872589888741496
40.611978,71,1221.194595,True,False,False,5.198431004062328,4.7209642962706555
37.436949,79,1222.260014,True,False,False,6.259248730969587,4.386946122410579
29.102885,41,1222.794083,True,False,False,2.519315877308337,2.3555964606689828
35.948663,40,1223.356573,True,False,False,4.864548094857629,3.6679846452734997
43.868504,69,1224.289168,True,False,False,6.470918109935687,5.358627049384593
37.499915,100,1225.598202,True,False,False,6.916694657539356,4.479388453267447
39.589621,79,1226.678853,True,False,False,5.708678062361373,4.671337415874871
51.797939,108,1228.303126,True,False,False,7.590492307560303,7.143188504547256
46.773428,92,1229.51235,True,False,False,7.451610749146711,6.1904857712495005
39.668241,42,1230.0466,True,False,False,4.629836643530373,4.32887073802864
36.57562,49,1230.789007,True,False,False,4.605253793848394,3.872758042127511
41.731047,71,1231.758033,True,False,False,5.216034225764468,4.925570092817995
47.081194,83,1232.89899,True,False,False,6.108322559129006,6.06096238786484
43.211321,57,1233.723781,True,False,False,5.628103680871616,5.150639754340705
27.246763,23,1234.03029,True,False,False,1.760726690169574,1.8197514091172267
43.942919,54,1234.712444,True,False,False,5.237961710451932,5.212615410487574
43.085518,62,1235.48254,True,False,False,6.611937550616557,5.238268111538882
41.842061,49,1236.169184,True,False,False,5.638080410958178,4.7993510533886115
49.980406,121,1237.843905,True,False,False,8.439876079033755,6.948762186031973
27.073851,28,1238.201802,True,False,False,1.8558852197809508,1.8162513711370456
33.569994,44,1238.758701,True,False,False,4.219288057796148,3.2182338138568873
31.308169,23,1239.0463,True,False,False,2.5463117698143405,2.469093365551233
32.857238,26,1239.399908,True,False,False,3.1179477855029205,2.877992108127228
-19.261003,14,1239.580411,False,True,False,0.9287443690756345,6.304484590981305
-14.001975,22,1239.888421,False,True,False,1.7778419411039854,2.8835145170093237
27.938914,57,1240.723054,True,False,False,3.6600172050632165,2.4390369505357588
36.606777,50,1241.446708,True,False,False,4.593151196072198,3.8845793526003622
33.287929,40,1241.953487,True,False,False,3.58385586660714,3.0512741751854495
32.633214,39,1242.435638,True,False,False,2.975595039725595,2.8973351283614526
31.251689,27,1242.799316,True,False,False,2.578072791507091,2.585481010764869
51.736116,81,1243.983293,True,False,False,8.556343220482713,7.054342878146696
-16.34393,15,1244.189397,False,True,False,0.9299589300070424,3.8916606323162575
30.105305,26,1244.519626,True,False,False,2.457277230023339,2.4264887448306784
27.133573,25,1244.864952,True,False,False,2.162445112015255,1.8953652463688848
31.461225,42,1245.515069,True,False,False,3.904910707012808,2.846146510737251
28.953154,60,1246.320179,True,False,False,5.819567831608487,2.6479185210981164
46.496474,52,1246.99942,True,False,False,5.890080473368779,5.681695124861859
47.91531,74,1248.041957,True,False,False,6.305616535789429,6.0316506325425765
33.336125,36,1248.549884,True,False,False,3.234709478500273,3.047212821770387
43.392388,72,1249.607749,True,False,False,5.557519591768166,5.110117843802016
34.763741,25,1249.950907,True,False,False,3.2947605339581894,3.21716837407906
43.926165,63,1250.890301,True,False,False,6.419897947627284,5.298522881906213
36.035136,50,1251.599077,True,False,False,3.7775003275867727,3.677363031941521
-16.068115,28,1251.991682,False,True,False,2.648702998062928,2.466258462027545
47.132352,66,1252.860352,True,False,False,7.191572939415051,6.018697332285579
28.485184,27,1253.208568,True,False,False,2.3674385947048613,2.1050249765381257
32.397094,71,1254.208838,True,False,False,4.213538746372028,3.2858777009873714
33.636118,56,1255.027512,True,False,False,3.522668064054301,3.4015049360807343
43.751549,68,1255.889087,True,False,False,6.473172443409117,5.337237281606338
24.039064,69,1256.827877,True,False,False,4.791819518315504,1.9278199536877596
40.307552,70,1257.75223,True,False,False,6.28104436075692,4.753950794442583
47.507312,100,1259.180535,True,False,False,7.612377901801684,6.368215406010085
28.635662,20,1259.413327,True,False,False,2.0133565281825114,2.054071854262371
30.805394,25,1259.72252,True,False,False,2.8229742035500247,2.544467338562312
46.509811,94,1261.07383,True,False,False,9.293758418128762,6.364633902851136
-16.137767,27,1261.457828,False,True,False,2.6932769351996537,3.181807170179437
32.661947,45,1262.059342,True,False,False,2.8476348006489274,2.9772524641586524
45.899324,49,1262.710962,True,False,False,6.142185749457769,5.54815510260054
45.532325,97,1263.882916,True,False,False,6.307209197272363,5.795379475026813
33.523027,38,1264.405588,True,False,False,3.1088688937817928,3.056005118758101
44.187146,63,1265.255313,True,False,False,5.616598547742146,5.164871240046148
28.819608,33,1265.779059,True,False,False,2.598493780211938,2.249879116255082
30.955019,56,1266.569014,True,False,False,5.797338058388921,3.0224483671306195
44.637431,96,1267.847347,True,False,False,6.614936750677653,5.635763063291849
32.851993,22,1268.161466,True,False,False,2.6684533318246286,2.7758134240052956
35.501286,56,1268.953682,True,False,False,3.9558168648786873,3.7682904463471947
39.584231,72,1269.947922,True,False,False,5.710774993394982,4.651725727611293
37.14564,55,1270.733744,True,False,False,4.026448225534658,3.86621385890879
33.140158,59,1271.533879,True,False,False,4.792862903078806,3.3115451065329617
-11.086442,22,1271.802125,False,True,False,2.30673534712338,3.867086810854208
32.183155,37,1272.323965,True,False,False,3.133038602971147,2.8597517776609385
42.20301,68,1273.233924,True,False,False,7.333351339853101,5.138762046247166
27.482194,39,1273.713385,True,False,False,2.3872264066165836,2.0902480758311643
34.738312,36,1274.239613,True,False,False,3.796112104544301,3.416662393558591
23.980923,51,1274.930906,True,False,False,4.031481893949122,1.647404226865357
27.653184,23,1275.248423,True,False,False,1.6458050902406463,1.890920644408812
36.90341,38,1275.753726,True,False,False,3.8599079753721424,3.7497354585123697
27.662339,31,1276.171081,True,False,False,2.132159545388123,2.0394270917364916
25.133119,36,1276.636669,True,False,False,2.9410250850113413,1.5809636380449599
30.731252,37,1277.144671,True,False,False,2.8638738085620243,2.6225222411725935
25.3944,25,1277.508683,True,False,False,1.6173732105998464,1.5690372972553195
36.219629,44,1278.064876,True,False,False,4.028702446985633,3.753319023584602
28.95826,50,1278.693298,True,False,False,4.024421872061146,2.4546614040913264
25.909087,19,1278.957108,True,False,False,1.73228017733499,1.5398556788480804
34.356174,77,1280.030513,True,False,False,6.920646412429418,3.772865296494377
32.106553,29,1280.451097,True,False,False,2.7975546031216734,2.7430045105016463
30.265698,57,1281.264645,True,False,False,3.258555229272172,2.686138467838305
37.494943,74,1282.242491,True,False,False,5.553129967463364,4.1751833024658955
38.21869,70,1283.253038,True,False,False,5.102425886103814,4.369001225858346
30.408274,58,1283.974279,True,False,False,4.062957572519899,2.8207665372485997
43.447492,63,1284.762135,True,False,False,5.639619277415229,5.143932436537194
41.817974,66,1285.733951,True,False,False,6.4101217803327195,5.062672083662369
32.587854,29,1286.176339,True,False,False,2.908915415265151,2.9319809870448448
33.154342,44,1286.827339,True,False,False,3.315876352679057,3.2314587273845268
26.587561,22,1287.12387,True,False,False,1.572542847021149,1.6665701938048623
47.892338,92,1288.341167,True,False,False,6.997102518643997,6.398068330391097
31.123963,58,1289.12347,True,False,False,5.240053060932179,2.98267128975795
38.4491,56,1289.925083,True,False,False,4.877175858405635,4.09985297031044
24.751819,28,1290.263551,True,False,False,2.0839945945428084,1.6154129007989866
26.170407,17,1290.507305,True,False,False,1.568941798671088,1.557592686932484
-18.73623,12,1290.647193,False,True,False,0.7084048962861984,5.912845554451788
28.876947,18,1290.865526,True,False,False,1.973415979802737,2.002852573681683
36.208675,40,1291.425032,True,False,False,3.906847519580765,3.6555529352902836
39.010919,57,1292.177417,True,False,False,5.350435904840988,4.343072895928502
30.824859,30,1292.567592,True,False,False,2.3031291180327544,2.4894724898614737
38.808978,124,1294.257753,True,False,False,8.143277428007966,5.467846461471736
26.055833,17,1294.450366,True,False,False,1.5750850089808333,1.6216485772136926
43.33451,95,1295.775215,True,False,False,6.424064606675955,5.6149736324347055
27.457959,30,1296.165191,True,False,False,1.9065876689097032,1.9304305645372577
28.57865,31,1296.637009,True,False,False,2.1490254005448617,2.173208219901553
29.969282,29,1296.997258,True,False,False,2.3974341857874943,2.3782574097478193
45.039505,59,1297.641653,True,False,False,6.253337881646474,5.526382170631807
39.707868,94,1298.822369,True,False,False,5.401951116105297,4.849799629194204
49.434687,105,1300.01949,True,False,False,7.802037419911515,6.6651827301397
27.856967,21,1300.239647,True,False,False,1.9248905655977553,1.9765260893962162
42.287122,98,1301.441744,True,False,False,7.50076198879951,5.589197605132938
28.525064,20,1301.654387,True,False,False,2.0467532132422273,2.0201968845570484
42.156489,54,1302.405281,True,False,False,5.509184659951255,4.9334242438627385
47.913054,105,1303.802309,True,False,False,6.8596297368527654,6.262707951789508
38.748353,65,1304.684196,True,False,False,6.4098392247340135,4.539611509264042
29.939481,27,1305.009114,True,False,False,2.1498760618819155,2.3780038302081477
-17.935826,19,1305.24637,False,True,False,1.278274165653037,4.231938115036099
42.954198,52,1305.921217,True,False,False,6.94010068286294,5.147693231523703
45.933753,84,1307.050113,True,False,False,7.149400687878934,6.079636173543342
25.245475,31,1307.461568,True,False,False,1.5790321442406596,1.5303107926804285
35.30036,31,1307.845356,True,False,False,3.374229635390484,3.4024749212320926
30.835869,55,1308.469719,True,False,False,5.313253454927849,2.9249602267052164
43.721672,82,1309.462801,True,False,False,6.525658967156548,5.635509797665114
45.478613,50,1310.049439,True,False,False,5.297433622206914,5.332491941255086
38.793785,48,1310.611385,True,False,False,3.9907540407588207,4.060423187699558
34.868831,41,1311.138848,True,False,False,3.7130379865392116,3.4175430314790534
40.026914,64,1311.993303,True,False,False,6.532801517787136,4.699213571037578
29.376573,25,1312.3369,True,False,False,2.0991771026850143,2.207357317385769
30.285839,33,1312.705366,True,False,False,3.3764546724065596,2.523140937877855
45.013791,110,1314.045918,True,False,False,6.490464243648267,5.958035977209168
28.185829,81,1315.156829,True,False,False,3.5753908950660254,2.775557233737784
45.66001,81,1316.151107,True,False,False,7.19333576756365,5.7967639488581835
26.628326,20,1316.402786,True,False,False,1.5749149382012735,1.7025672460982153
16.811584,177,1318.61034,True,False,False,6.444971592655633,1.9141342542949427
43.253061,65,1319.421386,True,False,False,6.37922320775604,5.369787147848731
27.37346,20,1319.681186,True,False,False,1.6222847520883636,1.7951211800420162
35.092678,55,1320.417989,True,False,False,4.752717675471348,3.7111250257913295
42.385928,44,1320.952493,True,False,False,5.3450144710721,4.881966338793376
43.697212,71,1321.840465,True,False,False,5.482497934453246,5.232643735795448
30.458688,21,1322.127624,True,False,False,2.24418522612966,2.3289550063962228
38.40965,67,1322.876991,True,False,False,6.040444503452668,4.753975887627517
44.262101,51,1323.552035,True,False,False,5.42856644250929,5.186042708240358
33.641014,73,1324.526899,True,False,False,5.970274557907903,3.7251918358293574
40.411012,49,1325.167655,True,False,False,4.964075644148941,4.5481470332368295
43.028444,58,1325.80737,True,False,False,5.520836246033761,5.067063996733643
44.890158,80,1326.718046,True,False,False,6.887887028071946,5.69308536771391
35.566822,29,1327.015508,True,False,False,3.337390100767551,3.409854427040177
32.293508,35,1327.482147,True,False,False,3.5064269477915535,2.9730341525751465
25.898773,32,1327.921623,True,False,False,1.5539677827962954,1.6410607192162991
47.383962,76,1328.914189,True,False,False,6.42047894350256,5.970499013013436
34.959644,30,1329.28627,True,False,False,3.586471784845132,3.348372550876433
37.776106,41,1329.804092,True,False,False,4.025441477825524,3.947298408264826
34.111562,57,1330.522032,True,False,False,3.431558355396636,3.40026601467062
27.079739,21,1330.787822,True,False,False,1.6580653082950072,1.7503924385199865
44.02616,90,1331.891185,True,False,False,6.305479728733534,5.667147866370814
41.993417,50,1332.437425,True,False,False,4.891724957996078,4.798669090888133
44.762528,59,1333.112878,True,False,False,5.822491996117971,5.439627338186172
27.154968,17,1333.30136,True,False,False,1.7161490090515172,1.7880433642619786
29.884594,21,1333.516671,True,False,False,2.252430792142841,2.3349143547235256
31.580805,67,1334.327781,True,False,False,4.930456992220257,3.18281311457898
30.757902,47,1334.847525,True,False,False,2.965513472231189,2.6704993595019895
44.090532,84,1335.808328,True,False,False,8.089604556061813,5.65267393996413
25.766104,21,1336.055841,True,False,False,1.383475774738255,1.539886716287954
41.458145,66,1336.854388,True,False,False,5.737885320739199,4.966728343886869
49.058721,111,1338.228369,True,False,False,8.20299801614689,6.813650006017275
31.220582,25,1338.492869,True,False,False,2.6604145037858307,2.632847611160912
28.354738,24,1338.749109,True,False,False,1.8486139308571294,1.9612076301674066
42.610088,70,1339.60534,True,False,False,5.563832478516844,5.199150108671691
-17.887355,22,1339.896981,False,True,False,1.6033054855629758,4.861461316780431
45.332845,47,1340.478848,True,False,False,6.281448779593206,5.453984046288351
42.644489,89,1341.506454,True,False,False,5.803336671043723,5.433538909530625
41.289,57,1342.225441,True,False,False,4.885040403550225,4.8313855939541615
36.949047,62,1342.979629,True,False,False,4.994852882764093,4.247723787008598
37.665903,88,1344.075049,True,False,False,4.842065081264208,4.3841640577701675
29.146724,33,1344.480626,True,False,False,3.285860534319988,2.3029207161910845
37.78076,35,1344.924961,True,False,False,3.7286797154015408,3.9273040318354253
37.707814,86,1348.375589,True,False,False,6.452255246442032,4.440228769197772
43.885784,74,1349.201779,True,False,False,6.070140028217084,5.374563392848703
45.911748,69,1350.044201,True,False,False,6.451559835901501,5.8674538029800996
-14.275437,17,1350.275545,False,True,False,1.4923203513250078,7.146688386571764
32.382518,32,1350.621635,True,False,False,3.1914651971214303,2.837424573057
34.863237,61,1351.376059,True,False,False,5.136969998617232,3.642895284083321
41.959918,56,1352.028049,True,False,False,4.90251493122867,4.828143107685642
36.483605,38,1352.510127,True,False,False,4.81814736683611,3.7036432468675127
36.292144,51,1353.176907,True,False,False,4.916682274273093,3.668091866254571
27.107861,26,1353.488472,True,False,False,1.7518675635745766,1.7634857005169648
33.689806,36,1353.921148,True,False,False,4.180130265829609,3.1272099027301374
45.003208,77,1354.899223,True,False,False,5.893464649026715,5.742506624946984
41.336028,63,1355.723764,True,False,False,4.763483575917632,4.729797355563466
32.352058,39,1356.135741,True,False,False,2.9742283070925497,2.871747375875636
29.069151,30,1356.459316,True,False,False,2.8145084723674865,2.2462080840433236
52.277737,92,1357.629605,True,False,False,8.674996719216725,7.150822601757351
37.534171,55,1358.37339,True,False,False,5.220086183435106,4.138471392683842
33.327495,47,1358.960859,True,False,False,3.3395666615548576,3.1312179725862292
43.784119,85,1360.033045,True,False,False,5.78606721781446,5.563355008452032
44.49156,70,1360.928659,True,False,False,6.050390362251714,5.4126753994199905
26.333301,27,1361.260243,True,False,False,2.300245831638166,1.7643251003022586
27.839235,26,1361.576102,True,False,False,2.056809601642638,1.9942934485036454
32.612439,51,1362.18941,True,False,False,3.2746597988581314,3.0347293966384195
39.841131,38,1362.67226,True,False,False,4.553632377345133,4.347173942886487
54.220564,60,1363.430951,True,False,False,7.75509883295038,7.233413406504247
46.293764,80,1364.420295,True,False,False,6.187489137191931,5.832890005887409
41.137839,65,1365.209058,True,False,False,5.562311727715597,4.700613650445618
35.494949,54,1365.787114,True,False,False,3.789405700850358,3.633668836688525
35.858215,62,1366.434854,True,False,False,4.849093665585016,3.926768444512985
31.467733,38,1366.887609,True,False,False,3.8263612024502205,2.819509668504788
34.771834,48,1367.478906,True,False,False,5.049910870092776,3.5533179415733236
34.17532,63,1368.111736,True,False,False,4.262552955752503,3.596841466802447
33.381825,47,1368.595603,True,False,False,5.1657103993219415,3.2361722441089538
42.914462,87,1369.674317,True,False,False,6.0534706797421505,5.370705564993242
36.747284,50,1370.323451,True,False,False,4.298582132170899,3.9396511611523124
40.730801,76,1371.348196,True,False,False,4.9616321941792405,4.767287099834744
37.98344,71,1372.18399,True,False,False,4.824828023839744,4.293433948548657
47.50844,125,1373.604446,True,False,False,8.739958020846448,6.555201521455329
39.280073,68,1374.353787,True,False,False,5.33158726368998,4.550879208143318
47.052275,54,1375.011317,True,False,False,6.992387974142369,5.891226826405516
37.470865,63,1375.758849,True,False,False,4.465107845203437,4.20328375356848
32.202118,50,1376.348375,True,False,False,3.9746891602187477,3.0443750329038464
37.182822,92,1377.50671,True,False,False,4.3506591332049265,4.278956849450542
40.928076,99,1378.84622,True,False,False,7.365023196698903,5.348122985991269
50.814478,107,1380.023968,True,False,False,8.674556175664685,6.999731668483777
32.798614,71,1380.772391,True,False,False,4.473922998498059,3.264803690187371
27.697009,19,1381.007699,True,False,False,1.8995291707171744,1.8407973309717462
45.951273,67,1381.864511,True,False,False,6.700402719798553,5.699117107696688
50.022358,81,1382.831857,True,False,False,8.576048804596445,6.733004654021969
35.526313,74,1383.779855,True,False,False,5.402760886774593,4.023149625650885
36.465847,100,1385.034624,True,False,False,5.695843531321248,4.269534656762923
29.208454,46,1385.652408,True,False,False,3.030885100928026,2.513115901023601
25.308247,87,1386.613512,True,False,False,5.726185737906557,2.390549957779061
37.998044,42,1387.058754,True,False,False,4.212727560941109,4.041377892785097
26.241529,15,1387.230559,True,False,False,1.2976065134635542,1.5397998534956814
30.527765,15,1387.422688,True,False,False,2.222075473189718,2.308602357009223
33.529812,105,1388.670114,True,False,False,6.18070193905035,4.195916260321421
31.196492,38,1389.110505,True,False,False,3.2893459277846078,2.7746589045671204
41.641279,52,1389.751052,True,False,False,5.182600550519284,4.778441358690624
25.240994,20,1390.009564,True,False,False,1.6117844369531715,1.5746983007826116
45.671037,73,1390.80001,True,False,False,6.225927705227164,5.7564645700573
31.527485,62,1391.520279,True,False,False,4.836381833660648,3.0561455037485152
44.920157,70,1392.409827,True,False,False,5.997001734197538,5.462694576263723
28.420637,24,1392.726278,True,False,False,2.252717394144551,2.0588409996791306
40.390839,49,1393.339867,True,False,False,4.935389758130163,4.575703035293023
43.337855,69,1394.222486,True,False,False,6.838018708397515,5.424215795051998
34.770927,52,1394.864668,True,False,False,4.300303239828049,3.6401580969456937
40.311084,85,1395.935898,True,False,False,6.174332574663421,4.964836347076137
47.829557,81,1396.981813,True,False,False,7.247876734799733,6.076767839716262
30.593325,23,1397.28494,True,False,False,2.772654683631061,2.404156907759907
32.004035,54,1397.97015,True,False,False,3.296918429873151,3.0071029174555712
-18.1842,25,1398.306011,False,True,False,1.5013027696595485,1.7246510426632504
59.821283,85,1399.402079,True,False,False,10.075209148392354,8.490326324799826
40.606508,69,1400.335854,True,False,False,6.128304977979337,4.687926649614265
38.428866,64,1401.139309,True,False,False,4.397497995788964,4.204727580558086
32.706157,25,1401.435381,True,False,False,3.1992404573265136,2.9015594118438153
33.426873,35,1401.898794,True,False,False,3.0679463664325755,3.1373285132596385
28.425157,21,1402.168254,True,False,False,2.1020265259069792,2.01557475982557
32.754222,39,1402.656322,True,False,False,3.0212496666303674,2.9864481160480754
38.885929,70,1403.484609,True,False,False,5.881892000760228,4.7945898606819375
39.123402,52,1404.104348,True,False,False,4.75472578145608,4.361599056350793
42.608219,66,1404.967698,True,False,False,5.84546945344229,5.098198952009644
30.941657,23,1405.27982,True,False,False,2.370582367194736,2.4707898481542525
42.561736,104,1406.646799,True,False,False,6.996208999626852,5.379340635825535
34.731199,57,1407.368033,True,False,False,4.875507694067635,3.5721898322339807
40.277061,71,1408.197364,True,False,False,4.899382808563682,4.8089501472529115
46.060085,109,1409.449725,True,False,False,6.981728005766831,6.119666587458559
42.663725,81,1410.234412,True,False,False,5.823155693375162,5.366107219715847
58.50723,103,1411.500815,True,False,False,10.579235425975883,8.426790072391212
35.169485,43,1412.03874,True,False,False,3.6586260636711314,3.454931628025648
45.634855,56,1412.747591,True,False,False,7.098415076006267,5.6042289286559415
28.356177,21,1413.031199,True,False,False,2.0730974546874337,2.0691981734668743
28.198113,102,1414.325921,True,False,False,5.330616125745918,2.9115542080250916
33.939512,30,1414.705187,True,False,False,3.119985769589713,3.0948010779821593
27.336363,14,1414.868859,True,False,False,1.5899374223775602,1.7498481524929412
-18.282768,10,1414.990203,False,True,False,0.6254357170698973,3.382774584855737
32.179308,56,1415.735409,True,False,False,3.337347563226985,3.1489396631360926
48.587612,65,1416.559876,True,False,False,6.810747906944355,6.286618419478697
40.645557,70,1417.38337,True,False,False,6.939288100323449,4.901958929837574
35.51826,34,1417.777108,True,False,False,3.6512277313226136,3.5491422586911754
32.183434,40,1418.294755,True,False,False,3.1943457605145444,2.7905188433806347
37.069842,53,1418.956146,True,False,False,4.497967783476121,3.9840807103102645
35.599722,69,1419.821369,True,False,False,4.413055669214887,3.823472798237107
41.865273,48,1420.428979,True,False,False,4.848636000010643,4.734124837065563
39.330603,66,1421.040302,True,False,False,5.352656621119085,4.521123772024853
27.801741,24,1421.262465,True,False,False,1.9206632435623758,1.9171675670810555
32.532039,38,1421.60875,True,False,False,3.2377858515538906,2.9962732085280437
41.002767,66,1422.203242,True,False,False,5.0865024216525745,4.796879734340128
48.925402,87,1423.008205,True,False,False,8.291919514840359,6.570523513388985
28.536063,19,1423.175137,True,False,False,1.7979463907614974,1.9848719327722142
44.925059,56,1423.698611,True,False,False,6.117862881034761,5.39272866931402
45.582524,68,1424.513519,True,False,False,7.203996847555909,5.718992030298366
30.415443,32,1424.905892,True,False,False,3.1812481041344305,2.551603307083901
49.803756,91,1426.041115,True,False,False,7.223500912555379,6.680808837663524
37.319527,35,1426.417188,True,False,False,4.063115544829856,3.8728166070287773
28.448579,32,1426.817582,True,False,False,2.1462530472290235,2.094622720633742
28.384221,34,1427.12373,True,False,False,2.1766129660589266,2.147313819038646
45.577739,83,1427.938261,True,False,False,7.9160239105787795,5.90012137238264
26.472918,37,1428.422208,True,False,False,3.1769011832727716,1.8492284004318995
45.648449,76,1429.424366,True,False,False,6.784529451035772,5.902628285601934
36.013561,45,1430.035694,True,False,False,3.4438198962999933,3.563042005117102
31.433399,34,1430.478839,True,False,False,2.9306361841730615,2.751449505670453
27.542108,21,1430.751847,True,False,False,1.7689398543660255,1.830477375727997
36.272071,84,1431.87096,True,False,False,6.709294736988527,4.246529814334191
38.113844,46,1432.4608,True,False,False,4.110512828196742,4.112038741249387
33.415713,55,1433.135358,True,False,False,4.173353429650153,3.351428235255235
33.068294,59,1433.923127,True,False,False,3.169713847636501,3.2102466962194054
44.079413,41,1434.475973,True,False,False,5.334094586709409,5.139285915909325
29.477071,29,1434.839913,True,False,False,2.4753867482860614,2.36165861088669
36.052885,45,1435.414431,True,False,False,4.2033720342744525,3.7006287134278724
44.400109,79,1436.401038,True,False,False,6.0263526614090255,5.510456759280849
27.245255,27,1436.771705,True,False,False,2.3026957919064905,1.8388538249875406
44.448926,63,1437.579648,True,False,False,6.371458007421342,5.431499010323794
26.604558,28,1437.947561,True,False,False,2.597495863559096,1.802776263962625
44.147405,71,1438.772925,True,False,False,7.215657504332972,5.4737492612309415
49.697394,101,1439.962033,True,False,False,9.111850350345874,6.936154173634428
27.312728,20,1440.195172,True,False,False,1.7155378823140626,1.868685276263095
34.477188,45,1440.710038,True,False,False,3.4962816720759133,3.4032397165119255
42.659437,59,1441.399343,True,False,False,6.023182421221422,5.052854182182341
26.631503,24,1441.64875,True,False,False,2.3033514859918904,1.7556719432866699
41.959673,101,1442.800203,True,False,False,7.219105471565566,5.365667758732732
33.771804,49,1443.401883,True,False,False,4.215711095400128,3.3367529272441936
46.321415,74,1444.34794,True,False,False,5.939081294174767,5.777657337999003
26.836907,71,1445.214735,True,False,False,4.294699273873497,2.5586272553297613
26.519069,14,1445.340168,True,False,False,1.5315842717179375,1.6226133314106879
32.852197,44,1445.913732,True,False,False,3.2017703228842023,3.048350079355464
46.224502,90,1446.869918,True,False,False,5.99455020445481,5.891558077189991
28.800132,30,1447.220297,True,False,False,2.4457136643715813,2.1955050221989207
28.058263,23,1447.453526,True,False,False,2.0449093003628778,1.9783606427010114
36.280672,32,1447.79784,True,False,False,3.5489965259465217,3.597325416933633
32.642574,60,1448.547253,True,False,False,4.443769408433183,3.20967597748569
35.523142,32,1448.970804,True,False,False,3.7204276423203875,3.4641504798596134
53.995635,140,1450.815854,True,False,False,11.481885560085308,8.163034426777326
38.009666,50,1451.468674,True,False,False,4.392713080669749,4.151631316764294
31.791001,65,1452.333586,True,False,False,3.9926261997601564,3.1740444742960623
40.371159,46,1452.940347,True,False,False,4.62434297278252,4.40876536484321
35.850308,68,1453.725988,True,False,False,5.033098692378047,4.033346626232493
33.994749,54,1454.312367,True,False,False,5.201959026705356,3.352096184768969
-16.880003,13,1454.433708,False,True,False,0.8505182115886712,5.4114112097214955
34.259456,69,1455.325037,True,False,False,5.144862170915926,3.807566582630907
33.750602,39,1455.815478,True,False,False,3.6745740796061,3.380016039919656
32.865757,46,1456.417309,True,False,False,3.256196707581334,3.0855213537026325
42.083513,96,1457.684607,True,False,False,5.938201358846664,5.200497205313519
28.093128,59,1458.446294,True,False,False,3.5322336232132554,2.405677261173416
41.02736,41,1458.937568,True,False,False,4.897136545976361,4.583592510667645
41.414507,80,1459.938177,True,False,False,6.111162793498869,4.898156939208558
44.60531,87,1460.917253,True,False,False,6.795357189299273,5.615975702549152
26.033987,17,1461.140209,True,False,False,1.4376107402322866,1.5494589237202507
26.952083,30,1461.508723,True,False,False,2.177121821174719,1.994437080281589
44.073577,51,1462.129512,True,False,False,5.274778125350916,5.27386737585991
41.972874,40,1462.633976,True,False,False,4.95460164174451,4.822020769231831
44.530876,98,1463.888583,True,False,False,6.716839001121543,5.725565587699922
27.358017,16,1464.087928,True,False,False,1.6120054527635728,1.7372624602491518
29.802398,17,1464.290455,True,False,False,2.169881307050325,2.220029882773168
31.699997,50,1464.929738,True,False,False,5.93243936489512,2.8955283295840006
43.457729,63,1465.808775,True,False,False,5.5248649466269155,5.363191973924231
30.368637,28,1466.187488,True,False,False,2.333544640111328,2.4354624797533084
43.563446,51,1466.849208,True,False,False,6.1625366117540175,5.243961136213762
29.865918,38,1467.356445,True,False,False,3.9746464922240916,2.611291500633768
49.986632,77,1468.290016,True,False,False,6.740047493567717,6.45393149729079
35.048864,48,1468.919297,True,False,False,3.465506893348904,3.4281709025437572
34.167838,44,1469.484106,True,False,False,3.750496432533519,3.363135667674929
41.341552,102,1473.866283,True,False,False,7.750496715764162,5.306182152576597
28.563815,30,1474.269754,True,False,False,2.13066977542317,2.1073581359285964
28.422364,46,1474.881824,True,False,False,2.2769224489589948,2.247793360833072
26.206225,62,1475.682309,True,False,False,4.4133974939316225,2.1978953097418232
29.374775,41,1476.196799,True,False,False,2.2730552067893792,2.3651274444277495
26.368522,15,1476.416,True,False,False,1.6020910791127883,1.6459689115262206
34.042218,37,1476.883098,True,False,False,3.6150898998451106,3.3038655753876895
45.891924,80,1477.877846,True,False,False,6.829574250349267,6.003276426897773
33.691159,28,1478.184256,True,False,False,3.124016531540853,3.050268698646171
30.277299,25,1478.5009,True,False,False,2.3698337475273674,2.3936102481918207
28.137646,41,1478.901923,True,False,False,2.559144303518918,2.184581382760817
27.753324,22,1479.163741,True,False,False,1.7983942739017882,1.912050217547507
45.55259,53,1479.738438,True,False,False,5.986038452324249,5.581286915373338
40.905292,66,1480.563595,True,False,False,6.60138917337574,5.014595208989905
37.676322,52,1481.273067,True,False,False,5.511299999739629,4.146655802381899
30.653862,45,1481.760753,True,False,False,3.210634486388408,2.731644507331262
29.077971,25,1482.052206,True,False,False,2.4526767404441845,2.2417899930439114
45.753459,107,1483.486777,True,False,False,6.611903690940399,6.231056424638769
35.656055,66,1484.37115,True,False,False,5.498346908012227,3.974269715019329
28.529165,38,1484.892155,True,False,False,2.4997845461238426,2.1935369020760995
27.818612,22,1485.144182,True,False,False,1.932685060837263,1.9354712509811007
36.23947,36,1485.501153,True,False,False,3.6414236890772633,3.6063251912551353
36.813006,71,1486.44363,True,False,False,5.363956042244716,4.175937227739624
31.505956,32,1486.861395,True,False,False,2.6319548480126653,2.60636640593471
31.128533,24,1487.183918,True,False,False,2.800943568745902,2.548390960394216
46.22157,74,1488.101813,True,False,False,5.912447975628307,5.70873961423022
32.486719,38,1488.53189,True,False,False,3.17021635890585,2.9980735224832316
50.666543,75,1489.382527,True,False,False,7.898531550004107,6.726801198637663
44.702046,69,1490.203126,True,False,False,6.537298353827795,5.465966946820146
28.626488,62,1490.849865,True,False,False,3.5312892714728856,2.706429693250455
28.82253,42,1491.241518,True,False,False,2.33100997454284,2.2672734064136755
32.010974,36,1491.567152,True,False,False,2.7804225039312556,2.911724842055331
30.159806,23,1491.769454,True,False,False,2.1967082029987477,2.3219584374390054
39.565275,53,1492.386466,True,False,False,4.619839210976853,4.488478326832115
34.334246,33,1492.755919,True,False,False,3.626527433410185,3.2832592020980362
25.332031,51,1493.375201,True,False,False,3.073221879549124,1.8072891840655763
41.622102,118,1494.687869,True,False,False,9.093517854076069,5.549293025430984
35.055361,59,1495.423101,True,False,False,4.290142885737518,3.7252958445558377
30.470685,33,1495.887679,True,False,False,2.5876319434323487,2.4920410361488035
42.280498,73,1496.807043,True,False,False,5.515705151197871,5.115537452902053
45.627816,91,1497.983027,True,False,False,7.667907079309636,5.907094250394176
31.33928,33,1498.408665,True,False,False,3.0480629422005716,2.7155712158109577
44.004787,56,1499.124127,True,False,False,6.188678581186275,5.284172170430753
43.898818,111,1500.651663,True,False,False,7.230047053946425,5.807808747362818
39.45649,63,1501.418796,True,False,False,5.145677963444555,4.4616493195716345
28.501314,25,1501.741536,True,False,False,1.9916243821609652,2.0377654989616607
44.441396,108,1503.088561,True,False,False,7.620779761936963,5.928444163964467
32.145607,25,1503.353282,True,False,False,2.8067365060049374,2.7402665889541504
35.371605,46,1503.98147,True,False,False,4.09539323685994,3.6199247204108533
25.598257,96,1505.229796,True,False,False,5.58566950508519,2.3835585783186573
24.9098,35,1505.682595,True,False,False,1.651440031411392,1.5777873260187012
41.635405,97,1506.763087,True,False,False,6.499061916803023,5.725534445274037
31.150621,25,1507.104506,True,False,False,2.8169254511233603,2.6279054886298536
30.865247,24,1507.424847,True,False,False,2.5838467294650918,2.5327668063916025
-17.510579,10,1507.553303,False,True,False,0.6530255922580335,3.843292467956477
45.041346,85,1508.68593,True,False,False,6.283875653806032,5.551187610402626
-19.76952,3,1508.736154,False,True,False,0.24332191325488536,1.8296128097885365
33.792645,48,1509.374923,True,False,False,4.121535983079253,3.3228059313255773
33.214208,34,1509.769882,True,False,False,4.432330449789084,3.1590283710442315
44.842269,60,1510.517733,True,False,False,5.595924764764213,5.393577711382279
32.964503,73,1511.444945,True,False,False,4.866773511223836,3.4937033459520084
28.569295,30,1511.840343,True,False,False,2.1700838183589917,2.1493079692459327
34.746266,35,1512.296661,True,False,False,3.7085845541682483,3.4052105697292956
36.490066,46,1512.904333,True,False,False,5.521074663894924,3.985489881820595
31.397144,35,1513.354877,True,False,False,2.660527222198613,2.6496240486869547
34.057837,57,1514.16129,True,False,False,4.041967002199184,3.423942666459493
29.079412,19,1514.387163,True,False,False,2.0073718449239566,2.1288730172818693
49.722459,88,1515.458361,True,False,False,8.60979707572903,6.692648928123076
42.250243,72,1516.33994,True,False,False,6.719013842657305,5.122339181109718
31.651993,38,1516.815873,True,False,False,3.264042157933525,2.8214171300975432
43.123943,55,1517.555373,True,False,False,5.222942638280153,4.98276306482933
31.197483,40,1518.042992,True,False,False,2.9415151629749237,2.633782319931833
31.931244,51,1518.583161,True,False,False,3.2408744154507527,2.9459179643454796
39.376941,92,1519.679025,True,False,False,5.97714005068741,4.681429995059336
46.523187,73,1520.474437,True,False,False,6.438125212002689,5.780644553086119
29.50303,48,1521.00738,True,False,False,3.2066246647960215,2.5668148380373643
44.548342,82,1522.096381,True,False,False,6.957429864611713,5.706125571331446
29.207286,41,1522.601797,True,False,False,3.0672853126876114,2.3788523763334797
30.365905,44,1523.15304,True,False,False,3.5296169737367538,2.60537972236513
31.033895,32,1523.519986,True,False,False,2.5195115289169965,2.622393647611849
48.566928,115,1524.839428,True,False,False,7.812616802829368,6.648494448988557
40.18773,50,1525.521489,True,False,False,5.6367864824728695,4.653913183990698
33.540931,58,1526.30969,True,False,False,3.5963233405368453,3.4013234811450106
44.987118,88,1527.483857,True,False,False,7.693155589147635,5.685329386436011
36.563553,48,1528.10746,True,False,False,4.201080445458956,3.801249465379781
29.493103,50,1528.611734,True,False,False,5.424891147055351,2.5913431679249186
27.955161,23,1528.818884,True,False,False,2.323098795270997,1.9779872472962634
29.955568,80,1529.847066,True,False,False,4.954427831474139,3.2652640655248826
-17.804794,79,1530.91312,False,True,False,3.9407648535150632,6.738484710321346
29.618549,24,1531.247773,True,False,False,2.546856211310045,2.284134934570236
38.137409,72,1532.214574,True,False,False,5.903905110383398,4.463925580307325
35.367585,57,1532.950853,True,False,False,4.52147412416517,3.756147603945301
34.496083,80,1533.987555,True,False,False,4.789124040708416,3.7331480160963264
41.7521,66,1534.873721,True,False,False,5.765981030014462,4.969992796064078
39.75978,57,1535.532858,True,False,False,5.5006376051041554,4.606197109125896
27.88464,65,1536.139158,True,False,False,4.1522599669064455,2.3932236877353477
30.432788,24,1536.43335,True,False,False,2.2064228622839206,2.3265429374175026
41.514402,100,1537.773606,True,False,False,6.175219758015962,5.116837293245281
35.409227,42,1538.336914,True,False,False,4.281354474339575,3.659771830507262
32.598633,42,1538.811146,True,False,False,3.898329052259197,3.0413936983569307
40.810615,50,1539.4189,True,False,False,5.553043253570474,4.580183438651625
46.996699,91,1540.627705,True,False,False,6.476065925433868,5.987891288828756
25.718052,64,1541.363913,True,False,False,4.225441288634917,2.24221806058946
28.404239,24,1541.601137,True,False,False,2.0835817546748667,1.987585768371225
35.030469,45,1542.168016,True,False,False,4.44832149165976,3.489694325171682
30.428146,28,1542.501658,True,False,False,2.507688756897447,2.4664749098265752
43.144856,71,1543.375036,True,False,False,6.2069495281985985,5.195823276035462
45.370434,109,1544.803529,True,False,False,6.767644808226501,5.939029893126771
41.780238,122,1546.399195,True,False,False,9.469604915340346,5.65744544683383
28.832837,20,1546.613405,True,False,False,2.0451332910784665,2.0930961427585486
31.750944,35,1546.939844,True,False,False,2.830893910963874,2.7285532472796996
42.547714,69,1547.83648,True,False,False,5.274902006076155,5.014002694840904
43.194183,88,1548.956929,True,False,False,6.224144390549889,5.340371129572518
37.924452,94,1550.105939,True,False,False,6.6598319799081045,4.49535688881281
37.196166,72,1550.936075,True,False,False,4.656788245867704,4.08716021110821
32.385224,56,1551.608285,True,False,False,3.3272806589459343,3.219404382700937
37.038603,63,1552.180403,True,False,False,4.203182319905374,3.9867280649669725
31.170227,36,1552.508234,True,False,False,4.3623867556214515,2.7408268355423884
26.738495,20,1552.685434,True,False,False,1.6132924920937983,1.659852314628095
28.424118,43,1553.088303,True,False,False,3.6478688774764763,2.2726027647969067
31.88778,29,1553.469072,True,False,False,2.8002001014943576,2.7434324641942447
31.044402,42,1553.940113,True,False,False,2.9936650535837095,2.7113880545469473
31.302633,34,1554.393023,True,False,False,2.572105164608212,2.621547729797044
30.360077,29,1554.748099,True,False,False,2.7585292707016764,2.4721874582308057
26.627223,42,1555.296571,True,False,False,1.728867021215321,1.9190166977060095
29.310623,32,1555.71963,True,False,False,2.733175302729433,2.3703860470683296
40.953794,78,1556.716441,True,False,False,6.720602509821996,4.966056351122843
38.956189,35,1557.190245,True,False,False,4.1614690036213045,4.081376247973866
36.723477,100,1558.46956,True,False,False,5.181823967465229,4.325594595605247
32.935892,37,1558.951788,True,False,False,3.015297004225599,3.034372218962515
48.304588,77,1559.771143,True,False,False,7.349587804369141,6.391940433201159
33.217218,42,1560.261096,True,False,False,3.126916603092324,3.1870122313620572
28.190354,24,1560.563444,True,False,False,1.970146194192843,2.051879415115289
27.247662,29,1560.890472,True,False,False,1.8637910377888551,1.9675467380619032
28.163468,27,1561.224673,True,False,False,2.2665719264926576,2.0495454528219446
37.029626,144,1562.979927,True,False,False,7.855497746012094,4.969812969109213
44.773228,81,1563.973497,True,False,False,6.233616649503893,5.491625237884624
48.741664,119,1565.570215,True,False,False,8.489064994704552,6.686839313975122
34.932234,40,1566.069892,True,False,False,3.6944250768003366,3.4477537225913304
43.832353,53,1566.690401,True,False,False,6.0584166137758375,5.270111650708173
-16.257597,18,1566.92687,False,True,False,1.5536978873727632,4.5906300834624405
25.816561,24,1567.241467,True,False,False,1.4492824059814442,1.631307848359955
28.083693,31,1567.685351,True,False,False,1.914996219962347,2.0658519438057295
-7.789733,46,1568.313817,False,True,False,3.47780040707585,3.8118218844744796
44.398914,45,1568.899377,True,False,False,5.214895011987808,5.10579260908012
32.485533,40,1569.42931,True,False,False,3.4346549484467097,3.0070021486873015
30.828825,27,1569.794895,True,False,False,2.992119086372284,2.507780183992363
29.009663,25,1570.110375,True,False,False,2.195879934750769,2.2117796814322626
40.163331,77,1571.097361,True,False,False,5.708952792501794,4.818828132503179
42.528961,175,1573.322885,True,False,False,9.755456659321636,6.294420625209987
-17.917427,15,1573.540537,False,True,False,1.0971563768647683,5.085071894039934
34.009306,84,1574.545799,True,False,False,7.1971081617877415,3.804876249353409
36.292671,63,1575.354603,True,False,False,4.854018796872219,4.003415204692739
33.5736,38,1575.771914,True,False,False,3.537330313943163,3.183412384883373
41.962586,80,1576.789922,True,False,False,5.477890620342023,5.063539475975491
38.232154,81,1577.689347,True,False,False,6.349986731199746,4.552436442254201
37.891451,74,1578.524463,True,False,False,4.997996933245615,4.29199375998398
24.952997,36,1578.907673,True,False,False,2.6744754326188493,1.8432989697411903
34.340342,41,1579.370751,True,False,False,3.1574324590226364,3.289315779700368
30.20963,52,1580.057803,True,False,False,3.656662383515671,2.664515141025551
29.501891,31,1580.403413,True,False,False,2.2242012137699856,2.3219343542305695
42.087015,53,1581.08249,True,False,False,5.455816312022309,4.897389702555014
38.089071,69,1582.032636,True,False,False,4.673698696368718,4.28363579352871
51.115488,90,1583.180574,True,False,False,8.6088670258967,6.974136929927169
41.689666,65,1584.035836,True,False,False,5.714679424779331,5.010623504174516
35.111899,36,1584.540541,True,False,False,3.408983122996913,3.3952540468455243
46.267388,74,1585.522669,True,False,False,6.444893078447488,5.823379947374347
35.553357,35,1586.028684,True,False,False,3.553520951957628,3.497248519755902
42.751495,55,1586.72515,True,False,False,5.332391193334001,4.898848618954827
39.83073,57,1587.440869,True,False,False,4.640766783386022,4.503240431864642
42.62615,78,1588.423139,True,False,False,6.478527108470539,5.196051506344052
29.391181,60,1589.058949,True,False,False,4.683069468511042,2.948620665234061
32.95348,36,1589.495006,True,False,False,2.953661888324146,2.98379048188448
38.883446,101,1590.660063,True,False,False,6.760203317120762,4.787119456802549
32.398042,30,1590.974818,True,False,False,3.1211328667504543,2.911928585675104
26.160534,30,1591.326453,True,False,False,2.1263447950784595,1.853722559994756
36.967865,69,1591.963965,True,False,False,5.554717041563269,4.035370141460477
33.569327,51,1592.402056,True,False,False,5.150196967225927,3.562885617564126
-13.706863,28,1592.649633,False,True,False,1.9643816122795876,5.387938443382818
26.244703,15,1592.78367,True,False,False,1.4048149644131,1.6013717948623938
36.79556,103,1593.684096,True,False,False,6.633849614047806,4.489428148991813
41.557967,98,1594.555763,True,False,False,5.54934187595305,5.18731947724991
29.099041,37,1594.952787,True,False,False,2.29956496227315,2.2763260304625037
25.298397,63,1598.293498,True,False,False,4.6221281084120465,1.9921092758275387
33.815059,62,1598.998325,True,False,False,4.070259508269878,3.367830077561821
34.234436,49,1599.541935,True,False,False,3.4169351330347757,3.3611172386046193
43.61983,72,1600.374013,True,False,False,6.518138384569036,5.338254363839198
39.718129,41,1600.85991,True,False,False,4.383179813482199,4.3316539592307155
38.930731,47,1601.40074,True,False,False,4.854951300325433,4.22106553629251
43.814053,75,1602.240603,True,False,False,7.4982860779217635,5.443691831485515
34.296878,36,1602.643835,True,False,False,3.2278758196437365,3.288069965887096
41.453377,58,1603.27012,True,False,False,5.519849192426261,4.920733344335338
28.968564,21,1603.506346,True,False,False,1.8950213005505105,2.0483090459803854
29.448227,77,1604.38754,True,False,False,5.335849932758773,2.9356609379156366
26.681075,26,1604.699453,True,False,False,1.7886217916223233,1.7687279422478375
37.590425,45,1605.236844,True,False,False,4.314418561801433,4.047902791484805
35.274996,51,1605.844757,True,False,False,3.879268966650986,3.5113998017139
26.576183,22,1606.132897,True,False,False,1.636189324353725,1.666900451158622
28.238507,40,1606.576991,True,False,False,3.4426214127856025,2.2001986869026777
41.23943,83,1607.45892,True,False,False,5.945087728808571,4.973367926409578
35.71947,60,1608.149505,True,False,False,5.595723036718113,3.9053096260385267
29.09798,28,1608.520898,True,False,False,2.4793183034130206,2.2957527146454866
-11.846599,42,1609.070918,False,True,False,4.3389871985320125,2.381946186480184
30.031285,31,1609.430377,True,False,False,2.49102969031954,2.453188909680677
49.574251,78,1610.423607,True,False,False,7.226318233577856,6.63765886679182
39.424614,62,1611.225029,True,False,False,4.680563702900237,4.434818458022939
40.944127,98,1612.433344,True,False,False,6.062189890254956,5.2617543106899
33.094171,46,1612.918346,True,False,False,3.7918557122352645,3.165846309367157
43.222712,95,1614.122595,True,False,False,6.3463624831375265,5.641322443831952
-18.173735,8,1614.229977,False,True,False,0.5194879696980718,2.5585594134001246
36.338004,64,1615.057036,True,False,False,4.3474889421482406,3.928830454562852
42.338584,79,1616.036289,True,False,False,6.004932464033029,5.305669756324381
41.82553,63,1616.83202,True,False,False,5.453522084636193,4.967462699823893
38.744394,62,1617.484312,True,False,False,6.374040034948971,4.413151254727145
47.564632,59,1618.250831,True,False,False,6.745455750450747,5.985344056334145
27.360761,25,1618.608165,True,False,False,1.8132852611847754,1.8305471791775192
32.44767,23,1618.903126,True,False,False,2.8100045906866242,2.7874583110190496
30.07148,32,1619.306757,True,False,False,2.4165634489058196,2.4263930717866127
34.768763,39,1619.841655,True,False,False,3.255131337303165,3.3944912572790207
40.379303,35,1620.309092,True,False,False,4.467890211061508,4.475151510236608
-15.060133,17,1620.545192,False,True,False,1.206293549395392,2.8243833137498644
46.573376,137,1622.072989,True,False,False,9.292608588206969,6.559874225918605
37.915073,47,1622.536227,True,False,False,4.333894155045319,4.043669294284908
32.050567,40,1622.93284,True,False,False,3.861526954579989,2.955600371917347
-18.24514,21,1623.16822,False,True,False,1.5004754063188241,2.261457667802649
41.218191,76,1624.15972,True,False,False,5.927939678665136,5.0569962666203105
46.05097,64,1625.005595,True,False,False,5.799002031965005,5.7370322655269
28.437117,39,1625.529448,True,False,False,4.049405274288137,2.287759552759047
33.848208,68,1626.343493,True,False,False,5.572501754521748,3.638424889893785
33.639187,44,1626.884023,True,False,False,3.1751066561074026,3.236213883437927
37.268791,33,1627.29181,True,False,False,3.561476067996733,3.7401792767545543
38.864996,54,1627.976817,True,False,False,4.7318687861239,4.210415517741591
26.682068,30,1628.366191,True,False,False,1.9029966489733594,1.8155835495378279
30.713301,25,1628.713729,True,False,False,2.5095851989248708,2.5762152911606546
39.455064,64,1629.52388,True,False,False,4.8100536057108805,4.385559738812452
26.934325,22,1629.823475,True,False,False,1.5240397950451388,1.711646403268209
31.81237,71,1630.531898,True,False,False,4.844667932380991,3.6073124880166603
28.745005,25,1630.848559,True,False,False,2.1269968167848647,2.161985660257134
37.183241,67,1631.609983,True,False,False,5.5767074181811775,4.048751018026834
46.869393,65,1632.345601,True,False,False,6.204192416723413,5.853453433878685
36.791972,29,1632.672924,True,False,False,3.82957931416099,3.625963871143881
35.279442,39,1633.156858,True,False,False,3.4904767891281585,3.419391722766146
33.146764,49,1633.745522,True,False,False,4.050600387016313,3.17045078253695
37.672226,55,1634.436487,True,False,False,5.2783130577867565,4.113940388992115
27.498738,27,1634.722038,True,False,False,1.672972455329693,1.8816643840951048
31.188906,33,1635.06736,True,False,False,2.862628178415339,2.679963827972758
33.494137,32,1635.392954,True,False,False,3.2585883063802665,3.1197205078373305
26.903177,23,1635.606952,True,False,False,2.2098578552352435,1.813103713901708
37.487532,56,1636.332774,True,False,False,4.444239199296606,3.9638867707332466
31.90826,34,1636.700654,True,False,False,3.3630214841241775,2.8165878555814405
30.303962,28,1636.945688,True,False,False,3.1208483005499907,2.4013144472900763
31.55554,31,1637.259416,True,False,False,3.3844274918974224,2.7250734286212097
28.301666,17,1637.466343,True,False,False,1.800291806388045,1.9619529424508722
38.803507,66,1638.22645,True,False,False,6.96599207255081,4.627180033941246
37.615356,81,1639.245652,True,False,False,5.115428738937152,4.266916219655322
32.837705,35,1639.658225,True,False,False,2.9321413459441854,2.9192448347676287
35.237076,46,1640.250404,True,False,False,3.484839085757774,3.5031274260301997
42.647295,57,1640.992486,True,False,False,4.9918361153231885,4.877558922215201
32.142838,26,1641.345502,True,False,False,2.7509719998921645,2.7800894220880865
37.68147,76,1642.327005,True,False,False,4.641342261823482,4.189013154707032
45.119405,63,1643.120995,True,False,False,6.855690243960673,5.568932143070192
38.63412,55,1643.805048,True,False,False,4.175385464879807,4.186028190882031
44.015483,91,1644.955982,True,False,False,6.37597409329132,5.539256638232331
35.487449,51,1645.646268,True,False,False,3.89551617288098,3.6952550169383676
47.797413,58,1646.411097,True,False,False,7.10657696379826,5.985401191559346
34.733336,41,1646.909062,True,False,False,4.262564279512628,3.544721318775118
47.326807,64,1647.723625,True,False,False,6.407767333056136,6.011416721826433
42.920784,51,1648.375711,True,False,False,5.1231300284338275,5.017455706659338
26.599484,20,1648.589064,True,False,False,1.4908344816353798,1.6007975698830426
47.087027,81,1649.419356,True,False,False,6.2610820878917695,5.8549140750453805
42.173358,42,1649.927309,True,False,False,4.629441737937741,4.652361334854855
39.359213,46,1650.415928,True,False,False,4.36206401190239,4.250604060406207
37.52771,65,1651.278149,True,False,False,4.503328591284471,4.124155959316303
39.807684,126,1652.882809,True,False,False,8.162050592199003,5.297506869679091
33.364517,52,1653.523496,True,False,False,3.109191689725792,3.2286788120961774
33.270479,43,1654.034927,True,False,False,3.367491105017855,3.033730206074497
28.45371,38,1654.540448,True,False,False,2.631453745853828,2.451833120842638
35.927796,59,1655.32113,True,False,False,4.507344071679392,3.7273937908024646
50.01769,93,1656.545491,True,False,False,7.357944829744441,6.706327763887844
38.677265,48,1657.139561,True,False,False,4.44280669463116,4.174038427818711
33.848211,72,1657.997536,True,False,False,5.24298803920933,3.6633195811658736
27.033448,23,1658.266565,True,False,False,2.4737386148590774,1.8575474753583587
33.653502,30,1658.576373,True,False,False,3.307180204854207,3.0344854025365238
32.32123,47,1659.091741,True,False,False,4.0305417511048205,3.045739776409663
31.152249,28,1659.393695,True,False,False,3.176118399607579,2.62003669176755
29.086854,40,1659.924727,True,False,False,2.147482516256731,2.293335973909463
29.764948,27,1660.292683,True,False,False,2.4181121060069333,2.3879579461639175
24.919294,42,1660.846984,True,False,False,2.509392192955394,1.6092710467604887
27.906214,32,1661.279919,True,False,False,2.0178939398706652,2.057278195019571
42.613428,48,1661.884065,True,False,False,5.266672022500589,4.914984651922399
33.175624,45,1662.460774,True,False,False,3.9310836699806284,3.049040828173088
28.92222,38,1662.935584,True,False,False,2.3302931159243125,2.3766222933805556
30.570719,36,1663.329528,True,False,False,2.6032081335116994,2.6038155400415395
37.89228,59,1664.10632,True,False,False,7.280955874909084,4.150828717223721
52.583231,118,1665.586596,True,False,False,7.69356772059957,7.356424770123966
41.589023,68,1666.406419,True,False,False,5.016844091185895,4.947606979009435
37.353931,48,1666.998855,True,False,False,4.285259449317031,3.946642854317178
27.906851,17,1667.205953,True,False,False,1.857638081279452,1.8806509551823576
28.810502,22,1667.484853,True,False,False,1.9335516056134796,2.0895329917624026
45.485795,120,1669.03972,True,False,False,7.034700391731294,6.195967348343485
31.865823,43,1669.589435,True,False,False,3.4857982220882766,2.9542599166647494
43.238931,113,1670.813061,True,False,False,6.4183818917426265,5.70379650919525
38.115578,41,1671.325714,True,False,False,4.0341284680520735,4.021723358193968
30.091396,29,1671.664402,True,False,False,2.4372762814303277,2.4147485801084745
32.454979,29,1672.031545,True,False,False,2.8975192783908623,2.8708375039402054
33.525922,45,1672.590555,True,False,False,3.314127201064827,3.2302594841389634
37.757843,44,1673.096669,True,False,False,5.041494946847502,4.1051455192201605
30.258953,22,1673.379113,True,False,False,2.313648174583465,2.3312543171522506
-17.767858,7,1673.473583,False,True,False,0.5897275909196126,1.6277225159007773
29.016208,66,1674.229621,True,False,False,4.2051276010411165,2.7241991057903654
28.948273,59,1674.905337,True,False,False,4.292154518450546,2.487539269798193
44.931022,73,1675.751696,True,False,False,6.553516011760084,5.5470821202527185
40.604345,85,1676.807812,True,False,False,7.094574269472301,5.0447308412218845
46.975162,75,1677.679507,True,False,False,6.27326448939573,6.000070415596048
44.165122,47,1678.20651,True,False,False,5.622262961942534,5.192015092225395
43.251768,65,1679.048649,True,False,False,5.72620398776587,5.064769033883087
32.132206,71,1679.891162,True,False,False,4.3478052202000725,3.399166151078596
43.940186,62,1680.563488,True,False,False,5.419382706412673,5.268267855980668
27.77745,19,1680.81549,True,False,False,1.8795171180718533,1.9106272205744796
41.179896,52,1681.508832,True,False,False,4.902689290430303,4.6419522086379335
26.274246,28,1681.887835,True,False,False,2.4088324047110095,1.659068226135071
31.906613,28,1682.239511,True,False,False,2.794663991319637,2.7294883442283844
35.524136,68,1682.967525,True,False,False,5.232639772133393,3.817901151582177
43.717079,76,1683.935644,True,False,False,6.105374122615168,5.480915196285854
41.238719,78,1684.986333,True,False,False,5.502156873249013,4.9974082291698405
44.809995,82,1685.984552,True,False,False,5.626030420682815,5.566903936487347
28.690517,49,1686.513608,True,False,False,4.279814289057817,2.534230677359093
36.116587,44,1687.014749,True,False,False,3.8820060042342197,3.702648146454075
28.874447,28,1687.345389,True,False,False,3.3578190377128996,2.163010198950515
28.95466,51,1687.940385,True,False,False,3.206153033602363,2.489424070850479
42.736826,46,1688.484366,True,False,False,5.748621819019048,4.94674277987649
36.377829,49,1689.015602,True,False,False,5.12437756291246,3.7752553901332515
42.847326,74,1689.950499,True,False,False,5.773301698242163,5.102371385531104
38.777609,113,1691.42417,True,False,False,6.975903707190682,4.911549016190655
29.124223,39,1691.923282,True,False,False,3.069208998254795,2.337205462457143
31.922295,38,1692.415087,True,False,False,3.3961184188606826,2.8933221284925543
42.769388,40,1692.91548,True,False,False,4.9708142633886645,4.895996089594076
28.238282,27,1693.191413,True,False,False,2.1951649532725255,2.0530836495814384
40.5674,65,1693.920276,True,False,False,5.483845436505481,4.709777819016452
39.084802,52,1694.51146,True,False,False,4.473300621175633,4.209712106552277
33.973141,43,1695.042075,True,False,False,4.2868282060913305,3.3487521102447815
33.484468,51,1695.661697,True,False,False,3.4374781026639583,3.318562727479077
43.147231,55,1696.322918,True,False,False,5.794726299228126,5.127054341270739
43.804064,103,1697.581199,True,False,False,7.347447410024871,5.633248146494051
-22.519535,35,1698.061158,False,True,False,2.043307826768477,3.5413981657807674
35.398753,62,1698.780576,True,False,False,4.723357895881688,3.7951904364098885
41.003867,59,1699.378161,True,False,False,5.377846351468532,4.781842506675642
36.848244,65,1699.961969,True,False,False,4.942481598209333,4.072482173817428
36.028305,72,1700.671737,True,False,False,6.045795160150323,3.9730987593350453
45.084151,74,1701.575581,True,False,False,6.530407676675562,5.640410692810171
30.90588,53,1702.276334,True,False,False,3.545837936064617,2.8743593960798175
26.802672,47,1702.924385,True,False,False,3.439386401533477,2.4594985286877895
27.833496,29,1703.304047,True,False,False,1.9402147978864248,1.9885024529708866
32.496926,83,1704.402405,True,False,False,3.924118874449424,3.400442077028479
-11.41318,21,1704.661422,False,True,False,1.8948940646387662,6.605452769148732
43.66667,60,1705.446458,True,False,False,5.799797953277226,5.20384299926583
25.649409,26,1705.695216,True,False,False,1.5493116952433146,1.5721232671713714
45.107809,79,1706.518686,True,False,False,6.2738205031608105,5.636411361838748
37.127328,47,1707.122231,True,False,False,4.932504577718147,3.9585902643298576
27.171826,23,1707.399256,True,False,False,1.902457157038453,1.8505514906584422
34.110428,47,1707.975601,True,False,False,3.7213799625198454,3.346648423977483
33.384175,49,1708.605386,True,False,False,3.5325383032684003,3.4034471528337766
28.803383,39,1709.066413,True,False,False,2.1904614677123058,2.273725954860075
37.759314,53,1709.663526,True,False,False,4.202162345239494,4.0970139418448
47.699708,66,1710.505672,True,False,False,6.44174077425334,6.0905531508912505
41.367727,85,1711.583268,True,False,False,5.3134674119303495,5.080834659831556
44.784988,60,1712.336313,True,False,False,5.539574196404217,5.425821703909176
41.977677,118,1713.825881,True,False,False,9.492329632319008,5.683680221234023
38.054502,74,1714.753122,True,False,False,4.954555416945521,4.497156128266854
36.546907,47,1715.356097,True,False,False,3.9762074911248537,3.8837044896205
32.649768,62,1715.957535,True,False,False,4.174652622424112,3.244407295208514
42.692711,66,1716.660317,True,False,False,5.506096509415418,5.170093620612877
31.035542,30,1716.975078,True,False,False,2.885968660003163,2.624945733497632
45.462772,118,1718.21669,True,False,False,6.711443083597291,6.164666855177048
40.751949,57,1722.197323,True,False,False,4.878179033974076,4.608691981110981
33.393779,42,1722.617008,True,False,False,3.111157836501925,3.1943148319474437
48.703499,82,1723.501771,True,False,False,6.567813227781777,6.1810212381690794
41.135373,71,1724.386088,True,False,False,5.313916443607525,4.736418192231331
37.897668,53,1725.074056,True,False,False,5.702692152395444,4.287227258406022
27.137419,19,1725.337538,True,False,False,1.5302653483625706,1.7325660818054098
39.884032,40,1725.875216,True,False,False,4.393383680149657,4.315137786344807
-19.805756,13,1726.027842,False,True,False,0.7893169290475213,3.1605070541955085
33.763829,37,1726.518556,True,False,False,3.1251139770100407,3.1541384418541174
43.276079,57,1727.25076,True,False,False,5.878613069458661,5.161408411436119
27.607195,78,1728.271841,True,False,False,5.625556037410989,2.8829692852587527
47.170411,71,1729.12319,True,False,False,6.761108504088007,6.020497720520425
27.280355,20,1729.342027,True,False,False,1.6665708945117013,1.8171899965374791
32.448411,35,1729.764111,True,False,False,3.384214861931767,2.9697327585934463
41.707829,66,1730.617351,True,False,False,5.097049060056266,4.967060937452316
36.213386,58,1731.387477,True,False,False,4.124362245314509,3.90815752043361
37.997991,69,1732.182889,True,False,False,4.932028045415173,4.337401112665467
38.776178,45,1732.704859,True,False,False,4.1868035224542135,4.010866338450196
30.598574,35,1733.127595,True,False,False,3.54411423916905,2.6021744850387645
37.16735,54,1733.719036,True,False,False,4.106114304696857,3.9748991303276067
24.766513,69,1734.532693,True,False,False,4.636396509760657,1.9849236046972292
35.007233,40,1735.012681,True,False,False,3.3446478166550673,3.3435154648318837
41.555487,70,1735.873556,True,False,False,5.214023073047297,4.990372443614833
36.4433,51,1736.557944,True,False,False,4.287270787402456,3.9075127545095945
40.158125,66,1737.412049,True,False,False,4.7630502208946695,4.488480825149915
45.988386,145,1738.99462,True,False,False,8.931685309634647,6.523538704368859
27.616849,56,1739.722134,True,False,False,4.984127055388047,2.2933662565708173
27.330161,15,1739.929047,True,False,False,1.571611775229158,1.7295420534094592
34.644699,42,1740.437106,True,False,False,4.497641935782185,3.351342582807079
27.986595,21,1740.696928,True,False,False,2.039750747161372,1.9321351109329497
31.772474,36,1741.185047,True,False,False,2.9802237853785245,2.7656210586073784
26.548526,16,1741.396421,True,False,False,1.4880123983058022,1.5965744175223846
45.161964,60,1742.042263,True,False,False,6.162713277914414,5.507778069972766
45.028193,83,1743.176505,True,False,False,6.462623552368349,5.573962896859026
32.133197,31,1743.552716,True,False,False,2.689195978087425,2.715409035743981
30.541704,31,1743.947493,True,False,False,2.9855028130162604,2.5787105790326206
28.748532,39,1744.473068,True,False,False,2.3566150930388603,2.2331271732002675
26.947458,26,1744.820786,True,False,False,1.7607204460789736,1.8109462576887099
48.554749,95,1745.903611,True,False,False,7.3802695679606085,6.471320144728519
42.374573,56,1746.670915,True,False,False,5.1975246562321775,4.967785739068177
28.505356,36,1747.03596,True,False,False,2.6001282124899903,2.1679914220114345
34.094023,44,1747.562679,True,False,False,3.7433703845572834,3.372076691844803
29.454673,32,1747.976853,True,False,False,2.2307940091900123,2.2829192652698396
38.376109,49,1748.496395,True,False,False,3.997827819416295,4.11842358688151
27.713409,31,1748.820399,True,False,False,2.4133457708459627,2.0132177715265747
41.592385,85,1749.880729,True,False,False,6.331290859173548,5.235446241376799
36.105272,52,1750.566046,True,False,False,4.471311971414626,3.7857104419178262
47.317469,51,1751.225994,True,False,False,6.1598565449737155,5.777074476330365
29.091512,21,1751.491046,True,False,False,2.0314301829655994,2.1390996003266785
29.108885,19,1751.75819,True,False,False,2.088721944016758,2.1209369125218416
41.329956,117,1753.241436,True,False,False,6.537596949811982,5.287709078475075
28.84256,41,1753.752489,True,False,False,2.484060328082527,2.3004457587509837
31.12164,31,1754.131752,True,False,False,2.5385374285288056,2.627113408352391
41.31322,37,1754.613769,True,False,False,4.523313448880624,4.540826742440322
39.5258,85,1755.656147,True,False,False,4.725132986996004,4.629125229846669
41.4435,88,1756.804371,True,False,False,5.645696263461674,5.050853889203111
44.477847,65,1757.517118,True,False,False,6.838602162278858,5.534349193889849
40.546265,88,1758.34735,True,False,False,6.436287800736604,5.33887237032062
43.894549,101,1759.578542,True,False,False,7.117443451920604,5.695911023207206
34.272056,45,1760.029037,True,False,False,3.1481593906763927,3.2755461946139124
41.994853,81,1761.009703,True,False,False,5.986451845983071,5.155400240111533
36.12787,50,1761.653488,True,False,False,4.137218919569306,3.7063051434490046
25.210601,33,1762.09384,True,False,False,2.9678313519159656,1.6176710946127555
41.831069,79,1763.09162,True,False,False,6.036900024048165,5.108175118638929
33.600994,37,1763.557683,True,False,False,2.9557288216872566,3.1283234764638657
37.337888,58,1764.263789,True,False,False,5.536972248535766,4.120687732158845
30.779016,49,1764.860213,True,False,False,3.070673892358912,2.7553768759337345
37.893494,43,1765.449014,True,False,False,4.2551608625242405,4.058665026725304
39.739089,72,1766.229651,True,False,False,5.175831857937626,4.7093381475905
26.401645,27,1766.507133,True,False,False,1.6754420653444557,1.6732221011609836
32.008138,56,1767.076168,True,False,False,3.335464104152107,2.964838075633833
39.040566,102,1768.255412,True,False,False,6.2819817851344615,4.998678477662453
43.356938,68,1769.147855,True,False,False,5.938534457191217,5.264370695734928
38.429223,58,1769.804484,True,False,False,5.114397160688517,4.329450528771354
32.897828,37,1770.214397,True,False,False,2.855421787618878,2.962145679360528
38.404725,62,1770.998267,True,False,False,4.9083987080443094,4.435899945139546
35.241435,40,1771.408873,True,False,False,4.707381772712126,3.577728470014776
38.005963,35,1771.780202,True,False,False,4.105112424660187,3.9338554506154018
39.842323,74,1772.62076,True,False,False,5.333056318693694,4.692424199048717
47.806163,81,1773.531029,True,False,False,6.224229698155374,6.0944291799964105
33.909703,54,1774.22788,True,False,False,5.0395605938576145,3.3926552071830502
46.91618,62,1775.004822,True,False,False,6.747269125967208,5.85266586675444
47.099125,71,1775.834893,True,False,False,6.117851962913753,5.799240672589039
25.651784,18,1776.045426,True,False,False,1.3073035746062887,1.5085102978004072
39.082086,75,1776.950208,True,False,False,5.209364943863128,4.469360054493716
39.470843,98,1778.173136,True,False,False,8.051155846229285,5.069243612440082
36.90984,49,1778.800094,True,False,False,4.0084756469989955,3.829741463534793
28.786704,48,1779.38765,True,False,False,2.5071067824291533,2.381155380189315
29.616611,20,1779.639367,True,False,False,2.132988819155489,2.2361303939424686
29.058691,15,1779.840141,True,False,False,2.000111597682452,2.0682638339195014
35.794498,61,1780.620701,True,False,False,4.53849474427565,3.7254246038289107
40.910617,85,1781.669148,True,False,False,5.959234264123861,5.080862320531647
34.594752,43,1782.197984,True,False,False,3.5632269437395463,3.405012737371839
31.747211,22,1782.450436,True,False,False,2.7207019147201117,2.6345667161590924
38.548426,50,1783.042722,True,False,False,4.448075249818013,4.122479652327752
37.814158,47,1783.657255,True,False,False,4.179716714254642,4.013992694004629
32.406997,60,1784.388442,True,False,False,3.8560771461755086,3.2100738457996414
51.429321,81,1785.236088,True,False,False,7.115683889188279,6.746923192752873
40.581836,46,1785.815698,True,False,False,4.878943620011932,4.541281706312367
42.244118,67,1786.667609,True,False,False,5.508583343482842,4.902340077686666
29.474445,54,1787.300328,True,False,False,4.426363096098922,2.762454727808739
41.103968,73,1788.194688,True,False,False,6.054553037438472,4.989056191588184
30.440454,46,1788.776882,True,False,False,4.335054557771518,2.690420579340469
31.059194,38,1789.254756,True,False,False,3.6047887455665695,2.6886748278437946
38.105251,63,1790.03258,True,False,False,5.042107718524821,4.204885644289747
40.538455,85,1791.086043,True,False,False,5.427897455926555,4.971845957868228
30.253139,43,1791.590409,True,False,False,2.4437414867445493,2.55050838910233
30.799172,20,1791.840869,True,False,False,2.500258639466785,2.4437556876999778
27.620471,26,1792.172797,True,False,False,1.8849644027664418,1.9388583818650706
39.8746,37,1792.509033,True,False,False,4.98080247948769,4.4051094403548845
33.605494,25,1792.825457,True,False,False,2.8901838620222757,2.967796138338634
53.186774,74,1793.747571,True,False,False,7.468679338110228,7.047036962506942
29.20729,39,1794.120959,True,False,False,2.6142893372935787,2.321624073045032
33.806186,43,1794.58648,True,False,False,4.480536025435215,3.2970406666364442
36.642092,56,1795.234557,True,False,False,4.206947680816878,3.9664140385271494
44.982317,51,1795.882712,True,False,False,5.8020084663029,5.392868593526035
25.301453,76,1796.71549,True,False,False,4.387634079322362,2.2977513433813197
35.543281,52,1797.304796,True,False,False,3.7911345495623636,3.6449861993586996
31.444501,48,1797.891119,True,False,False,4.1486864546261435,2.871353421086513
39.064821,69,1798.679709,True,False,False,6.295805344727068,4.829435401289464
38.422904,67,1799.459043,True,False,False,4.400277493775738,4.280231037633132
33.886808,54,1800.136633,True,False,False,3.3932727093423964,3.4413417865838833
42.894233,70,1800.992474,True,False,False,5.33349096631273,5.155074948018855
42.129434,82,1802.039287,True,False,False,8.56792466299107,5.46409324200806
43.012683,147,1803.767276,True,False,False,7.289056001846808,5.943757933798408
31.328664,59,1804.538516,True,False,False,3.3651364998722704,2.946811777954614
48.040518,68,1805.428028,True,False,False,6.307585014788556,6.216330285089095
34.653916,50,1806.080264,True,False,False,3.308588514121358,3.4097445827996795
30.879454,47,1806.720022,True,False,False,4.501203602114438,2.832521015707445
38.206115,47,1807.28651,True,False,False,4.740285129226788,4.130559457188983
33.350334,56,1807.973036,True,False,False,5.559077808923359,3.3539395082011207
36.001199,62,1808.643023,True,False,False,4.642165713683241,3.7677291628975675
40.448895,84,1809.546085,True,False,False,5.476641700959314,4.857232562558487
37.968246,49,1810.198023,True,False,False,4.171438398340598,4.068454853999735
43.180615,49,1810.720967,True,False,False,5.291915117491565,5.052539169527983
26.344197,22,1810.931776,True,False,False,1.730353454416311,1.653201189892765
29.848081,67,1811.712507,True,False,False,3.6570155784362113,2.8079205126561484
43.276761,75,1812.543737,True,False,False,6.564301643134404,5.291354672972531
35.255011,47,1813.082129,True,False,False,4.511818974054415,3.6281878826751734
27.77242,31,1813.482244,True,False,False,1.980532881014488,2.099440031577739
-13.773717,14,1813.674811,False,True,False,1.5927517693866928,2.7791634122808877
44.879493,63,1814.444979,True,False,False,6.302818315091684,5.398140151653807
28.796651,34,1814.868344,True,False,False,2.277507663877834,2.236185621854973
39.277333,48,1815.466387,True,False,False,4.150043793730595,4.1868214422136925
38.699354,92,1816.422295,True,False,False,5.121061377172556,4.643444526932377
36.957627,49,1816.99555,True,False,False,4.11718896696748,3.8617569645621046
43.892544,91,1818.104384,True,False,False,7.063592416365972,5.533429756405629
32.588209,67,1818.962597,True,False,False,3.5544935817389476,3.3304849108318306
32.546767,27,1819.318634,True,False,False,2.9786690777721976,2.8657810362046665
38.704224,53,1820.002951,True,False,False,4.585120804599452,4.262309257576767
33.359881,44,1820.576095,True,False,False,4.819761236407762,3.2414817667528175
33.810504,52,1821.223135,True,False,False,4.683613352215459,3.508867743563026
30.489062,42,1821.795084,True,False,False,3.3079412071568193,2.683203011750849
26.985121,25,1822.14413,True,False,False,1.883529787720376,1.8085469481777974
32.23725,32,1822.572462,True,False,False,3.746201752427308,2.9054296821558476
27.67684,33,1822.992583,True,False,False,3.0541744049746833,2.0907958820563173
38.360179,57,1823.653161,True,False,False,4.881801494848693,4.198734669627528
38.688652,52,1824.312487,True,False,False,4.4706840620802035,4.234351992298541
26.943492,22,1824.591073,True,False,False,1.5668112166449708,1.747598214187245
-14.94997,20,1824.836493,False,True,False,1.849256964001365,2.5778041839491648
29.377959,25,1825.139926,True,False,False,2.27737217755518,2.259605504280035
29.61159,46,1825.719066,True,False,False,3.8301622200388556,2.5466474204348764
39.353033,49,1826.362527,True,False,False,4.850907809970643,4.323011826987735
27.464933,36,1826.845717,True,False,False,1.9293763211582022,1.9879328871909434
36.212687,48,1827.472873,True,False,False,3.9240422292849524,3.7263852787561897
28.252157,27,1827.813195,True,False,False,2.0137140904810695,2.026550227348437
31.941409,32,1828.227048,True,False,False,2.851542845878329,2.7752173946470093
50.264195,71,1829.144633,True,False,False,6.7380022652086895,6.427831316791795
40.602519,48,1829.755107,True,False,False,4.678962166819536,4.52124342889295
27.662466,17,1829.96982,True,False,False,1.5785839008759897,1.8495160240848916
46.24453,70,1830.737885,True,False,False,6.219732223393625,5.83087640618273
27.346981,26,1831.056801,True,False,False,1.7273093376933653,1.8596916261065566
30.562997,32,1831.383319,True,False,False,2.841838569525369,2.659372079201533
31.227095,34,1831.763388,True,False,False,3.407802635205689,2.755373368015383
42.445207,90,1832.900253,True,False,False,5.7207313770060555,5.298335577130109
34.544478,32,1833.28292,True,False,False,3.5586272354695825,3.3233860350595714
26.260059,21,1833.563459,True,False,False,2.211999195207774,1.6602796210214534
35.56961,40,1834.086952,True,False,False,3.9941648872862094,3.5400638955887076
26.872733,18,1834.304315,True,False,False,1.5945470445992325,1.67036458996851
34.0317,54,1835.003818,True,False,False,3.475583052910905,3.2629354198159444
49.560227,58,1835.771966,True,False,False,6.714251970621426,6.248463410033334
26.924628,24,1836.076533,True,False,False,1.6952561940866377,1.7519306748467194
52.930599,90,1837.198647,True,False,False,9.135639795955782,7.391758561392552
30.224616,24,1837.504163,True,False,False,2.182567146496095,2.351095484798118
35.678811,43,1838.055646,True,False,False,3.917289697525676,3.637612516970399
40.52119,64,1838.882468,True,False,False,4.8462704444542295,4.6370274663224755
31.518686,48,1839.44026,True,False,False,3.9719102586763957,3.1403287040397614
-19.132534,26,1839.720579,False,True,False,2.1428073631601356,5.356752131654887
33.636958,31,1840.05894,True,False,False,3.2044314600556985,3.1372271626341557
38.764854,54,1840.523462,True,False,False,4.433290323782617,4.286885780262483
31.643152,35,1840.814492,True,False,False,2.9134928832160836,2.8369311907996178
35.371805,79,1841.506022,True,False,False,5.408921426818077,3.847029778288789
46.767444,138,1845.704864,True,False,False,8.581298049623477,6.500350502434333
43.318461,73,1846.590235,True,False,False,5.787232597019975,5.211205359281517
37.973728,66,1847.373357,True,False,False,4.664293175177015,4.283207386770962
27.986266,20,1847.61992,True,False,False,1.6733028480947152,1.923806374944974
45.006764,69,1848.516083,True,False,False,5.9815421487230465,5.521677759061858
32.19184,34,1848.959008,True,False,False,3.108204258604634,2.8727932012345656
40.677635,92,1850.083927,True,False,False,7.40608227653501,5.13737991996404
54.331028,79,1851.020108,True,False,False,7.734234577876288,7.332949856804373
51.840023,80,1851.937892,True,False,False,8.175204449871579,7.047792735234721
30.042754,31,1852.326193,True,False,False,2.5229357853231833,2.4394262286342285
43.159835,60,1853.119345,True,False,False,6.183917551012388,5.21497549809702
27.876576,20,1853.395928,True,False,False,1.8146212491917983,1.9033846012466928
35.120691,51,1854.00786,True,False,False,3.8553587769219386,3.6410036604345155
47.43841,67,1854.751723,True,False,False,6.545578784386421,6.071868271864448
42.654275,64,1855.55202,True,False,False,5.468955959890786,5.214826638571254
33.702159,48,1856.133099,True,False,False,3.345653185970104,3.257354544080645
26.859409,74,1856.934171,True,False,False,5.853049850259521,2.3555274761324703
29.97527,41,1857.452997,True,False,False,2.7159019674072034,2.479738174897522
29.986327,37,1857.948606,True,False,False,2.7496374074745296,2.492561432367298
39.001739,56,1858.647695,True,False,False,4.726968148349663,4.414827979136471
41.650492,64,1859.470783,True,False,False,5.337752742761819,4.863163250214058
37.301791,34,1859.908335,True,False,False,4.256343211344698,3.8666486507466824
29.249549,34,1860.352184,True,False,False,2.266530950010592,2.313444501469071
33.731593,78,1861.289631,True,False,False,4.337231862551909,3.950551358142428
35.618241,35,1861.62491,True,False,False,3.5251009176736257,3.558877457579719
43.694749,60,1862.291572,True,False,False,7.504426217532174,5.3314523260237845
38.032241,88,1863.377562,True,False,False,5.2932978688231955,4.375552666675305
27.190408,31,1863.667206,True,False,False,1.7274284849575354,1.8964300213735092
32.420211,41,1864.121423,True,False,False,3.0512103293111026,2.9557282714200177
41.221244,49,1864.747361,True,False,False,4.980159554402734,4.661193186702452
41.020528,56,1865.459159,True,False,False,5.008580641378615,4.679024918626807
56.935607,123,1866.952425,True,False,False,9.907786902667226,8.561262571962992
35.229416,68,1867.851427,True,False,False,4.316932981421472,3.788414115737133
30.081449,59,1868.639524,True,False,False,3.575304143226069,2.8430538814013975
25.154539,24,1868.948128,True,False,False,2.0184956456320053,1.5012542545131788
-13.635321,24,1869.261732,False,True,False,2.054687347554339,6.240943137838363
29.49326,28,1869.625982,True,False,False,2.418952855500716,2.233942981218038
29.978698,71,1870.534184,True,False,False,5.315129402087876,3.00602768388369
48.879934,80,1871.519405,True,False,False,7.8207713208474035,6.307963749089815
48.025792,71,1872.355448,True,False,False,7.519235679294628,6.276589565030657
32.424969,61,1872.999853,True,False,False,3.4047957512704,3.198452717509625
36.103922,43,1873.487722,True,False,False,3.5145784862696585,3.601564995403762
31.289034,31,1873.792035,True,False,False,3.5573863402729184,2.6733263323900354
30.762166,35,1874.1929,True,False,False,4.3964825407165575,2.6454439371379337
34.387188,54,1874.720456,True,False,False,3.8201943434651024,3.711828851922764
34.639415,31,1875.011465,True,False,False,3.4465065008979625,3.3501076647763655
39.6312,58,1875.637472,True,False,False,4.6572576347098815,4.579578605538773
40.338758,52,1876.27943,True,False,False,4.8377079684087025,4.569498243584523
26.788813,31,1876.693347,True,False,False,2.367070831007049,1.8263501983137111
36.997726,86,1877.802223,True,False,False,5.358825530053654,4.597976280172653
40.415195,63,1878.603634,True,False,False,5.359674005478554,4.624018393840428
39.629449,65,1879.418699,True,False,False,4.984563118346349,4.465248472650038
44.770907,83,1880.1939,True,False,False,6.275851275309607,5.76895559691035
28.779771,21,1880.448406,True,False,False,2.3236256321117588,2.1384942193855774
27.105519,24,1880.737369,True,False,False,2.050998083335844,1.8163918004574025
28.618108,33,1881.03298,True,False,False,2.513191950293147,2.1874469238864225
42.159316,47,1881.63739,True,False,False,5.094058107872039,4.853147144619112
32.768096,31,1882.003566,True,False,False,3.0934434916574975,2.9431420983752323
30.208724,29,1882.403603,True,False,False,2.3145950878688573,2.3550818165783682
44.680295,43,1882.996904,True,False,False,5.2269589377126255,5.2155015151159425
39.479442,115,1884.446275,True,False,False,6.951601295038045,5.206200369213285
26.45395,40,1884.97647,True,False,False,2.3720082847536617,1.8280984649184757
36.316022,44,1885.513444,True,False,False,3.6782170845141433,3.6395251713508374
27.496214,41,1886.01012,True,False,False,2.691472067075052,2.325702864899885
36.585645,52,1886.710464,True,False,False,5.056406304352499,4.075794565838944
28.435208,20,1886.979439,True,False,False,1.9818729331251608,2.0376909067480415
28.736424,40,1887.522892,True,False,False,3.1690016460857837,2.297830824601435
48.527825,63,1888.237876,True,False,False,6.352287467821581,6.201141858820349
27.309457,68,1889.068724,True,False,False,4.564502949028853,2.4254238315765657
27.166675,64,1889.920709,True,False,False,5.277737120250709,2.326449772455946
-18.268385,8,1890.018156,False,True,False,0.4744837873127677,3.262461978049351
27.689806,29,1890.367553,True,False,False,2.6902343312986585,1.9935372405998932
37.28406,56,1891.07748,True,False,False,4.770399910897984,4.033316760425218
38.397498,49,1891.704317,True,False,False,4.655117221826693,4.139448555562891
42.77943,76,1892.674828,True,False,False,6.050750573134886,5.204072172463644
36.502765,45,1893.269386,True,False,False,3.8772134581698143,3.6709434287608786
29.55992,20,1893.505742,True,False,False,2.0625373269423912,2.25155576996697
32.168061,37,1894.019505,True,False,False,2.806357212907591,2.85119106001519
35.60582,55,1894.710629,True,False,False,4.202542060169572,3.7005988508072876
41.996304,46,1895.305529,True,False,False,4.929907909797326,4.799296124158395
29.095235,29,1895.679559,True,False,False,2.067474858323614,2.2574050014157505
35.094236,36,1896.143743,True,False,False,3.329836838042798,3.3369045783578226
39.019346,56,1896.87851,True,False,False,4.477657185488202,4.251256390046045
37.452846,73,1897.754157,True,False,False,4.891534559588685,4.147497521029073
44.245651,43,1898.239477,True,False,False,5.385302072322434,5.194606559492509
36.604587,44,1898.732666,True,False,False,3.6758891607219755,3.654445494319455
48.180864,71,1899.555556,True,False,False,7.264634813231181,6.319279059519663
40.942603,117,1901.036804,True,False,False,5.805711779398725,5.257085601916989
45.576592,67,1901.928293,True,False,False,6.728182394875483,5.690215257464805
36.320238,35,1902.411753,True,False,False,4.044253020111245,3.6763119221140754
42.008642,48,1903.011897,True,False,False,4.979770916121476,4.819099950029139
38.65619,85,1904.125628,True,False,False,5.875569979532085,4.584319039490895
40.671854,73,1905.021307,True,False,False,6.382854210381066,4.954176422733435
28.197817,23,1905.293117,True,False,False,1.8710624258207933,1.9805302172369184
33.438276,34,1905.728746,True,False,False,3.84401305554349,3.0466485619467436
26.856731,20,1905.962006,True,False,False,1.8910590348429446,1.767389051706944
40.227301,61,1906.698745,True,False,False,5.258515186353385,4.649733282001989
40.773634,56,1907.393698,True,False,False,5.608193175998578,4.7285102215351325
37.90876,87,1908.426799,True,False,False,4.810275731934334,4.401513153243734
38.459595,69,1909.353131,True,False,False,5.04980801585507,4.293113348218212
26.817834,45,1909.924331,True,False,False,3.321081322700621,2.2485595686260624
43.79649,46,1910.524149,True,False,False,5.616663577259632,5.149798951389385
35.70028,58,1911.22572,True,False,False,6.706190851083431,3.9800181338144123
39.657544,107,1912.53462,True,False,False,6.375725208102463,4.930750759906847
31.603794,36,1912.983713,True,False,False,2.943848515752512,2.720321061895615
33.269296,41,1913.468291,True,False,False,3.7006055923099406,3.069338718431417
38.872635,61,1914.226312,True,False,False,4.66745734403388,4.411194723367835
34.880697,28,1914.485214,True,False,False,3.5771391199732676,3.3247737899076766
27.826492,35,1914.797031,True,False,False,2.4656809301107545,2.0398954827365277
30.808596,50,1915.253662,True,False,False,3.152511440858019,2.77686700495352
50.077865,116,1916.628376,True,False,False,8.262809763763029,6.905036090748142
31.598627,29,1917.013295,True,False,False,2.698002153042295,2.6976793426111074
35.258227,46,1917.59283,True,False,False,3.5593134028253823,3.472777112695918
30.856555,24,1917.852499,True,False,False,2.403714531071708,2.495527036886809
35.676889,44,1918.285091,True,False,False,3.7719747545572733,3.607366038705461
36.472693,34,1918.708269,True,False,False,3.9514433551976524,3.640635659012806
42.697962,61,1919.475133,True,False,False,5.023881308930943,4.924012061731044
42.875007,61,1920.253579,True,False,False,5.417063263989237,5.0523127658387175
37.086242,25,1920.560447,True,False,False,3.7590385218877276,3.668830407858057
38.739023,34,1920.992367,True,False,False,4.189663401328809,4.086834463128894
43.710589,106,1922.091497,True,False,False,6.577301379943867,5.722333690842609
38.521597,89,1923.20561,True,False,False,4.997699538592303,4.592794486932984
43.897954,66,1923.958535,True,False,False,6.173569259035871,5.487916454510348
35.911176,38,1924.359738,True,False,False,3.872161860101542,3.64724475503604
33.840083,38,1924.837548,True,False,False,3.423730128598051,3.200084852990217
48.66341,117,1926.238636,True,False,False,7.70184568696152,6.588620134579368
27.157347,53,1926.918995,True,False,False,2.763597776659561,2.1051173773477956
38.686016,54,1927.605949,True,False,False,4.371534846995039,4.2013823600144855
36.577836,44,1928.154208,True,False,False,4.735221557748938,3.7991001849656474
28.074078,29,1928.51377,True,False,False,1.8348581151666554,1.9725252943771179
36.32987,33,1928.933887,True,False,False,3.623445435228342,3.6634497985227363
26.252915,22,1929.216572,True,False,False,1.6428018122466175,1.602335772467518
43.867798,57,1929.877099,True,False,False,5.446681045978731,5.206874378337266
33.135845,26,1930.169708,True,False,False,2.978297012776232,2.9742048008352002
26.812548,27,1930.522346,True,False,False,1.661141567621899,1.8372773046387276
43.209548,61,1931.233392,True,False,False,7.110142626824257,5.053662826560613
27.07435,12,1931.370348,True,False,False,1.5575063265643405,1.6627914019584515
39.03509,48,1931.927022,True,False,False,5.389151920355107,4.2731819770638495
47.275655,90,1932.886093,True,False,False,6.869270410789139,6.4099928261561026
57.871335,105,1934.20434,True,False,False,10.409153094510238,8.333186018601461
39.944782,52,1934.729616,True,False,False,4.340796691870645,4.325703017575021
32.22051,54,1935.375391,True,False,False,3.996251680239986,3.230281457578722
40.80173,60,1936.114193,True,False,False,5.318864794594655,4.763452586113416
33.580292,40,1936.578295,True,False,False,3.351012696039985,3.1453270581129154
36.224251,39,1937.056205,True,False,False,3.8583775029768796,3.625378035495913
39.522877,58,1937.779696,True,False,False,4.805360854289655,4.44619192926385
48.624283,110,1939.109438,True,False,False,8.18901146950849,7.117579941998777
27.626845,24,1939.420954,True,False,False,1.8853334990350352,1.956211324569265
52.628969,77,1940.360325,True,False,False,8.568941953672468,7.040203939744194
30.380924,32,1940.758955,True,False,False,2.536446236331302,2.486765092755024
32.207877,37,1941.210134,True,False,False,3.1687188673784283,2.7765757218751292
46.503037,49,1941.796339,True,False,False,6.068880065998276,5.700912540486987
37.129881,58,1942.540603,True,False,False,5.108512055071286,4.138908936025977
-9.297877,27,1942.889886,False,True,False,2.5321527169043785,3.020704691983713
44.649878,75,1943.840421,True,False,False,6.355914812298229,5.510882171282597
33.585917,41,1944.380308,True,False,False,3.6828072438572113,3.241880821737918
41.700054,66,1945.265066,True,False,False,5.769096881098191,4.892988795552274
39.233208,53,1945.972335,True,False,False,4.716885529225455,4.349114985643225
28.182595,27,1946.301312,True,False,False,2.0818339650765827,2.050593805446195
38.651417,47,1946.836177,True,False,False,4.261491950435514,4.2075247032289385
41.675132,71,1947.764294,True,False,False,6.212025394091626,5.058653141310167
37.373849,57,1948.492716,True,False,False,4.524737302731308,4.0061184890018815
42.681353,62,1949.289131,True,False,False,6.31457402742194,5.09816895421618
36.113063,58,1949.944551,True,False,False,4.68937792675923,4.042596320837183
-13.550949,23,1950.228744,False,True,False,1.7767776562703572,5.258152550879824
38.149839,57,1950.89992,True,False,False,4.516101206295524,4.063762398151667
31.391537,31,1951.296804,True,False,False,3.1606996135912424,2.729848683566796
30.389513,49,1951.857629,True,False,False,3.651748641795281,2.7096370499260973
31.699688,34,1952.246278,True,False,False,3.1415212427199664,2.8021547394736674
32.060864,44,1952.736109,True,False,False,3.0395844679951263,2.9451384506733267
40.412112,57,1953.401422,True,False,False,4.989162843827924,4.595038718834649
29.574854,44,1953.952053,True,False,False,3.1808500719458346,2.435721769708947
30.857393,45,1954.485919,True,False,False,3.3883430249660975,2.7715377586169567
-14.542411,17,1954.705606,False,True,False,1.3921254089098134,6.278594825208949
30.898513,39,1955.243538,True,False,False,2.5374552326678237,2.6123265361247894
35.239279,64,1956.053649,True,False,False,4.797956186608408,3.830674891209722
48.894744,118,1957.454091,True,False,False,8.770733179035815,6.917513868844113
34.74711,80,1958.39675,True,False,False,4.718311434205191,3.7824107161551237
34.966873,49,1959.002416,True,False,False,3.4821114334021517,3.4748767722700977
42.531372,37,1959.498528,True,False,False,5.0676568747133555,4.77848513796613
42.084855,82,1960.547433,True,False,False,5.710063865477355,5.021901491556795
47.316005,67,1961.368425,True,False,False,6.760649650742575,5.965333023825788
42.688522,49,1961.989503,True,False,False,5.733756023156722,4.939975039734157
35.429742,31,1962.365957,True,False,False,3.8666463994289253,3.4496334384411975
36.746187,74,1963.275876,True,False,False,5.526248142458461,4.15434141642917
38.899842,41,1963.798952,True,False,False,4.137289417980426,4.153757954400983
41.591744,67,1964.634314,True,False,False,6.409955111443095,5.002979332491959
51.884177,100,1965.878085,True,False,False,8.17382679403163,7.171507611906804
-13.398809,25,1966.180951,False,True,False,2.080716133802436,2.9897429914074953
43.682055,107,1970.694163,True,False,False,6.464779705631899,5.617325437859739
45.307684,47,1971.337599,True,False,False,5.559358397848107,5.39156664644528
37.856453,49,1971.923064,True,False,False,4.805834946574119,4.033084907408456
29.796509,25,1972.271639,True,False,False,2.2230949914304134,2.2338294540314836
35.854458,36,1972.711181,True,False,False,4.213165049173238,3.56093707302112
52.964088,80,1973.703127,True,False,False,7.72389429893477,7.123928441290297
32.775905,26,1974.041692,True,False,False,2.9015768125973733,2.855406595393122
32.574039,30,1974.422091,True,False,False,2.921661829779203,2.926636476690424
30.075906,29,1974.773403,True,False,False,2.321393617011878,2.427038254645813
26.003711,23,1975.04236,True,False,False,1.5203831107915662,1.6348920925549362
36.158151,31,1975.314621,True,False,False,3.660059898336062,3.5993197131950416
23.020103,55,1975.859603,True,False,False,4.758870035189705,1.7145639570504247
42.341658,86,1976.850431,True,False,False,6.665702980694289,5.415980977954598
35.721596,41,1977.338828,True,False,False,3.7994114277685567,3.6525887343713883
36.284125,65,1978.068606,True,False,False,5.919209220927291,3.8955440745212604
35.265016,56,1978.671762,True,False,False,4.862770101598761,3.586442746168
34.752691,36,1979.114501,True,False,False,3.208485349930821,3.34130065402526
40.605345,47,1979.655613,True,False,False,5.270948992346931,4.562451058223044
46.160662,88,1980.65698,True,False,False,6.430954281106623,5.985706505489936
30.448012,41,1981.140082,True,False,False,2.697614294235947,2.5092380211662864
36.606751,70,1981.937802,True,False,False,4.284611550876051,3.951805846070901
44.551499,106,1983.213001,True,False,False,6.079981357745071,5.781589986700045
35.080695,26,1983.533452,True,False,False,3.268823918526375,3.2831901726905763
28.868398,25,1983.840499,True,False,False,2.4472813549360484,2.163238138724067
30.977248,62,1984.485607,True,False,False,3.9900120080470476,3.1077096152055628
35.599534,127,1985.866243,True,False,False,9.053796050348744,4.653989394653007
27.591793,57,1986.5576,True,False,False,4.026907320766779,2.3700934014814834
38.441053,61,1987.306563,True,False,False,4.943850529863086,4.223977405406007
30.86716,31,1987.662869,True,False,False,2.52483108264009,2.482701883919807
43.95555,92,1988.772405,True,False,False,6.73311457486684,5.655200787605723
44.091342,69,1989.551215,True,False,False,5.847591866316422,5.440671454628331
43.843103,58,1990.268736,True,False,False,5.960990547828451,5.264193806206452
29.616073,48,1990.799073,True,False,False,2.5938219627519725,2.517153469503769
31.495782,57,1991.520489,True,False,False,3.6128220354985774,2.9446112568164646
49.228009,135,1993.320507,True,False,False,7.3388011788040535,6.908780137624666
43.768447,32,1993.751228,True,False,False,5.082767496230217,4.916213470462048
36.582846,53,1994.457359,True,False,False,3.7617682034176365,3.7309404054807938
36.417609,37,1994.951831,True,False,False,3.946119345801232,3.6557184186198053
33.174851,30,1995.324706,True,False,False,2.8729495779957124,2.901773402987424
33.647789,26,1995.592812,True,False,False,3.332049364249378,3.0722409827894706
50.060016,64,1996.377359,True,False,False,7.36541638709487,6.5578816349799745
34.802712,53,1997.030375,True,False,False,4.608763861173414,3.556297899064891
27.562072,23,1997.330185,True,False,False,2.0712124787055486,1.8915424651202581
31.571377,33,1997.74639,True,False,False,2.7031756847021273,2.725026015787487
33.632581,30,1998.140949,True,False,False,3.723473746952435,3.14453084393273
29.830993,27,1998.502992,True,False,False,2.2436803748903174,2.383659871957179
42.391682,65,1999.313169,True,False,False,6.748826756159329,5.186545186862281
52.232955,97,2000.576459,True,False,False,8.250435063249233,7.195691425670898
29.564854,23,2000.86598,True,False,False,2.348430306689272,2.26241604233167
42.490326,43,2001.378313,True,False,False,4.984723313037956,4.85059126854023
31.451749,36,2001.818749,True,False,False,2.7517697323778667,2.7431608807789125
28.441959,48,2002.411453,True,False,False,3.6143960825689767,2.460097544558391
30.651832,46,2003.010928,True,False,False,3.158446092071795,2.6668441512941277
45.794374,66,2003.846855,True,False,False,6.172459550198416,5.803111790524938
28.819642,31,2004.233736,True,False,False,1.9756609821452884,2.1397109593262753
30.787298,30,2004.5954,True,False,False,2.776561411408591,2.5349362137511893
40.231456,47,2005.176634,True,False,False,4.634958382522865,4.348582760207713
27.30732,16,2005.40495,True,False,False,1.642027102644941,1.7893571898508958
41.446936,48,2006.017457,True,False,False,4.78994145206151,4.70856920109572
35.329171,54,2006.676178,True,False,False,4.253361417710347,3.7349431993011204
36.288145,56,2007.40224,True,False,False,4.165481812235546,3.8764708851174454
28.855194,37,2007.849662,True,False,False,2.370160938391884,2.303342790916501
31.941089,46,2008.432517,True,False,False,3.3725966099495994,2.9392253803879727
29.458052,22,2008.722966,True,False,False,2.1797270576360206,2.2232608949901467
38.858698,69,2009.573364,True,False,False,4.768647659370328,4.392799581190452
27.579375,47,2010.139722,True,False,False,3.2486816091776394,2.371542456832563
41.431573,41,2010.585162,True,False,False,4.641362808728976,4.653205336606839
36.509241,52,2011.169153,True,False,False,4.286326451980427,3.8141295134534476
41.744375,64,2011.982376,True,False,False,5.3059720553957295,4.878852121623049
26.709508,16,2012.189652,True,False,False,1.5465148620990457,1.6468466983989916
44.214138,77,2013.143751,True,False,False,6.0650113824441325,5.493818161142255
41.511978,77,2014.152093,True,False,False,5.329302247304475,4.993261553537246
44.032268,59,2014.943899,True,False,False,6.430200863811349,5.37837775274988
30.591898,33,2015.3919,True,False,False,3.0816306681472234,2.5719227485234133
29.076541,36,2015.864129,True,False,False,2.0853851944026607,2.215745313394157
32.403302,36,2016.345206,True,False,False,3.7509348291385955,2.929876948146049
26.737432,31,2016.758623,True,False,False,2.4803493795154266,1.8514830236098407
34.721993,49,2017.348989,True,False,False,4.730138367286445,3.673338588344862
38.938398,77,2018.133785,True,False,False,5.97391123687906,4.471849870645652
31.599816,22,2018.329458,True,False,False,2.648595627031777,2.688521784927673
32.872442,51,2018.795555,True,False,False,4.200430715058093,3.2016477139866715
27.874381,38,2019.185506,True,False,False,2.4651492607279413,2.203548954881314
37.108352,63,2019.924625,True,False,False,5.6230653834625475,4.074547093972988
39.366989,66,2020.79527,True,False,False,4.855014262088325,4.467552253845398
43.970154,48,2021.417894,True,False,False,5.486183215457989,5.165783743515092
41.714305,49,2021.973214,True,False,False,5.260467040389762,4.772754524509239
40.363305,51,2022.617351,True,False,False,4.806061703535222,4.41155298995751
31.575849,39,2023.13613,True,False,False,3.4176518217343688,2.8939570303402293
31.233476,30,2023.52461,True,False,False,2.603741039966026,2.5794446337127233
33.618405,44,2024.064874,True,False,False,3.696863834267276,3.2212753448703966
26.548091,23,2024.342002,True,False,False,1.5272654871453673,1.6485751272254479
34.306831,26,2024.67064,True,False,False,3.163083244201626,3.146729650203754
39.913819,59,2025.448339,True,False,False,5.274587173940618,4.626778646698598
35.074809,45,2026.023465,True,False,False,3.5878594946176574,3.3976043776822737
47.424904,83,2026.945648,True,False,False,7.987465814332631,6.246709408475141
33.823557,37,2027.411442,True,False,False,3.3902247400621883,3.1275152336303362
40.355957,75,2028.372788,True,False,False,7.121041559776472,4.8475541786922784
40.475959,92,2029.496525,True,False,False,5.8704273907901054,4.979471741022235
45.649553,90,2030.722153,True,False,False,7.293747110548281,6.093445746628305
36.527978,73,2031.640249,True,False,False,4.5957286257073795,4.080986777008373
28.473454,42,2032.15079,True,False,False,3.7839747787488327,2.2513186017493556
44.735497,78,2033.127675,True,False,False,6.597122259898597,5.536869134823211
35.264285,44,2033.687798,True,False,False,4.657842733496678,3.6728866186885476
40.545205,53,2034.385497,True,False,False,4.410318352672247,4.459622455064474
27.184592,31,2034.754987,True,False,False,1.8205392272427139,1.9030177994887774
39.775131,42,2035.312568,True,False,False,4.616695202444467,4.322311567554757
29.19144,30,2035.69766,True,False,False,2.624289987881626,2.2917668735755683
40.838787,102,2036.969029,True,False,False,8.336821711921555,5.376500377115297
35.756002,67,2037.808725,True,False,False,6.146035383019969,3.980241638689847
28.935814,38,2038.296281,True,False,False,2.5838045758577644,2.2592259877807885
32.929571,47,2038.922414,True,False,False,4.7285598492168495,3.2438127489908597
43.363304,51,2039.572675,True,False,False,5.3412352592157815,5.069919769503702
29.721727,65,2040.312224,True,False,False,4.814305944740012,2.7347781528925093
38.034941,35,2040.717648,True,False,False,4.01995218091085,3.910924100978045
35.775502,39,2041.146007,True,False,False,3.7458770856858825,3.5793888125288778
39.272999,42,2041.649771,True,False,False,4.355881612615374,4.177877255686742
32.578289,52,2042.289835,True,False,False,3.912119116262542,3.155748153058636
30.686001,27,2042.6106,True,False,False,2.422877112645102,2.4516553703570483
33.518602,43,2043.067116,True,False,False,3.5281367852474834,3.2281425253663745
43.637901,48,2043.677765,True,False,False,5.248241062193077,5.1310628125817095
26.49279,21,2043.95223,True,False,False,1.688744267210219,1.690097475770195
32.39146,67,2044.726481,True,False,False,4.96318815482067,3.405478599756876
32.722264,29,2045.119732,True,False,False,3.451346238498913,2.9314660247742967
36.632094,44,2045.677031,True,False,False,4.009562983107461,3.7668984907071414
28.692008,37,2046.130503,True,False,False,2.3474194855132775,2.151692883639388
39.371698,115,2047.515139,True,False,False,6.65769071165132,4.949640108061081
26.371915,43,2048.039536,True,False,False,2.3351025038465067,1.865404064768137
30.139297,52,2048.661615,True,False,False,4.0545321590501775,2.66619453923453
-17.04249,22,2048.91964,False,True,False,1.1574744519880038,2.3216760528859397
31.429375,41,2049.319068,True,False,False,2.7622291531736356,2.740937234148028
38.795284,65,2050.095934,True,False,False,4.361765575665562,4.328398241026439
30.034335,27,2050.476614,True,False,False,2.3983237877849217,2.3487876726250145
51.996563,137,2052.158162,True,False,False,9.44581796549569,7.530183041388752
47.023725,62,2052.933902,True,False,False,6.301938396221805,5.941562131172228
42.686488,45,2053.520389,True,False,False,5.588868118272614,4.933717053730109
31.468995,26,2053.866045,True,False,False,2.493783409528566,2.6270753566863547
30.472954,28,2054.225986,True,False,False,3.0275097628344594,2.5200022040066083
38.392385,41,2054.733078,True,False,False,4.531548072673427,4.0246937417586315
39.370959,32,2055.120254,True,False,False,4.104216030619739,4.024187155974397
33.115572,39,2055.484707,True,False,False,3.0072296468089803,2.9888913588756605
48.411129,79,2056.337432,True,False,False,6.9054169467803685,6.272960963599338
39.168482,53,2057.023303,True,False,False,6.212292250689275,4.422145285423194
38.331211,59,2057.769617,True,False,False,4.829991548348046,4.212975602293485
45.843297,70,2058.648622,True,False,False,7.729471636010211,5.829059222953361
24.620517,40,2059.17188,True,False,False,2.377271772441592,1.5632568959515
46.20563,90,2060.088615,True,False,False,6.565910258935074,5.91350762061305
39.070128,56,2060.606603,True,False,False,4.972725478028729,4.40234507756442
27.911515,25,2060.834929,True,False,False,2.7332847853053406,2.019487559958139
37.325502,51,2061.3268,True,False,False,4.38889271535731,3.9513723565570977
48.592458,72,2062.106205,True,False,False,7.807566676063851,6.418665431309485
43.307772,56,2062.660442,True,False,False,5.349330887368381,5.17499954203196
40.411437,72,2063.538607,True,False,False,5.684815061666608,4.75485128879123
42.153154,58,2064.244032,True,False,False,5.51885108260947,4.953384970390263
41.672885,56,2064.831318,True,False,False,5.203704664167932,4.713848744313336
34.610101,62,2065.47309,True,False,False,3.982781547676488,3.600916155422982
31.288989,31,2065.844805,True,False,False,2.698003807896924,2.658950328056838
28.50867,24,2066.164619,True,False,False,1.9467799648753743,2.1117263081337576
38.593887,42,2066.672066,True,False,False,4.8044993452655875,4.154809137364352
25.534435,21,2066.93318,True,False,False,1.4324117095192348,1.520278579457836
34.963134,46,2067.488966,True,False,False,3.534627950398767,3.4693035533161396
32.797413,42,2068.006404,True,False,False,3.9928887872686385,3.15380264453058
31.692231,30,2068.358438,True,False,False,2.8390775170965687,2.747236607981663
27.342359,38,2068.867019,True,False,False,2.175795600234287,1.959744145800595
33.492225,28,2069.24495,True,False,False,2.944679551092554,3.010894031545326
27.215824,24,2069.547844,True,False,False,1.6586673814374717,1.846847586393153
34.164796,48,2070.14838,True,False,False,3.3430976802666823,3.2226782060545394
35.569484,46,2070.75879,True,False,False,3.8062710983475947,3.605979131963296
24.290799,62,2071.56304,True,False,False,2.71903201798655,1.737047256869875
45.411369,67,2072.435296,True,False,False,6.204700481814988,5.663142469052203
41.157403,69,2073.278293,True,False,False,5.902746943615213,4.922043616690469
28.908208,32,2073.695871,True,False,False,2.397295624763735,2.2507051954527015
28.183603,15,2073.899898,True,False,False,1.7655645625603813,1.9584008332548004
26.43983,20,2074.131835,True,False,False,1.4209418028584784,1.6080628737558649
38.73761,49,2074.765635,True,False,False,4.881415909338188,4.269871248274438
28.060344,24,2075.078534,True,False,False,1.8796122652531841,1.9952774023411706
46.268118,66,2075.871483,True,False,False,6.2238192929443965,5.699775575607564
46.63477,86,2076.890509,True,False,False,7.107571217917443,6.059266779822256
31.403967,38,2077.281155,True,False,False,2.82468355525539,2.7433609700263637
30.956465,55,2077.913743,True,False,False,4.0171324480512745,2.849303769700518
41.971424,72,2078.695436,True,False,False,5.665624042160034,5.099002943614453
39.710384,49,2079.20104,True,False,False,4.378747610157878,4.286935865903445
40.478041,38,2079.603947,True,False,False,4.992350557686956,4.535169838849202
30.737701,52,2080.165735,True,False,False,3.457972094735691,2.812278736813057
46.941374,55,2080.698584,True,False,False,6.486168896637231,5.8084331780737335
49.326524,59,2081.237297,True,False,False,6.6163387745867785,6.303471785362088
41.769033,57,2081.755824,True,False,False,5.756815056875953,4.8063751415542075
50.470976,57,2082.275366,True,False,False,6.756300690675621,6.514433078788184
54.162467,93,2083.30018,True,False,False,10.343846285854404,7.668971445828072
28.197891,31,2083.691538,True,False,False,1.911988374540454,2.087398332763207
36.07116,52,2084.337378,True,False,False,4.708379754352113,3.704949066833131
32.426948,38,2084.764828,True,False,False,3.3513026499370353,3.046265869457255
37.413712,41,2085.263257,True,False,False,4.305502519248231,3.871483933948177
32.811817,33,2085.64737,True,False,False,3.0577567843714983,2.8472738640012776
38.349298,51,2086.309452,True,False,False,4.589982323611194,4.262517530607132
25.464248,27,2086.645571,True,False,False,2.14786000572166,1.5197238929150245
32.552961,36,2087.111652,True,False,False,3.054731498941094,2.9439159610655734
38.05319,76,2088.07167,True,False,False,4.587860301037706,4.296658166262408
48.561472,78,2089.017809,True,False,False,6.869362235785986,6.295020282909745
27.374081,26,2089.257435,True,False,False,2.057962565279437,1.8374427621338283
40.969467,49,2089.809219,True,False,False,4.625152640110601,4.5579069260191405
40.914188,69,2093.24664,True,False,False,5.207060523062855,4.73862879005718
39.240734,75,2094.144741,True,False,False,6.130036319594616,4.633534140626016
36.087888,39,2094.633588,True,False,False,3.8886536195435792,3.581027846963142
26.505258,19,2094.878898,True,False,False,1.5043343115360077,1.66325265937613
43.357964,74,2095.782697,True,False,False,5.992365219993284,5.330242309086168
38.437886,51,2096.425449,True,False,False,4.331478607167281,4.218726658384993
43.731228,79,2097.428028,True,False,False,7.403722970344898,5.466209018590718
35.340482,34,2097.856064,True,False,False,3.800828757399875,3.644013172469693
42.089623,74,2098.802746,True,False,False,6.042642727869197,4.991721921023156
43.136879,63,2099.585967,True,False,False,6.496839951792674,5.2676747520250755
35.938367,43,2100.102742,True,False,False,4.066884067860468,3.689665629408665
39.644826,59,2100.830036,True,False,False,4.456855564907894,4.448884974179305
47.735386,83,2101.860613,True,False,False,7.006310537052823,6.120746427796525
35.468498,42,2102.421574,True,False,False,4.037650278364135,3.526210507452579
45.946609,69,2103.290788,True,False,False,6.2011820581178405,5.662467867354387
50.267267,116,2104.71993,True,False,False,7.901788092169912,7.013218017581329
44.775694,59,2105.469597,True,False,False,6.532814794306934,5.436526875049887
35.316501,50,2106.09637,True,False,False,3.551039666151948,3.612190739952132
42.176411,114,2107.534526,True,False,False,7.019658161431028,5.58265484780697
34.946174,31,2107.885478,True,False,False,3.4029941654535234,3.293794438716392
28.510096,30,2108.286506,True,False,False,1.9715483008516312,2.0581473437951625
37.253458,37,2108.796788,True,False,False,4.8915999870353835,3.7767951700271514
41.988743,89,2109.930021,True,False,False,5.917793870350472,5.172912634512906
34.625571,47,2110.570084,True,False,False,3.5496831010900447,3.590331197654463
58.072175,92,2111.740294,True,False,False,9.791977010256478,8.324065115702824
44.412039,44,2112.289359,True,False,False,5.5179684559538105,5.172342549700933
42.819879,97,2113.556261,True,False,False,6.605231356545816,5.509617520191713
40.584865,36,2114.019949,True,False,False,4.647434928359458,4.399277864595297
33.221113,45,2114.61762,True,False,False,4.951702388961305,3.384417049579021
26.105366,16,2114.823286,True,False,False,1.5342056949377154,1.5980356926689592
35.195714,73,2115.631119,True,False,False,5.036101462070919,3.691911946044954
29.77297,42,2116.092611,True,False,False,2.896939360608289,2.6051515361480346
37.015479,51,2116.695511,True,False,False,5.640154897887868,4.006211547597243
41.24548,44,2117.111371,True,False,False,4.659475742746845,4.7010785231747665
45.044577,60,2117.866431,True,False,False,5.595235847589962,5.331214059720298
44.302119,75,2118.820525,True,False,False,5.493814645906613,5.325746143662924
33.389407,58,2119.564823,True,False,False,3.194024646552741,3.208617452782238
38.8109,41,2120.123092,True,False,False,4.344051610060919,4.1948584140091985
48.832998,69,2121.03398,True,False,False,7.086025573725382,6.178892675115624
32.44608,84,2122.080417,True,False,False,6.493215246944542,3.592937677806089
33.283491,29,2122.466173,True,False,False,3.0479955905474085,3.124057448583441
28.547313,24,2122.752377,True,False,False,2.0734268906392144,2.055050478018072
30.762423,35,2123.187775,True,False,False,2.9079810165838786,2.5563400346558747
27.831257,22,2123.454622,True,False,False,1.838441511257021,1.917527274689616
44.082645,64,2124.104201,True,False,False,5.7768294994219955,5.36787757155433
37.620885,38,2124.526861,True,False,False,4.051995209299626,3.8760476330523708
47.042724,55,2125.253157,True,False,False,6.093222488785477,5.883438807772625
49.457483,78,2126.237861,True,False,False,6.744560217116295,6.379447687122156
41.945462,62,2127.03666,True,False,False,5.585375417085215,5.047877553119246
29.153481,38,2127.517588,True,False,False,2.360743173916161,2.3161219406639106
29.73714,23,2127.799446,True,False,False,2.4719503023362517,2.3142458312821614
42.132918,62,2128.459337,True,False,False,5.8585846659223035,5.032451909723629
25.294178,34,2128.797306,True,False,False,2.402174503748372,1.5767334123981978
33.58073,59,2129.417,True,False,False,4.703110873246389,3.296120130944229
38.29836,47,2130.020324,True,False,False,4.595255013351669,4.063271219704741
38.81129,74,2130.928095,True,False,False,4.397772674559165,4.310106900248329
35.062917,55,2131.643062,True,False,False,3.6847751482274846,3.5061770459728785
36.691731,47,2132.166038,True,False,False,4.942513657554764,3.9278435358757413
42.52329,109,2133.354736,True,False,False,6.173284113568855,5.573896044502167
29.113605,31,2133.677841,True,False,False,2.1169096435423387,2.2128837805234003
44.933692,68,2134.536479,True,False,False,6.1534813848552785,5.485885243251765
48.607929,77,2135.437387,True,False,False,6.669554773805335,6.131141610536791
39.018742,49,2136.082832,True,False,False,4.758700473953982,4.25058737713717
48.238535,89,2137.155354,True,False,False,7.727037726912981,6.512876122244663
29.245946,28,2137.491157,True,False,False,2.269678417969353,2.3959262262067713
30.728327,22,2137.769959,True,False,False,2.406131293437761,2.501390449110242
44.373233,86,2138.796175,True,False,False,6.650224281054481,5.600776638058199
40.124073,58,2139.555514,True,False,False,4.402956315885083,4.420221512123931
42.635355,94,2140.680949,True,False,False,5.759646243253967,5.365093301822177
25.531207,56,2141.263657,True,False,False,3.7300906060712418,1.8939600668283432
27.535389,36,2141.732681,True,False,False,3.353585391304611,2.1938871725741143
40.201571,62,2142.474003,True,False,False,4.775952905906452,4.572853770583969
31.513871,49,2142.961938,True,False,False,3.069944751038486,2.8088898581919133
29.052716,26,2143.286561,True,False,False,2.471349691035921,2.415459755133068
40.328434,41,2143.842741,True,False,False,5.192443598212936,4.445345339121503
35.770868,35,2144.271445,True,False,False,3.7074998987225842,3.5310623080772077
52.586352,87,2145.356822,True,False,False,7.866030534559783,7.252075164495309
-10.97594,28,2145.718411,False,True,False,2.2669176903701755,5.652363285191809
42.509789,60,2146.465586,True,False,False,5.060116021759704,4.892971165164895
41.970948,65,2147.192487,True,False,False,6.847154275903971,5.040472467962297
43.959565,74,2148.051081,True,False,False,6.493092414293803,5.523246403390823
35.76597,69,2148.839818,True,False,False,5.311680255040551,4.069803231939839
39.178186,82,2149.818153,True,False,False,6.2605496127494185,4.60870021765887
42.679383,68,2150.714559,True,False,False,5.521342319213406,5.19667814066131
27.041219,14,2150.883481,True,False,False,1.6608003147040868,1.655240253962897
34.664907,47,2151.492257,True,False,False,3.883619401049075,3.4483070155093585
46.842694,107,2152.750643,True,False,False,7.32004760851932,6.144698792682672
28.421034,33,2153.175319,True,False,False,2.9047724778533714,2.21247716336549
26.467631,16,2153.385581,True,False,False,1.5045170974225857,1.582663663595749
32.188287,61,2154.140145,True,False,False,4.20688881627801,3.283360396021858
35.457009,39,2154.62594,True,False,False,3.753909031653825,3.529018318203045
41.289535,97,2155.870584,True,False,False,6.945392919548238,5.092745541143723
47.711324,71,2156.768283,True,False,False,6.245152966142128,6.07716498203632
45.343656,75,2157.703495,True,False,False,6.394287150596325,5.760783955862664
31.631207,51,2158.35235,True,False,False,3.2147087048614997,2.935472267420481
36.231302,33,2158.82177,True,False,False,3.75525751451459,3.6284094869736494
37.221303,48,2159.417641,True,False,False,4.447919512244611,3.9484342692754653
25.776822,20,2159.66266,True,False,False,1.7486636675507214,1.6129974326621486
42.480574,74,2160.554157,True,False,False,5.363700909143717,4.958573659620043
46.956464,63,2161.304647,True,False,False,5.970472697519461,5.720626846299301
45.973208,66,2161.929156,True,False,False,6.327817892641909,5.646696378756106
35.79525,47,2162.461558,True,False,False,3.9396920056103792,3.7788631238701114
40.830887,45,2163.053575,True,False,False,5.28777915368059,4.690992401066893
32.630053,35,2163.508089,True,False,False,3.458858654606108,2.9533283051955883
29.097552,24,2163.806164,True,False,False,2.1619277061822015,2.191386921364609
46.094811,48,2164.362457,True,False,False,5.945234986949457,5.6112619340718055
30.032491,24,2164.605481,True,False,False,2.4667707861853265,2.3704246475981745
32.120006,34,2164.972152,True,False,False,2.6669732501613246,2.8469219712024465
48.645657,74,2165.804502,True,False,False,7.163545651037511,6.208371594738185
29.090007,24,2166.09878,True,False,False,1.9885928330333205,2.1382628867405917
41.980782,62,2166.913813,True,False,False,7.7522538814722175,5.122853829963126
41.821458,116,2168.4411,True,False,False,6.988021398356352,5.487247752368232
36.876715,38,2168.876381,True,False,False,3.915833624410896,3.7541077808231686
29.122202,15,2169.03978,True,False,False,1.991581775746396,2.0988866756747164
51.657077,94,2170.086863,True,False,False,8.5639492409687,7.151144540838169
43.403337,64,2170.812123,True,False,False,5.9143021744171245,5.223146586048933
26.232094,66,2171.518106,True,False,False,5.428241739689136,2.60391208698377
29.211245,37,2171.953983,True,False,False,2.601599670407006,2.3502225772386516
35.158898,43,2172.406801,True,False,False,4.337586439089156,3.552904471384105
30.315878,35,2172.765962,True,False,False,3.7016869313741423,2.6228282174159707
40.772331,55,2173.380287,True,False,False,4.771323993903051,4.6498090038513284
26.667773,12,2173.505389,True,False,False,1.4489532720417655,1.5831937996996757
40.20314,50,2174.07128,True,False,False,5.226453969340095,4.612187049580421
28.264713,58,2174.727212,True,False,False,3.5199390991389112,2.4173597737268544
40.313913,74,2175.469925,True,False,False,5.035759667229391,4.603286946175183
44.261646,47,2175.967659,True,False,False,5.290126526175766,5.270859913184738
32.277469,25,2176.231898,True,False,False,2.638753809884855,2.711905190311432
34.682465,26,2176.531805,True,False,False,3.4082626905110818,3.301811946219365
32.044058,38,2176.938458,True,False,False,3.696714498415663,2.9012060192743783
29.912079,25,2177.253498,True,False,False,2.31103579571908,2.3404594075940657
42.70487,49,2177.794025,True,False,False,5.125382104911264,4.957616576652756
27.353145,57,2178.412034,True,False,False,4.17303284971596,2.1521384211630474
39.1005,34,2178.783161,True,False,False,4.143110299701555,4.0917874264330605
39.075938,53,2179.372525,True,False,False,5.598875849009679,4.377033887536155
30.627283,33,2179.742201,True,False,False,2.528489359246866,2.547392870451746
29.985285,29,2180.05397,True,False,False,2.2549942204675983,2.3921865709164134
40.631575,70,2180.762635,True,False,False,4.922982694811527,4.651934583584165
37.382796,60,2181.377941,True,False,False,4.243501907507675,4.053033540027629
46.088056,82,2182.248355,True,False,False,6.083304892411015,5.725283144283342
27.514641,26,2182.508036,True,False,False,3.0244426818721437,1.9542179441309124
44.824953,85,2183.452171,True,False,False,6.073409019210407,5.649470186326938
28.226417,17,2183.665447,True,False,False,1.7468863190806094,1.8655047681582995
28.563361,48,2184.200899,True,False,False,2.8979178075541068,2.447387046806599
36.533517,50,2184.695626,True,False,False,3.9754244635986575,3.8976022662886565
31.91883,36,2185.115767,True,False,False,2.91774513892929,2.768288292136518
44.148334,90,2186.188466,True,False,False,8.360111750225885,5.8044133188339035
27.875817,21,2186.443476,True,False,False,1.7679113564158997,1.8965900664182493
38.482526,38,2186.890216,True,False,False,4.250812239890323,4.079360657475445
35.094408,25,2187.16747,True,False,False,3.3730612482338236,3.3339797841334184
36.63345,53,2187.729562,True,False,False,4.239491431299815,3.954176251772025
49.730229,74,2188.396766,True,False,False,7.443805454480664,6.608468200051785
29.07479,24,2188.627168,True,False,False,2.266768273378041,2.0725610184065943
30.899316,58,2189.282542,True,False,False,3.6197075454617202,2.8177966434584762
37.068389,59,2189.9662,True,False,False,6.702949777496843,4.0464407620708105
39.503064,77,2190.910053,True,False,False,6.235120401814528,4.583429729906238
27.789589,17,2191.122363,True,False,False,1.719711895513786,1.8646714392581227
36.274553,28,2191.479529,True,False,False,3.6078103389181226,3.5937975682838488
45.297496,85,2192.566465,True,False,False,6.606763785060629,5.73627512142335
27.640409,35,2193.017118,True,False,False,2.0334502340765845,2.0421217866326136
29.030647,31,2193.437685,True,False,False,2.0477887255914107,2.1995000105080265
45.979157,58,2194.151618,True,False,False,5.811631035079067,5.608793541446306
37.185764,52,2194.663766,True,False,False,3.804979659707906,3.8630481081429884
33.519037,68,2195.503196,True,False,False,3.387429400545325,3.424668765872414
35.763711,37,2195.930062,True,False,False,3.538170509252878,3.567915461927109
46.084555,75,2196.895814,True,False,False,6.918445278934673,5.692446826511386
38.87601,53,2197.540124,True,False,False,4.549553265124893,4.263800525885459
43.379669,53,2198.234354,True,False,False,6.096342495741127,5.242573677587814
33.206065,34,2198.678123,True,False,False,3.2329883381278894,3.1638135473677
39.174709,44,2199.189,True,False,False,5.645386451521994,4.155717002200963
31.409661,37,2199.674017,True,False,False,2.9616062117043502,2.7418155419927417
34.608982,42,2200.228652,True,False,False,4.317166986802478,3.4220871225486675
42.064979,43,2200.819685,True,False,False,4.68849643200622,4.76272796960293
34.58076,65,2201.676628,True,False,False,5.6675864768927,3.586947370232548
37.86338,67,2202.534774,True,False,False,4.78122155369149,4.264343290621107
26.379167,56,2203.021641,True,False,False,4.119574308317071,2.1181790544192443
39.808683,62,2203.711497,True,False,False,6.183110934229178,4.5217700299562145
36.074283,52,2204.377438,True,False,False,3.9152203733120676,3.756201839146803
31.224559,35,2204.825017,True,False,False,2.808922268393692,2.711124570414454
31.357563,46,2205.297059,True,False,False,3.596443768618099,2.8887197950318586
44.308116,70,2206.03075,True,False,False,6.341302817582264,5.42672763874457
33.780492,48,2206.600633,True,False,False,3.6680312816242253,3.2926274897386074
35.39337,39,2207.039804,True,False,False,3.789731203740176,3.555111466061471
40.466667,105,2208.241716,True,False,False,5.83991348392894,5.197046310356808
42.771766,54,2208.911709,True,False,False,5.230696638246571,5.02055199683155
31.859332,29,2209.281675,True,False,False,2.7930251731039255,2.707351196352353
42.698081,98,2210.506597,True,False,False,5.954369615411349,5.3845782219868585
40.962681,76,2211.420445,True,False,False,6.6025283395841905,4.9224988379146
30.20027,42,2214.287952,True,False,False,3.2260512526093765,2.649113211701805
50.772319,76,2215.146012,True,False,False,8.481973916044339,6.867266980754048
38.685673,68,2215.994264,True,False,False,4.640426324169329,4.285323141761921
36.620515,43,2216.522369,True,False,False,3.8401601769415596,3.7511164764952274
30.320102,28,2216.901702,True,False,False,3.0739556925455647,2.4558239490675713
32.123629,57,2217.64553,True,False,False,4.070455304921796,3.1364314791733636
32.821153,32,2218.069212,True,False,False,3.031774783852884,2.9797854681069476
36.282546,55,2218.796011,True,False,False,4.368748985367412,3.785381086955146
46.558969,81,2219.778371,True,False,False,6.23477243356803,5.9919010362074285
41.176459,95,2220.943472,True,False,False,5.800688063439196,5.058700128189099
43.388897,70,2221.828378,True,False,False,6.0129295736328014,5.123186906179034
48.707949,84,2222.817944,True,False,False,6.421748767609396,6.20889295198935
26.090797,38,2223.170563,True,False,False,2.4710724224411433,1.8102190625605268
44.075178,69,2223.869406,True,False,False,5.927187934414808,5.379603364603227
42.073786,45,2224.428115,True,False,False,4.753405986921851,4.720795430723045
39.493246,97,2225.657389,True,False,False,6.981745907660957,4.906819994277904
31.451866,43,2226.150244,True,False,False,2.950552186739849,2.841973309545715
44.654113,53,2226.762031,True,False,False,6.022411590650686,5.4452730143453545
28.618618,50,2227.353542,True,False,False,2.9582174265436216,2.3754434795044506
47.788772,57,2228.048914,True,False,False,6.1408558644386115,5.941463328341467
32.427986,51,2228.742272,True,False,False,3.7643273005903595,3.2079404499334223
29.186056,38,2229.192043,True,False,False,2.5421931449709168,2.304126976369706
31.078087,37,2229.64296,True,False,False,3.1951133161370104,2.7503640575643886
31.787858,34,2230.062321,True,False,False,2.891186684754454,2.730035859686216
51.930041,92,2231.28277,True,False,False,7.268996992961535,6.909311828425348
41.267776,43,2231.783405,True,False,False,5.607704860641406,4.632812579194446
40.902099,59,2232.47385,True,False,False,4.776077639412997,4.661787528184846
38.939408,57,2233.238281,True,False,False,4.735267251696006,4.301795848485614
45.674491,81,2234.204352,True,False,False,6.307228144453252,5.661729226305482
50.555477,84,2235.291666,True,False,False,7.844523387719374,6.759052440821731
28.440389,23,2235.611405,True,False,False,1.897582436186812,2.050740299097096
30.214073,37,2236.106472,True,False,False,2.586651533260804,2.4515667820252496
42.974272,75,2237.112225,True,False,False,5.648914115019779,5.231570973262664
37.336327,54,2237.766576,True,False,False,5.5333372317541265,4.023240240502676
40.798743,55,2238.381421,True,False,False,4.72911500829454,4.7224234140100565
26.785291,25,2238.648719,True,False,False,1.8619385466346527,1.7654622564778248
33.021656,37,2239.112934,True,False,False,3.487273158733949,3.038894956562855
43.503972,73,2240.084871,True,False,False,7.048193573516252,5.423622022510879
38.191912,59,2240.850121,True,False,False,4.322621214212275,4.12672201681611
37.866013,34,2241.298401,True,False,False,3.849719179475826,3.844278744828665
28.67343,58,2242.080531,True,False,False,2.3459217683379086,2.4483262124028613
27.883436,52,2242.757061,True,False,False,3.513384176411791,2.239654703928662
-15.9602,16,2242.968266,False,True,False,1.5757390340648152,1.6174689367950315
-19.429596,23,2243.287862,False,True,False,1.1403157283870238,2.201611264153508
36.764421,69,2244.226098,True,False,False,4.702439641594448,3.9526767402088567
31.851094,46,2244.770243,True,False,False,3.36646105262631,2.9290309863166146
30.365488,33,2245.214558,True,False,False,2.74616288282367,2.6190041790055885
46.3095,85,2246.139368,True,False,False,6.985150908967233,5.883682520243874
51.219754,124,2247.354197,True,False,False,8.621193860976021,7.204039683494558
44.948945,109,2248.739689,True,False,False,6.643558459841939,5.829486724807972
42.981424,70,2249.645858,True,False,False,5.882522188743439,5.18607689368862
31.248386,22,2249.939479,True,False,False,2.444915008190631,2.5610005770135196
40.601177,104,2251.150629,True,False,False,6.284538817872701,5.054456961579927
40.934881,68,2251.922063,True,False,False,5.280777863942112,4.77475218440574
28.960146,53,2252.543484,True,False,False,3.2673356830882203,2.465005366749288
31.567485,28,2252.858481,True,False,False,2.565884155415732,2.552125213184031
27.332438,21,2253.079459,True,False,False,1.6229566094571297,1.781860168994578
44.764906,56,2253.640689,True,False,False,5.493478781957317,5.373034609587373
43.793818,90,2254.588285,True,False,False,6.98953867121034,5.805812414286782
32.215347,39,2255.091364,True,False,False,2.893981882880667,2.8710221727190595
42.523915,46,2255.671687,True,False,False,5.187433496651446,4.884581842314923
37.851435,38,2256.044005,True,False,False,4.049235842499765,3.9144819569315765
28.821295,27,2256.37042,True,False,False,2.669587147353021,2.192812801190659
55.488288,83,2257.438684,True,False,False,9.031364688759316,7.764275653789933
45.940467,139,2258.97836,True,False,False,7.461868498540719,6.3914586056876175
27.946052,17,2259.131367,True,False,False,1.768500006261779,1.8927013352578208
29.670266,20,2259.312034,True,False,False,2.1508180174864493,2.234386995589065
34.957954,56,2260.010508,True,False,False,5.343085971794436,3.5984923787971432
41.475165,72,2260.838171,True,False,False,5.846033011202648,4.94265237540343
33.077905,28,2261.125115,True,False,False,3.113507605326898,3.0066216990991452
45.612945,71,2261.919012,True,False,False,5.880041852393659,5.617853301187149
45.214016,60,2262.645477,True,False,False,5.776785901197673,5.4000074980987325
41.131154,55,2263.272409,True,False,False,5.179523220065793,4.7832111428856665
43.336613,61,2264.007175,True,False,False,5.412782033007911,5.217959124543352
43.829574,97,2265.047842,True,False,False,6.5899462477789195,5.526096318584359
36.51384,39,2265.46831,True,False,False,4.1144674362829505,3.6934861954742657
29.78664,35,2265.860068,True,False,False,3.5847280301661986,2.554726994997009
31.769997,38,2266.288304,True,False,False,3.264853470264342,2.858876568068717
23.844606,50,2266.863002,True,False,False,3.8308800736025073,1.5831134739930022
48.125742,84,2267.910839,True,False,False,7.769847045863472,6.413347345830696
39.289121,46,2268.503752,True,False,False,4.7560941395445795,4.2618096170287
28.656875,29,2268.824433,True,False,False,2.1224051413476572,2.130138268830022
39.190854,62,2269.613379,True,False,False,5.223763978442758,4.348111921364689
44.03362,73,2270.515182,True,False,False,5.7597313026202785,5.329700780676285
37.6469,33,2270.946239,True,False,False,3.863755756497814,3.7838516535059985
43.206878,63,2271.783726,True,False,False,5.555528363125739,5.131468886842138
44.641437,61,2272.572082,True,False,False,5.825969454017154,5.389924315022334
37.000366,67,2273.396909,True,False,False,5.428858553582845,4.146552598162707
34.57171,49,2273.939102,True,False,False,3.9869875281821985,3.3749488561964314
50.707533,109,2275.230992,True,False,False,7.9540045899201335,6.896196431940614
45.005998,74,2276.163095,True,False,False,6.506958202669494,5.620576172065839
38.198153,52,2276.841697,True,False,False,4.470045884581939,4.184925712836484
38.193873,48,2277.412779,True,False,False,3.980309063243661,4.031746308329717
30.238177,25,2277.693679,True,False,False,2.1521883635893864,2.3405411085177388
30.861502,30,2278.096409,True,False,False,2.678901359117849,2.6400734534191668
36.895814,68,2278.898831,True,False,False,4.730620427486225,4.193268327112746
38.992978,51,2279.472309,True,False,False,4.930584810995841,4.3163294775889005
33.408277,62,2280.266441,True,False,False,4.063936680628212,3.4136988491063365
40.51273,63,2281.057766,True,False,False,4.750493772304777,4.603087620577929
38.534746,48,2281.659153,True,False,False,4.437678107002991,4.134258178024075
38.807222,49,2282.320448,True,False,False,4.508363036611237,4.354430461620404
36.160185,61,2283.134006,True,False,False,4.233086970567028,3.7735827868762346
41.604889,51,2283.71811,True,False,False,5.835893849078172,4.840089158983182
38.820807,54,2284.335629,True,False,False,4.75550103149834,4.286768829322982
38.360593,54,2284.961095,True,False,False,4.369796876232567,4.1142079019208735
28.733454,19,2285.208442,True,False,False,1.9520933194609906,2.0283149144676074
34.095086,32,2285.597435,True,False,False,3.568985151483337,3.2542329008315525
33.5232,25,2285.857841,True,False,False,3.0982171799457214,3.0179789617300306
29.576821,23,2286.149479,True,False,False,2.297576542046892,2.253613994696897
36.971468,57,2286.858328,True,False,False,4.28967382480041,4.037865723496693
28.458703,17,2287.098645,True,False,False,1.8329680901250103,1.971106461753885
35.928047,44,2287.636976,True,False,False,4.097442316343122,3.709642067673598
46.371441,65,2288.345078,True,False,False,6.366813740012685,5.694779514038355
43.77812,59,2289.04853,True,False,False,6.504867665766508,5.428166523651996
32.620553,32,2289.463834,True,False,False,2.9332004283274093,2.938512519980065
39.994811,82,2290.476018,True,False,False,4.985842095820259,4.818790622825821
25.768169,17,2290.690682,True,False,False,1.2623766642483971,1.5198319789521317
31.539538,21,2290.980014,True,False,False,2.4178846930742495,2.6266097549874856
31.286101,44,2291.520427,True,False,False,2.928965884581915,2.9048528263525197
41.688836,59,2292.305803,True,False,False,5.055938156182098,4.776119323988447
30.185756,46,2292.93755,True,False,False,3.389751044888825,2.6119296914490127
31.883288,45,2293.544663,True,False,False,2.987191548062561,2.856266624792336
36.737036,42,2294.11146,True,False,False,3.7915555330142587,3.8714409355436126
35.277449,53,2294.735286,True,False,False,3.850834492965289,3.6674907814148376
36.056126,62,2295.537858,True,False,False,4.923444113847062,3.8022774757207953
44.449203,49,2296.094392,True,False,False,6.205815268491199,5.359921372348829
45.154468,62,2296.806199,True,False,False,6.045707232477045,5.530238160441038
38.339049,58,2297.521908,True,False,False,4.560213397013338,4.221462201697341
34.901829,42,2298.071702,True,False,False,4.0347928872005685,3.4446731400373927
44.507705,49,2298.707403,True,False,False,5.893475438524395,5.2884928475766015
32.72173,59,2299.444935,True,False,False,3.366328257987157,3.174512556654018
37.375826,48,2300.041172,True,False,False,4.134483988867212,3.959082729648796
-18.235721,20,2300.268183,False,True,False,1.5649615661145846,4.82671770888081
33.5793,40,2300.683107,True,False,False,3.4822281465439495,3.2033520037443557
52.217652,113,2302.076577,True,False,False,7.9558330807764355,7.150594790133369
44.661972,74,2303.041979,True,False,False,5.702640151689413,5.358962607795193
30.576298,21,2303.319754,True,False,False,2.237189079418298,2.416090650783038
42.123959,53,2303.988516,True,False,False,5.503638967356875,4.999680724565364
48.559714,57,2304.613162,True,False,False,6.817807619072749,6.120281771323356
42.689236,67,2305.470524,True,False,False,6.4858207707795295,5.1886104316436175
28.216746,32,2305.890452,True,False,False,2.294753456875933,2.1423627446947933
30.054618,31,2306.29984,True,False,False,2.7267697751336453,2.410443053567973
32.21642,42,2306.805485,True,False,False,3.772779148194024,3.042022420616079
36.496033,45,2307.351913,True,False,False,4.127029892047985,3.7764945080014694
-16.343527,9,2307.46265,False,True,False,0.845322580423,4.861740859915009
46.294417,87,2308.509827,True,False,False,7.245998573048886,6.1121904040329955
37.773832,31,2308.878431,True,False,False,3.823589599403085,3.7976077620525235
37.323841,46,2309.382318,True,False,False,4.297996966025368,4.107729676004132
32.80906,24,2309.622082,True,False,False,2.978829971525629,2.923071112039887
50.01657,135,2311.116942,True,False,False,7.852513720277702,6.98209362822499
33.253484,56,2311.750785,True,False,False,3.719656853422187,3.460771187048016
31.487782,28,2312.054041,True,False,False,2.3737395418150866,2.5513306828658187
32.154617,30,2312.371777,True,False,False,3.160327851985847,2.7813694786731755
31.001941,26,2312.666029,True,False,False,3.173758627489106,2.6095788443146044
24.761489,59,2313.331954,True,False,False,3.3257633237114015,1.8203236288910476
31.30491,46,2313.880446,True,False,False,3.311951444447817,2.7807125872560974
29.844728,36,2314.274804,True,False,False,2.6922448084680006,2.487017067001947
32.286304,26,2314.565692,True,False,False,2.8553724627490684,2.731819099377774
32.765173,45,2315.125191,True,False,False,3.2476096829678784,3.0008840157279058
34.045783,51,2315.691113,True,False,False,4.612761403299428,3.55079997010558
28.719666,45,2316.207562,True,False,False,2.4065681280003464,2.318050889539632
36.899887,69,2316.973713,True,False,False,4.671922178973158,4.131928680727213
31.186404,77,2317.856487,True,False,False,4.790059190087182,3.1057047511641764
32.407369,38,2318.280634,True,False,False,3.5429974071462293,2.877827802599376
39.14208,110,2319.723678,True,False,False,6.054659001566155,4.856360929706219
34.512297,53,2320.356615,True,False,False,3.479854906424555,3.3723217564150265
32.725472,41,2320.807091,True,False,False,2.8620430023937375,2.960966277533086
38.01521,42,2321.348211,True,False,False,4.867575652531381,4.085077660984905
33.19048,34,2321.800354,True,False,False,3.0132908896953055,2.9907304974272204
32.948862,66,2322.584442,True,False,False,6.329405456752637,3.3848847849206813
33.931319,32,2322.999062,True,False,False,3.3877424569213406,3.1698329034767245
39.509205,68,2323.941203,True,False,False,4.999574318920701,4.421642616021196
27.688219,28,2324.321257,True,False,False,2.129398962621253,1.9498745986687205
29.399968,24,2324.640922,True,False,False,2.721195618630774,2.317764485471593
33.368189,86,2325.752702,True,False,False,5.0545713150660525,3.7769601389249794
37.885798,32,2326.162272,True,False,False,3.93079842602316,3.8393680518308932
47.020251,59,2326.952508,True,False,False,6.225335356745215,5.8366105693049
42.408863,102,2328.271169,True,False,False,9.566006541645692,5.607285989312567
32.356599,41,2328.708795,True,False,False,3.1429063290031882,2.997107279237892
36.362833,35,2329.07241,True,False,False,3.6348492285193967,3.5655411136782282
40.799054,59,2329.589062,True,False,False,6.139553333270906,4.700941225116836
50.907053,67,2330.173916,True,False,False,8.034415677317737,6.79766522428149
50.138238,75,2330.817881,True,False,False,7.72803728047979,6.650169100793266
34.238036,35,2331.131915,True,False,False,3.1464797909289066,3.1945380697577606
38.214692,48,2331.547804,True,False,False,4.430733231664711,4.078276624964055
43.588238,83,2332.493329,True,False,False,5.597515108478929,5.343267269582484
26.926414,22,2332.771111,True,False,False,1.975395350016712,1.7972885702909205
36.473161,47,2333.407175,True,False,False,3.7392868733539832,3.719276845217441
28.026428,22,2333.681892,True,False,False,2.0298016988198655,1.9949378300913303
30.553555,21,2333.934323,True,False,False,2.696037665907904,2.4655071930808843
30.093296,35,2334.384639,True,False,False,3.233365238071129,2.511741807413228
31.015386,35,2337.60594,True,False,False,3.3778588424500753,2.784447653988586
39.471591,62,2338.392706,True,False,False,4.672232817679033,4.482408404541178
42.424351,52,2339.011199,True,False,False,5.389477961619585,5.017040485289121
38.040381,33,2339.441005,True,False,False,3.8639588181030775,3.9944883382176117
43.999978,53,2340.123934,True,False,False,5.582996337785915,5.186506848717307
34.479246,45,2340.716498,True,False,False,3.6370491135246628,3.416445186911988
44.914463,102,2342.078665,True,False,False,7.763373068990023,6.049309876149161
50.562291,98,2343.372949,True,False,False,7.657711662333775,6.727372725498252
33.39862,54,2343.988583,True,False,False,5.213919039689433,3.330445274000024
31.529783,28,2344.257902,True,False,False,3.0003013757253565,2.638919942004977
29.447341,79,2345.097578,True,False,False,4.551787681234162,3.074489490093756
30.049617,38,2345.564496,True,False,False,3.931172097463729,2.645372282590028
36.20514,62,2346.379315,True,False,False,4.254343102020852,3.8479163198956083
35.078007,36,2346.833189,True,False,False,3.1775716267350593,3.310301838553569
41.464836,66,2347.437361,True,False,False,4.896984214161293,4.863321871772888
26.578888,32,2347.730316,True,False,False,2.2952155806936774,1.8590826687838728
34.614781,50,2348.18208,True,False,False,3.5155169470830834,3.4219063117093858
39.525603,48,2348.655627,True,False,False,5.230459897450972,4.352401661266812
33.224381,40,2349.086602,True,False,False,3.368830129270587,3.0556580156207747
31.62193,40,2349.594394,True,False,False,3.959103822048894,2.8746211067094514
45.025561,42,2350.060085,True,False,False,5.386112948466132,5.263343442640832
40.843342,75,2350.922815,True,False,False,5.799884023145764,4.898544574851477
26.938372,14,2351.092621,True,False,False,1.511471484176007,1.606643668929413
29.834441,28,2351.413093,True,False,False,2.3120870974968133,2.2904546024402963
41.307254,52,2352.057849,True,False,False,5.12826738380898,4.697100073928647
39.5332,57,2352.677361,True,False,False,5.370352440968576,4.6385830564145
34.71279,39,2353.141846,True,False,False,3.734727011656815,3.410316747069111
41.957986,61,2353.790135,True,False,False,5.952840596314662,4.926040589305711
34.780372,36,2354.205693,True,False,False,3.410620855057649,3.3835061804813225
44.1019,89,2355.381721,True,False,False,6.315007157897423,5.594888108141873
34.299643,33,2355.821218,True,False,False,3.158766933943129,3.1248985173450796
31.050153,41,2356.370733,True,False,False,3.081474776544191,2.760224132526925
25.920696,26,2356.705499,True,False,False,1.604699106247796,1.6341491133111388
29.638151,17,2356.909579,True,False,False,2.1470040187737527,2.2407953462010504
41.83735,75,2357.904777,True,False,False,6.757452062955902,5.069797186826825
26.395275,36,2358.352882,True,False,False,2.8069995311409772,1.9305294200757235
37.280407,65,2359.151688,True,False,False,4.039584056514721,4.046905467812034
42.075781,66,2360.007802,True,False,False,5.54488372756238,5.019082768691765
-9.417058,39,2360.508497,False,True,False,3.4064366980239775,3.894679370192289
33.96959,70,2361.258972,True,False,False,4.064676399112005,3.50021009442181
35.600455,45,2361.77204,True,False,False,4.017607032773237,3.6309528311566885
36.791084,45,2362.310256,True,False,False,3.8982990383405265,3.7732847537836114
28.358087,34,2362.733301,True,False,False,2.3716934267791765,2.0622103938909873
34.845915,41,2363.190913,True,False,False,3.7514856573380087,3.3594221679043
27.649107,18,2363.411201,True,False,False,1.626560002392718,1.8066137427749656
42.386186,74,2364.301472,True,False,False,5.810642033654279,5.181369755276377
45.699042,83,2365.337245,True,False,False,6.849020379093697,5.841989019621523
39.438467,75,2366.122834,True,False,False,5.154259540709256,4.588597111362563
32.839324,55,2366.74684,True,False,False,4.951116530435372,3.4030874870015237
25.63843,17,2366.936566,True,False,False,1.7103764029398205,1.5215562134046656
27.069586,26,2367.25737,True,False,False,2.2967505845155984,1.8973081050139609
51.988259,89,2368.366102,True,False,False,9.025142649032368,7.195207298471509
43.698937,72,2369.325088,True,False,False,5.250156666938071,5.144773216174182
46.125072,80,2370.246423,True,False,False,7.1128103435934085,5.993151052735418
40.078658,100,2371.396295,True,False,False,6.775548075579054,5.156281399083663
38.843686,40,2371.787683,True,False,False,4.049102632142005,4.129390647858874
25.953581,23,2372.087272,True,False,False,1.6086092756094572,1.673491595405646
33.894015,30,2372.420146,True,False,False,3.5264529696671585,3.1323453736312277
27.37315,20,2372.656899,True,False,False,1.7392932550750329,1.8070429281155092
40.632848,38,2373.147437,True,False,False,4.719916525991324,4.454711514378063
25.720507,26,2373.479343,True,False,False,1.4304514244838455,1.585775724132533
41.999551,59,2374.212253,True,False,False,5.427962592248727,4.967179427499628
44.982877,57,2374.94287,True,False,False,6.601800557435483,5.5051622011171535
31.334061,36,2375.390813,True,False,False,2.5932003010519713,2.656828214321677
48.593254,87,2376.351938,True,False,False,6.732130068986413,6.551705255717111
29.954343,53,2377.016417,True,False,False,3.9744753927238916,2.6530240239533316
33.623691,48,2377.634749,True,False,False,3.2673223108106826,3.168114641937671
44.332966,87,2378.691977,True,False,False,6.388403926427914,5.74622351031693
47.877948,81,2379.730863,True,False,False,7.247323790162884,6.135810817134424
43.532237,58,2380.506195,True,False,False,5.902249420573719,5.237352236482487
27.972338,17,2380.740541,True,False,False,1.840030369758544,1.888044096252309
27.088506,26,2381.081349,True,False,False,1.6801234340720168,1.8296807490102425
27.418634,28,2381.389236,True,False,False,1.8759334481925725,1.8790497765566374
49.579458,110,2382.671199,True,False,False,7.305661610306765,6.70539347446227
26.990486,18,2382.905844,True,False,False,1.6408011180961033,1.7554783223080972
40.061695,60,2383.710623,True,False,False,4.332789748408542,4.422614172516702
46.794983,72,2384.520591,True,False,False,6.960039767118523,5.967713462371585
28.792644,28,2384.882337,True,False,False,1.9974679535437188,2.1272651748238927
35.13512,46,2385.457534,True,False,False,3.6972874656641106,3.531492234226326
25.232144,34,2385.914855,True,False,False,2.7004609454822517,1.6239864494326914
38.604911,67,2386.778843,True,False,False,5.017186677396464,4.254919487015273
25.513955,20,2387.033978,True,False,False,1.4258666859198135,1.5443823429578751
28.962018,37,2387.487864,True,False,False,2.3592120485303365,2.3144691438463
41.242758,65,2388.134665,True,False,False,4.873759900875376,4.822588569554146
44.889759,56,2388.706121,True,False,False,6.39159660477388,5.462244962223154
38.278903,59,2389.285036,True,False,False,4.359568838790609,4.386344586536236
34.906404,44,2389.775496,True,False,False,3.3530577621384374,3.419779864345003
37.125834,39,2390.237673,True,False,False,3.900980141364705,3.880948115003457
42.432922,62,2390.975863,True,False,False,5.55343858191974,4.9483970300402005
46.40355,88,2392.138183,True,False,False,7.0304695395209285,6.115423147217984
25.900226,18,2392.369493,True,False,False,1.360401617440632,1.5509353032913058
50.652101,69,2393.088677,True,False,False,7.104235986861916,6.591442977409213
33.498322,47,2393.603327,True,False,False,3.711146199564419,3.3242871544299812
25.97069,22,2393.873879,True,False,False,1.7288888238606095,1.6207212461331868
36.174006,70,2394.79349,True,False,False,4.349741047007754,3.9067242593396965
37.814139,50,2395.44979,True,False,False,4.635823701424052,4.01815904215256
36.794936,54,2396.11722,True,False,False,3.8185117174970813,3.8913989336286288
45.686335,99,2397.205734,True,False,False,7.95148664620001,6.068599879810158
43.105988,59,2397.820755,True,False,False,6.323463951702296,5.233246460047736
41.426126,38,2398.263597,True,False,False,4.867651175449359,4.606322194044943
43.955719,60,2398.898358,True,False,False,5.497124322278068,5.4098930518080275
28.604895,28,2399.184952,True,False,False,2.5245079616422252,2.176988446058247
25.942037,21,2399.396981,True,False,False,1.5003203710448414,1.5771925122881263
48.840958,90,2400.26787,True,False,False,6.918244269677619,6.313767499996171
44.044542,83,2401.218564,True,False,False,6.576284441498366,5.397063133692005
40.011909,45,2401.800342,True,False,False,4.8765541153704905,4.423634895400031
34.000991,42,2402.30854,True,False,False,3.7969695978633196,3.434677911961155
37.370644,102,2403.634626,True,False,False,6.2513430813038395,4.822091621920597
37.875249,67,2404.495862,True,False,False,5.82221717615032,4.276438891888045
41.950648,111,2405.894782,True,False,False,7.689198623799702,5.498622823757674
45.831817,63,2406.63692,True,False,False,6.002852524506713,5.73037898132901
28.036773,19,2406.881301,True,False,False,1.8639834408448122,1.9437111597889245
29.097051,23,2407.157336,True,False,False,2.1467542328018014,2.185507236802876
32.322058,28,2407.462421,True,False,False,2.811868395569566,2.8081644992378707
27.45882,34,2407.840625,True,False,False,2.393812527813724,1.9854425320626725
48.842843,74,2408.693336,True,False,False,7.28775066069453,6.256318928597391
35.676379,34,2409.10742,True,False,False,3.3690403840303107,3.48541475963173
27.608197,43,2409.578111,True,False,False,3.4336129309822807,2.1877188884562995
39.676621,40,2410.070634,True,False,False,4.264396688404828,4.2915157586088295
40.37205,87,2411.099906,True,False,False,6.120504020209924,4.827995902186318
31.642378,27,2411.467946,True,False,False,2.6816224323901814,2.6335045288399526
37.168076,70,2412.330678,True,False,False,5.159765604943088,4.072019557575949
34.107423,37,2412.821885,True,False,False,3.99110070137258,3.2320718425704027
36.670135,41,2413.371487,True,False,False,4.098809935142694,3.8011202602623815
35.86756,53,2414.083681,True,False,False,4.198384257310783,3.7438844087050187
32.027164,40,2414.562208,True,False,False,2.9255072437262672,2.8358621628007374
44.2197,56,2415.26873,True,False,False,5.441905193649579,5.280665120075742
42.388322,51,2415.943385,True,False,False,4.90168421205327,4.849640880136852
46.732074,59,2416.707523,True,False,False,7.152865484758394,5.823321067147119
36.738066,40,2417.223037,True,False,False,4.3153902293946915,3.7319896397489916
39.049338,35,2417.581953,True,False,False,4.6581166524284905,4.169512071181617
41.114495,89,2418.671508,True,False,False,6.0030238341395465,5.0402252947317905
27.955462,26,2419.010594,True,False,False,2.112654775151041,1.9742411660159807
38.044854,81,2420.096386,True,False,False,7.09268137292413,4.689124874033289
45.310606,56,2420.801064,True,False,False,5.463921419895903,5.486563877472105
43.582729,78,2421.714105,True,False,False,7.391612921235898,5.38692779446516
31.924545,40,2422.200803,True,False,False,3.8883758267403,2.9569910263982244
39.749912,57,2422.858031,True,False,False,4.756716293072233,4.3706491002634795
31.222513,27,2423.203362,True,False,False,2.36503296705911,2.524577324838166
40.732356,70,2423.986136,True,False,False,5.416090759758365,4.777010832733042
42.025873,61,2424.761442,True,False,False,5.201416426049982,4.941890645740702
33.325798,68,2425.683719,True,False,False,3.7089078965645927,3.381581620072397
27.282036,21,2425.94546,True,False,False,1.587797753403092,1.7596079411049046
33.365582,25,2426.237148,True,False,False,2.9105540498723963,3.032993095107527
40.376366,58,2426.950335,True,False,False,4.784417452844023,4.6735795735329715
33.714082,60,2427.625136,True,False,False,4.216774909218726,3.4372134372149987
42.227925,76,2428.577337,True,False,False,6.1947493195805485,5.189675879747201
26.989954,24,2428.871133,True,False,False,1.6600135009384014,1.806110890026346
43.660891,65,2429.676551,True,False,False,5.2580440792335414,5.1281067273671095
37.046475,77,2430.617753,True,False,False,4.1562928847581135,4.164774636110286
33.401904,45,2431.230429,True,False,False,3.1904799513347206,3.120342188404145
34.893835,86,2432.256108,True,False,False,7.299554609695893,4.111778325576853
39.399466,84,2433.315749,True,False,False,6.405667569274754,4.639767095459922
25.821899,23,2433.620074,True,False,False,1.4260186178552754,1.576771307968798
41.175478,79,2434.620189,True,False,False,5.608797270668745,4.882734336137557
32.185813,45,2435.181512,True,False,False,4.293666401529239,3.0892961652193587
26.940312,43,2435.750089,True,False,False,2.7394574545354478,2.2193195286231844
43.336797,47,2436.335999,True,False,False,5.0112452388640865,5.0527384310848715
28.389566,24,2436.656765,True,False,False,1.8904649671882623,2.0630964355632044
32.884592,47,2437.292722,True,False,False,3.775933434768074,3.123733778496171
35.936059,44,2437.879014,True,False,False,4.524257111287085,3.752334269531144
35.186058,58,2438.674648,True,False,False,4.010451619356162,3.5560491265904126
28.026345,39,2439.173814,True,False,False,2.1906978745704033,2.0969530628010373
28.154916,29,2439.490872,True,False,False,2.3027946269155,2.1101147456924507
33.002206,39,2439.936206,True,False,False,3.1136468395324157,3.0237511834863118
40.486245,68,2440.741342,True,False,False,4.525017082389265,4.659055556619141
39.893838,83,2441.730882,True,False,False,5.903694530876364,4.908942427945639
37.477589,50,2442.358809,True,False,False,4.169924692441359,3.9634187843885624
42.046226,43,2442.887088,True,False,False,5.277180396558754,4.709641762462346
29.57536,26,2443.213871,True,False,False,2.402207741465584,2.317194016316949
31.215917,72,2444.059485,True,False,False,4.240578896387036,2.9952938998473853
32.370582,65,2444.807202,True,False,False,4.081269045938926,3.480537969618211
28.396642,24,2445.112586,True,False,False,2.157022603140053,2.0802557842430414
34.533082,39,2445.599487,True,False,False,3.0590174746651444,3.2391882300623647
41.248741,82,2446.654366,True,False,False,5.777190607222726,5.0640369154972
37.354543,48,2447.27297,True,False,False,4.437656042099345,3.951654594650457
43.185662,56,2447.987405,True,False,False,5.902143717375365,5.085812668370388
28.275367,19,2448.244017,True,False,False,2.1714486234532955,2.0082634375221957
36.458874,46,2448.874273,True,False,False,3.711985613698243,3.622194920466502
25.93969,18,2449.115054,True,False,False,1.7856646778698444,1.5572464828532384
45.524883,111,2450.579487,True,False,False,9.282697825622506,6.3715968592293475
32.111953,43,2451.164424,True,False,False,3.5502420755078177,2.91880900838384
38.787524,43,2451.594935,True,False,False,4.448888236285925,4.154700354195183
46.986386,62,2452.337608,True,False,False,6.230093592224507,5.941051214174608
32.61018,39,2452.753091,True,False,False,4.170075550899908,3.075499455611201
38.726863,41,2453.240668,True,False,False,4.933149152218493,4.2470907436476475
29.151825,21,2453.529655,True,False,False,2.0775358606450354,2.2315913892122876
36.905968,97,2454.563059,True,False,False,6.734668555129791,4.485054325955863
48.736327,61,2455.318537,True,False,False,7.139752912856359,6.2062857281534285
30.194338,35,2455.746942,True,False,False,3.153865326712893,2.527398376244423
42.04525,44,2456.214074,True,False,False,4.8284588418399625,4.75218444467985
28.676743,34,2456.627932,True,False,False,2.7583718729871523,2.0921167379671934
46.265115,95,2457.871951,True,False,False,6.6635050560707665,5.958738492756067
38.585664,59,2461.243914,True,False,False,5.024172480095813,4.300701335574357
33.578735,53,2461.788075,True,False,False,3.7306461400703963,3.275817590440767
53.325507,118,2463.185251,True,False,False,8.55775542160994,7.40734550415315
34.90742,60,2463.895906,True,False,False,4.677999431461608,3.6253868555734905
38.379024,59,2464.621831,True,False,False,4.227332765693663,4.182184741984386
41.457698,77,2465.605909,True,False,False,5.261246675412888,5.028403061800707
32.315487,39,2466.104033,True,False,False,3.2034971351441417,3.017500364344668
37.646005,59,2466.865785,True,False,False,4.17471504429784,4.056914377518157
29.181274,33,2467.21927,True,False,False,2.829638034714635,2.4012768054993634
37.188419,39,2467.657513,True,False,False,3.7989006325838264,3.799405807044726
43.025245,59,2468.384777,True,False,False,6.25031231364409,5.051092119952189
36.296926,41,2468.93093,True,False,False,3.6616252173010997,3.690323146684696
39.672648,59,2469.660928,True,False,False,4.913936238411863,4.367666529631917
32.347661,39,2470.196944,True,False,False,2.77721020559288,2.9518811250505395
43.650457,94,2471.400004,True,False,False,6.170132917942631,5.565670904074976
27.352181,22,2471.701558,True,False,False,2.2782729322704385,1.8326682125431315
28.195734,32,2472.13538,True,False,False,2.5626756660815455,2.0673309282551693
34.149681,51,2472.807543,True,False,False,3.5854182229543796,3.3709139928513774
39.538654,47,2473.446927,True,False,False,5.500855154384781,4.433977026158268
43.518501,51,2474.101276,True,False,False,5.193515106981504,4.968591696887361
32.354596,24,2474.419979,True,False,False,2.714136179380007,2.7817483895013972
37.342932,48,2475.026908,True,False,False,3.8055739452954342,3.854654407761142
41.185765,66,2475.867205,True,False,False,4.872905298897182,4.761967033219476
38.768565,85,2477.023301,True,False,False,6.862483880833114,4.6757753115373895
34.235687,27,2477.381913,True,False,False,3.158279035297095,3.1925983305717707
29.999315,23,2477.683311,True,False,False,2.2976971868873224,2.261516170999079
22.735426,67,2478.536855,True,False,False,3.5746695063371168,2.166189813751295
32.48341,54,2479.24062,True,False,False,3.2546916140262394,3.0666439786745845
28.320943,23,2479.514934,True,False,False,1.8673301264499267,1.9790724396027783
44.818107,92,2480.729419,True,False,False,6.450387942389939,5.684792092478672
42.625348,90,2481.933855,True,False,False,6.85172939340883,5.317041127371618
43.881528,73,2482.654293,True,False,False,6.17173824873464,5.455214340818164
31.870035,25,2482.96987,True,False,False,3.1464770369533195,2.7292941735885354
43.776765,54,2483.627491,True,False,False,5.4615012314477855,5.134338782166888
47.377898,48,2484.185916,True,False,False,5.759394487395802,5.801483818271269
28.251658,22,2484.468804,True,False,False,1.9221788144302951,1.9884393839542696
47.448673,58,2485.194383,True,False,False,6.538697440215769,6.015506233653432
48.31929,58,2485.973838,True,False,False,7.216243057249679,6.158964096497465
42.054207,60,2486.695695,True,False,False,5.112082382491115,4.834771083749283
29.060708,43,2487.234262,True,False,False,2.816512767610417,2.374142932738115
32.440364,38,2487.743643,True,False,False,3.037147865542114,2.957487511432704
44.278387,69,2488.557054,True,False,False,6.450313331021707,5.47273528216322
29.331557,38,2489.018325,True,False,False,3.561089369710494,2.3922848881128704
40.299213,87,2490.1124,True,False,False,6.8847682285395475,4.972592419720927
28.906187,28,2490.47701,True,False,False,2.0344288866500806,2.1610282000675363
40.04101,53,2491.141082,True,False,False,5.122944712744487,4.458179032406421
36.43071,44,2491.563297,True,False,False,3.9718174960680575,3.659312207728723
33.543492,37,2491.971157,True,False,False,3.134494499012616,3.1686480496779836
31.553801,20,2492.188287,True,False,False,2.6188718203652246,2.615719486006575
47.853154,77,2493.170718,True,False,False,6.907936620239619,6.263436514598002
40.376375,49,2493.833286,True,False,False,4.652708467117541,4.426850727225368
41.103463,46,2494.467582,True,False,False,5.181863552633348,4.617178565909922
38.140117,62,2495.307837,True,False,False,5.235634974610529,4.3143746828932255
44.818419,91,2496.331153,True,False,False,6.567915262185871,5.6654552880643445
31.923421,26,2496.668102,True,False,False,2.7719604585748234,2.743120229661046
34.104219,39,2497.136633,True,False,False,3.9344169881371798,3.295859050633101
34.456351,47,2497.778184,True,False,False,4.088936803107659,3.43803413784203
31.223871,25,2498.092117,True,False,False,2.459027579732264,2.5455029857474862
32.105136,39,2498.583419,True,False,False,3.575264790111148,3.117072836142764
38.662718,143,2500.453301,True,False,False,7.091441646349364,5.208672694935543
32.344153,39,2500.850877,True,False,False,2.8632905917291436,2.882462435321284
41.692237,67,2501.704053,True,False,False,4.87923191581085,4.797470578878206
31.059044,50,2502.318571,True,False,False,2.9400654815338965,2.7636772006785684
42.5428,73,2503.228915,True,False,False,5.616060314508269,5.168762267137299
33.836601,75,2504.133477,True,False,False,4.9691306954708345,3.685490738465941
31.107389,26,2504.481972,True,False,False,2.3619920322319103,2.5343870738977325
27.086078,16,2504.688958,True,False,False,1.4795134246963533,1.687744219667274
39.477255,72,2505.593554,True,False,False,5.281846469404937,4.724141416187657
32.847403,35,2506.029124,True,False,False,3.581688702398929,3.006603085453569
29.975745,42,2506.555338,True,False,False,2.697182646488756,2.5260788020499585
26.54608,15,2506.731697,True,False,False,1.5345281787710554,1.6153920705396934
47.469881,83,2507.586557,True,False,False,6.447184498636319,6.032084270833209
35.582387,48,2508.161126,True,False,False,4.311393551691149,3.7037514037961423
38.288951,50,2508.794519,True,False,False,4.296050794143007,4.204697166651176
24.491275,43,2509.328337,True,False,False,2.273143249281545,1.5609732332553852
38.589597,35,2509.795578,True,False,False,4.2256407330805565,4.095004917703349
41.43556,63,2510.575171,True,False,False,4.843830410583456,4.681674855255914
32.956833,37,2511.020845,True,False,False,3.014300186333319,2.9914451764941745
31.052993,38,2511.432585,True,False,False,2.7237900276988976,2.5844611869617258
35.795551,49,2512.034477,True,False,False,4.527757812209542,3.6396435708358283
31.894952,31,2512.414864,True,False,False,2.663843338241843,2.7270973754978094
39.909131,45,2512.972425,True,False,False,4.5009398386780655,4.401586574166938
29.285825,40,2513.484197,True,False,False,3.04009792218206,2.6010193588615165
41.86057,66,2514.194551,True,False,False,5.872277551851753,4.81595765968276
30.862026,41,2514.582799,True,False,False,2.5632456774772328,2.6365750184707735
41.392725,108,2515.662468,True,False,False,6.7376747456517245,5.588883324036683
43.435828,66,2516.497866,True,False,False,5.158971939880019,5.191740874081446
44.61387,64,2517.251355,True,False,False,5.866555539341227,5.538516012284917
25.859514,30,2517.597944,True,False,False,2.1099764437569375,1.8503753846800741
30.144919,28,2517.946659,True,False,False,2.5178429563884004,2.4354705277334996
31.177804,48,2518.522192,True,False,False,3.1580596907413874,2.797376356838508
34.448685,52,2519.153539,True,False,False,3.752517959487657,3.533452423529382
34.974532,52,2519.82309,True,False,False,3.664315417893618,3.52513534117467
33.189932,45,2520.425925,True,False,False,3.4694247356347523,3.0821222453038026
41.429835,46,2521.037874,True,False,False,4.940883971299773,4.604243985101959
32.985351,35,2521.515805,True,False,False,2.9728649209547937,2.9362982106103988
33.784551,41,2521.915688,True,False,False,3.5968295985168117,3.248544424042523
41.800977,76,2522.777516,True,False,False,5.962602506691364,5.367733780920586
41.775106,63,2523.624089,True,False,False,7.206581253180036,5.017854299536202
44.637343,83,2524.749031,True,False,False,6.330807431019269,5.657829544405215
42.975566,50,2525.390934,True,False,False,6.0270608175330525,4.974585723695718
27.208188,19,2525.593722,True,False,False,1.6650151486850564,1.829711666933313
46.927005,75,2526.407754,True,False,False,6.918240695712714,5.93451185684827
27.852257,49,2526.996336,True,False,False,2.8300062130972536,2.3427507492723194
45.859603,55,2527.704529,True,False,False,7.387633655081317,5.711746082492263
42.802574,69,2528.592767,True,False,False,5.3036424296222435,5.277914595873762
39.801745,65,2529.442846,True,False,False,5.497778517887147,4.558270260774802
39.595313,48,2530.023336,True,False,False,4.53774964919906,4.462526083386034
34.379821,39,2530.498515,True,False,False,3.8059188320442106,3.3883253209909783
36.20249,37,2530.931337,True,False,False,4.531206727465077,3.700208536422806
26.982473,25,2531.249362,True,False,False,1.629056694887176,1.7632894221797317
40.793807,86,2532.369993,True,False,False,5.539458738482591,4.886511244730892
42.369165,64,2533.170533,True,False,False,5.104755957376939,5.0744350596837595
28.855131,27,2533.521759,True,False,False,2.3549209359702035,2.163980728429805
32.557566,51,2534.210537,True,False,False,3.6966979922609147,3.104628216285556
35.722307,50,2534.816551,True,False,False,4.145785080901508,3.775337110518184
38.172942,40,2535.341732,True,False,False,4.465227665252992,3.9908729584882505
35.306496,51,2535.973785,True,False,False,3.5070112517827825,3.4907151500508613
44.997322,81,2536.768111,True,False,False,5.980091991275017,5.62975167815462
40.205102,55,2537.366902,True,False,False,4.290236481348404,4.380937914142465
52.009669,113,2538.61914,True,False,False,7.855931811836662,7.121109507178428
34.477171,42,2539.124362,True,False,False,4.095855667917477,3.3548949213404113
41.061204,94,2540.144946,True,False,False,6.0896502259064365,5.261471221360415
28.539041,39,2540.572093,True,False,False,3.8629445331221155,2.2390776337321636
30.507732,24,2540.78332,True,False,False,2.44738266667632,2.442119945880973
30.927053,35,2541.227808,True,False,False,3.040319786853229,2.7390805286431683
33.510616,32,2541.651643,True,False,False,3.0755697945168636,3.017760929937239
30.789992,45,2542.229571,True,False,False,3.6411850644139125,2.6005800305917046
35.695939,59,2542.944528,True,False,False,4.123026819364025,3.7768693559199247
31.913369,35,2543.277718,True,False,False,3.8555897774056516,2.799134042661208
33.733688,26,2543.508971,True,False,False,2.978148052585539,3.048926242298875
34.057055,31,2543.794146,True,False,False,3.2714302827805364,3.1692605275999193
38.940338,46,2544.346659,True,False,False,4.029812526550983,4.135294612801031
41.582548,63,2545.159843,True,False,False,5.625905933588757,4.943462955525886
26.643134,38,2545.664052,True,False,False,3.102036949153167,1.9108941615027315
45.386177,53,2546.348339,True,False,False,5.7061288460889985,5.55318278743249
31.447808,28,2546.707896,True,False,False,2.5566145627480683,2.6428231870298164
27.061242,45,2547.273071,True,False,False,3.654648155463059,2.205640760670764
26.421868,18,2547.518036,True,False,False,1.4819762703568728,1.589764017905948
29.882354,17,2547.723118,True,False,False,2.062943458808659,2.199096517352098
33.87377,48,2548.249932,True,False,False,3.3591476220226184,3.2143334201398073
25.544758,27,2548.556959,True,False,False,1.3973482399811448,1.5539557882773025
47.865482,71,2549.451073,True,False,False,7.033031253218279,6.094976648744089
37.569203,45,2550.005759,True,False,False,4.215102617408715,3.91187407412637
42.085091,85,2551.047649,True,False,False,6.721493147568126,5.292322472228817
26.998303,31,2551.437886,True,False,False,2.5854288404738237,1.9279523212103802
28.016872,30,2551.828618,True,False,False,2.4187081940786825,2.038468140626384
31.348966,46,2552.452308,True,False,False,3.4885571795732453,2.7512215475417525
46.37744,72,2553.380672,True,False,False,6.163582076236339,5.755027381857942
29.931943,19,2553.604381,True,False,False,2.3176290829345008,2.2446638512208863
33.57627,46,2554.174427,True,False,False,4.351361838826495,3.2775954430302767
30.755082,28,2554.546832,True,False,False,2.280595048653364,2.472656954986058
36.530325,57,2555.225469,True,False,False,3.949480380278091,3.8002070167944004
43.639075,92,2556.354456,True,False,False,6.260116177075878,5.502605871902698
39.808041,45,2556.953795,True,False,False,4.44957593522987,4.275440793726538
51.948359,70,2557.770363,True,False,False,7.072368723480996,6.6698321994775265
27.835205,36,2558.250579,True,False,False,2.3988918351338087,2.0970962055660225
36.123254,53,2558.918441,True,False,False,4.0347034553606065,3.7423515434667394
36.831387,103,2560.133432,True,False,False,6.3522586848946405,4.458431959761008
29.991167,49,2560.70831,True,False,False,2.997867599644127,2.5477330896796233
41.144114,116,2562.067647,True,False,False,8.566460209990712,5.614877180870613
30.818124,26,2562.367726,True,False,False,2.421888069577255,2.5739952750680333
46.102367,60,2563.113183,True,False,False,6.099082008542204,5.6338162788665676
40.0516,61,2563.855156,True,False,False,4.954171374802085,4.547173749033172
52.745153,117,2565.287379,True,False,False,8.352985414240788,7.387127279014508
44.05163,109,2566.612802,True,False,False,6.669758118957085,5.717881226467666
36.778007,42,2567.14983,True,False,False,4.131381776241707,3.830283075190252
39.072364,42,2567.65785,True,False,False,4.995892979183355,4.2238074237751135
41.312753,81,2568.590738,True,False,False,7.230452017959619,5.163868864730181
29.649171,24,2568.904622,True,False,False,2.494544265040319,2.37583300650016
25.853809,25,2569.236042,True,False,False,1.4797987388853189,1.5666181923707878
33.006378,43,2569.78315,True,False,False,3.448662183395,3.086131065046497
34.08307,37,2570.283593,True,False,False,3.3366807830460217,3.1148259464543253
40.845763,58,2570.986965,True,False,False,4.7538624627153725,4.738302465898221
32.19251,35,2571.420311,True,False,False,2.725257587356687,2.814639050053379
38.021374,74,2572.293011,True,False,False,4.216814163350065,4.209452041850904
57.163394,81,2573.245589,True,False,False,8.460996328281324,7.9557412177145865
38.99436,66,2574.079149,True,False,False,5.022598732495653,4.371271655755617
33.94855,30,2574.474379,True,False,False,3.2015864205955387,3.2166556964373485
35.43315,75,2575.44997,True,False,False,4.975952330388349,3.954044903420014
26.883798,38,2575.937103,True,False,False,2.111296385716086,1.9195747806524148
27.279918,40,2576.413305,True,False,False,2.443072881826361,2.293133802862942
35.402958,35,2576.853483,True,False,False,4.103753881191413,3.4049293196439216
38.810093,43,2577.327403,True,False,False,4.708434519356439,4.180106358399443
37.333103,45,2577.889313,True,False,False,4.29149457473579,3.886100718955711
43.55641,69,2578.639462,True,False,False,5.468459019477129,5.33864033531725
39.62906,58,2579.431614,True,False,False,5.295616710560343,4.529995234730946
33.874251,55,2580.135357,True,False,False,3.2274763740035506,3.3266252902180984
36.156592,83,2581.099342,True,False,False,4.989536208007329,4.085926338312762
25.969095,16,2581.290143,True,False,False,1.7561493375277184,1.5707310674841732
34.217623,59,2582.003278,True,False,False,4.389966955322291,3.494531744729079
34.895781,37,2582.475914,True,False,False,3.3466664500964165,3.4403123011726877
43.576518,51,2583.143553,True,False,False,5.76083055566125,5.206646849538327
35.064864,50,2587.281435,True,False,False,3.7600560953647513,3.4950368503389937
30.345301,30,2587.69733,True,False,False,2.9468401154148713,2.520162066541835
25.920092,13,2587.864161,True,False,False,1.2776112169593288,1.5031084783396587
39.045693,58,2588.655169,True,False,False,5.314913627938883,4.556554178155903
42.659659,44,2589.245128,True,False,False,4.877886558668361,4.808187124447663
24.228646,50,2589.875029,True,False,False,3.0435273065390027,2.14362745111269
28.613949,19,2590.126741,True,False,False,1.7400344471879448,1.932093528193217
45.276251,43,2590.699931,True,False,False,5.366862146535544,5.377894357645397
31.867587,36,2591.136327,True,False,False,2.661405999346623,2.7203716117004904
48.517417,49,2591.775208,True,False,False,6.047875982750293,6.052096226203522
34.734677,50,2592.26684,True,False,False,5.122525288360019,3.6188048079935453
29.296841,52,2592.781813,True,False,False,3.8293824889372496,2.536699833052446
43.402853,111,2593.887667,True,False,False,6.786629064809571,5.698925475395083
45.822768,84,2594.985398,True,False,False,7.646334003031858,5.916446623625219
33.684859,62,2595.725413,True,False,False,4.147757167553343,3.4621594804477347
30.6234,18,2595.899619,True,False,False,2.546773424295593,2.398145686134261
40.321326,57,2596.618604,True,False,False,5.586898798078296,4.591494318213477
24.037714,49,2597.219939,True,False,False,2.491612953894179,1.8797761688053773
29.587718,28,2597.555449,True,False,False,2.658233235987168,2.3602933073420096
41.650256,53,2598.17746,True,False,False,4.730741553577802,4.753292030429302
44.244973,59,2598.957464,True,False,False,5.649125362410817,5.368924188888971
38.896076,91,2600.068738,True,False,False,5.718932095051366,4.584807337655884
47.341204,88,2601.219163,True,False,False,8.840833396734643,6.235903775375837
29.185833,66,2602.009091,True,False,False,3.8987402946339427,2.569698500179019
28.243887,50,2602.647115,True,False,False,4.060470482171983,2.3672355560421545
30.426522,28,2603.010679,True,False,False,2.255673748665972,2.378663082838693
29.569608,44,2603.593127,True,False,False,2.327933644759489,2.404205108418785
28.129324,19,2603.831062,True,False,False,1.8053418532760934,1.962776179956027
32.595098,43,2604.377013,True,False,False,3.170091363169363,3.000478677029347
45.421304,58,2605.146438,True,False,False,6.361205476602748,5.5532666037978355
39.929621,41,2605.690741,True,False,False,4.669187721621685,4.435068267387558
36.519503,38,2606.182712,True,False,False,4.647778753272101,3.775086501795251
26.956527,19,2606.444364,True,False,False,1.7173386887663349,1.7741149073028448
38.907061,59,2607.19458,True,False,False,5.350595161963193,4.407332962325038
39.73257,49,2607.788054,True,False,False,4.155464051541126,4.267718222228803
25.993761,32,2608.173636,True,False,False,1.771705376420761,1.7037082453559316
32.893132,32,2608.566665,True,False,False,3.118365547389668,3.0385899962707854
43.544965,55,2609.19169,True,False,False,5.134886001484334,4.9689505441834285
43.430884,50,2609.811514,True,False,False,4.9867874605886895,4.9623191169241085
26.122248,53,2610.418702,True,False,False,3.8455796291237614,2.457076019300998
31.37009,32,2610.827455,True,False,False,2.797568184120775,2.63113678612758
31.922332,34,2611.267067,True,False,False,2.912966453955391,2.8159478213506564
38.759707,65,2612.078528,True,False,False,4.336475539224592,4.309494813608644
25.933034,16,2612.297387,True,False,False,1.519428760051072,1.5682368447099906
39.35918,65,2613.159484,True,False,False,4.425699202396011,4.387580646885392
30.469058,40,2613.690568,True,False,False,2.72086582181607,2.5867998624609934
29.153233,29,2614.056774,True,False,False,1.9888072630760618,2.156242186887917
46.250131,79,2614.939964,True,False,False,6.127129378511593,5.727783884096226
47.667434,105,2616.121297,True,False,False,7.238206969845849,6.32055439537732
44.979929,94,2617.308282,True,False,False,7.094070168073009,5.922857728119622
35.593131,54,2618.010112,True,False,False,4.3977462282169615,3.5686255802092077
31.87305,42,2618.581606,True,False,False,4.266366351544232,2.930984020433668
32.225868,61,2619.369322,True,False,False,5.009293615849854,3.2166945492375425
36.318401,48,2619.88738,True,False,False,3.9034088782928933,3.7457819820274114
29.157219,32,2620.242316,True,False,False,2.288181908873293,2.351441093569934
34.385027,38,2620.714187,True,False,False,3.242166375812934,3.311824089628782
28.281916,29,2621.089351,True,False,False,2.3724642173831625,2.0395981690261604
26.939391,21,2621.376295,True,False,False,1.7057183738583988,1.7731451992051543
29.401546,24,2621.689179,True,False,False,2.869996823302703,2.2781495168889707
32.353797,31,2622.075094,True,False,False,2.725977162219442,2.903508944989774
-17.543824,34,2622.483125,False,True,False,1.8632503681614923,2.380774552211821
45.017516,106,2623.862478,True,False,False,8.848379762461573,6.008521912098592
30.171656,32,2624.269491,True,False,False,3.9458562181931796,2.43994065365502
48.729549,80,2625.323497,True,False,False,6.595571872414484,6.289705079488052
29.703005,39,2625.802552,True,False,False,2.3053913749475954,2.416254890695648
33.938206,31,2626.180279,True,False,False,2.9117107867858047,3.0060055693940857
29.193818,47,2626.749041,True,False,False,2.5654559530503476,2.3696252497817323
29.773159,32,2627.088024,True,False,False,2.3542054147500897,2.367825063694229
45.663553,63,2627.92238,True,False,False,7.015072308445369,5.636266547218184
36.230597,33,2628.438959,True,False,False,3.4413184306845768,3.653491791384903
29.29185,17,2628.667861,True,False,False,1.9106293711663422,2.126866443163257
36.590179,32,2629.098516,True,False,False,3.5499636498387015,3.6140495395861603
29.3472,23,2629.410898,True,False,False,2.11114536357993,2.269759804187062
45.590642,59,2630.1875,True,False,False,5.683769657843397,5.497676114546818
32.539652,32,2630.604338,True,False,False,3.3198716065275735,2.8684644000714132
38.465743,76,2631.586452,True,False,False,5.771786453923007,4.535926873009787
38.119236,54,2632.292508,True,False,False,5.103489559731929,4.155097004237484
29.981866,27,2632.638628,True,False,False,2.3323582915794576,2.3655106472786755
44.177103,104,2633.887679,True,False,False,5.947078164458702,5.667824873569102
30.024086,29,2634.262941,True,False,False,2.5278806934640166,2.3991733470023457
26.169441,24,2634.612116,True,False,False,2.082162652590398,1.6550845493105346
26.386903,19,2634.877474,True,False,False,1.3834268314051015,1.6259367511610465
33.206075,23,2635.178077,True,False,False,2.8167151205540795,2.887035095426783
31.985705,33,2635.575715,True,False,False,2.666160919056664,2.7074361965377727
28.703886,39,2636.070447,True,False,False,3.3190069401056945,2.3150678915659744
49.476091,93,2637.303936,True,False,False,7.634574153246102,6.422456152457207
35.658621,61,2638.138915,True,False,False,4.129990352456609,3.652255607093875
39.351445,52,2638.907316,True,False,False,5.654225063806499,4.463035798704805
40.851013,62,2639.72463,True,False,False,6.702908372607251,4.825337246771477
44.474305,81,2640.770102,True,False,False,6.544344823263196,5.77352863799849
53.827116,99,2642.018596,True,False,False,7.947811049050702,7.48362621874418
28.159364,22,2642.312314,True,False,False,1.9986933120062138,2.0057128662624217
40.443789,64,2643.178864,True,False,False,4.830270408230837,4.573538112736649
30.575837,32,2643.606658,True,False,False,2.3244211966435366,2.409709575163535
42.442855,110,2645.049464,True,False,False,9.058694578024706,5.612487825409343
46.685762,63,2645.842128,True,False,False,5.989010865432086,5.674808615680038
37.590466,42,2646.452582,True,False,False,4.514005863676317,3.9253413782796844
28.610037,24,2646.783731,True,False,False,2.151160784064494,2.098912203724069
47.786949,41,2647.343186,True,False,False,5.9653046924333175,5.872003891138503
44.568597,81,2648.360298,True,False,False,5.939931371690925,5.449126969376437
38.038565,48,2649.003676,True,False,False,4.180005054481553,4.103293357993251
43.887046,66,2649.894114,True,False,False,7.577452250652623,5.3773316952868
27.539679,18,2650.125409,True,False,False,1.6916370463870838,1.8627485631483514
40.070157,60,2650.938808,True,False,False,6.154361699048696,4.675438436404764
27.772282,26,2651.280963,True,False,False,2.6052280697933905,1.9695160835294039
37.002746,52,2651.965019,True,False,False,4.6739288257961285,3.975558482466367
41.845936,80,2653.002966,True,False,False,6.458871041612001,4.958828687840938
29.032058,27,2653.331093,True,False,False,2.0141663160332017,2.192005594105623
40.460549,88,2654.473602,True,False,False,6.454311722526701,5.120239955940373
31.6644,44,2655.04995,True,False,False,3.0112165368254384,2.9148788345985075
26.951164,24,2655.342824,True,False,False,2.374074709607753,1.7431941691017607
32.104271,32,2655.750846,True,False,False,3.6015799387699596,2.8104619521173966
36.899088,79,2656.812763,True,False,False,5.184504085151755,4.150442631800504
35.338401,44,2657.384805,True,False,False,4.382591935398492,3.505827720687741
43.637271,81,2658.424076,True,False,False,5.877291264960951,5.3162856166613555
27.517982,17,2658.663725,True,False,False,1.7938202927621683,1.830136490960343
27.879826,17,2658.897989,True,False,False,1.9409316600176876,1.9330180860260497
26.217102,20,2659.147656,True,False,False,1.708049031988266,1.804497675982677
34.938692,51,2659.862056,True,False,False,4.062090420799872,3.5430106952678706
41.126309,53,2660.531131,True,False,False,4.480585305363616,4.602396718253947
29.469735,29,2660.901327,True,False,False,2.7876819932848376,2.28253965389395
45.674861,118,2662.488969,True,False,False,7.761065729851809,6.491098001499558
36.936819,79,2663.604697,True,False,False,5.2064413502194355,4.190926073113903
47.397982,71,2664.581075,True,False,False,6.607917701866654,6.108313476230616
46.165314,85,2665.664293,True,False,False,6.424452632842508,5.966956974807215
30.114137,28,2666.013203,True,False,False,2.4679994514324615,2.419713044026245
31.920393,37,2666.494665,True,False,False,3.195481943160964,2.8214857382988425
47.233409,80,2667.5201,True,False,False,6.733786847390456,5.964914603230614
38.111955,68,2668.313954,True,False,False,4.261139681967943,4.196953788213002
44.543105,56,2669.016003,True,False,False,5.529148270543126,5.408237068625959
30.340172,25,2669.351695,True,False,False,2.501618252276792,2.5220982347035097
31.538095,41,2669.942111,True,False,False,2.7715745102591325,2.7816968515367906
41.1517,37,2670.401602,True,False,False,4.640762817693899,4.520582378364931
27.159888,16,2670.589821,True,False,False,1.5550496376708305,1.733278962913373
31.098113,24,2670.849854,True,False,False,2.3768597462198944,2.5869782014479497
36.242102,41,2671.369244,True,False,False,4.230029608066697,3.643286953909501
28.627159,23,2671.635597,True,False,False,2.163230815177168,2.0992985369592754
43.521794,63,2672.479616,True,False,False,5.54552604722036,5.231983146716344
36.303695,95,2673.738697,True,False,False,5.6250771218923825,4.265076795786019
25.805125,92,2674.96083,True,False,False,4.760771490664127,2.6306550212716613
42.813979,48,2675.618176,True,False,False,5.400119997779097,4.9877484545596635
35.7327,35,2676.090355,True,False,False,3.350631316900657,3.5150238547625254
29.286955,40,2676.65056,True,False,False,3.1816718411890648,2.3363162827197277
43.098923,54,2677.354373,True,False,False,5.928328652463568,5.1003396281677515
46.261646,80,2678.383377,True,False,False,7.355371650102521,5.9578492825930525
34.248114,68,2679.314863,True,False,False,3.506584545696944,3.5505572650314314
48.378293,85,2680.465587,True,False,False,6.696004812895745,6.19506689956347
34.244078,34,2680.921921,True,False,False,3.3017112818078718,3.2600822361314994
40.672495,46,2681.525575,True,False,False,4.84005884629621,4.609428495698855
29.633834,17,2681.766036,True,False,False,2.153880160456798,2.215438099791574
41.822906,85,2682.870535,True,False,False,6.3117633849012895,5.052116646080873
42.425646,93,2684.056216,True,False,False,6.809068966257691,5.375847519056735
27.393631,26,2684.394353,True,False,False,2.338257796671991,2.044212821235325
26.942391,30,2684.767839,True,False,False,1.7998506130199212,1.8832697558137121
36.145902,48,2685.409101,True,False,False,3.9746561241016765,3.6757200113668613
27.843309,27,2685.730696,True,False,False,2.2861192984958874,2.0278060555878534
45.599839,67,2686.681812,True,False,False,6.1048260507979055,5.54845370105064
31.29176,32,2687.119415,True,False,False,2.615728808100103,2.608584291440691
26.355157,40,2687.661082,True,False,False,3.005901370885398,2.0329789595970755
29.954599,52,2688.319896,True,False,False,3.6872667479861634,2.866123507702877
48.350161,78,2689.29632,True,False,False,6.969296163075414,6.263200592718745
46.164062,43,2689.920072,True,False,False,5.996353171781188,5.503632151546097
44.963599,48,2690.652996,True,False,False,5.470993734808214,5.321041815326714
33.288669,36,2691.171672,True,False,False,3.485356768813179,3.150957952076965
32.366187,62,2691.999886,True,False,False,4.852286842624061,3.2282760695909647
34.61344,43,2692.550404,True,False,False,3.85674056763571,3.5541122009652764
35.164516,45,2693.138089,True,False,False,4.065868870066677,3.5270017683206962
27.095111,25,2693.491573,True,False,False,1.9209465117990225,1.77806138867878
46.715363,81,2694.591063,True,False,False,6.751214518191155,5.855316340410236
36.010275,52,2695.285384,True,False,False,4.03577590830037,3.718641312029151
27.950096,42,2695.834734,True,False,False,2.723034800265976,2.1539188522570845
40.501599,44,2696.382082,True,False,False,4.604399299859049,4.4708359138656215
32.834251,30,2696.768811,True,False,False,3.3183404813262922,2.970539317057735
33.299659,46,2697.392113,True,False,False,3.6799546298128734,3.304321434374301
36.646613,67,2698.218754,True,False,False,4.811695292446248,4.136539883423178
39.374842,100,2699.545567,True,False,False,5.913791735941737,4.7243865650638845
35.709297,60,2700.324793,True,False,False,4.053140474588399,3.742185195426325
54.082975,84,2701.57014,True,False,False,8.250749898687648,7.254417211687602
43.670687,59,2702.45344,True,False,False,5.809771532815347,5.502503246034597
36.0335,25,2702.79497,True,False,False,3.803212655830414,3.439362297606441
29.450482,38,2703.297559,True,False,False,2.207515107455713,2.3791927547909424
27.487119,36,2703.785875,True,False,False,2.582824061856133,2.002551355370672
39.129158,71,2704.697134,True,False,False,6.130802888624641,4.488029654998638
39.434668,49,2705.358144,True,False,False,4.5251389676398075,4.3248597521503624
42.606992,75,2706.364159,True,False,False,6.424798619020669,5.242264175194856
40.128008,31,2706.76828,True,False,False,4.459951417599281,4.279854939988483
41.235034,51,2707.378533,True,False,False,4.500462785406748,4.638063761941984
43.769122,62,2708.281868,True,False,False,6.657922723993113,5.30478995293326
37.601363,46,2708.917802,True,False,False,4.600252224182525,3.953171087826626
37.938331,46,2709.532956,True,False,False,4.438344317255909,4.049373009404551
43.502815,55,2710.262316,True,False,False,5.773395984226112,5.207170385617241
31.199135,48,2710.922446,True,False,False,2.91156827082348,2.8203182851215733
45.82675,57,2711.705153,True,False,False,6.288467039619869,5.592063568885279
40.631575,48,2712.337058,True,False,False,5.102194001013,4.522069789219758
29.503197,20,2712.593066,True,False,False,2.2271506586845016,2.192962906360972
35.810953,38,2713.066496,True,False,False,3.6694845252059074,3.549586498200887
42.566223,61,2713.946976,True,False,False,5.537157596939779,5.119714343285482
34.997885,38,2714.435829,True,False,False,3.3723451599740932,3.380978236991514
29.134402,33,2714.926604,True,False,False,2.7422883625741936,2.277647539545023
35.388951,56,2715.675861,True,False,False,5.048799654846837,3.8836160676757907
31.890512,30,2716.067363,True,False,False,2.7044965674454886,2.790587564961073
38.299572,85,2720.637899,True,False,False,4.9008477195060625,4.421056516555106
27.993403,19,2720.875259,True,False,False,1.7936562658730315,1.88512559394458
40.164603,55,2721.704292,True,False,False,6.031238103645858,4.582346198590662
28.114759,21,2721.946353,True,False,False,2.1842420284084425,1.9559071402960893
33.252921,57,2722.773765,True,False,False,4.609063793832263,3.3410322907499004
40.959479,64,2723.638319,True,False,False,5.39032108463499,4.815248486331005
35.687279,55,2724.364178,True,False,False,5.485783016169969,3.7413596256298147
35.274535,43,2724.928464,True,False,False,4.205034126612312,3.50311085960275
37.358852,82,2726.008897,True,False,False,5.331735360357808,4.292749938566384
35.023845,36,2726.576398,True,False,False,3.9815190638941647,3.4849363220905576
44.71888,98,2727.874156,True,False,False,5.99491157405878,5.666363026103749
26.271098,42,2728.448709,True,False,False,2.5111872975398906,2.1666339472522083
49.512663,105,2729.948258,True,False,False,7.5383023196834555,6.682458585338146
28.120083,27,2730.324861,True,False,False,2.193197201859153,2.146786712397266
37.878775,42,2730.93991,True,False,False,3.940695673738146,3.884140911071676
34.588028,39,2731.465893,True,False,False,3.4916203630791176,3.3355751453747904
30.540494,31,2731.907634,True,False,False,2.7376990583960628,2.572515746572133
50.933812,94,2733.24634,True,False,False,9.175578150410297,7.099441271788628
31.19442,42,2733.805898,True,False,False,2.739073213761268,2.7547555306373672
44.788137,43,2734.382095,True,False,False,5.784857845916855,5.222248891122159
32.244696,32,2734.830358,True,False,False,2.7177529958507263,2.839395974975967
37.49574,60,2735.687284,True,False,False,4.662443302896158,4.043865198241873
33.221229,36,2736.132826,True,False,False,3.556969243786129,3.104218088740291
38.912561,76,2737.089548,True,False,False,6.447638452208455,4.528451113669544
31.732316,27,2737.378388,True,False,False,2.5299820037783656,2.6338096856717197
29.848312,26,2737.764377,True,False,False,2.246842471407429,2.325102456702189
48.654711,89,2738.962436,True,False,False,7.891614362291873,6.6379110745874845
39.777329,62,2739.833604,True,False,False,5.405100569113692,4.573354398063641
29.580023,21,2740.120867,True,False,False,2.1148355700968064,2.233762486032032
28.1943,21,2740.381144,True,False,False,1.785525074235947,1.9442796924120522
31.847191,44,2741.003176,True,False,False,3.414719452181286,2.9733862292002198
43.352518,78,2742.052185,True,False,False,5.64378153879403,5.197128647089461
28.158197,28,2742.403347,True,False,False,1.9038866901586222,2.0379391569444554
41.87039,50,2743.046452,True,False,False,5.215224418818181,4.779724846944951
27.631187,19,2743.286198,True,False,False,1.7223014126346992,1.8915410767040912
36.956847,76,2744.344166,True,False,False,4.975449031283229,4.049350718692975
53.136409,70,2745.372026,True,False,False,7.501490670694068,7.057721120509511
36.663722,41,2745.870862,True,False,False,4.483658593745521,3.8655835113699766
34.82457,47,2746.506683,True,False,False,4.255335404414131,3.4782290868927506
32.202803,24,2746.87975,True,False,False,2.5530746582514823,2.74570721502154
33.216797,74,2747.860136,True,False,False,5.477131802471128,3.633021558098921
33.720002,38,2748.402484,True,False,False,3.640833553226495,3.164776157490713
28.457963,28,2748.810661,True,False,False,2.0081396620389356,2.0713225486271933
25.381017,26,2749.177522,True,False,False,2.4221780828988666,1.6886994242059323
42.866656,66,2750.055598,True,False,False,5.481811735684921,5.0109199987547735
45.734422,66,2750.987908,True,False,False,6.438636383779019,5.621093901663345
28.108465,21,2751.271769,True,False,False,1.78863058352225,1.9736617551371727
40.282137,39,2751.783481,True,False,False,4.801868531226887,4.358260870279213
27.634415,12,2751.93971,True,False,False,1.61147081949122,1.815374689911704
33.65544,41,2752.420449,True,False,False,3.429171913348635,3.252561331686836
47.520899,101,2753.793793,True,False,False,8.461802910719781,6.376392104217219
37.819052,56,2754.578476,True,False,False,4.41326792129023,4.124942647467595
38.002822,48,2755.256325,True,False,False,4.282832210660627,4.144088938663374
35.598068,59,2756.023947,True,False,False,4.5786908873059975,3.6734095055379274
43.860474,80,2757.070981,True,False,False,7.538370193818145,5.3960073797001105
42.322878,60,2757.910082,True,False,False,4.8930030668057185,4.960622920448754
38.534841,57,2758.662909,True,False,False,4.653552540317268,4.370795250115906
29.985365,57,2759.381601,True,False,False,3.4959218489377526,2.685082466962298
38.534239,68,2760.218885,True,False,False,4.8573706182488765,4.248407884262608
50.047051,90,2761.398554,True,False,False,7.41181123012739,6.762820611969802
29.809418,40,2761.917635,True,False,False,3.13256211134483,2.5419014786372376
39.15566,90,2763.105468,True,False,False,6.2751773271635365,4.621727443645809
40.514937,48,2763.719785,True,False,False,4.600326951680213,4.389207911042889
27.783429,35,2764.191654,True,False,False,2.5350044114858816,2.2386001031366463
35.082299,40,2764.726856,True,False,False,3.5598133802233907,3.4379247793400918
42.163373,69,2765.64655,True,False,False,5.551865336780135,4.979007623199824
44.240299,81,2766.763528,True,False,False,5.672709493898589,5.43130846958378
38.605906,48,2767.379341,True,False,False,5.622573468787835,4.201212596561728
41.44017,54,2768.083277,True,False,False,5.17529121455104,4.7886482530544265
41.273473,81,2769.155352,True,False,False,5.185413533979602,4.890088827396693
38.918902,41,2769.704757,True,False,False,4.038511354258794,4.044366122073566
35.573049,64,2770.550594,True,False,False,4.2300514187331455,3.837403484684569
45.597901,91,2771.749382,True,False,False,8.287820624381613,6.02567952440313
35.771048,32,2772.149545,True,False,False,3.5360801728061833,3.4106310383167746
28.174108,18,2772.37063,True,False,False,2.042959174200087,1.9043027737897997
31.534798,30,2772.743568,True,False,False,2.9089867314637834,2.649075876640598
42.62402,62,2773.53652,True,False,False,5.135468637535487,5.010537548237784
46.77624,67,2774.416412,True,False,False,7.464075751752913,5.922382999885536
38.251478,32,2774.867445,True,False,False,4.076200491169402,3.9439251754126445
-15.37976,23,2775.178183,False,True,False,1.4786721027003695,6.768861639939162
-18.441799,14,2775.375546,False,True,False,0.939710824458652,1.763788631360241
49.510038,84,2776.4823,True,False,False,6.846994732711663,6.461038577283542
30.989787,24,2776.804006,True,False,False,2.328885482413632,2.508414052858039
31.475127,33,2777.268826,True,False,False,3.065012330423805,2.7283967856330156
41.898954,64,2778.111027,True,False,False,5.7562457129224045,4.900394344482745
27.297671,21,2778.364364,True,False,False,1.7855694556326511,1.818582163157465
30.756001,44,2778.956394,True,False,False,4.018956674931206,2.8291927376640076
45.252958,40,2779.487141,True,False,False,5.417497909612263,5.276737765316109
29.460657,20,2779.766096,True,False,False,2.2819901960895104,2.1797260700365495
36.887105,65,2780.681376,True,False,False,4.2881426082508876,4.008817357004097
35.335965,40,2781.237109,True,False,False,4.162070601277827,3.5828176135323275
39.771992,44,2781.841925,True,False,False,4.470073233244856,4.362940714184811
33.128184,24,2782.143179,True,False,False,2.7981872191746966,2.881292426555351
27.575357,26,2782.4676,True,False,False,2.0912896154781695,1.9667840850166265
42.31663,67,2783.313404,True,False,False,5.170792628703191,4.902893197921653
34.177048,41,2783.867395,True,False,False,3.9404163919939865,3.320012111711867
30.497525,28,2784.227577,True,False,False,2.5769828697247554,2.4693099278611834
45.706923,48,2784.932128,True,False,False,5.807384605439083,5.503652905611315
39.990928,83,2786.0265,True,False,False,5.432459857564579,4.699266153612228
39.709103,49,2786.753371,True,False,False,4.89146961943033,4.358562249178264
33.770945,41,2787.350144,True,False,False,3.7137175682037054,3.1990213725313845
28.082008,30,2787.740269,True,False,False,2.030296281292605,2.079998536932009
43.736599,77,2788.852165,True,False,False,6.240655375491653,5.458935091264298
32.912627,39,2789.410009,True,False,False,3.219141784658733,2.960759689651575
29.980292,24,2789.732111,True,False,False,2.090496018823721,2.3162224027243905
37.263586,44,2790.304612,True,False,False,5.650526235567583,3.8566780032821915
39.76946,61,2791.086037,True,False,False,4.678801826805912,4.435711411801673
43.858056,88,2792.263321,True,False,False,8.222789593725324,5.772245185856642
29.124075,34,2792.722976,True,False,False,2.1585901718979743,2.2587955467545706
34.17557,55,2793.431908,True,False,False,4.046475935265745,3.5283732325071178
48.523587,89,2794.646508,True,False,False,6.573337010079809,6.229505498885785
30.440962,32,2795.065799,True,False,False,2.2565645778271883,2.4358041025568653
37.08442,56,2795.845467,True,False,False,4.205549641315925,3.8917519844940385
36.296551,41,2796.407698,True,False,False,3.5697273863454937,3.678664429702074
45.107885,50,2797.097822,True,False,False,5.783130328870658,5.421136132142839
34.596764,39,2797.604437,True,False,False,3.4197342144171885,3.259920936746874
37.151179,59,2798.319988,True,False,False,3.973676531857877,3.932445842336201
37.72725,39,2798.864908,True,False,False,4.209800001334538,3.9393011570260454
44.741309,92,2800.108821,True,False,False,6.204870221097441,5.73451024113158
37.472888,42,2800.662415,True,False,False,3.849595040611495,3.803735837480822
46.69266,61,2801.476017,True,False,False,6.361911308000398,5.834236194091392
38.765286,74,2802.488509,True,False,False,5.216945770600831,4.531074079621085
32.463047,42,2803.013289,True,False,False,3.7825107414301375,3.0067956603927817
43.667853,75,2804.032273,True,False,False,5.86178819311065,5.299931031173535
30.759568,25,2804.393345,True,False,False,2.277362053853851,2.4607336300277605
30.131042,29,2804.793713,True,False,False,2.2338762469503637,2.366269154118782
27.43213,14,2804.994686,True,False,False,1.8625641435610154,1.7804620787128047
42.099028,61,2805.803136,True,False,False,4.8500139303552094,4.879560853475687
44.316521,64,2806.670722,True,False,False,5.43351546095353,5.323213576044768
36.156525,40,2807.170194,True,False,False,3.9905490196172075,3.696998771838901
33.614127,25,2807.495162,True,False,False,3.097783899135043,3.0094535933917648
29.645438,21,2807.752126,True,False,False,2.2321113102968115,2.3258735193224713
35.237552,62,2808.525783,True,False,False,3.5529559726013895,3.5712947960548385
31.430896,22,2808.812431,True,False,False,2.7056231505196915,2.590178272038945
44.106594,53,2809.535056,True,False,False,5.7222916383918205,5.332372600706958
31.844691,47,2810.159224,True,False,False,3.99513331177732,2.990593209835202
36.481879,44,2810.707112,True,False,False,3.857700892673633,3.653422860154041
49.241857,107,2812.101099,True,False,False,7.772142778282054,6.770277217596253
33.046194,41,2812.646953,True,False,False,3.1364599137681517,3.126231315248792
31.385251,33,2813.089445,True,False,False,3.269986345000525,2.7011119318595944
35.346629,43,2813.653931,True,False,False,3.417711936122191,3.5239911013675447
38.397306,43,2814.250586,True,False,False,4.9110699355100635,4.153001018950556
31.271715,26,2814.580632,True,False,False,2.768901356898932,2.6092421931166867
34.951134,38,2815.076072,True,False,False,3.5464752996812807,3.3421615818085746
49.491994,56,2815.824692,True,False,False,6.877520176177621,6.23224738191897
31.674069,43,2816.39783,True,False,False,3.3350276267291217,2.8142450875976968
31.643683,54,2817.077128,True,False,False,3.4472883495668416,2.989860698566558
40.10083,54,2817.799791,True,False,False,5.048329103643113,4.575684636591752
29.19091,20,2818.063431,True,False,False,2.2789327593582773,2.2039192813478024
29.83818,21,2818.345166,True,False,False,2.0618147383542516,2.2445253841511668
37.957532,88,2819.53963,True,False,False,6.1222446172800815,4.495707285056827
25.870547,21,2819.815452,True,False,False,1.3644645912311046,1.5573413273689978
45.539836,76,2820.837205,True,False,False,6.521478318758295,5.841281334365435
38.557142,40,2821.411098,True,False,False,4.5397957819054575,4.076543173468746
41.407552,68,2822.352789,True,False,False,5.441628899393057,4.8131128412724316
34.211272,27,2822.754462,True,False,False,3.379415274825497,3.093790912393276
43.602371,69,2823.630473,True,False,False,5.273152051748425,5.146591751515884
41.353743,93,2824.890847,True,False,False,6.258715416565101,5.303031926108605
32.195904,49,2825.530466,True,False,False,3.177864093070326,3.018940286345949
33.10084,53,2826.254037,True,False,False,4.0486995533059735,3.3223985937536153
43.490707,71,2827.16554,True,False,False,5.643072299460567,5.182791923939696
30.06643,28,2827.537786,True,False,False,2.3944993483815824,2.3419337180990962
41.457896,98,2828.836038,True,False,False,6.506595014116525,5.20448173526391
27.726225,27,2829.215066,True,False,False,2.0899531141452443,1.999622908130612
26.414106,22,2829.513667,True,False,False,1.4389704531407574,1.6088822360109245
40.436565,56,2830.195485,True,False,False,4.477323942277738,4.455605167322944
27.880014,35,2830.62846,True,False,False,2.516626663729867,2.059366902730909
27.193283,61,2831.406289,True,False,False,3.545922773659953,2.303207437051708
30.965036,30,2831.783795,True,False,False,2.4928306811453407,2.615401717864829
54.794624,77,2832.683911,True,False,False,9.044793867162992,7.377913438917983
33.412598,38,2833.141428,True,False,False,3.2519528483157245,3.023117136279913
29.981373,39,2833.61307,True,False,False,2.712702373262424,2.508727481649216
37.771948,62,2834.392738,True,False,False,4.082124250083939,4.063504751118483
35.870067,42,2834.9035,True,False,False,3.802489100682035,3.5385257918705233
32.360199,38,2835.361143,True,False,False,2.6517147761396185,2.8308661783474274
46.878468,142,2837.06457,True,False,False,7.526089933099626,6.880490700561336
-17.840041,32,2837.458611,False,True,False,2.019343878771373,5.504425336818299
33.236729,47,2838.032168,True,False,False,4.958069075729685,3.2804060101713293
43.615612,61,2838.762537,True,False,False,5.518039299073258,5.224696152652514
32.956397,31,2839.132858,True,False,False,3.3469272941650976,3.0238335859740197
35.998789,52,2839.742428,True,False,False,3.9192832216742515,3.6871419426796006
42.534415,56,2840.41931,True,False,False,6.6947285714978255,5.061627621922505
31.993137,44,2840.943156,True,False,False,3.3716261434496926,2.9233540973237946
41.258411,71,2841.79598,True,False,False,5.418918973934917,4.806375182584064
35.355462,42,2842.289612,True,False,False,3.4379273842151505,3.4592129530752813
41.222879,98,2843.457616,True,False,False,5.51452782759139,5.046416144176215
31.815532,45,2843.982911,True,False,False,3.062882578211836,2.9016843624127295
30.002814,29,2844.343967,True,False,False,2.6522607825308095,2.4252269523939187
41.953158,42,2844.848128,True,False,False,4.764498192241369,4.651239661886394
43.520687,81,2845.81356,True,False,False,6.220112897568201,5.452862975303777
34.068868,34,2846.226588,True,False,False,2.964864669185955,3.1270412934542144
36.747128,31,2846.603551,True,False,False,3.7670619365271496,3.6765991819225343
36.935801,64,2847.356208,True,False,False,4.005951481478055,4.019185158325888
38.500182,49,2847.909754,True,False,False,4.9144974418438165,4.251680568454692
39.254219,66,2848.656309,True,False,False,5.406062844551318,4.40827838377102
43.455784,68,2849.440316,True,False,False,6.130058710688638,5.226115367933497
34.441114,37,2849.877422,True,False,False,3.3388532160308815,3.269083305350088
28.554334,23,2850.147633,True,False,False,1.8941535987315077,2.0174555074850025
52.404145,87,2851.191052,True,False,False,7.789073534365491,7.127426887521635
28.030247,41,2854.626101,True,False,False,2.489701080464439,2.1841486338995253
43.673099,74,2855.511322,True,False,False,7.391222931372876,5.29622691198611
45.773342,68,2856.323449,True,False,False,6.4050998234511205,5.627137441583195
35.675069,25,2856.633297,True,False,False,3.5201706527958287,3.4082934540849643
31.9001,41,2857.10989,True,False,False,3.0542790801392883,2.8720924327416006
39.302197,54,2857.74398,True,False,False,5.5942138236177295,4.530994073010755
42.983581,75,2858.653418,True,False,False,5.783754579303204,5.192377081120357
31.635964,26,2858.966873,True,False,False,2.7924672765566156,2.6637352836660337
29.423359,39,2859.419311,True,False,False,2.981934232112522,2.414645477948982
37.051784,86,2860.433819,True,False,False,5.667647113352944,4.692710052524169
53.295202,114,2861.801436,True,False,False,7.688291928157681,7.2984695858682604
39.915603,78,2862.733514,True,False,False,6.012152056065739,4.861038283858566
25.033264,28,2863.058137,True,False,False,2.0125232119913656,1.5061405350663446
45.422029,107,2864.331031,True,False,False,7.305026173978125,6.081283235523561
31.520701,34,2864.734074,True,False,False,2.695917618709749,2.7045407982787255
35.245479,37,2865.170604,True,False,False,3.54090517406203,3.428074369300301
32.588234,51,2865.782724,True,False,False,3.5063519380668073,3.115890707495406
27.853729,55,2866.436595,True,False,False,3.1721625654374215,2.5117298333166853
42.628267,121,2867.903216,True,False,False,6.396424714034902,5.649184052937142
39.048918,60,2868.631301,True,False,False,4.6493999742392935,4.462375567988926
36.103645,40,2869.106592,True,False,False,3.8508928713668342,3.6100088332838975
42.826183,86,2870.123074,True,False,False,5.8483991888195686,5.207334578788155
28.744286,16,2870.318521,True,False,False,1.8861881497847086,2.0922143729165597
44.055403,43,2870.819498,True,False,False,5.719086938732069,5.213105801739183
33.391279,55,2871.486588,True,False,False,4.1125781569658715,3.2836684721392646
41.029978,49,2872.065399,True,False,False,4.608226175879899,4.677891337614604
43.346954,70,2872.887203,True,False,False,6.535061616261562,5.3207775560342885
35.428405,42,2873.395143,True,False,False,3.9861504628165223,3.6736319262157595
38.267485,46,2873.944525,True,False,False,4.061494624066816,4.00506924307104
29.789856,43,2874.459686,True,False,False,2.812604612317399,2.6435129980117456
34.198117,45,2874.991089,True,False,False,3.7222977124543166,3.3652262179564274
35.438151,49,2875.577144,True,False,False,3.7069280320885536,3.584071566955202
28.687813,20,2875.813606,True,False,False,1.9291158950497787,2.0028144973650295
35.722354,70,2876.658111,True,False,False,4.992903733931946,3.958676513834436
30.724607,24,2876.948761,True,False,False,2.3453364217407526,2.454919815387196
35.471784,74,2877.826499,True,False,False,4.3255866094360105,3.7685739428013574
39.129589,43,2878.323232,True,False,False,4.477324302769014,4.136236402370387
25.510626,43,2878.860369,True,False,False,2.3891561482539774,1.7385508019266878
32.943598,51,2879.459813,True,False,False,3.234783023697783,3.2730169409602876
30.042503,24,2879.740069,True,False,False,2.22330048799008,2.2944624733182275
33.945175,43,2880.255193,True,False,False,3.1985444001391654,3.2061809534581367
35.222773,60,2881.031438,True,False,False,3.7306095611821415,3.6241777283991827
26.890216,24,2881.325484,True,False,False,1.8126343143034087,1.7759027889366639
28.766708,23,2881.598696,True,False,False,2.575711910341324,2.079933904021463
33.261404,38,2882.040815,True,False,False,2.9083375322660614,3.0758801465740415
33.868017,35,2882.460392,True,False,False,3.7366350581214602,3.1753480706879635
34.447474,52,2883.128049,True,False,False,3.308019827612284,3.3694568096811333
44.805294,78,2884.066182,True,False,False,6.093284547668499,5.576294907400262
29.624046,25,2884.349381,True,False,False,2.029708532718036,2.2172911974393945
32.453773,47,2884.90993,True,False,False,3.71983728779281,3.055161379023384
45.178261,63,2885.645017,True,False,False,5.618232760897983,5.391963868485469
33.409521,20,2885.884073,True,False,False,2.8355974623081823,2.844696957914461
42.701489,85,2886.907713,True,False,False,6.955695547636457,5.389620682066993
34.627639,38,2887.365705,True,False,False,3.349587133399474,3.426193412069803
46.684688,71,2888.192071,True,False,False,6.618817186434079,5.851364000698078
25.916577,15,2888.379502,True,False,False,1.3308070691410645,1.5380210661450082
39.367013,75,2889.272513,True,False,False,4.7816210064391536,4.555279875186287
35.485577,63,2890.028213,True,False,False,5.655751669231751,3.822884208732699
39.76426,107,2891.299625,True,False,False,7.099788731818749,4.928783223939205
46.428127,77,2892.206061,True,False,False,6.462799031673182,6.058135487613896
34.977067,30,2892.571114,True,False,False,3.5545500199702764,3.380583749820018
33.866744,52,2893.199077,True,False,False,3.2505125048632495,3.2902611930863572
46.460767,91,2894.262208,True,False,False,6.526709474784287,6.127580926989155
29.753965,25,2894.564607,True,False,False,2.082966854687595,2.2500581744721915
37.208773,52,2895.176179,True,False,False,4.541780939495743,4.063149239239917
43.340333,91,2896.238449,True,False,False,5.690800698201992,5.38057611334078
44.558803,61,2896.9833,True,False,False,5.5187875639433015,5.374566626317019
36.903642,36,2897.404921,True,False,False,4.020083913779612,3.790048452034244
32.330114,25,2897.696963,True,False,False,2.9935229681728024,2.823693123643498
38.771667,47,2898.262092,True,False,False,4.409243545508588,4.137205506520983
29.719075,48,2898.845495,True,False,False,3.008401161186025,2.500734185856998
26.782647,24,2899.131863,True,False,False,1.9953013195563047,1.7244894238036386
33.915608,34,2899.525365,True,False,False,3.3540554050751443,3.1155317530228923
53.504603,104,2900.75809,True,False,False,9.436765468059498,7.550385127151833
40.354608,52,2901.389409,True,False,False,4.744098872599546,4.462895220917423
36.969786,50,2901.980447,True,False,False,4.353014037421255,3.8950473112444137
35.45054,65,2902.743885,True,False,False,6.40438319817945,3.9278884208396287
29.746961,38,2903.191208,True,False,False,3.4101115097642953,2.5035803797029477
28.913582,53,2903.838898,True,False,False,4.1359513020768865,2.5923248861199792
34.320682,31,2904.20359,True,False,False,3.0014332711204488,3.1974167934698
44.892814,75,2905.106181,True,False,False,6.685912033684051,5.622321983382649
31.171768,27,2905.428765,True,False,False,2.653170714558586,2.561066666653721
27.28712,19,2905.662649,True,False,False,1.5797046598575044,1.822765727023442
33.774258,31,2906.022412,True,False,False,3.0529388916746756,3.122110050178535
31.807655,26,2906.341695,True,False,False,2.6542203215562994,2.706445699540523
49.464961,115,2907.738791,True,False,False,7.650926930524371,6.790389837044441
32.042683,72,2908.607374,True,False,False,3.9389855569868155,3.200695811793038
40.949094,59,2909.309554,True,False,False,4.730464333817366,4.71583058867313
44.400661,54,2909.953291,True,False,False,6.311578042751301,5.324641170453574
43.513819,54,2910.59252,True,False,False,5.176678448708872,5.127024341133853
34.299375,36,2911.017169,True,False,False,4.0102499033134364,3.2788379615113836
41.180751,50,2911.612972,True,False,False,5.8703490549507675,4.802047573568207
28.236931,31,2911.988343,True,False,False,2.1232043930565943,2.06800568555231
32.55812,47,2912.527028,True,False,False,3.4246448204542723,3.0705829558047597
34.576668,55,2913.189063,True,False,False,4.083088448535602,3.6571001078397476
37.198024,60,2913.898997,True,False,False,4.132034921854612,3.9359532379397244
30.979307,37,2914.322048,True,False,False,2.77595181885246,2.6092661441064084
35.00572,39,2914.792951,True,False,False,3.7162391989948387,3.4737337140932096
-10.001459,25,2915.078638,False,True,False,2.2986061026952496,3.2441052909898493
31.797719,42,2915.571125,True,False,False,3.0349898572524676,2.817570553751719
38.295102,90,2916.633604,True,False,False,5.772971835641155,4.645115309979037
35.035362,46,2917.198514,True,False,False,3.467863222668377,3.4401277736932676
42.472373,65,2918.02896,True,False,False,4.963672578609927,4.927216430768005
33.292578,69,2918.876139,True,False,False,4.6271202389823145,3.411053247622837
47.031922,69,2919.707741,True,False,False,6.364028085526178,6.059881423672408
38.073308,37,2920.150556,True,False,False,4.449305569586977,4.003328324923403
35.938251,38,2920.599287,True,False,False,3.55755946403308,3.5556492234581576
41.938718,71,2921.477394,True,False,False,5.886256076498238,4.897615313859124
40.400684,67,2922.305631,True,False,False,5.440585261375352,4.709541311381677
29.829103,25,2922.618145,True,False,False,2.4479928027103655,2.3507829328330345
38.163683,34,2923.033467,True,False,False,3.94940421817972,3.935102338853812
41.594972,51,2923.642525,True,False,False,5.005712702888444,4.748690163938555
31.713781,29,2924.009788,True,False,False,2.6681001444501447,2.7797515289787027
50.919079,66,2924.759727,True,False,False,7.0943647754381605,6.666834165381351
36.023204,42,2925.218486,True,False,False,3.796094776183296,3.589800126092477
38.260753,49,2925.755046,True,False,False,5.380446381192072,4.125352467965651
36.946874,49,2926.351058,True,False,False,3.865293359986649,3.7360174166312956
30.214732,30,2926.711221,True,False,False,2.60874571163851,2.416577261718364
29.614004,28,2927.050607,True,False,False,2.426149511597493,2.287079404081208
37.514483,49,2927.635925,True,False,False,4.541089817074777,3.9839161933943252
38.438922,66,2928.438272,True,False,False,4.725460200025457,4.224392863003192
38.055058,41,2928.976571,True,False,False,4.617786237723213,4.053765522562311
37.618089,40,2929.459996,True,False,False,4.260452901011274,3.969815537748613
30.575942,23,2929.736543,True,False,False,2.378820681998014,2.4515559700926475
31.936984,45,2930.288518,True,False,False,2.996046043184038,2.926422165098249
36.684283,41,2930.76357,True,False,False,3.468230984441858,3.6801604892276285
40.739342,99,2931.964468,True,False,False,5.789878842826687,5.217093661492153
35.603487,45,2932.486808,True,False,False,3.876782833821502,3.617003168824376
38.134704,47,2933.046403,True,False,False,3.8588095788638053,4.007333258822203
37.086487,44,2933.570724,True,False,False,5.231631887600103,3.939651467120832
38.044152,55,2934.217189,True,False,False,4.087783994471165,4.074649900948437
26.665597,18,2934.429922,True,False,False,1.5687108559525753,1.7011326370958721
46.186079,48,2934.991596,True,False,False,6.369726110732228,5.6300054720483175
28.671906,19,2935.222162,True,False,False,1.9184586041462794,1.9569147976068462
36.574556,45,2935.756119,True,False,False,3.7209732726593847,3.754670847891645
35.397509,65,2936.567332,True,False,False,3.7858441952862654,3.678413178600631
39.376334,77,2937.489779,True,False,False,5.024169545811141,4.508930965520625
30.112144,62,2938.233601,True,False,False,4.28912512954271,2.855897746937756
28.337993,19,2938.478742,True,False,False,1.8666765038210942,1.9585303864679129
45.376782,82,2939.477243,True,False,False,7.968131698253654,5.822664944154399
33.833285,32,2939.854904,True,False,False,3.2735425909889373,3.1624549285547388
28.391073,49,2940.42421,True,False,False,4.004700022760073,2.3108059042746767
36.211562,40,2940.907819,True,False,False,4.447433712274524,3.6644263305707994
26.836557,29,2941.2642,True,False,False,1.628441833014777,1.784120354447814
26.747477,16,2941.446812,True,False,False,1.843067134487988,1.6918431047904476
34.271108,36,2941.870183,True,False,False,5.360824094278032,3.3819431662533566
36.33499,45,2942.370953,True,False,False,3.8697316431538917,3.7504595918274943
38.54159,52,2942.931347,True,False,False,4.717054556467616,4.1060962934842165
29.626263,24,2943.221631,True,False,False,2.434908956617753,2.3103098886491846
32.423579,34,2943.618613,True,False,False,3.083802351969077,2.995385090472066
29.496139,26,2943.941175,True,False,False,2.539478508672587,2.263514745421876
30.684751,60,2944.645422,True,False,False,3.301224055743947,2.9085349212947884
26.894351,25,2944.959429,True,False,False,1.5909867002817166,1.746346076353441
41.951221,65,2945.718218,True,False,False,5.6890046703787505,5.047686370243203
33.096444,56,2946.381732,True,False,False,3.240753324009871,3.2666628700679903
35.332314,72,2947.242089,True,False,False,4.977729023582645,3.897581745127217
44.24319,61,2947.965582,True,False,False,6.503536775770098,5.373362235759236
26.239795,12,2948.105299,True,False,False,1.3352712812678393,1.5440352561277217
47.283576,84,2949.128185,True,False,False,6.287622367661143,5.936198198215094
36.367636,61,2949.844876,True,False,False,3.876622886799189,3.8227286705479617
40.641739,43,2950.363289,True,False,False,4.418739427875608,4.386140453228393
30.545036,25,2950.653699,True,False,False,2.4340470554532208,2.468840581317954
46.817731,74,2951.545579,True,False,False,6.0490231928493055,5.812961392170536
30.034531,35,2951.966148,True,False,False,2.8407458694988423,2.4074622336388556
33.073592,22,2952.228485,True,False,False,2.7459801000358737,2.9078879243721505
27.162773,32,2952.581452,True,False,False,2.160137275415956,1.971658309155584
48.697688,87,2953.458431,True,False,False,6.614721447270065,6.289157218346324
38.125338,53,2954.059628,True,False,False,4.264478686021067,4.164882030587054
29.057309,37,2954.483796,True,False,False,2.5626056305489824,2.326794382595824
31.067465,27,2954.81866,True,False,False,3.061977136370965,2.5411848154539998
44.394847,76,2955.723339,True,False,False,5.829180903564425,5.404830783475908
36.507379,71,2956.569403,True,False,False,4.142488703502386,3.9350174602266503
45.087321,51,2957.183873,True,False,False,5.325505843825278,5.377435025693496
31.071936,24,2957.471674,True,False,False,2.3818193831248125,2.549704262709594
47.162367,51,2958.068455,True,False,False,5.832342709513619,5.763308916836261
34.256001,47,2958.644607,True,False,False,3.657122421603205,3.2666051389455153
46.568844,106,2959.915394,True,False,False,6.479361082269305,6.233744706606904
26.774106,30,2960.270061,True,False,False,1.8697609557248183,1.828729482005946
46.160348,103,2961.497619,True,False,False,6.847016681191375,6.082605258803347
26.143291,20,2961.715608,True,False,False,1.6152250245426751,1.588988757466865
36.303078,63,2962.394968,True,False,False,4.228845464752782,3.805482160104669
39.518529,71,2963.201411,True,False,False,6.226312532142041,4.568503623840177
38.472865,48,2963.782607,True,False,False,5.367833447333056,4.201710984979259
49.499555,106,2965.069907,True,False,False,7.621229469583088,6.656446283771116
39.546751,64,2965.839577,True,False,False,5.1295139523902815,4.553528062829882
41.059138,55,2966.486629,True,False,False,5.627516258351397,4.78277274158054
36.542875,44,2966.989429,True,False,False,3.778701052344611,3.6847083303924206
41.269984,51,2967.568314,True,False,False,4.503109554798876,4.61708751792531
39.572225,50,2968.094073,True,False,False,4.875194116990512,4.419166174956153
30.718997,41,2968.521511,True,False,False,3.3273344860084175,2.8019576416757936
38.560455,52,2969.126481,True,False,False,4.749130717656629,4.136920178553399
26.363036,14,2969.284684,True,False,False,1.3812241336596636,1.5552459294220624
31.960723,59,2969.987514,True,False,False,4.732088214536119,3.1013465796244604
39.977576,62,2970.725184,True,False,False,4.549679864145755,4.420968978468525
40.815133,81,2971.730828,True,False,False,5.077688535662194,4.853641910780493
36.895336,43,2972.242857,True,False,False,3.5026807873526056,3.6673571757028003
32.175462,26,2972.558896,True,False,False,2.8721469529971198,2.793613436210425
46.652866,65,2973.362266,True,False,False,6.653416596102608,5.900618996895066
43.624241,96,2977.5371,True,False,False,8.517915735754631,5.700770508344652
35.694062,41,2978.017979,True,False,False,3.4062557663786084,3.508228844535133
37.060559,45,2978.555952,True,False,False,4.2366849528091395,3.8718524564616836
41.520145,90,2979.563307,True,False,False,5.450901581445944,5.050722438983866
44.627917,50,2980.159521,True,False,False,5.984231820417583,5.300744269658424
49.327514,75,2981.067045,True,False,False,7.0321763135952455,6.335085974596784
36.094103,36,2981.489484,True,False,False,3.530955740454722,3.498189063049183
33.541694,74,2982.375219,True,False,False,4.098016434211802,3.6688096918709996
40.805022,65,2983.132493,True,False,False,5.737027930800625,4.743593400155706
41.331325,66,2983.823974,True,False,False,4.813587080042326,4.78812554296182
34.442149,26,2984.104417,True,False,False,3.2917936528755343,3.148740071288561
35.460946,40,2984.582315,True,False,False,4.997078698974017,3.587298825245386
36.482015,52,2985.228472,True,False,False,3.917760446687387,3.7516499294348
36.939122,45,2985.763581,True,False,False,3.8808109915946116,3.7620415040777613
33.25167,60,2986.495728,True,False,False,5.643141812471086,3.373255531597942
27.695283,30,2986.867993,True,False,False,1.8747983144021896,1.9755567271262866
30.042933,29,2987.208884,True,False,False,2.5914512174449786,2.433875312089767
29.346191,32,2987.560902,True,False,False,2.7038161464751918,2.3268388536147673
43.629097,146,2989.167374,True,False,False,8.031746683745496,6.166423712712518
36.307214,42,2989.672403,True,False,False,4.377368302160077,3.695437276410476
46.888555,72,2990.55834,True,False,False,6.258680794672435,5.949477705936303
44.441888,82,2991.551666,True,False,False,6.1119269611972,5.495329769663301
52.456934,74,2992.456043,True,False,False,6.899434242131458,6.822220404864972
40.335492,55,2993.087654,True,False,False,4.930813882319902,4.599896930317013
33.577419,37,2993.548873,True,False,False,3.0703660668095836,3.0226651636293953
34.538915,31,2993.919603,True,False,False,3.4676807143668276,3.2073564937837795
36.310785,51,2994.553446,True,False,False,3.7482039580485176,3.735931808136098
31.920237,49,2995.135884,True,False,False,3.0130471473547047,2.9447859471619413
44.823701,73,2996.024225,True,False,False,5.820152786459522,5.473083397554047
38.300075,31,2996.368337,True,False,False,4.750060394687718,3.9662363810050136
37.538039,65,2997.086688,True,False,False,5.466455343472875,4.229339776125847
28.900151,51,2997.696352,True,False,False,4.2004744204344515,2.4545415100271892
44.969226,48,2998.286373,True,False,False,5.736068600322743,5.410995871756918
48.526926,102,2999.547957,True,False,False,8.341416344086388,6.561959507220644
28.307876,19,2999.796552,True,False,False,1.862087188987095,1.9503788103140558
26.887316,24,3000.089365,True,False,False,2.4252517218503375,1.8073889210097742
30.018848,46,3000.657025,True,False,False,4.222489574614553,2.7390373976041755
50.456066,60,3001.401805,True,False,False,6.918503697956877,6.4960319982889665
27.262253,19,3001.616504,True,False,False,1.7016950555157764,1.7434075633984718
46.563087,97,3002.811947,True,False,False,6.916620615057193,6.00496176806588
34.328405,70,3003.677911,True,False,False,5.333228503700678,3.7234453521558053
40.641955,61,3004.42399,True,False,False,4.910481712416363,4.565437444194849
38.795879,52,3005.038786,True,False,False,5.6106544610332705,4.3178589596742185
33.358368,31,3005.420607,True,False,False,2.9969004795248395,3.0919990996378126
38.523865,40,3005.901816,True,False,False,4.586480974818216,4.132451004809046
29.328562,27,3006.207584,True,False,False,2.671233459057659,2.242816894588872
47.180003,61,3006.937973,True,False,False,5.838016371542606,5.892183966943068
44.178063,93,3007.933305,True,False,False,8.508769789444118,5.990520833261415
29.573638,46,3008.459116,True,False,False,2.8725538933316597,2.6019939317852376
43.150076,124,3009.958336,True,False,False,7.974342834638518,5.9281450143697825
31.970398,45,3010.516849,True,False,False,3.684305807697088,2.90281257001799
45.299478,51,3011.122715,True,False,False,5.657699957008599,5.491713031908058
39.577142,73,3012.038937,True,False,False,5.789227472878037,4.5716117741156275
45.719715,80,3013.018609,True,False,False,5.686861069531446,5.56943184194416
37.026082,52,3013.661323,True,False,False,4.508321761369777,3.9902998423214715
34.22548,35,3014.107141,True,False,False,4.2330536442629265,3.2881007701057063
37.389307,40,3014.597597,True,False,False,4.6908427552424286,3.931241512705809
42.963323,61,3015.361355,True,False,False,5.25564208426093,5.185996999435504
37.898996,68,3016.213112,True,False,False,4.76229450444032,4.213640086818436
35.017764,61,3016.96172,True,False,False,3.925229146532714,3.607449869522468
28.43725,21,3017.233793,True,False,False,1.928981307219162,2.013162113127295
26.799492,16,3017.441351,True,False,False,1.7020996138891273,1.6608539689675952
36.464072,34,3017.883292,True,False,False,3.7806838666516867,3.6997223155558685
27.413233,19,3018.144453,True,False,False,1.540582195944121,1.754846140238393
35.244227,66,3018.958336,True,False,False,4.364026415505546,3.782397810049078
31.864467,39,3019.461332,True,False,False,2.6080757621393795,2.7245882650701234
39.201098,59,3020.18746,True,False,False,4.349184801365276,4.309614284773608
43.276005,103,3021.372767,True,False,False,5.870637886756593,5.6075981778745625
38.170338,34,3021.740661,True,False,False,4.204512278041565,3.918561392076596
34.964272,61,3022.460901,True,False,False,4.326672716909288,3.599079405984841
38.080045,47,3023.050646,True,False,False,4.682060240526573,4.142676201088299
26.445292,15,3023.223835,True,False,False,1.5805726969756824,1.6609379901154089
32.404222,48,3023.813195,True,False,False,3.2749843300568466,2.971665579322962
33.608133,33,3024.226793,True,False,False,3.3385689664814144,3.1280548054903665
33.999807,35,3024.637605,True,False,False,3.0359834261554766,3.0519527364592
44.192489,81,3025.614503,True,False,False,5.46824272011733,5.398295436027217
40.692403,53,3026.198193,True,False,False,4.852588926794391,4.543831190480448
31.63117,36,3026.591753,True,False,False,2.8764648132842447,2.687813979568481
38.789815,72,3027.45288,True,False,False,5.730776661440958,4.393517661530061
50.190135,71,3028.335127,True,False,False,7.168480433659408,6.539456971495139
-18.128428,9,3028.434149,False,True,False,0.8725892973587218,6.289697781341599
33.239135,29,3028.811346,True,False,False,3.6809590706277926,3.1245935446644872
35.505503,47,3029.383169,True,False,False,4.2003693800941635,3.642364794466486
27.928569,31,3029.777183,True,False,False,2.898731899490181,2.0400885235347577
26.924809,28,3030.123624,True,False,False,1.9367395936114988,1.805222420885106
42.976134,108,3031.432903,True,False,False,5.743710503082288,5.490490859623715
31.935565,31,3031.795012,True,False,False,2.7929431661853457,2.706000657916128
29.168073,28,3032.127985,True,False,False,2.1379391252956825,2.21410817645719
46.484623,77,3033.085125,True,False,False,6.567143899743429,5.968307523369026
46.620823,106,3034.365746,True,False,False,8.169270965669288,6.305001337904462
30.973691,45,3034.90333,True,False,False,2.971682541639771,2.7286147522822155
32.980915,34,3035.273968,True,False,False,3.299292938195244,3.055242699820249
48.679234,57,3035.889625,True,False,False,6.806806424720758,6.178912091848119
29.599202,35,3036.281499,True,False,False,3.1486894502026983,2.383965810802309
34.089675,34,3036.692362,True,False,False,4.178728974143002,3.2604906743204283
42.809348,63,3037.467858,True,False,False,5.086195593255672,5.036507082015116
50.858521,63,3038.195339,True,False,False,6.920064897725641,6.577477411350814
28.450451,29,3038.554562,True,False,False,1.9066808369698944,2.110143371347092
40.906434,90,3039.64381,True,False,False,6.0735180837944,4.909565142911785
25.508627,29,3039.996058,True,False,False,1.8881627791303082,1.603931398620678
33.111629,40,3040.490021,True,False,False,3.1315364743030227,3.038654822039825
37.955169,57,3041.200674,True,False,False,3.9649862151123134,4.021290288425657
36.886097,51,3041.798463,True,False,False,4.154461097068794,3.948609802523815
36.035217,48,3042.370784,True,False,False,4.110760199321952,3.7475634532573467
41.995967,55,3043.052702,True,False,False,5.379462080422467,4.946052181002209
35.415568,41,3043.545043,True,False,False,4.120358651020352,3.6039585784989416
35.017113,71,3044.403766,True,False,False,4.791599371560524,3.658170347163582
28.607921,34,3044.761749,True,False,False,2.843046495606259,2.1655742647023644
38.554256,57,3045.387804,True,False,False,5.59725227977924,4.250086475230299
39.023164,58,3046.078329,True,False,False,4.190491361612726,4.2016705212052665
41.609681,51,3046.721099,True,False,False,6.068030230706854,4.82885981694472
27.027995,23,3046.987754,True,False,False,1.7726142233858857,1.770627399216562
45.162071,78,3047.9366,True,False,False,7.510393824276447,5.81146730725026
31.095918,31,3048.320669,True,False,False,2.723203860694551,2.6039750305866995
25.335764,54,3048.98432,True,False,False,3.8128127415008355,1.9155012485557183
35.723667,40,3049.475451,True,False,False,3.732088820087294,3.5999398243313183
34.178919,41,3049.979965,True,False,False,4.191056284588492,3.219648681894486
31.609032,32,3050.369331,True,False,False,3.031129518150579,2.776055734144915
42.537905,81,3051.355016,True,False,False,5.929742222002629,5.33392355644073
29.33205,30,3051.71892,True,False,False,2.50522165355366,2.2920253709706024
47.466575,101,3052.935992,True,False,False,7.206483970721546,6.301922612698631
29.177919,26,3053.237025,True,False,False,2.099493394122628,2.2080665164669737
32.864944,55,3053.900069,True,False,False,3.320129069677677,3.288288627240801
48.992107,62,3054.558188,True,False,False,7.585026230809117,6.252508799221053
37.307608,56,3055.182935,True,False,False,4.4460227464698345,4.014966302841829
26.035128,27,3055.506336,True,False,False,1.8745215697180175,1.7346323164906674
37.686834,70,3056.350066,True,False,False,4.661414688371612,4.239604956584712
44.626162,55,3057.025193,True,False,False,6.26408740159856,5.4503827437017085
47.162392,60,3057.759654,True,False,False,6.079704728742549,5.88845909741791
26.220407,21,3058.003821,True,False,False,1.980804358997027,1.620456402455695
31.355626,30,3058.370055,True,False,False,2.7996863679433663,2.6538962395144994
36.48767,31,3058.765516,True,False,False,4.057083246349204,3.636238010776554
42.514325,39,3059.237968,True,False,False,5.0269777162151135,4.874524914652267
42.725841,57,3059.932403,True,False,False,5.1772089670465204,4.915644765208343
26.969168,24,3060.224628,True,False,False,1.7858140012677675,1.808557172649797
34.079419,47,3060.781022,True,False,False,3.2753174582015596,3.2414800950510183
37.46945,44,3061.322437,True,False,False,3.882211002084928,3.8313538406935614
28.852283,39,3061.805556,True,False,False,2.8186968237989243,2.2825238375533647
40.148658,59,3062.514482,True,False,False,5.273212960515625,4.534193475943929
46.881301,57,3063.196286,True,False,False,6.162067983197672,5.8113573720917335
40.239414,61,3063.930718,True,False,False,4.686548184864989,4.560873215263727
34.265781,49,3064.534529,True,False,False,3.88625699900485,3.3667273938143443
47.249752,58,3065.205384,True,False,False,5.991250805461628,5.956698479614397
37.318949,53,3065.801373,True,False,False,4.9766549101038,4.094590808786858
29.039839,23,3066.06134,True,False,False,1.910169236864112,2.128851761361007
33.477114,29,3066.378396,True,False,False,3.0195001883729735,3.0536464534068153
28.11967,25,3066.684737,True,False,False,2.024370170597048,2.0456995330775576
34.453164,50,3067.281776,True,False,False,3.6173370673866883,3.395495253207964
37.915201,44,3067.821759,True,False,False,3.8946666104311305,4.048009268676882
33.880223,50,3068.436893,True,False,False,3.4194373266260873,3.22576672476021
32.085453,41,3068.922213,True,False,False,2.8335401850291895,2.850348225058828
34.52213,61,3069.603676,True,False,False,3.7833507580411587,3.496510703616257
31.78737,37,3070.01684,True,False,False,3.3383856325744437,2.7627125410852034
48.999154,64,3070.70714,True,False,False,6.645525231039899,6.076211814894101
27.194652,11,3070.842785,True,False,False,1.4778531938864778,1.7305170439397257
30.555966,44,3071.375844,True,False,False,3.9385168452307644,2.767278190127578
36.833245,68,3072.213652,True,False,False,5.721251877640421,4.095232843310314
32.712359,32,3072.603311,True,False,False,2.8340842822603722,2.8772920700241773
38.555748,31,3072.965258,True,False,False,4.097751732459404,3.9816881077281927
44.791325,57,3073.636761,True,False,False,5.521580031911143,5.342560841475818
30.336924,28,3073.961131,True,False,False,2.566650618450744,2.5085639643224167
38.068692,59,3074.631371,True,False,False,6.183383216497419,4.321225020467325
33.710143,33,3075.012611,True,False,False,3.332808988777963,3.140006355316437
26.433538,22,3075.274533,True,False,False,1.7486575380435265,1.68108385864751
40.963416,33,3075.656756,True,False,False,4.378677560209998,4.416893727183571
29.049158,34,3076.062971,True,False,False,2.473794963614844,2.3128378117732487
30.454942,36,3076.508491,True,False,False,2.369105249040095,2.4490817187906315
43.79575,71,3077.373151,True,False,False,5.72458889409925,5.41805680501224
52.813135,114,3078.761317,True,False,False,8.162402626124752,7.272828924701813
34.179888,34,3079.170609,True,False,False,3.0412151974172885,3.1992767486209477
27.019315,20,3079.413597,True,False,False,1.7142677998329878,1.776321304230784
36.583921,53,3079.995596,True,False,False,4.657939759035643,3.9046908750857607
34.945647,41,3080.454894,True,False,False,3.1169357603881576,3.2932084372582704
37.871976,63,3081.217068,True,False,False,4.784760635115905,4.307751981551866
42.825468,84,3082.243674,True,False,False,7.1364132009761665,5.4632202600895425
39.132777,66,3083.038572,True,False,False,4.884058751363321,4.448204301510884
-4.178245,41,3083.542328,False,True,False,3.495124337266289,4.502808223711487
33.359417,74,3084.441606,True,False,False,4.289454491039089,3.5854736371371527
27.201287,28,3084.78903,True,False,False,2.0997421002277625,1.9140458250445116
39.165092,51,3085.401691,True,False,False,4.696949873574271,4.265125170749591
30.781917,19,3085.624087,True,False,False,2.418733142922237,2.454908862600938
32.21774,35,3086.008701,True,False,False,3.1132897194268345,2.9505271144483443
34.506208,55,3086.659652,True,False,False,4.794998368972812,3.436267051051825
43.42854,68,3087.42259,True,False,False,6.285557720432845,5.363150045706172
39.581552,69,3088.281998,True,False,False,5.292049418197428,4.60765000069724
27.868228,41,3088.795792,True,False,False,3.8482467420266775,2.2658933654252444
33.017907,27,3089.122321,True,False,False,3.1310019327147547,2.9182242619743266
43.212077,78,3090.027172,True,False,False,6.826138368946792,5.181393646330834
34.61634,89,3091.063011,True,False,False,4.279868308001593,3.863261442273173
36.534443,57,3091.69824,True,False,False,3.9280782653352264,3.8444356134442477
31.814735,24,3091.98241,True,False,False,2.5649201557836356,2.6435934182555245
44.660909,90,3093.066825,True,False,False,5.786347423234966,5.688610184145547
30.704511,38,3093.546472,True,False,False,3.0628642348333996,2.5494879074350227
39.998184,70,3094.377717,True,False,False,5.504493052187856,4.747139526259879
26.262992,34,3094.79443,True,False,False,2.449016395022402,1.8684729711455177
45.741508,74,3095.713437,True,False,False,5.919823011822876,5.57696887445853
34.515082,54,3098.84191,True,False,False,3.8472768232228653,3.45041774989271
28.087434,13,3099.004569,True,False,False,1.653616615673605,1.7953628333303089
25.843352,27,3099.321203,True,False,False,1.3887958749489855,1.5954263862925346
51.491952,149,3101.145371,True,False,False,9.119551003442263,7.436746584356417
37.727752,44,3101.678147,True,False,False,3.8764731101274013,3.8696633671271066
28.7236,29,3102.023304,True,False,False,2.2345419399389153,2.1898035125398505
27.257693,17,3102.23925,True,False,False,1.77541313917868,1.7627762318916067
38.008583,51,3102.836802,True,False,False,5.644996292224976,4.167592795552084
48.961719,75,3103.761447,True,False,False,7.2558026876513875,6.261545200921321
35.105148,73,3104.634796,True,False,False,4.626398512057567,3.785450074184298
44.568213,54,3105.284534,True,False,False,5.4943171108975335,5.278652692827362
26.5793,19,3105.522981,True,False,False,1.5396488475023202,1.6428657081889801
49.52938,75,3106.400988,True,False,False,7.91788294335357,6.5276826404906085
31.861158,36,3106.83853,True,False,False,3.2631083712669207,2.6910014002687137
31.617635,59,3107.574015,True,False,False,4.050374683016576,3.068409263391217
39.934269,58,3108.265079,True,False,False,4.705536599068938,4.442092521362176
42.290428,64,3109.04222,True,False,False,5.49289322974029,5.054268066101156
42.722954,116,3110.454859,True,False,False,6.297605688849748,5.526162202745381
47.918381,70,3111.311522,True,False,False,7.256358952457057,6.054949754557643
40.514381,64,3112.078294,True,False,False,4.911142109440508,4.639245749739513
38.931261,62,3112.828179,True,False,False,5.29592264320203,4.361628353345094
43.810004,67,3113.623686,True,False,False,5.67982173615101,5.448477678977376
32.467692,30,3113.980225,True,False,False,2.771707456174916,2.8670679002406847
43.498347,88,3115.045935,True,False,False,7.157922570645098,5.40560323172075
31.810577,34,3115.462264,True,False,False,2.6938209177322445,2.7708635363932834
33.446198,76,3116.402421,True,False,False,4.745784836001628,3.6527717796993886
40.883577,55,3117.0763,True,False,False,4.774784705284485,4.702363853944286
39.806676,47,3117.627979,True,False,False,4.910957824547602,4.364215180807708
41.107943,67,3118.432549,True,False,False,4.916459702828754,4.747535778725503
47.329109,65,3119.214612,True,False,False,6.949147019649525,5.947874650523578
40.867223,67,3120.016375,True,False,False,5.083021422884095,4.705787458327366
29.845775,28,3120.35687,True,False,False,2.587268846419271,2.3812974259558
28.495044,45,3120.899642,True,False,False,3.4118705810748735,2.391384736794244
39.114857,93,3122.032463,True,False,False,6.160792230335431,4.9210538299845075
27.869436,16,3122.219018,True,False,False,1.6660504447239086,1.8428477637509202
39.178295,51,3122.828983,True,False,False,4.245775448422344,4.302135843444656
30.793891,27,3123.167006,True,False,False,2.5830040488173998,2.520828118152684
42.132321,66,3123.98809,True,False,False,5.156984512669629,4.919524831941304
28.178508,18,3124.21489,True,False,False,1.8229121458870607,1.9714530577386133
27.044394,32,3124.609632,True,False,False,1.790548492905612,1.9112750486728434
41.596446,43,3125.114347,True,False,False,4.651198458096337,4.6560387617925825
42.105371,64,3125.875331,True,False,False,4.984461272112031,4.817683720572172
27.046155,21,3126.125148,True,False,False,1.6679932900645018,1.7740341276535123
34.418693,58,3126.746326,True,False,False,3.6114051455764313,3.5186876624088357
34.232525,44,3127.217757,True,False,False,3.1920729024473413,3.26419949957975
32.708202,43,3127.676035,True,False,False,3.650764267733712,3.039553898919946
42.327386,56,3128.353058,True,False,False,4.751660404427979,4.836215284663643
36.27157,34,3128.769913,True,False,False,3.712615634499804,3.596746969317278
28.077867,25,3129.08701,True,False,False,2.059280082439617,2.0273356902369937
46.757098,62,3129.833689,True,False,False,7.175732979807649,6.002311932457016
35.378236,42,3130.34363,True,False,False,3.4226999737045327,3.4349004548184925
27.684553,32,3130.723617,True,False,False,1.9765321608832271,1.988077601700633
32.330436,31,3131.113113,True,False,False,3.4186490768365387,2.8614580261490854
33.848861,40,3131.603384,True,False,False,3.130757905846567,3.139105327151273
37.340482,40,3132.104184,True,False,False,3.6912955230062527,3.7757097231201207
45.047076,76,3133.054747,True,False,False,5.901943159511163,5.628018317355278
29.300942,50,3133.673133,True,False,False,3.0177529756837926,2.5738115107817516
47.491993,101,3134.857645,True,False,False,7.307792145836065,6.384002329590941
34.588947,42,3135.345781,True,False,False,3.8602088698465002,3.4117765051564954
28.888832,22,3135.587151,True,False,False,2.0510167431397175,2.1062640068608136
28.685003,33,3135.954722,True,False,False,2.267173375165471,2.172174076336934
44.129708,68,3136.787205,True,False,False,6.670776781013186,5.431979302156057
38.049812,44,3137.325883,True,False,False,4.21108745909732,3.9651268797908625
46.271019,64,3138.110996,True,False,False,6.468135362806259,5.692153878037515
31.858378,40,3138.615582,True,False,False,3.4985061108198683,2.916532888944669
47.233513,70,3139.476479,True,False,False,6.327623371056731,5.950767884403746
34.569955,58,3140.17792,True,False,False,4.822952933590701,3.842985348845741
41.623175,96,3141.396141,True,False,False,5.3897170740354055,5.138867608185165
43.671256,113,3142.775979,True,False,False,6.549672964749449,6.006373613103113
43.053906,49,3143.362847,True,False,False,5.093429729746905,5.023924458978457
30.597815,30,3143.697495,True,False,False,2.5954867659608727,2.5429966321472763
42.995362,50,3144.257921,True,False,False,4.891139530168549,5.0227913219598666
45.683726,86,3145.317444,True,False,False,6.564584771636591,5.733990677709804
32.852191,33,3145.728806,True,False,False,3.0112243128269753,2.938170262918271
29.659746,42,3146.246352,True,False,False,3.4949395070244114,2.3971979207150893
29.182007,22,3146.520378,True,False,False,1.9924402013011242,2.1181964027154843
44.476341,82,3147.514196,True,False,False,5.817572668459935,5.422596964846883
26.232965,33,3147.911876,True,False,False,1.8577119374047455,1.7900995777348732
46.534406,58,3148.630847,True,False,False,6.2171730542403125,5.754293981139382
29.858615,26,3148.953352,True,False,False,2.34213092933345,2.3628036245914235
42.132414,134,3150.526165,True,False,False,7.513425416632435,5.753101447658191
44.188444,82,3151.512123,True,False,False,6.593896440450776,5.367400038505736
31.620887,43,3152.046006,True,False,False,3.4959795889825704,2.989314691431197
31.388323,46,3152.608853,True,False,False,2.663491136779282,2.7401593827591784
32.648379,39,3153.069725,True,False,False,3.009960118707669,2.992904733355553
37.502989,106,3154.358615,True,False,False,6.926930447499485,4.682335884021711
27.868285,25,3154.665707,True,False,False,1.9390299554395318,1.9767412736521672
29.60012,34,3155.066108,True,False,False,2.513186720732011,2.318556178198401
48.145838,68,3155.817041,True,False,False,6.168897065573261,6.063866074302692
40.782982,51,3156.360914,True,False,False,4.996841642014159,4.625097749327922
29.413646,23,3156.616171,True,False,False,2.1366742076952017,2.1976801776323054
35.664719,39,3157.038289,True,False,False,4.36214196581655,3.5303876700936816
44.676797,67,3157.806528,True,False,False,6.639368728835953,5.611287185936455
28.458755,29,3158.154257,True,False,False,2.702604939147256,2.2307423885166373
33.090881,31,3158.543173,True,False,False,2.8870472605729876,2.909063029200127
27.28902,25,3158.849003,True,False,False,1.743880293942359,1.8148043463993393
40.905571,61,3159.579856,True,False,False,5.122918741525404,4.807334654633563
31.928368,23,3159.851967,True,False,False,2.5855678726760973,2.715354359875582
27.161196,40,3160.336385,True,False,False,2.299085114705692,1.9866937236088182
30.243714,25,3160.645788,True,False,False,2.30406881316961,2.4113236771096442
45.819862,42,3161.157264,True,False,False,5.45577569273389,5.3695675214752425
35.018626,38,3161.609617,True,False,False,3.8085382686276676,3.442200722177525
36.887082,59,3162.25925,True,False,False,4.001330126732829,3.8693195497911734
27.007228,21,3162.503588,True,False,False,1.8086559178826567,1.8256924594018649
41.291963,51,3163.083178,True,False,False,4.8561725062575505,4.7322104324393655
44.987205,61,3163.838624,True,False,False,6.828498700957417,5.485099356669827
28.37979,21,3164.091502,True,False,False,2.040541169147702,2.0310961308637077
34.677218,32,3164.484423,True,False,False,3.5312901638620153,3.280101400415262
41.380295,72,3165.350702,True,False,False,5.453816541156619,4.857781887254747
39.656829,66,3166.083647,True,False,False,6.780867809405538,4.71895952282613
45.13405,78,3166.940378,True,False,False,6.551843123115656,5.702972387804193
33.438699,34,3167.341385,True,False,False,3.6649886502039775,3.0681341241191036
32.731722,41,3167.823213,True,False,False,3.289914582041244,3.00235520746711
30.542084,21,3168.07449,True,False,False,2.2424219844669304,2.4441302534759224
26.970242,23,3168.37112,True,False,False,1.8530765721993092,1.8155742033611224
30.24699,37,3168.810137,True,False,False,2.619113875261829,2.516761668126926
46.46442,70,3169.6613,True,False,False,6.246046596045,5.700784347765254
28.115129,38,3170.12772,True,False,False,2.4541189664933625,2.1355137028043814
42.437457,59,3170.821885,True,False,False,6.114261236894191,5.129860653027755
31.289089,42,3171.322769,True,False,False,2.999125659946084,2.733797206156283
31.819045,38,3171.759066,True,False,False,2.749530685211029,2.755890872868043
39.170229,44,3172.255177,True,False,False,4.795469210843268,4.255590409872129
41.099152,109,3173.460166,True,False,False,7.537235189987643,5.185827455050107
27.722953,19,3173.699647,True,False,False,1.6807248623132334,1.9052701498877913
46.900878,61,3174.442708,True,False,False,6.4419068253453,5.718032394364483
37.91209,29,3174.791106,True,False,False,3.8109356513593657,3.8278020036073404
35.275727,39,3175.24667,True,False,False,3.7881546977854375,3.474181759771717
30.078364,24,3175.543928,True,False,False,2.5127990706586485,2.4005074562505744
40.465301,49,3176.148196,True,False,False,4.354715642185587,4.421661705941171
32.554517,29,3176.487215,True,False,False,2.884394564092143,2.9130749055749825
36.908463,71,3177.351397,True,False,False,4.259075983954007,4.102720012634874
40.686081,49,3177.938986,True,False,False,4.750164561517995,4.528093378799836
32.065074,36,3178.377581,True,False,False,2.7001762388523516,2.8067573807901596
35.099644,50,3179.014582,True,False,False,3.4550478537947336,3.447047223894453
26.255132,18,3179.237949,True,False,False,1.4603283020299989,1.6274057541030764
28.154149,18,3179.453773,True,False,False,1.842606489405055,1.8865775282977226
28.128936,15,3179.645157,True,False,False,1.7481953987239067,1.852538874782301
26.795592,20,3179.877853,True,False,False,1.7646897448035939,1.7279565308840008
-15.02885,36,3180.300843,False,True,False,2.1804354853413686,1.8887020921796844
40.499707,66,3181.11412,True,False,False,5.074565323399108,4.816256046031232
31.217421,59,3181.845009,True,False,False,3.238574843337701,3.0228929443962596
37.833471,51,3182.474251,True,False,False,4.1396127926593165,4.093163348160021
36.685781,72,3183.348765,True,False,False,4.763450803028749,4.075860142026338
37.643518,34,3183.776128,True,False,False,3.8230996994778184,3.8589468059553225
30.665617,26,3184.098715,True,False,False,2.7561308718206456,2.508018090432349
39.01252,41,3184.585338,True,False,False,4.225653953318126,4.255601127264881
30.910142,49,3185.172471,True,False,False,3.4058536985787677,2.7697239228253787
35.229838,35,3185.600932,True,False,False,4.347362483346085,3.5564782673674404
27.744181,38,3186.058964,True,False,False,2.6100666334784237,2.150887238919444
46.774075,71,3186.940981,True,False,False,6.784270457226619,5.973321536502859
27.423048,22,3187.204933,True,False,False,1.8668014896989988,1.835325800064803
43.060568,70,3188.054348,True,False,False,5.446323291640221,5.115793033680777
25.822904,29,3188.402627,True,False,False,2.3723463436852787,1.7268307416061934
35.350549,57,3189.13863,True,False,False,3.880019195817387,3.578450216021928
38.356506,93,3190.257785,True,False,False,5.7704274227660655,4.585654759105918
26.722299,18,3190.483034,True,False,False,1.5055210378385682,1.6959812660144078
40.973335,76,3191.415709,True,False,False,4.764197403326378,4.778891138945287
47.69512,78,3192.362592,True,False,False,7.27807392876764,6.342909972219471
36.934014,53,3193.026376,True,False,False,5.697472155247423,4.033869965073206
26.36804,17,3193.218995,True,False,False,1.5799727283631197,1.563353142632848
40.646716,49,3193.839774,True,False,False,5.272818238327082,4.624973080860847
36.517625,48,3194.434641,True,False,False,4.008031521570388,3.7750850883495093
29.631842,23,3194.705497,True,False,False,2.0102426184172075,2.1973480166917785
26.247543,19,3194.931494,True,False,False,1.5702273005957992,1.5688357184848536
32.776527,29,3195.256935,True,False,False,2.967358455189643,2.929800174595703
42.656204,61,3195.97723,True,False,False,5.961659903291438,5.185695946933212
35.955784,41,3196.422147,True,False,False,4.197411805990917,3.6402538206154644
48.712069,48,3196.929917,True,False,False,6.357830772589091,6.033903064665315
30.453149,30,3197.261156,True,False,False,2.308633802678638,2.436010640947767
33.243789,38,3197.685988,True,False,False,3.2534779828926546,3.11800140698542
45.878407,73,3198.600799,True,False,False,7.424436305108552,5.874296383906505
46.740749,112,3199.937267,True,False,False,7.3808552074005584,6.161934305101651
28.228316,20,3200.178493,True,False,False,2.0083843532325227,1.9964315012966822
41.233866,53,3200.816465,True,False,False,4.7636253681143454,4.65117804941185
38.112217,58,3201.539743,True,False,False,4.192354165595026,4.122928572384228
43.712497,62,3202.303374,True,False,False,5.916809099483822,5.252059730417816
31.571944,36,3202.749588,True,False,False,2.9966438483571145,2.788599383654334
35.406948,57,3203.452283,True,False,False,4.7268682258965375,3.794710632847939
27.566605,18,3203.677368,True,False,False,1.6917764615428887,1.8158599495039773
25.882726,54,3204.339536,True,False,False,3.62670258772975,1.9610049032763355
44.708756,58,3205.047047,True,False,False,5.5051385067725,5.360984600006427
29.3466,41,3205.543919,True,False,False,2.855766379672924,2.3585088180206917
31.909432,27,3205.890263,True,False,False,3.612305763948983,2.677415763689687
45.773811,57,3206.586637,True,False,False,5.988507828419804,5.558811776522309
33.814808,37,3207.044997,True,False,False,3.3520345834547864,3.2142363273479053
44.483749,71,3207.913441,True,False,False,5.810747182254854,5.512723630205756
31.60111,26,3208.233256,True,False,False,2.764534602271167,2.646425428849866
30.169795,38,3208.718323,True,False,False,2.4634579855641965,2.5550440062192608
35.933114,68,3209.567086,True,False,False,5.05984004051994,4.039297933757989
31.574612,27,3209.906854,True,False,False,2.926232022806865,2.7406332405514986
32.670138,33,3210.2985,True,False,False,3.40820885501572,2.9615236147501554
34.046197,36,3210.742822,True,False,False,3.1870129205801643,3.1990031031374087
49.429543,99,3211.933848,True,False,False,6.842701855917538,6.473752316320154
28.440911,36,3212.338386,True,False,False,2.5138740859589292,2.187824915822054
44.183906,64,3213.090635,True,False,False,5.683311169818095,5.297728240416408
35.708608,30,3213.443016,True,False,False,3.53699743900396,3.4222217149604806
30.132623,35,3213.834557,True,False,False,2.4560643555587163,2.4032887395266003
48.629841,86,3214.816355,True,False,False,7.667777194983381,6.519514885917667
36.557635,54,3215.431154,True,False,False,5.053843295895671,4.079145858143972
42.486243,53,3216.079188,True,False,False,5.20651154262249,4.916908340417341
48.878748,61,3216.805163,True,False,False,7.030700610601324,6.189193570859042
27.196464,20,3217.052369,True,False,False,1.6840978073927313,1.7495879067870526
49.609985,69,3217.897372,True,False,False,6.395857040653435,6.28218189554929
32.089584,43,3218.40452,True,False,False,3.027922080727307,2.8760842044397212
28.489126,30,3221.773796,True,False,False,2.031364966427745,2.1024947559514526
35.871313,35,3222.211163,True,False,False,4.48354900962909,3.5858546975210825
30.717371,38,3222.675918,True,False,False,2.5756325645605274,2.5741935184422724
31.933555,29,3223.021118,True,False,False,3.1973776155976226,2.749107137110482
27.14844,18,3223.241153,True,False,False,1.57069599159083,1.7962084607558975
38.589303,64,3223.975653,True,False,False,4.938609756187713,4.28931653756233
49.334749,67,3224.75083,True,False,False,7.309459178334237,6.486846139619156
36.330355,78,3225.637648,True,False,False,4.778146336792969,4.011306248024332
37.314127,61,3226.294753,True,False,False,4.42847083296886,4.227860153040318
42.320308,72,3227.120468,True,False,False,4.967801706003853,4.933357137557519
34.495186,44,3227.579138,True,False,False,3.6605625388826213,3.3755452087710864
41.78969,56,3228.168819,True,False,False,5.485682179390768,4.793064656228842
27.9961,38,3228.571181,True,False,False,2.157085571148237,2.1826061856836256
40.163693,58,3229.180785,True,False,False,4.5903052250333,4.62740419443579
29.183315,18,3229.36814,True,False,False,2.110963130391381,2.17825147938303
46.64781,84,3230.269473,True,False,False,6.9849371579872175,6.007597962570786
30.628638,31,3230.614098,True,False,False,2.423864313144355,2.5305162123965474
34.62051,34,3230.987032,True,False,False,3.194916992905022,3.3211781740500452
54.390664,59,3231.59346,True,False,False,7.62289251075133,7.295669045046192
33.240633,28,3231.913929,True,False,False,3.4209803723656704,3.036810558577291
48.440549,114,3233.177039,True,False,False,7.311609234086932,6.500265443582103
31.701749,25,3233.449431,True,False,False,2.815752213690359,2.721320961368828
31.052785,31,3233.780395,True,False,False,2.7291005907177217,2.606487061276461
35.493403,54,3234.333347,True,False,False,4.235525977186183,3.649724701426536
27.927137,18,3234.517141,True,False,False,1.7658599174574257,1.9047686208686787
52.081626,87,3235.478409,True,False,False,8.19144682615733,7.093526822227694
43.816128,65,3236.184351,True,False,False,5.434309116039467,5.146604178403123
44.145823,78,3237.024196,True,False,False,6.778700023944769,5.724577772283468
36.796311,47,3237.539054,True,False,False,3.8734499651432093,3.7341056091998306
36.776258,78,3238.376013,True,False,False,5.293938614949549,4.160530297785667
48.205509,56,3238.974088,True,False,False,6.174114565797049,5.917992395859419
28.225501,27,3239.25144,True,False,False,2.3853788146642936,2.1106423366954097
28.937135,41,3239.706856,True,False,False,3.7351998896370837,2.3527063767912093
27.05559,19,3239.907702,True,False,False,1.5804464134407226,1.7201108532362186
22.693332,125,3241.268906,True,False,False,5.127497685869416,2.2611347495613225
28.371798,18,3241.469936,True,False,False,1.794128118848511,2.0163071124441503
42.722145,81,3242.334111,True,False,False,5.892749676949789,5.247658795636873
31.726385,41,3242.795483,True,False,False,3.520885155902628,2.931653956431647
30.789637,46,3243.312904,True,False,False,2.934708364560877,2.676943923969949
43.317527,63,3243.993024,True,False,False,6.592585540718522,5.246840175469371
27.3453,31,3244.361122,True,False,False,2.4247472625014166,1.9597280379940567
30.934619,25,3244.615886,True,False,False,2.673176959748055,2.5365019303618612
32.3345,26,3244.912712,True,False,False,3.1891809462025105,2.8453208397939656
33.207133,32,3245.265486,True,False,False,2.9540096255054964,2.996655270493683
50.634561,84,3246.2086,True,False,False,7.628780227859835,6.82119913930342
33.690647,48,3246.724601,True,False,False,5.095901709377812,3.382966935446137
37.307606,66,3247.460676,True,False,False,4.909132923092132,4.07789905796045
50.631531,69,3248.178378,True,False,False,6.727200649978486,6.491922412222974
34.193869,71,3248.943373,True,False,False,5.8358559200052404,3.681888583076802
33.553411,30,3249.260391,True,False,False,3.310089797068967,3.034759395938417
38.030237,41,3249.704359,True,False,False,4.047218610077657,3.949681463215504
40.865987,70,3250.447005,True,False,False,4.894956804982436,4.786601910215371
33.595507,46,3250.966904,True,False,False,3.4679129021891857,3.174280483796963
46.890094,80,3251.839177,True,False,False,6.144574976354317,5.917295711381965
40.505053,47,3252.329985,True,False,False,4.412413741971591,4.360190245262806
29.733833,46,3252.834424,True,False,False,3.813206191471418,2.945662408596364
27.276872,15,3253.005513,True,False,False,1.5741872128013408,1.7226616496198732
44.092726,40,3253.416297,True,False,False,5.04988825266192,5.059650754557933
42.568857,76,3254.269034,True,False,False,5.817563727151169,5.15915176355805
36.188508,49,3254.78126,True,False,False,4.479072602682325,3.7191302363858814
37.133599,46,3255.30007,True,False,False,3.679326408055943,3.8371339055861555
43.574231,72,3256.068881,True,False,False,6.479243845395806,5.19341076220024
29.629062,48,3256.580904,True,False,False,3.117945479012343,2.9166889351458725
41.227792,77,3257.403895,True,False,False,5.054234415571656,4.958480468854381
43.505984,65,3258.07612,True,False,False,5.522091590547235,5.248019680328718
52.861881,101,3259.194126,True,False,False,7.524341540847958,7.272504956618889
41.473731,70,3259.956953,True,False,False,5.5834769824594925,4.907579584436207
29.975812,28,3260.263958,True,False,False,2.855116102635946,2.411348237300425
45.769884,69,3260.999798,True,False,False,6.281487082169271,5.510069631931556
32.747086,26,3261.291488,True,False,False,2.8565291101973886,2.8348326556615886
27.104706,30,3261.614989,True,False,False,1.8092201314065388,1.8961200404516194
47.525776,67,3262.328491,True,False,False,6.374060766691206,5.931062102492694
45.691719,57,3262.914835,True,False,False,6.4907962643603305,5.548000752762569
33.95867,50,3263.469488,True,False,False,3.6209508796224865,3.324841084558887
40.61865,47,3263.972983,True,False,False,4.970029466626771,4.650761944105751
36.899663,34,3264.344716,True,False,False,3.892876443991154,3.7220478107319104
31.137002,33,3264.72006,True,False,False,3.2339808429448396,2.7345858673351873
38.430069,37,3265.128114,True,False,False,4.453541112783061,4.095449968595998
32.169127,27,3265.432089,True,False,False,2.8896070110977043,2.7452712162492583
31.566563,39,3265.878475,True,False,False,2.8177524333611887,2.746696820059942
39.782016,49,3266.391647,True,False,False,4.881286553481369,4.389862987178537
42.718714,80,3267.268854,True,False,False,6.158597157462505,5.261851219524801
29.879508,22,3267.510728,True,False,False,2.1931496060527276,2.2936856333307283
39.345873,63,3268.207785,True,False,False,4.8434945681421935,4.521511883229924
37.98575,57,3268.862033,True,False,False,4.949898645821476,4.217648920135063
29.751046,18,3269.050937,True,False,False,2.1193135341112734,2.2207006623428605
33.012262,26,3269.342535,True,False,False,2.8622624792489284,2.9361892813577883
26.44512,35,3269.739664,True,False,False,1.9780811166545476,1.7581615183726047
40.022305,65,3270.413494,True,False,False,5.080797850538,4.6688619820158435
27.865984,35,3270.815556,True,False,False,2.1325413147410837,2.0694835185915577
28.355172,28,3271.124466,True,False,False,2.0754964287819475,2.0576996545677777
28.819498,25,3271.382746,True,False,False,2.264874946072771,2.1764101152079993
-15.866879,19,3271.594121,False,True,False,1.8745423509117747,3.523011996362865
29.621682,35,3271.964692,True,False,False,2.7779653581293284,2.3774719416883077
37.918765,63,3272.676411,True,False,False,4.553558464492786,4.121950783055791
40.019019,34,3273.04876,True,False,False,4.562201248559297,4.291493480958275
36.632119,42,3273.527206,True,False,False,3.9680009465898802,3.7615260019671117
28.438867,39,3273.927457,True,False,False,2.017814565828133,2.1534314202866542
38.598064,42,3274.377499,True,False,False,4.554267379209664,4.134929698729523
28.649912,33,3274.733359,True,False,False,2.184013506936318,2.2627895577251507
34.286246,36,3275.117976,True,False,False,3.486306058481454,3.2572910491056972
27.785564,25,3275.383332,True,False,False,1.8434245599890955,1.9253272684031502
40.119006,77,3276.205085,True,False,False,6.345491913127818,4.7356550462635125
40.251032,59,3276.861212,True,False,False,4.901876771249215,4.568531195619132
28.117246,30,3277.193466,True,False,False,2.0548500770455838,2.03664625850231
43.772579,59,3277.813338,True,False,False,5.471967510454253,5.298217987537451
40.111125,52,3278.380462,True,False,False,5.096720668650135,4.53935279183052
51.034419,75,3279.178545,True,False,False,6.8906761605386535,6.6060964889431455
36.180635,38,3279.613428,True,False,False,3.390594678039772,3.5799028232325694
42.474861,66,3280.314668,True,False,False,5.27251008201486,5.0141311365381664
37.652448,72,3281.082514,True,False,False,5.006951149310372,4.1489384029112095
37.071585,44,3281.561895,True,False,False,3.83867246878114,3.791951743592422
34.466473,44,3282.006162,True,False,False,3.389762361224641,3.2579972310380647
27.635658,25,3282.26376,True,False,False,2.205861450717537,1.9509300487790942
54.541464,88,3283.204076,True,False,False,7.969551281155929,7.475210412665867
36.685167,42,3283.647662,True,False,False,4.143415797321193,3.827289751110011
44.510928,54,3284.241145,True,False,False,6.140925223050273,5.362401093360216
31.28477,44,3284.73146,True,False,False,4.11854699215815,2.8069957893112587
36.617844,43,3285.209839,True,False,False,3.7043495745086794,3.6065962938740523
45.435224,68,3285.880128,True,False,False,6.244529334664288,5.691910723506341
37.660592,44,3286.33218,True,False,False,3.8620001785679663,3.8637281042808542
44.499786,87,3287.312698,True,False,False,6.278331713461871,5.591641858423401
36.721569,69,3288.043213,True,False,False,6.142083838100575,4.405449409185704
41.136907,82,3288.928741,True,False,False,4.949411340712315,4.862010067225046
32.130215,44,3289.399043,True,False,False,3.9441814888200217,3.017425246583496
30.375101,31,3289.745459,True,False,False,2.517955491992223,2.4560391812895426
42.445475,60,3290.412642,True,False,False,5.890405257857512,5.011488729593975
34.438413,55,3290.98571,True,False,False,5.335807204703087,3.5834241924755195
40.872213,93,3291.963574,True,False,False,5.44186255623534,4.978910151627784
42.489537,104,3293.122798,True,False,False,6.192846944884018,5.413608130216726
44.214538,106,3294.252549,True,False,False,7.046589029498409,5.667323692564248
36.972423,35,3294.623431,True,False,False,3.849022353669147,3.707809364529084
25.888691,29,3294.943164,True,False,False,1.9941186169350944,1.6749089772573544
27.35558,17,3295.128623,True,False,False,1.6300337418377642,1.7530478706372772
36.570805,48,3295.635978,True,False,False,3.844453034154696,3.6595195442050175
43.034339,85,3296.550647,True,False,False,6.185065782038543,5.256251130312163
41.247198,64,3297.252679,True,False,False,6.077309227026319,4.864532965285252
45.059322,69,3297.968833,True,False,False,5.557112978349912,5.517200896837143
28.623215,40,3298.412575,True,False,False,2.30517456399798,2.2504590154720496
28.216638,15,3298.577472,True,False,False,1.8343198151897826,1.964254768063119
26.717185,24,3298.816068,True,False,False,1.615847990662209,1.7401198179440445
44.642281,88,3299.747488,True,False,False,6.412768247865214,5.724887856538934
26.670055,21,3299.950594,True,False,False,1.6031896162331898,1.6920848667408763
36.799638,40,3300.389689,True,False,False,4.003231505341387,3.8223008233044444
41.232109,66,3301.063492,True,False,False,5.859123169621252,4.821902920065005
27.735207,24,3301.327187,True,False,False,1.7434515182587154,1.938610794643789
43.936007,82,3302.223031,True,False,False,5.877646238079175,5.424062818241605
40.023326,32,3302.560082,True,False,False,4.232515075327717,4.285425389199461
34.653045,48,3303.04968,True,False,False,3.979292741193951,3.452112714170513
30.092572,26,3303.340039,True,False,False,2.290660070326918,2.4352493664010653
43.233728,57,3303.965365,True,False,False,5.904433052489053,5.165527681769255
43.587051,64,3304.660736,True,False,False,5.469680868163821,5.199145087821083
51.01425,83,3305.567122,True,False,False,7.205735585450349,6.8582512752012885
45.914909,70,3306.350027,True,False,False,6.149108856585716,5.657990655920171
37.451332,42,3306.812319,True,False,False,4.162313228907736,3.9305936487154995
32.234279,39,3307.241796,True,False,False,3.0493210943594335,2.8385627987538595
39.563275,51,3307.796342,True,False,False,4.738317466989694,4.396287572106352
41.517309,61,3308.464948,True,False,False,4.76028717235249,4.813965491488437
37.239586,38,3308.85169,True,False,False,3.472118190614093,3.674026391775761
40.302152,62,3309.481704,True,False,False,5.456506232939314,4.651183307580851
33.158159,31,3309.805251,True,False,False,3.0449825408524784,3.0730524869738494
35.986772,39,3310.262538,True,False,False,3.3619226086570952,3.458137815276227
30.398717,31,3310.573755,True,False,False,3.1166465333660724,2.5419703059603664
47.852666,69,3311.296916,True,False,False,5.889993395773466,5.90690964650168
46.805832,104,3312.41337,True,False,False,7.405309909144023,6.2192848040154995
40.153938,63,3313.101359,True,False,False,4.762030679820522,4.5302693495006325
53.323005,87,3314.037527,True,False,False,8.320405100783935,7.3262493924818
33.492223,40,3314.483682,True,False,False,3.436058523879256,3.1773121539357394
46.480097,64,3315.188864,True,False,False,7.652838523481133,5.850264454375537
27.745967,28,3315.497311,True,False,False,1.8399309043644403,1.93957621603545
38.74448,60,3316.166411,True,False,False,4.930548784505684,4.421170452743863
30.654677,33,3316.53528,True,False,False,2.612555557328275,2.509616638410216
32.261756,44,3317.006779,True,False,False,3.0961447686765533,3.017203380275079
31.391298,27,3317.32509,True,False,False,2.3808300535704245,2.625567289637992
29.296609,34,3317.724175,True,False,False,2.163504973223825,2.274213250736882
34.346675,70,3318.533135,True,False,False,4.39363861284531,3.565440458172789
43.532864,84,3319.45782,True,False,False,6.840072464170898,5.557271172658147
42.736993,63,3320.172774,True,False,False,5.911274558982289,5.235598150517885
31.116692,44,3320.734883,True,False,False,2.8662784128031062,2.767998740533454
47.858692,79,3321.627383,True,False,False,6.758487965629149,6.2165383126351665
25.211391,45,3322.101534,True,False,False,2.550409902269383,1.7175035350039913
32.509217,37,3322.454485,True,False,False,3.032801791417311,2.899586409450961
42.937309,103,3323.525777,True,False,False,6.761953430502732,5.4272075455343884
34.96561,51,3324.057035,True,False,False,4.4678446705124015,3.571417314815952
40.174084,69,3324.843195,True,False,False,5.05980089234485,4.6773891587970375
34.551602,35,3325.287615,True,False,False,3.4549908590971006,3.3196894595207804
30.111142,34,3325.709352,True,False,False,2.3777454919262135,2.4473448360172703
35.234954,43,3326.220958,True,False,False,3.8856711620846114,3.496577769702798
41.688599,44,3326.743076,True,False,False,5.048757317735832,4.609432777969261
28.456485,34,3327.154336,True,False,False,2.8852625853639395,2.151935034739411
33.417912,31,3327.541621,True,False,False,3.3692462094258375,3.0847740120720064
36.943053,39,3328.018311,True,False,False,3.869720556382061,3.8104571290754086
29.968281,23,3328.314251,True,False,False,2.2769946791127205,2.3379482633418527
47.333444,102,3329.586913,True,False,False,7.045307969186007,6.333382911685022
41.381688,69,3330.395959,True,False,False,6.069866161546591,4.939635294571124
37.793165,42,3330.892045,True,False,False,4.441248105215708,4.005688240918279
49.651731,108,3335.132985,True,False,False,7.832344894325034,6.750029084607947
29.730381,25,3335.448048,True,False,False,2.6553663455010694,2.3217201237862692
45.04217,83,3336.440377,True,False,False,5.968328401108219,5.631373255454316
36.237042,45,3336.977953,True,False,False,3.7558274444937987,3.7027048311602275
30.815688,23,3337.243874,True,False,False,2.4325517582738856,2.4906438880878787
38.180974,47,3337.80092,True,False,False,4.785420525103728,4.198202902795823
32.870498,38,3338.261974,True,False,False,3.698808606515282,3.0398454567510655
39.561241,70,3339.135355,True,False,False,4.621288532208251,4.455260700511399
32.59531,32,3339.519746,True,False,False,3.3075129637492435,2.9872280529828825
33.121839,35,3339.925865,True,False,False,3.3249280238970353,3.071679117551823
50.303765,64,3340.67093,True,False,False,6.63137587062428,6.447559911121641
42.550736,51,3341.305351,True,False,False,5.030654657261437,4.960313117114093
33.609197,46,3341.847145,True,False,False,3.439034157024089,3.1667631979707522
42.009,71,3342.688112,True,False,False,5.138047110004947,5.0054184797706744
39.213133,60,3343.407182,True,False,False,4.577896317314961,4.273942521049029
46.561051,69,3344.232097,True,False,False,6.590505583926119,5.8061352913944795
40.101761,87,3345.260712,True,False,False,4.9277075997508195,4.7584646186077615
25.955518,21,3345.52447,True,False,False,1.515196984522969,1.5748792907044449
46.896058,52,3346.137204,True,False,False,6.528978825346002,5.760135351947692
40.901916,31,3346.49543,True,False,False,4.5050237535943,4.445581043282518
35.604602,76,3347.388771,True,False,False,4.929325534982814,3.9102452764450883
29.032538,38,3347.824167,True,False,False,2.4504488860835654,2.2723152072348074
37.747895,36,3348.27029,True,False,False,3.892564369749752,3.9622687699821655
35.630298,44,3348.806682,True,False,False,3.952687084578839,3.5650404139749385
39.54254,57,3349.485315,True,False,False,4.961035123630883,4.455597969685762
30.593101,27,3349.808032,True,False,False,2.4044976003587193,2.4214440788663287
35.421762,43,3350.349125,True,False,False,3.67641210659055,3.5366215625334827
27.543277,37,3350.770113,True,False,False,2.618391528610834,2.02724965302861
43.210442,79,3351.721594,True,False,False,6.020128373745521,5.464980059520707
38.287049,46,3352.278875,True,False,False,4.451956643538229,4.085307113682608
30.171585,37,3352.712243,True,False,False,2.853906993640948,2.566978505449616
36.167378,32,3353.098111,True,False,False,3.702744032602558,3.5616905890210315
29.00601,35,3353.506602,True,False,False,2.9772468634762577,2.3095487960598975
28.460098,37,3353.942178,True,False,False,2.2487908976544513,2.202694921738597
33.174541,34,3354.33682,True,False,False,2.9815252996346557,3.067021288863369
36.024973,43,3354.856595,True,False,False,4.498791858458857,3.688223312437083
33.080642,37,3355.288755,True,False,False,3.101511631698833,2.9379708678688834
45.272168,86,3356.315346,True,False,False,6.538488838115944,5.859795208963743
30.601429,30,3356.669279,True,False,False,2.482895111367145,2.5240648164852577
48.400182,61,3357.405454,True,False,False,7.561619254591278,6.047315286338503
47.006507,73,3358.278471,True,False,False,7.174951976552779,6.077483209087662
56.407077,87,3359.337512,True,False,False,9.073504944486956,7.835400939771156
45.405451,73,3360.18899,True,False,False,5.678640675297198,5.612178015437589
27.443089,15,3360.374308,True,False,False,1.5771097781619778,1.8009193726952133
32.271696,34,3360.777449,True,False,False,3.071395716192343,2.919909510940169
29.063618,30,3361.136628,True,False,False,2.13804028216598,2.175899766965158
45.751763,46,3361.668515,True,False,False,5.40164416433029,5.419221587865982
44.73149,68,3362.407054,True,False,False,6.358941581640352,5.64739246634775
33.305755,54,3363.057521,True,False,False,3.2463332641870437,3.253081790269329
39.213254,46,3363.601804,True,False,False,4.105775204187743,4.222862567499563
41.070721,69,3364.414516,True,False,False,6.447549141107896,4.960321444379267
38.493686,41,3364.917457,True,False,False,4.82154291619723,4.117235182213975
28.827585,49,3365.502407,True,False,False,2.9946516468555826,2.41914014885367
31.993677,30,3365.862876,True,False,False,2.815029031264635,2.8996252183279023
34.282734,22,3366.13106,True,False,False,2.966811855081212,3.096276562276051
28.277493,23,3366.418592,True,False,False,2.174854502873304,2.0486425906227748
48.320085,109,3367.702948,True,False,False,6.637639127965806,6.465678339265826
49.642171,76,3368.623073,True,False,False,7.338415286860681,6.564091349284399
39.466579,73,3369.517792,True,False,False,6.326739669752107,4.727132646156991
40.98546,51,3370.111957,True,False,False,4.848131636705348,4.6080323148735145
38.744967,49,3370.705802,True,False,False,4.133690255986069,4.0177968684486185
26.298746,23,3370.975734,True,False,False,1.7976454978453138,1.6688933427550758
31.201048,30,3371.325792,True,False,False,2.92506347503887,2.645897403340726
46.508856,93,3372.421464,True,False,False,7.143988925612368,6.129345180664749
52.769949,97,3373.491625,True,False,False,7.83180058571762,7.136149471588808
27.249798,24,3373.73773,True,False,False,1.8460231117778383,1.8700335132672943
39.238796,57,3374.378257,True,False,False,5.270652535987368,4.358556368421654
40.999353,63,3375.126004,True,False,False,5.480575671774761,4.826242143673783
41.859273,55,3375.790982,True,False,False,6.163749197235419,4.992995864344071
37.629434,68,3376.600665,True,False,False,4.414691612944017,4.068224196495135
31.90486,34,3377.011269,True,False,False,2.6668742988105407,2.793319832812039
54.935345,103,3378.246116,True,False,False,9.39647869158283,7.704336963236807
48.561905,59,3378.984844,True,False,False,6.781549750305001,6.155089665976536
28.629529,35,3379.398756,True,False,False,2.5734453079020256,2.211831494607031
48.095741,65,3380.182515,True,False,False,6.564676912648444,6.057029694749331
28.338682,20,3380.429478,True,False,False,1.8928799785445563,2.024913048436432
34.460384,40,3380.906689,True,False,False,3.7234789652793236,3.2941516303875553
45.362588,70,3381.748866,True,False,False,6.6239831703251415,5.534913024508999
47.616759,65,3382.506488,True,False,False,6.06978974458037,5.871227872825972
46.999432,94,3383.635961,True,False,False,6.5172659455829285,6.112933594985956
49.147855,74,3384.520675,True,False,False,7.053056525219903,6.500545976714296
26.246519,19,3384.763972,True,False,False,1.9680991950454716,1.6041800526424743
28.013361,30,3385.120384,True,False,False,1.9186503797526417,2.0749749081715874
37.540441,44,3385.663846,True,False,False,4.01200940147277,3.952711172759285
30.538434,30,3386.026968,True,False,False,2.328648583890253,2.477227229576436
42.922438,51,3386.626699,True,False,False,5.304146168101328,4.99752364092665
35.873363,41,3387.121074,True,False,False,3.572944812266634,3.6300245099634556
44.629328,48,3387.70186,True,False,False,5.271354206671845,5.298370663859786
41.549568,59,3388.393368,True,False,False,4.816472321090498,4.6933025559283115
46.999658,71,3389.263776,True,False,False,6.116147292313124,5.86296819803266
26.735606,15,3389.437988,True,False,False,1.5627170388321907,1.623376614254757
43.532599,79,3390.387852,True,False,False,8.980373256348106,5.570622055085565
39.471416,64,3391.161665,True,False,False,5.463261509860814,4.8104565869467795
32.761849,57,3391.815733,True,False,False,3.7558032216989803,3.3163884128739873
30.929865,29,3392.16608,True,False,False,2.571364694107354,2.6097179583009416
28.576314,36,3392.600441,True,False,False,2.4068066277966174,2.1180040378447265
33.031004,29,3392.930919,True,False,False,3.6572223579218903,2.987587047159336
39.378614,36,3393.364934,True,False,False,4.485906725345941,4.263243842921385
39.554161,65,3394.150492,True,False,False,4.8518209588873455,4.428402992570632
35.307589,44,3394.680263,True,False,False,3.5022338006028937,3.477472593520746
42.446014,64,3395.432766,True,False,False,5.138295135386398,5.036520587214341
39.765848,33,3395.820308,True,False,False,4.13353491044406,4.245454763962591
39.476589,37,3396.268476,True,False,False,4.614113526936871,4.20213163715315
45.637743,111,3397.576923,True,False,False,7.307100244160873,6.103102351373965
36.255616,56,3398.245153,True,False,False,4.057511853262075,3.765786662011264
48.777958,79,3399.205124,True,False,False,6.309357340363204,6.141606215441925
37.088787,45,3399.73063,True,False,False,4.023980510555899,3.8841094267674516
26.885151,20,3399.964792,True,False,False,1.6300354570326328,1.699653143492958
52.104761,96,3401.089897,True,False,False,8.817282755174588,7.0560369817894575
30.514079,26,3401.396029,True,False,False,2.3911564437908615,2.462430408526925
35.45665,41,3401.883766,True,False,False,4.5415287451208455,3.4764900780352517
44.3136,70,3402.713583,True,False,False,5.635107200744251,5.334110912095142
45.519887,83,3403.675437,True,False,False,6.530831927984729,5.854383022362775
35.801931,22,3403.939046,True,False,False,3.2779622256049077,3.348706796484404
34.336558,36,3404.372627,True,False,False,3.488848117940135,3.249278218601711
33.410967,40,3404.852662,True,False,False,3.0964491643169283,3.143994912720411
38.281436,39,3405.338081,True,False,False,4.238750588481352,4.112330425082799
38.27784,49,3405.904501,True,False,False,4.7611373973009625,4.126217401321481
44.490766,49,3406.48472,True,False,False,5.300059435711865,5.289452171413279
41.116905,45,3407.002199,True,False,False,4.540878869825233,4.525734705444685
29.948625,24,3407.290504,True,False,False,2.2736472587029883,2.4298835883591496
39.389943,62,3408.032109,True,False,False,4.901350669193912,4.571438267249729
32.405199,43,3408.563436,True,False,False,4.127033823036358,3.0750452641806754
46.956021,55,3409.204687,True,False,False,6.283951447109217,5.802805547870706
35.633381,51,3409.825797,True,False,False,3.5674167257087777,3.6318026700036836
28.863673,39,3410.287892,True,False,False,2.5128614475097786,2.3447663472144296
42.716019,86,3411.309664,True,False,False,6.839331631583692,5.478039014293982
37.054821,99,3412.384497,True,False,False,7.363456033107089,4.69195414667861
34.5894,39,3412.853559,True,False,False,3.4089467786244487,3.3665102169616596
29.644898,33,3413.260616,True,False,False,2.6371884652233755,2.400354356285896
39.477722,67,3414.074501,True,False,False,5.524006139321332,4.52996859255312
41.478951,55,3414.731685,True,False,False,5.337851354242572,4.905865798688044
-7.148543,42,3415.233721,False,True,False,4.628863976712468,5.213885151128285
36.675254,37,3415.663378,True,False,False,3.6969683449101662,3.639641483474798
33.234633,36,3416.090873,True,False,False,2.990536473259496,3.1229663168010178
37.923025,37,3416.542336,True,False,False,3.865310162204129,3.8536465870598335
36.956626,33,3416.931882,True,False,False,3.8353728787772874,3.6817583001099212
45.110753,74,3417.811772,True,False,False,5.687452227683309,5.6017228850580105
46.901707,54,3418.452107,True,False,False,5.657314178195549,5.778764788961459
35.060165,25,3418.773355,True,False,False,3.2095194416250523,3.2788592381125916
41.491619,52,3419.406279,True,False,False,4.912692255499302,4.682790697722275
42.011947,64,3420.167854,True,False,False,4.920357206525163,4.790389689829707
40.536553,32,3420.547401,True,False,False,4.317881076125411,4.30014084314405
35.604038,56,3421.210091,True,False,False,3.8284017201480864,3.610942657358653
30.348292,40,3421.658864,True,False,False,2.607667352453346,2.6278281504799645
31.756431,36,3422.063184,True,False,False,2.931408484985239,2.845959762677524
26.228359,18,3422.251318,True,False,False,1.43094965984902,1.6382461947564528
28.853815,37,3422.63712,True,False,False,3.2074862491371876,2.271326200263675
30.316904,31,3423.013024,True,False,False,2.574391561899513,2.569101607062127
28.088897,20,3423.251008,True,False,False,1.8113890143008224,1.9501661282058718
31.220365,24,3423.530592,True,False,False,2.7662369457734557,2.571483723676768
27.401924,36,3423.967912,True,False,False,3.020605464078405,1.9671984388266186
38.011604,55,3424.616058,True,False,False,4.566466442854728,3.986861461202338
36.351393,54,3425.253522,True,False,False,4.000708686017661,3.7619795146719897
32.351297,49,3425.842578,True,False,False,4.399319897513464,3.012101713918174
36.311124,44,3426.376315,True,False,False,3.968710387079101,3.760333359293408
37.149444,45,3426.8992,True,False,False,4.085230822371977,3.869787732946306
45.118841,134,3428.461408,True,False,False,7.513039322619823,6.136262872362134
36.739476,39,3428.944431,True,False,False,3.701951041246503,3.762984125628186
31.412944,27,3429.247482,True,False,False,3.184313604841946,2.646852700990233
32.408214,29,3429.590866,True,False,False,2.7449085904646573,2.8618155353273904
32.98411,43,3430.090932,True,False,False,3.281429102819211,3.143390182563482
47.411303,85,3431.12272,True,False,False,6.775796496988606,5.974966808739844
28.437438,22,3431.376509,True,False,False,1.8781269902890707,2.0268688654292553
50.682531,84,3432.351081,True,False,False,7.314225514634402,6.722576813959507
28.982155,22,3432.575882,True,False,False,2.1739029640720107,2.1419581832662304
26.522368,19,3432.765415,True,False,False,1.8050824416927462,1.6935678275027082
32.712127,78,3433.698761,True,False,False,4.526747515571407,3.5212647248900995
39.072049,83,3434.707174,True,False,False,5.382993836627465,4.564333305588808
26.18202,19,3434.912158,True,False,False,1.53894700047388,1.5864137629972654
42.408937,52,3435.523977,True,False,False,5.0297409205802985,4.895195696519514
-14.790125,14,3435.69653,False,True,False,1.3389883379115401,4.5228657743593494
35.769504,47,3436.273566,True,False,False,3.8471314032429995,3.698491792559436
38.462557,50,3436.883782,True,False,False,4.791417429798631,4.2189530099336165
29.085702,33,3437.261113,True,False,False,2.700111105099676,2.2062124708175195
47.245367,90,3438.334985,True,False,False,7.539960614885725,6.212231652627966
38.446476,39,3438.809116,True,False,False,4.3702356084420195,4.011649078595338
45.063099,75,3439.630768,True,False,False,6.350616045893273,5.783949457413233
36.150335,57,3440.239152,True,False,False,4.895067773747772,3.8619090907415403
44.751851,62,3440.955581,True,False,False,6.034713894240139,5.42093463178355
29.866055,18,3441.178441,True,False,False,2.0291364756387407,2.214444006479507
28.861967,24,3441.463353,True,False,False,2.205652800138474,2.1032444372385157
27.528295,22,3441.729675,True,False,False,2.075211879950155,1.886498898613915
31.003684,31,3442.098155,True,False,False,2.9208458268063975,2.559009987635584
39.50877,78,3443.031897,True,False,False,6.4388382677333365,4.772606968288668
46.363057,57,3443.705412,True,False,False,5.996357298631812,5.67056852605896
39.702861,63,3444.435543,True,False,False,4.873840554280143,4.361405091757468
30.992457,19,3444.659888,True,False,False,2.4038060146174702,2.5159568272964994
52.536767,91,3445.764576,True,False,False,8.9626040111823,7.211989945413308
37.831513,72,3446.65196,True,False,False,5.015466576329826,4.239170466318652
27.852069,23,3446.93662,True,False,False,1.7441089458104013,1.9442343072969468
31.629719,33,3447.328281,True,False,False,2.998889773898866,2.7614029846861845
31.797414,33,3447.743948,True,False,False,3.0104625283327855,2.8172616626666818
41.266343,63,3448.491328,True,False,False,4.801536730275092,4.6121589055440255
26.944466,22,3448.776879,True,False,False,1.7809752383291972,1.7803742759249557
44.9256,108,3450.079942,True,False,False,7.424640241384061,5.812567058107301
40.148436,66,3450.779144,True,False,False,5.491899780661478,4.659305744910963
26.661839,18,3450.975421,True,False,False,1.6426410056901513,1.6603263556737078
37.768859,50,3451.562978,True,False,False,4.3922782201657276,4.085082053245081
44.021727,64,3452.35886,True,False,False,5.804642919358934,5.2377771408361
37.181945,68,3455.789214,True,False,False,4.237423783673372,4.059277510289469
27.566013,29,3456.150182,True,False,False,1.9790317699828308,1.9303410926128834
37.576495,48,3456.732201,True,False,False,4.108831442456725,3.9725209257497487
30.48908,25,3457.026376,True,False,False,2.332843080260261,2.4925554229309843
34.599867,39,3457.504472,True,False,False,3.5659905905340463,3.428730293384599
45.453833,72,3458.366312,True,False,False,6.0272114242195745,5.746151485089319
28.175397,20,3458.606906,True,False,False,2.11120218742843,1.9022604323891825
26.783622,18,3458.828319,True,False,False,1.8144844017874096,1.6384009245645934
30.748607,27,3459.144644,True,False,False,2.8280106853079805,2.5572346625052496
46.182571,99,3460.361067,True,False,False,7.072467718039396,5.958882614879394
36.129529,35,3460.77768,True,False,False,3.413238632839732,3.582225173542449
31.708618,30,3461.148438,True,False,False,2.5313672813104104,2.70789056613404
48.1835,75,3462.057105,True,False,False,6.872222623806663,6.196237065207453
27.926684,16,3462.254112,True,False,False,1.6967903943964613,1.9431917626668884
35.251639,39,3462.731613,True,False,False,3.363539091579491,3.3649564499354
42.54283,67,3463.550389,True,False,False,6.782673420719038,5.195302317044583
39.587121,44,3464.082325,True,False,False,4.410090740066854,4.332819961467599
34.036263,31,3464.449143,True,False,False,3.158996506826396,3.165801803756918
32.343466,63,3465.206541,True,False,False,3.920636281769569,3.1162789657669068
43.411732,60,3465.914585,True,False,False,5.828001901701191,5.192695120923933
43.122583,43,3466.420881,True,False,False,5.134552600230038,4.9902173641421985
38.040681,61,3467.15206,True,False,False,4.751388925014796,4.224144545305111
25.398445,28,3467.48011,True,False,False,1.3619122587229673,1.532265246257358
44.520793,66,3468.273031,True,False,False,6.6041208721243505,5.467872886281179
36.411596,45,3468.812619,True,False,False,3.62521208330546,3.5854823074675526
38.671541,34,3469.223962,True,False,False,4.371907790698657,4.079604150202026
35.816242,52,3469.848148,True,False,False,3.6872100553362124,3.6220469054125157
33.270777,21,3470.121591,True,False,False,2.669640573895376,2.9023110584856724
50.181315,94,3471.243924,True,False,False,7.644674771579278,6.747805667344055
37.693782,51,3471.846051,True,False,False,4.139731341505689,4.020335222863473
33.174122,43,3472.376981,True,False,False,3.740153746950798,3.1859223532679715
28.422016,18,3472.599378,True,False,False,1.7280018946523406,1.9701941995962657
41.822122,50,3473.197027,True,False,False,5.232933210420814,4.844555111690855
49.139348,76,3474.126643,True,False,False,6.746894650817559,6.321931468807827
30.069344,66,3474.914999,True,False,False,3.9125458709195056,2.7607057289293766
37.501768,52,3475.526474,True,False,False,4.657327392322466,4.018857018309694
38.053972,82,3476.519525,True,False,False,5.40429433923183,4.514437084491426
42.225758,67,3477.330212,True,False,False,5.158111106495862,4.990249522285915
39.552934,38,3477.788996,True,False,False,4.504128366422398,4.283703885244786
42.558887,84,3478.801065,True,False,False,5.5288439300624095,5.194211098106528
43.26914,101,3479.918759,True,False,False,6.692817001140271,5.584453759275045
38.424516,55,3480.561937,True,False,False,4.23069439028933,4.148171424354695
32.468375,32,3480.949691,True,False,False,2.697549501781469,2.8020605621888706
33.069452,46,3481.514195,True,False,False,3.5887646414074204,3.0265462910698937
34.652698,26,3481.817899,True,False,False,3.316930891471647,3.1971796110979023
25.236794,39,3482.293086,True,False,False,2.288515241543276,1.8678583772466368
35.600621,38,3482.74635,True,False,False,3.7931755735655033,3.593253870688735
41.127757,69,3483.554657,True,False,False,5.655703512378186,5.0352048265046365
28.81944,30,3483.925491,True,False,False,2.021579565922872,2.1243084682744477
46.344981,63,3484.668847,True,False,False,6.730374272303197,5.9455445662799145
29.977546,31,3485.028147,True,False,False,2.307642545754689,2.3965744571812704
25.854839,15,3485.215774,True,False,False,1.5511675195011916,1.504884192910985
37.488477,57,3485.839562,True,False,False,4.527616013280938,4.009964538814813
29.515259,18,3486.034969,True,False,False,2.2911741395720644,2.228015310625536
27.436147,22,3486.266374,True,False,False,2.316120226112017,1.8646129149061876
33.465719,37,3486.683709,True,False,False,3.029253340350374,3.048430683746266
31.279098,26,3486.990599,True,False,False,2.480521300297367,2.5534524847708506
32.488018,34,3487.391957,True,False,False,3.3778028880603754,2.98233270867719
46.162412,86,3488.407394,True,False,False,6.8046060022512895,6.107679701999945
28.616581,17,3488.608751,True,False,False,1.9510000877698115,2.075529360496515
34.66978,50,3489.202358,True,False,False,3.6443676360863937,3.478623179138902
38.737745,43,3489.716087,True,False,False,4.497350973307958,4.212488629261115
26.659854,28,3490.047795,True,False,False,1.5964711994332341,1.7447458978475314
46.897576,61,3490.770552,True,False,False,6.690449398458673,5.84251548445277
38.326617,60,3491.506557,True,False,False,5.04277503907488,4.219012130347863
41.497765,50,3492.137149,True,False,False,4.814279766324176,4.741345479540599
39.238229,41,3492.625888,True,False,False,4.460003742689397,4.194446994790832
30.418361,23,3492.88915,True,False,False,2.2234826971103034,2.4254999469298952
48.678147,80,3493.860077,True,False,False,6.784644948616224,6.401373064920909
33.316761,49,3494.470592,True,False,False,3.466227638369238,3.1468441006932517
34.962807,34,3494.876967,True,False,False,3.567729572039544,3.3972225829396288
37.70264,52,3495.500893,True,False,False,4.207506463621396,3.9653997266145695
32.599061,33,3495.886435,True,False,False,3.1899581811454563,2.966457205924542
43.731744,79,3496.840517,True,False,False,5.694499067518918,5.503681225487832
33.458621,42,3497.341666,True,False,False,3.0662525416928115,3.1635752686233607
37.205643,61,3498.058321,True,False,False,4.626340260995548,3.9877154085463036
47.141679,67,3498.873905,True,False,False,6.093620210371295,5.908537814915127
35.405691,39,3499.323609,True,False,False,3.6066488538314823,3.420203486713531
36.954014,43,3499.835021,True,False,False,3.9745727358085645,3.821707932480573
32.055574,42,3500.331336,True,False,False,2.9033666236079267,2.919089554722521
33.930552,37,3500.756748,True,False,False,3.207981287183212,3.1670469481086005
31.675301,26,3501.06233,True,False,False,2.548151524873795,2.6895872326693504
40.133184,42,3501.560953,True,False,False,4.229061301026476,4.284328936620367
41.512916,37,3502.007846,True,False,False,4.688124597109282,4.586092975468278
43.28126,69,3502.814873,True,False,False,6.237886306642697,5.291357351152265
26.486146,22,3503.068991,True,False,False,1.4241873882869132,1.6578659460078904
25.617756,35,3503.4965,True,False,False,1.9749177958407593,1.663688694954058
33.726482,39,3503.942607,True,False,False,3.049959449603161,3.120982953882096
31.748993,30,3504.311211,True,False,False,3.2379702621375217,2.7327519310806396
30.379022,34,3504.714714,True,False,False,2.4594078745819243,2.487998625460148
44.667697,81,3505.681699,True,False,False,6.384869816209387,5.522249017210991
34.801395,28,3506.011494,True,False,False,2.979234096470443,3.2107788183169577
39.903268,71,3506.852606,True,False,False,5.173512458468254,4.690483287776931
32.755498,36,3507.275494,True,False,False,3.3210873269082897,3.0259134826059073
38.959426,67,3508.05967,True,False,False,5.088512586167867,4.282073198628148
38.745954,66,3508.841116,True,False,False,4.569852902939404,4.348109699259983
36.056182,64,3509.597338,True,False,False,5.115172266303707,3.8129147073496714
34.399383,36,3510.026713,True,False,False,4.483956373196602,3.3578668221520953
29.215791,34,3510.417918,True,False,False,2.8671719985837236,2.413759128732746
33.127006,33,3510.789041,True,False,False,3.408195100718645,3.0782368014078263
37.324406,59,3511.489027,True,False,False,4.777898153365333,4.2278890451953774
41.489521,50,3512.070149,True,False,False,5.019107418019307,4.681419238375958
26.668659,21,3512.310624,True,False,False,1.8649900348728425,1.743066375168032
55.885071,111,3513.6246,True,False,False,8.908872987467342,7.899057439285884
42.286822,96,3514.751189,True,False,False,7.057168747885618,5.3746967863247335
38.089689,44,3515.265136,True,False,False,4.506976791991125,4.020534448357565
34.811521,54,3515.905883,True,False,False,4.2392054193872895,3.48843024837396
39.285164,65,3516.667241,True,False,False,5.091767723567747,4.5895211566446985
45.149398,53,3517.299214,True,False,False,6.394662452114464,5.416543128360365
49.04694,77,3518.189044,True,False,False,6.623418194108707,6.320641976417608
45.392323,79,3519.124521,True,False,False,6.424188217834865,5.762826322123346
39.189174,39,3519.572812,True,False,False,4.4061845222210145,4.217633181303535
37.197271,50,3520.158015,True,False,False,4.093634367399079,3.933030196849195
26.045968,30,3520.505167,True,False,False,2.0547771623222135,1.6421658690487788
36.727602,51,3521.121018,True,False,False,3.86486589642735,3.792178420808349
50.877717,59,3521.827358,True,False,False,7.2557839988437385,6.542682473731748
31.51259,32,3522.210605,True,False,False,2.9605313044866355,2.6807136921283155
43.691514,54,3522.849627,True,False,False,5.170814584224253,4.999127719116588
35.77154,41,3523.333728,True,False,False,4.371264211090925,3.6233858172455213
44.807688,68,3524.128108,True,False,False,6.3199744913156675,5.593665558669238
25.964254,23,3524.38781,True,False,False,1.6310799638849514,1.5931506674781495
29.567851,25,3524.696912,True,False,False,2.1481733035811197,2.240878865289393
29.314392,28,3525.023303,True,False,False,2.2801077763839954,2.25830358667019
32.39373,38,3525.478676,True,False,False,3.0418907860693403,2.8513839379852675
32.545371,34,3525.885807,True,False,False,3.4468969329181425,2.979092605615301
47.738435,50,3526.483766,True,False,False,5.859607566548429,5.8396433411473305
38.435381,51,3527.072922,True,False,False,4.153865531313595,4.054759933888905
36.254374,55,3527.721074,True,False,False,4.70989914547944,3.823635161625576
32.512574,27,3528.0328,True,False,False,2.6319399358883135,2.82308833254982
35.875635,44,3528.55837,True,False,False,4.256847280117154,3.646757438193602
27.876794,18,3528.775505,True,False,False,1.6980931748047983,1.8776997571461949
47.742527,49,3529.365957,True,False,False,6.6242692126819875,5.875604478345833
36.436804,27,3529.667173,True,False,False,3.8953385230533244,3.527339514780193
27.018966,28,3530.009311,True,False,False,1.9464620878172736,1.8408321360984738
29.58984,27,3530.332142,True,False,False,2.0055309449497245,2.2412375614418574
35.711169,43,3530.833853,True,False,False,4.349573924806413,3.6066064733053924
36.331069,60,3531.524019,True,False,False,3.883178049903074,3.7556101930740526
42.266259,65,3532.277194,True,False,False,5.2738145661932805,4.872476608546048
27.52771,48,3532.835596,True,False,False,2.8418045801609173,2.312416545529132
29.557297,30,3533.188964,True,False,False,3.2217068963656788,2.342214992550171
29.298017,19,3533.404178,True,False,False,2.0351248504018224,2.2184163609807603
34.670074,30,3533.755466,True,False,False,3.2912149564949216,3.3181222828098202
44.8201,70,3534.571944,True,False,False,6.489215763028838,5.548417193769255
28.748235,33,3534.96972,True,False,False,2.5567000028197984,2.247420861482386
45.939052,96,3536.089351,True,False,False,5.950751982911781,5.8306259469129635
43.224488,48,3536.647959,True,False,False,4.839330991551531,4.954089781524577
28.523773,20,3536.884556,True,False,False,1.977565141008073,2.043472898094751
37.972382,51,3537.484856,True,False,False,4.84414688269068,3.998163252077945
32.532439,41,3537.981081,True,False,False,2.7997158821274923,2.897837178102922
40.817862,45,3538.511833,True,False,False,4.399843537083813,4.538346953543799
41.744399,57,3539.216078,True,False,False,5.626863643648947,4.848089457937661
30.584762,61,3539.923267,True,False,False,3.510116620553932,2.921597244016597
34.100592,61,3540.640505,True,False,False,5.171625082036412,3.4641804480495826
29.802132,36,3541.071985,True,False,False,2.364839610362148,2.3595078715141735
34.435219,38,3541.51312,True,False,False,3.839253281014922,3.3093240930641485
33.953396,42,3542.000631,True,False,False,3.412867987048616,3.1563569805221228
27.923452,35,3542.407099,True,False,False,2.9548268199875234,2.340686642323292
45.148262,61,3543.131504,True,False,False,5.634727287632697,5.509366261681219
32.830961,28,3543.461116,True,False,False,2.7078531595887214,2.8830611705686477
44.652476,105,3544.696909,True,False,False,6.8169874419667424,5.809700295792424
32.354674,37,3545.140999,True,False,False,3.0429124875501765,2.9033898510080154
43.521783,56,3545.797497,True,False,False,5.306092590698097,5.235598656454204
36.75497,64,3546.544088,True,False,False,4.728357167012135,3.918966220146544
32.257922,28,3546.868124,True,False,False,2.6343660658001453,2.776141002345384
41.165972,82,3547.816077,True,False,False,5.252212663937253,4.9065866546595185
32.355715,48,3548.349751,True,False,False,3.1396868342021995,3.074944012189325
36.772175,39,3548.787603,True,False,False,3.7337276963115795,3.742419955484482
37.960691,132,3550.29495,True,False,False,6.595883936681041,5.261581711982922
45.580368,70,3551.130391,True,False,False,5.8682848127153555,5.662029880406853
47.773854,79,3552.065617,True,False,False,7.207473625041091,6.2246713601636054
36.259804,45,3552.588042,True,False,False,4.028951413707814,3.6822807123151384
46.552896,107,3553.849958,True,False,False,6.547735038100546,6.079343387313734
36.92824,33,3554.232448,True,False,False,3.9683281505782415,3.7317542034308504
40.279782,56,3554.891402,True,False,False,5.615045516218845,4.705075172942687
44.809541,72,3555.732289,True,False,False,6.99461462361068,5.690073398831817
26.624755,24,3556.017768,True,False,False,1.7603174586364974,1.7793663391727934
38.665276,59,3556.723654,True,False,False,4.064850208026235,4.212131203368862
48.004939,87,3557.731169,True,False,False,6.933753111857344,6.249301352711461
36.9161,60,3558.441085,True,False,False,4.612054772924849,4.154077218042706
27.638172,39,3558.910599,True,False,False,2.9457957318075043,2.2608204931605047
30.611991,22,3559.181637,True,False,False,2.381442945827873,2.4703937837241434
45.264711,49,3559.762699,True,False,False,5.4554389524941955,5.297579600422669
40.440299,59,3560.455587,True,False,False,4.7822464366580935,4.487353405901428
38.762752,53,3561.073857,True,False,False,4.142536284396476,4.241810052077861
39.698572,61,3561.796592,True,False,False,5.776301859427709,4.530288760477576
43.652051,46,3562.336544,True,False,False,5.207578078039927,5.1430751905571
35.165421,41,3562.802832,True,False,False,3.5424726590386744,3.468469829442383
30.522608,20,3563.04004,True,False,False,2.3009900953167204,2.412366283230919
31.210448,35,3563.44176,True,False,False,3.002686982520944,2.60914090254646
29.863968,18,3563.634805,True,False,False,2.138172994854096,2.2610177870929102
27.782786,29,3563.952449,True,False,False,2.2058172764625446,2.0301683674856448
41.019009,80,3564.833709,True,False,False,5.232811307643613,4.909549946065269
44.229407,94,3565.917599,True,False,False,6.783343490414631,5.557504386115483
34.817594,33,3566.306799,True,False,False,3.5031281854457665,3.2676921399969348
40.614318,47,3566.845443,True,False,False,4.847411943426163,4.477299769628929
40.365584,53,3567.4712,True,False,False,4.59883691172272,4.525178947950428
44.326197,69,3568.27384,True,False,False,5.919012429765585,5.441058105400647
39.338937,53,3568.937131,True,False,False,5.0396237118193214,4.393050769850455
34.218978,23,3569.202627,True,False,False,3.1057365493712767,3.1527629070570304
30.849846,29,3569.547796,True,False,False,2.596025435663561,2.5364564709590325
35.304505,43,3570.048871,True,False,False,3.6097929175863848,3.508438309700937
42.505995,52,3570.652114,True,False,False,5.429273494684906,5.022746159925456
38.615321,51,3571.269001,True,False,False,4.804710131730679,4.2452425956027655
26.008183,15,3571.43105,True,False,False,1.282624355605582,1.5140867303965178
42.599507,45,3571.980196,True,False,False,4.987197667192089,4.930600181823234
37.760549,73,3572.841883,True,False,False,4.736179788551189,4.214178418971029
36.791834,71,3577.025334,True,False,False,6.2189610595137506,4.25439191212887
32.357395,34,3577.418875,True,False,False,3.440555823722598,2.8966152747139704
33.580471,52,3578.014111,True,False,False,3.3163972575498493,3.191008413347638
24.378341,53,3578.61322,True,False,False,4.373162836144657,1.7694696003275343
36.366187,46,3579.140841,True,False,False,3.6087663553215306,3.6501361874695846
40.354922,71,3579.966634,True,False,False,5.390864391312612,4.64670423981392
37.990572,26,3580.2605,True,False,False,3.8722107576428715,3.8062958462280623
38.996789,65,3581.013249,True,False,False,4.790842817883019,4.406283620369875
29.934974,26,3581.314968,True,False,False,2.247152878524265,2.387986372513773
41.144244,50,3581.885067,True,False,False,4.757871996862819,4.676545880334385
26.463076,19,3582.113019,True,False,False,1.5502412272843904,1.6986382488109824
42.534944,44,3582.624428,True,False,False,5.524231976070319,4.9049886123019215
38.736353,102,3583.802436,True,False,False,5.453365696177424,4.818371784076402
31.946334,29,3584.131841,True,False,False,2.610557208046548,2.6967004670649963
43.815226,83,3585.112822,True,False,False,5.632110314520613,5.341879381882386
30.171785,24,3585.392622,True,False,False,2.22323402919876,2.3482631747709517
47.772224,73,3586.229668,True,False,False,6.333034612792638,6.186028496809594
37.95387,41,3586.70646,True,False,False,3.981362915830414,3.893606667409416
38.322561,42,3587.203895,True,False,False,3.9554878921233088,4.042258104277235
42.822212,61,3587.927822,True,False,False,4.7839656814951885,4.9597572202068445
33.878299,33,3588.328387,True,False,False,3.51005521590118,3.178403406421469
26.893736,20,3588.575974,True,False,False,1.6684339786549447,1.7550497049866425
27.337044,28,3588.901077,True,False,False,2.1417006547073605,1.8766316316872027
47.517476,55,3589.533925,True,False,False,6.101674600227081,5.805254980077372
36.770352,54,3590.181654,True,False,False,4.655761449358689,3.864304837692283
39.732716,60,3590.889796,True,False,False,5.009728643733412,4.4801648097641475
34.832651,51,3591.501343,True,False,False,3.5467650741567307,3.4183911312230313
50.220189,70,3592.355309,True,False,False,7.414970968020526,6.4254562291178505
31.226598,28,3592.692989,True,False,False,2.484990994370752,2.598836207609378
40.378976,36,3593.113515,True,False,False,4.846381039625019,4.456401034305655
37.553882,36,3593.541233,True,False,False,4.103331257620671,3.8228172042621105
28.297047,18,3593.756208,True,False,False,1.7561558426357835,1.9846637258835684
30.676891,27,3594.063454,True,False,False,2.5343392004482457,2.528476661605969
34.828732,54,3594.713449,True,False,False,3.8946383845197188,3.561559884946029
33.172465,44,3595.231086,True,False,False,3.55029444746651,3.101738037564078
28.548042,24,3595.517409,True,False,False,2.244495189752713,2.086991029334792
32.634411,29,3595.859907,True,False,False,3.0170319183032386,2.840412727406139
48.537227,97,3596.989397,True,False,False,7.344031045311519,6.631007930346503
42.642885,49,3597.582658,True,False,False,4.892081721452091,4.871535607738578
27.516183,27,3597.890591,True,False,False,2.2423062418647683,1.9948777028817242
28.707449,28,3598.218521,True,False,False,2.42741135400346,2.1588453640112855
38.512873,45,3598.771578,True,False,False,4.310361027359977,4.085720488327837
33.711381,61,3599.485552,True,False,False,3.540564306929263,3.424850672269822
36.914729,48,3600.048426,True,False,False,3.7477651633530367,3.7076155323291307
38.092703,44,3600.570827,True,False,False,3.79908964853244,3.9422397658425634
33.76948,36,3600.989963,True,False,False,3.951749213622568,3.149686397379982
26.779068,16,3601.174801,True,False,False,1.5270154147856767,1.5890819544232027
39.055207,59,3601.872889,True,False,False,5.22531901109452,4.371390109758354
36.533494,43,3602.359429,True,False,False,3.8016295930999533,3.623191241641028
40.835456,57,3603.032288,True,False,False,5.3433512763653965,4.796300377030163
40.032081,48,3603.586842,True,False,False,4.499429891366065,4.421165864470093
49.407741,71,3604.41694,True,False,False,7.005846531180451,6.489576872510646
32.655784,34,3604.806586,True,False,False,3.0457308216211323,2.975186656120979
31.486419,33,3605.190694,True,False,False,2.7751061082557555,2.706693950270335
42.29589,68,3605.97611,True,False,False,6.140511267487323,5.359964049790865
35.932608,57,3606.621689,True,False,False,3.928086811771505,3.8090656759548693
42.407362,111,3607.917776,True,False,False,6.821134228466713,5.673884295926464
35.521359,30,3608.267392,True,False,False,3.9435729815997265,3.4641979636313778
36.581655,38,3608.718604,True,False,False,3.987417162611541,3.6810459408804004
30.447713,19,3608.931939,True,False,False,2.2265466141117813,2.3336908502945435
36.718997,33,3609.322314,True,False,False,4.146376788920129,3.64375499707805
41.392745,44,3609.832304,True,False,False,4.877668291686127,4.62236880937037
46.477847,80,3610.748442,True,False,False,6.058692093045228,5.8192898992264395
41.236494,98,3611.877485,True,False,False,7.195206934671244,5.178785768856299
29.656193,25,3612.158989,True,False,False,2.4157043491459014,2.3378572910927353
30.761035,34,3612.555848,True,False,False,2.51210798392167,2.567692890453103
25.76124,26,3612.855779,True,False,False,1.5834943161332509,1.5811548165039009
33.121325,27,3613.161091,True,False,False,3.0635487091695435,2.941323939782452
48.576599,72,3613.996784,True,False,False,6.790568670268672,6.1959833159897535
36.56366,50,3614.58749,True,False,False,5.0698639743806995,3.9582514121437504
33.879305,57,3615.251124,True,False,False,4.62527014110759,3.4822310784801873
34.620926,35,3615.664029,True,False,False,3.182759674680053,3.1783018960954164
38.369998,28,3615.989589,True,False,False,3.938619034718281,3.935062722033289
31.376844,35,3616.385931,True,False,False,2.7471690605726775,2.6986329233121045
46.616447,84,3617.350726,True,False,False,7.575024522153345,6.122143556954607
32.50499,30,3617.690389,True,False,False,3.068138813485185,2.8834353118686415
41.541427,68,3618.474956,True,False,False,5.178219496341044,4.830586732288633
35.589156,45,3619.01676,True,False,False,4.364637229058845,3.6593939126229547
36.382198,40,3619.480296,True,False,False,3.8056569941781677,3.6291846824417724
29.859859,29,3619.815092,True,False,False,2.1751221212713214,2.3099789654249547
39.112835,39,3620.274029,True,False,False,3.8662879179427105,4.035398198527206
33.364467,36,3620.697749,True,False,False,3.104014692822491,3.1076287696039246
38.439216,42,3621.185157,True,False,False,4.174834923456088,4.156254618057361
32.353729,50,3621.766568,True,False,False,3.477550649895204,3.0302961515249076
34.406313,36,3622.188287,True,False,False,3.1328934481810955,3.2368590556802257
38.664111,53,3622.789862,True,False,False,4.083549990750705,4.08005807670063
30.169488,27,3623.116518,True,False,False,2.2108162936989566,2.397576871146304
25.703031,25,3623.395068,True,False,False,1.586536767784969,1.5706535233340824
48.337612,87,3624.397608,True,False,False,6.262863054578746,6.1990460681085215
36.141742,33,3624.769077,True,False,False,3.3522046368116603,3.5232105785163177
43.050074,69,3625.5962,True,False,False,5.9199636653619825,5.141106698013403
38.51062,39,3626.053187,True,False,False,4.304085644642564,4.094551940424839
35.103647,45,3626.596597,True,False,False,4.121556183468718,3.5812265373839245
42.668133,75,3627.444587,True,False,False,5.633955733829562,5.224327084910352
36.533878,40,3627.912514,True,False,False,4.297551637894841,3.851782460610665
32.288183,40,3628.379519,True,False,False,3.625860047663281,2.897198677550258
39.565965,56,3629.042454,True,False,False,5.1105560910400145,4.539182052363012
31.436346,32,3629.416351,True,False,False,2.603096839836416,2.675588289366366
34.475759,29,3629.768858,True,False,False,3.1193142174428936,3.19880703700747
29.729345,19,3629.987438,True,False,False,2.165725603359452,2.221842556372677
27.21864,72,3630.825598,True,False,False,3.899051153810862,2.5590762692293545
43.616626,50,3631.410753,True,False,False,5.136665251317061,5.141199859352791
40.916583,57,3632.099004,True,False,False,5.3496082378148895,4.649960067128316
32.148986,46,3632.635444,True,False,False,2.950810723935398,2.8913611429920607
32.808873,44,3633.148943,True,False,False,3.5483295677070963,3.240204766050627
24.850455,60,3633.841389,True,False,False,3.109902254947629,2.286497691479653
28.892889,16,3634.031292,True,False,False,1.9884841042553643,2.0126717314449554
32.376175,24,3634.306085,True,False,False,2.8518939039882834,2.798741856210197
39.979145,59,3634.981969,True,False,False,5.535024702857032,4.506175322474079
37.060377,42,3635.449309,True,False,False,4.803537934144341,3.881412915505717
30.23601,33,3635.839657,True,False,False,3.626029562649358,2.5436678199538245
28.227386,32,3636.206767,True,False,False,2.9802883312003496,2.056874472559642
38.896983,63,3636.935348,True,False,False,5.123925480090389,4.389996240614054
31.51935,32,3637.300694,True,False,False,2.46919696362925,2.6281573490869548
28.509101,44,3637.812725,True,False,False,2.5802508998609808,2.3390909549833454
31.517843,40,3638.291663,True,False,False,4.064558590304901,2.891524283015977
39.494431,50,3638.878025,True,False,False,4.4883532828026285,4.398811660985393
35.853184,79,3639.798599,True,False,False,6.3442544138585335,4.025991035614465
50.323153,89,3640.824903,True,False,False,7.890919847877331,6.821390844653545
31.554397,45,3641.36453,True,False,False,2.7545097205489,2.8031045799101815
51.747307,86,3642.357572,True,False,False,7.266881971248636,6.809998384386448
35.933331,72,3643.193402,True,False,False,4.936791536941106,3.9169691540386795
45.114954,140,3644.807842,True,False,False,8.754161556121538,6.392223856410991
39.990734,37,3645.235395,True,False,False,4.2132545161474955,4.2556074808191235
27.445441,19,3645.469958,True,False,False,1.695457851703462,1.8519619336157367
33.006783,59,3646.137366,True,False,False,3.8502915061732237,3.31423750141284
29.94308,25,3646.441369,True,False,False,2.2069939122548794,2.3612630973470643
41.379175,79,3647.354941,True,False,False,5.893642758893546,4.943432634450248
33.468849,46,3647.888567,True,False,False,3.9566678407219205,3.223854690055428
38.586191,73,3648.757362,True,False,False,4.976905201397941,4.3108205241232405
35.062591,40,3649.226583,True,False,False,3.370091200221201,3.4029856306241824
29.377998,25,3649.512499,True,False,False,2.0280360640717343,2.228603017602523
47.450174,60,3650.236068,True,False,False,5.890322349228437,5.897451039138184
44.700668,81,3651.193406,True,False,False,5.511432277311399,5.544213391262841
36.282005,53,3651.804715,True,False,False,4.4729599396747375,3.7695136181807354
35.921039,42,3652.297683,True,False,False,3.5685384185386053,3.5818169136072107
32.638241,36,3652.711876,True,False,False,3.572168897141821,3.0091149474514007
43.462607,65,3653.475394,True,False,False,6.051725501993696,5.334163986450631
39.470121,62,3654.215652,True,False,False,4.575872078747857,4.443225023473703
32.860771,42,3654.710617,True,False,False,3.699976776478216,3.0277606088774287
44.397969,64,3655.478408,True,False,False,5.899301232524302,5.270683931372955
40.459358,53,3656.106364,True,False,False,4.95530917561182,4.591981058160478
29.930193,29,3656.446203,True,False,False,2.5450224184001,2.4309810790259556
33.000334,37,3656.863626,True,False,False,3.7550558574164525,3.066209482264624
40.438411,72,3657.702686,True,False,False,6.053902923482462,4.602446539364663
33.874701,43,3658.229673,True,False,False,4.0811128678155315,3.21585856573087
31.563869,25,3658.523141,True,False,False,2.609922170765281,2.709518791659112
31.623916,29,3658.894963,True,False,False,2.961730918860362,2.6907358366537406
29.255145,35,3659.295603,True,False,False,2.5106507487356655,2.2840914325291592
39.261144,41,3659.794037,True,False,False,4.782497621998255,4.235497163016335
34.302235,36,3660.21553,True,False,False,3.4750157110999145,3.237271659254031
38.466598,43,3660.702362,True,False,False,4.01507417791191,4.017325158992941
46.435465,57,3661.398678,True,False,False,5.827124404946972,5.510650817744261
31.197961,39,3661.853334,True,False,False,3.5432707619610615,2.7863320049942812
38.877902,42,3662.345025,True,False,False,4.480566382020379,4.14872232012326
43.83428,87,3663.350619,True,False,False,6.554123469187689,5.545763009425688
35.279998,57,3664.003217,True,False,False,3.5926415638091327,3.573211651918419
48.339878,65,3664.754718,True,False,False,6.916165369479492,6.237360170741558
31.662871,23,3665.015889,True,False,False,2.6558958064369036,2.618669448183099
43.392024,52,3665.614589,True,False,False,6.013791663088374,5.040074764441457
30.329547,40,3666.072029,True,False,False,3.203986567617646,2.845374140115227
47.301127,82,3666.960118,True,False,False,6.212071700215913,6.0158993263053375
35.650106,61,3667.640115,True,False,False,4.087485659860483,3.834012209233413
27.407161,38,3668.067359,True,False,False,2.3656369017267846,2.00915147066861
44.749532,38,3668.480143,True,False,False,5.072308030647864,5.246705531796824
39.811322,52,3669.062855,True,False,False,4.573419056563313,4.436146950870376
30.613755,45,3669.578901,True,False,False,3.0135717885168907,2.6137524751608816
42.644359,46,3670.11719,True,False,False,4.968812085665959,4.748729616842451
43.730226,50,3670.70498,True,False,False,5.743102397959546,5.170007433296786
34.318899,39,3671.171092,True,False,False,3.5284321846498203,3.3718465496951797
35.046517,39,3671.61216,True,False,False,4.251504216348345,3.4282398791700666
30.381526,57,3672.270045,True,False,False,4.4425039193783515,2.800948532512878
37.778458,32,3672.64034,True,False,False,3.9238734501939763,3.871269641928733
33.951852,34,3673.030574,True,False,False,2.985626919899767,3.1335394996968433
26.898241,21,3673.268577,True,False,False,1.6862111590629567,1.728060362854032
27.069966,18,3673.48136,True,False,False,1.6015374184427602,1.75823808476586
41.752051,54,3674.105119,True,False,False,5.135523335762158,4.809206573989029
35.34997,36,3674.520974,True,False,False,3.744075830564842,3.526688668670899
36.211908,51,3675.116181,True,False,False,4.197940039318842,3.8017029477365583
44.928154,65,3675.856551,True,False,False,6.033299610042198,5.512474044728234
42.588947,63,3676.606827,True,False,False,5.7713490837148065,5.068566259827941
40.482917,33,3676.976897,True,False,False,4.228788565953391,4.300475092459025
32.587428,34,3677.37524,True,False,False,3.3205986532155753,2.992723895780044
29.170119,29,3677.718469,True,False,False,2.657439511194562,2.2642581342438053
53.933119,101,3678.888813,True,False,False,9.124128680763787,7.53767400594916
35.668268,68,3679.686648,True,False,False,4.122913388494882,3.707544204231829
36.706901,59,3680.387832,True,False,False,7.344640808612506,4.0742429179793795
46.463472,58,3681.068806,True,False,False,6.368071262616594,5.800298657308486
27.365928,16,3681.260679,True,False,False,1.8869261941355175,1.7775722259712092
28.875348,26,3681.55972,True,False,False,2.273297420131124,2.1650116466775273
30.426067,20,3681.791265,True,False,False,2.385430072775298,2.425986734007695
42.122837,69,3682.533698,True,False,False,5.457596355099487,4.964554077702283
44.881271,54,3683.141529,True,False,False,5.37463225065152,5.319827599400139
45.155296,57,3683.794508,True,False,False,5.88511365447506,5.419791015295962
33.71999,47,3684.313372,True,False,False,4.127946717116575,3.3410938752933297
32.853676,36,3684.729062,True,False,False,3.0086402119118607,3.0098222373386285
40.402298,69,3685.545632,True,False,False,5.112930426337478,4.6318854637154345
45.040684,97,3686.678353,True,False,False,6.105480840695451,5.824829251246387
33.783388,53,3687.296257,True,False,False,4.006978867516063,3.375231193738886
34.862048,65,3688.06043,True,False,False,4.679056295798269,3.690035538725278
27.501944,23,3688.336956,True,False,False,1.696236478227543,1.8157421159485445
38.683352,52,3688.965576,True,False,False,4.154098675464632,4.198600789909504
31.593702,39,3689.408723,True,False,False,2.8834856132410067,2.764802026813565
33.703094,35,3689.832781,True,False,False,3.6521293082639876,3.17550994132235
28.503801,19,3690.046768,True,False,False,1.9177767268604367,2.025474135546503
45.091625,48,3690.609829,True,False,False,5.965384744287933,5.393615905597754
30.46283,33,3691.005685,True,False,False,2.5030359566393483,2.4870985245557367
31.616501,35,3691.408626,True,False,False,2.7194881572593643,2.7755559509825307
30.403422,48,3691.964936,True,False,False,4.436092746968003,2.747592202680301
29.248172,19,3692.187975,True,False,False,1.963950142603124,2.1175180164413767
32.172564,30,3692.524342,True,False,False,2.677287907115297,2.7592534159446935
30.292481,47,3693.05403,True,False,False,2.5964081705565047,2.653622624071366
46.721096,69,3696.494186,True,False,False,6.074407529220186,5.768136326879554
43.35115,56,3697.136579,True,False,False,5.020686568306754,5.075745764296002
40.705753,48,3697.694806,True,False,False,4.38760431216011,4.5122950174507785
36.237807,42,3698.187437,True,False,False,3.7440224266297033,3.7137732447479395
48.243313,74,3699.050613,True,False,False,6.785564883351014,6.279810706277934
32.807533,33,3699.42084,True,False,False,3.6794639583480353,2.9836889670702003
-13.815974,19,3699.656475,False,True,False,1.446426158196466,3.8949273956012145
43.455771,56,3700.30876,True,False,False,6.134911471961877,5.149719571117986
43.933952,75,3701.16771,True,False,False,7.045046206971595,5.7089334130722165
35.403926,47,3701.727086,True,False,False,4.313179285466728,3.569021688444371
36.047892,36,3702.145343,True,False,False,3.9433886905830255,3.5736594792901935
47.579809,52,3702.751894,True,False,False,6.984697280049682,5.900500760067564
27.551591,19,3702.96439,True,False,False,1.6884027510216124,1.8033833420193923
26.231496,15,3703.14307,True,False,False,1.4916183361778308,1.631753774744933
34.656029,27,3703.438463,True,False,False,2.975825889342882,3.12152422313112
33.174881,34,3703.837521,True,False,False,2.858276774174141,3.0082510232339903
45.631227,93,3704.944168,True,False,False,6.801870350514213,6.153191956534326
30.997503,48,3705.504588,True,False,False,3.21016943737,2.7591367918526046
40.223607,71,3706.339087,True,False,False,4.639409119609624,4.592273268646151
36.70063,58,3707.025655,True,False,False,3.970156824558409,3.8495732974331505
39.455077,85,3708.027552,True,False,False,4.784862223888147,4.6606754993891855
38.909377,69,3708.821315,True,False,False,4.8570799906726485,4.454958023419708
43.069428,52,3709.434676,True,False,False,4.922619095067715,4.908778001897201
28.026499,20,3709.667514,True,False,False,1.9045188326717029,1.8906512930569335
32.395343,51,3710.286857,True,False,False,4.373283113967075,3.024884496821195
31.049725,38,3710.740209,True,False,False,2.764608737468201,2.65548075052497
33.49656,46,3711.286455,True,False,False,3.009338475467937,3.115890067759431
31.196759,30,3711.635314,True,False,False,2.5858173475773762,2.668676096111163
45.838736,53,3712.245938,True,False,False,5.568992108149958,5.461957024564735
29.723931,55,3712.899334,True,False,False,2.999055154669322,2.6324942653752976
32.420512,52,3713.4988,True,False,False,3.129025352311694,3.1429925697533845
45.601645,90,3714.544668,True,False,False,6.597458039429502,6.01958226989989
40.752654,71,3715.37538,True,False,False,4.846713257915223,4.607258383364922
30.326325,20,3715.609112,True,False,False,2.4339566470882694,2.356429626686977
38.695634,49,3716.196491,True,False,False,4.234289339249273,4.148332501792779
44.080454,53,3716.797523,True,False,False,6.445512601660451,5.2661416867845805
35.753862,55,3717.442378,True,False,False,4.110440208410276,3.619190892668621
31.099848,31,3717.797848,True,False,False,2.7959609562775922,2.615370397097976
34.814672,49,3718.382475,True,False,False,3.7047242056912286,3.4936183894677724
44.38904,53,3719.011102,True,False,False,5.241191348410932,5.203826825986572
26.103784,14,3719.174185,True,False,False,1.3181653020487993,1.5080646405323401
50.857624,96,3720.302137,True,False,False,8.427740583350504,7.1107473061827795
29.462704,32,3720.675446,True,False,False,2.787131295115196,2.323719778922295
46.294388,73,3721.544964,True,False,False,6.747975341275467,5.830099490305011
35.900924,59,3722.215272,True,False,False,3.6735342586192936,3.6752933590283585
30.887773,26,3722.520044,True,False,False,2.9914822116225235,2.570954255957317
45.492194,61,3723.236059,True,False,False,5.969321904315631,5.580695920456869
42.22907,54,3723.879186,True,False,False,6.209305243072753,5.060806260527734
33.069989,34,3724.279346,True,False,False,2.9230227285450896,3.068183033469824
41.382893,51,3724.870703,True,False,False,4.953909983698455,4.655748825152747
44.962556,79,3725.818075,True,False,False,6.461591854219718,5.67295797298879
31.788287,47,3726.356708,True,False,False,3.453913901924263,2.9160480593200213
29.888333,32,3726.725083,True,False,False,3.2645554763839937,2.460111260481157
44.558967,95,3727.848729,True,False,False,5.8789610027100565,5.597825230015742
33.461368,44,3728.358911,True,False,False,3.3973558746051253,3.1318457815015344
39.142949,56,3729.019143,True,False,False,4.287829834762322,4.265504728806971
33.474453,33,3729.404635,True,False,False,3.0158418434279017,3.0707609078853877
39.393546,40,3729.867265,True,False,False,4.345745607392033,4.12397760097758
47.435304,75,3730.758465,True,False,False,7.364639095297681,6.1662116211836855
39.843866,56,3731.424771,True,False,False,4.38537990743249,4.387689024930232
36.552341,34,3731.825645,True,False,False,3.713872283936402,3.6161717021736957
28.905958,18,3732.030944,True,False,False,2.0075726596932286,2.058553360491964
29.582433,27,3732.336153,True,False,False,2.1617629216398377,2.2345487701661333
28.412712,31,3732.708903,True,False,False,2.351783150543125,2.2262798265799817
33.883905,36,3733.130414,True,False,False,3.228568109320154,3.1457722876864627
41.892018,48,3733.67944,True,False,False,4.80390940484485,4.763687405654167
48.114463,114,3735.004998,True,False,False,7.109112765466634,6.390619425142912
38.708775,61,3735.707204,True,False,False,4.45073452990405,4.2431802087998305
33.596136,31,3736.069199,True,False,False,3.313573896377336,3.1382547767532754
44.585429,72,3736.911366,True,False,False,5.648324822860428,5.438538972482384
36.111002,38,3737.349344,True,False,False,3.449005375227863,3.5378424574386127
-14.479672,19,3737.563828,False,True,False,1.5034323937637681,4.758182633124062
27.91815,20,3737.800377,True,False,False,1.912329267748547,1.9001476308619218
34.873385,44,3738.310394,True,False,False,3.2858378599431055,3.4004722670609877
32.758291,29,3738.661466,True,False,False,2.737115879734665,2.862113356866842
38.151931,71,3739.482441,True,False,False,6.073016181436143,4.382341646995439
41.655234,47,3740.046508,True,False,False,5.150277184450554,4.706213748447512
44.458699,47,3740.58454,True,False,False,5.617710360875875,5.2769558166301875
28.22942,38,3741.030944,True,False,False,1.9573677050899503,2.1483531514341614
42.658654,49,3741.626117,True,False,False,5.251383782718973,5.000433926663087
29.349416,26,3741.929568,True,False,False,2.0369134620331537,2.18024844123706
35.550588,49,3742.498286,True,False,False,3.615010882378381,3.661404359605612
38.976019,35,3742.925319,True,False,False,4.17327871746328,4.100090721096136
27.960143,57,3743.587159,True,False,False,4.039810092766146,2.341430283089135
29.278613,23,3743.870928,True,False,False,2.048874606049343,2.1877976030600057
40.156652,76,3744.761513,True,False,False,5.544616856964885,4.698503981844796
35.161961,57,3745.411971,True,False,False,4.404122227227921,3.6163129106206156
41.992006,39,3745.881999,True,False,False,4.71448152639534,4.735962330878057
43.146634,88,3746.929797,True,False,False,5.3348645496815035,5.359892249095725
30.298233,37,3747.359024,True,False,False,2.799881206483642,2.494779301399588
33.69144,33,3747.77077,True,False,False,2.9518589257472616,3.0405024523436377
30.01627,19,3747.985012,True,False,False,2.220519354288988,2.3055138158943267
38.747702,52,3748.599382,True,False,False,4.3652515028967285,4.243174987873787
30.236563,28,3748.941549,True,False,False,2.2550784464813396,2.4416722174289376
29.426617,34,3749.343946,True,False,False,2.5408557429724103,2.304051369485038
34.590075,32,3749.724202,True,False,False,3.2876796618282382,3.297896907671784
27.007233,22,3749.978379,True,False,False,1.659210057031065,1.724552306869523
30.87976,28,3750.30068,True,False,False,2.6245093349549773,2.560740184474129
39.206968,38,3750.747501,True,False,False,4.127508004609557,4.11691008094931
39.449433,97,3751.902847,True,False,False,6.226698374874598,5.212067371350427
40.945423,50,3752.488395,True,False,False,4.693340720261221,4.512353998759069
39.350422,60,3753.201365,True,False,False,4.757544531684376,4.3732333791648355
35.832002,45,3753.730534,True,False,False,3.338686687042965,3.534791807440219
40.822801,58,3754.419404,True,False,False,4.665016346161631,4.5294862222632375
38.536463,53,3755.043002,True,False,False,4.308319871857457,4.189970114470358
31.348476,37,3755.471584,True,False,False,3.7396574017874746,2.79406576002709
31.013023,45,3756.017484,True,False,False,3.428590342435564,2.6705029198061223
31.780671,72,3756.866009,True,False,False,4.551253055874898,3.236306524576816
27.843221,20,3757.110007,True,False,False,2.3122908004140132,1.9368063222141052
29.50087,29,3757.436975,True,False,False,2.5559698485249602,2.2395771983030976
37.978864,47,3758.006881,True,False,False,4.192293268869543,4.052467597324622
37.181732,45,3758.540616,True,False,False,4.015774718370507,3.945442828559049
35.504405,60,3759.24551,True,False,False,4.180551446853944,3.7180824374377446
39.803555,40,3759.722803,True,False,False,4.760491331674944,4.432141327944539
26.755929,14,3759.901473,True,False,False,1.6092310022272995,1.620339274327763
30.66234,24,3760.188631,True,False,False,2.4664467101300716,2.5018246899607464
33.676312,36,3760.610172,True,False,False,3.5709694962069105,3.2331674086301305
29.950227,48,3761.184713,True,False,False,3.070017586344103,2.541371731465035
38.907381,43,3761.695757,True,False,False,4.090783429093327,4.167089405094739
40.101374,48,3762.262523,True,False,False,4.499740669612134,4.491248144409463
46.885634,117,3763.646396,True,False,False,7.7129175387345175,6.505172002646987
35.933962,38,3764.099163,True,False,False,3.3358638643059546,3.492432388672441
28.548018,23,3764.386482,True,False,False,2.010471613975704,2.0101116564565817
25.781125,38,3764.844728,True,False,False,2.579550817924026,1.8046748910466919
36.125167,33,3765.232512,True,False,False,4.394978497443458,3.5795589388347686
35.847625,44,3765.747364,True,False,False,3.745630376234597,3.6336678804747358
36.536612,49,3766.334173,True,False,False,3.9046491735140267,3.7817034434264922
39.575138,35,3766.739151,True,False,False,4.527265674834529,4.2118187266411855
29.171745,37,3767.190744,True,False,False,2.658512892353003,2.4973195887577737
37.365005,55,3767.823937,True,False,False,4.32730936611219,4.15077686578559
36.1796,42,3768.320073,True,False,False,4.024032839533631,3.7304691550339104
29.540746,21,3768.579089,True,False,False,2.051150847160586,2.237949723358525
27.044536,16,3768.769128,True,False,False,1.5452853798266981,1.744264077312213
37.152733,48,3769.326112,True,False,False,3.7687458547963275,3.859618521080782
29.345378,23,3769.581986,True,False,False,2.262818378965488,2.271060049483826
37.25205,48,3770.153901,True,False,False,4.574578796454606,3.9373345070843575
-18.715371,4,3770.203974,False,True,False,0.3548899613905465,4.366558132889868
25.459326,22,3770.462128,True,False,False,1.8232673150380587,1.5468251477603523
45.082314,47,3771.00431,True,False,False,5.6283115854428445,5.321052713835954
33.375198,57,3771.656721,True,False,False,4.824755723259971,3.3887515832840984
42.488788,59,3772.357302,True,False,False,5.238905554574681,4.916822807045397
38.221089,34,3772.752504,True,False,False,3.827388445476115,3.979540193614413
27.639037,64,3773.491302,True,False,False,3.8334195446821377,2.352182479021148
28.01993,19,3773.701314,True,False,False,1.901716495234068,1.9199524714296416
33.091604,28,3774.029158,True,False,False,3.1115816933812503,3.009587261282855
45.250411,60,3774.715731,True,False,False,5.312577847480177,5.333260818762046
34.765072,44,3775.218271,True,False,False,4.295516726332675,3.436857419313282
38.908244,41,3775.698005,True,False,False,4.862000580021168,4.158048990791776
37.682144,43,3776.183041,True,False,False,4.042708642089898,4.002290245947608
36.208458,39,3776.637492,True,False,False,5.019361462043203,3.652674863678265
49.292734,93,3777.716944,True,False,False,7.701649072681763,6.630807204586286
51.704926,136,3779.305189,True,False,False,8.86325829364001,7.345664207328216
42.424659,96,3780.422343,True,False,False,7.617438775875307,5.39080872528551
41.765821,56,3781.075684,True,False,False,5.759382194493946,4.877368586510517
49.153413,64,3781.823179,True,False,False,7.149890120068875,6.254318415765376
34.075817,41,3782.304426,True,False,False,3.894464394828875,3.333824516663726
42.075983,74,3783.174452,True,False,False,5.428913396078968,4.979198807712487
47.45141,72,3784.025113,True,False,False,7.559886111283411,6.125563861942665
38.532881,52,3784.640575,True,False,False,4.209140468347349,4.0893884804942715
35.568016,48,3785.214892,True,False,False,3.4915070179508354,3.4726787023923587
35.193825,41,3785.665182,True,False,False,4.06238805653582,3.546757345223558
28.586375,37,3786.086995,True,False,False,2.4979980663031394,2.223391336243704
27.831784,20,3786.311585,True,False,False,1.734901272864465,1.8722213233963514
25.838022,20,3786.531041,True,False,False,1.5396513945611798,1.5535408685436116
40.309282,45,3787.026698,True,False,False,5.120551068693722,4.536662696329802
32.589216,36,3787.418571,True,False,False,2.841482503608964,2.8937979589193756
43.422225,61,3788.085629,True,False,False,6.6802284746292555,5.283778968098359
32.478864,23,3788.331438,True,False,False,3.0415038157593477,2.7838003171658454
28.514081,30,3788.673831,True,False,False,2.216322703134811,2.177169206439658
46.376163,79,3789.555124,True,False,False,5.967328639627071,5.760360720482119
38.843189,59,3790.212087,True,False,False,4.267095434467385,4.231701742930941
45.898243,92,3791.260071,True,False,False,8.00757046829692,6.195838308527775
39.647444,62,3791.949153,True,False,False,4.913574274375994,4.52648721840757
43.989511,49,3792.511138,True,False,False,5.833341604847627,5.238719132055534
54.643748,99,3793.618883,True,False,False,8.561813002381266,7.841256341646639
27.580542,25,3793.912635,True,False,False,1.704276733941174,1.8295225981867191
44.293712,64,3794.630955,True,False,False,5.364635056399774,5.354689218947553
34.257308,38,3795.056959,True,False,False,3.5355340884176907,3.2401254237648964
29.655301,29,3795.37507,True,False,False,2.2590439756792504,2.341231835473604
39.540595,82,3796.294734,True,False,False,6.1378393080357325,4.628443147254327
34.316561,52,3796.866045,True,False,False,4.159034385952974,3.6529144089814998
31.294518,24,3797.12869,True,False,False,2.501213673572423,2.572956366359798
35.499967,30,3797.466148,True,False,False,3.278396333518648,3.4591938290994757
42.478497,47,3798.001025,True,False,False,5.079025815260366,4.823785619125489
42.868055,60,3798.702623,True,False,False,4.955204836694861,4.931672589178644
25.713542,16,3798.888335,True,False,False,1.4500726354276154,1.5119243080558071
38.853014,41,3799.341819,True,False,False,3.96834876927278,4.147600822578627
55.723302,115,3800.620379,True,False,False,8.438137820314829,7.942916592891081
28.997541,18,3800.808659,True,False,False,1.8543101732101486,2.091155572042878
27.485853,15,3800.964139,True,False,False,1.5985828698782805,1.7345972134282317
40.927908,36,3801.362087,True,False,False,4.499465551750251,4.462711978339124
38.76094,61,3802.021594,True,False,False,4.511317517247258,4.234108844491743
42.421087,45,3802.477055,True,False,False,5.191178652028507,4.8089638510560055
40.940776,48,3802.991562,True,False,False,5.331944223776807,4.650129655231462
27.953234,20,3803.210566,True,False,False,1.6799014310889477,1.8648127055285457
44.61591,116,3804.421259,True,False,False,6.545249878541117,5.867762903169593
29.637984,25,3804.706084,True,False,False,2.2990895478823408,2.321948199850758
31.341198,46,3805.223549,True,False,False,2.952158561438478,2.7777485574279326
35.441084,27,3805.52703,True,False,False,3.3480482602574226,3.357209118309423
39.69302,110,3806.69268,True,False,False,7.559452932629045,5.224514382995543
28.568623,21,3806.921133,True,False,False,1.9119136820904195,2.097841670196533
37.872026,38,3807.312358,True,False,False,3.9486372936966005,3.8909309983464357
34.569398,42,3807.745608,True,False,False,3.6316212844816786,3.3473348698671708
33.555081,34,3808.105916,True,False,False,3.8958949806170162,3.2160375718353222
38.360084,65,3808.78844,True,False,False,5.0032097842174625,4.305870611675322
42.210379,65,3809.49189,True,False,False,5.258902063837623,4.933566129916718
30.306801,31,3809.809489,True,False,False,2.71155822877432,2.4755390615131967
27.472632,26,3810.081662,True,False,False,1.7373581636535849,1.899434424619713
36.64875,44,3810.551977,True,False,False,3.6759643278069474,3.661019669794531
28.074871,24,3810.808721,True,False,False,1.8189948067867578,1.9842150747944887
31.027244,39,3811.239694,True,False,False,2.9610133887592758,2.924574223708096
