#{"t_start": 1789506487.6389449, "env_id": "None"}
r,l,t,is_success,collision,timeout,path_length,start_dist
-10.291179,300,3.642473,False,False,True,8.509836323520922,4.298808752069021
-26.657981,300,4.02384,False,False,True,7.747994707245997,2.9919539772345782
-26.027756,300,4.386149,False,False,True,15.352258052839286,2.666269696561588
-34.79436,87,4.492888,False,True,False,3.662876670896591,5.207746696687315
-18.422262,300,4.891146,False,False,True,7.275779858005808,7.324619851006644
-23.139108,300,5.285856,False,False,True,7.972722618065339,4.407890273843532
-23.624632,29,5.321162,False,True,False,1.09490740613155,3.2586937138088827
-24.099252,92,5.444033,False,True,False,5.23026584343295,1.9751241244875566
-32.806575,300,5.83304,False,False,True,7.5880342780064325,3.774156856334268
-37.468571,169,6.053684,False,True,False,6.420974787892026,4.71479110425098
-27.378659,31,6.093487,False,True,False,1.4987890967249713,5.816987111123007
-35.55421,78,6.20015,False,True,False,3.2473630558014683,4.819689331617417
-22.882846,300,6.559328,False,False,True,8.652171191674283,2.155220024240893
-24.801763,300,6.923334,False,False,True,9.207890196841644,3.744843251224418
-23.188338,98,7.043359,False,True,False,3.898898820287466,4.24065244658835
-32.528249,210,7.297871,False,True,False,8.218184091211208,2.8771635320991162
-27.816635,222,7.571294,False,True,False,10.658966585898476,3.644192252002687
-38.44138,228,7.851802,False,True,False,9.08332652541444,6.331221213691174
-37.146122,92,7.967045,False,True,False,2.8111232717700267,5.0870020901044
-29.519168,300,8.342689,False,False,True,6.325323682990804,2.2542976628499347
-18.5514,300,8.730794,False,False,True,11.768409737221607,2.9152989833402745
-33.552041,68,8.816247,False,True,False,2.4136930017088902,2.9775807465773525
-33.843161,100,8.941564,False,True,False,2.9285314623711174,3.6194793006249553
-32.070685,245,9.248919,False,True,False,6.5905222210264105,6.375050201433089
-24.782638,300,11.033509,False,False,True,11.650645597249131,3.4906414655973403
-25.247026,300,14.996865,False,False,True,7.909283154332052,2.859400311937657
-26.285579,114,16.430187,False,True,False,3.9580014740026987,3.0483575959800713
-38.823303,216,19.287264,False,True,False,8.143864908719966,6.027656440366054
-27.784259,37,19.775017,False,True,False,1.9771119235792867,1.8787819113382616
-49.372478,202,22.622831,False,True,False,9.899250667639423,2.936179506281871
-19.493253,300,26.752204,False,False,True,15.29076064394577,2.9936012753504366
-27.999953,300,30.832881,False,False,True,10.48100032369234,1.783051883892338
-20.913416,300,34.897461,False,False,True,9.836054396810887,7.391265795016044
-36.323655,70,35.847609,False,True,False,3.5271709667465037,4.903280981386585
-17.994738,300,39.786928,False,False,True,11.497537570553206,4.123288593653668
-24.366084,78,40.86205,False,True,False,2.9699107147669443,1.9685624736927
-19.255947,117,42.436658,False,True,False,5.8424888946942195,3.4493574119069637
-12.019328,300,46.467758,False,False,True,10.270644790484601,3.213766723154658
-21.135925,25,46.787376,False,True,False,1.2030117471240571,2.104920613699374
-21.659551,149,48.806644,False,True,False,6.4328884172805365,3.8802195507445685
-23.23654,300,52.837318,False,False,True,10.467080159259803,4.993227533086187
-20.45699,196,55.395144,False,True,False,6.601557413514989,6.068827573672915
-42.66338,300,59.39817,False,True,False,14.055859717016581,3.7362842685961364
-20.551196,300,63.370706,False,False,True,13.458760968419863,1.623206219986403
21.087187,201,66.047618,True,False,False,6.406687454021746,3.205001514697821
-16.27944,100,67.351583,False,True,False,4.49995983088915,3.8794931287178636
-27.778977,146,69.2936,False,True,False,8.63145351256897,5.491039207010068
26.698769,77,70.350029,True,False,False,3.415888098363379,2.52994564437293
-31.008043,136,72.128548,False,True,False,6.528045836859181,3.0549662413350696
-24.713097,300,76.204261,False,False,True,12.264365779851943,3.903592028359328
-27.338101,300,97.979191,False,False,True,10.814675977966573,1.7280374800797451
-36.764236,300,102.025333,False,False,True,16.233290756233306,2.8503857301289606
-18.716143,300,105.93385,False,False,True,10.670120404175968,3.010154205994582
-15.110052,300,109.947231,False,False,True,16.259733437423257,5.348195503476167
-9.827999,300,113.905351,False,False,True,10.493746603625118,6.408453336106973
-22.259293,300,117.838127,False,False,True,11.808169355973336,2.908454626443863
-11.078541,300,121.936351,False,False,True,14.02614557060018,4.648424884488774
18.665239,202,124.645709,True,False,False,7.576624760006785,2.891623217918084
-43.879503,300,128.684168,False,False,True,11.135097961695774,2.9211494048212545
-24.524879,300,132.82197,False,False,True,12.404013154719705,5.363815602569521
26.249682,225,135.8306,True,False,False,10.498701217262775,5.009040250503539
-30.517675,300,139.958724,False,False,True,11.607830024003945,2.3354420727096423
-29.449937,300,143.992535,False,False,True,14.149007568516042,2.5331335973032476
-8.761676,300,147.943022,False,False,True,12.7806532112181,4.056694276639377
-31.100844,300,152.278762,False,False,True,10.585635671481649,6.133682517472747
-26.855071,300,156.644318,False,False,True,9.072721244589793,2.4693558372742754
-22.208152,51,157.347724,False,True,False,2.309779298825537,3.1047682123221914
-41.075391,289,161.248134,False,True,False,8.88068094262032,5.464014162126247
-21.078968,300,165.255111,False,False,True,11.364632829597287,3.5266965346810535
-14.97787,29,165.644287,False,True,False,1.6270243823349924,2.7027724045681887
-16.758658,300,169.581758,False,False,True,10.14466036669825,3.1951206244464627
-31.399042,300,173.608585,False,False,True,8.91947870689226,2.6532068432507447
-45.106561,271,177.209824,False,True,False,11.089641072827481,4.03330746696794
-19.339674,300,181.21771,False,False,True,15.65569853746966,3.652563811301746
-24.712834,300,185.387234,False,False,True,9.830429943313387,2.699954087441669
20.991082,79,186.509792,True,False,False,3.387885627943654,1.5608741822539798
-19.987502,300,190.605068,False,False,True,10.302322361545441,3.873251564402054
-22.325643,300,194.633815,False,False,True,7.3887354105755225,4.05718218950496
-23.204003,300,198.670556,False,False,True,9.380496890524185,2.350187696448255
-15.41301,300,202.692355,False,False,True,12.919350512728263,3.4801201841695524
2.612789,287,206.600632,True,False,False,15.080725790226113,1.8294018021564311
-19.987292,300,210.492406,False,False,True,10.915869093022966,4.902474911663452
16.562079,258,213.93181,True,False,False,9.138190124366435,3.140892223237327
-20.662319,93,215.258668,False,True,False,3.416955977740522,4.243271769320443
-11.501771,134,217.042607,False,True,False,8.192404428499964,4.883223618104421
-0.570811,300,221.043183,False,False,True,10.708667151071783,5.290980474471023
22.706091,57,221.797147,True,False,False,1.97999474478684,1.509732162497896
-21.902071,166,224.069381,False,True,False,9.090441345388454,3.336419880128902
26.37448,239,227.419899,True,False,False,14.526444178707283,4.883698644772136
-15.273076,300,243.445186,False,False,True,11.250979104913835,3.747475227308112
-20.681553,38,243.945705,False,True,False,1.4586715361604712,2.6367054338430402
-14.663886,300,248.009657,False,False,True,9.384537873321614,3.356587452791093
-18.727086,80,249.124758,False,True,False,4.371047768076264,5.381599444307825
30.289669,158,251.228907,True,False,False,5.098518142536545,4.2145117056339885
-10.603863,156,253.335042,False,True,False,9.84194438560291,5.361287063416202
-20.990788,142,255.273781,False,True,False,6.688845323561096,7.67146594432299
-7.213012,73,256.22908,False,True,False,4.425313115765809,4.9770400451371675
20.770356,214,259.08918,True,False,False,9.591028996573298,3.3046393825619504
25.30208,142,260.997244,True,False,False,9.629937551133546,3.1109410818180425
-19.227808,147,263.016884,False,True,False,7.838212476894545,3.063698373244053
-11.548415,300,267.087411,False,False,True,15.973086601088816,3.5731624987719717
22.539266,274,270.831506,True,False,False,11.881445082034599,4.3802354923998985
-20.812243,300,274.923123,False,False,True,11.731017341968835,5.603036400942556
19.938077,110,276.361953,True,False,False,3.4363043793454775,1.7044622331052146
32.01861,182,278.846053,True,False,False,8.459913820662365,5.276945797312728
24.977066,127,280.503338,True,False,False,6.870283214698234,3.480689589621532
27.256089,22,280.776345,True,False,False,1.894584489843792,1.8858126833331958
29.156579,51,281.494242,True,False,False,3.2403089619379832,2.5938383972512113
-44.722303,261,285.009337,False,True,False,9.727925892792213,2.1552546882844363
30.165133,295,288.983637,True,False,False,11.11934244623802,6.0752777635674216
-23.221923,88,290.142136,False,True,False,4.641029671690208,3.227284559864568
-17.380979,300,294.150274,False,False,True,9.80232974962349,4.644148780463017
27.091702,135,295.980043,True,False,False,9.058147990123466,3.3531783500356553
37.306617,156,298.131216,True,False,False,9.631137147152543,5.563989975590472
-13.533595,235,301.333897,False,True,False,11.626816453571525,6.309297378956475
-25.707979,198,304.079149,False,True,False,6.852492664367417,4.864840596388894
31.497939,68,305.005708,True,False,False,3.747489032020233,3.243975806410531
2.646776,300,308.952692,False,False,True,11.545339313394589,5.0624681169441095
25.671975,250,312.326595,True,False,False,16.155669156688806,4.7155928396388385
-22.440395,49,312.989361,False,True,False,1.8530747581321454,1.6117994083650022
25.796518,36,313.496334,True,False,False,1.8498731144659055,1.7820182007939582
-17.847519,152,315.581026,False,True,False,7.47682247126275,6.250731279776174
22.997063,101,316.918248,True,False,False,7.118676491263426,2.157129909663332
27.396016,45,317.478529,True,False,False,2.8425528177493407,2.26240925401408
25.500478,190,320.069344,True,False,False,6.364335617047148,4.367860253312764
4.57281,300,324.163199,False,False,True,11.942787895863319,5.454731094676819
27.799885,82,325.287168,True,False,False,5.0244129716803645,2.69541774165956
-11.931706,172,327.577725,False,True,False,10.814720580603153,5.250543298985679
-15.789263,20,327.85206,False,True,False,1.4425028358184495,5.9359940710657195
31.581786,281,331.845191,True,False,False,12.13061669862584,6.250451150825252
26.136757,83,333.282519,True,False,False,4.517408424928348,2.5175649811916743
36.518519,161,335.870568,True,False,False,7.409302203886519,5.3721475860154095
-19.13763,30,336.277029,False,True,False,1.6568076234910594,5.055190425956843
26.327318,59,337.013637,True,False,False,3.5907794523023466,2.1223705439003973
28.284078,31,337.423801,True,False,False,2.5023970991299493,2.2276003432603444
14.789896,224,340.382919,True,False,False,11.444804548555135,2.250341866113261
38.521721,172,342.768897,True,False,False,9.923346510750576,5.825558416436412
34.762988,75,343.763586,True,False,False,5.4723850913901915,4.053019693151396
-18.990069,42,344.330843,False,True,False,1.8735233803800215,1.810210904950603
-16.018872,79,345.388019,False,True,False,4.052045000513323,3.7959378152546805
30.469304,127,347.116011,True,False,False,7.926229618205721,4.153158068363518
-14.488331,44,347.696652,False,True,False,2.3422547665732267,5.4362084508844095
42.080925,170,349.985449,True,False,False,8.296474738525344,6.19211328369777
10.9919,300,354.017222,False,False,True,13.02318319252436,6.769327477817377
-17.836134,68,354.882518,False,True,False,3.456132858198126,2.845691167802228
-18.02509,124,356.513533,False,True,False,4.38051144166814,6.733239923258799
27.21808,216,359.355268,True,False,False,7.72883481032725,5.074373012558137
28.732735,96,360.655941,True,False,False,5.188135560361886,3.594411888941013
31.59366,69,361.630266,True,False,False,3.8168400969767964,3.249197552803054
15.603037,188,364.172967,True,False,False,6.444225479718118,2.165123772441676
24.966318,38,364.698888,True,False,False,2.8395817053330723,1.7646368596472766
28.59001,55,365.422069,True,False,False,3.3065716950223742,2.4571529956933356
13.870938,213,368.242715,True,False,False,9.889817431872578,2.6025255338866393
26.795988,85,369.337348,True,False,False,4.2423859913610595,2.6880941944771455
22.928946,48,369.952142,True,False,False,2.8366515618033152,1.8442414098937447
32.57765,70,370.899669,True,False,False,4.24772858220095,3.4551003054041116
-16.346672,58,371.71086,False,True,False,2.788365636365885,6.464617225175752
-10.290409,84,372.828749,False,True,False,4.629812858087334,4.417067188432346
28.718876,94,374.12389,True,False,False,6.299678749056048,3.433457529282847
-19.691442,24,374.451852,False,True,False,0.9609895567799676,2.8218728455855406
18.279916,235,377.505116,True,False,False,9.39780694583698,3.498443776633773
-20.036396,32,385.421227,False,True,False,1.341844535935369,3.5742927075168316
-10.764148,47,386.064876,False,True,False,3.41497981026599,5.4867774907250055
25.122976,34,386.509173,True,False,False,1.7286747437819912,1.6407664802470132
25.492128,72,387.551519,True,False,False,3.137877115561892,2.6039939448866605
-23.098545,11,387.715554,False,True,False,0.7403405986494827,3.304967787557284
25.757321,52,388.410113,True,False,False,3.7039764256864713,1.94426699502705
-13.344257,47,389.031229,False,True,False,2.3144802206926394,7.102638657940136
-15.829251,31,389.460874,False,True,False,1.7879799354927581,2.748346701172025
25.367294,173,391.746023,True,False,False,8.899526567158315,3.7170326379040266
37.86518,138,393.597141,True,False,False,9.783758304984808,5.346459228400175
34.316707,119,395.148188,True,False,False,6.3402831151904,4.477037995600853
25.569765,29,395.548877,True,False,False,1.6428342209772828,1.6135231621640371
31.405947,45,396.133162,True,False,False,3.529399132981003,2.902438858072399
22.485637,186,398.363675,True,False,False,10.322186974982213,3.3933152112677623
30.000172,90,399.555496,True,False,False,4.633211143609606,3.198756177435544
33.152585,62,400.322133,True,False,False,4.610140016573377,3.4488799809112103
33.541289,78,401.186651,True,False,False,4.4267785480055535,3.6432302628941597
25.30726,90,402.335595,True,False,False,4.071901815775217,2.3970416625823288
30.767152,127,404.038929,True,False,False,6.475811068898233,4.128841385538315
-19.26941,8,404.166149,False,True,False,0.42608799943215525,1.9690092895249025
-13.929911,21,404.467494,False,True,False,1.64810114547989,4.143155096614174
37.709876,92,405.605289,True,False,False,7.342235651593967,4.867253005783513
26.475761,30,405.994013,True,False,False,1.846996918276899,1.7229357930155635
28.190861,25,406.292591,True,False,False,2.1582923332818065,2.0208078402738074
26.390536,15,406.515144,True,False,False,1.3988408772267538,1.60266824803819
46.712655,137,408.215532,True,False,False,7.330994706213671,6.639221829718804
36.067528,81,409.245128,True,False,False,4.83936032431418,4.307015159836762
-10.809718,89,410.352154,False,True,False,5.055410500960828,4.951710386708559
-14.162787,300,414.352084,False,False,True,13.313701553382284,4.281843178783105
34.605033,135,416.269791,True,False,False,6.099904665077505,4.528196904459336
36.884477,62,417.098926,True,False,False,6.1027113303383285,4.145103493878044
30.639268,75,418.126107,True,False,False,4.453612179464016,3.4775117399271025
-23.211925,70,419.020019,False,True,False,2.2593578803299996,2.2518717997710955
36.518634,165,421.245078,True,False,False,8.435313550701936,5.321735840616519
27.021485,46,421.874724,True,False,False,2.354722854558834,2.078314732384421
-21.803191,64,422.735323,False,True,False,3.804590185284191,2.9381567575726475
32.517214,76,423.699036,True,False,False,5.748589018343846,3.510870441187137
12.233699,223,426.831706,True,False,False,8.351526168693338,2.3751856235258284
28.030373,55,427.594147,True,False,False,2.7915040540973983,2.438872562428162
29.512313,40,428.136272,True,False,False,3.03353818178881,2.489893690220789
-17.634953,20,428.404665,False,True,False,0.9756150190215644,4.854492805146845
-14.474662,37,428.916029,False,True,False,2.7079757925152577,2.845904289619477
27.422071,68,429.793223,True,False,False,3.8644327175783264,2.3852171929100145
26.3879,21,430.084217,True,False,False,1.5405058684144144,1.6192825690226211
36.315501,237,433.212274,True,False,False,9.797745927534482,6.335050293372773
35.604066,76,434.243805,True,False,False,5.479064575464095,4.089208517258189
-22.422345,107,435.823662,False,True,False,4.355047657850991,5.362036364935286
37.339577,42,436.39269,True,False,False,4.542564104913005,3.9997063100105454
17.438322,136,438.269215,True,False,False,9.830387357975056,1.613276873686906
30.347534,22,438.620252,True,False,False,2.2724222023219736,2.4226353826090548
-19.039449,15,438.806565,False,True,False,0.7199281568773269,2.3703617549195575
28.735072,53,439.529485,True,False,False,3.208506417674043,2.5028202157562385
30.207148,50,440.209063,True,False,False,2.5929558913242756,2.66927792588779
28.437008,28,440.567276,True,False,False,2.2101758345300455,2.065602350810041
25.547187,50,441.251996,True,False,False,3.0901310444767214,1.7725137479882405
-17.11475,31,441.627536,False,True,False,1.8616547637866911,7.115071330258688
-23.141291,242,444.839348,False,True,False,16.81913282644103,4.845084814284051
30.446282,31,445.383999,True,False,False,2.740693127726707,2.5722088085986137
24.953442,27,445.767548,True,False,False,1.608186184910371,1.5980222917767608
32.287657,65,446.63393,True,False,False,3.7038722565528723,3.211936119143177
35.050707,112,448.046864,True,False,False,5.525455630202618,4.279765677281164
25.584699,28,448.392816,True,False,False,1.778832020322681,1.626471605931747
28.96183,152,450.366973,True,False,False,7.279972151131767,4.168311697314249
35.050335,72,451.281023,True,False,False,4.471273011836796,3.7284316493797762
26.759404,150,453.256866,True,False,False,7.446874881492618,3.3411910324155554
28.480277,83,454.35855,True,False,False,6.139796050627382,2.862942542132865
39.645395,101,455.905097,True,False,False,6.413693643688725,5.080378343346187
33.768388,167,457.989389,True,False,False,8.239582587938207,5.198525850064043
-0.353256,300,462.020706,False,False,True,21.127419782639315,7.17450794765711
-16.005053,27,462.421439,False,True,False,1.5459986088188133,5.801613522978012
31.219674,85,463.545228,True,False,False,6.160755859233663,3.2697616373165577
34.298229,95,464.763946,True,False,False,7.482474729981956,4.045147603463295
-4.51118,300,469.066613,False,False,True,16.172367879594653,6.193740968909123
-13.329293,67,469.936951,False,True,False,3.849424455155704,5.752338920593973
35.347167,67,470.804913,True,False,False,4.741540029323129,3.873165632996737
44.101151,94,472.18364,True,False,False,6.707651811671126,5.794939840116302
41.79121,104,473.582968,True,False,False,6.907421347716458,5.479899400799098
36.028363,42,474.215338,True,False,False,3.8681533198051734,3.736155224923706
22.196822,79,475.662266,True,False,False,6.606973323184991,1.661021477121201
-18.477183,39,476.192562,False,True,False,1.8386257350689732,6.255712814179662
-19.023724,49,476.854872,False,True,False,2.6543313723195716,4.933176760897663
22.901646,76,477.871334,True,False,False,8.042737835535084,1.5976299490832655
33.983686,48,478.602198,True,False,False,3.4483702321977643,3.3028345571294966
31.983267,56,479.355589,True,False,False,4.741422741831609,3.374475564593365
-10.677369,51,480.035304,False,True,False,3.2383207279409043,6.613276129495908
44.086504,64,480.975211,True,False,False,6.599156362742451,5.421094145236703
-13.845258,164,483.154571,False,True,False,8.620868967727239,4.739892336922645
32.843865,65,484.003968,True,False,False,4.557471476112661,3.3265010442305614
36.878509,106,485.348133,True,False,False,4.948702926989214,4.419041012813936
-26.984491,300,489.374408,False,False,True,12.304767026906259,1.6022372287549502
43.588259,165,491.574425,True,False,False,7.352249478268025,6.347599268622956
39.493167,58,492.344882,True,False,False,5.343265159426239,4.558643831988559
47.295537,113,494.035026,True,False,False,7.200816171305355,6.396062606972952
29.435181,65,494.970163,True,False,False,3.7733482634179527,2.7967908796495546
-13.635287,35,495.44124,False,True,False,2.560508454903524,3.793542101603792
34.853102,124,497.105108,True,False,False,6.588044621647271,4.60784779240579
37.590714,238,500.244628,True,False,False,11.325112174166215,6.824907894039859
31.62666,44,500.838614,True,False,False,3.9058926396416607,2.8768353782902762
30.830195,36,501.309842,True,False,False,3.9026266189437133,2.6835798714372547
28.732121,150,503.277577,True,False,False,10.294696961998797,4.1445266511645364
-15.063229,130,505.052629,False,True,False,8.328458584581448,4.084975391102146
43.127276,88,506.280141,True,False,False,7.71101186669635,5.582735776887437
29.064407,28,506.661675,True,False,False,2.7484407996546123,2.2450105046259723
39.076426,107,508.043679,True,False,False,9.121965972131038,5.104329221911446
29.456399,54,508.768403,True,False,False,4.963964234552233,2.650123968623949
31.609333,165,511.019402,True,False,False,9.866716773001938,4.4691090501438815
43.556583,102,512.344232,True,False,False,6.717666006942756,5.990142723929479
36.12274,65,513.214422,True,False,False,4.599806766204582,3.927583239604465
34.798758,80,514.234512,True,False,False,5.949845221363751,4.05281586370875
25.845794,28,514.628301,True,False,False,1.7565342191993447,1.6018430447405139
42.533899,114,516.416378,True,False,False,8.278764010895166,5.772756967016154
35.520428,72,517.391275,True,False,False,4.913720341891044,3.9088388101373415
39.473956,65,518.391639,True,False,False,5.66464840717164,4.55101559369636
41.524147,86,519.503302,True,False,False,7.1813197771141315,5.315717994968779
24.340168,97,524.697978,True,False,False,9.878393895144779,2.204440572333906
42.676731,77,525.719542,True,False,False,6.20980845674966,5.367239221911496
33.969167,43,526.331263,True,False,False,4.119290440944674,3.240694715149291
25.635063,28,526.688231,True,False,False,2.60312150867672,1.612267681760765
-4.16954,300,530.918224,False,False,True,11.653909995020337,7.156987193512779
27.011065,59,531.686213,True,False,False,3.06664377543856,2.2363829413330905
50.694802,206,534.587894,True,False,False,11.72673205272965,8.308346246777736
25.599222,157,536.66492,True,False,False,11.074928969743342,3.412269323646615
39.807712,77,537.863933,True,False,False,6.6907524848294395,4.773263059519376
33.113263,50,538.531851,True,False,False,3.2302784283457595,3.1933056359031284
34.569162,61,539.399812,True,False,False,4.6535072714225185,3.663105637093456
36.038495,189,542.127241,True,False,False,11.080858855083264,5.829162880021045
38.68789,57,542.905136,True,False,False,5.144080404261098,4.496264500152831
32.986136,33,543.319324,True,False,False,3.0930994383272368,2.9711121334205104
30.790386,28,543.861268,True,False,False,2.3425614192208055,2.4665309529347916
38.052509,107,545.34818,True,False,False,6.020944936335121,4.72403592145412
36.488939,65,546.166868,True,False,False,5.4584073857215705,4.114784406699618
26.430855,28,546.649389,True,False,False,1.8195504893051702,1.760853861661568
39.52972,61,547.530428,True,False,False,4.609793847766475,4.537605620946056
32.331912,40,548.069383,True,False,False,3.038356608336564,2.9166359329502347
26.527775,80,549.09717,True,False,False,4.631406565299742,2.4139598066466723
27.650298,64,549.955501,True,False,False,5.123113359271874,2.4829154603429884
35.748259,185,552.723831,True,False,False,10.175040292532216,5.456208848733031
-17.121033,15,552.934275,False,True,False,0.9744230342965265,5.20870944125982
45.365455,115,554.435406,True,False,False,8.068473910364284,6.177548576440029
27.05248,33,554.880504,True,False,False,3.182851729289104,1.9719471209984647
38.944053,75,555.889209,True,False,False,7.884639957634082,4.741454585913914
29.494335,31,556.354243,True,False,False,2.1912209428887715,2.2736869934314567
32.405471,45,556.999346,True,False,False,3.2804180797121254,3.0151029504029956
-8.579661,300,561.005902,False,False,True,15.523147254217195,6.014397348210739
37.702302,67,561.875815,True,False,False,5.237514701512159,4.160974625714603
34.231788,49,562.476776,True,False,False,3.908378609522308,3.402387940600916
33.351719,37,563.02307,True,False,False,3.3538251652837787,3.1159345286554245
28.044941,29,563.428898,True,False,False,1.9543466011383765,2.036788850419599
28.195274,18,563.684055,True,False,False,1.8863379549574437,1.9785070015824915
27.094074,300,567.667631,True,False,False,21.208745013798733,5.871082888267322
37.16849,48,568.275519,True,False,False,4.876160347253269,3.924805515088795
34.252961,50,568.932936,True,False,False,3.6769194252241415,3.39034497839186
33.187768,45,569.507216,True,False,False,4.108068200186055,3.206000797564143
-17.129288,15,569.70731,False,True,False,1.106670681607782,5.099538481261138
-22.219068,100,571.16995,False,True,False,4.783111234022713,3.2143630303508584
28.839157,32,571.600132,True,False,False,2.714117907228478,2.284830837385198
32.273724,61,572.393436,True,False,False,4.594195765721086,3.210746460210839
29.555654,43,573.010671,True,False,False,3.198352218847938,2.529663993942397
31.096991,26,573.368047,True,False,False,2.545549704449019,2.615313816575281
28.11194,49,574.014835,True,False,False,3.69766036139364,2.3414958897546754
41.733847,97,575.396291,True,False,False,8.060339643785417,5.732579907525949
30.628571,133,577.180654,True,False,False,9.721604327112,3.997791230331314
32.121472,54,577.849547,True,False,False,4.431648118654399,3.3779371048457687
48.270749,114,579.384148,True,False,False,9.305336954319257,6.833956161657415
42.625207,71,580.327445,True,False,False,5.699821923927823,5.064741479486107
29.367553,41,580.896269,True,False,False,3.618755770243649,2.7262179403748052
35.155164,91,582.062871,True,False,False,6.014395229864127,4.34994644279486
29.178283,31,582.506525,True,False,False,2.4221865490031065,2.2281502841999554
31.222253,22,582.81953,True,False,False,2.796457552224355,2.502567441915119
30.537361,51,583.540257,True,False,False,4.347015555307664,2.797381216278551
37.780628,59,584.318501,True,False,False,4.6938868449590405,4.197009537829354
-18.247862,31,584.740638,False,True,False,1.8691413867385123,1.7849330168212698
39.888379,114,586.226554,True,False,False,7.139374944806866,5.219708188014908
30.979768,53,586.910005,True,False,False,3.08693927620216,2.8069927880091754
27.185104,18,587.1858,True,False,False,1.8250572524627322,1.7528638512552874
38.276105,60,588.064135,True,False,False,4.567955788307409,4.271534691102518
-17.802582,29,588.421297,False,True,False,2.908537689377708,3.603802507432733
32.923405,78,589.516241,True,False,False,4.861603006323885,3.630440286602289
27.30706,23,589.810746,True,False,False,2.2701766790763966,1.8819909442886051
36.360604,38,590.288142,True,False,False,3.7926318219829493,3.7133133825874234
38.836739,87,591.40397,True,False,False,7.125406954473835,4.613012397607834
29.747938,36,591.848987,True,False,False,2.5016413291263833,2.4363793648252785
31.114936,38,592.329644,True,False,False,2.768251678397152,2.787025043751867
34.190293,39,592.83859,True,False,False,3.287479263418055,3.2988414450822394
38.644202,81,594.03002,True,False,False,5.296489090148045,4.559257290925621
45.598537,133,595.796631,True,False,False,10.605500436984087,6.458666698709005
25.42624,59,596.671448,True,False,False,5.332920007158302,1.8658999398298057
33.323639,65,597.551212,True,False,False,4.978097020912192,3.5838078655624686
38.863317,54,598.261765,True,False,False,4.6971390965236255,4.225790841221365
33.312457,122,600.128989,True,False,False,8.501822680957016,4.165663636155174
27.986623,25,600.415043,True,False,False,2.053106392773704,2.033558265011406
41.031665,218,603.210715,True,False,False,14.797221218566701,6.838406641438015
43.192518,94,604.393852,True,False,False,6.8099570303600725,5.70697273399245
29.495206,219,607.243564,True,False,False,11.225719520272316,5.172107216522467
35.613218,58,608.049407,True,False,False,4.025214357091408,3.7345370866279017
42.463251,146,609.978902,True,False,False,7.515406281072019,6.017976430850037
42.007352,194,612.490665,True,False,False,11.812593210892215,6.710081659434498
43.038618,81,613.555718,True,False,False,6.582553548609464,5.399395900998364
34.307317,129,615.279563,True,False,False,8.412300544338242,4.614244686333668
38.529884,131,616.949002,True,False,False,6.569734168581642,5.140841667653359
29.918622,113,618.512666,True,False,False,5.699844669823141,3.380310657889135
32.525145,44,619.103835,True,False,False,3.268425211977962,3.0465490336693475
34.445317,41,619.646809,True,False,False,3.4889218629008876,3.365678225015976
31.237954,55,620.397933,True,False,False,2.9222237944267166,2.8120716378685637
37.902215,57,621.196267,True,False,False,4.665485064495818,4.080056267378165
42.611847,79,622.233946,True,False,False,6.376731620317636,5.30657011618232
31.26633,42,622.794574,True,False,False,2.938706715977532,2.6961967627946475
43.349327,78,623.851131,True,False,False,5.859283915200283,5.278717404457233
36.662286,64,624.697989,True,False,False,4.385340406225203,3.95810371262976
37.180407,37,625.184,True,False,False,4.227599187171796,3.8747039863940467
26.63624,23,625.506595,True,False,False,1.5173718249648043,1.7324817373343084
45.518871,65,626.356315,True,False,False,5.565147797579057,5.647395487738696
37.41576,64,627.19947,True,False,False,5.310046496736436,4.143541372984159
40.254767,79,628.174867,True,False,False,6.002612232124491,4.923898696054469
35.129479,90,629.287035,True,False,False,5.9490347790405975,4.052517983657662
30.06925,65,630.088376,True,False,False,4.202294468103362,2.841723820848708
40.838255,59,630.872116,True,False,False,5.019347499790146,4.613070341068282
32.609197,180,633.28165,True,False,False,12.22880858911824,4.467364737990177
33.409446,33,633.704087,True,False,False,3.138281768848881,3.0875599481166938
28.295618,41,634.258082,True,False,False,3.966959213981907,2.2290056400700076
-19.156512,20,634.51719,False,True,False,1.2666332250366579,3.035157294972204
29.345264,35,634.985732,True,False,False,2.785720561706067,2.3615712423209825
32.279328,40,635.536305,True,False,False,3.15408481149798,2.8195375125860025
33.564188,182,637.872407,True,False,False,11.833938961863652,5.120886291936588
37.184345,34,638.350836,True,False,False,4.267043688318166,3.7534781896186025
45.574926,183,640.740592,True,False,False,10.155936816031835,7.205663862902033
34.81642,47,641.316702,True,False,False,4.4499728756815635,3.5826902819487834
39.128724,85,642.45308,True,False,False,5.3815556157264535,4.651937088315514
30.769337,79,643.532341,True,False,False,6.394276381875437,3.1834086217096424
42.498589,116,645.07787,True,False,False,7.61359545837803,5.728955285264355
27.767649,28,645.458007,True,False,False,2.1221889548307877,1.9773431645326611
24.390138,109,646.926669,True,False,False,5.399195909746393,2.5987634047866184
30.424342,22,647.224427,True,False,False,2.3129244084479743,2.3921229323187414
44.837434,92,648.476111,True,False,False,6.350030167725383,5.824337456934439
42.268357,116,650.034577,True,False,False,6.427594816407891,5.481909613045577
39.679585,57,650.774526,True,False,False,5.532072379524403,4.669653303796433
41.592978,89,651.947582,True,False,False,6.181868698212521,5.204475454219198
27.525334,46,652.567502,True,False,False,4.527588214290444,2.2272862036961754
30.427782,48,653.213905,True,False,False,3.08631603468418,2.770973054568891
32.96261,41,653.720564,True,False,False,3.3801351536381916,3.1632550836685875
39.960098,60,654.493939,True,False,False,4.858405030045785,4.63617516179306
25.511982,47,655.116683,True,False,False,2.816101001943151,1.8151497596043653
34.022909,25,655.447995,True,False,False,3.2389153031600895,3.0451454085339194
33.774214,250,663.085307,True,False,False,13.362465858367315,5.96374662153375
35.0766,86,664.237144,True,False,False,6.754663152181037,4.100950402653629
30.330995,27,664.601574,True,False,False,3.075227335113832,2.423123938656919
29.086149,28,664.967561,True,False,False,2.598879818066353,2.349258624477754
33.949656,45,665.536877,True,False,False,3.960918860899414,3.336293514120771
30.78407,30,665.913882,True,False,False,2.5004446522375767,2.603603824408996
34.976976,85,667.064694,True,False,False,4.684173892754848,3.944765884854391
39.15205,44,667.801035,True,False,False,4.553391249249524,4.426909315640664
46.358585,72,668.82815,True,False,False,7.28631475018085,5.981030774643983
30.765489,56,669.496124,True,False,False,3.0171005228767886,2.8847091539422003
-15.783951,31,669.901337,False,True,False,1.9706029025014558,2.6962007429902473
43.896076,135,671.689411,True,False,False,8.724769759615421,6.152647610828181
31.270536,31,672.091275,True,False,False,2.903537159097372,2.6125987287489747
27.435859,24,672.419117,True,False,False,1.655643067831876,1.8165154785065905
27.937063,26,672.758945,True,False,False,2.854619139715722,1.9830589714538474
43.90151,92,674.001166,True,False,False,6.276330408246473,5.583454812603078
38.779178,48,674.644062,True,False,False,4.8627370022978536,4.257703029436013
33.129535,31,675.06069,True,False,False,3.121182796411836,2.968503486893736
37.649944,56,675.794345,True,False,False,5.059750167277963,4.0347627900852325
26.871477,61,676.571325,True,False,False,4.48176384421236,2.3737661364870917
30.521997,31,676.99265,True,False,False,2.789473282310112,2.5329455355723893
41.083801,101,678.348173,True,False,False,6.704596647978144,5.127021207489949
32.374296,40,678.886965,True,False,False,3.1215954387907585,3.080956330178161
32.556313,35,679.361034,True,False,False,2.750775663874598,2.91573778873781
28.030007,24,679.695589,True,False,False,2.6402844108144703,2.0907940568006316
40.189542,86,680.849144,True,False,False,5.230873338274439,4.908751410084708
-15.854346,23,681.156888,False,True,False,1.5672103810384914,3.6359077462462546
28.063507,25,681.485705,True,False,False,1.785872299014814,1.899687207757708
25.538806,26,681.842788,True,False,False,1.7172893875278923,1.6129106982615289
32.053755,61,682.621001,True,False,False,4.363153304362885,3.042215753062935
29.726833,33,683.070916,True,False,False,3.278154152975747,2.4246386114226444
48.804776,96,684.37656,True,False,False,9.680606052590527,6.6808627296939385
30.927143,37,684.858194,True,False,False,3.4888483005221973,2.5993870586090777
36.89331,41,685.433218,True,False,False,4.434932467767713,3.8301476996482275
39.68346,58,686.229648,True,False,False,5.902417825513081,4.670317920444792
29.16136,24,686.519747,True,False,False,2.4638014596785793,2.239006768713778
24.656174,36,687.022244,True,False,False,1.741875903875508,1.5108952105841942
38.56117,40,687.548824,True,False,False,4.420232585961756,4.123446626621968
29.739175,33,687.962448,True,False,False,3.1095908547584967,2.466716097614646
26.529338,27,688.325126,True,False,False,2.1709053814927883,1.787355891873336
29.741281,53,689.041126,True,False,False,3.2997793891055625,2.6352927947432363
26.868375,29,689.397753,True,False,False,2.489051533806778,1.8229602910548386
38.573473,113,690.8228,True,False,False,6.28815803759169,4.998929716914102
39.610058,66,691.710094,True,False,False,5.173568812845815,4.498613971506937
34.961189,30,692.099987,True,False,False,3.215671376332694,3.2541955236788374
44.514973,70,693.120357,True,False,False,6.993659682762399,5.709687538747528
32.841941,30,693.510274,True,False,False,2.9577966455576408,2.9316486615841395
46.364557,117,695.084173,True,False,False,8.650663063371754,6.5778500392007375
44.658617,137,696.912549,True,False,False,6.912434101938332,6.231520634899019
44.308149,109,698.322513,True,False,False,9.100496387388825,6.103779758212914
31.853075,35,698.761832,True,False,False,2.7796802103220766,2.738652200432421
43.300303,49,699.43208,True,False,False,5.857814832946598,5.105844376824935
39.284588,54,700.120618,True,False,False,5.337569792013007,4.655635224954785
30.933133,33,700.536612,True,False,False,3.514997980804081,2.6021838891651314
43.098636,138,702.303989,True,False,False,9.51667742810457,6.128197523328342
37.671326,40,702.836853,True,False,False,4.069617113090596,3.945905724522906
47.35705,93,704.047103,True,False,False,7.193127013067701,6.384641355316369
30.91638,33,704.476429,True,False,False,3.5946078973715627,2.638796023993154
28.699846,33,704.918169,True,False,False,2.52344899750752,2.153186216650713
36.209979,66,705.765589,True,False,False,6.331211095468766,4.170988135424592
-8.58557,90,706.932767,False,True,False,5.591714836520029,4.242066582863206
29.765301,57,707.60702,True,False,False,3.979928619401853,2.9615910890358172
36.324553,49,708.214185,True,False,False,3.964072879504858,3.6774615291077515
29.365581,26,708.512907,True,False,False,2.771204905376445,2.230368628813812
33.946783,48,709.122884,True,False,False,3.85529354524989,3.4125331194359787
37.858828,56,709.838753,True,False,False,4.507007661719842,4.101736727856894
28.036198,29,710.21607,True,False,False,2.5261324270149204,2.0392582930626286
33.887027,53,710.952012,True,False,False,4.709579132896114,3.453713578046249
32.340103,53,711.645493,True,False,False,3.514153193035909,3.137897741626788
28.97019,24,711.965363,True,False,False,2.092919524527293,2.2121144009024434
32.038282,34,712.401804,True,False,False,3.1690263994945718,2.8982703304236117
38.520801,97,713.658095,True,False,False,6.658273763777708,4.920610813648928
40.934045,51,714.310097,True,False,False,4.840016364564149,4.640426073190758
34.483402,68,715.193655,True,False,False,5.4414682550126505,4.030632825637267
36.296772,133,716.943507,True,False,False,9.050907749631396,4.938692563839115
37.463158,116,718.502086,True,False,False,5.429152148169766,4.619460109830585
35.049079,29,718.895007,True,False,False,3.627639098290278,3.3649221927430277
40.629559,55,719.618549,True,False,False,5.52060093057828,4.692286184348771
30.178496,44,720.15791,True,False,False,2.429930098576179,2.5290527340467195
40.276183,99,721.470454,True,False,False,8.424440657355087,5.124837237602889
39.245203,101,722.807492,True,False,False,7.168446430007956,5.1442430142770945
33.188096,50,723.473711,True,False,False,4.0531981142610585,3.173483386007386
43.340447,59,724.282023,True,False,False,6.328061363043837,5.269611413803605
31.720958,99,725.648011,True,False,False,7.17462766843382,3.7471456445822082
23.993733,54,726.377374,True,False,False,4.331454647451157,1.8483616333938042
56.787924,110,727.845287,True,False,False,9.07428845994146,8.055917716814161
47.286424,63,728.68195,True,False,False,7.5320338440346015,6.020634831731324
39.807,84,729.751565,True,False,False,6.074185798340419,4.8033439424969675
45.858604,92,730.932112,True,False,False,6.918296775356823,5.988592545909376
36.981835,47,731.541541,True,False,False,4.860278634360827,3.850162918134199
36.569752,70,732.464289,True,False,False,5.309530825553788,4.0992136419829786
32.629237,56,733.274178,True,False,False,4.810826392506434,3.237738019109732
40.243141,92,734.522019,True,False,False,6.3899710396890566,5.156377619342981
38.25544,51,735.221537,True,False,False,4.162645762182548,4.039928325637492
37.672842,51,735.887848,True,False,False,4.667032664894724,3.996761071045016
38.595867,48,736.535871,True,False,False,5.670965412281632,4.212064095834917
28.902424,105,737.94698,True,False,False,7.70344763315299,3.3714311299967537
39.879487,52,738.66438,True,False,False,5.692701955047505,4.676816933976258
37.646051,50,739.325258,True,False,False,4.065092017853544,4.019954905846158
36.20937,60,740.133026,True,False,False,5.545828294713713,3.8456209584217964
37.68386,82,741.27064,True,False,False,5.637757766331588,4.423424030341091
-5.5636,37,741.761581,False,True,False,3.7424840696503283,5.5085802718304855
35.538273,39,742.234738,True,False,False,3.6449585736693995,3.5347894553117976
45.617333,87,743.435654,True,False,False,6.950564731890731,5.94026086958434
35.17055,58,744.210555,True,False,False,4.06611397240522,3.7553100412893796
28.482942,61,744.975624,True,False,False,3.846294157615759,2.6555384586369892
27.710466,36,745.47216,True,False,False,2.7298929276775463,2.1072412330186125
34.050964,59,746.38636,True,False,False,5.774415584188746,3.5554395706522306
45.492029,121,747.973849,True,False,False,8.263007658947286,6.457226527575494
30.554175,42,748.509559,True,False,False,3.104411148932517,2.7932613412128644
43.529686,77,749.691508,True,False,False,6.55176520028026,5.524482323222413
32.213844,58,750.617881,True,False,False,4.331211115127296,3.213306821178576
33.719008,36,751.132544,True,False,False,3.0809696214438427,3.1691874195558563
34.240117,45,751.697203,True,False,False,4.953095493256781,3.4369265799564603
40.618994,61,752.4814,True,False,False,5.916656807536261,4.6327268298711335
27.024189,33,752.902382,True,False,False,1.8531811767798534,1.8620997511526267
30.708501,35,753.354796,True,False,False,3.6249526246605868,2.5826497548440996
-9.918708,30,753.749059,False,True,False,2.4754213906043394,3.508489074814552
38.024834,75,754.7251,True,False,False,6.699312017874512,4.459988113108842
41.55883,75,755.731508,True,False,False,7.359229613441604,5.143103690168336
34.035147,63,756.594621,True,False,False,4.202284559916035,3.464378221117223
34.178746,63,757.434371,True,False,False,3.546067952690457,3.3934607991318937
35.379657,45,758.010458,True,False,False,4.942727195186056,3.5378698518194946
39.78493,80,759.125257,True,False,False,6.070727552787782,4.759109640461405
45.814291,50,759.771333,True,False,False,5.819862736768884,5.511654996264046
27.257205,29,760.205666,True,False,False,3.0480818107899004,1.972498456738387
38.377235,67,761.106204,True,False,False,5.332417265064342,4.39884674892127
29.044283,60,761.883237,True,False,False,3.764626225167189,2.5614821478954153
36.265634,93,763.146407,True,False,False,6.238031959988356,4.356069344792061
28.074175,43,763.671278,True,False,False,3.4214313095971476,2.2380286580371487
31.317376,43,764.231813,True,False,False,3.1093501870108025,2.795042949955122
35.373688,35,764.689246,True,False,False,3.2961093526570546,3.365405767180439
28.890364,50,765.361528,True,False,False,4.2664595368898155,2.5053077429331507
29.274812,36,765.844312,True,False,False,2.86715554750241,2.660190204852026
35.792892,57,766.616069,True,False,False,5.9528291388943195,3.869720681462946
-19.026414,7,766.694375,False,True,False,0.4063093466311395,4.015171574643274
36.780733,88,767.924453,True,False,False,6.586009880147583,4.676147383699554
35.231752,111,769.472458,True,False,False,7.110076463680353,4.393885057418747
41.65252,90,770.714745,True,False,False,6.204469342897193,5.222395166211239
35.711663,93,771.93009,True,False,False,5.866421964411546,4.149095914066019
-14.510297,14,772.149202,False,True,False,1.3074002501231412,4.443254195071074
31.560405,32,772.563987,True,False,False,3.2596088526644578,2.7619256551456
29.560972,46,773.169208,True,False,False,2.588352037351446,2.47025099381749
35.148424,40,773.687445,True,False,False,3.9652589868252925,3.6866091056842003
35.110477,48,774.310141,True,False,False,4.563902488792731,3.6283378702136995
38.201878,105,775.73341,True,False,False,5.808260743522804,4.740342016936614
-1.135662,80,776.807173,False,True,False,5.905679618552101,5.073260578133334
29.5718,31,777.189283,True,False,False,2.3276725138313528,2.4155790464823133
33.604998,53,777.946556,True,False,False,3.653154307262789,3.3286101463712754
32.807986,53,778.707985,True,False,False,3.4473256156626877,3.1837216809521505
31.460708,95,780.064323,True,False,False,6.486013707498824,3.4759291195808917
39.385203,93,781.44343,True,False,False,6.525000387107198,4.733326832495799
44.853331,78,782.534214,True,False,False,6.708359721685257,5.687752985108651
44.514086,71,783.614164,True,False,False,5.602966594489399,5.446659616241994
33.261962,48,784.326974,True,False,False,3.063937815816417,3.1712623057385634
51.026461,121,786.005493,True,False,False,8.59538723468848,7.086856057122933
30.475005,40,786.52029,True,False,False,3.4219087258530316,2.603598528329901
32.279797,53,787.234361,True,False,False,4.0521219334649,3.0435899097777863
31.219844,40,787.754983,True,False,False,2.989360893604568,2.7736312713565128
35.769244,46,788.351308,True,False,False,4.702142417770023,3.700990464371241
-0.389209,45,788.925916,False,True,False,4.749127327977387,6.638703339366646
40.041127,71,789.986459,True,False,False,5.383959293427687,4.645108548614168
30.56722,53,790.685169,True,False,False,3.195715625375325,2.695755265333907
33.022636,53,791.38117,True,False,False,4.82449556362087,3.227496775869576
32.704613,46,791.98951,True,False,False,3.5670694859092267,3.238767281945866
48.97777,101,793.318043,True,False,False,9.794551913666687,6.780858909778181
38.027157,150,795.33582,True,False,False,7.735742814769203,5.736547104089148
31.326985,68,796.217791,True,False,False,4.806308192777498,3.054119626281398
38.075971,83,801.621487,True,False,False,7.390101516265075,4.577370103767608
42.859122,62,802.469586,True,False,False,5.187763151044141,5.059354020639582
31.358197,36,802.924125,True,False,False,3.1729000486303405,2.72245209938714
36.653172,78,803.888671,True,False,False,6.0556698226358625,4.2874091479618235
32.044869,50,804.52192,True,False,False,3.1107274552656303,3.001445262579437
33.626659,68,805.411976,True,False,False,5.332582131143863,3.5416572152505514
25.479475,33,805.852387,True,False,False,2.9698984611322063,1.6268496604274376
27.493141,60,806.654094,True,False,False,3.8391170878276615,2.4044430601967526
43.775564,64,807.511178,True,False,False,5.644631179479502,5.2986789798626495
52.929683,117,809.230542,True,False,False,8.305652727575291,7.682480736305451
38.469843,140,811.175135,True,False,False,8.395504005062747,5.281117526635441
47.041321,115,812.778496,True,False,False,7.833472893185134,6.671910068703181
38.12749,112,814.186292,True,False,False,5.533269622104533,4.858108201881908
32.063648,42,814.682873,True,False,False,3.079046191820271,2.8606232531515157
43.992054,98,816.016041,True,False,False,7.129778599956867,6.04681637322772
37.071666,67,816.898676,True,False,False,4.289997493731498,4.011411060519198
28.989688,43,817.438955,True,False,False,2.6195436525824443,2.3705307288327466
28.800565,67,818.289693,True,False,False,5.110824077646011,2.621550210848471
45.964364,91,819.517896,True,False,False,7.8634805459866906,6.1265814214324195
46.433774,70,820.427055,True,False,False,5.953763421390709,5.689900478043149
32.324368,109,821.809345,True,False,False,6.188713598975643,3.703596268935579
34.142596,58,822.555882,True,False,False,3.7388940580906445,3.367429012173792
40.522632,44,823.101064,True,False,False,4.760521408212642,4.5325884668659855
33.429267,57,823.810779,True,False,False,3.3958105055142154,3.2216064549971715
33.942949,62,824.546825,True,False,False,4.317138056024153,3.501943375607213
43.388571,87,825.711515,True,False,False,6.305397004582314,5.510660533026028
33.352274,34,826.179397,True,False,False,3.240878122904497,3.1042937105677004
46.894117,67,827.063487,True,False,False,5.874373484547352,5.7601035578320605
44.73364,80,828.151411,True,False,False,6.576346406219135,5.6310613293656715
36.517625,66,829.019397,True,False,False,6.19593955240504,4.3734859806103525
30.103807,47,829.611381,True,False,False,2.6048626109639827,2.554890276494359
41.287287,71,830.55638,True,False,False,6.124421233115686,5.026825974361163
36.413038,42,831.09747,True,False,False,4.086646655164812,3.677797498683446
43.119912,70,832.042483,True,False,False,5.247853755597309,5.245194065487478
34.505053,77,833.227157,True,False,False,6.349869887403121,3.806526210801091
28.508723,37,833.684814,True,False,False,2.3880288318269165,2.2498514512051537
42.797954,64,834.51858,True,False,False,5.359300572853,5.018975764305445
35.847212,65,835.4017,True,False,False,4.754201952760899,3.8143720225323596
36.738607,66,836.249399,True,False,False,5.580076353441223,4.10861828392423
37.665246,56,836.942582,True,False,False,3.8865236139307457,4.052311538757529
38.945184,105,838.453657,True,False,False,9.093164587107138,4.991182705884254
29.775178,65,839.353115,True,False,False,3.8134177129333517,2.9504543350916923
39.173061,68,840.240123,True,False,False,4.870349991269334,4.512088292608219
27.89946,58,841.112828,True,False,False,2.8940538771148367,2.3431109231320226
45.504223,76,842.136634,True,False,False,7.093488470280972,5.926378894993625
29.369314,53,842.857924,True,False,False,3.4181086260168545,2.570166760893865
32.544691,29,843.250954,True,False,False,2.6675863231805255,2.8222993110051116
32.740021,92,844.451837,True,False,False,5.52783084115212,3.7327415349649504
-18.241189,11,844.58113,False,True,False,0.5672241581247262,3.612579862067826
41.545375,95,845.830877,True,False,False,5.949878715254146,5.4431839797270625
30.14859,31,846.23895,True,False,False,2.386490479627688,2.4002973778543653
28.419045,54,846.94015,True,False,False,5.34886175436717,2.4247693083249384
27.182511,26,847.290657,True,False,False,1.8267276801944194,1.8089751847958808
48.125736,98,848.671803,True,False,False,6.707228805926319,6.3588358289081075
26.678708,21,848.972797,True,False,False,1.4249807084616644,1.6855439702424169
51.877082,136,850.67603,True,False,False,9.482917074102502,7.656214002032128
30.865602,22,850.970085,True,False,False,2.5828704887741254,2.4690859382376042
28.579625,100,852.340333,True,False,False,6.656975876505911,3.0726205132691113
38.828329,46,852.894824,True,False,False,4.449505800011799,4.222145053118868
38.459493,45,853.552179,True,False,False,4.698385792283727,4.173961173400361
28.664634,25,853.915852,True,False,False,2.315095633186232,2.1924749009427353
29.453174,32,854.351452,True,False,False,2.160146744290653,2.295808258017079
27.622244,22,854.673625,True,False,False,1.9288952297261106,1.8723939365087539
27.24204,15,854.865932,True,False,False,1.7635679684899819,1.6974964667737653
32.332385,45,855.442238,True,False,False,3.486886490365944,2.9328987407713396
28.203308,26,855.737993,True,False,False,1.9128327064494748,2.0023743738692206
33.424835,85,856.806283,True,False,False,4.74004897425606,3.6139382368639694
29.06294,25,857.174174,True,False,False,2.4879290861796797,2.2358149463562746
38.340095,67,858.006811,True,False,False,6.533606171240366,4.496244351930963
29.480656,45,858.597359,True,False,False,3.8574936161268334,2.5216496512908404
27.866525,21,858.879476,True,False,False,1.6855790342180286,1.9120383486663253
9.297597,300,862.895256,False,False,True,20.834847728559783,6.0335388292790855
45.260215,99,864.385649,True,False,False,7.284023218054388,6.003047359765974
27.280027,30,864.92631,True,False,False,2.881447697904754,2.0432630751100036
44.27345,66,866.094616,True,False,False,5.738653543587295,5.5103314121527305
27.319877,29,866.480457,True,False,False,2.5706697528519453,1.9409728485065219
31.872085,37,867.005843,True,False,False,2.7860825094035113,2.758650791992062
35.97769,60,867.896278,True,False,False,4.122378568415694,3.741266980405223
32.780582,26,868.33665,True,False,False,3.129529511674737,2.892030023579569
27.365358,22,868.660698,True,False,False,1.6261846935550046,1.8210388043981165
41.117932,81,869.780349,True,False,False,7.377141068719522,5.091855481732966
46.810652,104,871.159362,True,False,False,7.663875373186609,6.225133555600486
39.055491,56,871.814358,True,False,False,5.130950878453108,4.403215226119091
27.244092,26,872.147258,True,False,False,2.0568161205119777,1.9122902609057213
36.751906,65,873.109952,True,False,False,4.501422726427087,4.026537943298634
37.543106,48,873.731226,True,False,False,5.356506233707783,4.034779986638052
32.308617,66,874.697658,True,False,False,4.513390280032672,3.2057242635511254
41.966719,124,876.488423,True,False,False,8.793128818884808,5.472157269766534
30.406732,69,877.440324,True,False,False,5.011569230706074,3.0800845679124063
38.134151,51,878.072415,True,False,False,5.505761804145735,4.12624191309465
39.209743,40,878.621373,True,False,False,4.708728221903821,4.3125115094553905
30.032997,32,879.043915,True,False,False,2.8998382829062437,2.472492161777785
27.601411,38,879.576565,True,False,False,2.714361978436336,2.048886012482131
33.619809,63,880.435998,True,False,False,4.424305271794508,3.4791108973787366
30.329773,51,881.206311,True,False,False,4.453599443247934,2.7944645468004814
29.514817,30,881.591945,True,False,False,2.4455226656625606,2.3737541994709463
28.398924,23,881.854318,True,False,False,2.1601932404339985,2.047550395895147
45.129787,95,883.029643,True,False,False,7.9646000846468725,6.111828908944484
28.162044,37,883.490688,True,False,False,3.2304851233115275,2.2329394151724187
41.698052,70,884.36963,True,False,False,5.095154139283958,4.859500640869551
28.342836,26,884.74808,True,False,False,2.2117112878975242,2.0974996111472155
27.702715,24,885.080042,True,False,False,1.8608405621076298,1.8924045114665733
31.124831,32,885.476394,True,False,False,3.015247103391123,2.625574185161666
41.900811,107,887.209125,True,False,False,7.664096703270467,5.668983635823335
32.433662,52,887.908034,True,False,False,3.9817062373466134,3.1337303457689303
36.25068,44,888.538739,True,False,False,5.218591221732702,3.7514070979835594
30.567889,38,889.05419,True,False,False,3.399293893948967,2.539462002911277
28.245878,33,889.503121,True,False,False,2.4705558423192118,2.089141855278419
24.147282,59,890.263106,True,False,False,4.840066476643306,1.8272128368050407
32.264984,46,890.875163,True,False,False,3.8184245692143635,3.105885558379661
27.737289,63,891.588031,True,False,False,3.7075377665980005,2.3359407090176636
49.36995,126,893.349234,True,False,False,8.914839374509443,7.0042805839482165
33.002471,27,893.686294,True,False,False,2.8469632870109294,2.922555819693735
36.866664,86,894.830616,True,False,False,8.787797678267944,4.575171550592136
31.558415,45,895.392778,True,False,False,4.401594276102174,3.01697243832628
35.47497,52,896.024406,True,False,False,4.371561554608744,3.7083043662921393
3.115686,40,896.601287,False,True,False,5.95612298852015,7.490207506105847
36.371255,75,897.669947,True,False,False,5.578931525796184,4.092152769027211
31.680228,68,898.67334,True,False,False,4.11343899979746,3.1075031077901833
31.860449,56,899.394296,True,False,False,4.372740995910287,3.15081836548602
46.815834,55,900.154353,True,False,False,6.163057631140868,5.83762049778518
27.493798,38,900.612227,True,False,False,2.990754586695747,2.093846278330213
31.322685,63,901.515228,True,False,False,5.0990279485864365,3.207137782934651
39.859085,61,902.333525,True,False,False,5.8355812328082175,4.570527573543327
38.845054,65,903.260632,True,False,False,5.479149484230734,4.4037167466946405
29.502242,39,903.792055,True,False,False,3.5801002927985195,2.4456482139006748
50.549739,89,905.004867,True,False,False,7.355762601559437,6.748145114102786
-5.194463,57,905.705297,False,True,False,5.283941853764555,5.34519218235114
36.209686,44,906.344999,True,False,False,5.435118925371815,3.8059045209264726
40.119728,77,907.430499,True,False,False,5.077057753457186,4.724547305706202
36.827228,71,908.404238,True,False,False,4.702792345374242,4.017097178019898
26.271137,16,908.666169,True,False,False,1.5290073093039611,1.5950298546917028
29.138673,104,910.185806,True,False,False,4.206874557675682,3.0897472041273244
28.141441,28,910.577564,True,False,False,2.3948667140367004,2.039964214853952
33.716169,68,911.48714,True,False,False,6.490177330170802,3.5743453755094916
-14.886072,23,911.784926,False,True,False,1.4690854089160255,2.814565884948154
29.360958,43,912.300972,True,False,False,2.8327921818380286,2.3528865858826493
39.673989,58,913.056884,True,False,False,4.430880048338483,4.432227052452702
36.867109,51,913.747103,True,False,False,4.66029923947821,3.916442112164041
44.714536,90,914.897278,True,False,False,6.708453353820651,5.68996450861441
30.890826,64,915.734683,True,False,False,5.635425846038686,3.146152580169108
37.08667,28,916.128416,True,False,False,3.830235058349641,3.6982200696794236
39.764669,54,916.876199,True,False,False,4.726283344488387,4.50784119994209
34.159584,47,917.490441,True,False,False,3.787225184746436,3.334147044210645
36.835463,54,918.125351,True,False,False,4.299166478639412,4.0199698347285375
45.214551,111,919.57059,True,False,False,9.402538644666933,6.296614053246597
36.259113,65,920.440752,True,False,False,4.60105507218385,3.7998393359327176
-8.264339,33,920.908834,False,True,False,3.6971381663030463,4.4011459765165215
39.862826,60,921.721497,True,False,False,5.867614103768509,4.609220079868907
31.602659,49,922.419092,True,False,False,3.325300362871142,2.8086774093541926
25.684973,34,922.896114,True,False,False,2.4003566950748922,1.8088587726454217
29.603178,44,923.493544,True,False,False,2.8447103523232093,2.5392650373621106
41.244154,65,924.428527,True,False,False,5.406915255662991,4.782519000173158
24.961233,61,925.246006,True,False,False,3.669128275495574,1.8988450443994442
27.634065,30,925.618101,True,False,False,3.047361743025148,2.0119501669060624
26.488463,38,926.063243,True,False,False,2.153793977636007,1.7912132786511175
30.416102,160,928.14159,True,False,False,10.786220910150396,4.061141510164606
38.407061,50,928.940307,True,False,False,4.442363122749689,4.210718961348362
28.429051,32,929.344035,True,False,False,2.5302745799739554,2.1290076031816185
31.245296,55,930.033929,True,False,False,3.7536320338533935,2.8517606755034843
41.475105,68,930.934309,True,False,False,4.981584017220908,4.771446307523441
-15.132946,20,931.186567,False,True,False,1.8129317071180877,2.791320826082634
38.198653,42,931.757288,True,False,False,4.0331408561826505,4.105262332099977
37.319439,54,932.515258,True,False,False,4.672283414105521,4.044873606746071
42.701938,54,933.235193,True,False,False,7.1319187038085525,4.993692744785686
27.600304,40,933.731747,True,False,False,4.632112300314749,2.221340511876521
27.08134,20,934.006503,True,False,False,1.9532347301969488,1.7756124414333945
31.218564,25,934.330008,True,False,False,2.4492656599244707,2.552269589811102
34.196143,48,934.885377,True,False,False,4.519928622075348,3.3776658638119597
40.175165,68,940.102249,True,False,False,5.213667501493038,4.494151137737206
40.491448,58,940.863433,True,False,False,4.908050637401999,4.578821242513506
33.541829,36,941.344784,True,False,False,3.49244584469116,3.0677726505713836
42.012438,62,942.219996,True,False,False,5.249093851491245,4.810189785792408
36.328938,44,942.827808,True,False,False,4.088937725965379,3.820331957180641
-20.163889,8,942.941749,False,True,False,0.3028087671743828,4.969556401104299
32.529886,55,943.619343,True,False,False,3.3374806121956375,3.106413019446924
32.143315,24,943.997864,True,False,False,2.640375593379396,2.7614181865583904
44.839723,74,945.021468,True,False,False,6.906468510780439,5.718770314365759
26.613712,22,945.298938,True,False,False,1.4783532105865715,1.6715397130108915
28.472703,21,945.586877,True,False,False,1.8913851316668522,2.0247376418180303
41.31739,91,946.819103,True,False,False,5.916641724369144,5.028288631937741
29.6271,21,947.10857,True,False,False,2.1720971996164593,2.287159375852545
32.520024,36,947.616554,True,False,False,2.7466949921843122,2.906910688881193
30.629405,54,948.35198,True,False,False,3.0745755848085343,2.814362203444728
44.967103,58,949.139194,True,False,False,6.4551372200056525,5.4356595480346614
41.214725,49,949.854927,True,False,False,5.063556822849524,4.752424274921679
44.414387,81,950.96514,True,False,False,6.985426819754424,5.671591716116156
31.523093,53,951.732689,True,False,False,3.246135448269559,2.8847353036426964
38.351127,46,952.345044,True,False,False,4.237614985724706,4.068836614646551
46.145374,96,953.597507,True,False,False,7.152374631615835,6.292225551820247
27.876402,86,954.682544,True,False,False,6.491897410222121,2.92609698929523
44.615662,48,955.279502,True,False,False,5.412056845963107,5.366084673702478
25.942923,25,955.595304,True,False,False,1.8696899813413508,1.6806308133679355
27.682494,64,956.415945,True,False,False,3.1551841889236028,2.330596360889908
44.464296,76,957.487974,True,False,False,6.6081175009788025,5.718123957704806
37.454122,70,958.402286,True,False,False,5.355709516282645,4.112576192121708
47.478194,63,959.186944,True,False,False,7.931740571098119,6.074515294976981
28.955564,24,959.483201,True,False,False,2.539915995307482,2.1604349692010723
26.589705,28,959.832116,True,False,False,1.815821870549853,1.7641935467352114
38.286447,30,960.20032,True,False,False,4.415496563621344,3.864656071203732
42.589413,86,961.488394,True,False,False,6.559267568972169,5.483075741447559
36.51413,50,962.194937,True,False,False,3.6861774014163435,3.7935415641859636
37.397545,33,962.631468,True,False,False,3.8945993028168773,3.733106325343625
43.058365,67,963.475432,True,False,False,5.9702742098821675,5.143627722252486
41.744917,51,964.166656,True,False,False,4.686048264343937,4.733159348209749
31.073652,42,964.706342,True,False,False,3.1083474469387613,2.756097730538924
43.675522,99,966.055329,True,False,False,7.3292132910953685,5.586705999925002
32.116294,50,966.712779,True,False,False,4.834464186865374,3.1145369320674585
48.797506,60,967.47831,True,False,False,7.229130908257804,6.170489096431967
26.436954,32,967.973313,True,False,False,2.219265578996743,1.6965217624696416
31.716823,46,968.598329,True,False,False,3.8431850623611767,2.963159315328185
41.637167,43,969.123497,True,False,False,4.75314473167093,4.652900081309919
24.462872,48,969.746473,True,False,False,3.1688801008870366,1.7364277342542087
43.504396,51,970.44759,True,False,False,5.364455210059158,5.063963305232992
33.870072,41,971.032068,True,False,False,3.7547153936132465,3.2992635867221747
33.686678,77,972.165013,True,False,False,5.6724530474033985,3.5669592828690653
32.342072,35,972.651882,True,False,False,3.7725533816630774,2.9492749924005577
34.53204,37,973.197295,True,False,False,3.2366546728896664,3.2543501707747877
26.398672,33,973.631103,True,False,False,2.0652996367628553,1.843092738022991
34.837767,42,974.082587,True,False,False,4.255268221134563,3.33145327001827
31.591459,34,974.524306,True,False,False,3.1268508749490223,2.752414854691445
34.767303,71,975.439161,True,False,False,3.9588893430634933,3.674295564227426
42.766332,85,976.593001,True,False,False,6.0773272706042185,5.212934994916229
30.702135,53,977.271806,True,False,False,5.129707897390443,2.88362721905955
34.86127,49,977.871786,True,False,False,3.922844011076241,3.4551299878234056
36.995812,72,978.944079,True,False,False,5.574849931681874,4.206275370337104
37.154119,50,979.627308,True,False,False,4.895825334280282,4.027924639618091
45.711748,101,981.101449,True,False,False,9.701449269210507,6.386968819063976
35.442727,31,981.540833,True,False,False,3.2835260439348097,3.4039916363554905
30.713839,44,982.16035,True,False,False,3.286524018767521,2.63927472398888
29.227598,35,982.676682,True,False,False,2.621987089941051,2.4037035208372166
28.615647,28,983.072605,True,False,False,2.113341264736975,2.14918566229024
46.286414,103,984.402586,True,False,False,8.186967254632922,6.324010358807877
40.265788,67,985.230928,True,False,False,6.852853809760791,4.800916925416547
36.985261,43,985.812624,True,False,False,3.723795237139745,3.7928802764578684
39.383207,65,986.621398,True,False,False,4.572639271412424,4.558612878916579
47.477934,68,987.659826,True,False,False,6.858635669898075,5.961901437987207
41.371652,75,988.751478,True,False,False,6.155706458146919,5.047629912516759
27.173602,22,989.065409,True,False,False,1.818471783503181,1.77935839389546
48.469869,104,990.677852,True,False,False,7.223917631925105,6.371440333447917
26.596072,40,991.240385,True,False,False,3.9207811033703583,1.839272436304773
45.188734,111,992.719429,True,False,False,8.450197375415692,6.193671130294081
39.541224,44,993.355292,True,False,False,4.866070458920187,4.418615000890052
37.753567,77,994.484214,True,False,False,7.7422123560958545,4.667422663737507
27.196567,76,995.56887,True,False,False,5.18994507860494,2.6561856503575756
45.002098,79,996.81111,True,False,False,6.745951581152717,5.742985948871718
28.323533,23,997.08806,True,False,False,2.5813153475248516,2.0489009181495996
26.687355,22,997.360021,True,False,False,1.4880014349453032,1.703408198337532
44.671651,97,998.585294,True,False,False,7.826033460008326,5.837807873251873
28.288872,27,998.910352,True,False,False,1.880742143323344,2.0232705284797605
34.999463,34,999.317537,True,False,False,3.2768282729259957,3.383701599829612
38.559398,44,999.893214,True,False,False,4.029053874442538,4.00060170277329
25.660693,25,1000.24384,True,False,False,1.4285648214840252,1.545283157905149
35.844929,48,1000.914278,True,False,False,4.504650640963579,3.707682886417648
27.104766,52,1001.623256,True,False,False,3.3287350256355004,2.224647063157873
46.95456,105,1003.069064,True,False,False,8.878202126043869,6.478931400712939
52.343492,84,1004.228027,True,False,False,8.3152729703228,7.220700193703311
30.363155,31,1004.667873,True,False,False,2.472363846235334,2.505068538512883
33.262636,44,1005.268792,True,False,False,4.295183255172046,3.1820622944386296
35.993824,36,1005.765335,True,False,False,3.757407359329666,3.5444836538935585
44.25499,34,1006.226026,True,False,False,5.257125425759244,5.056075261655682
35.213104,48,1006.849439,True,False,False,4.074434138663918,3.5550764123383614
43.232251,70,1007.776907,True,False,False,6.053002912816517,5.32148415695333
28.931726,34,1008.282979,True,False,False,2.3447357720217394,2.292156887607372
34.686709,81,1009.335391,True,False,False,4.980216462735343,4.047205599042604
44.206798,60,1010.106529,True,False,False,5.727496304394667,5.166572869200479
34.766184,35,1010.629812,True,False,False,3.970419189100364,3.337336773118806
35.232583,50,1011.262008,True,False,False,4.074348242240685,3.5556793996960794
29.763417,44,1011.849005,True,False,False,3.5558322103906534,2.5656757859220454
28.799435,23,1012.137626,True,False,False,2.4363188722547404,2.1085238443383907
45.399251,50,1012.843961,True,False,False,5.684689237949641,5.4543778856123595
45.662764,110,1014.338234,True,False,False,6.987868244852711,6.033071904896083
-15.750638,11,1014.501478,False,True,False,0.9885131131559394,4.594150458410232
46.774644,148,1016.431531,True,False,False,9.889644273109562,6.730305099781928
31.765948,67,1017.319129,True,False,False,4.380399870193048,3.073269464773116
46.080463,60,1018.118049,True,False,False,6.35205230744008,5.70052883055649
-15.093545,21,1018.454304,False,True,False,1.4191933309805655,2.908120971963371
27.135108,27,1018.861152,True,False,False,1.7509246775313196,1.82626944171374
25.967906,40,1019.388589,True,False,False,1.9149589107631908,1.7714169869454008
33.708375,47,1020.001754,True,False,False,3.492437383272928,3.255923782980396
40.884409,68,1020.930223,True,False,False,6.515995438721218,4.739220631927354
46.475677,69,1021.869628,True,False,False,6.3308783231873935,5.878508886487343
35.81846,83,1022.983168,True,False,False,5.840846463825663,4.057962649646444
-19.398075,9,1023.091641,False,True,False,0.4646648292042848,2.8409704577133277
36.586325,54,1023.85207,True,False,False,4.494455739310445,3.9948524731713304
33.020231,36,1024.302447,True,False,False,3.1244397642889847,2.9178260068750648
49.134276,68,1025.222636,True,False,False,7.147272099037798,6.323490480065331
35.542608,66,1026.152601,True,False,False,5.615224095026009,3.923106677020777
27.152568,52,1026.872977,True,False,False,3.9502491065331182,2.2439824158047084
32.808222,32,1027.281394,True,False,False,3.0708460036498084,2.937528256421161
30.909302,42,1027.848049,True,False,False,3.840284994462682,2.7400965022843207
29.459799,45,1028.40089,True,False,False,3.702508454094446,2.573207047541646
32.428923,96,1029.637314,True,False,False,7.397646633255643,3.7247702890914764
37.408222,62,1030.470539,True,False,False,5.089099475009441,4.187717491856593
37.29109,53,1031.122898,True,False,False,5.389948752805787,4.093422842410568
37.635856,59,1031.96977,True,False,False,4.75693221294556,4.194761225010068
32.531184,34,1032.4251,True,False,False,3.0291040832714455,2.9874558340556563
44.534892,46,1033.043275,True,False,False,5.114752987438091,5.126347655298728
29.260479,26,1033.361677,True,False,False,2.8430819289023614,2.3395816451770206
31.618447,35,1033.799624,True,False,False,2.904952877263436,2.766873189553182
44.334851,79,1034.852035,True,False,False,5.692856594074858,5.420004073233649
37.642318,41,1035.336254,True,False,False,4.1331920765418655,3.9603952831133986
-20.203174,11,1035.513843,False,True,False,0.6587424651701791,1.5172671883891193
-7.704141,41,1036.035149,False,True,False,3.657361247572702,4.955860368972311
45.040876,95,1037.413462,True,False,False,6.665033747048564,5.7437360933950625
27.247907,16,1037.615508,True,False,False,1.82211926897506,1.8368848298348277
-13.655488,36,1038.098387,False,True,False,2.1545171377930847,3.9858898108953773
32.689987,33,1038.545566,True,False,False,3.0552860229868246,2.8542404182811696
43.083253,83,1039.648478,True,False,False,5.866401847100577,5.323485154032358
34.46138,47,1040.320276,True,False,False,3.983170478800195,3.47050174070251
25.665998,19,1040.616972,True,False,False,1.5416170202436377,1.629720139668456
55.41927,109,1042.033504,True,False,False,8.314508318169507,7.776797408342381
39.571985,65,1042.848387,True,False,False,5.625638746885019,4.446735891563144
33.737144,41,1043.371111,True,False,False,3.711926804744916,3.3665160759929362
30.623136,41,1043.908563,True,False,False,3.9168488202153102,2.8232874529237217
42.845193,49,1044.578175,True,False,False,5.039849604183604,5.018348898193299
35.042723,53,1045.236671,True,False,False,4.399760742155291,3.756278992760982
34.039757,45,1045.815498,True,False,False,3.354322312061901,3.3323281528713404
46.222706,57,1046.561156,True,False,False,6.313762107591273,5.7536255621493275
35.107016,35,1046.969341,True,False,False,4.02616354907549,3.459159418660441
27.096562,49,1047.601573,True,False,False,3.850065107256189,2.152470074959649
52.92281,106,1049.02914,True,False,False,7.988954788757052,7.386187983103624
37.81632,47,1049.650976,True,False,False,4.443777174952011,4.034874142302695
42.321011,62,1050.44415,True,False,False,5.2377606413146856,4.900433407875619
47.094783,61,1051.224932,True,False,False,6.398233697008385,5.893046795784605
26.386636,31,1051.659482,True,False,False,1.8611421709109695,1.7907884964186453
43.765056,81,1052.829618,True,False,False,6.264908213981161,5.518291827164735
35.528416,63,1053.744474,True,False,False,5.273538253829715,3.8430517576433245
49.508559,72,1054.735682,True,False,False,7.288304641165983,6.468622373572446
34.282161,126,1056.340143,True,False,False,7.532802918099823,4.252785632216184
39.2686,59,1057.133927,True,False,False,4.461006938735279,4.362961438668383
24.013865,104,1058.547618,True,False,False,5.361792242875074,2.357204230502659
34.644596,49,1059.223685,True,False,False,3.702689198039362,3.3889129387526276
40.046333,83,1060.417136,True,False,False,6.0653331998736855,4.881117722805477
26.801786,17,1060.602664,True,False,False,1.4906545375799403,1.6290845466599244
42.187791,57,1061.314494,True,False,False,5.231823314693649,4.8603407360940585
29.504809,50,1062.057988,True,False,False,3.449915432634159,2.617403398855784
35.293978,42,1062.629799,True,False,False,3.272062408289548,3.442298525032187
38.854541,42,1063.167175,True,False,False,4.082988697915905,4.083051280614982
35.281221,39,1063.680757,True,False,False,4.461581882253888,3.4445081612922395
46.178728,95,1064.920534,True,False,False,8.220040119699123,6.16680133773846
42.031291,52,1065.620402,True,False,False,5.506233398783225,4.887190598440531
49.669955,73,1066.588002,True,False,False,8.32238193458627,6.570165064661511
-17.009481,18,1066.802609,False,True,False,1.0608355180678355,2.134301186207156
32.106743,41,1067.319485,True,False,False,3.6336437210568024,2.955179870755374
42.731357,52,1067.998975,True,False,False,5.616184624999343,4.97491502545963
36.582807,55,1068.709336,True,False,False,5.624632310126956,3.884906346752871
30.563308,26,1069.066125,True,False,False,3.572629214295041,2.4889198296110693
39.315001,104,1070.413979,True,False,False,5.601805663565452,4.956947790847915
37.697993,112,1071.821426,True,False,False,7.556712616258893,4.8352526991529805
33.069473,26,1072.164941,True,False,False,2.99228988467466,2.8761454901776373
36.21311,36,1072.678373,True,False,False,3.7516206881295937,3.708692565712633
27.504094,26,1073.03761,True,False,False,2.1057833819271177,1.9331035637129366
43.884816,87,1074.264492,True,False,False,6.323144153281372,5.52311033626797
31.193791,45,1078.449544,True,False,False,4.000986494178324,2.8066648146320605
27.127433,38,1078.97688,True,False,False,2.8176176657625662,2.106926008309815
40.668261,70,1079.94587,True,False,False,6.3536497719142275,4.798140575969307
26.008286,14,1080.11706,True,False,False,1.4081433221421504,1.5067660203286524
32.165833,49,1080.753889,True,False,False,3.8660356415420183,3.0797638902411357
31.346342,39,1081.238678,True,False,False,2.6751168656236484,2.7050773245440327
31.72609,127,1082.944542,True,False,False,6.070221114189033,3.8686807387830373
32.901902,37,1083.43298,True,False,False,3.936257208674204,3.0882826323815955
26.694079,27,1083.775702,True,False,False,1.909714849989997,1.827326039765142
37.989038,75,1084.686388,True,False,False,5.575727211671028,4.4912277528138524
34.731679,63,1085.566685,True,False,False,5.316253441588366,3.7230862709842474
37.294918,56,1086.316283,True,False,False,4.67454804995613,3.9463373194315485
35.756305,40,1086.910094,True,False,False,3.7787222749934184,3.541216826943998
39.028722,67,1087.784215,True,False,False,5.898641083290338,4.491517586669257
40.303781,43,1088.309554,True,False,False,4.817801568940231,4.491551383458034
24.363063,47,1088.946159,True,False,False,2.849602409346623,1.5744107785517276
30.907868,35,1089.416069,True,False,False,3.077028800994414,2.7250052256423247
29.534368,17,1089.633285,True,False,False,2.0081826966588276,2.125534861558793
-17.728876,14,1089.823983,False,True,False,0.7551091763458464,4.55803013825149
34.960087,40,1090.339329,True,False,False,4.51390863610682,3.439965843280568
39.960548,86,1091.501744,True,False,False,5.199893382876529,4.69666647794306
32.568314,62,1092.340164,True,False,False,4.158587273672968,3.257714042676558
41.981189,77,1093.34701,True,False,False,5.281413190080688,5.052257004862743
35.310786,49,1094.028319,True,False,False,4.077103545191804,3.5661044597405853
28.595259,31,1094.451187,True,False,False,2.4556475572415914,2.1890313166049484
40.180425,44,1095.029169,True,False,False,5.923591166265073,4.520160442984876
50.517151,144,1096.964121,True,False,False,8.58211263340561,7.313756465739176
37.100094,44,1097.56142,True,False,False,4.985782842201394,3.909628761024551
30.293165,26,1097.907214,True,False,False,2.4272260231548124,2.463334579861479
34.15486,41,1098.462872,True,False,False,3.9662827030843206,3.310971227278712
44.998442,94,1099.738963,True,False,False,8.074230322096192,5.969716465526851
47.9009,79,1100.784142,True,False,False,7.999161718519927,6.380031123704922
27.495068,26,1101.130051,True,False,False,1.765646798418593,1.918568064345148
41.033262,35,1101.56662,True,False,False,4.4067426468806135,4.574692773562483
36.342791,61,1102.437128,True,False,False,4.582832563892291,4.080336143006738
32.493628,55,1103.19207,True,False,False,3.3429322497840346,3.1541302579752912
37.249404,58,1103.992949,True,False,False,4.2484175073724115,3.9460903154378064
43.757965,119,1105.734796,True,False,False,8.201960262143885,5.854570108419035
31.429032,33,1106.166525,True,False,False,2.9407249741089374,2.7279831116161573
35.234882,48,1106.772568,True,False,False,4.034897655494885,3.6684598981503878
32.14735,88,1107.963002,True,False,False,6.0424004239913645,3.636321265880458
40.723497,57,1108.677433,True,False,False,5.15992630937218,4.587510604010471
46.962887,46,1109.298943,True,False,False,6.044568006022398,5.637064715105437
36.097907,67,1110.175296,True,False,False,4.131515567795969,3.8710647404827165
35.303471,76,1111.30359,True,False,False,5.45112667310734,4.095610566745039
28.890419,20,1111.554591,True,False,False,2.1455190642771322,2.225976712119996
35.017024,46,1112.167224,True,False,False,4.331132946046864,3.5559779465819696
45.3069,52,1112.845114,True,False,False,6.472663777103555,5.562124404994292
32.638975,38,1113.381343,True,False,False,3.4414087648908334,3.011292596105128
44.04156,50,1114.023589,True,False,False,5.758415509467528,5.297173714801288
36.941111,49,1114.634844,True,False,False,3.7937159138465484,3.8650436605188587
28.30776,43,1115.191732,True,False,False,4.593982917098008,2.323094696562062
28.394078,27,1115.53881,True,False,False,2.0998506374146313,2.0376112484580187
29.23029,25,1115.876462,True,False,False,2.0076660399605673,2.1914449835289065
37.747203,120,1117.488141,True,False,False,9.485430584773832,4.85418035093361
28.783631,32,1117.950022,True,False,False,2.0858805562188536,2.1968019333024507
44.098576,55,1118.712968,True,False,False,6.642140156264754,5.384107687793202
40.86344,97,1119.97851,True,False,False,7.996429023296159,5.2579798965262015
39.79068,41,1120.525066,True,False,False,4.572091436076342,4.266503223937702
30.341186,33,1121.020097,True,False,False,2.5046738403004265,2.5061395568755587
33.93096,39,1121.534355,True,False,False,3.6229258196300833,3.186665314916622
39.017447,56,1122.393834,True,False,False,6.306243836270332,4.441085484296397
29.175889,62,1123.252865,True,False,False,4.836732765198106,2.690936748862157
26.131267,22,1123.533914,True,False,False,1.8324731956776055,1.6281666520414098
34.4141,45,1124.128352,True,False,False,3.4736194599933428,3.3560429285320152
28.700491,23,1124.464108,True,False,False,2.1105290671273975,2.1528312173713666
25.230835,32,1124.915109,True,False,False,1.7007779216970518,1.5784251482528249
33.840135,92,1126.168085,True,False,False,5.239490635694446,3.758508960082165
28.065988,53,1126.91118,True,False,False,3.786908554203746,2.4052838730731607
33.837521,50,1127.636168,True,False,False,3.8325684499538815,3.2913612480340704
33.304304,54,1128.399136,True,False,False,3.903541983890205,3.3051730563072996
37.20242,77,1129.438193,True,False,False,6.148290702005055,4.467281658536564
47.70482,67,1130.312127,True,False,False,6.429775170358936,6.007838447185623
28.024453,31,1130.708075,True,False,False,2.4676339954786073,2.056464880430454
40.982483,108,1132.166887,True,False,False,6.051511495828854,5.206588365196092
39.863903,69,1133.139884,True,False,False,5.054037682311881,4.562629362188169
36.969218,48,1133.783788,True,False,False,4.39588889087658,3.830375944000583
37.576012,42,1134.357984,True,False,False,3.9410508640346325,3.9624262137709048
35.963177,52,1135.030914,True,False,False,5.394997461504255,3.861613252679627
33.661812,60,1135.870584,True,False,False,3.564340667255523,3.4075272996804182
56.179743,100,1137.262918,True,False,False,8.660306137604312,8.033436050312377
37.078078,53,1138.005804,True,False,False,4.3123232543925205,3.999246079306524
48.797588,53,1138.700956,True,False,False,6.72321176182259,6.154340617986849
47.792901,87,1139.906642,True,False,False,6.803208940551859,6.005004869999837
32.645532,107,1141.319571,True,False,False,6.181980714606368,3.9799338461179703
44.730166,80,1142.400348,True,False,False,6.677701596437853,5.6754002850638985
28.884703,32,1142.759666,True,False,False,2.1267637930317442,2.190484959790214
29.46398,28,1143.11371,True,False,False,2.810566140973272,2.304445600137624
29.366348,41,1143.652959,True,False,False,2.9560033107931054,2.363461296242045
-14.833728,14,1143.84011,False,True,False,1.5368056546550286,2.592886342222213
29.981807,23,1144.127515,True,False,False,2.296172559881689,2.34190816042176
36.729949,65,1144.932458,True,False,False,5.479129673349334,4.138895285574986
34.033962,69,1145.836438,True,False,False,3.9469978562524934,3.528718511333246
33.804665,54,1146.60392,True,False,False,3.604540214077882,3.297380143970963
38.731188,46,1147.202572,True,False,False,4.870268923897457,4.1918944171807695
29.176942,34,1147.729912,True,False,False,3.6818871038392893,2.3141786971860743
33.816085,44,1148.323823,True,False,False,4.773923590600069,3.336019834501845
30.020964,32,1148.721362,True,False,False,2.866745118674055,2.4174260045739917
26.862352,26,1149.069487,True,False,False,1.704296109696263,1.7562437971533935
33.884023,26,1149.405509,True,False,False,2.993765301597046,3.0811808188565384
28.616501,29,1149.807759,True,False,False,2.480261969218715,2.1629851241306732
46.993059,96,1151.019754,True,False,False,7.661401590142219,6.181816490202058
48.929453,98,1152.246413,True,False,False,7.912880201151867,6.548020425957288
48.648146,97,1153.49944,True,False,False,7.023123936229671,6.3863115489464874
28.115057,13,1153.733132,True,False,False,1.7424293340953922,1.8465797457828748
43.10722,54,1154.470238,True,False,False,5.191055090061659,5.122108272418352
40.306045,79,1155.459156,True,False,False,5.401656913445303,4.853821887623053
39.614666,56,1156.194936,True,False,False,5.158067042306022,4.480169621409375
27.211226,49,1156.824432,True,False,False,3.388811992957351,2.4904332912713274
43.437884,70,1157.726498,True,False,False,5.534476884341524,5.31497898716705
35.153648,89,1158.95896,True,False,False,6.899607190316123,4.140365310164381
28.397613,21,1159.280681,True,False,False,2.0041694610900924,2.062306976705775
26.290045,18,1159.553423,True,False,False,1.5855172279462248,1.6353398294811474
31.035791,36,1160.025069,True,False,False,3.018567990215124,2.6160468685992755
36.041855,46,1160.684213,True,False,False,4.165224799231241,3.7413846226452643
48.660889,105,1162.10433,True,False,False,7.7234802367266475,6.772086630146446
42.412437,51,1162.887109,True,False,False,5.831666777569189,4.985896814575235
40.89162,56,1163.652248,True,False,False,5.6005913760915655,4.732192656967541
29.727474,27,1164.01703,True,False,False,2.53823511271359,2.297225372612432
30.25394,61,1164.771808,True,False,False,3.2578940363758275,2.6945391618806473
30.674925,34,1165.227389,True,False,False,2.6169770957483975,2.574877466968253
26.753909,25,1165.57703,True,False,False,1.7897538727101947,1.7492386875463979
33.167588,40,1166.123382,True,False,False,3.2120062327804266,2.9882098590294928
34.89907,50,1166.754522,True,False,False,3.85300740975046,3.4866988247206923
46.108688,89,1167.946774,True,False,False,7.607274903612067,5.887331910967381
50.67081,100,1169.398221,True,False,False,7.474029506625682,6.730721748936072
49.108674,93,1170.670469,True,False,False,8.92048610125084,6.62863913064249
31.425965,67,1171.5202,True,False,False,5.185961398070956,3.056601887975582
37.596646,76,1172.545369,True,False,False,5.169665200162331,4.2983565716590295
30.205831,117,1174.143784,True,False,False,6.131766327195942,3.514382465311665
28.666805,50,1174.830594,True,False,False,3.0742337822792796,2.429015295939365
32.674847,40,1175.357344,True,False,False,3.0741425439537733,2.9814847754549874
34.301793,47,1175.958029,True,False,False,3.303764580473408,3.3377329576600627
46.394559,105,1177.305718,True,False,False,8.879408346517287,6.421782189948093
44.474738,82,1178.388456,True,False,False,6.254673458038398,5.630371277601329
33.480584,37,1178.911285,True,False,False,3.2628253668182103,3.1412046149651927
35.195856,56,1179.644799,True,False,False,4.766130886594714,3.6954776448089457
44.957552,52,1180.325155,True,False,False,6.312737213601386,5.312287090360037
30.63678,34,1180.763579,True,False,False,3.122861750160916,2.5710019657086494
40.61489,72,1181.710665,True,False,False,6.358298212753388,4.9079974554703805
33.641821,52,1182.347848,True,False,False,3.7831368159935246,3.368821998980525
45.04006,57,1183.061979,True,False,False,5.768620658852312,5.422224961309505
37.028864,36,1183.557827,True,False,False,4.529382935411471,3.7552233438542
36.359614,62,1184.392649,True,False,False,5.725705765992858,4.115663713036101
42.921893,43,1184.999583,True,False,False,5.098577263039028,4.892938870074033
41.604469,52,1185.657216,True,False,False,4.928654250509451,4.820593388133955
44.687943,55,1186.467063,True,False,False,6.3393807893106295,5.3714174660071174
35.660168,49,1187.206853,True,False,False,4.409277364754853,3.723531846573971
32.032931,57,1188.034887,True,False,False,3.820298321811019,3.226008192275663
40.303692,87,1189.194027,True,False,False,7.578674548313928,5.0738738012787445
30.521285,29,1189.585001,True,False,False,2.6806086878719753,2.4929549624377962
30.8283,57,1190.459245,True,False,False,3.0208588485727734,2.85987932397574
39.796135,98,1191.998403,True,False,False,6.834895775843663,5.002774071838943
39.309992,59,1192.809844,True,False,False,4.268532450501842,4.359953632389058
34.834818,63,1193.660071,True,False,False,4.100662282310976,3.6622202069083705
31.462725,37,1194.126575,True,False,False,3.2904180288698077,2.729222129781642
39.094188,62,1194.925886,True,False,False,4.746133220270801,4.315032157199103
30.637952,30,1195.312332,True,False,False,2.3960157284038743,2.4638666892801653
31.94208,54,1196.078346,True,False,False,3.8586115330623967,2.960261854442285
26.685393,36,1196.576109,True,False,False,2.1315996709827196,1.7766386023853802
41.565803,73,1197.521187,True,False,False,5.6539258522709455,5.062413173546907
46.114939,65,1198.453984,True,False,False,6.6095880529106195,5.607197142731171
43.026274,56,1199.275522,True,False,False,5.984654147910655,5.050358301198164
32.237992,36,1199.735901,True,False,False,3.2583196072670324,2.8629788523379416
34.398956,40,1200.24398,True,False,False,3.6313978037375594,3.3446137947665733
50.645658,122,1201.921232,True,False,False,7.749769976424905,7.037296984955549
35.118424,34,1202.449388,True,False,False,4.167255240110952,3.4535318577614653
41.465088,65,1203.338125,True,False,False,4.927836178594248,4.759056726117229
38.594744,58,1204.102649,True,False,False,4.629643739002171,4.207552510326817
44.187479,56,1204.831102,True,False,False,6.868737849031283,5.233148933672751
50.108187,84,1205.882601,True,False,False,7.601380896030026,6.848081023449076
32.347677,48,1206.494493,True,False,False,3.6067719079410656,3.1175499153244948
31.174362,40,1207.03897,True,False,False,2.6793578770230733,2.7678970781064223
29.65353,27,1207.428981,True,False,False,2.22235840046793,2.3141231597107046
34.534983,59,1208.243436,True,False,False,5.689036555652207,3.5186620387565055
44.316025,63,1209.102039,True,False,False,6.020722208222629,5.56168198929103
32.554084,69,1210.001785,True,False,False,4.0545983883412635,3.2689895805597406
34.200577,42,1210.575251,True,False,False,4.325981513429108,3.341929853397045
35.666463,43,1211.087379,True,False,False,3.713823390809777,3.546732573782082
36.728013,85,1212.158007,True,False,False,5.5808297413406285,4.176673480923623
36.817375,90,1216.184919,True,False,False,5.205109161577166,4.283842047334738
41.325162,82,1217.317195,True,False,False,6.498587909018835,5.051485983406452
24.149561,46,1217.940009,True,False,False,2.5966371909492567,1.9230125419248918
40.339866,57,1218.722228,True,False,False,4.9953273661460855,4.661552760295747
47.713798,66,1219.530046,True,False,False,6.340341493631524,6.087264192567076
36.602101,44,1220.141591,True,False,False,5.019623685120738,3.8282757729314167
27.598013,26,1220.487252,True,False,False,1.7937628698194117,1.9165543213903953
36.303542,53,1221.186945,True,False,False,3.9836075059707823,3.7819002665171095
38.331126,40,1221.720494,True,False,False,4.84735068882501,4.123107505830282
30.513073,54,1222.57624,True,False,False,2.7735078511405202,2.7217846244140187
-13.785148,17,1222.823124,False,True,False,1.6409550049568586,2.9935510619256407
-6.923889,85,1224.021182,False,True,False,5.13564737059193,5.2505547027751085
26.535526,19,1224.270369,True,False,False,1.4510709263094392,1.6208357274513756
47.739423,73,1225.299782,True,False,False,6.294204283606025,6.059283650779675
25.393932,45,1225.910907,True,False,False,3.149829039326012,1.6558546787710486
32.862189,40,1226.433951,True,False,False,3.3202046478313196,2.9606191539031483
36.577888,80,1227.551818,True,False,False,4.846630586258758,4.1821611604599624
28.494828,38,1228.078184,True,False,False,2.8078545661915006,2.251602649376733
34.142712,54,1228.843623,True,False,False,3.5933642482646118,3.46394462508668
35.813007,61,1229.780373,True,False,False,4.5881183861976105,3.91515053256083
42.781774,68,1230.61184,True,False,False,5.832220856027763,5.036981616405932
46.584908,52,1231.298348,True,False,False,6.031037854291399,5.648642201229378
33.71531,36,1231.788317,True,False,False,3.175523638942215,3.1594012278396733
46.950238,112,1233.210179,True,False,False,7.1565442607069265,6.388003140295026
43.102787,66,1234.059078,True,False,False,5.679288816801104,5.105337870271025
42.261036,41,1234.60095,True,False,False,4.929450793306221,4.720795807999032
27.824442,52,1235.280641,True,False,False,5.155868093488755,2.5620758595938216
33.826823,38,1235.753935,True,False,False,3.6650888112828146,3.3583939324273624
38.751247,43,1236.308261,True,False,False,4.333476567243797,4.151841247542679
47.922456,97,1237.59835,True,False,False,7.7739298113463935,6.2557788528072695
45.684853,75,1238.583574,True,False,False,6.978051259264503,5.681473652219094
30.657222,30,1238.972299,True,False,False,2.6526964842153054,2.5220507599018473
32.578059,60,1239.737555,True,False,False,3.7251242829336335,3.2675301672357606
45.43312,88,1240.879929,True,False,False,8.150820053557185,6.042375831255309
28.815305,45,1241.438542,True,False,False,3.223865622700661,2.5409184591086977
45.267749,68,1242.346813,True,False,False,5.669313420777944,5.533455024093428
27.991212,52,1243.023205,True,False,False,3.811301844258393,2.563534318052422
34.855208,48,1243.671619,True,False,False,4.010792647132174,3.388711695245896
40.602378,89,1244.825648,True,False,False,7.855832969736024,5.406815274975048
31.546832,36,1245.294604,True,False,False,2.731013470737842,2.71985011878912
39.309001,75,1246.238449,True,False,False,6.8299251875189615,4.657438413527627
41.516087,50,1246.908622,True,False,False,4.886880533575795,4.814917101675188
39.204675,82,1248.000101,True,False,False,5.054584651099346,4.661663265428747
40.354405,57,1248.820091,True,False,False,5.037280163671002,4.628161546396329
41.9518,92,1250.027221,True,False,False,6.929820942211751,5.414122722392982
28.926285,39,1250.50307,True,False,False,2.9401766633874264,2.578275005806426
27.683262,37,1251.06291,True,False,False,2.5461884154262324,2.0853319502246888
32.072741,25,1251.400955,True,False,False,3.076694120318773,2.7018916150855707
50.343872,112,1252.99541,True,False,False,10.255985683914314,6.998102918471697
36.91097,84,1254.161515,True,False,False,7.456979016466176,4.449887438843696
47.027164,83,1255.200803,True,False,False,7.223306815887945,6.137519642838413
25.79655,19,1255.431872,True,False,False,1.5879753849807088,1.5366613349287404
26.246323,57,1256.190715,True,False,False,3.576909446086997,2.2794797666305713
51.000259,72,1257.16035,True,False,False,7.288588892248589,6.851624289873326
41.918483,88,1258.336514,True,False,False,5.771032015766166,5.110852943024489
48.693754,96,1259.644259,True,False,False,6.5783699292424105,6.317850669324176
26.989888,27,1259.957623,True,False,False,1.8005236009143588,1.8136645346158224
25.431722,32,1260.389982,True,False,False,1.8325043403470938,1.608367468964247
39.670386,73,1261.404166,True,False,False,6.411912156963227,4.722773426647983
33.784774,28,1261.759324,True,False,False,3.2496873987269033,3.1215620217534004
44.761665,48,1262.390459,True,False,False,5.577941298248698,5.289484177129549
40.426483,55,1263.071213,True,False,False,5.153853143481098,4.580426387670744
51.060334,98,1264.301983,True,False,False,8.181471799437219,6.7764077113775905
33.932079,57,1265.091913,True,False,False,4.69869083397329,3.3213904276791317
40.266578,59,1265.889171,True,False,False,5.305987546347719,4.569380946900538
50.400045,124,1267.546124,True,False,False,8.06114752256277,7.099508504924989
33.921984,51,1268.232215,True,False,False,3.2486730894838103,3.2669376016540737
42.129969,63,1269.164517,True,False,False,6.243909881784913,5.031235335762401
34.436081,43,1269.709095,True,False,False,3.098531852041671,3.218169281278641
58.510119,82,1270.916154,True,False,False,8.41694269412822,7.97807374189732
29.928388,46,1271.550084,True,False,False,3.097670511290796,2.5584880768804914
42.555164,75,1272.561465,True,False,False,5.408133423218523,5.160516686320069
35.780924,59,1273.294597,True,False,False,5.125644615388735,3.885435499136175
27.931688,34,1273.731995,True,False,False,2.2335892161887627,2.1161014949624732
51.406294,86,1274.855198,True,False,False,7.95712901464353,7.049256244236691
44.005994,73,1275.886438,True,False,False,5.84731488084521,5.394084421694152
39.570895,41,1276.430835,True,False,False,4.287072631598693,4.328026475979679
41.962605,69,1277.3756,True,False,False,5.839196151648812,5.02511741341017
56.354038,82,1278.482793,True,False,False,9.438842390457806,7.870616224276433
39.953411,70,1279.375351,True,False,False,4.6669902618314705,4.538832540432699
47.354858,75,1280.436634,True,False,False,7.911105203442937,6.0464282871827075
27.401204,33,1280.880207,True,False,False,2.22114211384763,2.061898658979895
28.641632,22,1281.186438,True,False,False,1.943142716992207,2.080666069707649
39.690754,40,1281.735498,True,False,False,4.439650309470289,4.226635562860258
32.852499,47,1282.326019,True,False,False,3.96385989228959,3.604412152567175
34.046245,39,1282.820485,True,False,False,3.667781884677047,3.202743426487961
30.594603,61,1283.629572,True,False,False,4.118444835601644,3.131364824241841
27.581127,20,1283.9116,True,False,False,1.8793069815939913,1.8808993714130575
31.313048,63,1284.784346,True,False,False,4.870926342790961,3.017620963663043
32.616354,46,1285.445294,True,False,False,4.779943565290776,3.24897114648574
42.532485,64,1286.285913,True,False,False,5.681391722444198,5.030273894132282
43.169321,56,1287.00795,True,False,False,6.189813391892811,5.105786380957949
46.177449,82,1288.070983,True,False,False,7.520206200303069,5.916695021697093
49.736532,73,1289.187605,True,False,False,6.697290374361991,6.318429904496153
33.733384,100,1290.462067,True,False,False,8.53984522206063,4.061637053293264
33.664136,55,1291.16341,True,False,False,4.115740981123508,3.280710605780183
43.795481,44,1291.796129,True,False,False,5.386983345430344,5.049006747283572
28.612826,34,1292.335107,True,False,False,2.799627709295054,2.0878687154595417
29.003223,24,1292.64524,True,False,False,2.0454803966092103,2.171777323018361
29.062256,39,1293.179869,True,False,False,3.201770222137927,2.3409252643770726
39.449832,60,1294.028478,True,False,False,5.000652345079623,4.3610204853991785
31.507429,41,1294.587648,True,False,False,2.5520208066542955,2.765497753835077
44.366828,82,1295.659552,True,False,False,6.016806132650687,5.433401128588407
33.799166,56,1296.421857,True,False,False,4.8929152262170845,3.3634979866760233
51.087642,101,1297.711324,True,False,False,10.523075762302085,7.184909807276559
46.243296,59,1298.34342,True,False,False,6.007807219985742,5.680783241428094
40.338005,47,1298.865278,True,False,False,4.8165848277610115,4.5017280983327845
-17.218175,13,1298.999024,False,True,False,1.0857171813795292,2.6488869307290672
40.771448,60,1299.653823,True,False,False,5.946273632353405,4.629099025746801
43.551708,77,1300.636877,True,False,False,7.0488284643030354,5.456721755073991
27.073594,23,1300.966423,True,False,False,1.6140503961243753,1.7884223625560705
43.599918,86,1302.030031,True,False,False,6.153318507069066,5.430334591735696
45.290435,51,1302.643472,True,False,False,5.729356849665912,5.469299780994647
44.221662,101,1303.789732,True,False,False,6.701889875706182,5.795621249009324
-18.747589,6,1303.860688,False,True,False,0.43852742904485215,3.3060312501347395
46.145262,99,1305.13576,True,False,False,6.92097230232697,6.291075851842763
44.462731,68,1305.907727,True,False,False,6.470074944768161,5.680560574623617
29.151013,31,1306.266294,True,False,False,2.013618698184793,2.228242097002928
32.64141,59,1306.94304,True,False,False,5.050635730956763,3.2754028863937448
40.82112,60,1307.602855,True,False,False,4.863622606294089,4.830126432090003
36.02541,47,1308.119934,True,False,False,3.6896043455573087,3.6830246419384514
31.216302,44,1308.555619,True,False,False,2.9354265765120733,2.7687508109286236
41.562477,52,1309.218101,True,False,False,4.765637508385563,4.676301335619897
26.771291,56,1309.898749,True,False,False,4.047713383144547,2.317106898130683
37.432763,40,1310.441369,True,False,False,4.876165971268407,3.879966998276181
39.02996,77,1311.395298,True,False,False,4.84418932443829,4.551738511180761
44.065283,110,1312.80325,True,False,False,6.013464478751022,5.778105286377667
44.056326,43,1313.395865,True,False,False,6.018112571598123,5.145683277827213
34.127938,24,1313.692193,True,False,False,3.474216805833274,3.20061914375613
42.853674,63,1314.403912,True,False,False,5.838318049316031,5.074211652053569
39.673805,60,1315.063614,True,False,False,4.545185924556151,4.484468052306381
29.927486,51,1315.725785,True,False,False,3.736787195976243,2.650792246873464
48.8153,94,1316.875817,True,False,False,7.692729741022872,6.449158510641964
42.547024,61,1317.611417,True,False,False,7.30448455670441,5.2781240645945635
42.382162,52,1318.298516,True,False,False,6.1321956967805304,4.9689014050191895
30.842033,36,1318.784393,True,False,False,2.6115250144531106,2.6589917745999347
33.719771,42,1319.261996,True,False,False,3.121575440932032,3.17428361046553
45.786497,90,1320.136707,True,False,False,8.421413246401277,6.123298611512896
45.174115,99,1321.244373,True,False,False,6.987721198159373,5.878852370092275
29.076128,36,1321.611941,True,False,False,3.0750338173072347,2.3817922814239956
28.005523,19,1321.825555,True,False,False,1.8060171366570703,1.9771803603425955
29.410424,33,1322.172323,True,False,False,3.016955126786504,2.3372811614461426
28.825353,17,1322.40357,True,False,False,2.136781240727549,2.0377755368636166
40.421402,46,1322.92929,True,False,False,4.814586971367339,4.4994429780361305
34.380281,53,1323.491674,True,False,False,3.980280334094786,3.4315358617662284
48.357521,85,1324.272745,True,False,False,8.235027230391221,6.404764884215564
36.295515,41,1324.670515,True,False,False,4.0811147704219435,3.788624303487296
42.454196,128,1326.096056,True,False,False,6.920618006023513,5.6725018542842545
-7.634936,40,1326.605738,False,True,False,3.596100814323906,3.5910050552535595
27.666457,27,1326.946421,True,False,False,2.0569128628810973,1.952436029069032
39.472531,66,1327.781228,True,False,False,5.36761275968578,4.534152810936755
44.911485,64,1328.557752,True,False,False,6.022026587488028,5.47359458354958
-12.774581,23,1328.851568,False,True,False,2.047832416909891,3.137192632222054
32.090879,29,1329.222514,True,False,False,3.3388894838976664,2.753809753664786
26.807229,14,1329.399758,True,False,False,1.6662834936008974,1.6420062123704229
41.440458,62,1330.136866,True,False,False,5.157078214884245,4.7654440940175045
31.963083,24,1330.438675,True,False,False,2.8712448858424584,2.7181590404460656
46.764715,56,1331.147617,True,False,False,5.940940825428992,5.786300476299434
-17.936807,22,1331.401283,False,True,False,1.2616189806882003,4.934791734659425
47.961032,97,1332.590961,True,False,False,7.776001899206452,6.4939867823388076
23.418559,50,1333.242488,True,False,False,2.8217228489105057,1.585829134055878
33.790921,40,1333.767788,True,False,False,3.789867604058947,3.26931805507346
54.51967,112,1335.17196,True,False,False,11.171779621868563,7.887473770556146
40.643334,49,1335.766176,True,False,False,5.688069558663845,4.6178782681074875
24.835476,53,1336.413999,True,False,False,4.2081703484014605,1.7713145012633875
27.071783,30,1336.817283,True,False,False,1.8401883040763092,1.8881645422816657
35.904304,56,1337.536388,True,False,False,4.610360802843049,3.700550936518831
35.786478,59,1338.228286,True,False,False,4.496081998651075,4.056822030440508
38.587624,69,1339.107253,True,False,False,5.6961099840911205,4.5035614443853085
28.419424,25,1339.415513,True,False,False,2.149189037459976,2.082005358424643
41.504529,51,1339.971128,True,False,False,5.1815439940407195,4.723697026127181
33.552819,54,1340.658945,True,False,False,4.595160526336764,3.3800184896917345
52.548016,67,1341.476767,True,False,False,7.433448257716867,7.020850152251681
26.58343,32,1341.873611,True,False,False,2.3433345200711675,2.036906887114313
35.382842,52,1342.495138,True,False,False,4.576988797490002,3.621267414218071
33.41505,53,1343.139941,True,False,False,3.7072722666479447,3.2287824786779726
32.523416,29,1343.499344,True,False,False,2.7225947201655623,2.8745206515380204
30.458346,41,1343.993989,True,False,False,3.3067685211880007,2.6868657175957287
37.844834,64,1348.072705,True,False,False,4.544387410820487,4.3514246932336595
36.980364,58,1348.865309,True,False,False,4.06868395084888,3.9257445830029227
41.619403,53,1349.534602,True,False,False,5.2503699186817245,4.8535273367370015
37.938373,48,1350.112682,True,False,False,5.413992728062724,4.150112021842647
26.138434,33,1350.537671,True,False,False,2.143739630323704,1.7299199133013963
29.471656,24,1350.843871,True,False,False,2.2726575657006554,2.2602275893044124
-18.204498,14,1351.032826,False,True,False,0.6317978320584269,2.8225118289645845
48.603331,65,1351.874905,True,False,False,6.841194856064834,6.068594133578529
35.743247,35,1352.315541,True,False,False,3.5543962444895296,3.471325309897857
32.091834,35,1352.709285,True,False,False,3.016602554543091,2.900805354516256
47.313482,65,1353.469964,True,False,False,6.836797515520515,6.031290156779962
26.817197,34,1353.895449,True,False,False,2.0958306954496315,1.8461015327130452
43.234619,62,1354.696211,True,False,False,5.650641796288937,5.094568462610212
33.606209,55,1355.372905,True,False,False,4.504684012049726,3.321659277122889
38.317014,61,1356.099339,True,False,False,4.813340788990056,4.246990989998026
46.416084,78,1357.077408,True,False,False,6.453523729277998,5.6704516540670085
38.33861,59,1357.802433,True,False,False,4.822594073313415,4.10490407991195
30.053996,23,1358.004014,True,False,False,2.3428893991640236,2.3706453453295464
45.104664,65,1358.657625,True,False,False,6.09013345287961,5.443954140407312
32.071602,43,1359.161067,True,False,False,3.5184248654217196,2.947884459397135
36.521411,54,1359.851406,True,False,False,4.780006525645363,3.8805085435334714
38.358009,31,1360.251173,True,False,False,3.993986535592259,3.940360391711724
35.708469,57,1360.968723,True,False,False,4.161680920533369,3.7106759799060782
35.923397,56,1361.69844,True,False,False,5.511961882003678,3.8850293675847443
46.956489,97,1362.920846,True,False,False,8.401089424434588,6.222358934932785
28.227528,32,1363.331917,True,False,False,2.4900916487973173,2.0285186107045012
42.500109,74,1364.280553,True,False,False,6.3313442704283585,5.169990887432825
31.98832,37,1364.75198,True,False,False,3.532275938176132,2.8327998855453966
34.034892,47,1365.286556,True,False,False,3.5165056683133913,3.3220038307191593
44.181522,72,1366.162357,True,False,False,6.771188450090668,5.492607374465056
-18.996849,7,1366.243721,False,True,False,0.4266295689001224,3.067695339903082
33.613366,52,1366.840374,True,False,False,3.870331607960734,3.354790671763417
35.936045,59,1367.427002,True,False,False,4.017486662929636,3.8198106800822984
28.887671,20,1367.688394,True,False,False,2.0951010335026643,2.1188823135459693
34.387249,33,1368.095498,True,False,False,3.0704001156393366,3.1048886866778083
32.048071,27,1368.456802,True,False,False,2.836278954802437,2.6730923451582025
41.470105,51,1369.143083,True,False,False,5.218594648614047,4.693752884843526
35.322765,63,1369.939682,True,False,False,6.261757885647126,3.878438378228917
37.585761,34,1370.321108,True,False,False,4.124718345251303,3.798286500378369
27.5379,23,1370.595421,True,False,False,1.7627559828319246,1.9442196367047115
37.236413,86,1371.601093,True,False,False,6.288820213461886,4.328915936655066
29.356818,31,1371.982081,True,False,False,2.2893494005413375,2.3831795555395177
36.125627,64,1372.753935,True,False,False,4.467496732091749,3.7442794477723758
37.332782,67,1373.589491,True,False,False,3.9893017298343674,4.0891403596108065
31.181373,33,1374.00082,True,False,False,3.479000068762293,2.6901176425228197
39.233043,50,1374.610462,True,False,False,5.252962474281393,4.3814179156263195
48.823564,87,1375.661412,True,False,False,8.0760358625774,6.493437026499647
35.088674,58,1376.372304,True,False,False,3.7650944766281245,3.525464012974119
40.560391,42,1376.919138,True,False,False,5.123690101213459,4.552973067926054
24.08471,43,1377.338196,True,False,False,2.8639606333065046,1.529957404144249
36.537971,60,1378.004932,True,False,False,4.309236593587749,3.8326819339034284
25.798472,21,1378.281973,True,False,False,1.4667922931603816,1.582711523232059
28.295689,17,1378.516557,True,False,False,2.149397745796732,1.987060402133346
33.726953,43,1379.056362,True,False,False,3.5202083534253914,3.235829203599067
29.7824,33,1379.475787,True,False,False,3.5189719863063362,2.4458625237566594
40.547302,66,1380.330265,True,False,False,5.254583471299265,4.742862365841862
41.49939,56,1381.039901,True,False,False,6.648999556399144,4.8904349112694625
36.980213,62,1381.757794,True,False,False,4.623011558810152,4.0773596182937
36.798515,44,1382.281455,True,False,False,3.8203464560299674,3.746619531784292
30.059692,26,1382.589511,True,False,False,2.4524506068649403,2.4039975359252495
48.350028,76,1383.531664,True,False,False,6.937837793106274,6.295625133875496
39.716826,78,1384.541262,True,False,False,7.013695309015237,4.9258307302830024
34.061186,64,1385.379483,True,False,False,5.396941211215458,3.8390270003859572
51.345042,68,1386.145528,True,False,False,8.496328714356308,6.799518853901118
30.031163,19,1386.384871,True,False,False,2.299504776421035,2.2517826113430472
47.33548,120,1387.887024,True,False,False,7.137976746882146,6.423735368224449
40.356642,33,1388.322605,True,False,False,4.54138462000061,4.3426360471978525
39.698346,73,1389.277645,True,False,False,6.465997511521596,4.874444463122155
33.796486,27,1389.590063,True,False,False,3.2039418467476457,2.994893889377452
44.315347,86,1390.664785,True,False,False,6.794925672489359,5.520749290993311
25.745515,15,1390.846582,True,False,False,1.4559676026815518,1.5500271867480504
28.980714,18,1391.08611,True,False,False,2.3608311600993894,2.0360118142358736
34.923102,44,1391.65734,True,False,False,3.6432389030221604,3.346068805699425
44.649211,81,1392.647723,True,False,False,6.118145412836316,5.4702925099588855
30.383058,32,1393.033383,True,False,False,2.557325393134958,2.515863596533598
40.520518,52,1393.628894,True,False,False,4.708820672988625,4.4296514222667644
33.887393,38,1394.105158,True,False,False,3.6096850174141566,3.1966096887675675
39.587643,66,1394.968319,True,False,False,5.027977675337793,4.39205196508091
28.212318,31,1395.329942,True,False,False,2.1629342902341655,2.076932289652234
29.603679,27,1395.662784,True,False,False,2.440888241073271,2.2978561908456467
27.53324,26,1395.975943,True,False,False,1.7922527710939222,1.8903909142199968
37.285163,45,1396.538414,True,False,False,4.258639219045671,3.7466675682053525
43.744568,53,1397.240929,True,False,False,5.6017887754132785,5.148009465904705
35.091301,54,1397.814329,True,False,False,5.1026688493214785,3.6264059867880554
51.476798,114,1399.129501,True,False,False,7.341376582762543,7.026932835542374
27.599629,31,1399.521449,True,False,False,2.493201387337196,2.0379433850726567
41.665917,59,1400.335777,True,False,False,4.798421218614743,4.728728267507679
32.004208,37,1400.801423,True,False,False,3.9059506638814203,3.034526509026274
46.210332,50,1401.323379,True,False,False,6.286681260831437,5.608195193232448
43.205211,69,1402.053415,True,False,False,5.95356336091257,5.233152246370572
40.981263,37,1402.441849,True,False,False,4.718893618291046,4.480996975382726
34.092006,48,1403.022592,True,False,False,3.4218422025774022,3.304396451758319
26.604335,28,1403.385753,True,False,False,1.7964268870428013,1.800557742028556
34.714199,57,1404.149352,True,False,False,5.464905200212079,3.6304068196111374
37.658492,79,1405.156191,True,False,False,5.570321846347535,4.410132947875297
27.253882,19,1405.425913,True,False,False,1.9429445894322022,1.9990414857493786
41.32088,83,1406.332908,True,False,False,4.949872290432314,4.9275840183544535
35.291204,49,1406.960055,True,False,False,4.315428071524654,3.5471821892468305
34.297933,110,1408.339002,True,False,False,7.597319054547095,4.174005472810949
26.955037,17,1408.560581,True,False,False,1.652581728783488,1.7322591405156564
29.377354,34,1409.023107,True,False,False,2.6971241058527666,2.3917512516486856
40.599134,116,1410.504436,True,False,False,6.258119871397489,5.261091296985903
36.566997,59,1411.22429,True,False,False,4.141600209084422,3.802981680508459
37.391465,55,1411.827506,True,False,False,4.121090524539646,4.005876211653603
39.89316,69,1412.629983,True,False,False,6.1701335607338414,4.662173138819393
35.857195,59,1413.336187,True,False,False,4.710711613305727,3.7491790501589053
32.212763,58,1414.007764,True,False,False,3.9239559939144817,3.130650881645839
26.306291,67,1414.786547,True,False,False,2.481680220721787,2.1700170690257967
42.47495,66,1415.644163,True,False,False,5.275980276582212,4.9658153950492485
27.01596,28,1416.00906,True,False,False,2.4720518533573617,1.864883662332896
-15.464609,19,1416.243996,False,True,False,1.3365290685804776,5.514172836067224
31.739207,33,1416.675136,True,False,False,2.8169354959302595,2.782580613654961
41.550859,57,1417.433066,True,False,False,4.878805213980434,4.639071242323939
38.324727,40,1417.942947,True,False,False,5.127549243980409,4.018993890142928
38.642597,69,1418.850353,True,False,False,6.134744528117829,4.551699423248744
46.554865,51,1419.422059,True,False,False,5.693008462888599,5.6446745594917855
38.643889,96,1420.611581,True,False,False,5.607737442271363,4.722050229613491
25.988846,26,1420.966947,True,False,False,1.9597291653852058,1.6413053018970314
44.273095,65,1421.834076,True,False,False,7.21835115870334,5.501002356896088
38.523863,54,1422.533453,True,False,False,5.123724572747481,4.350931551052492
32.926322,67,1423.409623,True,False,False,5.9033537367128694,3.5135740110145472
43.334516,85,1424.451002,True,False,False,6.146683915538364,5.274107378597663
41.363198,66,1425.252489,True,False,False,5.088301511307898,4.786914230467944
33.937967,30,1425.589926,True,False,False,3.6307795493375017,3.1500381498033354
45.533027,100,1426.818518,True,False,False,10.60785018939122,6.040495871362408
27.493746,25,1427.146349,True,False,False,2.5719531941090437,1.894083558886812
46.507046,98,1428.361775,True,False,False,6.798523961141796,6.086344081574188
31.008554,35,1428.835,True,False,False,3.4759025831786485,2.6683055739814017
27.186067,37,1429.255476,True,False,False,3.241973894659608,1.963512424840298
25.42284,27,1429.530149,True,False,False,1.5165584392840135,1.5785734489428735
49.499177,71,1430.305568,True,False,False,7.021893530051552,6.1561924536941195
37.156167,40,1430.833917,True,False,False,3.9960015082502016,3.8360285131873093
27.411693,19,1431.105815,True,False,False,1.533305470272205,1.7515388685886473
45.168728,62,1431.689828,True,False,False,5.712289052520758,5.33847007211361
39.782577,107,1432.857397,True,False,False,7.8727675703329325,5.369564139898417
28.111867,42,1433.349324,True,False,False,3.4110448373414686,2.248493094168083
33.358454,34,1433.799464,True,False,False,3.4960305650291907,3.0951935953793615
28.671211,34,1434.213448,True,False,False,2.7752313910162423,2.266007875018945
29.584213,56,1434.939041,True,False,False,3.2075208854924404,2.6394600304394267
30.382406,21,1435.214436,True,False,False,2.2931612373240737,2.4374764029881484
34.565705,77,1436.149229,True,False,False,4.628941215307688,3.6934919308711742
45.481296,104,1437.437141,True,False,False,7.539444066939362,6.015438525020238
36.580608,42,1437.974192,True,False,False,3.9058813756890145,3.6967038062133133
31.119363,42,1438.523062,True,False,False,3.159024748484083,2.7225847910451164
41.820637,63,1439.367879,True,False,False,5.9073293525764825,5.007093911506318
27.839586,24,1439.619884,True,False,False,1.9516994107327899,1.9489946846210824
31.811802,39,1440.108297,True,False,False,3.732802425519419,2.95892783141982
29.929766,38,1440.612619,True,False,False,2.2596957201094963,2.4514690048227123
28.754535,32,1441.036416,True,False,False,2.645003509635488,2.2385276812794936
30.434165,37,1441.534917,True,False,False,2.9079354051449746,2.4936011394660436
39.855072,45,1442.121465,True,False,False,4.6027624729628345,4.457578387038539
44.877057,80,1443.010635,True,False,False,6.4108361300870715,5.642852916493437
31.831322,45,1443.629569,True,False,False,2.8421417765878814,2.857637191344827
37.824448,48,1444.270066,True,False,False,4.791826081159541,4.1282923202412665
30.191596,41,1444.762371,True,False,False,2.8922065545238747,2.5850328674277736
42.690339,70,1445.676503,True,False,False,6.035025523356436,5.248003654090386
37.505148,35,1446.155797,True,False,False,4.335234306408705,3.8588303829914454
29.427916,36,1446.625475,True,False,False,3.2766709115741133,2.483713922716289
46.495278,68,1447.504646,True,False,False,5.865812891089172,5.92520761696609
28.29766,32,1447.930032,True,False,False,2.5672635821887964,2.0850697793677346
41.348537,59,1448.617779,True,False,False,5.416235101329225,4.820448183931553
32.148957,40,1449.155516,True,False,False,2.9732400405386707,2.821466547867595
36.921623,66,1449.991217,True,False,False,3.8873619126075125,4.0133078759968885
51.142566,66,1450.766472,True,False,False,7.712606678330311,6.754371887351522
35.768381,56,1451.388412,True,False,False,3.8996357222297395,3.751774215718746
26.042382,23,1451.700253,True,False,False,1.885163984821879,1.624926806000609
47.627878,74,1452.545613,True,False,False,6.584910852680133,5.943700708959796
37.024028,50,1453.105061,True,False,False,3.989290843899287,3.8144970011498716
55.113188,123,1454.715971,True,False,False,10.267189546686678,8.141695624662429
32.263321,29,1455.055576,True,False,False,2.639110436710756,2.73350210640189
37.70866,69,1455.767765,True,False,False,5.820192979632269,4.595173667850851
32.91929,44,1456.328704,True,False,False,3.3460692831184042,3.1446588643873743
25.536077,47,1456.884516,True,False,False,2.9975566608719695,1.9693356325432194
37.026159,56,1457.529419,True,False,False,4.348957341097455,3.8625089104378127
29.876432,19,1457.738899,True,False,False,2.4761966958315793,2.2712112468778813
43.838058,61,1458.526638,True,False,False,5.857273153907316,5.116226935726202
32.618864,42,1459.070511,True,False,False,3.408623420697938,2.9785540317434913
27.094032,17,1459.286183,True,False,False,1.5090109802931562,1.6828126985994976
33.542559,36,1459.761502,True,False,False,3.08617093009627,3.1418355545261245
28.559152,46,1460.343542,True,False,False,3.1365199609064836,2.365439002351451
36.862676,62,1461.060116,True,False,False,4.010984107535228,3.9108773914160704
35.836326,42,1461.569772,True,False,False,3.9758105587708843,3.5861698796627612
47.09273,50,1462.226281,True,False,False,6.838874353416079,5.700571165055992
45.224385,73,1463.16405,True,False,False,6.338135106064139,5.744505601971613
36.481816,41,1463.69244,True,False,False,4.498619347650283,3.703174681901149
43.166481,60,1464.380244,True,False,False,5.709768545619395,5.167710670253952
28.445846,26,1464.650879,True,False,False,2.102068764388106,2.1155571840093983
46.167603,74,1465.412096,True,False,False,6.120007718209598,5.892848938285315
26.173291,34,1465.71336,True,False,False,1.8995060750854038,1.7283043892492682
37.509309,57,1466.209963,True,False,False,4.964293794421375,4.082501773088573
31.805085,30,1466.469537,True,False,False,3.3005310567224626,2.7821614703384054
32.503767,46,1466.869905,True,False,False,3.400149482746663,3.016327324839317
30.992943,55,1467.344055,True,False,False,3.3304774536923056,2.8464080725729177
37.590735,44,1467.831942,True,False,False,3.6896429068501466,3.8154455473070685
30.414278,52,1468.455371,True,False,False,3.9566992671874397,2.675344782408491
40.523472,61,1469.184129,True,False,False,5.966807487172828,4.802508162423094
27.683199,35,1472.024016,True,False,False,2.394359532381766,2.0251597376222956
36.583946,30,1472.353703,True,False,False,3.8822241406166764,3.6753920353964826
36.741229,69,1473.217491,True,False,False,5.399115070891645,4.0380146325349555
42.982698,75,1474.185605,True,False,False,5.95486442321603,5.260103686030518
32.22074,47,1474.806993,True,False,False,3.9919652605754146,3.003374260332257
40.667084,55,1475.420606,True,False,False,5.258704363532357,4.6836501259536165
32.142759,32,1475.799002,True,False,False,2.612120219484907,2.767375310763523
35.230444,45,1476.374555,True,False,False,3.5738964699819444,3.3892111089374795
32.047605,34,1476.779496,True,False,False,2.682401485631028,2.787728391193093
31.893338,27,1477.112748,True,False,False,2.879118920655199,2.7038194255164596
43.163569,43,1477.685737,True,False,False,5.958761248555058,4.961062690273162
26.220099,19,1477.928678,True,False,False,1.53379864171154,1.5907744433846722
32.790096,20,1478.182469,True,False,False,2.70199208155896,2.8115096755457047
31.582885,31,1478.596845,True,False,False,2.7097018203102685,2.6548954846268544
43.512773,51,1479.264479,True,False,False,5.809294670158917,5.1534311731150355
44.724196,87,1480.364007,True,False,False,6.34546271592489,5.631271376298692
28.077785,24,1480.690668,True,False,False,1.8959633714603585,2.0166910463894534
34.657119,55,1481.405097,True,False,False,4.850284066588575,3.7947344712005657
35.175891,41,1481.959224,True,False,False,3.955403208079941,3.491584773420792
33.989365,44,1482.449121,True,False,False,3.7257560087171915,3.380945736116033
49.338659,115,1483.993286,True,False,False,8.689550914972251,6.656702065613784
42.233694,45,1484.612963,True,False,False,4.714509703081657,4.680644231866586
45.808442,65,1485.447911,True,False,False,5.975699174376418,5.470349170964455
28.325906,31,1485.853743,True,False,False,2.618068083138481,2.1646531192412635
32.514474,44,1486.278917,True,False,False,3.6034114620004543,2.9828739673172646
37.598278,47,1486.786204,True,False,False,4.612238837347927,4.074487141910194
37.72707,80,1487.696263,True,False,False,4.756178207393726,4.328327362354863
44.879502,84,1488.724455,True,False,False,5.662068643538007,5.555573087491469
41.58748,97,1489.84695,True,False,False,6.1600303698197125,5.176886409691991
39.036053,41,1490.352342,True,False,False,5.48780507705836,4.168065197779136
20.288071,81,1491.463063,True,False,False,4.994428356791913,1.7306232914914452
28.636255,41,1491.984964,True,False,False,4.267283738331375,2.5622310599801477
28.743338,29,1492.362198,True,False,False,2.68480067837471,2.2214245885738544
30.277344,26,1492.68848,True,False,False,3.0672554824668024,2.382249929332411
30.984616,29,1493.023813,True,False,False,2.622321468124085,2.5697486343252476
35.418922,32,1493.447255,True,False,False,3.624179923759134,3.437646693752524
34.663239,48,1494.078423,True,False,False,4.091770192489565,3.5056059077330746
43.902044,68,1494.98103,True,False,False,5.377534605785247,5.197886122891324
39.463545,52,1495.583316,True,False,False,4.1901435620892515,4.281778624796438
45.930302,54,1496.067436,True,False,False,6.209073216199822,5.523203333237856
42.335096,81,1497.069222,True,False,False,5.827452234704766,5.350785855321725
42.605315,58,1497.754377,True,False,False,5.330687330617293,5.153780628187346
25.856731,38,1498.174631,True,False,False,1.7642808457126655,1.8276719643535297
31.538958,32,1498.54818,True,False,False,3.115874277652549,2.7104476077866475
40.859668,113,1499.757489,True,False,False,6.411962248415978,5.3400222720674435
41.293902,43,1500.158534,True,False,False,5.123188337927235,4.696378206824545
32.783158,23,1500.362056,True,False,False,2.6887585849939994,2.823266248772895
47.505786,85,1501.261634,True,False,False,6.593576135459206,6.11302276171062
27.233541,23,1501.564017,True,False,False,1.6759641040611293,1.8091248616650164
47.178442,55,1502.322642,True,False,False,6.621729888295899,5.914346548785397
42.531134,51,1502.93577,True,False,False,5.277468711858604,5.034331932959455
28.990371,24,1503.246803,True,False,False,2.0864637198227913,2.1335554740937637
43.353059,75,1504.183961,True,False,False,6.205662620713011,5.494548746897689
32.135897,33,1504.576864,True,False,False,2.870700947371507,2.8611655384634305
32.709933,31,1504.93398,True,False,False,3.761969129940802,3.001347461888996
40.13126,78,1505.873678,True,False,False,6.285162495822655,4.863889169886676
27.972837,23,1506.168853,True,False,False,1.8069016585593085,1.9707929077327906
25.902316,24,1506.46289,True,False,False,1.4836111120626785,1.5954576908290081
37.315126,38,1506.909504,True,False,False,3.9928721762808363,3.8481840801357574
44.073499,58,1507.632266,True,False,False,6.8720994649487945,5.292047240463829
30.721807,33,1508.003082,True,False,False,2.6778248537852036,2.5016142352080406
27.228142,46,1508.522176,True,False,False,3.6599713128005114,2.266087359053628
47.172164,57,1509.213426,True,False,False,6.271070549306324,5.844869132851279
32.554945,43,1509.723594,True,False,False,3.2704374704872845,3.0146136325155886
43.227094,88,1510.755194,True,False,False,5.3506281010898995,5.306775566709023
36.72453,83,1511.827242,True,False,False,4.333908048535893,4.054529840880637
38.209184,55,1512.503606,True,False,False,4.477824134438753,4.124170359316207
54.946711,113,1513.739424,True,False,False,8.60903138461868,7.5778878676841
25.91297,27,1514.017184,True,False,False,1.4792533320408938,1.6187533692125051
39.305479,54,1514.653833,True,False,False,4.673283405292349,4.429131148563407
55.387978,101,1515.820951,True,False,False,8.492271204739472,7.864120244149988
33.429468,22,1516.069936,True,False,False,2.8554680601942732,2.956249818088172
26.439108,16,1516.250889,True,False,False,1.4121554436433075,1.5939434536008168
43.050179,92,1517.494055,True,False,False,6.366565442759582,5.3900015126664735
46.489012,84,1518.610759,True,False,False,6.531777360915484,5.976802591864864
34.929796,40,1519.11811,True,False,False,3.8396569660541093,3.3306797852516117
34.979527,49,1519.762009,True,False,False,3.758191992350587,3.48581679804073
30.404484,27,1520.111152,True,False,False,2.5300012795135656,2.453951275131653
35.853599,70,1521.025596,True,False,False,3.8112178337708507,3.8545773469524978
50.335775,88,1522.168085,True,False,False,6.82439665776751,6.498375162271469
41.884412,68,1523.065967,True,False,False,5.079496547451047,4.9169459008950644
40.931735,95,1524.313755,True,False,False,6.107895051867294,5.169661366203436
28.2855,31,1524.69385,True,False,False,2.9235426669693854,2.148744408434439
40.626418,64,1525.417583,True,False,False,5.634373929035351,4.628210786768009
28.5293,19,1525.621692,True,False,False,1.796660449426366,1.9628856971978441
29.771895,32,1525.961515,True,False,False,2.760076908395878,2.59717607935867
24.71366,29,1526.224611,True,False,False,2.636875535108327,1.6056727552019954
28.805774,25,1526.459275,True,False,False,2.135296633629133,2.1193791535170603
31.049369,33,1526.761271,True,False,False,2.8048966562245585,2.7105242496235338
37.273035,61,1527.42702,True,False,False,4.246131054372673,3.9650075137427265
45.846897,85,1528.430039,True,False,False,7.12957980315576,5.97356684647509
34.164062,39,1528.994945,True,False,False,3.2049608367688873,3.1730175225372252
36.415787,36,1529.465784,True,False,False,3.702862017508768,3.7194589960881355
47.080225,57,1530.215061,True,False,False,6.524238647398265,5.926248463140483
29.822909,45,1530.827587,True,False,False,3.548871077232681,2.51104522200834
37.975694,41,1531.387563,True,False,False,4.145941416738807,4.034423177195229
38.1685,59,1532.16351,True,False,False,4.235544922871755,4.179727973447182
25.71554,18,1532.391685,True,False,False,1.3839325041752542,1.5204912873505931
50.185262,67,1533.191775,True,False,False,6.950224643458997,6.430172473644166
40.097416,72,1534.125725,True,False,False,4.8705151932879085,4.644310378469929
39.465258,85,1535.240322,True,False,False,6.063251750704046,4.596698360615109
28.016949,26,1535.589016,True,False,False,1.9734132014932084,1.9934055057457956
35.294139,42,1536.166596,True,False,False,3.8741892204937938,3.438734775518413
29.370748,38,1536.659497,True,False,False,2.667574502427202,2.4094596801589687
37.406843,52,1537.313084,True,False,False,4.7434818049562875,4.0059894432410434
45.134625,67,1538.120272,True,False,False,5.859789825047976,5.426841132812975
25.897331,28,1538.475864,True,False,False,1.7262415883487798,1.5917853950621328
56.52844,91,1539.598521,True,False,False,9.594871486889781,8.091028351025596
28.463641,41,1540.039576,True,False,False,2.384905950064008,2.2392937676814726
32.505569,60,1540.766645,True,False,False,3.4863280577662192,3.1339477525601134
32.150475,112,1542.176589,True,False,False,6.887441464877443,4.076494224538702
28.55211,32,1542.540355,True,False,False,2.3697499135923947,2.2274072846630304
34.353809,37,1542.986692,True,False,False,3.327623902159688,3.3734620716380963
41.073409,56,1543.610973,True,False,False,6.709290559411596,4.725407349084116
34.899949,51,1544.257582,True,False,False,4.184443311964901,3.5899156695602326
32.128438,33,1544.696934,True,False,False,3.105771489137527,2.83880848637605
42.398631,72,1545.574646,True,False,False,6.223243834466058,5.170091416241771
45.84621,63,1546.391007,True,False,False,5.609033712137428,5.550305427961368
55.21423,104,1547.61675,True,False,False,8.195529241238422,7.5836059420789175
35.883345,46,1548.055148,True,False,False,4.5518014946799985,3.6399228710615588
30.353822,40,1548.580515,True,False,False,2.5491666248580125,2.539647463418671
37.764014,61,1549.385398,True,False,False,4.65023328943433,4.146392156102142
47.358444,70,1550.300923,True,False,False,6.5398128862128635,6.006851254983367
43.797991,74,1551.280047,True,False,False,5.765516063748366,5.351994996260166
34.257699,29,1551.664448,True,False,False,3.28786148646444,3.2031693133002723
39.986369,57,1552.462009,True,False,False,5.029640966829255,4.554449679319429
40.333155,47,1553.0766,True,False,False,4.605060033234974,4.513716248065702
42.126116,69,1553.975199,True,False,False,6.3773680341218135,5.16237846211381
25.868833,19,1554.19282,True,False,False,1.5585652302312858,1.5438362684654976
40.795963,45,1554.726303,True,False,False,4.620809409039879,4.604770218381599
46.927249,70,1555.466009,True,False,False,6.111999342906916,5.793214352595794
43.230819,69,1556.342011,True,False,False,5.897908676685083,5.238594167660682
32.478654,63,1557.06487,True,False,False,5.341324742934807,3.376974529356946
30.593137,29,1557.345042,True,False,False,2.9085348199466328,2.609961727152801
32.279962,24,1557.624058,True,False,False,2.6615316399702755,2.770192714951502
38.444254,39,1558.085634,True,False,False,4.3526825491982475,4.028582160747231
39.959875,102,1559.431828,True,False,False,7.626603523567649,4.98284886791694
28.634275,29,1559.815584,True,False,False,2.0945520265554953,2.1624777327046116
36.904522,78,1560.848047,True,False,False,4.439365506014821,4.080962529145004
41.996283,65,1561.727503,True,False,False,5.142025147240986,4.8322820927772545
41.806455,95,1562.936548,True,False,False,6.263307759292288,5.109598097551796
34.751334,37,1563.412889,True,False,False,3.733800231703073,3.381698060441342
41.911837,95,1564.598462,True,False,False,6.89632895029146,5.236982251393986
35.213954,45,1565.210669,True,False,False,4.32808023119435,3.6156153413461105
30.621086,65,1566.047202,True,False,False,3.5202095952941113,2.851999039247767
41.671663,96,1567.241493,True,False,False,5.4383900660793785,5.188554607893641
4.803788,88,1568.047941,False,True,False,8.106048374620444,6.847124843269062
37.423288,39,1568.485282,True,False,False,4.217072279860263,3.841537581279329
29.9411,31,1568.845222,True,False,False,2.241569814061427,2.317704064804829
36.424724,56,1569.56085,True,False,False,4.264992634745185,3.9488113200840904
29.757943,23,1569.874998,True,False,False,2.4315621562516467,2.3359500172213274
39.370883,65,1570.689725,True,False,False,4.622036895913996,4.483761445115648
27.451885,21,1570.974145,True,False,False,1.8720931423882918,1.8810258603716146
33.970678,38,1571.473357,True,False,False,3.2489536723340957,3.2119091728663123
27.56124,37,1571.950531,True,False,False,2.265432922897771,2.021092770006954
38.405469,76,1572.896019,True,False,False,4.40501717328367,4.360509951259457
31.896969,26,1573.218235,True,False,False,2.9463657591561057,2.732268102848217
-15.185085,19,1573.459989,False,True,False,1.2045539054496714,5.586250915120752
36.596637,41,1573.949814,True,False,False,3.6773507632841618,3.687694705307894
32.082843,36,1574.392994,True,False,False,2.727505216107022,2.795349687893821
-5.909278,62,1575.101168,False,True,False,5.147441167552106,5.4315490447053385
-1.598597,76,1576.032778,False,True,False,6.0058555397722095,5.773674739710037
25.665428,21,1576.303688,True,False,False,1.4348724444610368,1.5150342194621003
43.671669,48,1576.88505,True,False,False,5.37376409954741,5.130104687681368
32.830715,27,1577.243905,True,False,False,2.916839847172284,2.9203085342857804
34.09103,72,1578.173195,True,False,False,4.730544101441188,3.670001778038849
34.482098,45,1578.769096,True,False,False,3.462681203753867,3.280281115296611
48.298681,67,1579.626979,True,False,False,6.671860368735068,6.004795274324911
49.250033,84,1580.722404,True,False,False,6.616644490646772,6.346456861163078
43.019224,92,1581.906429,True,False,False,6.289619443941716,5.4064523494604
29.811938,27,1582.265581,True,False,False,2.140174819145099,2.315494526245022
30.096359,26,1582.588669,True,False,False,2.3851211001960313,2.366183008355925
44.648583,70,1583.4198,True,False,False,7.029869600624004,5.6154537978994385
32.814435,23,1583.638673,True,False,False,2.8509823894248636,2.874844001381128
39.993507,66,1584.360281,True,False,False,6.951552928697229,4.696781812031256
32.807017,39,1584.716821,True,False,False,4.295625654359707,3.1441917873925305
28.178107,29,1585.018412,True,False,False,1.8968395862553293,2.009339657534185
31.797269,27,1585.354597,True,False,False,2.7995385630582375,2.711917757163174
44.192691,96,1586.256118,True,False,False,9.04919566387545,5.857454761543114
38.414838,55,1586.870169,True,False,False,4.588042949699156,4.207445358477466
34.772893,29,1587.2375,True,False,False,3.2612936737395524,3.238880185267911
28.49509,29,1587.581249,True,False,False,2.1493249475060994,2.0864717639916757
39.442685,57,1588.305636,True,False,False,6.794120035212535,4.566605096915547
31.844361,41,1588.770114,True,False,False,2.9352907193499913,2.8969996837988217
35.537244,39,1589.246029,True,False,False,3.4459567102479323,3.4155823583644627
34.041336,52,1589.878403,True,False,False,3.82354123530467,3.405525146653874
31.462413,49,1590.519174,True,False,False,4.213609520432147,2.98854133218974
37.622951,78,1591.532551,True,False,False,4.806986639896097,4.328828411108015
25.643817,96,1592.795862,True,False,False,4.7878786153060675,2.4143123246865055
27.989466,20,1593.062787,True,False,False,1.716946407550358,1.890198901633503
37.443983,33,1593.518019,True,False,False,3.6634393259481266,3.6897795942908163
41.873853,49,1594.158566,True,False,False,5.440233908500699,4.750836679299291
29.407762,23,1597.800601,True,False,False,3.1713227428130573,2.2246186258419627
48.203827,60,1598.470153,True,False,False,6.383022994636925,6.080302749405991
25.745322,20,1598.699544,True,False,False,1.5677996231379066,1.5843608322494716
27.175423,59,1599.355456,True,False,False,4.1560972936312295,2.286984176425875
30.281415,34,1599.743082,True,False,False,2.4114760727598914,2.432673292756683
43.8358,80,1600.659046,True,False,False,7.612803545115277,5.552211201818706
27.140403,39,1601.124223,True,False,False,3.703185434850656,2.2100726825113433
38.872629,56,1601.768198,True,False,False,4.8600844037391235,4.336095680100452
29.42291,48,1602.333216,True,False,False,2.5223442902821644,2.4639766359684323
33.982273,34,1602.698962,True,False,False,3.3601183457628863,3.169998341973093
29.386395,20,1602.904688,True,False,False,2.1158911665193596,2.1639065457053235
33.266129,45,1603.402798,True,False,False,3.118411048426581,3.151416281705589
29.013301,42,1603.851568,True,False,False,3.2997184401440953,2.3585378454037826
35.945864,58,1604.506897,True,False,False,3.7732284250743313,3.6706174693293336
47.212125,69,1605.279177,True,False,False,6.88806714758336,5.915096417590446
45.169718,65,1605.988621,True,False,False,5.886662318902765,5.453662628418849
39.449785,45,1606.577781,True,False,False,4.34360518403974,4.236742564330097
37.224044,45,1607.135309,True,False,False,4.468121813326497,4.033235083363706
25.656894,22,1607.426173,True,False,False,1.34781331415011,1.529972045378156
51.489772,94,1608.451927,True,False,False,8.409200284654613,7.037689738589739
30.910556,32,1608.797903,True,False,False,2.5682581898596735,2.5334018946363583
38.502084,49,1609.369849,True,False,False,4.133183496392679,4.081720774725713
31.895614,60,1610.094866,True,False,False,3.6500220078029857,3.0928602166905295
31.331999,32,1610.462348,True,False,False,2.7782804094703737,2.660987218457165
35.712476,46,1610.97428,True,False,False,3.653323285933905,3.560294172182575
38.568,56,1611.638516,True,False,False,4.757059805102853,4.2063387879756045
31.98313,46,1612.245348,True,False,False,3.221091381028994,2.9234123121370503
36.808153,37,1612.714154,True,False,False,3.5191658862134805,3.654144937558358
36.882858,52,1613.305397,True,False,False,4.305545048650136,3.8938089781582645
51.347302,76,1614.194396,True,False,False,7.3945031748676335,6.781918526617406
54.25144,86,1615.129884,True,False,False,8.519108306098728,7.4824795657558125
36.588063,51,1615.720951,True,False,False,3.895137118363139,3.7506192845660045
27.031993,48,1616.28985,True,False,False,2.6988157395466583,2.0978855800073615
40.868335,59,1617.038679,True,False,False,5.151998168397223,4.580110015431882
38.151598,38,1617.517803,True,False,False,4.139125502635992,4.024589901593028
33.894058,43,1618.048672,True,False,False,3.863234467104667,3.2386103094034104
28.141594,28,1618.40279,True,False,False,2.215565824124062,2.08633126742302
31.916351,36,1618.894077,True,False,False,2.898316303784912,2.810302793807477
41.248607,60,1619.622584,True,False,False,5.145801770732208,4.766371435850706
42.338625,79,1620.625356,True,False,False,5.615653327215083,5.04222934584153
33.165478,39,1621.130265,True,False,False,3.494331105923977,3.057555605000518
39.627107,75,1622.113685,True,False,False,6.358808291400808,4.661148919794436
27.180614,16,1622.32855,True,False,False,1.7024769136774776,1.765848904438639
35.61385,61,1623.113696,True,False,False,3.828584996715145,3.660430796186349
39.780652,37,1623.543787,True,False,False,4.810776999947466,4.330719394677269
30.408617,38,1623.971386,True,False,False,3.313830100455432,2.590168099779501
34.226915,34,1624.381068,True,False,False,3.374943600992839,3.1867783804064764
37.778331,47,1624.941863,True,False,False,4.197018060537124,3.961279007325203
37.087044,35,1625.304431,True,False,False,3.902788940869771,3.762824915453603
41.228237,44,1625.777069,True,False,False,5.327143582447989,4.564490220326894
40.045872,64,1626.500844,True,False,False,6.275566412726234,4.765733257022938
52.645849,97,1627.510843,True,False,False,7.979679821159001,7.09281384015892
38.312451,53,1628.134459,True,False,False,4.374103496240466,4.122983627024672
-6.319502,41,1628.672023,False,True,False,3.67398368166735,5.2897061890915955
36.198532,80,1629.622927,True,False,False,5.120904346788429,4.055846011097813
29.459648,41,1630.057402,True,False,False,2.562546800737533,2.38463621863238
44.604407,82,1631.074478,True,False,False,6.044721362029056,5.564316834050347
45.466676,69,1631.94795,True,False,False,7.366474947251104,5.626733691818165
36.492375,45,1632.521091,True,False,False,4.020814781267998,3.748111891663783
38.11899,79,1633.487565,True,False,False,5.413792153778964,4.282349214881362
43.41268,124,1635.005791,True,False,False,6.5575375718609,5.806723835565552
29.175998,25,1635.320941,True,False,False,2.0998194250525213,2.2236949321172927
44.337004,48,1635.923577,True,False,False,5.578258055672524,5.265059587192074
37.019535,48,1636.342758,True,False,False,4.261335493846947,3.8288465634892503
28.35246,33,1636.750121,True,False,False,2.7813378134075375,2.2272021520218552
49.392394,67,1637.607044,True,False,False,6.932252715973374,6.32742361305587
52.013312,84,1638.61082,True,False,False,8.274155221745453,7.130288152835235
28.712871,39,1639.066302,True,False,False,3.068694129519531,2.3433825749936403
35.044444,40,1639.538104,True,False,False,4.365322394193789,3.721470653906937
24.48648,24,1639.769446,True,False,False,2.024549059355537,1.6510227317392008
43.688032,74,1640.638912,True,False,False,5.84730312883394,5.465710416046054
31.80257,23,1640.866836,True,False,False,2.8418084882600905,2.7126207108786042
35.607993,59,1641.439729,True,False,False,4.636067479728477,3.7395592937486564
32.229299,43,1641.857289,True,False,False,3.6140848302852997,2.9114907010788427
30.015943,45,1642.338568,True,False,False,2.9563114353674913,2.586238169710342
32.414579,37,1642.697586,True,False,False,3.8885950963078537,2.952325690822224
32.565207,50,1643.250412,True,False,False,3.6647295592214144,3.115536424898831
36.202014,33,1643.593679,True,False,False,3.661967290891746,3.639547828162248
45.187497,66,1644.367655,True,False,False,5.839272215584287,5.525051074675621
31.575901,35,1644.764031,True,False,False,2.5548413087927084,2.73284053570016
23.960112,51,1645.420197,True,False,False,3.3511650324457145,1.5502708225903408
46.090469,83,1646.501901,True,False,False,6.568292966039423,5.897557581136603
31.784493,31,1646.904086,True,False,False,2.9095448555527126,2.796313722563118
31.553733,63,1647.596236,True,False,False,5.503173694948044,3.1288182573689003
37.308018,58,1648.159971,True,False,False,4.248128948430863,3.9508264361109564
29.952127,30,1648.536776,True,False,False,2.414494392022126,2.3026944533665445
30.375317,46,1649.145737,True,False,False,2.90352580232351,2.631411763902952
39.125697,97,1650.391469,True,False,False,4.7283736992515895,4.68727052110604
40.809685,56,1650.960855,True,False,False,5.430034039097526,4.750349353626392
28.547775,33,1651.24456,True,False,False,2.1098552527980243,2.1703468187023343
34.402054,37,1651.674861,True,False,False,3.1602854059611634,3.2360076991489066
29.223247,34,1652.078598,True,False,False,2.4565448542151156,2.2097205501184796
38.882661,52,1652.719965,True,False,False,5.646878058822262,4.396422018689388
39.550043,66,1653.545571,True,False,False,5.4824587759120815,4.564987765754915
46.6008,98,1654.811359,True,False,False,7.043047314405582,6.16227550764154
37.461363,52,1655.467021,True,False,False,4.5635416803037145,4.033858996884486
31.20803,43,1656.027908,True,False,False,2.615764705318939,2.667575504894979
39.256729,37,1656.501209,True,False,False,4.376508833522063,4.250054661399183
38.766291,60,1657.256381,True,False,False,5.735068365085772,4.293425497701128
27.712433,37,1657.644377,True,False,False,2.090352943994128,2.0121055711164777
29.755957,21,1657.870975,True,False,False,2.181145855376645,2.2738418001207865
39.679743,51,1658.411025,True,False,False,4.586297384132808,4.359669464727713
33.708258,34,1658.809852,True,False,False,3.219225490510527,3.1283748044152078
34.532958,55,1659.414836,True,False,False,5.83977694668142,3.644018510856808
28.838832,18,1659.590558,True,False,False,1.9264896014650696,2.1320363252887313
31.592074,40,1659.969007,True,False,False,2.9560606128599987,2.778232972263697
33.766944,36,1660.310012,True,False,False,4.100577549085048,3.2791853053219184
0.793978,47,1660.749984,False,True,False,5.301672850783372,5.469061168643612
32.879017,34,1661.15388,True,False,False,3.221136541178635,3.0032632540994864
44.163367,103,1662.459246,True,False,False,6.626234483113372,5.938750722888617
32.901128,32,1662.834943,True,False,False,3.544576296015581,2.9603481282127926
33.394035,42,1663.37132,True,False,False,3.948391574201598,3.220355758109149
30.240242,31,1663.731437,True,False,False,2.476828067144765,2.4651095601674955
37.251908,65,1664.556376,True,False,False,6.431428542448475,4.1340509715013605
39.828203,58,1665.268754,True,False,False,4.928303187328507,4.540878025773349
30.317251,31,1665.65685,True,False,False,2.6501896711048687,2.439320775462673
33.666454,54,1666.326198,True,False,False,3.5488312318120103,3.3025523502449206
26.477703,37,1666.753119,True,False,False,2.845349224468511,1.9852604129649136
37.86444,49,1667.311919,True,False,False,4.720453413086474,3.9697694028535624
28.224469,24,1667.577989,True,False,False,1.9302590671584046,2.022697828719679
34.179679,54,1668.280383,True,False,False,4.036257601159303,3.4163508837183927
47.831395,81,1669.293796,True,False,False,6.48328608230156,6.072601174752916
26.024748,33,1669.686418,True,False,False,2.719362208765926,1.7432648414892662
30.687936,35,1670.161801,True,False,False,2.5779748213899425,2.5354987390697663
44.96417,75,1671.109201,True,False,False,6.187323335602523,5.632705956365997
39.834891,48,1671.709893,True,False,False,5.331367389099455,4.433372685145047
28.507224,87,1672.607571,True,False,False,5.629904530236496,2.7525701605253383
35.309931,34,1673.007086,True,False,False,3.4567858166716245,3.418900686376807
34.0306,40,1673.407964,True,False,False,4.037923522810422,3.302244018216532
36.70311,48,1673.95986,True,False,False,3.6578603016878146,3.7151535234161943
43.944255,50,1674.553572,True,False,False,5.379898607590641,5.231143831026055
32.180094,56,1675.20643,True,False,False,4.047241844591543,3.191301518974061
39.625802,58,1675.937101,True,False,False,4.59871923190036,4.328932685189823
37.228601,39,1676.415328,True,False,False,4.4817181333965666,3.8842074307814314
57.039992,88,1677.513613,True,False,False,8.135624012406502,7.817192208909575
40.547716,64,1678.279563,True,False,False,6.128315721429634,4.69972669868317
39.596006,96,1679.452078,True,False,False,5.373267457534693,4.845773283248826
35.404468,84,1680.52874,True,False,False,7.840543816833939,4.261598835229403
43.132467,62,1681.317285,True,False,False,5.8133364273172905,5.154889883606868
46.845951,87,1682.380704,True,False,False,6.74793258515609,6.286668793507454
41.409514,63,1683.16512,True,False,False,5.831521950276209,4.799133402161089
35.613146,37,1683.651858,True,False,False,3.794383390555185,3.422055708037001
29.1923,59,1684.428243,True,False,False,3.7746869427939154,2.6412136827269492
46.075737,68,1685.236364,True,False,False,6.561042559620252,5.74596490658745
27.915861,27,1685.583388,True,False,False,2.674355584936618,2.0480019963415694
43.321013,84,1686.611786,True,False,False,7.015935836955672,5.408409507261234
44.232684,65,1687.381516,True,False,False,6.62567003368584,5.418166427452213
31.833099,44,1687.907132,True,False,False,2.687344954813625,2.876271303741239
29.555214,26,1688.245291,True,False,False,2.570740960010764,2.325437809710461
25.962885,95,1689.454045,True,False,False,6.829637454781424,2.547575465116274
36.714058,40,1689.858306,True,False,False,3.5139891915990584,3.644218539824276
34.216075,41,1690.341631,True,False,False,3.273374446697343,3.2368206928388488
37.305314,38,1690.791216,True,False,False,4.543972217060912,3.888234352356842
39.863719,72,1691.634252,True,False,False,4.714716769179019,4.507019964612773
38.075355,51,1692.144058,True,False,False,4.2493731785123225,4.072084280628001
33.211498,32,1692.502121,True,False,False,3.1841831970779335,2.913408360156119
42.828863,52,1693.14821,True,False,False,5.3054976149452315,5.005182871514471
30.795358,72,1694.082584,True,False,False,3.96648690821107,3.055916146629689
39.572247,57,1694.738923,True,False,False,4.7361382212972325,4.4755141754879535
30.138313,45,1695.27313,True,False,False,2.7526802298414297,2.5691513247653317
27.507026,14,1695.423415,True,False,False,1.6624817659301017,1.7839716378206096
33.461832,45,1695.914275,True,False,False,3.090603727683952,3.1236859709335927
35.910875,31,1696.292955,True,False,False,3.5003418634098815,3.4991510613010672
26.944852,17,1696.493006,True,False,False,1.6699362347721167,1.7151963353244735
33.172186,53,1697.040549,True,False,False,3.445922563628424,3.268045434725537
27.095483,19,1697.260028,True,False,False,1.6333530017534004,1.7778935343511408
38.291171,41,1697.675331,True,False,False,4.703338090183385,4.068637020687983
34.632942,26,1697.903926,True,False,False,3.1295749630742393,3.188272388142008
28.328026,28,1698.149784,True,False,False,2.195478220373338,2.0865806886657308
26.895317,22,1698.341361,True,False,False,2.5044810558104738,1.81203274522763
40.396466,64,1699.150441,True,False,False,7.150531359261778,4.865979055547005
43.949184,49,1699.795122,True,False,False,6.884702866894228,5.135316636040731
46.645442,77,1700.81234,True,False,False,6.468870644485417,5.981170038966109
48.088341,82,1701.876756,True,False,False,6.095788434422248,6.099970625756801
32.989117,39,1702.355088,True,False,False,3.3047906923547905,3.1129079670602797
32.20911,33,1702.735455,True,False,False,3.271940178584395,2.8910677076530447
41.0152,61,1703.492092,True,False,False,6.110575524644967,4.80429084401023
26.804331,32,1703.828449,True,False,False,1.8817400990407447,1.7904904238776538
32.375637,39,1704.316313,True,False,False,3.5121016617112444,3.153481139791852
28.392052,19,1704.546724,True,False,False,1.9943815728585708,1.9909556613686654
35.013093,35,1705.013812,True,False,False,3.249164080224479,3.388902045678123
44.088991,63,1705.817226,True,False,False,5.812534169575431,5.215129800896225
28.162418,23,1706.129434,True,False,False,2.5020550970113056,1.9895011927842545
51.29344,73,1706.950851,True,False,False,8.695815686613457,6.838161521681994
37.58801,39,1707.414796,True,False,False,3.789139504970876,3.9116856099765713
46.465276,75,1708.306042,True,False,False,6.3148721197455515,5.784873798195706
32.48206,24,1708.614586,True,False,False,3.0820203530203623,2.728366852420022
26.932893,15,1708.831794,True,False,False,1.4487240004189503,1.680132990161854
48.613514,81,1709.808622,True,False,False,7.281007301069721,6.404112003492129
35.866945,37,1710.192852,True,False,False,3.6677223226706035,3.5701736511714013
40.49501,78,1711.061272,True,False,False,5.433502906367605,4.710729027698711
39.976086,48,1711.623245,True,False,False,4.809693256357629,4.475214293519845
38.495909,62,1712.410556,True,False,False,5.4370554528797825,4.32711030891082
44.338581,61,1713.179102,True,False,False,5.826765289835245,5.415294306196903
49.673498,81,1714.207388,True,False,False,8.154546786452707,6.562394248609025
33.649027,38,1714.670962,True,False,False,3.218866036046464,3.090156995735278
28.502031,22,1714.947181,True,False,False,1.9742739435588001,2.016250277287967
41.583242,133,1719.66868,True,False,False,8.290857128367398,5.638602907804846
39.520006,60,1720.446276,True,False,False,4.940397413383792,4.60775870320566
45.880598,75,1721.466955,True,False,False,5.571604605615432,5.617484858293929
36.040355,47,1722.074046,True,False,False,4.2084493153136195,3.695184183626404
32.105351,67,1722.947448,True,False,False,4.955915735851608,3.3020370361197506
38.231571,48,1723.564642,True,False,False,4.144519262915685,4.078510669932471
47.748076,62,1724.274134,True,False,False,7.0357381868812015,6.0328674986148805
47.904488,61,1725.013002,True,False,False,6.527436258278238,6.111981348639754
30.728792,36,1725.445167,True,False,False,3.3591463229517404,2.763126006196155
43.050488,48,1726.048081,True,False,False,6.410926541578414,4.967203857758509
28.28012,27,1726.350584,True,False,False,2.533370617906387,2.076271399924961
34.798046,32,1726.693324,True,False,False,3.135281611525857,3.2545712200375596
45.322559,67,1727.372853,True,False,False,5.690520284902748,5.539090304390318
37.039467,51,1727.913178,True,False,False,4.034001738634459,3.7808745730010975
41.776205,61,1728.648428,True,False,False,5.051600846893374,4.847293175169969
42.051976,73,1729.598003,True,False,False,5.7966917727324505,5.071063533211976
45.611689,53,1730.201363,True,False,False,5.414918535286157,5.429808294720514
54.459739,55,1730.803808,True,False,False,7.659749767614544,7.103115101904972
27.037515,19,1730.99264,True,False,False,1.8601876897863077,1.6973039164194568
32.536492,36,1731.388897,True,False,False,3.7066944019143797,2.9213401420720566
27.187711,21,1731.656173,True,False,False,1.7671611070165523,1.8164807389810538
38.617419,97,1732.814529,True,False,False,7.862685988733712,4.83057319900875
34.116996,32,1733.213009,True,False,False,3.170753156012163,3.20887221268077
34.860395,36,1733.66758,True,False,False,3.965843272241831,3.4111277166793355
33.555777,33,1734.095296,True,False,False,3.17230780426102,3.101161128759919
39.498636,73,1735.010577,True,False,False,4.739057739375827,4.501161428710011
30.236639,30,1735.404188,True,False,False,2.203794861934076,2.3721520717157376
29.13028,40,1735.895331,True,False,False,2.243435435598577,2.299083843405101
30.688843,27,1736.189821,True,False,False,2.700520160156037,2.502084504656476
44.184134,60,1736.844972,True,False,False,7.678526218908743,5.421286854178443
42.798764,47,1737.475353,True,False,False,5.3898419416008645,4.9301295077579
30.981707,32,1737.894225,True,False,False,2.763542377334679,2.54978869552325
29.241732,27,1738.250233,True,False,False,2.1525089251298573,2.181108766180425
29.509117,36,1738.704451,True,False,False,2.959773699382713,2.385676988439501
41.990263,64,1739.558356,True,False,False,5.30979180192213,4.773334363498743
37.618928,54,1740.251865,True,False,False,4.00282163884352,3.975077067988319
28.32016,35,1740.694685,True,False,False,2.3986231816683996,2.1305443404966784
35.775408,49,1741.364524,True,False,False,3.991454338549676,3.6699902125059585
39.536015,105,1742.740933,True,False,False,8.548084400426037,5.315475275165223
37.433102,97,1744.022095,True,False,False,7.843144642906183,4.7438663885965235
42.030086,61,1744.831862,True,False,False,5.3572678880288915,4.8089487741925225
28.391743,23,1745.132685,True,False,False,2.4138439228237822,2.0830237933849176
30.63325,28,1745.494565,True,False,False,2.4445736976540906,2.432714292121555
44.17201,82,1746.311592,True,False,False,5.811113591978477,5.455726609061964
41.400042,40,1746.712611,True,False,False,4.72957708590205,4.616455319296049
40.769158,56,1747.425518,True,False,False,5.666671538959455,4.6721475995529405
33.784164,36,1747.840838,True,False,False,3.2752122703162527,3.1116727891158287
29.57693,25,1748.101616,True,False,False,2.279910314751962,2.331945232474137
42.708852,52,1748.795759,True,False,False,5.405101045803779,5.003335077739795
40.336717,58,1749.494842,True,False,False,4.476495267079478,4.499577880748217
42.393276,85,1750.320192,True,False,False,6.359988076326341,5.29103741626384
40.579189,82,1751.239591,True,False,False,5.0697765272699,4.860765302563196
46.80715,59,1751.910371,True,False,False,6.009288423750324,5.820633978976678
32.288465,57,1752.533674,True,False,False,3.456449349964124,3.0469127448818325
37.456456,39,1752.961343,True,False,False,3.716604984668648,3.8481687717047808
31.804775,49,1753.57608,True,False,False,2.8733041132345094,2.867172344226079
30.040156,30,1753.974548,True,False,False,3.278744854480142,2.3097970340503338
34.155317,41,1754.47652,True,False,False,3.2883987094676717,3.180885155270141
29.601254,36,1754.941417,True,False,False,3.5813103111303053,2.3853627100344887
32.98813,51,1755.612081,True,False,False,4.6382061227704465,3.2346742310434746
29.168896,29,1755.952993,True,False,False,2.2668443780415877,2.194650302643926
36.809903,35,1756.385513,True,False,False,3.6846940399811445,3.7208153187180337
26.456846,26,1756.69806,True,False,False,1.8740255356271387,1.7134340146723426
35.09266,39,1757.136648,True,False,False,3.676703402170133,3.441545218848193
40.00622,71,1758.108932,True,False,False,4.635332688699893,4.573186272601637
45.149454,46,1758.694,True,False,False,5.783459345424852,5.350181644050009
-19.375295,7,1758.769545,False,True,False,0.4008388630373015,3.731002743249281
34.990914,42,1759.263391,True,False,False,4.683364511872849,3.4762828892324977
36.747598,69,1760.142696,True,False,False,6.2300149988183815,4.221552619659954
34.320965,44,1760.692119,True,False,False,3.581794581469497,3.277030552491101
42.145721,56,1761.322023,True,False,False,4.971306568647281,4.788175599755531
36.624341,69,1762.120969,True,False,False,4.577866620040117,3.96385950628706
29.177296,35,1762.532032,True,False,False,2.381413980373292,2.2681991663436047
39.216561,48,1763.104646,True,False,False,4.7812761751866,4.294594879093841
41.534484,83,1764.109666,True,False,False,5.129903798086484,4.979131785784057
49.338529,93,1765.21359,True,False,False,8.420988704883936,6.7501421941804685
26.348813,26,1765.524473,True,False,False,2.199727683361765,1.7416551267234353
26.593689,28,1765.885395,True,False,False,2.17389245632505,1.7669516821550517
48.900458,69,1766.739105,True,False,False,7.100051440681201,6.327901398782835
24.952976,35,1767.198876,True,False,False,1.9938625954929738,1.6480067571806374
28.963108,14,1767.364961,True,False,False,1.9879780759100854,2.0276241972325613
34.215355,54,1768.087914,True,False,False,4.51857372068319,3.4454556424394154
40.98995,49,1768.753083,True,False,False,5.715963769103751,4.774328850158951
43.952203,87,1769.806902,True,False,False,6.606263564711045,5.457650214610631
36.602015,52,1770.441442,True,False,False,3.9431499254730618,3.786869557517764
37.65569,54,1771.09743,True,False,False,4.236926789368908,4.02459590935743
29.430298,29,1771.472348,True,False,False,2.497252377657623,2.368525560960954
39.703525,55,1772.116569,True,False,False,4.992631234690124,4.4385489072622955
35.370052,122,1773.696223,True,False,False,6.931055678927219,4.560041856657371
48.719057,84,1774.668848,True,False,False,6.860143854479525,6.4130600027570095
26.461351,17,1774.862401,True,False,False,1.459322865703969,1.5684967987309588
33.895885,29,1775.169515,True,False,False,2.8943110326390475,3.1026308023303346
36.143921,39,1775.66454,True,False,False,3.6050442559139,3.516175366646183
38.615132,78,1776.682688,True,False,False,6.59994943302985,4.484225944057265
31.567092,20,1776.947464,True,False,False,2.4950315469273687,2.63884323376912
30.375714,87,1778.062616,True,False,False,5.752999107067781,3.1918378310685327
-22.690472,47,1778.6269,False,True,False,2.951793860529489,1.7294594522041455
43.637793,69,1779.489767,True,False,False,7.620973104899851,5.423109030066357
26.519644,17,1779.689286,True,False,False,1.6731886767938182,1.6198902530164347
41.011324,78,1780.674001,True,False,False,6.213430882796996,5.121858324407942
32.49616,38,1781.176537,True,False,False,3.1475878573456573,2.9156086044663216
46.396432,82,1782.206334,True,False,False,6.857985896178274,6.041663800524289
41.516438,61,1782.969456,True,False,False,5.995398131490025,4.939698317465559
53.487043,79,1783.874587,True,False,False,7.735766965365418,7.398576407715376
37.576076,65,1784.733135,True,False,False,5.327900874084146,4.239885777254642
-6.312495,41,1785.239565,False,True,False,3.9959641414742872,4.154394585631322
-10.336619,22,1785.52333,False,True,False,2.223179036224828,3.2194594200579782
34.102796,48,1786.123769,True,False,False,3.9249152620385916,3.473717844468351
37.003158,70,1786.929319,True,False,False,4.367263216572126,4.023905984372098
34.275395,73,1787.901578,True,False,False,3.92744881547002,3.5483191685770397
29.2373,35,1788.336745,True,False,False,3.183005699178249,2.3481300113645527
52.085597,94,1789.409852,True,False,False,7.733490182926646,6.981128193813433
36.941734,113,1790.851993,True,False,False,8.372409399223537,4.735097553970624
43.172008,76,1791.779821,True,False,False,5.714207738152691,5.215537954587495
27.574816,42,1792.250416,True,False,False,2.864007461294058,2.115533299800646
44.548473,59,1792.935865,True,False,False,5.454121717202899,5.420302661717893
40.863105,48,1793.502134,True,False,False,4.637101861296532,4.576869549407679
40.095672,45,1794.045767,True,False,False,5.1933082163815305,4.5156245918252615
26.947296,21,1794.306813,True,False,False,2.2209877800081093,1.8347919782227555
37.822548,59,1795.071666,True,False,False,4.4796983468098155,4.099564613533089
26.831909,27,1795.404989,True,False,False,1.8846475202260764,1.7707002934833598
33.232212,36,1795.868055,True,False,False,4.211770112879174,3.06290604439782
37.781912,53,1796.561975,True,False,False,4.317345058122305,4.063973817027144
41.603373,81,1797.541664,True,False,False,7.11629836127686,5.12589619096134
44.426397,91,1798.644669,True,False,False,6.586964142593687,5.671223012234601
34.879717,28,1799.02222,True,False,False,3.5766166100564,3.3463673492835664
37.198601,50,1799.675793,True,False,False,4.709819518823228,3.9560108655223276
42.127929,61,1800.469703,True,False,False,4.834861585244403,4.830023412335527
46.350681,74,1801.355258,True,False,False,6.488090590861011,5.943051087165996
39.284699,58,1801.979558,True,False,False,4.443558019203359,4.409077586427608
36.323644,46,1802.498104,True,False,False,3.8906517369191422,3.7075232562105205
29.399766,44,1803.045504,True,False,False,3.2555629691486354,2.6330171038027252
49.94855,75,1803.983247,True,False,False,6.641711586640183,6.371920776043231
42.032494,42,1804.507458,True,False,False,5.0483828897875105,4.735330608994472
29.255971,31,1804.88241,True,False,False,2.481360049198774,2.2890941905902884
32.824325,61,1805.640248,True,False,False,3.671772184922592,3.2254738144192836
38.677798,38,1806.015584,True,False,False,4.221675592420402,4.104042799039649
45.510629,61,1806.633576,True,False,False,6.27729240210028,5.665182145989488
47.615874,60,1807.329254,True,False,False,6.451567821141935,5.93109787322853
44.496075,60,1808.026281,True,False,False,6.259381115755365,5.483781509813596
42.53685,58,1808.767766,True,False,False,4.689366358552525,4.843110075314527
30.418761,49,1809.366547,True,False,False,2.923294266663005,2.675278604415332
47.841547,64,1810.125481,True,False,False,6.543803326532066,6.047966183775953
29.934093,44,1810.613505,True,False,False,3.0510596559447736,2.585934995914244
46.208948,91,1811.766406,True,False,False,6.2485210966890135,5.899216831690786
34.988529,80,1812.753144,True,False,False,4.800874618498267,3.9053218751781063
26.392296,21,1813.045215,True,False,False,1.440873164292066,1.632193124612538
44.401633,60,1813.84744,True,False,False,5.426084890539101,5.262463816393957
46.910756,68,1814.714169,True,False,False,6.196071549939923,5.838237567377525
35.258562,86,1815.800431,True,False,False,4.585174332503618,3.9199270593046402
39.632323,55,1816.507886,True,False,False,4.5986802079952485,4.3506005274840875
46.076236,95,1817.687921,True,False,False,7.5412953569178365,5.929127318824275
30.910868,47,1818.171666,True,False,False,3.0580520038586507,2.7337729178927415
26.190312,21,1818.389317,True,False,False,1.9492583828516805,1.6407463632157944
47.086684,60,1819.045059,True,False,False,6.316212243514777,5.956575142065043
45.779523,79,1819.988694,True,False,False,6.159345950446244,5.770045757344848
36.123316,30,1820.360671,True,False,False,3.77382084556777,3.548719025937416
35.618442,81,1821.335457,True,False,False,5.615655607751032,3.980477979396353
46.810289,98,1822.391463,True,False,False,6.21594178508219,6.071336980773983
43.401579,46,1822.933674,True,False,False,5.884180436788939,5.0126323273954085
29.900841,43,1823.461074,True,False,False,2.73447108177798,2.50105526335014
42.307566,76,1824.365045,True,False,False,5.24763749226512,4.967164579810518
26.887211,19,1824.60657,True,False,False,1.6352871169991159,1.6966715146759581
47.200895,66,1825.367859,True,False,False,6.144511607870075,5.957199748223739
40.749537,68,1826.258269,True,False,False,5.520556770947898,4.891983188229579
44.225327,151,1828.039311,True,False,False,9.236484223330567,6.446328165434285
39.34785,119,1829.381346,True,False,False,8.467574366492785,5.266401552470719
26.298644,31,1829.762468,True,False,False,1.7413581261949456,1.726197429510133
42.446826,53,1830.449524,True,False,False,5.42158063890529,4.9314175309100055
27.627502,16,1830.66841,True,False,False,1.6066482409793768,1.775619730381483
35.11475,39,1831.151986,True,False,False,3.505355460074708,3.442250741053828
34.894206,33,1831.58751,True,False,False,3.3531347891124086,3.395679550061984
34.074275,32,1831.997961,True,False,False,3.537925317887936,3.2295353279058023
45.54003,71,1832.844599,True,False,False,8.25878247464562,5.802958833312562
25.228642,36,1833.298033,True,False,False,2.501854256169259,1.7939624134587986
32.804862,30,1833.634293,True,False,False,3.1728129944964594,2.93304550870392
42.583379,56,1834.324848,True,False,False,5.085730103526083,4.9675157737449025
45.105002,65,1835.159078,True,False,False,6.019545517219405,5.533000906451348
41.676855,61,1835.710101,True,False,False,5.430853195855413,4.849170553380513
37.469493,52,1836.179338,True,False,False,4.224652778783578,4.011479753852435
29.78295,18,1836.356593,True,False,False,2.0208539207175917,2.190654810726058
25.308226,31,1836.672167,True,False,False,1.9747023965079888,1.5743717089447087
46.721438,69,1837.272059,True,False,False,5.886189389062923,5.803665046458196
-5.577067,65,1837.90451,False,True,False,4.158894957834316,4.433905868882212
32.278504,27,1838.176054,True,False,False,2.7912217713754814,2.8163129397140425
29.193259,36,1838.498759,True,False,False,2.293436051625519,2.3781657025343317
33.339606,35,1838.847524,True,False,False,3.7586001067882373,3.175647234905776
37.516057,57,1839.504125,True,False,False,4.905362798640546,4.072958734366885
36.571441,48,1843.003626,True,False,False,4.444585634123604,3.746048811099715
33.583053,70,1843.603777,True,False,False,3.8550811607611704,3.4253138412477417
46.135047,63,1844.140161,True,False,False,6.7972784014021315,5.695446604592412
26.112454,30,1844.391203,True,False,False,2.8770681521854535,1.6892940365864728
30.133712,36,1844.693984,True,False,False,3.3508391906841934,2.565139595077773
37.413504,74,1845.490637,True,False,False,6.199933539720587,4.387878644388857
35.308234,42,1846.011131,True,False,False,4.088351213974224,3.51208412355995
27.179058,26,1846.325493,True,False,False,1.7490597409665563,1.8249175160691706
36.97128,42,1846.836214,True,False,False,4.3912771995303554,3.858155611940602
32.945476,43,1847.386279,True,False,False,3.1989657113099645,3.0185856714855674
34.676294,46,1847.931268,True,False,False,3.3735517517828035,3.2898440675400002
34.000552,56,1848.49101,True,False,False,3.827556580387436,3.3476313575916707
39.437815,70,1849.36603,True,False,False,5.787500542169918,4.5918882134341015
37.464655,31,1849.78505,True,False,False,3.7392558223035692,3.7704467530093275
26.810987,25,1850.091334,True,False,False,1.9326863823866416,1.7781589452231672
32.571734,30,1850.395316,True,False,False,2.9643438170822813,2.9151532561512385
50.495896,72,1851.225238,True,False,False,8.868584795813753,6.725997741669147
45.183764,60,1851.995776,True,False,False,5.949913188642117,5.520488654074958
32.742512,40,1852.501284,True,False,False,3.392425572668406,2.944277929836819
43.197701,59,1853.129875,True,False,False,5.484233967997975,5.187171340429889
25.619464,21,1853.309338,True,False,False,2.011204441425189,1.549825341894825
28.947025,16,1853.447223,True,False,False,2.121971743002398,2.088465603393997
30.486154,29,1853.785625,True,False,False,2.686668233674916,2.5050939564699113
29.812296,29,1854.152872,True,False,False,2.735599427644002,2.393284082444578
34.088581,33,1854.583931,True,False,False,3.3608585920454708,3.2543219334275713
26.877435,22,1854.868362,True,False,False,1.885356696755287,1.7845564194740176
41.65891,79,1855.801955,True,False,False,5.554151131305864,5.0060594497124855
33.161578,49,1856.424773,True,False,False,4.339248650755444,3.2932578939953276
27.769688,25,1856.732476,True,False,False,2.1752894037813397,1.9742217374212236
46.836315,82,1857.791033,True,False,False,7.650683295066148,6.1666507981414975
27.051499,40,1858.276282,True,False,False,3.278443921428268,2.119595656978961
50.721029,77,1859.314002,True,False,False,8.753242854408576,6.8001957592900775
46.71619,93,1860.464897,True,False,False,8.67269940834878,6.1874463442028995
52.209062,72,1861.321765,True,False,False,8.222599516379198,6.889765338542741
43.217378,58,1862.089222,True,False,False,5.911688265384983,5.14894091307621
31.73875,35,1862.558002,True,False,False,3.6613205053291984,2.7388581469203648
35.79271,59,1863.272296,True,False,False,4.980086121919983,3.8040784219861994
33.191055,36,1863.746929,True,False,False,2.9806890779390334,3.0618589325041414
30.340162,22,1864.044235,True,False,False,2.2189087374937233,2.370393103433566
47.613862,60,1864.801205,True,False,False,6.321360872379897,5.938154905807677
25.794817,17,1865.029622,True,False,False,1.296047318594447,1.5159319984467592
29.804693,21,1865.286022,True,False,False,2.2544369082669724,2.2871063047028417
44.162004,48,1865.868102,True,False,False,5.426160261597173,5.158005727568409
41.143,71,1866.751796,True,False,False,5.882847280744572,4.817257951258458
29.655742,47,1867.336009,True,False,False,3.2492138480891377,2.4515617965781504
48.634475,71,1868.114567,True,False,False,6.288874963699306,6.285137263388917
40.800948,57,1868.753552,True,False,False,4.930611967938559,4.772273621477963
38.541147,45,1869.29452,True,False,False,4.375503727296318,4.003397491898813
44.351428,62,1870.097517,True,False,False,5.159725219296611,5.192118720537918
26.211062,20,1870.342731,True,False,False,1.5661737388120414,1.5882506847226843
29.681174,54,1871.012945,True,False,False,2.997847935106778,2.637586685984752
33.625229,29,1871.347088,True,False,False,3.23330097169831,3.12691246613179
36.664759,31,1871.715836,True,False,False,3.7861302682468656,3.6866646051160687
42.107474,71,1872.510376,True,False,False,5.242138441075657,5.15326245977558
38.183327,67,1873.273189,True,False,False,4.1835071932144094,4.214193316228034
31.282944,32,1873.620188,True,False,False,3.056724057926022,2.708678932731521
49.625082,101,1874.864197,True,False,False,9.41121406937549,6.887434343710159
38.685909,77,1875.815941,True,False,False,4.359389455301815,4.379337126424946
36.043771,37,1876.210647,True,False,False,3.5806889881530015,3.5847720618534207
29.745372,27,1876.48456,True,False,False,2.1475360094278293,2.2649101681451906
27.770702,24,1876.788469,True,False,False,1.6877693706597567,1.846316034141863
40.44829,63,1877.570896,True,False,False,4.9463475288318675,4.601053130821521
40.421058,69,1878.477925,True,False,False,4.823510560004087,4.721908243127713
46.064876,68,1879.359865,True,False,False,7.7028115387147515,5.896454114045984
34.333104,26,1879.711873,True,False,False,3.274147547038673,3.1960575968092804
29.778406,30,1880.107451,True,False,False,2.6200884273675658,2.355706920327734
27.275208,39,1880.599652,True,False,False,2.8079208320780285,2.13868864220503
44.073092,93,1881.689696,True,False,False,8.391717028921988,5.839031502143827
39.566543,54,1882.37068,True,False,False,4.5157195165939,4.454781426528242
49.105454,64,1883.23277,True,False,False,6.464745708030677,6.220816511045627
27.949018,21,1883.481874,True,False,False,1.9489278289025531,1.9083719579803544
44.302112,73,1884.436805,True,False,False,6.024675202901838,5.443579746638606
25.959289,20,1884.665239,True,False,False,1.331692661406151,1.5266742450765662
40.072496,74,1885.474948,True,False,False,5.055855377745144,4.658064246579535
39.293742,56,1886.151687,True,False,False,5.415461455181797,4.381390199275899
29.228442,95,1887.013371,True,False,False,6.805188292798791,3.111526687212771
32.840956,30,1887.285604,True,False,False,2.874474059728771,2.829439621926754
48.588887,66,1888.04996,True,False,False,6.369065234153105,6.137563923407352
41.334617,55,1888.793597,True,False,False,5.20056908214054,4.745526389968891
32.742547,49,1889.375434,True,False,False,3.773494436775239,3.073627484331549
43.362101,55,1890.08543,True,False,False,5.737101350000089,5.094659722990138
29.417312,42,1890.610088,True,False,False,2.434208860126343,2.4752500026805837
37.430699,53,1891.299282,True,False,False,4.010808195008046,4.0166575838832035
30.124973,24,1891.600796,True,False,False,2.2839216569458722,2.3530756512828708
37.592628,36,1892.065256,True,False,False,3.798576575513508,3.7954110570122577
42.026957,58,1892.793244,True,False,False,4.863511895230615,4.7835653549590935
38.269953,48,1893.4396,True,False,False,4.4239815383223995,4.085023994187318
26.184007,18,1893.658471,True,False,False,1.5677804517371456,1.5628822338623707
38.89561,51,1894.169115,True,False,False,4.796955452131462,4.296663260066428
30.008123,25,1894.463827,True,False,False,2.3355829619853083,2.3382056425999878
27.267356,21,1894.732116,True,False,False,1.8466146876640488,1.8446246917074125
32.201571,29,1895.117217,True,False,False,2.635194088585387,2.736595629793444
40.885003,66,1895.921228,True,False,False,5.274782723303738,4.748290776636498
38.233684,51,1896.560262,True,False,False,4.378371453320079,4.129886441019924
29.703899,36,1896.965949,True,False,False,2.6251396163055687,2.4673731440053834
31.077395,29,1897.279859,True,False,False,2.5424999988161656,2.55003646956172
45.740062,58,1897.918575,True,False,False,6.193774571794966,5.667348064517738
30.989778,36,1898.310171,True,False,False,3.0384451026767656,2.754893700786151
39.453606,57,1899.044541,True,False,False,5.230754082882655,4.465336866215909
47.729557,65,1899.76335,True,False,False,7.019083883475684,6.132152869940724
40.349766,72,1900.611896,True,False,False,5.459067334172354,4.736650240158873
29.464623,30,1900.882523,True,False,False,2.0489297698758455,2.2959728066355196
47.450408,67,1901.493347,True,False,False,6.949077591944448,6.016418876360401
33.908501,48,1902.080111,True,False,False,3.841725796433271,3.321495912930498
42.425123,55,1902.794249,True,False,False,6.667206489750942,4.991692270031183
42.530223,69,1903.554029,True,False,False,5.826151187762413,5.072903631191636
39.934255,53,1904.075194,True,False,False,5.003702560060064,4.59951178743157
27.11502,22,1904.346221,True,False,False,2.100398620030168,1.8264231872201653
36.54743,52,1904.987077,True,False,False,3.9257988859087627,3.7956855542743284
28.759811,20,1905.251272,True,False,False,1.9370782618317386,2.0255921307475058
37.115601,82,1906.240388,True,False,False,4.9343990437052625,4.226639478037593
41.469357,69,1907.107342,True,False,False,6.019283684903689,4.808626787914578
45.181452,84,1908.15001,True,False,False,6.185771012555708,5.664187120918841
35.236964,41,1908.655611,True,False,False,3.5463305294481096,3.4234869470433376
45.062941,92,1909.738932,True,False,False,7.237672626902156,5.7138922080827825
51.14544,87,1910.708667,True,False,False,7.677234206028252,6.93874881626286
53.444776,95,1911.917151,True,False,False,8.759250048752698,7.21494351000268
40.518485,38,1912.365315,True,False,False,4.730762169913751,4.456037962255689
39.34694,56,1913.060208,True,False,False,5.663210377814347,4.452631396830812
43.430678,58,1913.724943,True,False,False,6.290641709025961,5.027696955722268
45.513662,100,1915.019418,True,False,False,6.736993407593192,5.919243225589441
38.218577,61,1915.804584,True,False,False,5.4860328157472535,4.326798558410737
41.778768,61,1916.538192,True,False,False,5.5583843769883705,4.971377644923659
28.24146,41,1917.038628,True,False,False,3.487278956487138,2.195017406787311
45.581565,63,1917.819763,True,False,False,7.2030465144401905,5.785663067912528
30.661442,32,1918.238499,True,False,False,2.6174529547427783,2.538267688917189
32.301099,38,1918.694431,True,False,False,2.9144274628920903,2.885942878561476
45.940002,76,1919.67469,True,False,False,6.718836902205615,5.76102973674563
25.666838,21,1919.957855,True,False,False,1.3400255698195787,1.5444439276739799
26.378047,30,1920.332105,True,False,False,2.311313644390996,1.661069861795574
28.173954,24,1920.619602,True,False,False,1.9164102023444889,2.042739652550744
40.676938,69,1921.454309,True,False,False,6.22694360109369,4.833433315696516
43.244124,68,1922.364941,True,False,False,5.17522199864721,5.05218470407518
31.883164,33,1922.799546,True,False,False,3.0118752311649346,2.767938918313528
39.347408,72,1923.629908,True,False,False,5.498813577846728,4.520003155348324
53.131888,75,1924.576064,True,False,False,8.47099723547726,7.065470737192578
27.580994,25,1924.906761,True,False,False,1.9305122521806952,1.8966535813097969
39.70634,44,1925.412302,True,False,False,4.529080389295264,4.447789909028701
37.427356,62,1926.203147,True,False,False,3.942780776769025,3.980438935985411
36.130018,63,1926.915643,True,False,False,4.29463962662738,3.8509195734867614
50.124021,85,1927.896163,True,False,False,6.742793515589942,6.515553869836821
27.538838,15,1928.062663,True,False,False,1.6950970621175518,1.81411982228912
31.837712,29,1928.392989,True,False,False,2.7835778221547525,2.779433234657538
31.376628,28,1928.75276,True,False,False,3.7756671993812247,2.6320150190817064
27.502408,35,1929.196855,True,False,False,2.242925134547132,2.045371333274369
49.585989,66,1930.038311,True,False,False,7.344408255782644,6.362673591833847
39.55338,63,1930.745942,True,False,False,4.2896037018076365,4.386795143306655
44.942191,95,1931.949803,True,False,False,6.0619508671204105,5.65441139518385
32.307017,32,1932.352314,True,False,False,2.947849113858617,2.856281307794755
41.506005,49,1932.988028,True,False,False,4.957131105743324,4.7814853181275945
31.071316,21,1933.228512,True,False,False,2.616768008530272,2.5333424158058597
25.991134,27,1933.559859,True,False,False,2.154491067480385,1.8577971887396887
35.062856,62,1934.333508,True,False,False,3.946343485025811,3.813414387676748
30.517368,34,1934.79787,True,False,False,3.1746608752688665,2.600500501681559
25.927096,30,1935.184265,True,False,False,2.009035674895816,1.6954453650323047
35.92724,49,1935.772538,True,False,False,3.8993722256484546,3.6221210273358992
34.170133,50,1936.385845,True,False,False,3.907250280022071,3.3137385406934943
26.027116,21,1936.648677,True,False,False,1.8346855142212346,1.5608788365412183
34.339805,50,1937.267399,True,False,False,4.057093212691286,3.439621006015368
47.088086,112,1938.47923,True,False,False,7.5452997190881135,6.195157932216505
46.320243,103,1939.717995,True,False,False,7.234386502115956,6.074514788682024
30.178099,40,1940.197725,True,False,False,2.8993561119188698,2.517422311157382
32.468174,37,1940.655983,True,False,False,2.9787495100505375,2.9326623647473906
30.459857,32,1941.031171,True,False,False,2.676794642425225,2.5047193501139446
41.231257,68,1941.854119,True,False,False,5.313947228298245,4.885193338293507
34.053899,29,1942.163811,True,False,False,3.520339712836941,3.182914992870215
41.252777,47,1942.643419,True,False,False,5.032418780017757,4.645097001114962
41.51804,54,1943.298667,True,False,False,4.707402009474625,4.613934576900703
43.949726,39,1943.702902,True,False,False,4.957615047939168,5.071945330239596
50.347422,68,1944.372476,True,False,False,6.448854133924227,6.469085900755134
40.204228,70,1945.009233,True,False,False,5.144600459210045,4.568153361301325
33.778516,32,1945.367285,True,False,False,3.2718466920278493,3.1748536049806977
41.844815,56,1946.067014,True,False,False,4.6752987530589625,4.8319615746997995
35.184878,41,1946.616506,True,False,False,3.6014495950121264,3.3969170961578974
51.137669,73,1947.571433,True,False,False,7.292429196883603,6.741178247093406
25.704562,38,1948.074259,True,False,False,1.8378690987092654,1.7015669261068873
52.933264,83,1949.16598,True,False,False,7.583997689201831,7.02192721051007
38.98564,55,1949.878928,True,False,False,4.845464881783163,4.3316952800496225
50.727134,71,1950.634853,True,False,False,7.407555828209609,6.723140226016352
40.009548,51,1951.277939,True,False,False,4.544561636532361,4.421664216570085
39.443199,44,1951.844127,True,False,False,4.158713649869971,4.241492002475035
45.85647,86,1952.895532,True,False,False,7.192740567057937,6.011705842151413
33.498217,51,1953.485934,True,False,False,3.1640132502470553,3.1552316054016454
36.833454,48,1954.122673,True,False,False,4.284935236205606,3.790843197611035
27.678747,69,1954.978646,True,False,False,4.032753685452505,2.5507571148267014
41.758501,64,1955.717294,True,False,False,5.103343602096084,4.9126313621905355
28.328149,24,1956.028295,True,False,False,1.9043349241353562,2.0566524246991773
35.355543,37,1956.477322,True,False,False,3.501852205347955,3.4495925391100744
45.13977,59,1957.202076,True,False,False,6.430275015021967,5.574359988503678
28.461246,23,1957.503934,True,False,False,2.2174807771986083,2.042536636660118
36.438242,41,1958.010249,True,False,False,3.6949167657339266,3.6661025609603914
41.790016,63,1958.816457,True,False,False,5.421316728812972,4.873642670663545
27.686975,19,1959.055655,True,False,False,1.8778665344416423,1.9010186286987185
40.235268,47,1959.713119,True,False,False,4.744617431161768,4.481030509474657
33.001377,25,1960.034951,True,False,False,2.75544735032337,2.84607130041933
32.423456,67,1960.902055,True,False,False,4.991641301252152,3.2819179802641525
40.630157,58,1961.641093,True,False,False,4.9996610525059255,4.650061887712588
36.388516,57,1962.374305,True,False,False,4.25167744136655,3.810203122835511
38.307058,60,1963.073903,True,False,False,4.4433373742097215,4.213384441278216
46.477256,63,1966.629804,True,False,False,6.032313130906571,5.641961133228624
46.228525,56,1967.093509,True,False,False,6.2089646514621695,5.816299440606974
34.175125,43,1967.443359,True,False,False,3.472758928619193,3.249875117417315
31.409672,42,1967.795419,True,False,False,3.0471317846871124,2.8273710751950607
38.944471,51,1968.226133,True,False,False,4.297870410049427,4.186600585121906
33.940906,35,1968.521108,True,False,False,3.7885104132263128,3.177283183576341
41.66201,72,1969.22677,True,False,False,7.287183305937889,5.101398278294063
34.966086,36,1969.687147,True,False,False,3.2462432451852683,3.427937877662085
36.768295,40,1970.203575,True,False,False,3.6645284644388796,3.705562428295415
33.740733,51,1970.824731,True,False,False,3.540781367882307,3.2545523580075257
34.054594,78,1971.757619,True,False,False,5.2735724840673095,3.544329306751871
36.566366,44,1972.271223,True,False,False,4.60527300870674,3.8187756718184356
42.644326,66,1973.124,True,False,False,7.343484090023853,5.241177039453163
34.325163,45,1973.659126,True,False,False,3.9223015547530897,3.374106106370519
36.395955,54,1974.347284,True,False,False,5.507788146066087,3.968449098216866
42.200433,53,1975.051745,True,False,False,5.306873189331226,4.882994349397978
40.41608,61,1975.84391,True,False,False,5.126018522299699,4.450062429663352
31.816816,35,1976.292534,True,False,False,2.7569184407444225,2.819639895301759
27.215132,18,1976.518635,True,False,False,1.996955411397953,1.889327898152412
34.534013,43,1976.988374,True,False,False,4.248765609393428,3.4046998483972293
41.930698,65,1977.597538,True,False,False,5.477184012748562,4.92431219948874
26.527186,54,1978.158009,True,False,False,4.643446006734722,2.362065361148297
31.589873,40,1978.605481,True,False,False,3.596053052395073,2.8393732517842607
39.633006,40,1979.060741,True,False,False,4.267071881193862,4.239898566872436
42.443944,44,1979.548725,True,False,False,4.808219769730839,4.847481569858448
36.814004,37,1979.983276,True,False,False,3.6963574186026094,3.729754873674889
31.358945,57,1980.607305,True,False,False,5.109509175352956,3.0683310163801862
31.496452,50,1981.206661,True,False,False,3.860503391242667,3.032294654397433
30.632893,28,1981.503876,True,False,False,2.42358128126402,2.5369737716737064
28.884329,24,1981.784376,True,False,False,2.0529131370475375,2.1187402821269106
26.846659,16,1981.991833,True,False,False,1.6388095640810347,1.7082783474146348
38.438337,58,1982.638417,True,False,False,5.157828648640527,4.1970804502471575
35.112309,40,1983.052835,True,False,False,3.801292484233451,3.678518971387133
41.26596,77,1983.829881,True,False,False,5.850718356719918,4.972844135687078
35.61166,41,1984.266809,True,False,False,3.4925960426087164,3.4951996234177605
34.564129,62,1984.954443,True,False,False,4.501481522263997,3.459195307043306
-18.904995,11,1985.088629,False,True,False,0.6859410999780424,5.0932949537590115
25.002764,69,1985.840015,True,False,False,3.122660873529453,2.0010403048866894
39.082981,62,1986.525463,True,False,False,4.485467598909584,4.261716220997055
45.586985,76,1987.498461,True,False,False,6.044735810680798,5.7672943920084565
41.567447,61,1988.106352,True,False,False,5.126016486835605,4.764926242212441
31.777438,29,1988.438243,True,False,False,2.782952477007507,2.725325810605456
37.631581,39,1988.940148,True,False,False,3.933543003135458,3.82111661758101
27.997518,21,1989.224167,True,False,False,2.1986996257186036,1.9953003589124523
37.365328,61,1990.013568,True,False,False,4.484856015071873,4.220806830628817
26.945836,36,1990.458465,True,False,False,2.6152837213494724,1.91276405044138
33.108882,42,1990.944904,True,False,False,3.322128538466312,3.0710902632226325
31.021382,36,1991.320551,True,False,False,3.223956876324702,2.80145835863622
46.241635,69,1992.066156,True,False,False,7.280706789770726,5.977921443542715
51.678279,90,1992.944616,True,False,False,7.225654751629442,6.798918404350737
34.280853,34,1993.320034,True,False,False,3.417968227578151,3.2560894418511332
26.906925,31,1993.727191,True,False,False,1.7219328671373353,1.8337243206818197
41.723059,106,1995.136127,True,False,False,5.400632177659151,5.2572599299320695
45.111799,63,1995.946435,True,False,False,5.675989640065133,5.568742713031797
34.131628,48,1996.596887,True,False,False,3.7786267539799736,3.3452866893053463
28.439086,26,1996.915601,True,False,False,2.334990251570938,2.1183347656689095
41.332336,41,1997.441902,True,False,False,4.579169924360819,4.5935264612383975
32.973697,62,1998.216223,True,False,False,4.376983673063513,3.362289552554724
31.770889,37,1998.716574,True,False,False,3.1049314174356413,2.783797967665956
31.964112,56,1999.413601,True,False,False,2.9388504156228668,2.9907544198030616
48.615763,92,2000.482934,True,False,False,7.527062213021899,6.42057785722036
42.490664,45,2000.950004,True,False,False,5.42336988611645,4.891905793316239
44.108158,52,2001.619864,True,False,False,5.513462481187232,5.241049262955119
45.078623,47,2002.224629,True,False,False,5.442269834112887,5.355060134552838
32.017162,23,2002.48833,True,False,False,2.674055265447614,2.709395838890737
30.991995,22,2002.735346,True,False,False,2.2861061579578217,2.4831074945758016
29.464419,29,2003.078636,True,False,False,2.155534332490617,2.2577757413843496
37.796531,76,2004.006244,True,False,False,4.315992470091921,4.209200167311619
37.350808,54,2004.677364,True,False,False,4.409246890264743,3.974524588479493
26.800761,15,2004.856776,True,False,False,1.5379257201971652,1.6606995745354545
27.183406,35,2005.338114,True,False,False,2.6691954406606695,2.0441542779942408
40.456405,99,2006.549412,True,False,False,6.4256749139930305,5.3516097732024805
30.179778,42,2007.036245,True,False,False,2.9864623231944876,2.536499826738536
29.825026,34,2007.374641,True,False,False,2.4777482993379665,2.359031728747607
34.985422,35,2007.815617,True,False,False,4.198967215151446,3.3691431672838106
42.266961,77,2008.757845,True,False,False,5.520725422333811,5.026824227159304
27.729261,31,2009.128628,True,False,False,2.0773484457835614,1.9842262503791042
39.18471,119,2010.552276,True,False,False,6.372005654999819,4.944548603359349
34.149205,33,2011.001021,True,False,False,3.2111000274857853,3.2137207288000207
36.334552,58,2011.658984,True,False,False,4.13841796338125,3.798493231544745
32.944487,31,2012.038845,True,False,False,3.322821828647025,3.002619201155294
39.670395,48,2012.604849,True,False,False,4.422237376628264,4.30701774678013
30.30349,27,2012.963761,True,False,False,2.4151403408706575,2.3859892114120727
39.915932,103,2014.199592,True,False,False,7.788086249686175,5.191949223699637
41.105894,48,2014.852026,True,False,False,4.614206957380651,4.602287213479295
40.418743,72,2015.782,True,False,False,6.169027257917718,4.79583240872935
36.744759,42,2016.306015,True,False,False,3.981429522471959,3.851694737018951
42.312282,70,2017.233088,True,False,False,5.9672253356384966,5.201934141858958
29.550434,25,2017.567545,True,False,False,2.040167498241041,2.22318789007382
35.258538,47,2018.171306,True,False,False,5.380313026191099,3.625634723637481
38.704178,48,2018.828941,True,False,False,4.375692179160013,4.246032059111929
36.078284,41,2019.344394,True,False,False,3.9912292912930454,3.584508913155387
41.166949,72,2020.276807,True,False,False,5.194712226923449,4.790919372660045
44.968825,60,2020.991603,True,False,False,5.541981420402121,5.368369540019323
40.173532,63,2021.744505,True,False,False,5.123996606868299,4.5755303100419615
46.20091,80,2022.617065,True,False,False,7.064992657559662,5.826306320528734
39.19598,66,2023.405048,True,False,False,6.904445909507739,4.633409265851321
37.870733,70,2024.241665,True,False,False,5.037847136349233,4.306004884748884
30.923999,26,2024.568776,True,False,False,2.434562352732512,2.487752785993666
31.265639,25,2024.876345,True,False,False,2.6273252382903043,2.5046599822358617
37.207291,39,2025.33489,True,False,False,3.8402968343369275,3.7930300992730763
32.441691,34,2025.736196,True,False,False,2.981737832749679,2.9190579657863482
36.874917,43,2026.293888,True,False,False,5.137704708607558,3.852755901307199
25.861499,30,2026.677982,True,False,False,2.3744776346908556,1.6386993327999544
49.615897,65,2027.47522,True,False,False,7.043039143060229,6.390207318446864
34.925811,35,2027.911848,True,False,False,3.3371097732002744,3.40038664303222
30.952353,26,2028.195148,True,False,False,2.537186567923145,2.506931603358059
35.968758,47,2028.756043,True,False,False,3.704037885541018,3.5661914360949734
36.810173,64,2029.571892,True,False,False,4.1994306470617735,3.9598665725977984
37.117268,44,2030.174708,True,False,False,4.361798407608493,3.917405594240489
37.115523,72,2031.060666,True,False,False,5.697596790683406,4.32043835444341
31.243301,31,2031.475005,True,False,False,2.3692502137489853,2.5682639637556166
32.481164,30,2031.870267,True,False,False,3.0464298825958287,2.846156603914826
25.98516,34,2032.309342,True,False,False,1.63039655269154,1.6896676303003266
35.28212,43,2032.845809,True,False,False,3.625460689967784,3.560533641293922
43.71085,72,2033.761877,True,False,False,5.694532471446286,5.311334913764533
45.927788,54,2034.436816,True,False,False,6.116805980780038,5.602510934737329
44.696249,67,2035.306183,True,False,False,5.649268138843585,5.451205502658403
30.236656,21,2035.572208,True,False,False,2.2836310966150837,2.3253040391026802
48.042638,85,2036.605983,True,False,False,6.690347072417317,6.2553007405317835
34.76346,48,2037.080461,True,False,False,3.569641208585767,3.418023971442772
26.195549,55,2037.776761,True,False,False,3.5879026484702865,2.3369287350868975
33.435083,34,2038.190698,True,False,False,3.330863540294727,3.0759451303368914
40.514291,48,2038.840609,True,False,False,4.712416034038284,4.572090175605179
42.996026,44,2039.415553,True,False,False,6.248762100464801,4.961956542057969
33.301476,40,2039.902839,True,False,False,3.3300069862664845,3.1617080215962123
32.889045,32,2040.298793,True,False,False,3.080280353785218,2.9263415158587245
48.234793,77,2041.267971,True,False,False,6.797996271162353,6.134728075529414
33.659381,79,2042.199626,True,False,False,5.164279190369101,3.608035113420973
28.675498,27,2042.501851,True,False,False,2.7536360600230463,2.1675889330741263
38.093887,36,2042.947025,True,False,False,4.571733213020479,3.854197561229897
32.669752,33,2043.359783,True,False,False,3.3386998884999506,2.928320239417762
31.354061,26,2043.648414,True,False,False,2.5151801976064796,2.64164465024688
35.668309,47,2044.165155,True,False,False,4.554430709023588,3.6707186517560015
38.521354,36,2044.573819,True,False,False,4.016484272712164,4.06668396309054
41.335107,57,2045.275053,True,False,False,4.737492385000543,4.678261926510231
35.088145,78,2046.258522,True,False,False,5.770770233979862,3.9824973905421444
43.394762,47,2046.838639,True,False,False,5.549369713239953,5.0736759812076535
45.35982,44,2047.311004,True,False,False,5.988767763868634,5.416635471068635
38.991558,38,2047.719657,True,False,False,4.774978317150329,4.176761498808343
29.917237,46,2048.241779,True,False,False,3.3084512475909644,2.7470106502005334
44.425787,59,2048.871794,True,False,False,5.771307055193663,5.305967217591737
34.786461,42,2049.411671,True,False,False,3.218425935264736,3.3238625286440584
31.773822,47,2050.002323,True,False,False,3.8874518979454913,2.9282711720194574
29.234743,56,2050.701563,True,False,False,3.5989965491927727,2.6489692948042634
40.379001,52,2051.38489,True,False,False,5.5838468543609885,4.560784535999636
33.583786,42,2051.935507,True,False,False,3.17107042956685,3.1093177720596485
33.254071,19,2052.177589,True,False,False,2.841620695546486,2.7970154465486976
27.062787,19,2052.43804,True,False,False,1.8704849220704765,1.8094704569338542
48.012515,99,2053.6029,True,False,False,7.244000254766547,6.340163609237177
25.245454,53,2054.302281,True,False,False,3.483937180239519,1.9179696740679264
31.487389,32,2054.705913,True,False,False,2.696429944522835,2.6527654069976903
42.445892,59,2055.475026,True,False,False,5.477771778722046,5.00271706160398
30.659874,30,2055.863305,True,False,False,2.429614790825459,2.4648385066439595
33.605886,34,2056.246401,True,False,False,3.1292376732993468,3.130875244007718
27.583123,24,2056.54921,True,False,False,2.7488473489264575,1.8588118011736312
39.836699,65,2057.428982,True,False,False,6.263334497827499,4.626807081431103
47.702237,70,2058.298988,True,False,False,6.704690260048298,5.949674626917705
35.775381,46,2058.773263,True,False,False,3.9822024298041176,3.6782721195749257
34.154497,58,2059.419961,True,False,False,4.272605759756487,3.4865640785892658
45.223441,74,2060.387226,True,False,False,6.420049291441321,5.5004526116962
37.07652,55,2061.123268,True,False,False,4.444691648306789,3.940661692002356
34.708825,46,2061.699179,True,False,False,3.690799316110447,3.4053217565448355
28.840103,29,2062.062444,True,False,False,2.0845195380454316,2.1941414182019376
25.108588,30,2062.463341,True,False,False,1.9256739638518006,1.5334757449502352
37.914604,40,2062.975991,True,False,False,4.100370810163413,3.9419101534830316
30.279404,37,2063.457026,True,False,False,3.6149994280173066,2.557841084652046
39.050579,59,2064.211492,True,False,False,4.666292618668307,4.313557062545048
26.656494,19,2064.453052,True,False,False,1.5542042282833384,1.629655844125743
40.103885,40,2064.968514,True,False,False,4.876040087691857,4.320941214539995
45.46781,44,2065.540684,True,False,False,5.4600672599236315,5.411131825012148
37.689413,39,2066.030195,True,False,False,4.223284477803051,3.9535680320472735
43.223848,67,2066.815804,True,False,False,5.716787038005871,5.064692795922683
42.697939,62,2067.551746,True,False,False,5.05099367079175,4.934033983066029
26.130685,17,2067.739494,True,False,False,1.423597411698855,1.5818684871222446
45.200845,82,2068.756774,True,False,False,6.322991953632716,5.634047170695414
34.852019,24,2069.069134,True,False,False,3.3929290102652394,3.263585796482189
36.388744,62,2069.856205,True,False,False,4.815576712358688,3.8576468753653037
40.965567,117,2071.186993,True,False,False,7.192061320902445,5.5479828386550825
37.820012,124,2072.556672,True,False,False,6.104282834980973,4.745285933082492
36.304825,46,2073.127218,True,False,False,5.150615761951155,3.817110166751684
40.592992,64,2073.943842,True,False,False,5.605359838462367,4.952384112367864
27.630193,16,2074.120442,True,False,False,1.6585661462190324,1.8638573694882117
-11.001648,35,2074.486686,False,True,False,3.033790087141683,3.902955109439033
36.36082,45,2074.937074,True,False,False,4.302196024918497,3.8275524533432845
36.396627,43,2075.402673,True,False,False,4.005028192069973,3.674552472688419
42.673246,78,2076.390887,True,False,False,5.525384470365834,5.220405311925146
43.135037,57,2077.09155,True,False,False,5.804158610580325,5.136415537170865
33.169205,29,2077.46358,True,False,False,2.9081500070593385,2.9083896532961564
29.53527,62,2078.241696,True,False,False,5.373451227393194,2.7651669000395107
27.052731,66,2079.077841,True,False,False,5.693926831144682,2.4997136805122016
37.987096,39,2079.560556,True,False,False,4.255288596542944,3.8914018614326147
37.360615,54,2080.269593,True,False,False,4.179522477036832,4.03577434018195
41.060265,38,2080.704618,True,False,False,5.126292931733,4.588258420988224
48.929774,81,2081.674527,True,False,False,6.971492383664628,6.245985284558838
30.434367,36,2082.092919,True,False,False,3.5117154639844457,2.6300181569764125
31.7828,33,2082.475504,True,False,False,3.3317160867899385,2.8155876703839406
41.684515,68,2083.301454,True,False,False,5.3110082231996145,4.847503076857739
30.705034,34,2083.722407,True,False,False,3.3492573719251406,2.63507846911205
26.12302,20,2083.975989,True,False,False,1.5655518939622992,1.5684426586497668
29.308903,25,2084.321053,True,False,False,1.9628861833520768,2.2016075249857074
35.828122,41,2084.839385,True,False,False,3.8753843526264586,3.571922362700199
26.048942,18,2085.038,True,False,False,1.584887810296267,1.5310242432441281
26.880512,33,2085.464051,True,False,False,1.800579189798349,1.832128204629705
38.328115,28,2085.777667,True,False,False,3.8260074403929054,3.9018568048535953
54.664968,107,2089.794821,True,False,False,9.458228649709087,7.730382766119274
34.645361,24,2090.094518,True,False,False,3.36824594283226,3.168675920301472
32.560451,31,2090.457276,True,False,False,2.6839823517286265,2.892436610765648
28.989566,29,2090.792629,True,False,False,2.83318011035523,2.1991868757406046
31.21163,34,2091.209484,True,False,False,3.3921524204273497,2.73257931054498
41.483088,78,2092.169227,True,False,False,5.401657959705707,4.950669759346029
31.887392,32,2092.575279,True,False,False,2.7604791732422505,2.758183829935384
47.859093,51,2093.20845,True,False,False,6.169770104836583,5.9084239515865375
32.754037,33,2093.574477,True,False,False,2.7383564004155203,2.8144042179721462
54.685343,89,2094.646204,True,False,False,7.908125252917889,7.4680954944209095
39.40308,36,2095.056316,True,False,False,4.00092371041096,4.174165042934267
35.38057,46,2095.570237,True,False,False,4.329387198326286,3.538887046279464
45.273247,93,2096.570057,True,False,False,6.734406628453408,5.889448299621253
37.086883,34,2096.939857,True,False,False,4.06543637952388,3.7337953136457434
28.085362,19,2097.163037,True,False,False,2.118923614990794,1.9869055375433045
31.5082,43,2097.664126,True,False,False,4.117180051763156,2.93310847318916
30.940783,34,2098.048685,True,False,False,2.565988170634239,2.540049735906367
29.410274,32,2098.387557,True,False,False,2.382642569441694,2.2409627190802417
42.46837,139,2100.012437,True,False,False,9.239120411356181,5.83439955113348
36.003951,46,2100.61044,True,False,False,4.233788936955098,3.6479190228488787
37.559306,66,2101.479617,True,False,False,5.453182210653164,4.204992266777336
49.085372,88,2102.309526,True,False,False,7.0469307470725955,6.296626680453509
30.962599,21,2102.56223,True,False,False,2.454922878623798,2.4670203942802633
29.864845,47,2103.12206,True,False,False,2.5880477829731885,2.5334411483907173
32.261093,60,2103.672061,True,False,False,5.260673131326721,3.175963686436634
36.14277,45,2104.187213,True,False,False,3.703342216431775,3.614725364714806
41.562718,39,2104.679964,True,False,False,4.749696992948948,4.594354586591016
34.098332,31,2105.070992,True,False,False,3.1410642684520584,3.2167677613111962
54.389072,55,2105.798833,True,False,False,7.918383715989836,7.173455653682882
30.57162,37,2106.247263,True,False,False,2.4117580680117903,2.510438017599079
39.56181,56,2106.907452,True,False,False,5.905809874439165,4.4583673502391346
36.118576,46,2107.507963,True,False,False,4.658374169703389,3.664840604130836
36.879778,64,2108.230651,True,False,False,4.359739279084498,3.9348101026081554
28.911831,29,2108.633008,True,False,False,2.1300333999730583,2.2062990917344143
47.881197,54,2109.301355,True,False,False,6.814708494738083,5.973125452848303
34.583963,53,2109.95311,True,False,False,3.91831204553274,3.4389522694492456
39.247917,73,2110.885407,True,False,False,5.451156943189585,4.5248177710768225
30.747142,25,2111.203861,True,False,False,2.6840864256284727,2.5825184011686857
35.981755,65,2111.988678,True,False,False,3.9778096629277977,3.81592737759767
38.111674,39,2112.488215,True,False,False,4.222129648405539,3.9876975711372986
26.092881,15,2112.660694,True,False,False,1.2606743131957683,1.5476973016242084
30.905176,37,2113.06584,True,False,False,2.637122068111779,2.603250324620044
38.398078,42,2113.563542,True,False,False,4.204006859282326,4.095821128096073
48.232279,76,2114.531679,True,False,False,6.4890636453111625,6.1820386835355725
26.984613,25,2114.873868,True,False,False,2.3505508000629103,1.8731727754094312
29.737874,27,2115.190677,True,False,False,2.284775280967933,2.3918862011642728
47.332022,79,2116.200689,True,False,False,8.59341979416265,6.0672794728382335
48.844043,85,2117.30636,True,False,False,7.4962189497122775,6.472918081008053
36.945205,44,2117.870798,True,False,False,4.299494212670809,3.8488428713630003
47.194267,64,2118.612374,True,False,False,8.398471743882189,5.955353822147917
31.8384,35,2119.05103,True,False,False,2.7890243440760103,2.7642897861016524
25.161977,34,2119.445512,True,False,False,1.5801426523397606,1.5753611368584746
33.240787,28,2119.720536,True,False,False,3.0443856828700184,2.9473094799931094
42.340453,54,2120.248348,True,False,False,5.84571267246704,5.001636405328142
28.229865,20,2120.499699,True,False,False,1.850250340697535,2.0069198540938635
34.239584,52,2121.185033,True,False,False,4.534842224404592,3.4399621485437484
33.147937,41,2121.705081,True,False,False,3.576338311520296,3.2387474768595754
-14.205918,34,2122.105748,False,True,False,1.616457753578332,3.988696517908097
38.192066,57,2122.795631,True,False,False,3.9529520260270763,4.079782619040009
46.00686,49,2123.322765,True,False,False,5.6281896472230155,5.510079296213637
24.399751,75,2124.315946,True,False,False,2.5913004443940313,1.9876383194030038
27.362913,21,2124.534162,True,False,False,1.6968041444009163,1.814408278804835
40.749207,60,2125.207769,True,False,False,6.506075286183331,4.761898097664624
28.502333,30,2125.540106,True,False,False,2.388796450171801,2.102731551180628
43.405495,34,2125.979919,True,False,False,4.83713254972061,4.898972908289454
36.249934,86,2126.974093,True,False,False,7.246694243655047,4.382884310098574
44.63421,51,2127.506597,True,False,False,5.9090300020643305,5.330749666313143
31.038967,21,2127.743257,True,False,False,2.28135505925306,2.4552345736065697
31.764117,33,2128.153936,True,False,False,2.650974628194167,2.7563529586412767
38.816535,88,2129.295536,True,False,False,5.095555756653242,4.524611785811302
38.065668,62,2130.072273,True,False,False,5.014896749480715,4.125454307466362
46.173555,95,2131.25014,True,False,False,6.345601757052681,5.909603068427457
28.992849,32,2131.651522,True,False,False,2.158385361752783,2.2167827644483387
30.095596,24,2131.962157,True,False,False,2.401045128640392,2.354813305992874
30.299696,28,2132.330561,True,False,False,2.487640424914773,2.397118257089653
42.455902,52,2133.004936,True,False,False,5.0750919141139725,4.811622953072628
25.986245,22,2133.292396,True,False,False,1.897077258186177,1.5986901841538614
32.93065,36,2133.753664,True,False,False,2.928578073442231,2.933165296137101
49.349448,87,2134.799268,True,False,False,8.10145571414013,6.4810650614417495
42.36034,70,2135.662987,True,False,False,5.4887600655072175,4.8789867599875185
27.585706,38,2136.089609,True,False,False,3.1637877869334305,2.171770224954217
31.957734,36,2136.554685,True,False,False,2.7472965544615793,2.796166049080534
47.053351,65,2137.380329,True,False,False,6.847728208475347,5.931931415181305
27.713787,42,2137.929757,True,False,False,3.942996741325946,2.294582013405099
28.13161,36,2138.408407,True,False,False,2.4905184594969363,2.0994840546826845
46.410257,46,2138.947817,True,False,False,6.264848867132467,5.568838330475976
42.27131,63,2139.762558,True,False,False,5.628783169825105,4.7862392343997575
26.794901,18,2140.000173,True,False,False,1.5012721928752817,1.63493187271592
37.467943,54,2140.686575,True,False,False,4.126260103767351,3.969657370743352
43.847416,55,2141.394691,True,False,False,7.201913896660522,5.289756024043721
37.592682,49,2141.90953,True,False,False,4.559465768358741,4.0294350002450114
38.341152,49,2142.501115,True,False,False,4.818683685645045,4.181175228744289
48.921007,76,2143.471763,True,False,False,6.717525638236224,6.353950144084043
33.995724,44,2144.054492,True,False,False,3.520444469617123,3.302685915137246
29.84097,19,2144.303084,True,False,False,2.225293278740888,2.297410139624906
42.811862,46,2144.86585,True,False,False,5.017794852497757,4.830215554219895
43.428241,76,2145.840039,True,False,False,5.451095830505049,5.233595100349305
36.844981,40,2146.337079,True,False,False,4.615666456635516,3.9281646872889247
27.133763,15,2146.507857,True,False,False,1.7469099130215502,1.7768370485617326
36.358358,45,2147.10902,True,False,False,3.967518386580661,3.693222099501586
32.757304,27,2147.445253,True,False,False,2.9597083479189563,2.8614667218242653
33.759125,44,2148.000578,True,False,False,3.722554876337537,3.2927066020449356
38.770438,45,2148.57338,True,False,False,4.135440667865857,4.133353251722496
49.351846,65,2149.384003,True,False,False,6.891836661690019,6.302055275078746
27.898528,37,2149.868897,True,False,False,2.4264935551226436,2.0563407226472474
39.901531,68,2150.755508,True,False,False,5.59626704136126,4.589425849217451
46.748931,72,2151.690517,True,False,False,6.2122596154202965,5.837315631816632
29.943337,22,2151.957175,True,False,False,2.3360415406651196,2.3451360724427204
-18.082309,9,2152.057994,False,True,False,0.5693982331956879,2.9218585176334604
38.074657,51,2152.727892,True,False,False,5.569381262113322,4.146381153521943
54.005427,103,2154.030224,True,False,False,8.212864634712657,7.490838799915415
32.45692,26,2154.342818,True,False,False,3.071449532792552,2.8550769184736873
28.985908,22,2154.571516,True,False,False,2.105668796514337,2.126386669152601
45.446982,83,2155.402318,True,False,False,6.2815136566661,5.635057157982314
39.797953,53,2156.000454,True,False,False,4.589988835299613,4.457708732272493
48.16658,82,2156.977247,True,False,False,6.340447560784047,6.174412300054524
28.4143,46,2157.511615,True,False,False,3.0853654444718663,2.3377700716776
46.965571,72,2158.368175,True,False,False,6.528717731682041,5.924781268278227
30.502898,29,2158.781826,True,False,False,2.374728337751666,2.4529656356358305
45.552737,106,2160.038705,True,False,False,7.79566887387294,6.2375014355774985
47.395531,57,2160.729197,True,False,False,6.328901415821272,5.913524777305603
26.254797,20,2160.971176,True,False,False,1.422453074135224,1.6332384921080811
36.536536,36,2161.355808,True,False,False,3.6888416766465335,3.6574629973661703
35.58867,29,2161.758367,True,False,False,3.2377913029069707,3.4323001228302163
-4.29237,61,2162.478891,False,True,False,5.165429736482327,4.6958777732791495
33.733524,53,2162.964928,True,False,False,3.662532688970136,3.2499167419800625
31.868587,29,2163.228261,True,False,False,3.0080309444040068,2.8149019234840784
32.473863,51,2163.817252,True,False,False,3.2703578326525133,3.066237847174126
46.236798,76,2164.679311,True,False,False,6.866003436691775,5.988241506814012
46.753039,61,2165.455884,True,False,False,6.09582774623201,5.745018091481567
45.407195,84,2166.483678,True,False,False,6.212490925235593,5.785469214492811
45.250048,65,2167.128657,True,False,False,5.719012580613358,5.467938822106477
30.868325,39,2167.501319,True,False,False,3.0558173458515876,2.642029898932868
45.239329,62,2168.172945,True,False,False,6.101951690177916,5.471891893441626
50.075945,77,2169.062261,True,False,False,7.1885422431782855,6.627758073940654
34.122128,29,2169.399483,True,False,False,2.9882087238776536,3.1206380272781766
50.226073,84,2170.397615,True,False,False,6.442687706613992,6.519741670023586
26.378069,18,2170.590033,True,False,False,1.3833230277338688,1.6369553603011195
29.627927,37,2171.083402,True,False,False,2.7778993044955156,2.4280921244001603
40.58654,78,2172.009834,True,False,False,5.32971474746747,4.887254085919313
41.094848,52,2172.530278,True,False,False,5.910798813129797,4.674289596380044
37.352349,38,2172.964168,True,False,False,4.672719532918585,3.85885818007295
27.821425,35,2173.354192,True,False,False,2.246679983299409,2.069304373010911
35.809978,28,2173.645973,True,False,False,3.2822300009356997,3.360155318131852
35.554624,50,2174.177058,True,False,False,4.274814247919027,3.7030777510217687
41.826703,52,2174.744795,True,False,False,5.5002013444148155,4.833636217285706
45.326374,89,2175.872184,True,False,False,7.165321340949368,5.8065459300313815
40.254171,37,2176.300849,True,False,False,4.446998750961537,4.3474025584050375
36.624182,45,2176.796858,True,False,False,3.6861124164233336,3.6607378005603817
45.109243,111,2177.968176,True,False,False,6.815236396612572,6.008118782036791
26.868315,25,2178.256869,True,False,False,1.6173354789888468,1.7529757969761097
26.403253,16,2178.424258,True,False,False,1.5102094435571907,1.5342113103692678
27.989283,14,2178.59937,True,False,False,1.7462037833174981,1.8302759003932907
33.954303,31,2178.965904,True,False,False,3.2423591758760404,3.130306263120784
27.525812,21,2179.193038,True,False,False,1.7809910820119157,1.880620319901476
44.644335,46,2179.734574,True,False,False,5.87505340016078,5.225718926516701
-18.363621,9,2179.821506,False,True,False,0.5589593647958733,2.2732942031201326
35.04441,47,2180.395858,True,False,False,3.7335151054278146,3.5114843108166554
43.161565,84,2181.358096,True,False,False,6.5154384816253454,5.378736686295541
27.027705,19,2181.572913,True,False,False,1.6203395996017191,1.7041909638024892
42.685933,74,2182.371328,True,False,False,5.083723260259586,5.1206909038084705
44.316335,53,2183.043558,True,False,False,5.359451025949703,5.214895751212129
35.180973,32,2183.401571,True,False,False,3.266153429585415,3.354653456822776
38.67581,61,2184.02629,True,False,False,4.6329351438040165,4.295306284600099
39.803686,81,2184.988141,True,False,False,6.136402987589983,4.981659297879269
35.865082,50,2185.55547,True,False,False,4.473531589986253,3.7231302033171496
39.803426,66,2186.274119,True,False,False,5.581988271506376,4.646778502587716
41.180402,70,2187.074168,True,False,False,6.397277420648328,4.959942729385684
35.707469,49,2187.652112,True,False,False,4.585124797948221,3.6474426654177994
35.507382,51,2188.342684,True,False,False,4.33355212186419,3.622393371119743
26.568988,14,2188.538476,True,False,False,1.5836433061967716,1.646506683559316
35.303452,54,2189.226917,True,False,False,4.879492348990523,3.9216570800279023
34.060011,46,2189.77746,True,False,False,4.627298440840171,3.3842779675963395
39.74162,54,2190.443677,True,False,False,4.823304424978319,4.33743423994232
46.549942,72,2191.240572,True,False,False,6.0386661184707835,5.706838379988917
26.624497,18,2191.439272,True,False,False,1.8714231932193293,1.6676134470868005
38.631672,51,2192.051305,True,False,False,4.198541792829441,4.216200839365363
34.658462,35,2192.498464,True,False,False,3.261191637466193,3.342319497175178
30.692296,36,2192.984596,True,False,False,3.67270319472537,2.709065528389234
39.442883,50,2193.652623,True,False,False,5.058201058950023,4.279165616440629
29.037785,35,2194.076491,True,False,False,2.2975902670369566,2.2508784648139866
30.626462,49,2194.715533,True,False,False,3.9020794612638876,2.8029239305538476
44.69155,70,2195.584683,True,False,False,7.914712652312488,5.582394219324971
41.858655,62,2196.333966,True,False,False,5.388485887214757,4.872196498639528
45.148042,68,2197.072382,True,False,False,6.74105685210358,5.564492951876016
47.330431,74,2198.028943,True,False,False,7.272388975849975,6.113694279577972
41.040177,55,2198.586875,True,False,False,4.793136059479142,4.69333196325331
53.202438,67,2199.383248,True,False,False,7.459532282960524,7.205521406805823
39.441686,36,2199.770373,True,False,False,4.281492542733375,4.157406180161675
26.666873,23,2200.050864,True,False,False,1.5921224653031638,1.7454145981383449
51.573773,66,2200.961434,True,False,False,7.4682678107857345,6.748845021002667
38.069728,46,2201.596389,True,False,False,4.354363521037474,4.203876139235641
46.455093,80,2202.51102,True,False,False,6.5439963889513155,5.847287772275727
30.214408,26,2202.839412,True,False,False,2.3318431248267064,2.444369967209236
31.03803,43,2203.355103,True,False,False,3.0336761894291664,2.564042025104988
34.209403,49,2203.780529,True,False,False,5.170644154110114,3.596383554320431
45.502629,86,2204.513608,True,False,False,6.381772369286275,5.756486200718282
-18.238373,11,2204.618994,False,True,False,0.6760679453662651,2.2394801177973096
28.110657,37,2204.966056,True,False,False,2.3232713446376407,2.1566065345040966
38.624167,39,2205.44747,True,False,False,4.191688657365702,4.06446673291731
48.305799,72,2206.193763,True,False,False,7.070922259945531,6.261072923929121
29.260349,37,2206.583691,True,False,False,2.978701869592648,2.3198076036396515
41.653737,78,2207.478987,True,False,False,5.9260192471373605,5.088286598977747
40.542944,55,2211.034187,True,False,False,4.396511645823556,4.485185704228595
28.778597,49,2211.574138,True,False,False,3.0415072975933137,2.4726047661503396
38.60724,88,2212.505503,True,False,False,4.9442403105262445,4.511101178722977
30.552715,38,2212.833788,True,False,False,2.795266078203972,2.7916365122181106
37.601991,50,2213.273159,True,False,False,4.34385532856103,4.014436544253847
35.320588,54,2213.732005,True,False,False,4.588817954315239,3.752263650058085
25.953401,40,2214.075502,True,False,False,1.8468572682467055,1.7225361807273085
27.411306,33,2214.372901,True,False,False,1.9421657700736266,1.9618085710211837
30.875971,39,2214.857447,True,False,False,2.6291172505207907,2.6414900161309554
35.65002,38,2215.338475,True,False,False,3.573239218008274,3.488511410695587
41.113341,54,2215.992876,True,False,False,4.8434503532051,4.577317066029905
28.253438,14,2216.169353,True,False,False,1.6945709781970808,1.933964654217799
31.341596,24,2216.39252,True,False,False,2.478860873954636,2.6239303184913534
31.138499,42,2216.951927,True,False,False,2.8400372548008352,2.6838995924875375
36.925099,61,2217.685651,True,False,False,3.8610185271701867,3.850710428001654
42.492226,51,2218.182611,True,False,False,5.462788705912972,4.90396717116609
45.686853,72,2219.025777,True,False,False,6.045293052700193,5.578742551374423
39.238977,65,2219.816983,True,False,False,4.41532998390574,4.401051390499408
45.051191,76,2220.755745,True,False,False,6.867485180572571,5.790457705492004
38.037888,40,2221.202187,True,False,False,4.16088038026331,3.974075221154918
38.760023,60,2221.958623,True,False,False,4.603644422255168,4.334178442502516
37.534699,60,2222.669385,True,False,False,3.9550343492613873,4.021187651197591
30.101975,49,2223.326284,True,False,False,3.640207360770158,2.670634968796343
35.406975,36,2223.800382,True,False,False,3.606272764805017,3.570816795231293
35.617739,47,2224.323469,True,False,False,4.290389467331866,3.613743299334409
28.169869,41,2224.844817,True,False,False,2.6010505000027964,2.2201899537933794
37.129864,46,2225.343584,True,False,False,4.02868467632201,3.8494158023918423
36.04956,53,2225.895987,True,False,False,3.734768888271845,3.6702432532372757
36.695171,39,2226.357579,True,False,False,3.8927186962629756,3.78612133154084
42.292227,57,2227.087915,True,False,False,4.995703398390425,4.884385594231705
43.292911,108,2228.335809,True,False,False,7.055826659850476,5.744634499145891
31.07411,43,2228.723991,True,False,False,2.919617403896715,2.6705224982903233
32.120946,26,2229.0188,True,False,False,2.8435464089995843,2.7752506611186223
41.861882,68,2229.824197,True,False,False,5.36667207873255,4.94100780280246
44.789696,41,2230.306992,True,False,False,5.384620108052629,5.301829778098862
33.462837,30,2230.707906,True,False,False,3.5610136623336173,3.063399979443202
34.335692,36,2231.206889,True,False,False,2.988775593659099,3.2048563220417043
41.507836,68,2232.043293,True,False,False,5.4153304503499715,4.771277306893955
36.541384,60,2232.773838,True,False,False,4.317001511581459,4.126897713050066
45.00338,77,2233.60813,True,False,False,6.999418928463404,5.558483493938071
38.776312,71,2234.494829,True,False,False,5.027001504954003,4.404803479129657
40.031263,35,2234.916485,True,False,False,4.54099681369995,4.34787792782009
36.58282,43,2235.497895,True,False,False,3.7468593603618046,3.6580316748324133
28.247301,21,2235.771741,True,False,False,1.781724887692565,1.9160718573745614
30.567948,31,2236.085373,True,False,False,2.58818040203608,2.4626967641923887
30.205233,28,2236.372326,True,False,False,2.4542149158353537,2.3730425424642365
32.880198,58,2237.097844,True,False,False,3.489404423078437,3.208830487361172
28.88855,18,2237.317268,True,False,False,1.9399359518184776,2.092499210859658
40.235129,69,2238.187811,True,False,False,6.013862861670852,4.713900145765484
30.53583,31,2238.618105,True,False,False,2.4115422765874954,2.493802694355968
41.85977,58,2239.404364,True,False,False,5.791235470997131,4.90021378136289
39.196191,85,2240.373832,True,False,False,5.508963065263754,4.559613084854044
27.673424,22,2240.66084,True,False,False,1.9986188822726378,1.8648353515802092
43.67133,97,2241.913215,True,False,False,5.996100641709595,5.554147488995988
46.575315,73,2242.735971,True,False,False,7.3876207242940515,5.881084657558045
36.740705,37,2243.116973,True,False,False,3.774148074790461,3.7563326975038156
39.264119,46,2243.531617,True,False,False,5.033468471238029,4.234136417754743
32.031216,37,2243.8595,True,False,False,2.9218400995230414,2.916517752476708
31.674957,49,2244.387658,True,False,False,2.8403273183923265,2.9248054883409718
38.63224,58,2245.055688,True,False,False,4.581452880719412,4.225200478984004
41.521992,48,2245.619812,True,False,False,4.8873727557972995,4.733767988336845
45.507342,106,2247.039984,True,False,False,6.3516107220154865,5.924583330340009
43.836311,96,2248.280668,True,False,False,6.309580925005927,5.642895352309335
29.562664,23,2248.554422,True,False,False,2.158747562162885,2.29686707362228
50.113345,62,2249.309226,True,False,False,8.019160056499356,6.636640390863806
49.244885,83,2250.231245,True,False,False,7.182132682372057,6.340687817143957
30.050264,28,2250.57274,True,False,False,2.1887360391060215,2.3155275280712715
26.001954,25,2250.887189,True,False,False,1.3513457704522316,1.6026602261840688
36.121372,58,2251.636047,True,False,False,3.717151411769209,3.741488738569845
36.573022,24,2251.940278,True,False,False,3.429005753537122,3.5617192771367683
31.505921,25,2252.25387,True,False,False,2.3776902167307377,2.5984670018853486
30.727429,30,2252.537443,True,False,False,2.489110496109029,2.4386308196943873
36.044589,52,2253.042355,True,False,False,3.915820016996067,3.7795701591986837
32.378333,32,2253.337157,True,False,False,2.5960629804345383,2.7824254657298364
34.996721,53,2253.976318,True,False,False,4.849964362314843,3.5972057563659123
46.52258,57,2254.713618,True,False,False,6.66689800618733,5.7238002713892415
44.049913,68,2255.561119,True,False,False,7.0684768105575975,5.332634108750272
31.200389,43,2256.123216,True,False,False,3.229616420092717,2.7446501346258048
50.168923,64,2256.934264,True,False,False,6.968189490696528,6.5071269082520535
44.434846,68,2257.739786,True,False,False,5.666992983026365,5.4687343956803
29.520172,24,2258.046884,True,False,False,2.1300721231668516,2.278071238339311
45.818387,81,2259.156495,True,False,False,6.0708794269934545,5.666697109106528
42.411064,57,2259.9103,True,False,False,5.2940101196426665,4.907769929856547
38.721827,48,2260.517844,True,False,False,4.8699025213812845,4.223916795975702
49.036093,90,2261.693551,True,False,False,7.682994867515468,6.6617598619099905
38.928171,43,2262.220558,True,False,False,4.250828404201873,4.217195461188642
30.508404,49,2262.743565,True,False,False,3.078883800847642,2.6917979312431957
36.3508,39,2263.234975,True,False,False,3.7756278193136183,3.6973853751154855
30.264031,23,2263.527184,True,False,False,3.100658463882791,2.3865485948875724
36.186683,63,2264.246157,True,False,False,5.594271398336791,4.003085560631649
34.133333,47,2264.731213,True,False,False,3.4795738626186017,3.3499884107202367
27.456771,19,2264.971726,True,False,False,1.5515050715956826,1.788117205133417
34.80353,46,2265.537999,True,False,False,3.48830559611229,3.346798043703051
36.078875,45,2266.017685,True,False,False,4.039809699903416,3.6812752708428107
27.430385,25,2266.305503,True,False,False,2.1518102814824176,1.9056557471644846
48.308588,91,2267.429602,True,False,False,6.3738871655911415,6.172681710714275
26.253748,22,2267.631927,True,False,False,2.1233212154615404,1.640231668005766
43.260418,45,2268.13505,True,False,False,5.15080111174593,4.961581183533762
10.110073,114,2269.458421,False,True,False,9.702623445312186,7.483383857399605
31.030805,18,2269.676976,True,False,False,2.25062959002259,2.4091589965404125
36.659152,35,2270.122587,True,False,False,3.6502728826210427,3.7011866354614793
37.127657,40,2270.578086,True,False,False,4.413535596949049,3.8440360676335206
27.86096,31,2270.953668,True,False,False,1.7340744789297735,1.9984826860624492
34.912924,36,2271.279367,True,False,False,3.617264130632932,3.3354798431011368
37.303061,53,2271.74107,True,False,False,4.244512145040295,3.905009645827089
33.092701,27,2272.037814,True,False,False,2.9849259434543156,2.9579780389943258
28.105128,21,2272.255557,True,False,False,1.915708978620873,2.009013401298576
39.268753,77,2273.244566,True,False,False,6.31991102610039,4.475891847342349
-15.749252,14,2273.424283,False,True,False,1.1983448889709865,7.3166031305741015
33.01596,36,2273.894774,True,False,False,2.856406588720699,2.947075956108037
29.902559,31,2274.275611,True,False,False,2.519269695211678,2.4238586992953772
44.207391,60,2275.055837,True,False,False,5.087435936151704,5.17264595590557
45.942505,103,2276.429413,True,False,False,7.483032958853999,6.0691158876702955
27.860681,52,2277.060448,True,False,False,3.7188693554790655,2.3056203916372326
35.726162,46,2277.625333,True,False,False,3.436913666148425,3.510243420700483
45.711499,60,2278.412144,True,False,False,7.692011512055979,5.6174020066189145
50.157037,99,2279.709191,True,False,False,8.10263588996164,6.908795524922939
41.535519,60,2280.49856,True,False,False,4.805486394964046,4.807110116442669
41.896104,59,2281.27964,True,False,False,5.782768081751452,4.896814743416767
29.19979,31,2281.650243,True,False,False,2.650962206118265,2.3077263750172765
34.841136,43,2282.163478,True,False,False,3.877920439069304,3.512663153616685
37.963603,42,2282.694061,True,False,False,4.353174441459552,3.954959529732612
44.788152,82,2283.540166,True,False,False,6.2620845731853825,5.9994972521309355
34.80602,47,2284.145306,True,False,False,4.194432196192073,3.458049951490005
30.019881,36,2284.604028,True,False,False,2.661170819388378,2.4445811282445056
32.287159,52,2285.220615,True,False,False,6.213539713807092,3.1440041594583596
35.099073,64,2285.971993,True,False,False,5.67726670155169,3.8315082605665878
40.535041,36,2286.401479,True,False,False,4.393725009653819,4.358250248051811
30.178164,26,2286.687101,True,False,False,2.596635676280488,2.301627004698114
28.080377,41,2287.15343,True,False,False,2.2639142541265107,2.152109145487132
43.588063,72,2288.007404,True,False,False,6.712755640640687,5.432080813184456
29.422468,22,2288.296518,True,False,False,2.124448824696999,2.244073353834808
41.49172,47,2288.905858,True,False,False,4.7289606755151805,4.699184867018649
27.639184,51,2289.513241,True,False,False,3.832648886481052,2.1600340497034938
29.222553,69,2290.335629,True,False,False,4.308763459839418,2.8572004943571665
36.453987,35,2290.807902,True,False,False,3.4663802403298485,3.6268446205651044
31.002581,48,2291.437074,True,False,False,5.138361039998108,2.8748781597581043
44.496206,53,2292.097488,True,False,False,5.831663010546811,5.288126021356621
34.091252,49,2292.754196,True,False,False,3.6539180978870367,3.3705625012501503
44.6369,62,2293.510234,True,False,False,5.501942510704914,5.2788269537914765
34.453235,43,2293.929622,True,False,False,3.2821378033912767,3.3141725176128163
33.074043,26,2294.185062,True,False,False,2.7213723053977246,2.887870255479346
44.202287,56,2294.90696,True,False,False,5.418928730371654,5.290682591948878
39.877946,43,2295.482419,True,False,False,4.777750245247273,4.237457481178677
28.376771,53,2296.164898,True,False,False,3.2733311875441875,2.4125137349583725
45.377934,57,2296.876798,True,False,False,5.593261131118463,5.486957089743834
28.002142,20,2297.121339,True,False,False,1.7062501468071167,1.91587661729877
45.493245,63,2297.875528,True,False,False,6.275251761876102,5.6210151212269315
37.389056,83,2298.90301,True,False,False,5.527723207787165,4.269574418139627
30.684296,22,2299.164717,True,False,False,2.280911288424405,2.4917638251686447
31.876595,29,2299.495724,True,False,False,2.690154655408238,2.7005356433663184
35.387894,55,2300.213773,True,False,False,3.7571175471651195,3.591106499972925
53.361117,84,2301.265574,True,False,False,7.809748789634989,7.159206825219966
36.895891,53,2301.912576,True,False,False,3.753111323889426,3.9019788048654256
28.511701,42,2302.442684,True,False,False,2.385060414729885,2.234946553208235
26.124843,33,2302.798134,True,False,False,3.112595893385478,1.8135926038514456
46.303695,90,2303.864331,True,False,False,6.639671551416876,5.8862595517937555
33.859566,36,2304.323292,True,False,False,3.1663985210303753,3.069849443007575
28.60936,27,2304.658954,True,False,False,2.099857588577599,2.037840337722129
33.900424,44,2305.192551,True,False,False,3.950521043160491,3.215864858517151
39.0804,74,2305.976875,True,False,False,4.418762319504074,4.350430249041705
44.278591,74,2306.882468,True,False,False,5.384748606799517,5.295432675987662
33.679377,46,2307.392689,True,False,False,3.989306179397464,3.293591285521402
37.963877,57,2308.012575,True,False,False,4.879417541248799,4.231211869864337
36.493164,36,2308.443023,True,False,False,3.502286337933952,3.6358701030098644
29.148373,22,2308.723435,True,False,False,1.9583497694300116,2.152755675239776
29.716979,21,2308.978382,True,False,False,2.1546338684392192,2.2602875301468863
36.678378,47,2309.511347,True,False,False,3.74685694345507,3.6957078828491583
34.608322,31,2309.820009,True,False,False,3.8306136083930045,3.3225780919396604
47.727002,71,2310.591397,True,False,False,6.790377694904609,6.0769826173968395
26.599755,26,2310.864791,True,False,False,1.9432937879387515,1.8128812339559557
35.26769,53,2311.429684,True,False,False,4.498173956427439,3.6621045217261776
49.259593,83,2312.335956,True,False,False,7.36345661704363,6.579464072094502
42.574236,96,2313.419593,True,False,False,6.299968820297327,5.339031830175621
28.423615,28,2313.758829,True,False,False,1.9453832020766941,2.0487695513753836
25.875095,27,2314.075111,True,False,False,1.5428379786823405,1.678749568064912
41.66839,76,2314.899661,True,False,False,5.173999278648809,4.920874743272299
37.361312,61,2315.596359,True,False,False,4.634586122990374,4.0858641104547715
40.582893,38,2316.031183,True,False,False,4.38544613256208,4.461206608398764
46.871314,90,2317.178339,True,False,False,6.36711557903167,5.945947474982413
35.404967,53,2317.830997,True,False,False,4.5298088212064656,3.7177380548444905
29.647852,34,2318.269387,True,False,False,2.4593217848850237,2.4576046743555415
30.614558,23,2318.52912,True,False,False,2.4123499245090367,2.4279245962858322
44.702221,79,2319.473332,True,False,False,6.535689218777664,5.530164256149349
34.984879,23,2319.777763,True,False,False,3.3656032071026583,3.2820497245054137
42.748894,42,2320.296618,True,False,False,4.619822127709792,4.79061814091353
27.241743,22,2320.541578,True,False,False,1.7823129276477059,1.8262841084299464
29.295969,32,2320.927831,True,False,False,2.3689604939228666,2.2272708910027483
32.812908,44,2321.464216,True,False,False,2.9946472202593157,3.029935299949043
32.679028,33,2321.863297,True,False,False,2.6788700382850723,2.9305574303295567
34.881545,57,2322.558628,True,False,False,4.610652610753031,3.778361178603782
45.257754,52,2323.077172,True,False,False,5.5481160019222475,5.413457386692109
33.658888,51,2323.771749,True,False,False,3.6873116154419527,3.268515468942346
40.624098,50,2324.44985,True,False,False,5.510505752257713,4.597821385566905
47.62205,59,2325.17119,True,False,False,6.499224026566761,5.944442964864589
35.95097,52,2325.631439,True,False,False,4.10116791795324,3.6853224053745826
32.413933,44,2326.060067,True,False,False,2.8036479964827237,2.8690010984852705
47.537843,64,2326.61027,True,False,False,6.635721202758569,5.921113641916202
31.066715,75,2327.434648,True,False,False,4.0396823271626925,3.0506650260032355
36.838444,30,2327.808805,True,False,False,3.5251652958168687,3.6661875188872113
38.129742,39,2328.298776,True,False,False,3.9697709390786833,3.9517305640798916
38.163825,68,2331.885451,True,False,False,4.937988544442704,4.464081924865981
32.309921,23,2332.161015,True,False,False,2.505161670610223,2.7704383595860045
31.306407,49,2332.738001,True,False,False,2.816167734662749,2.7873214917140943
33.562332,31,2333.069662,True,False,False,3.2606507466840635,3.0582063509120663
32.509319,44,2333.601385,True,False,False,4.2330396125562135,3.0218462487063826
46.362716,91,2334.659513,True,False,False,6.4229005817812475,5.953793083433036
47.374876,61,2335.431641,True,False,False,7.12482447923786,5.96917010297175
26.748383,29,2335.816794,True,False,False,1.5394999374990992,1.743640858841431
38.323124,55,2336.510004,True,False,False,5.420588342119431,4.201154675755261
39.410895,74,2337.442313,True,False,False,5.46857027340777,4.527004446286159
42.651609,66,2338.226143,True,False,False,5.805711022017655,5.1272855479218435
31.527382,40,2338.741288,True,False,False,2.690309797248288,2.7607447981293185
39.715441,54,2339.422082,True,False,False,5.434639791845461,4.378557833921082
26.40463,43,2339.941667,True,False,False,2.629433278423506,1.867632301193249
27.529737,12,2340.076544,True,False,False,1.6140798106216423,1.8284903760654263
43.44431,69,2340.907009,True,False,False,6.384275436475879,5.315956516824949
26.993869,16,2341.091559,True,False,False,1.5170268034190828,1.7500907984979366
32.031423,37,2341.556086,True,False,False,3.9893343096373526,2.879835247505267
32.399909,57,2342.292979,True,False,False,4.230464418581913,3.1428288626254184
28.241563,30,2342.694662,True,False,False,1.8802320884715285,2.088678416826958
37.223591,57,2343.446985,True,False,False,3.888684698154602,3.9096982399876654
42.343743,70,2344.347172,True,False,False,8.133675126509274,5.263799406784026
26.448705,16,2344.552463,True,False,False,1.4156039825045221,1.6113967151543898
37.861033,48,2345.180321,True,False,False,3.8169676652567768,3.9015698217034145
27.374192,23,2345.433124,True,False,False,1.6174783705646074,1.8411963598583585
34.698425,30,2345.793208,True,False,False,3.2054681967435825,3.232235519754919
30.278029,36,2346.22579,True,False,False,2.6425689169147732,2.6338900875035858
48.57235,108,2347.622105,True,False,False,6.6576485378227765,6.477430449473374
41.8846,95,2348.905604,True,False,False,6.045491577380398,5.195415647720697
29.034472,25,2349.149013,True,False,False,1.9785605742818337,2.1512419947399235
33.627367,39,2349.669668,True,False,False,3.1330567443274364,3.1222079452523723
38.682165,75,2350.624074,True,False,False,5.613651620259155,4.341523043223242
38.085103,39,2351.093349,True,False,False,3.982134902303043,3.999087037252242
34.200335,38,2351.554029,True,False,False,3.969000799147714,3.300608895538388
33.302951,40,2352.061226,True,False,False,3.3120847412437353,3.0510956226772987
47.368072,119,2353.588506,True,False,False,6.59920555625511,6.354243851405001
32.505956,42,2354.114541,True,False,False,3.0718193994043164,3.019410287003476
39.849538,54,2354.709856,True,False,False,5.902267354184965,4.5058803404283445
30.84143,42,2355.161143,True,False,False,3.0564469716878255,2.7234149554053455
38.571299,58,2355.817673,True,False,False,4.721051349552767,4.205980133775701
34.693213,72,2356.759622,True,False,False,4.117612654048079,3.781759257806299
32.538533,40,2357.269152,True,False,False,4.527496607046119,3.00250125959858
40.200267,83,2358.377093,True,False,False,5.600725524412638,4.691462848461208
36.55856,28,2358.747736,True,False,False,3.538703234602419,3.5568778061377206
39.006155,50,2359.360386,True,False,False,4.32497198830389,4.2286289217571325
38.811299,62,2360.09906,True,False,False,4.701364526836181,4.351593231661312
35.745709,62,2360.857264,True,False,False,6.203471537179824,3.867786376067685
34.86242,31,2361.257607,True,False,False,3.5782956755950766,3.290453731246996
39.35768,81,2362.331613,True,False,False,5.329289580524213,4.644710550102701
38.643018,60,2363.118763,True,False,False,4.675860085572948,4.241095623339446
36.705703,40,2363.618639,True,False,False,4.215069417432169,3.7774583149650143
34.446097,61,2364.399295,True,False,False,4.030221489307561,3.5650610859406004
34.47526,28,2364.755199,True,False,False,3.4055377264698277,3.253607153787831
28.51371,39,2365.248208,True,False,False,2.8376240264625077,2.207406315019547
43.457174,67,2366.106793,True,False,False,6.318211113464906,5.349473955481548
42.352496,97,2367.342007,True,False,False,6.2434845241731605,5.276583668074132
36.477482,83,2368.287042,True,False,False,5.792443144830107,4.344044439628899
28.561453,21,2368.565339,True,False,False,1.9717480496127209,2.050963328705515
48.395227,57,2369.277663,True,False,False,6.452223372399853,6.10333017510149
30.024203,27,2369.613625,True,False,False,2.75383389108398,2.358514146709679
30.721741,47,2370.196801,True,False,False,3.260058533070475,2.694266645735277
38.022591,39,2370.709294,True,False,False,4.48816385082114,4.029224303747592
30.09966,33,2371.124025,True,False,False,2.935112199926937,2.4951611564618412
44.351854,62,2371.932031,True,False,False,6.320794921236467,5.445753266128795
37.006362,89,2373.085294,True,False,False,5.16395133680579,4.314775075172154
35.892967,43,2373.592495,True,False,False,3.5296531599950756,3.594663517048114
43.344024,64,2374.391937,True,False,False,5.684868307296399,5.104482390238601
30.296246,41,2374.872268,True,False,False,4.790134105969923,2.6093034729148146
27.608032,27,2375.167511,True,False,False,1.8134723527774423,1.8966018666479696
38.244252,46,2375.704198,True,False,False,4.478726916455451,4.079644153395832
38.577787,50,2376.361359,True,False,False,4.352084636211431,4.220511624086204
27.532146,36,2376.82058,True,False,False,3.167875011650276,1.9966081472201125
-16.79495,12,2376.9768,False,True,False,0.8428084729969055,4.188233082225337
27.906757,30,2377.366194,True,False,False,2.390742867847026,2.0986478157898887
26.077638,17,2377.590619,True,False,False,1.416720913141218,1.5331862115195456
29.383491,42,2378.099167,True,False,False,3.078150976595453,2.42379583071448
32.19513,28,2378.442291,True,False,False,3.076949997994373,2.7507543578923754
30.539571,27,2378.788974,True,False,False,2.8760271944557156,2.467879770417701
33.882623,47,2379.396966,True,False,False,3.1876944112526306,3.240180244789323
52.8831,78,2380.396983,True,False,False,7.436258169378904,6.952958031671221
34.860765,42,2380.827459,True,False,False,3.799342006001982,3.3709190310241746
39.625795,37,2381.263836,True,False,False,4.608286598123132,4.285885193517692
44.316507,80,2382.303171,True,False,False,6.076783920549776,5.401098301102408
27.574751,26,2382.622075,True,False,False,2.6014081301068486,1.9789242953880744
27.037362,22,2382.871348,True,False,False,1.6506977650627956,1.7079674928511974
44.442216,46,2383.373941,True,False,False,5.869937230591679,5.202258546419818
25.592751,25,2383.667929,True,False,False,1.9754809248502612,1.6131774525269067
41.007342,76,2384.512107,True,False,False,6.172808319838984,4.922072204889558
44.52586,86,2385.639811,True,False,False,6.233003396406736,5.6966223540529155
23.930808,40,2386.171866,True,False,False,2.1017968592613325,1.5384013759465522
36.616387,47,2386.685403,True,False,False,4.640679325608004,3.8110824204570695
38.413692,57,2387.344671,True,False,False,5.08409126030635,4.319932946922909
37.558208,36,2387.807097,True,False,False,4.2228699734789386,3.855124375372878
36.405322,25,2388.116354,True,False,False,3.489027756460635,3.5746876280377333
32.491095,27,2388.478527,True,False,False,2.782124533438792,2.850428488481198
58.827378,112,2389.946965,True,False,False,9.17992120434382,8.198450367536445
29.186589,20,2390.207693,True,False,False,2.476763792309902,2.1632871138363234
31.376701,43,2390.758945,True,False,False,3.0356739453626638,2.7905546200461586
33.600995,27,2391.123885,True,False,False,3.177211114186316,3.0624196579688796
45.069106,59,2391.889148,True,False,False,6.179493839494046,5.568429062444698
37.750035,58,2392.642965,True,False,False,4.189095286251627,4.07442301758834
44.062601,50,2393.29801,True,False,False,5.212309139388845,5.249920051797404
39.707955,47,2393.885811,True,False,False,4.440733838154693,4.3806705647651905
28.449628,16,2394.106446,True,False,False,1.7605739500425088,1.9907250982152973
45.484804,69,2394.92211,True,False,False,6.9092480202235835,5.670973759376397
45.940915,55,2395.633826,True,False,False,6.1817567297460725,5.619924929468248
41.191319,51,2396.242675,True,False,False,5.699548551734054,4.604805752590427
28.196905,40,2396.717287,True,False,False,2.893209989654334,2.1202493141557857
48.35383,77,2397.715668,True,False,False,6.228807109866995,6.072419347849386
28.599639,24,2397.973744,True,False,False,2.135503583805956,2.130406230943804
48.764119,61,2398.753523,True,False,False,6.30871658902138,6.1845000421282235
36.424806,77,2399.781958,True,False,False,5.806997786634506,4.1018520342556215
35.507869,33,2400.214878,True,False,False,3.609327770687175,3.4053615923754004
36.635509,39,2400.734075,True,False,False,3.7158347993698646,3.6794852787789543
36.482884,54,2401.437371,True,False,False,6.506550910516105,4.0081334480989925
27.931999,30,2401.798134,True,False,False,1.908032115213426,2.0289493893888664
28.709104,24,2402.092589,True,False,False,1.837658980763094,2.1016057953955696
33.43539,29,2402.466317,True,False,False,2.8789241434073696,3.018526440052896
36.643346,47,2403.068349,True,False,False,5.367177982445207,3.8140704905836893
39.611817,73,2404.02669,True,False,False,5.343452804159161,4.590651057953432
39.164101,53,2404.571949,True,False,False,5.399925400283879,4.346990862686125
34.197033,35,2404.998075,True,False,False,3.5952838023527303,3.198711324499613
36.544197,28,2405.334329,True,False,False,3.5654933563361126,3.595970621105541
36.581902,52,2405.984267,True,False,False,4.470990613751812,3.8754919291910057
41.19026,49,2406.631427,True,False,False,4.963371126620036,4.687131467673636
32.324838,37,2407.073663,True,False,False,3.057438731558412,2.9600984074969525
40.405108,63,2407.884542,True,False,False,4.564459850028131,4.548861458478245
35.438948,33,2408.291631,True,False,False,4.120325867479487,3.41385420724166
44.071985,83,2409.343379,True,False,False,7.181502407792519,5.640362576097944
54.995347,76,2410.230919,True,False,False,8.10808608969958,7.51744704388709
49.450487,64,2411.042864,True,False,False,6.862634883132299,6.4909842305895324
26.112851,15,2411.214335,True,False,False,1.3839973409240478,1.543790842576646
39.783397,50,2411.829362,True,False,False,5.095371842916489,4.4586074453489175
42.682134,40,2412.359771,True,False,False,5.09287012805431,4.821351217455818
31.02238,29,2412.761174,True,False,False,2.9320444941374557,2.595222127527717
33.938454,30,2413.15064,True,False,False,3.119966094486087,3.127038438354438
42.533677,67,2413.95666,True,False,False,5.274173743293659,5.1073411468075784
42.466862,43,2414.433129,True,False,False,5.033352785217874,4.80064196265132
40.574755,71,2415.258923,True,False,False,5.948016212044323,4.856220328973809
34.316518,55,2415.957198,True,False,False,4.258083609278842,3.5029162080663605
28.812986,35,2416.388516,True,False,False,2.2567969521191698,2.2052434964224763
45.704203,65,2417.229996,True,False,False,6.810761740665315,5.6779945270797985
38.736045,50,2417.878593,True,False,False,5.26079318556265,4.227962503215138
45.222412,73,2418.659347,True,False,False,5.849199561202401,5.555311391694253
46.313925,72,2419.622193,True,False,False,5.873638534436955,5.8305715714225235
44.130611,87,2420.758476,True,False,False,5.343766264946114,5.494515746733516
32.862545,33,2421.179161,True,False,False,3.4811144078129543,3.0007719680449987
41.054982,64,2421.856515,True,False,False,5.193113979834787,4.65482723225684
44.330697,56,2422.561798,True,False,False,5.563987380368632,5.151998560805937
39.022051,51,2423.215174,True,False,False,4.868927381642861,4.303911958678083
33.032125,42,2423.738673,True,False,False,3.2736074060684346,3.0662131336444762
30.390969,16,2423.949638,True,False,False,2.186353016963043,2.2994014024174407
30.474782,25,2424.280962,True,False,False,2.3361205991524,2.411876374811173
27.329405,74,2425.269738,True,False,False,5.29880998639238,2.778896380177074
48.081348,50,2425.794427,True,False,False,6.03183582686831,6.003653385254573
31.265951,49,2426.405138,True,False,False,3.1500762820914194,2.786192544187463
43.401838,87,2427.50388,True,False,False,8.089486267831743,5.4951404228493
34.903655,42,2427.983073,True,False,False,3.446731808329528,3.326404072195727
33.856585,50,2428.609632,True,False,False,3.540067340309265,3.340308177783968
32.019682,50,2429.271597,True,False,False,3.313022156566058,2.9364743800235735
47.559063,74,2430.197023,True,False,False,6.682281759497943,6.001925417263843
34.149656,38,2430.626707,True,False,False,3.3579148362108864,3.2981352604922822
33.871389,33,2431.012558,True,False,False,3.3247685340966115,3.1095687445701263
36.930917,50,2431.629056,True,False,False,4.609917768270429,3.9699598266734593
29.508475,24,2431.904203,True,False,False,2.245025939308997,2.21782742792635
38.619134,34,2432.332277,True,False,False,4.161212549394268,4.132791958556224
26.448498,23,2432.614906,True,False,False,1.5564161028658152,1.6655297951557348
28.708612,29,2432.988014,True,False,False,2.6279983618950693,2.1975490205333497
36.026252,71,2433.879839,True,False,False,4.243085610959735,3.890075406177621
43.355651,63,2434.689387,True,False,False,5.818513866633802,5.145151656074354
28.746541,30,2435.059304,True,False,False,2.154815431114481,2.1775727811626684
39.728234,71,2435.918767,True,False,False,6.216022341547536,4.632915642143229
27.823692,18,2436.136363,True,False,False,1.6595302542627688,1.8651569782599715
-9.760831,26,2436.442984,False,True,False,2.7941460415402113,4.062903999055184
49.187903,49,2437.04679,True,False,False,6.072990856529773,6.0856664501327975
45.15286,64,2437.78115,True,False,False,6.335096559025859,5.528712902180999
33.779049,37,2438.14291,True,False,False,3.202090415275699,3.0420344448187207
25.749513,21,2438.353161,True,False,False,1.7780430918033934,1.5391421883653196
43.658269,64,2439.027875,True,False,False,5.791240293470008,5.2933587221988745
47.924534,82,2440.046663,True,False,False,7.12594217388437,6.164979645008453
37.40528,33,2440.476039,True,False,False,3.7496679818160197,3.768337583705626
25.556478,27,2440.845246,True,False,False,1.75536203633609,1.6093715723823254
46.677959,57,2441.590248,True,False,False,6.053026213196177,5.747804049827817
33.579533,45,2442.122042,True,False,False,3.0356767062736445,3.1454883410029773
34.769388,28,2442.452048,True,False,False,3.463466405157903,3.3476426844180605
36.685334,56,2443.118616,True,False,False,4.906157373859292,3.7723854604702174
40.756549,40,2443.579684,True,False,False,4.614084078858899,4.435938995005243
27.866184,21,2443.819225,True,False,False,1.894881392531679,1.8769774960731456
44.239389,78,2444.838116,True,False,False,6.5632906123919765,5.462724963516375
42.733545,62,2445.647131,True,False,False,5.265310053122931,5.005779654163522
44.408723,60,2446.387814,True,False,False,5.981990273147969,5.2816006837980565
36.038655,43,2446.931541,True,False,False,4.052734071369837,3.587255961300412
46.247193,63,2447.72162,True,False,False,5.683083519974787,5.560919643969047
46.58942,83,2448.818878,True,False,False,6.60316892624858,5.847467398025877
43.331778,59,2449.596003,True,False,False,5.3904646021016935,5.14718672635014
36.43352,64,2450.441071,True,False,False,4.43558793217245,3.9883679579655142
31.245861,28,2450.811422,True,False,False,2.7335332632985283,2.6270666662221918
32.954815,56,2451.504275,True,False,False,3.416586418016113,3.1612936227695894
41.843394,80,2452.480762,True,False,False,6.461827967117505,5.167569702102611
34.194304,46,2453.065985,True,False,False,3.3181862621011677,3.309037879144129
33.784222,36,2453.485375,True,False,False,3.719425770328759,3.271599187909637
37.917255,56,2454.201866,True,False,False,4.361503832317558,3.9812432200033725
44.201464,48,2454.801611,True,False,False,5.516708429255138,5.232031783131434
28.184273,31,2455.136037,True,False,False,2.207779001192578,2.1861373337365375
30.380762,27,2455.438918,True,False,False,2.895825740161924,2.481039910513404
28.107312,20,2455.636653,True,False,False,2.0067039941527494,2.041810203025388
35.152486,49,2458.458433,True,False,False,3.4789079442302304,3.5622540732998176
33.293523,32,2458.797934,True,False,False,3.1450923127517147,3.0085891606379915
26.347362,40,2459.211881,True,False,False,2.464608535023645,1.8271750471445818
32.716185,53,2459.856071,True,False,False,4.344672308932001,3.05864820117765
35.777703,45,2460.431246,True,False,False,3.5536696775785153,3.6390462658722154
34.212461,80,2461.457206,True,False,False,6.260415795077095,3.711594104766334
28.721614,21,2461.727321,True,False,False,1.9654566147865709,2.0453099731111943
28.193981,32,2462.159513,True,False,False,2.2096578802030855,2.12057741792327
26.824809,22,2462.448514,True,False,False,1.840515356233045,1.7364379048670622
38.848582,58,2463.1786,True,False,False,4.608016391404211,4.3539699747351275
35.936607,34,2463.611414,True,False,False,3.4489926579536343,3.498752815989671
39.035911,48,2464.20142,True,False,False,4.130333807308519,4.1342909002395904
49.383464,89,2465.208491,True,False,False,7.415953530536149,6.459346744512255
33.313329,32,2465.625478,True,False,False,3.182137524120874,3.066174107248098
40.035072,93,2466.74175,True,False,False,6.206573307261527,5.046057721523115
26.921901,15,2466.906251,True,False,False,1.5629827691816744,1.650644965263858
46.828435,74,2467.855872,True,False,False,7.542692586116989,5.974521605906333
36.977986,52,2468.474924,True,False,False,3.8216483002167823,3.8838404074435817
41.412994,45,2469.013935,True,False,False,5.592303814189958,4.7135974655985216
25.469509,25,2469.340201,True,False,False,2.38661445923805,1.5176941444319691
39.467944,63,2469.945671,True,False,False,6.109083390634201,4.729245151502647
26.754883,24,2470.159392,True,False,False,1.5619106560524139,1.7469012826144845
34.962704,57,2470.669359,True,False,False,4.306858459234367,3.659287729145917
35.277441,39,2471.079264,True,False,False,3.4619964803968255,3.495275269455581
38.757181,42,2471.646282,True,False,False,4.238873656475576,4.105659147965807
49.962891,73,2472.639579,True,False,False,8.059225324363993,6.628670057973827
36.992777,44,2473.164147,True,False,False,4.810360953589763,3.8646231079557785
50.624148,65,2474.012901,True,False,False,6.9240139662566556,6.508024102000492
36.336768,47,2474.638433,True,False,False,4.310451968819537,3.649690627539611
25.555268,19,2474.866199,True,False,False,1.6077785119897667,1.5293509996669081
37.434556,52,2475.445335,True,False,False,4.5105605092890775,4.054727995347655
50.597594,68,2476.125964,True,False,False,6.86316750257409,6.600409949926428
47.6987,87,2476.909832,True,False,False,6.7867948479345275,6.125523250183152
47.581229,80,2477.761219,True,False,False,7.709521628350582,6.38064583007106
31.283543,43,2478.312411,True,False,False,2.8143989080379885,2.6909330549369574
34.666871,41,2478.83065,True,False,False,3.8619809332348924,3.410323635729328
41.706362,76,2479.753836,True,False,False,6.514314725128936,5.148233469963248
38.401989,59,2480.404207,True,False,False,4.611467281391379,4.1881870984302445
30.036076,17,2480.64187,True,False,False,2.0800098378303233,2.292897984295303
39.788135,47,2481.278908,True,False,False,4.878623014049306,4.328480128875739
51.333167,61,2482.0001,True,False,False,7.0062496453754015,6.701384177999117
40.792056,74,2482.939707,True,False,False,5.887243123696552,4.816359429652732
34.626714,43,2483.459798,True,False,False,4.87325552684491,3.43094053601085
35.995961,64,2484.297398,True,False,False,4.903397814726702,3.848881553777908
43.474837,44,2484.832675,True,False,False,5.387820772907789,5.017839064198717
40.809777,36,2485.299872,True,False,False,4.733586562039757,4.4498571972922365
36.24122,64,2486.156654,True,False,False,4.738936705860403,3.7536864396425242
37.980195,45,2486.686826,True,False,False,4.369527346803051,3.9813460426502902
36.766581,59,2487.342231,True,False,False,4.486496935776112,3.9037254099451753
29.286948,28,2487.712777,True,False,False,2.3635750665070283,2.2458185238183477
27.574449,19,2487.968469,True,False,False,1.7267490687532319,1.8650602110888828
44.703514,46,2488.582356,True,False,False,5.518310594022517,5.356861779542452
45.867844,66,2489.383425,True,False,False,6.064547122926767,5.803419603850468
35.49844,33,2489.790685,True,False,False,3.265138000446378,3.442345331278504
36.831981,29,2490.15036,True,False,False,3.6673841725842435,3.643695756424647
27.888356,23,2490.353662,True,False,False,1.957486661860748,1.985612401917542
33.124327,44,2490.875357,True,False,False,3.4531053236557145,3.0310501368881098
26.44049,20,2491.129632,True,False,False,1.4342684350410708,1.625857850930264
46.520546,63,2491.980227,True,False,False,5.8306271466841615,5.698154335315867
38.791082,58,2492.749218,True,False,False,4.27924323621153,4.195687586897679
46.756461,118,2494.375247,True,False,False,6.2920830326221004,6.249084535371962
29.860245,32,2494.823142,True,False,False,2.3610204541846933,2.36681786438624
47.793091,76,2495.782107,True,False,False,6.672139020611632,5.988763935446678
35.119195,43,2496.237617,True,False,False,4.189099225954482,3.5057508535387405
-16.735927,29,2496.566067,False,True,False,1.9410645337862054,3.5872080926131993
39.553147,66,2497.318805,True,False,False,4.862455958464718,4.421602997163763
30.060574,43,2497.708294,True,False,False,2.7471356058341274,2.622412946435598
46.821759,66,2498.455599,True,False,False,6.294969412361295,5.799895418535758
41.102103,74,2499.376659,True,False,False,5.056164418282178,4.904693340343978
48.774454,58,2500.112812,True,False,False,7.00189787733285,6.180487951902323
36.998856,53,2500.776017,True,False,False,4.286864569864685,3.8633378482329928
38.128061,60,2501.476899,True,False,False,4.6686615779992655,4.182661953623222
42.806243,52,2502.116256,True,False,False,6.126154696186973,4.996102594468687
28.468334,24,2502.393517,True,False,False,2.3692888690412026,2.056348544841395
33.791684,33,2502.792295,True,False,False,3.0332598064211425,3.1558985838179807
38.305609,56,2503.498146,True,False,False,5.720314474825457,4.139330089123743
50.673383,80,2504.477769,True,False,False,7.411200942137495,6.791952922795676
32.338178,46,2504.97275,True,False,False,3.1481626050538836,3.032769307053653
39.653544,65,2505.75323,True,False,False,5.433844642980767,4.465477061083949
32.297307,20,2505.991005,True,False,False,2.7682298127503646,2.6867625816377707
34.688786,33,2506.378402,True,False,False,3.6796497903383463,3.3429677488043836
48.337,75,2507.29402,True,False,False,7.01822153752344,6.331037708498344
38.025035,54,2507.964415,True,False,False,4.124258218635405,4.042452982072551
38.802548,45,2508.461143,True,False,False,5.611129021269119,4.181345986719098
40.634029,46,2508.978881,True,False,False,4.796288087004015,4.4687790796443405
31.537377,29,2509.294333,True,False,False,2.468558480079328,2.61975982739821
42.572932,61,2510.025945,True,False,False,5.723800154533117,5.017465575466603
39.482525,95,2511.091315,True,False,False,5.327738391978721,4.955282923724766
42.036586,56,2511.718134,True,False,False,4.915041161071472,4.797291109348354
40.865987,81,2512.751937,True,False,False,5.186473982040036,4.743026951371685
48.996148,76,2513.720447,True,False,False,6.668736578647283,6.38225729915224
39.059916,61,2514.517825,True,False,False,4.582922867209338,4.3013476107972135
35.074898,38,2514.998354,True,False,False,3.587802357799815,3.3885928086538963
33.092377,42,2515.559889,True,False,False,3.0188647748348707,3.0009324263875503
27.64779,24,2515.858896,True,False,False,1.7274138140498032,1.8425683743087509
41.866547,40,2516.269809,True,False,False,4.882766430887983,4.735419440635297
38.115987,50,2516.853846,True,False,False,4.493374706336929,4.073299501819707
41.051636,42,2517.345319,True,False,False,4.542363781408958,4.519037008955293
28.936442,15,2517.514534,True,False,False,1.9349247439956547,2.1032288822814227
48.671145,71,2518.411448,True,False,False,8.104401500263638,6.366931973952484
36.970912,35,2518.872041,True,False,False,3.6630605795240316,3.6969044372061592
37.385252,35,2519.309873,True,False,False,4.053960331570892,3.794650650727825
45.687744,70,2520.201393,True,False,False,6.1006389761579936,5.487124813222716
39.181727,46,2520.808089,True,False,False,5.380808140088608,4.306960482860843
31.643068,57,2521.56677,True,False,False,3.3922546561389404,3.124243266146489
28.913201,25,2521.90792,True,False,False,2.165546055872472,2.1693340662944784
31.459621,31,2522.298249,True,False,False,2.6994547739019805,2.6763427562485615
38.130783,61,2523.03353,True,False,False,5.706851888895809,4.16063691157224
30.344952,45,2523.565875,True,False,False,3.736074687506476,2.6008936115273533
41.864181,76,2524.523806,True,False,False,5.385769251999456,5.070648747604376
47.908097,78,2525.493454,True,False,False,6.56222895579774,6.1218415855262
44.660061,59,2526.135352,True,False,False,5.225728879665582,5.216321073200082
47.447556,92,2527.255355,True,False,False,8.283894751493403,6.232434404144973
26.800876,16,2527.45777,True,False,False,1.597324720826743,1.6609332723068508
35.318735,57,2528.154192,True,False,False,3.7317924324807903,3.619189781995468
44.828495,76,2529.057962,True,False,False,5.545824645522736,5.576656021689489
32.604307,50,2529.600326,True,False,False,4.357185000772671,3.092694697472189
46.685636,70,2530.432569,True,False,False,6.137195808350763,5.749662464949334
26.346138,31,2530.848869,True,False,False,1.8756454034371768,1.7101547583490693
27.108979,27,2531.177373,True,False,False,1.788371778842713,1.8192065866572775
32.572713,38,2531.658182,True,False,False,2.9398040445146627,2.9907394500674442
31.089725,40,2532.137479,True,False,False,3.3267649217846675,2.7628244295226976
34.770418,33,2532.545696,True,False,False,3.231434553589363,3.213256783564767
43.376176,62,2533.262839,True,False,False,5.64689387392587,5.209548464265199
35.698024,41,2533.75144,True,False,False,3.6591701256939575,3.5391412379874674
30.702901,27,2534.121021,True,False,False,2.818591462249745,2.5488498496708205
41.840406,71,2535.020521,True,False,False,5.31844258991813,5.05617838376787
31.399069,42,2535.566613,True,False,False,4.210861230678174,2.8528571525987814
26.091804,53,2536.284849,True,False,False,4.446837476900602,2.463150727228417
31.287318,30,2536.692429,True,False,False,2.62199741895231,2.659897036070858
40.578382,47,2537.296832,True,False,False,4.977720447903543,4.565246360553338
45.75686,78,2538.301221,True,False,False,6.519964583692367,5.840434290467239
27.521912,17,2538.538136,True,False,False,1.6328661809921674,1.8223800854320544
37.398946,52,2539.161474,True,False,False,5.5453761303124995,4.121017243824036
37.702067,63,2539.925802,True,False,False,4.901645200415591,4.1912591073544645
43.710897,67,2540.788802,True,False,False,7.0475698824255675,5.349941228305152
32.511434,34,2541.192673,True,False,False,3.9811025683262233,2.9628464140325503
-17.925416,18,2541.391219,False,True,False,0.8017693800875267,4.367829691893759
41.286515,50,2541.965694,True,False,False,4.892430274610376,4.767498566109913
29.236031,19,2542.186935,True,False,False,1.9861420275344093,2.1209383907004833
41.421913,48,2542.778893,True,False,False,4.716384189571127,4.5716088194677615
32.82477,29,2543.163774,True,False,False,2.737400351203707,2.92826557774048
38.308992,41,2543.707837,True,False,False,3.991430410332678,3.929581188554567
32.061463,25,2544.018305,True,False,False,2.5091208021194893,2.725597742214437
30.866852,39,2544.421961,True,False,False,2.8952713587194987,2.804029064827525
30.146521,54,2544.988154,True,False,False,4.422113073926141,2.735746049177048
27.942329,20,2545.200838,True,False,False,2.044724623663455,1.9647929926816736
29.512312,29,2545.550103,True,False,False,2.289926278588084,2.2850216297241945
35.983983,33,2545.978446,True,False,False,3.773665939774329,3.5825121746959177
42.606606,68,2546.851129,True,False,False,5.918934954219456,4.971901471245415
45.360815,63,2547.496558,True,False,False,6.023834077524971,5.5900692337259645
32.185264,37,2547.940057,True,False,False,3.1094288901427825,2.8390766674791803
27.058412,26,2548.25478,True,False,False,2.530333662510703,1.8485496847768295
37.847758,46,2548.878392,True,False,False,4.593368647718883,4.001631062332421
44.312824,53,2549.532206,True,False,False,5.764308473370507,5.246148436031275
27.189399,18,2549.754388,True,False,False,1.7059658590958509,1.7074880930706176
29.178352,25,2550.073396,True,False,False,2.2016913447697606,2.207346779245512
42.887441,68,2550.91873,True,False,False,6.599842089473286,5.336056256056426
48.142297,81,2551.980546,True,False,False,6.196403238367412,6.095032034112072
29.47021,36,2552.461179,True,False,False,2.6804423348248108,2.351749145461837
43.260917,62,2553.173559,True,False,False,5.162556536318178,5.098644651074468
35.851434,40,2553.653189,True,False,False,4.631529130787326,3.6418843323853087
29.668058,36,2554.067309,True,False,False,3.154702906025807,2.421170545679662
41.946228,45,2554.51824,True,False,False,5.503756879269453,4.744172377629779
41.106948,55,2555.151284,True,False,False,4.7278626466423415,4.7744015709993635
32.789877,49,2555.745512,True,False,False,3.2665883263018163,3.096987005409066
37.26656,47,2556.317113,True,False,False,3.9002981000144374,3.870795097399685
36.085772,42,2556.870531,True,False,False,3.9801066399244345,3.637728195686399
43.26363,120,2558.373593,True,False,False,6.50222342370959,5.688312699339868
32.205529,29,2558.751659,True,False,False,3.3934506675247826,2.7956091812466717
40.617618,66,2559.597298,True,False,False,5.184815781857189,4.627821545074525
26.176929,26,2559.899525,True,False,False,1.5797495997887043,1.6815871017745962
36.291979,52,2560.516084,True,False,False,4.553372242058247,3.979746243574567
30.737267,25,2560.849133,True,False,False,2.5883500139794173,2.5066148894138247
28.651555,21,2561.097598,True,False,False,1.843611160502567,2.021875361358529
-6.577616,39,2561.580492,False,True,False,3.58890742584593,5.472951894646061
33.329484,52,2562.209422,True,False,False,3.753612284821871,3.1998774721276813
28.211337,21,2562.475054,True,False,False,2.259652177443345,1.9952704232863092
36.671548,63,2563.145441,True,False,False,3.8865469719340244,3.863066179466539
47.351789,82,2564.137438,True,False,False,6.270809224077051,5.976466310244348
35.630386,48,2564.749025,True,False,False,3.947043199737184,3.684724270736093
41.554271,60,2565.548693,True,False,False,4.6941378084614165,4.753034136352037
31.98994,47,2566.131511,True,False,False,3.529420161678049,2.9587724654458043
28.985851,36,2566.537028,True,False,False,2.4979498836616663,2.2750645397843168
28.26228,34,2566.893971,True,False,False,2.1048482074975863,2.124380163366982
33.837576,60,2567.604999,True,False,False,4.510369660925687,3.393003901842764
47.267458,123,2569.104266,True,False,False,7.480452084115475,6.528262721489412
30.203855,26,2569.43653,True,False,False,2.127819553040588,2.30060380006673
45.625707,56,2570.175933,True,False,False,5.917388510437653,5.495912035524613
39.495027,47,2570.704162,True,False,False,4.06788400965969,4.191265250374606
42.725993,81,2571.729517,True,False,False,5.062102640377552,5.178171427224723
40.41098,64,2572.568863,True,False,False,5.293779914130915,4.604646385414933
-17.844185,6,2572.649629,False,True,False,0.5386849931118416,1.8559553591170956
37.598004,46,2573.257383,True,False,False,4.920579415977488,4.007487444513875
29.126148,36,2573.724493,True,False,False,2.878721540521764,2.340119959068373
30.694593,27,2574.068122,True,False,False,2.70284268911647,2.5977081131823643
-8.420334,26,2574.415862,False,True,False,2.5220342055804337,3.884062457507073
31.319907,28,2574.777067,True,False,False,2.5722361363598747,2.613644707676193
28.224776,24,2575.015964,True,False,False,2.113010040025422,1.97145541686244
32.380969,35,2575.414095,True,False,False,3.3667023278771357,2.95265996649459
47.655035,50,2576.010321,True,False,False,6.167030269143309,5.894352043664122
34.922247,42,2576.532811,True,False,False,3.6472845024571283,3.384576830251168
32.74248,24,2576.843393,True,False,False,2.6636375110841395,2.904341323858564
29.97649,47,2577.440596,True,False,False,2.7089190044958,2.5657064424481653
50.557416,86,2578.547341,True,False,False,6.803961940155532,6.458605608705467
36.064603,44,2579.146898,True,False,False,3.7647719924805076,3.5943347184386
27.655939,19,2579.415815,True,False,False,1.8335034543781685,1.7810679252054122
50.559333,72,2583.792475,True,False,False,7.091322966262579,6.613424718634834
37.254881,33,2584.195034,True,False,False,3.616719505875845,3.7225234508837346
29.311079,26,2584.535817,True,False,False,2.171284080366029,2.213900643442495
33.958971,47,2585.141557,True,False,False,3.2687133559852675,3.2724068847114833
34.005047,48,2585.758881,True,False,False,3.383536147957447,3.240729419725411
31.101391,29,2586.12464,True,False,False,2.5411122244708726,2.631210813028201
53.300622,61,2586.923768,True,False,False,7.7921034163354035,7.018797480333569
34.545748,40,2587.471821,True,False,False,3.137603215783004,3.243521401474987
47.9075,51,2588.100801,True,False,False,6.280237265504891,5.9452787986063
40.305027,63,2588.738608,True,False,False,4.8454379806263885,4.518738231999872
26.729082,16,2588.883698,True,False,False,1.5348708480431137,1.6825448838400583
31.773967,42,2589.292775,True,False,False,2.9618163059910176,2.836997082741481
-4.172727,41,2589.800175,False,True,False,3.509411623665619,5.212989878104229
37.690371,44,2590.323965,True,False,False,4.819541803778082,3.944617709820698
37.834008,49,2590.944303,True,False,False,4.385482786558228,4.026984438309443
35.0672,38,2591.45309,True,False,False,3.222833046500373,3.294534135895773
41.710687,57,2592.183081,True,False,False,5.299736047798003,4.854120216360822
28.72932,24,2592.502549,True,False,False,1.879459542658139,2.057875006534042
35.350037,52,2593.216416,True,False,False,3.7565734274104967,3.5974535717942033
37.754118,44,2593.785622,True,False,False,4.2977632383746265,3.9005170026760254
25.096164,31,2594.16952,True,False,False,1.7465426687437988,1.551515733564406
30.272442,32,2594.538703,True,False,False,2.5959064114239685,2.471243331867471
30.850959,59,2595.207865,True,False,False,3.2055460492116286,2.8695375994321832
26.863686,12,2595.342241,True,False,False,1.4946909640591572,1.62571756944707
29.84989,34,2595.761656,True,False,False,2.5061201190526043,2.4420037276931734
46.185564,67,2596.586464,True,False,False,5.940883507556657,5.629776405246067
36.405898,37,2597.051559,True,False,False,3.6454536012094074,3.5330418401702315
26.921644,32,2597.436997,True,False,False,1.9122334572339137,1.840856191324821
27.422064,28,2597.778585,True,False,False,1.6410083642508897,1.8673747959661335
44.741191,53,2598.465958,True,False,False,6.708239756631888,5.416486371913052
27.258795,22,2598.761613,True,False,False,1.8537998450507867,1.828451397916633
32.119096,39,2599.193357,True,False,False,3.7497628677444568,2.9706171429710864
38.865938,53,2599.774221,True,False,False,5.068528762021204,4.294093846748133
25.910658,19,2600.010213,True,False,False,1.431475855905765,1.578514640462525
28.877607,33,2600.45193,True,False,False,2.135833057400574,2.167010164906503
24.829936,32,2600.885308,True,False,False,1.6264958389731874,1.54775538338424
29.67266,33,2601.307867,True,False,False,2.2740564863390356,2.3539436412922905
35.503706,29,2601.694391,True,False,False,3.313271595036076,3.383561170162838
42.82211,63,2602.453102,True,False,False,5.910291330284218,5.086951900015333
35.763582,29,2602.745233,True,False,False,3.377479744624463,3.503481933844983
34.578639,37,2603.126938,True,False,False,3.453210603956712,3.3294177407345202
44.306346,60,2603.77603,True,False,False,5.96146947469197,5.362350688741433
42.154442,71,2604.71905,True,False,False,6.10279979649407,5.0019448481228315
43.764249,81,2605.700972,True,False,False,6.05789874864686,5.4358514672117755
27.058707,18,2605.944873,True,False,False,1.6399277808789963,1.7204362764979773
29.47235,31,2606.326332,True,False,False,2.212486769861937,2.241938516138357
41.547798,65,2607.09823,True,False,False,5.396623864294533,4.786718606978061
35.032183,50,2607.730689,True,False,False,3.51816101097162,3.441946198826528
36.04114,45,2608.284336,True,False,False,3.6014422902103265,3.6668009405368873
45.438046,54,2608.890266,True,False,False,6.812366958304671,5.516425936446864
42.260233,77,2609.713288,True,False,False,6.218843701481635,5.135043227750101
31.133229,41,2610.198684,True,False,False,4.1938213313768955,2.8049407314478003
48.124361,100,2611.351378,True,False,False,7.319963439017429,6.32261755414497
34.914424,34,2611.758671,True,False,False,3.396875329595139,3.3829150098789578
44.655721,57,2612.471012,True,False,False,6.088905567892995,5.430400044268155
28.896965,31,2612.779261,True,False,False,2.6810971881413352,2.252226294814273
38.842942,43,2613.29523,True,False,False,4.183588486537281,4.205820725065657
40.444406,52,2613.971658,True,False,False,4.569813198574544,4.462863795596968
41.858416,73,2614.942618,True,False,False,5.435686342115132,5.001132994479895
28.55463,21,2615.207895,True,False,False,1.848487028191842,2.0332023129932706
43.378145,65,2616.054653,True,False,False,5.0037103277800785,5.109953751742512
40.580498,53,2616.660571,True,False,False,4.897768582018362,4.618898934695247
29.548033,42,2617.188626,True,False,False,2.1862782057540255,2.3653243249340483
33.750677,27,2617.550541,True,False,False,2.877350251012306,2.994507081903919
53.394101,83,2618.566219,True,False,False,7.816521199801011,7.222290580142829
48.813119,74,2619.393055,True,False,False,6.659788568005768,6.115324743569224
31.262055,57,2620.146879,True,False,False,4.761173682952454,3.10176464638287
26.723833,25,2620.442091,True,False,False,2.914778003803961,1.8486044125528154
47.695039,61,2621.163269,True,False,False,6.112877903896957,5.755742057394688
45.828436,90,2622.181515,True,False,False,7.348168311626509,6.042910517336941
40.754904,54,2622.832212,True,False,False,4.860558206653608,4.528711892425694
32.608454,30,2623.206158,True,False,False,3.1216761716711567,2.8179977084717267
41.193362,60,2623.962148,True,False,False,5.123267189466372,4.776019879458057
30.640202,28,2624.273546,True,False,False,2.645773192206529,2.5139330942108304
43.675716,71,2625.062284,True,False,False,6.549088528770827,5.328224497896238
30.935506,29,2625.428553,True,False,False,2.4493923423234047,2.5486792703932792
25.731502,49,2626.012179,True,False,False,4.501386302080467,1.9530544874839473
43.483242,68,2626.823925,True,False,False,5.109458118332484,5.223156767804445
45.145,106,2628.169818,True,False,False,6.456448451954208,5.836317310934149
45.100238,60,2629.002338,True,False,False,6.0856854964549925,5.390881650204532
30.223475,39,2629.521386,True,False,False,2.648397051218435,2.4594540394521642
41.089718,58,2630.350019,True,False,False,4.695778549672728,4.770938377851861
50.303185,78,2631.416806,True,False,False,6.692018615051456,6.599715767565422
28.880028,35,2631.855444,True,False,False,2.2351893190577736,2.2105390988599782
31.25114,23,2632.173933,True,False,False,2.393336344960648,2.5352083066019544
32.152571,28,2632.554573,True,False,False,2.653949176358276,2.787549599367467
33.860589,44,2633.134267,True,False,False,3.8415875805696285,3.258251259801687
40.15787,40,2633.642675,True,False,False,4.564636638868961,4.404032421825488
34.768541,41,2634.281684,True,False,False,3.845849180435209,3.4364215983859236
31.089158,60,2635.02152,True,False,False,3.7247388671564,3.0753649865543764
30.096607,26,2635.316741,True,False,False,2.298025935573439,2.2960821570077283
41.474421,58,2635.896172,True,False,False,5.373114830958742,4.72958792167512
31.378775,32,2636.299963,True,False,False,2.8235793399948705,2.7079369871913843
41.760866,50,2636.98647,True,False,False,5.261300100990168,4.827918571781609
33.250931,42,2637.527634,True,False,False,2.98904959236028,3.1221689306961493
35.914539,43,2638.302065,True,False,False,3.7011213018633704,3.5622388800990374
35.757408,56,2639.102661,True,False,False,3.746986574188865,3.668673257086235
37.835993,42,2639.593881,True,False,False,4.318783264028766,4.028862443719581
36.950831,46,2640.16023,True,False,False,3.9013089741188565,3.8173115916267744
35.692368,40,2640.602778,True,False,False,3.4423470916836334,3.4537643858227423
47.866707,62,2641.334451,True,False,False,6.900657026928929,5.978335938699358
26.664652,19,2641.558536,True,False,False,1.6996407935630147,1.6453055838087403
35.44477,42,2642.104609,True,False,False,4.318745843030818,3.58923961247042
43.555778,61,2642.840011,True,False,False,6.204387223420263,5.267334396262139
40.489576,52,2643.478332,True,False,False,5.1346810101638365,4.581847750776274
25.748715,25,2643.81661,True,False,False,1.524337587377956,1.5541816120652423
41.573968,49,2644.461921,True,False,False,5.024556119726256,4.785902484109434
25.090502,39,2644.966842,True,False,False,1.921320580344368,1.585729467238514
35.887341,49,2645.600129,True,False,False,3.582791247851214,3.5665396176970137
37.625747,36,2646.052009,True,False,False,3.8965758189919457,3.843886863175303
41.602469,38,2646.505671,True,False,False,4.3940550147821344,4.452876971603486
45.288913,50,2647.188261,True,False,False,5.478443526692527,5.385555070991732
41.593007,42,2647.760817,True,False,False,4.717000880870844,4.727464284859544
39.857782,52,2648.443121,True,False,False,5.559204005867277,4.448676091572688
32.309968,26,2648.768345,True,False,False,2.5944018459997147,2.7574338102603595
30.729979,42,2649.275394,True,False,False,2.8678415934808363,2.6100539661685342
32.141968,19,2649.527585,True,False,False,2.5959549861006836,2.70125369499688
36.047188,42,2650.067847,True,False,False,3.7957794334240003,3.6042956672545587
37.924391,52,2650.744632,True,False,False,4.684353474177436,4.091409997921029
31.033102,36,2651.195812,True,False,False,2.5106609199503453,2.563048274102272
30.099353,27,2651.537693,True,False,False,2.9523198128697943,2.402483048320053
25.850855,18,2651.778039,True,False,False,1.5679950223259673,1.5342854137438007
32.971808,25,2652.089064,True,False,False,2.8790476152903595,2.9469872361080056
32.954905,37,2652.579615,True,False,False,3.3675535358246997,3.0076386918516373
45.231243,48,2653.205638,True,False,False,5.329228293173464,5.357418557752219
27.370756,44,2653.731466,True,False,False,4.287909257173685,2.1328865681039346
44.460349,43,2654.281442,True,False,False,5.191294635809967,5.2288601255286675
26.068518,30,2654.6752,True,False,False,2.4557907260280496,1.766564451434829
43.211572,101,2655.977647,True,False,False,7.40923380053944,5.5456585153682125
43.560818,48,2656.594296,True,False,False,5.0899566759731325,5.092345935512697
35.788941,46,2657.198335,True,False,False,3.567218614757255,3.5957664102061924
34.645891,39,2657.695081,True,False,False,3.1899443160904957,3.234874679375691
30.382681,57,2658.413653,True,False,False,3.556911860107204,2.745999455108935
30.430241,65,2659.276213,True,False,False,5.457247505088283,2.94721390531854
43.567868,81,2660.340345,True,False,False,5.775318417623706,5.575903909993
30.962556,28,2660.725924,True,False,False,2.6107926117671556,2.5340669385230776
47.342241,96,2661.949339,True,False,False,7.664731409671758,6.296172871967803
44.388853,58,2662.80776,True,False,False,6.114543362533592,5.4607503048718655
39.212435,37,2663.289601,True,False,False,4.154710633392724,4.182077674230178
26.531022,13,2663.486257,True,False,False,1.4171427022360787,1.506293703302456
29.696624,23,2663.784628,True,False,False,2.4900947810904044,2.273144264810872
45.846743,46,2664.385825,True,False,False,6.708077439545155,5.501968181579213
31.641902,25,2664.728033,True,False,False,2.7116899666800385,2.6571662858571514
28.248745,40,2665.245158,True,False,False,2.112573575668999,2.1468972951926064
39.22827,53,2665.928686,True,False,False,4.4169759888359055,4.297626012601429
47.388876,94,2667.319654,True,False,False,6.872202586778625,6.128700471663765
46.365738,89,2668.710338,True,False,False,6.658039110598981,5.9352698992641795
40.086648,58,2669.604656,True,False,False,4.70006982520761,4.512137660002757
30.425285,36,2670.0847,True,False,False,2.5076791061481303,2.4732362813100517
32.720544,33,2670.513117,True,False,False,2.8104559127579223,2.8754313182463944
49.915496,70,2671.529345,True,False,False,6.862078668989002,6.481008933948876
30.422791,48,2672.24039,True,False,False,2.51843379867579,2.6407915679880203
45.989598,61,2673.030846,True,False,False,6.911465375538762,5.714916189445551
43.033047,82,2674.178837,True,False,False,5.867385689165682,5.27435792314221
27.33044,19,2674.440227,True,False,False,1.7842821911118507,1.8024864946562262
35.613786,53,2675.232008,True,False,False,4.195101912665555,3.6392242234872647
36.921571,37,2675.813581,True,False,False,3.6266877194070424,3.731747987652492
34.157126,28,2676.149918,True,False,False,3.6083576799410086,3.147663905934434
38.392077,64,2677.031475,True,False,False,5.493790819382044,4.335845941890842
42.800665,54,2677.774098,True,False,False,5.431110695010018,4.96991722846583
37.069203,128,2679.411214,True,False,False,7.312243074133494,4.90555517298157
31.145664,42,2680.018821,True,False,False,3.6169039543926345,2.73772971329833
30.663765,30,2680.446053,True,False,False,2.6050099287083923,2.5841089991767427
37.441291,49,2681.104935,True,False,False,4.699893421017101,4.010866411795235
43.187796,74,2682.113266,True,False,False,5.483465820708916,5.132100846321638
26.83072,17,2682.361315,True,False,False,1.5474151243902,1.6583715065111515
45.145305,70,2683.42323,True,False,False,6.685301360164357,5.663550213146892
37.382991,46,2684.083811,True,False,False,4.309561647104138,3.932817044885859
46.362199,58,2684.875634,True,False,False,5.500907351169265,5.608977731227664
27.065998,57,2685.640923,True,False,False,3.225539104806067,2.321773327677996
29.451863,31,2686.095199,True,False,False,2.2786586837938145,2.267888884006437
45.86409,64,2686.929047,True,False,False,5.812899165136422,5.541350018685759
47.940683,59,2687.745507,True,False,False,6.055061514016096,5.983602260930149
30.636128,31,2688.147658,True,False,False,2.7394668415632384,2.608164778505302
41.943069,60,2688.916579,True,False,False,6.054250231951887,4.989947026177678
46.291808,71,2689.854404,True,False,False,5.837108186686932,5.847929479043678
44.649646,45,2690.420574,True,False,False,5.499458406309481,5.239761823421331
32.398734,23,2690.753949,True,False,False,2.803839388127191,2.8141023989468557
47.980142,65,2691.628999,True,False,False,6.843883902243866,6.078383801288043
30.736027,34,2692.119151,True,False,False,3.3522068430841268,2.6655816468689353
38.098294,47,2692.914303,True,False,False,4.854217451689944,4.083054821154659
39.939429,43,2693.460101,True,False,False,4.814726380245581,4.5676399944311825
45.075932,55,2694.307636,True,False,False,5.39424701102104,5.339870879403945
35.410669,107,2695.692355,True,False,False,5.383027822416687,4.217723782687946
41.202654,57,2696.480584,True,False,False,4.824200787498847,4.616179784231805
33.640447,35,2696.952124,True,False,False,3.521596236482247,3.118631556365582
37.378173,38,2697.465734,True,False,False,4.273961083007945,3.874821442775706
27.351104,23,2697.769427,True,False,False,1.9481866841598783,1.866099706118577
44.943276,89,2698.892759,True,False,False,7.300544795064269,5.83096088571067
46.53924,78,2699.85699,True,False,False,6.589254638455181,5.931380429764879
33.215037,34,2700.331617,True,False,False,3.7965523122678033,3.0078519888575097
31.477509,27,2700.741964,True,False,False,2.4854761668885232,2.661035257231086
46.843988,50,2701.481686,True,False,False,5.6191934968815245,5.668669280979826
50.279377,70,2702.403137,True,False,False,7.472648734616864,6.595375328465235
27.784918,33,2702.850763,True,False,False,3.555186533631847,2.1073446804660985
29.613469,24,2703.162228,True,False,False,2.1457016830228888,2.296852798554264
31.629563,38,2703.655311,True,False,False,2.816704617791646,2.7416990841010263
48.043363,111,2705.27673,True,False,False,7.37617445018763,6.475101903109693
31.563443,44,2705.867849,True,False,False,4.274244850028743,2.860245442614537
27.7507,35,2706.373609,True,False,False,2.946590401728948,2.084268099838083
32.908939,45,2706.930866,True,False,False,4.161545184699029,3.14820798952479
41.886223,71,2707.799806,True,False,False,5.397204933091026,4.911401918837547
35.599489,89,2709.002086,True,False,False,6.127459049043093,4.448012119938806
28.900074,37,2709.523556,True,False,False,2.1178720832928413,2.2186434728025874
50.299093,85,2710.639164,True,False,False,6.82949788577853,6.624062737635382
31.395619,42,2711.251739,True,False,False,2.6991142487840807,2.7762832899354835
-7.97833,31,2711.670355,False,True,False,3.0440590571292816,3.044984665664973
29.520549,27,2712.028632,True,False,False,2.443850512387733,2.2925962629362973
24.064953,63,2712.893961,True,False,False,3.6053846266223255,1.8126318739513658
38.620208,74,2716.34236,True,False,False,5.895889907517403,4.4162729430584
30.507779,35,2716.847329,True,False,False,2.8273801488021495,2.5255668514661536
28.015754,19,2717.115191,True,False,False,1.8749108516922897,1.9311994124046679
31.405032,40,2717.793027,True,False,False,2.7386612649983237,2.698751328286038
34.101262,33,2718.251367,True,False,False,3.014874157516451,3.119287406493994
47.822618,67,2719.13993,True,False,False,6.5212673590277515,5.921385404311006
39.145708,40,2719.690772,True,False,False,4.680785370375962,4.091858247053309
42.510992,40,2720.165974,True,False,False,4.748490402122889,4.802105845779756
45.51587,57,2720.967688,True,False,False,5.947462563415982,5.718562722528876
38.038788,102,2722.466096,True,False,False,8.546797726870528,5.076247435619702
31.012063,56,2723.271554,True,False,False,3.214410222678501,2.831924285637622
44.804142,65,2724.128811,True,False,False,5.851415663245673,5.434035275172718
32.691656,34,2724.551401,True,False,False,3.0083635995638516,2.9015971368346567
31.009099,77,2725.607394,True,False,False,4.165704885716318,3.087294223471277
35.860192,36,2726.143623,True,False,False,3.3929660452958554,3.5307825128819403
33.332947,31,2726.561997,True,False,False,2.957722763592244,3.000417923759543
49.239387,59,2727.429149,True,False,False,6.27064247398334,6.117878006189293
47.925128,76,2728.461385,True,False,False,8.099289387920072,6.268988598880831
45.310606,73,2729.395323,True,False,False,6.276551360363868,5.577067591973436
34.055141,69,2730.339144,True,False,False,4.286879072609437,3.66548186711206
33.862069,49,2730.992189,True,False,False,4.494498618256001,3.4311922760477342
40.798823,55,2731.737268,True,False,False,4.561356056008896,4.590873432791825
40.272053,60,2732.524691,True,False,False,4.470117547372418,4.517947344000574
30.563552,26,2732.871216,True,False,False,2.294996125309268,2.4559762876758633
-17.359412,13,2733.034626,False,True,False,0.8950462605901541,4.630488744079565
43.631276,55,2733.791638,True,False,False,5.5922914388485845,5.199445811706501
38.303265,38,2734.299692,True,False,False,4.206517226566153,4.090699578817305
42.557218,55,2735.065414,True,False,False,4.881481687996263,5.007432354838371
33.884015,26,2735.378337,True,False,False,2.8970963867619313,3.0877361443286033
30.567635,70,2736.346417,True,False,False,3.2610846835469327,2.933383319372297
39.627524,44,2736.882954,True,False,False,4.7303435920741075,4.537217634663602
39.931909,53,2737.561514,True,False,False,4.877673806829991,4.431541169648452
37.552313,50,2738.216489,True,False,False,4.807273357238443,3.970269456501302
26.33953,23,2738.522272,True,False,False,1.5365976518589592,1.6460836201022677
51.892897,90,2739.688236,True,False,False,7.51929251252135,7.064627520961507
34.854649,50,2740.368491,True,False,False,3.6915859949818537,3.5021575191835317
43.696317,58,2741.175375,True,False,False,6.800258719114853,5.285513213154523
31.290475,26,2741.51425,True,False,False,2.4439422702770868,2.594411993031862
37.920948,65,2742.3319,True,False,False,5.132873440576734,4.494751254248121
40.246556,55,2742.976327,True,False,False,5.748890048833609,4.453695636725059
31.225867,23,2743.268368,True,False,False,2.2933086894113694,2.470334403883984
28.136414,26,2743.601421,True,False,False,2.2755957978236854,2.0300894849075
47.158772,82,2744.685652,True,False,False,6.425605850058085,5.96386710033184
46.716965,56,2745.470758,True,False,False,6.467739765304247,5.774064360748036
38.896213,68,2746.341171,True,False,False,4.70488408760663,4.33136870453575
32.64872,39,2746.85555,True,False,False,2.904989755842134,2.897796315109998
34.748251,30,2747.250318,True,False,False,3.163383981621388,3.287921277004109
32.33806,40,2747.762875,True,False,False,3.097532124631316,2.9331931038539243
28.148384,17,2747.985103,True,False,False,1.690406685234026,1.8565113969203535
-10.473486,42,2748.583416,False,True,False,2.661448418534116,3.3944768984145646
32.446794,37,2749.036113,True,False,False,2.9885091035127975,2.8373103241623654
35.694784,47,2749.694076,True,False,False,4.319164394070469,3.5755652392097947
49.222481,88,2750.977951,True,False,False,6.644282244738648,6.359500436268803
42.177555,74,2751.93943,True,False,False,5.849920666672982,5.099999148344945
38.855989,34,2752.41114,True,False,False,4.895194976303488,4.12047772906476
52.25653,62,2753.231929,True,False,False,6.958275876034445,6.731539567099352
26.968878,32,2753.729288,True,False,False,1.7805250242495199,1.8681530553230854
32.587569,31,2754.136014,True,False,False,2.7727542751381344,2.8857716457120732
40.659923,44,2754.689946,True,False,False,4.562102021725341,4.463714458845905
32.183925,32,2755.133758,True,False,False,3.1801810663342907,2.845908651123497
30.781463,30,2755.463515,True,False,False,2.743987070044982,2.5335715838946604
29.26081,22,2755.765201,True,False,False,2.4281811206476744,2.201186823882277
31.787982,34,2756.176602,True,False,False,2.6975641500753,2.735766628355565
36.906107,56,2756.90762,True,False,False,4.847175078497504,3.878146589976845
45.068773,65,2757.753805,True,False,False,7.416357522360449,5.640795086295939
42.239678,62,2758.604985,True,False,False,6.008955296720095,5.039647065042246
36.356034,37,2759.122509,True,False,False,3.8075508517414685,3.650925161078456
37.428555,35,2759.582027,True,False,False,4.181747548180324,4.070618614796612
31.199011,37,2760.046007,True,False,False,2.8535984052425363,2.661980215069821
46.336502,88,2761.183245,True,False,False,6.106577003993416,5.856223612800829
45.466153,72,2762.143143,True,False,False,7.648289520746457,5.802617083698463
41.785059,63,2763.04018,True,False,False,5.083164792144953,4.919312685842937
29.353203,36,2763.539447,True,False,False,2.321551349440652,2.3453881144261093
37.716873,47,2764.174898,True,False,False,3.7887393810670984,3.8830904589779154
33.411231,39,2764.714167,True,False,False,3.648654565361442,3.1692926945280977
31.242744,40,2765.258584,True,False,False,2.8519412159895037,2.7130629682393352
45.654685,72,2766.19817,True,False,False,6.033251715125285,5.530201458246953
41.429549,50,2766.832222,True,False,False,4.631531596468937,4.733892298635966
26.265805,16,2767.029127,True,False,False,1.5442442641032306,1.5627723385084966
34.553979,35,2767.475874,True,False,False,3.303725233473635,3.2661242250520846
42.756344,67,2768.398597,True,False,False,5.498767335978008,5.080921822459234
42.163938,42,2768.95873,True,False,False,4.957372941893409,4.734574067424734
41.080588,68,2769.830632,True,False,False,4.829733026075973,4.725545661915357
36.00303,54,2770.540586,True,False,False,3.7893259102812427,3.594732326131279
32.338585,25,2770.865552,True,False,False,2.9754863332278587,2.812672826141811
33.167865,32,2771.311956,True,False,False,3.483780061829891,3.0470234197118433
-14.424054,13,2771.490096,False,True,False,1.2892911889303098,4.820011686306357
38.290766,42,2772.023397,True,False,False,4.385119987096077,4.080724434713476
46.472562,69,2772.910183,True,False,False,5.8312015888859365,5.689604512957498
37.890113,76,2773.934044,True,False,False,5.19954613978143,4.311868322972081
33.066719,28,2774.318192,True,False,False,2.8006970618194793,2.9666506864554867
33.944646,37,2774.808043,True,False,False,3.3030010850671574,3.198129441040958
30.807145,21,2775.102809,True,False,False,2.7159557497940465,2.396745265608487
37.024883,52,2775.760089,True,False,False,3.8147197356088123,3.8791442386542108
38.974058,33,2776.167113,True,False,False,4.044009606194358,4.158157837328981
36.172684,58,2776.895659,True,False,False,4.942785589869008,3.9229202096631504
47.259802,86,2778.028452,True,False,False,6.85460106962622,6.096137690853882
44.612067,57,2778.78874,True,False,False,5.587960426511179,5.377213028888516
48.28013,100,2780.111969,True,False,False,9.123844725709708,6.66301613634785
27.296692,20,2780.392916,True,False,False,1.6050661104933794,1.7563549898345454
43.247982,59,2781.22701,True,False,False,5.878559446926127,5.145187107032994
45.642084,65,2782.085246,True,False,False,5.422774866103403,5.563371803742411
47.748162,89,2783.2595,True,False,False,7.218957381850848,6.167423576104062
38.337258,64,2784.108877,True,False,False,5.786543750241362,4.333798070677581
41.812673,53,2784.836194,True,False,False,5.051600464716682,4.84940157074444
28.960069,27,2785.204011,True,False,False,2.5668118278337566,2.253643084530356
31.419513,26,2785.56904,True,False,False,2.949293827471967,2.600207145931862
38.412114,55,2786.324997,True,False,False,4.360218587733449,4.06975691656003
27.89094,24,2786.623378,True,False,False,1.9546984879443983,1.8979769618563567
28.610344,19,2786.862096,True,False,False,1.8955268880712053,2.0136377336378124
39.940536,54,2787.626553,True,False,False,5.0381116330563565,4.397869190761272
51.436769,75,2788.65813,True,False,False,7.203051751033751,6.722235534871318
40.115403,40,2789.213978,True,False,False,5.2098122994731355,4.432257514125071
45.375527,93,2790.4611,True,False,False,7.083879252659773,5.729383816190756
32.56503,38,2790.934488,True,False,False,2.9530740534907705,2.8789616357519408
33.24041,33,2791.34937,True,False,False,3.3762727161831156,3.1604595655608216
46.651007,69,2792.251694,True,False,False,6.262312585886679,5.832630048790428
51.504126,65,2793.103406,True,False,False,6.718118762138944,6.608659390143242
46.939296,61,2793.934586,True,False,False,6.647439676456808,5.9211067828061665
41.585378,79,2794.924296,True,False,False,5.333379070167049,4.918284089317854
42.819697,40,2795.443313,True,False,False,4.766703669820886,4.840099931483797
36.187607,34,2795.894503,True,False,False,3.4921922803591636,3.634076023335148
42.427522,44,2796.475465,True,False,False,4.940548592078009,4.817623503747832
35.658796,47,2797.102125,True,False,False,3.802630860894481,3.654208413522794
36.804094,57,2797.834311,True,False,False,4.366519095406812,3.8627433333162484
31.234109,24,2798.150142,True,False,False,2.7887754413352392,2.5198241479254566
38.377123,53,2798.852792,True,False,False,4.995171856081594,4.260331221658434
35.299384,37,2799.327038,True,False,False,4.041027508588888,3.5072966088134536
36.615804,83,2800.448295,True,False,False,6.635058395602442,4.5250303130454625
43.766134,55,2801.21484,True,False,False,6.202353322514635,5.29314800608812
30.757073,20,2801.501429,True,False,False,2.4562851914835404,2.439747239584186
36.526952,72,2802.448821,True,False,False,5.28571512352571,4.045622873369883
30.451208,25,2802.797247,True,False,False,2.4183398960600253,2.5020202348239127
38.634966,46,2803.409605,True,False,False,4.226667395897463,4.1577998800079765
37.721331,91,2804.617921,True,False,False,7.060757507035847,4.52840711268404
45.513084,70,2805.593875,True,False,False,6.019389624187455,5.569598280406435
30.623151,41,2806.188554,True,False,False,2.890633113547568,2.5849744228023233
31.23128,48,2806.878435,True,False,False,3.635211334504763,3.032005302696803
28.523233,22,2807.172907,True,False,False,2.388128864894789,2.038642790530636
40.45458,56,2807.873335,True,False,False,5.375958528625048,4.608805568606242
37.416953,62,2808.694699,True,False,False,4.090667798747339,4.004647246021908
45.709854,60,2809.497656,True,False,False,5.287552094832047,5.358731384708172
36.609926,37,2810.00035,True,False,False,3.733477491517315,3.7046681116723414
33.129076,31,2810.380237,True,False,False,3.2888610704453787,2.9978380951589325
34.078559,43,2810.913949,True,False,False,3.513927657734342,3.324658081775056
41.845234,76,2811.879185,True,False,False,5.606798447592431,4.970706205412506
48.859731,73,2812.871991,True,False,False,8.0407308009129,6.382156497283127
26.295802,31,2813.27633,True,False,False,2.164064606110625,1.7143669431323283
32.139495,34,2813.700568,True,False,False,2.9569726099978775,2.823940501877081
42.593712,63,2814.518998,True,False,False,6.295802292398999,5.084759156285609
35.347467,31,2814.934641,True,False,False,3.791014645428928,3.4279403396780643
33.588552,32,2815.324911,True,False,False,3.0064065651696557,3.112328110607798
34.137362,45,2815.884437,True,False,False,3.6791605328669497,3.3806477071645413
43.043655,58,2816.679257,True,False,False,6.8692853750958065,5.154859592301289
46.612269,86,2817.870654,True,False,False,7.123137454604684,5.957476004635184
30.206138,21,2818.131569,True,False,False,2.1688082612455117,2.282828272297933
34.57057,24,2818.451977,True,False,False,3.04170798978649,3.137513212853524
57.462473,78,2819.473083,True,False,False,8.044378141151872,7.729859276558305
32.156084,37,2819.965674,True,False,False,3.0305029745082286,2.8476279320508078
41.278925,100,2821.334353,True,False,False,5.81142264830421,5.145612177150189
36.629217,45,2821.953519,True,False,False,3.7480178189944025,3.6460823985397965
29.099149,33,2822.381252,True,False,False,2.1298699509395074,2.261637904214677
47.838333,70,2823.257472,True,False,False,6.830732131015459,6.075920786485382
42.833157,45,2823.852898,True,False,False,5.01794133087143,4.885479300924774
35.49607,48,2824.48162,True,False,False,3.8455054070855907,3.5184268935537086
37.648515,30,2824.871843,True,False,False,3.8665705450665606,3.8580406529017073
35.71198,34,2825.327847,True,False,False,3.5030228251132782,3.516164653379574
28.306513,34,2825.768289,True,False,False,2.151415242060629,2.1418275861661114
31.505745,35,2826.213372,True,False,False,2.70197592959861,2.6540775640437335
30.718029,32,2826.620816,True,False,False,2.7611061320465624,2.596261484863677
32.999455,45,2827.226091,True,False,False,2.9067075731608165,3.004609954534374
56.119565,62,2828.014338,True,False,False,8.559089961913608,7.47134044377882
41.530168,74,2829.0272,True,False,False,6.068932961855732,4.969362699070772
44.243783,35,2829.46991,True,False,False,4.973677612679166,5.131431561860643
37.135639,41,2829.962994,True,False,False,3.8019190228987845,3.818392470131254
28.348812,25,2830.278359,True,False,False,1.8221020576676876,2.083215230988944
43.786535,58,2831.049687,True,False,False,5.610477702417723,5.185354799144831
37.477883,39,2831.540957,True,False,False,3.833770674197678,3.9056954018984045
42.458477,45,2832.084969,True,False,False,4.638031084272362,4.788862666446447
34.94047,51,2832.665953,True,False,False,4.55358372652788,3.667304439214661
42.152359,57,2833.333848,True,False,False,5.389049813310693,4.858471870640854
29.748491,22,2833.596441,True,False,False,2.2702753223247805,2.2908074336884106
30.992829,26,2833.913439,True,False,False,2.374686316445194,2.530955216880025
36.086078,31,2834.287082,True,False,False,3.7665900270760244,3.481374465984404
34.933532,45,2834.846837,True,False,False,3.3631122743717015,3.4083596427982075
41.323753,73,2835.702262,True,False,False,5.553843335064018,4.9573386480918025
31.465179,35,2836.132987,True,False,False,2.950917232122938,2.7191699831712746
27.806649,24,2836.421,True,False,False,1.7313774552589014,1.9650144133330645
47.780874,62,2837.157254,True,False,False,5.971152319548088,5.945246287194116
28.381449,24,2837.452617,True,False,False,2.173243938210454,2.088334627198303
29.052958,29,2837.808035,True,False,False,2.0373682516918405,2.156400275016027
47.145751,87,2838.851037,True,False,False,7.008269977812335,5.995309059712381
47.58593,75,2839.738574,True,False,False,5.943053534611804,5.945186125894967
41.491827,51,2840.35804,True,False,False,4.643080112488472,4.610557343608892
49.235078,78,2841.274908,True,False,False,6.321372394963933,6.2010073068344145
40.082388,59,2841.96584,True,False,False,5.268442564431422,4.534072185889795
47.095993,79,2842.90649,True,False,False,6.929768118735736,6.158159053690638
31.04381,26,2843.220851,True,False,False,2.59871938653556,2.57311225975411
35.707705,33,2843.60082,True,False,False,3.376309637601157,3.400966495358179
26.786556,37,2844.053067,True,False,False,3.0262604459391658,1.9916172597156347
43.75083,68,2844.86054,True,False,False,5.094809843301921,5.1674297195305545
30.430149,20,2845.099005,True,False,False,2.3333612439136875,2.402748097002636
26.959778,22,2845.368294,True,False,False,2.0402079617540667,1.864599716496203
30.744854,31,2845.731285,True,False,False,2.560241715669488,2.5243369223115586
33.653605,35,2846.158655,True,False,False,2.9251892018434797,3.067067689988862
49.558634,68,2849.671947,True,False,False,6.824621700385777,6.391899534964689
26.359845,20,2849.906084,True,False,False,1.4783160418263588,1.599878687545972
40.15181,50,2850.500203,True,False,False,5.881165941742368,4.5078667328058
29.671825,37,2850.933413,True,False,False,3.3896780708048615,2.324915081618305
44.678973,63,2851.685848,True,False,False,5.465258071994674,5.312103054579362
32.124254,44,2852.17907,True,False,False,3.251858984619845,3.0045428796434477
32.132519,56,2852.807367,True,False,False,3.360422352072431,2.977262431201407
34.258971,29,2853.133334,True,False,False,3.0962677853720932,3.164155752143751
28.830071,54,2853.724272,True,False,False,3.981506205688128,2.5181786516699183
33.71502,26,2854.020201,True,False,False,3.1749529278510487,3.0380983992409267
-20.038971,7,2854.112198,False,True,False,0.5691220274668678,1.8705011569444616
28.686012,20,2854.34527,True,False,False,2.0328666530916673,2.0521062997598314
32.887247,45,2854.864542,True,False,False,3.895147570343653,3.1271796609281854
28.974992,38,2855.321406,True,False,False,2.748720893755052,2.551590675263709
45.957153,59,2856.013766,True,False,False,6.473240067478572,5.609027627608857
26.095325,29,2856.343413,True,False,False,1.7844580503374876,1.717397502228762
29.756742,29,2856.69661,True,False,False,2.406778149580637,2.34116535428149
31.655536,33,2857.076512,True,False,False,2.9093670050397042,2.7398880720577887
34.414456,40,2857.544993,True,False,False,3.5720178230962634,3.333774776613789
28.720374,21,2857.794007,True,False,False,2.3196120393580917,2.13737054014525
42.989481,57,2858.470367,True,False,False,4.958133306086236,4.922453771715933
39.576415,61,2859.217352,True,False,False,4.54311337805637,4.339461015115529
32.576998,73,2860.071571,True,False,False,3.719071842788997,3.261838942080729
38.266674,38,2860.52593,True,False,False,4.130359786395423,3.9996177463926865
31.824251,35,2860.952138,True,False,False,2.970943431608558,2.778557064598711
42.325015,73,2861.82459,True,False,False,5.796261739908764,5.051734183447272
28.31971,67,2862.634347,True,False,False,3.2350777722104844,2.5442671874883285
25.347563,34,2863.034143,True,False,False,3.7382105057906663,1.8153274277763412
31.273965,28,2863.355822,True,False,False,2.5764323267011733,2.6512375660220258
37.196902,70,2864.183961,True,False,False,4.248410450540253,4.109312326541509
41.277692,34,2864.595345,True,False,False,4.435751430881599,4.472233094585564
35.751462,38,2865.0469,True,False,False,3.5899637832639093,3.549647557016009
28.098472,27,2865.354702,True,False,False,1.803384400190284,1.996337468484864
28.72296,32,2865.739648,True,False,False,2.6575093666949723,2.2336006548286265
46.18262,71,2866.597131,True,False,False,6.09047259303789,5.804797223272327
34.770706,39,2867.052653,True,False,False,3.156339912603257,3.31747291540953
39.81652,58,2867.74739,True,False,False,4.900425264907125,4.577780423044717
39.650068,63,2868.523365,True,False,False,4.518879356743693,4.402076540835586
30.046797,25,2868.812534,True,False,False,2.4866480494260337,2.326407597516797
43.746968,55,2869.472618,True,False,False,5.241072623307155,5.0439994729951785
58.68465,65,2870.236681,True,False,False,8.299437622247783,7.952048973045068
46.775156,102,2871.464993,True,False,False,6.099588323218818,6.0172230137158325
35.290478,63,2872.21275,True,False,False,4.851156431313493,3.8318097588768887
42.500982,53,2872.830684,True,False,False,4.859816070284367,4.83787634288177
-14.070426,17,2873.043756,False,True,False,1.4266069998404587,3.6597509827449923
29.893547,28,2873.377132,True,False,False,2.386565362280911,2.44291059650626
29.716118,29,2873.708854,True,False,False,2.5685991049047385,2.3310653848783685
48.032413,62,2874.441262,True,False,False,6.6916645173497225,6.2446256190646565
45.73054,58,2875.126832,True,False,False,5.8561963031620445,5.52589539123702
27.554814,25,2875.429461,True,False,False,2.5780977803453218,1.9260015880559789
32.065861,48,2876.000295,True,False,False,3.326045570481838,2.9650222573561518
27.580953,23,2876.264079,True,False,False,2.2474942564757416,1.9299922472257194
27.22808,25,2876.578776,True,False,False,2.0578968459606397,1.8632340671202832
29.706445,60,2877.279999,True,False,False,4.451633969000034,2.998296383844445
35.319472,29,2877.616462,True,False,False,3.217423144836629,3.3847301318615566
37.882865,55,2878.272086,True,False,False,4.638179927667387,4.0328541562505915
25.198276,32,2878.658434,True,False,False,1.4770665400639538,1.5574745091462363
40.372621,37,2879.100015,True,False,False,4.585381762579581,4.385150338368669
27.054575,28,2879.430941,True,False,False,1.8614808109470795,1.8447449198457815
35.377956,53,2880.084737,True,False,False,4.930685148637973,3.6970526841350884
42.354515,59,2880.797241,True,False,False,5.429339345299395,4.941873922812759
42.822929,80,2881.752081,True,False,False,5.631270511515869,5.340719942382968
30.194016,40,2882.256332,True,False,False,2.5381728606865352,2.461154995861816
46.285132,70,2883.136277,True,False,False,6.090143280736707,5.710409899208433
46.147864,47,2883.718234,True,False,False,5.817467266146588,5.497725616686323
25.679133,23,2883.984298,True,False,False,2.217884896457331,1.6605228862560297
34.427707,34,2884.388408,True,False,False,3.080030485701292,3.196361690123687
31.370759,37,2884.835095,True,False,False,2.866431050548131,2.6891502196419252
42.303339,59,2885.5244,True,False,False,4.81654791695954,4.824331662027915
35.982844,51,2886.139671,True,False,False,3.7021782591357772,3.750646578721304
41.705459,55,2886.783055,True,False,False,5.3040300685760515,4.8114963590819
38.952769,34,2887.187168,True,False,False,4.1122450246161355,4.0643503726209005
28.568903,24,2887.476398,True,False,False,2.047909477859002,2.09798857445401
44.777921,59,2888.178262,True,False,False,5.5716198249788516,5.202694246614322
30.719967,31,2888.53721,True,False,False,2.343266772875812,2.4761211874333178
48.462492,87,2889.571129,True,False,False,7.407809769922305,6.495137177231323
40.412514,46,2890.110412,True,False,False,4.7568356701757155,4.557053561573638
35.390242,58,2890.790123,True,False,False,4.697340628706495,3.6192797927262053
43.900722,50,2891.389868,True,False,False,5.13022985267854,5.071862531513837
39.339094,38,2891.844007,True,False,False,4.31274350688289,4.144973011223364
48.309907,70,2892.671351,True,False,False,6.407391234997863,6.100096373847796
41.455033,42,2893.165966,True,False,False,4.7973098233727525,4.616610213964498
34.290678,69,2893.977233,True,False,False,3.9977693883749765,3.5046845390364845
33.472127,65,2894.749735,True,False,False,6.329379875838501,3.6365783859882335
36.766054,36,2895.171684,True,False,False,3.8959787942064517,3.6315315409626154
48.085654,45,2895.684477,True,False,False,6.06321035415043,5.8631049860327344
38.653827,54,2896.330225,True,False,False,5.032905896863667,4.281763739087546
-19.024142,7,2896.421149,False,True,False,0.3492839369913783,4.25012814968929
52.541269,57,2897.097094,True,False,False,7.182660711907003,6.815484914306455
45.286057,84,2898.058784,True,False,False,6.083382906539372,5.726942381392584
33.074632,39,2898.520881,True,False,False,3.4624567376316406,3.1260255411841267
44.22966,78,2899.456053,True,False,False,6.082976916526417,5.407469172589743
41.023811,69,2900.258854,True,False,False,6.85316572495817,4.936108946897373
49.026192,120,2901.686755,True,False,False,7.753597102877831,6.747551169987985
40.806505,77,2902.612825,True,False,False,5.022860043285474,4.887837076857313
38.625329,41,2903.085549,True,False,False,3.972792432109516,3.9995060193744023
25.507978,22,2903.351617,True,False,False,1.636288338610823,1.5126675223019195
35.772026,31,2903.724953,True,False,False,3.4808984219629706,3.4370806836313523
40.752852,75,2904.593405,True,False,False,5.727529034560423,4.9165659475706445
33.779962,24,2904.880989,True,False,False,2.9522323710564646,3.026228178597895
45.399929,77,2905.813832,True,False,False,5.83516532118654,5.600396134280635
36.527473,44,2906.349706,True,False,False,3.5624288677644036,3.625228805927785
38.100985,70,2907.186634,True,False,False,4.764820084458855,4.145924759789154
44.1236,45,2907.718987,True,False,False,5.4567366765520795,5.216620089763444
39.342233,55,2908.376865,True,False,False,4.3621931618489755,4.295533335424968
28.91426,39,2908.847369,True,False,False,2.6700423482536033,2.316019572472236
47.057908,54,2909.480453,True,False,False,5.952302100176617,5.7549172106306505
27.594575,40,2909.947091,True,False,False,1.9676403274871974,2.0732508380784904
30.221922,20,2910.187376,True,False,False,2.2700828440375336,2.321154777406492
30.389223,36,2910.61342,True,False,False,2.8574742526375085,2.6582531982127775
31.392999,40,2911.080964,True,False,False,3.64754367248268,2.9368232870995463
35.462326,37,2911.525295,True,False,False,3.441831781816075,3.395384490700491
32.178949,36,2911.950591,True,False,False,3.2058756366102403,2.85627525065362
28.033907,27,2912.261431,True,False,False,1.8354529897479994,1.964293161769661
44.422133,76,2913.156925,True,False,False,5.702005187288155,5.37363614889031
36.981171,43,2913.674291,True,False,False,3.9516284091605423,3.807003240912492
33.458541,38,2914.121914,True,False,False,2.9332902321102616,3.0523535730229208
31.737207,44,2914.640934,True,False,False,3.9144368479175595,3.0168324387808423
29.423064,29,2914.972542,True,False,False,2.504623421940001,2.349769567390572
43.678919,56,2915.642264,True,False,False,5.08270601218581,5.139148294735913
49.202993,65,2916.411038,True,False,False,6.967776797688936,6.306473179344792
41.513338,61,2917.129977,True,False,False,4.969026834040081,4.749814823888131
35.403125,40,2917.607874,True,False,False,3.4357429574866947,3.4599589357732694
31.779597,32,2918.002223,True,False,False,2.7977309275731024,2.702316966343354
49.421079,53,2918.665172,True,False,False,6.6007545164694985,6.21744537675571
47.668241,58,2919.364319,True,False,False,6.730993453545124,5.962634431183578
36.965426,38,2919.83002,True,False,False,3.8866576159968034,3.6840848552395324
25.888514,15,2920.009392,True,False,False,1.3565266455983016,1.5095065930459381
30.816606,39,2920.489419,True,False,False,2.618532186500986,2.6162871869736537
45.293429,60,2921.214589,True,False,False,6.346503987502424,5.594909053993575
34.642058,32,2921.629061,True,False,False,3.5610774927551656,3.3299249212915094
34.504564,26,2921.970846,True,False,False,3.189544462787228,3.2120332650561667
41.976598,37,2922.418806,True,False,False,4.895913908032579,4.671117397284109
28.650038,18,2922.633056,True,False,False,1.8667444329111278,2.031100105118134
40.653189,65,2923.434053,True,False,False,5.956888444914541,4.706050410039329
45.715378,58,2924.124257,True,False,False,5.557143409502028,5.590862559955636
39.826439,42,2924.602432,True,False,False,4.384082876981596,4.299906103080568
28.478694,15,2924.756991,True,False,False,1.794807560837473,2.025530339568129
30.684901,44,2925.235351,True,False,False,3.5586936859487968,2.6771337265552484
41.735064,60,2925.921808,True,False,False,5.58071557885457,4.812573009919992
39.875051,36,2926.342278,True,False,False,4.2721032058990165,4.342484397623187
27.878091,17,2926.553815,True,False,False,1.8634380130265957,1.8616220690469414
33.575335,35,2926.953535,True,False,False,3.7193045431319693,3.1211195407860366
45.884909,92,2928.069413,True,False,False,9.344250819982374,6.140962579957686
31.093935,37,2928.535407,True,False,False,2.567130458875517,2.715429819497365
32.072239,41,2929.038881,True,False,False,2.9751112003233073,2.8313414484532977
32.155553,35,2929.472386,True,False,False,2.859706753938915,2.9034972820873954
34.274285,37,2929.92029,True,False,False,3.196738759348478,3.199040694800166
28.660582,17,2930.139229,True,False,False,2.1686981781938366,2.026832762248925
38.085625,54,2930.776431,True,False,False,4.840537562044287,4.035749337990461
34.96187,50,2931.382077,True,False,False,5.07336066924466,3.5382183700111294
27.447034,24,2931.676198,True,False,False,1.8361159339912942,1.8445151502070238
31.08707,63,2932.412203,True,False,False,4.85752953441135,3.0044783449072665
51.519659,64,2933.188625,True,False,False,8.841922521912366,6.79082791831291
38.392127,40,2933.668292,True,False,False,4.346239059178961,3.97855272594302
32.091322,23,2933.948156,True,False,False,2.551565460831295,2.71083812907173
28.795762,18,2934.160508,True,False,False,2.0882378506094486,2.062907659862474
40.352344,67,2934.940419,True,False,False,4.905426864239527,4.757804573883256
47.201726,92,2936.048709,True,False,False,6.933412451272703,6.24844836850674
41.086678,76,2936.955368,True,False,False,5.715604752962106,4.8624918946529165
27.320583,16,2937.145554,True,False,False,1.844154915886267,1.7302863576716658
36.566146,49,2937.751268,True,False,False,3.9260654772359898,3.8424589008769394
48.778572,48,2938.322388,True,False,False,6.653549551478768,6.0405562199436895
36.256966,41,2938.818852,True,False,False,4.612564554990715,3.7402068667642134
32.408189,29,2939.180838,True,False,False,2.8382283023675425,2.7724168117258676
31.563447,31,2939.538398,True,False,False,2.9606878399188625,2.68360948315289
39.956035,45,2940.08878,True,False,False,4.650135556220636,4.446337241412628
38.933105,46,2940.637035,True,False,False,4.7985594420941755,4.211492370824123
29.259278,18,2940.854605,True,False,False,1.9607638735424004,2.143853106974876
39.904523,91,2941.908753,True,False,False,4.81620401968319,4.754384383091965
34.077206,48,2942.444855,True,False,False,3.2153179808560193,3.257964106134263
48.389403,82,2943.376197,True,False,False,7.1276744725448085,6.234192433483327
44.488059,55,2944.04332,True,False,False,5.203587947751081,5.314845382176652
28.632524,23,2944.308007,True,False,False,2.0963495252034017,2.1137557027438523
45.371866,80,2945.235695,True,False,False,6.966038689351496,5.771515143874799
39.787638,42,2945.735604,True,False,False,5.333407992548525,4.32548818167006
38.412748,52,2946.346814,True,False,False,4.23488185538137,4.188886659454534
27.269674,18,2946.555859,True,False,False,1.682386754066616,1.7719177279815577
41.507422,98,2947.71117,True,False,False,5.837614365017824,5.327354030459667
30.15878,24,2947.992833,True,False,False,2.3532223365439497,2.41564844116735
31.985945,33,2948.383332,True,False,False,2.734733036803089,2.7733954826444953
46.850577,50,2948.996455,True,False,False,5.5743206096085185,5.632457404677826
36.459276,30,2949.355608,True,False,False,3.579555429790479,3.5715245913051747
30.840924,33,2949.74721,True,False,False,2.9080651064945924,2.6482585278116164
38.297055,56,2950.40865,True,False,False,4.544107867815375,4.026486947383765
37.657419,51,2951.03141,True,False,False,4.214844409344387,4.065327963198795
42.844452,58,2951.726366,True,False,False,5.010125779878176,4.94241972730438
33.798517,51,2952.30065,True,False,False,3.302635691482823,3.270643782350035
40.421995,47,2952.777643,True,False,False,5.137948054259824,4.479546772861813
42.11476,57,2953.319875,True,False,False,6.104295126152167,4.970963835577755
38.214897,49,2953.818791,True,False,False,4.607346040680268,4.139938611387378
46.011025,50,2954.40579,True,False,False,5.708190305218933,5.594533898465819
35.857811,36,2954.836846,True,False,False,4.089882085324459,3.561090697807646
27.148689,19,2955.051111,True,False,False,1.665570463031107,1.7975470009761239
26.919256,21,2955.316999,True,False,False,1.6638586379397249,1.7187332706348117
37.64457,67,2956.097088,True,False,False,4.784419975262594,4.429572797577319
35.698813,34,2956.496672,True,False,False,3.5895453047717396,3.487247710640096
34.843394,37,2956.936408,True,False,False,3.364998209498626,3.360323698332179
34.65221,39,2957.392893,True,False,False,3.572765948664706,3.4007611364871853
30.795867,27,2957.722665,True,False,False,2.4045441934417258,2.5442225126381435
33.347916,24,2958.019213,True,False,False,2.9465428989925746,2.9674587027097443
36.384321,27,2958.324447,True,False,False,3.3478597318026164,3.492654945553442
30.859777,24,2958.621827,True,False,False,2.363057721074089,2.487673345095176
27.571941,25,2958.919361,True,False,False,1.728095648737445,1.899994303484448
30.829693,34,2959.327686,True,False,False,2.4679103984617963,2.4644462360151547
35.089441,44,2959.841846,True,False,False,3.7890206640242208,3.5018333889740325
42.513756,91,2960.903096,True,False,False,6.045180107523405,5.244351997908593
48.605718,140,2962.460211,True,False,False,7.656809993774513,6.875966632304357
36.738337,45,2962.974064,True,False,False,4.115765153799571,3.915271723254404
35.413771,38,2963.424467,True,False,False,3.8428488611070835,3.3867249414765053
30.4159,24,2963.701599,True,False,False,2.1722614400646436,2.3502704821366747
42.881961,82,2964.672463,True,False,False,6.073777924856953,5.325015399034873
32.692775,35,2965.094539,True,False,False,2.8023611626623057,2.9337319982506034
43.581602,74,2965.964214,True,False,False,6.347705465139881,5.2907199331241195
35.355973,46,2966.482509,True,False,False,4.297862596331536,3.6361118475391496
26.13016,25,2966.782381,True,False,False,1.5510100159991804,1.631462315636421
34.896013,32,2967.13822,True,False,False,3.1462667422938124,3.2411261139141185
27.567059,30,2967.477912,True,False,False,1.8206759484301054,1.905588860817065
36.868846,53,2970.783079,True,False,False,4.753733568570615,3.9505089461744975
43.577137,62,2971.537017,True,False,False,6.288274574197423,5.329289488865729
36.051013,70,2972.38922,True,False,False,3.937193026459099,3.8949394513959423
29.790995,19,2972.627071,True,False,False,2.051080172497926,2.2394681886849646
26.662223,18,2972.84057,True,False,False,1.4764736319736786,1.6483025793295987
44.290474,85,2973.854571,True,False,False,5.689323938696179,5.471063008880084
37.045072,54,2974.491929,True,False,False,3.825765821601963,3.871427277235421
30.034276,30,2974.828273,True,False,False,2.7785528922311857,2.5601269384006797
-12.150592,18,2975.039665,False,True,False,1.822579082618178,3.001320776606594
52.328987,101,2976.22112,True,False,False,7.799570692625996,7.300493789885327
29.610649,26,2976.527844,True,False,False,2.987850207552934,2.335828040490732
40.308419,56,2977.211047,True,False,False,4.485430104512626,4.517791014917385
31.898022,26,2977.524503,True,False,False,2.683596581819396,2.68711076390457
32.642076,39,2977.981341,True,False,False,2.788803479648689,2.9329058771235146
47.357738,77,2978.857065,True,False,False,6.070981511976805,5.961333438541099
44.453285,61,2979.489654,True,False,False,7.0186163762594145,5.437382948083405
33.329437,27,2979.817067,True,False,False,3.0816178530742975,3.014854220811517
45.039842,39,2980.265634,True,False,False,5.225424994607754,5.230595645742544
43.951687,45,2980.824903,True,False,False,5.567610113633598,5.044110913219755
30.318075,32,2981.210068,True,False,False,2.806146179534254,2.462274656605327
25.541779,22,2981.475932,True,False,False,1.7509635351196677,1.5343324808372243
45.501742,73,2982.348295,True,False,False,5.877517651536486,5.698982016811986
31.095161,38,2982.805131,True,False,False,2.708291384878794,2.661685386558201
46.914381,64,2983.480628,True,False,False,5.523927421829376,5.6673380155099755
36.896737,36,2983.87562,True,False,False,3.7170784203770006,3.741986861234161
35.141003,43,2984.369248,True,False,False,3.6770692040658153,3.4646089934541187
31.625171,48,2984.947878,True,False,False,4.46330344119656,2.9902509470444176
30.021881,24,2985.230998,True,False,False,2.5486919079239665,2.317503395350517
25.639293,15,2985.40455,True,False,False,1.3652861645074188,1.5092057985574245
31.298035,49,2985.990737,True,False,False,3.0181220725733278,2.7962507699718664
37.013961,64,2986.784682,True,False,False,4.399833635038659,4.003796549609303
43.410197,42,2987.259977,True,False,False,5.406719709113791,5.002883084285822
26.203985,19,2987.454263,True,False,False,1.7305213670474715,1.647484070162949
53.249712,98,2988.515221,True,False,False,8.00057083186177,7.202291418000128
32.547053,38,2988.91883,True,False,False,3.866483424049046,3.159880842586191
41.737806,62,2989.645232,True,False,False,5.384791051724964,4.966909262734543
37.759649,69,2990.490212,True,False,False,4.812923755587673,4.080086836093919
33.701122,37,2990.913209,True,False,False,3.0905356224541047,3.0892437344401964
34.900923,106,2992.210111,True,False,False,6.918233151065955,4.405699240416059
43.143046,76,2993.116643,True,False,False,5.577404228737494,5.259519908309926
38.359697,54,2993.767224,True,False,False,4.004188635303167,4.068856228141787
34.013159,33,2994.162817,True,False,False,3.3467031056355996,3.1745382113408955
46.317983,52,2994.789175,True,False,False,5.926632719738362,5.5914425976412145
29.156741,32,2995.168526,True,False,False,2.423045919873475,2.3379874132355476
40.405153,60,2995.868548,True,False,False,4.738853551523248,4.639977173306624
32.5929,44,2996.35327,True,False,False,3.392889837132352,3.05096003518985
33.938394,31,2996.689883,True,False,False,3.1649701403193116,3.180097115129321
36.099862,40,2997.104882,True,False,False,4.578237161355853,3.6529260842370173
30.291543,38,2997.565679,True,False,False,2.9170097714625354,2.5341480548108715
27.900081,26,2997.883866,True,False,False,1.9020524994744519,1.9797339662127302
30.990438,36,2998.317763,True,False,False,2.5904295514911375,2.6752754409193957
31.215886,26,2998.647461,True,False,False,2.480738538066601,2.68077217244972
33.188333,40,2999.129012,True,False,False,2.999320114028962,3.0737976898840706
30.181361,34,2999.544105,True,False,False,2.6830025472788015,2.5412531530137175
32.105551,26,2999.859378,True,False,False,2.6499112737484514,2.7036741376890387
30.192285,42,3000.372655,True,False,False,2.9991634413953108,2.4826954451516006
44.361399,62,3001.13822,True,False,False,5.911598504642643,5.263352237686923
38.465845,69,3001.978677,True,False,False,4.842966868776569,4.198344851179588
48.979336,79,3002.92354,True,False,False,6.2399388242208325,6.21160910662427
29.239047,42,3003.431306,True,False,False,2.8757197292334418,2.455990969596765
51.784222,78,3004.396307,True,False,False,6.854161636661615,6.706230632417171
45.948654,91,3005.508682,True,False,False,6.80365712119881,5.853709242700806
37.651745,52,3006.121542,True,False,False,4.43006937036587,4.017331458591367
46.44895,69,3006.916613,True,False,False,5.846984153539751,5.83373450626832
27.609344,27,3007.213109,True,False,False,1.7496255580853461,1.9112319868159549
45.657774,47,3007.699652,True,False,False,5.7577864588503065,5.502575897189065
27.214228,31,3008.053169,True,False,False,2.015573610469136,1.9113792189106018
34.984674,33,3008.444794,True,False,False,3.2860321980242597,3.3197757752980874
37.702367,51,3009.080865,True,False,False,3.807549353475817,3.9987773838784957
39.291247,52,3009.715493,True,False,False,4.427253310803929,4.367333191106427
31.118074,45,3010.246037,True,False,False,3.0962665829261415,2.8199007494874904
42.369024,51,3010.860373,True,False,False,5.245364276814497,4.876348288262646
41.664388,57,3011.548518,True,False,False,5.323271135203558,4.782233470996419
43.276472,41,3012.052999,True,False,False,4.959997696476985,4.854499274604769
46.06039,74,3012.955809,True,False,False,6.245144006615196,5.668671266399556
30.765826,47,3013.509957,True,False,False,3.4143458019653457,2.7711870570131323
47.482016,77,3014.469403,True,False,False,6.780431240742727,6.002853416107488
37.069841,40,3014.962475,True,False,False,4.299808842877834,3.7999573988032895
40.645527,57,3015.666711,True,False,False,5.025962394084998,4.696751633056194
28.922931,27,3016.010061,True,False,False,2.073681938210799,2.224053197827449
39.11289,39,3016.486012,True,False,False,4.534056743361471,4.1867083992179905
27.994943,23,3016.785698,True,False,False,1.9100113712987208,2.0033753970175217
28.663096,30,3017.155638,True,False,False,2.0348706853362066,2.154674650053246
41.978979,42,3017.690778,True,False,False,4.482277910177801,4.602810971608759
30.492235,41,3018.236764,True,False,False,3.076206863899131,2.5976255800957877
32.990624,24,3018.528365,True,False,False,2.691730746635149,2.8461245350205253
38.244142,43,3019.070076,True,False,False,4.1212588213672925,4.099896086850548
42.938795,49,3019.688356,True,False,False,5.241914271179062,5.00656746879941
37.448413,30,3020.070437,True,False,False,3.8749796075275977,3.7916898065398326
47.223915,68,3020.870984,True,False,False,7.033234535418899,5.886918184420584
33.367657,44,3021.36815,True,False,False,3.1075622709520974,3.0653040721033102
27.33207,34,3021.73313,True,False,False,2.3897997002312588,2.1694501735202376
29.142261,38,3022.166101,True,False,False,3.0958147687009157,2.3943091808010357
37.449669,40,3022.655075,True,False,False,3.7934816210980586,3.8651986453821707
27.524257,34,3023.073032,True,False,False,2.843402329650291,2.272184782512885
33.383657,42,3023.566107,True,False,False,3.10533959076999,3.1131113527570475
27.463628,38,3024.023782,True,False,False,2.439718218852707,2.0875431203459094
47.404853,58,3024.722438,True,False,False,6.184604323149001,5.875223090783658
41.350567,68,3025.515896,True,False,False,4.99049051065234,4.788210431282051
37.196183,40,3025.938655,True,False,False,4.144648834415447,3.8532887366922095
39.475914,47,3026.427435,True,False,False,4.435324824651797,4.298026442912355
33.488597,29,3026.713638,True,False,False,3.179754508533336,3.022080869412241
37.554733,34,3027.125965,True,False,False,3.687029491378924,3.82355068872427
29.359007,24,3027.419436,True,False,False,2.663936652590874,2.288740281298818
38.774682,42,3027.937372,True,False,False,4.777369926903835,4.166484633283344
45.707632,62,3028.705296,True,False,False,6.935583208625818,5.55890536295697
43.634482,84,3029.732273,True,False,False,6.574859571174134,5.417083507234534
-14.490475,12,3029.881382,False,True,False,1.29693739373425,5.801751431280415
31.073625,47,3030.46076,True,False,False,3.8337645192291867,3.013147177502793
29.828616,43,3030.962566,True,False,False,2.8808133971103658,2.4751775527995554
32.800795,37,3031.417224,True,False,False,3.1633318316291335,2.9504059558181295
30.692736,45,3031.941427,True,False,False,3.2681252015932274,2.6877154262693166
47.344577,69,3032.806391,True,False,False,6.349621644776177,5.960710723480687
28.606225,24,3033.097007,True,False,False,2.3163742817222643,2.053031547028593
30.296296,44,3033.638471,True,False,False,2.5550568393685995,2.543358068305456
27.358403,23,3033.913909,True,False,False,1.7429320646328341,1.887971858047856
36.454471,49,3034.493422,True,False,False,3.8888135886304065,3.7328902976538942
29.05487,20,3034.741919,True,False,False,2.285758664537575,2.1152482778600086
31.395321,31,3035.091514,True,False,False,2.5127734108840185,2.659368936088236
46.082961,47,3035.611995,True,False,False,5.738535614785687,5.608611911136161
43.136564,90,3036.634848,True,False,False,6.762310945559861,5.353770612646072
33.288057,31,3037.00055,True,False,False,3.1267249180899768,3.156921831861467
33.119334,40,3037.482291,True,False,False,2.9552948656188476,2.9620138017622923
36.37512,49,3038.070492,True,False,False,3.6193579430933345,3.7443763140572264
31.983423,46,3038.624411,True,False,False,2.8493503306057675,2.885676278485183
28.779704,28,3038.948114,True,False,False,2.1602993833151323,2.1796645253756517
40.970394,79,3039.892011,True,False,False,6.02840880342933,4.8367118762580015
27.184285,17,3040.120208,True,False,False,1.6808463692029614,1.788821613613948
30.445923,39,3040.589287,True,False,False,2.613180395959594,2.601821137664297
41.969278,73,3041.486509,True,False,False,5.019181210917543,4.921715252753703
47.97163,64,3042.242564,True,False,False,6.7861039353812,6.0304976974047895
27.563502,50,3042.830381,True,False,False,4.776558433656497,2.2176763640085304
37.394665,57,3043.518524,True,False,False,4.258417211673314,4.05969964586199
40.194548,68,3044.333529,True,False,False,5.106399197200755,4.541781484004112
34.601349,49,3044.86849,True,False,False,3.2385908344965406,3.4054952891133747
43.331616,55,3045.479598,True,False,False,5.95106130759756,5.2243377759948455
31.832432,48,3046.079269,True,False,False,3.393204375025542,3.0352267366597974
33.453082,30,3046.443868,True,False,False,3.143721006464706,2.9959891550449735
27.38693,23,3046.732034,True,False,False,1.7395205623893644,1.8522899377349693
46.345052,67,3047.536641,True,False,False,6.136417782591184,5.826098797423546
29.065754,42,3048.047943,True,False,False,2.287558389327288,2.3179405952751293
37.643222,47,3048.636157,True,False,False,3.8567569324171376,3.875791003537135
32.184004,51,3049.247624,True,False,False,3.096940503345028,3.0208102516487068
31.806399,41,3049.745919,True,False,False,2.968400515379465,2.804178512162104
35.579776,59,3050.463223,True,False,False,5.342840338798737,3.968439701842576
42.555318,52,3051.095467,True,False,False,4.723871247067149,4.869914200136255
52.333415,69,3051.957889,True,False,False,7.444194758360505,6.974753579544804
36.774689,56,3052.640585,True,False,False,5.1485879584852015,3.863695544933381
43.572114,51,3053.230871,True,False,False,5.084788325280247,5.0616736728889595
37.232408,30,3053.582388,True,False,False,3.6757443092731132,3.7130051287857686
38.047743,72,3054.376259,True,False,False,4.576967383897572,4.209108222767058
41.213621,44,3054.868695,True,False,False,5.065508434688199,4.648794731809097
42.01125,57,3055.546867,True,False,False,5.435813819417398,4.9031752158866055
27.405243,21,3055.787675,True,False,False,1.9045264181390575,1.8565495081605443
31.943293,26,3056.108233,True,False,False,2.9521578277177913,2.7197780666442717
47.214903,74,3056.989224,True,False,False,7.332293591637372,6.037944385849455
42.603706,54,3057.645214,True,False,False,4.715227607368654,4.760241054159836
41.829874,62,3058.369848,True,False,False,5.998656538212218,4.9221807615551585
28.297745,23,3058.659346,True,False,False,1.9363530860304314,2.0719945709933856
26.14381,10,3058.782809,True,False,False,1.3089141607157713,1.545788753813702
40.974412,67,3059.59861,True,False,False,5.5448823530291875,4.876862603468225
-10.160102,18,3059.821831,False,True,False,2.1611277276528758,3.2205312185083295
51.890846,85,3060.832952,True,False,False,8.51286672027721,7.066674656205492
54.320757,80,3061.789169,True,False,False,7.225811794972583,7.227045220904164
27.759988,17,3061.983661,True,False,False,1.6654068798947623,1.7773329956956825
31.283274,41,3062.493339,True,False,False,3.1471184441870523,2.73993426414348
38.0286,33,3062.890578,True,False,False,4.38652205669692,3.935403898615854
27.861116,22,3063.160165,True,False,False,1.6997204688050365,1.9241593002900022
29.04307,29,3063.515434,True,False,False,2.1589852849216338,2.2845728137764745
41.848346,48,3064.097098,True,False,False,4.81112696616595,4.697120065397975
27.596138,20,3064.339659,True,False,False,1.6623985559479475,1.8912277471399277
50.239084,117,3065.654515,True,False,False,7.307470591106401,6.964739408611894
33.808173,43,3066.143523,True,False,False,3.759021294454994,3.2118336614009415
44.499579,53,3066.74155,True,False,False,5.740813696801249,5.402773703948529
42.155205,51,3067.372673,True,False,False,4.764538726291481,4.765731644391671
44.5367,77,3068.27679,True,False,False,6.4452414355373655,5.8298562454754626
46.840765,48,3068.856733,True,False,False,5.65129032323199,5.643335342340407
36.369851,40,3069.308985,True,False,False,3.587698833051663,3.648811213583716
43.336675,88,3070.281139,True,False,False,6.145285359704693,5.512171614308031
47.136879,86,3071.285593,True,False,False,6.766883699818632,5.960506712620092
31.760599,33,3071.698613,True,False,False,3.3404131675954876,2.7280271536439766
30.473228,19,3071.920077,True,False,False,2.273730258034052,2.3220982206587317
47.0391,94,3073.048485,True,False,False,6.442466620683423,6.080629015729129
40.704597,48,3073.610114,True,False,False,4.8053004671003166,4.478027562596505
33.985833,32,3073.989894,True,False,False,3.580115342644215,3.201742674978376
31.783296,28,3074.315668,True,False,False,2.7405350320918473,2.675187668428531
33.037897,35,3074.723238,True,False,False,2.8292178937098975,2.8882746707140803
31.176592,31,3075.073949,True,False,False,2.890857105689027,2.5769015414103698
26.429426,19,3075.30699,True,False,False,1.7168191150085637,1.5809561313046665
46.551585,78,3076.24825,True,False,False,6.28127422750038,5.976529548140819
35.587808,33,3076.632574,True,False,False,3.407612929071663,3.4748296032925436
31.943624,31,3077.024854,True,False,False,2.6182494597517643,2.684527401796707
40.35638,67,3077.80569,True,False,False,5.678354441913955,4.592285816562189
37.136201,45,3078.364535,True,False,False,4.468188826950919,3.939591149150279
39.045919,72,3079.233101,True,False,False,5.313643818247605,4.474649078338231
29.176457,28,3079.546566,True,False,False,2.150733392957302,2.2482730092955108
42.267396,59,3080.196083,True,False,False,5.071377969195963,4.873212998241458
27.060625,16,3080.361119,True,False,False,1.6372646526960783,1.6713320426408622
30.948375,25,3080.665215,True,False,False,2.3258190946346855,2.507061752932713
45.31823,42,3081.180646,True,False,False,5.296703602974953,5.380805029272364
34.155463,49,3081.772107,True,False,False,3.6209731422688147,3.4927607902804443
42.536139,48,3082.350123,True,False,False,6.394825538786996,4.894815847479568
40.825571,37,3082.796467,True,False,False,4.613446538994751,4.451726399725715
29.855311,22,3083.056428,True,False,False,2.338705256676608,2.2335261280072545
38.368445,38,3083.519108,True,False,False,4.595791007047029,4.096331882834333
39.658129,63,3084.271371,True,False,False,5.243556596903616,4.595209710693472
41.245114,48,3084.854847,True,False,False,6.076148948145709,4.706592274054246
31.30832,39,3085.323442,True,False,False,4.122260044765216,2.7827100597037338
30.347201,43,3085.787509,True,False,False,2.4432575443312703,2.5344846236725846
31.965323,35,3086.203626,True,False,False,2.848026813474309,2.8219310440289878
49.430395,111,3087.40397,True,False,False,7.260770648290345,6.680821351212837
31.192642,32,3087.809921,True,False,False,2.5636570056613954,2.611297661841716
29.834744,19,3088.055928,True,False,False,2.2603756967776034,2.2904944218073253
46.156258,79,3089.008323,True,False,False,6.6984270693591155,5.772111947202695
35.904364,29,3091.863017,True,False,False,3.3428286862396397,3.5065976085046198
32.772746,36,3092.293947,True,False,False,3.0638787621364347,3.0158796346678374
48.400258,118,3093.724003,True,False,False,6.853782058506037,6.504871831227486
50.314906,50,3094.327877,True,False,False,6.4609408744793235,6.282615931301084
26.096836,16,3094.515028,True,False,False,1.4818028016428675,1.5545728513055435
30.550778,26,3094.839243,True,False,False,2.410322926075303,2.4037416108197793
33.014805,39,3095.31917,True,False,False,2.8303520886502156,3.0389145947785132
44.753104,69,3096.140334,True,False,False,5.401170516159892,5.387957466408615
46.698281,49,3096.678384,True,False,False,5.985050755782759,5.725346805941654
28.632452,35,3097.057925,True,False,False,2.154278835781313,2.250542420825355
43.700233,55,3097.601811,True,False,False,4.938751839870449,5.077016176287438
30.671771,25,3097.87138,True,False,False,2.5271511053549207,2.4534227832601836
42.19501,58,3098.542298,True,False,False,6.410608972077848,5.0521840096503405
31.581856,30,3098.909608,True,False,False,2.8395292418863836,2.7387438679820426
37.76777,76,3099.826903,True,False,False,4.710736452729383,4.192170021546149
25.590885,36,3100.257331,True,False,False,2.1082869021051316,1.6951802030032321
51.282415,106,3101.549434,True,False,False,7.286527043808323,6.956690399732165
30.153759,38,3102.022844,True,False,False,3.646476551884206,2.5711962548939455
31.026078,38,3102.500277,True,False,False,2.6392877818753977,2.639836784185103
26.602476,28,3102.837161,True,False,False,2.2071762773758934,1.7406583214667894
30.550326,30,3103.193065,True,False,False,2.2679365794239255,2.427178360922683
29.576651,27,3103.513795,True,False,False,2.548722027205387,2.3032915487400887
45.82356,66,3104.292561,True,False,False,5.949111391900167,5.591396824269947
34.566531,50,3104.877239,True,False,False,4.502137949681993,3.511334591159106
31.056424,22,3105.143355,True,False,False,2.4452337445433496,2.5018126663623654
46.110517,73,3106.005063,True,False,False,6.400654156471354,5.893782608861561
42.976035,39,3106.448908,True,False,False,5.019234560129144,4.867788127575388
26.091874,22,3106.709759,True,False,False,1.7889008312314947,1.6492874546451215
38.657069,65,3107.492862,True,False,False,4.689856548394402,4.297987414498522
39.752811,45,3108.021913,True,False,False,4.284861994883196,4.413278483675586
38.925571,42,3108.526933,True,False,False,4.310104461814849,4.181948573915537
39.839723,36,3108.959346,True,False,False,4.383830698856965,4.244008753085821
30.193718,25,3109.271294,True,False,False,2.2684550244894113,2.3473287283632462
30.955064,28,3109.600919,True,False,False,2.4360053624836624,2.516716145686773
28.670088,32,3109.988548,True,False,False,2.221785146392578,2.175192302968048
29.393251,18,3110.219374,True,False,False,2.119685410858307,2.182928233765476
42.395301,57,3110.917658,True,False,False,5.273424350611674,4.862207281829904
45.059202,77,3111.847448,True,False,False,7.120981603249339,5.716791997034451
30.456426,18,3112.069046,True,False,False,2.345733632605904,2.3346938319470762
29.289281,29,3112.408103,True,False,False,2.1696002700291768,2.275827783899205
33.426657,39,3112.889898,True,False,False,3.2055618463064954,3.094063757759771
46.322364,102,3114.093421,True,False,False,6.6918773219121395,6.010866886558304
-13.765977,26,3114.415522,False,True,False,1.821442301617895,3.7023771001081496
30.316618,30,3114.761312,True,False,False,2.531033831751294,2.464007269023821
27.847215,22,3115.033339,True,False,False,1.8800044364717408,1.8927665802442677
33.568585,48,3115.61562,True,False,False,4.599423796500236,3.1642688891157063
32.598706,25,3115.904696,True,False,False,3.1052351927504063,2.7845623630661596
36.102964,43,3116.437247,True,False,False,4.1686802382921915,3.688640746093309
40.177177,65,3117.223458,True,False,False,5.799318735710031,4.797988052039383
25.293881,20,3117.467879,True,False,False,1.9116312687433197,1.621806602323418
40.726914,61,3118.207762,True,False,False,5.023780273564321,4.687406621134441
44.807375,65,3118.982598,True,False,False,7.184719837947978,5.465590075227367
39.018494,68,3119.799904,True,False,False,4.429104764504518,4.400461170084322
33.673403,40,3120.28092,True,False,False,4.300654671341993,3.201008977179847
27.545355,23,3120.566881,True,False,False,1.80389117064,1.8708742582017912
49.038614,76,3121.497101,True,False,False,7.159498299900225,6.228035477054939
42.022699,86,3122.545189,True,False,False,5.863611752271299,5.217258633448118
28.706309,22,3122.812688,True,False,False,2.000799898808761,2.0270523491443435
30.180691,37,3123.251876,True,False,False,2.9979984439922043,2.559983988220964
46.064023,58,3123.987453,True,False,False,6.012971982558942,5.73202776811227
45.008145,65,3124.774612,True,False,False,6.295652334202921,5.497958393928761
29.615719,33,3125.142584,True,False,False,2.3294932354202045,2.343238494751366
43.815659,56,3125.791957,True,False,False,5.364808817462886,5.1089333679923685
38.737577,60,3126.482224,True,False,False,4.401340635876949,4.27420288516222
50.709078,112,3127.719094,True,False,False,9.150724921197856,7.4210577116157035
46.484239,76,3128.627927,True,False,False,6.505404951104899,6.032327186816626
34.94522,29,3128.98356,True,False,False,3.1466028938825827,3.331874728156332
49.059776,70,3129.806291,True,False,False,6.8838829339351335,6.241563974378574
44.368775,77,3130.727536,True,False,False,6.175350411937868,5.506412150719672
26.604212,28,3131.084588,True,False,False,1.9865174456731276,1.7940228509696212
40.981065,49,3131.701674,True,False,False,4.723278619470356,4.591999964176137
30.610812,30,3132.076841,True,False,False,2.4300861833099416,2.5430876821356816
42.446338,60,3132.821584,True,False,False,5.052849912134895,4.802372602097652
37.943114,56,3133.513524,True,False,False,4.64876742021367,4.084954350896271
35.100793,47,3134.047697,True,False,False,3.777941059703738,3.4347428399597026
39.784113,55,3134.703517,True,False,False,4.368669443280794,4.36367016125152
35.02088,34,3135.085534,True,False,False,3.4136362394571775,3.246135295825009
29.346058,31,3135.406967,True,False,False,2.707837095770853,2.3374822046814208
34.711825,55,3136.041017,True,False,False,3.8167890256455,3.5573266127934198
39.794763,58,3136.741465,True,False,False,5.734072911451162,4.468968869014181
29.945032,19,3136.972174,True,False,False,2.1944260445150157,2.252486501948564
47.62515,100,3138.165433,True,False,False,6.657125043205717,6.198418191582378
33.23601,43,3138.706466,True,False,False,4.621938762606696,3.1758008270722065
29.481181,21,3138.955755,True,False,False,2.1467550237451833,2.2017381172706547
57.682989,85,3139.995089,True,False,False,9.152299891499016,8.064690899208339
27.019674,17,3140.198087,True,False,False,1.5042844751420372,1.7010265723755473
33.635053,29,3140.57195,True,False,False,3.289675391579735,3.1386662100411096
25.447413,27,3140.90032,True,False,False,1.6486995173638834,1.5568085466476034
44.465137,66,3141.738377,True,False,False,6.380610514678845,5.506983800024172
31.036417,63,3142.503624,True,False,False,4.4088502913175605,3.0879885521786172
39.294175,56,3143.161602,True,False,False,5.356520956738143,4.292574770793518
33.392167,30,3143.51049,True,False,False,3.0732207779568372,3.019075471717214
41.996818,47,3144.03194,True,False,False,5.487938450043277,4.7431867850342675
36.732511,65,3144.794889,True,False,False,4.318620585540312,3.9674731600355218
39.867459,59,3145.53585,True,False,False,5.239649304287636,4.375663497444709
50.816335,63,3146.306051,True,False,False,6.891606894240358,6.531943572376618
31.100241,23,3146.593159,True,False,False,2.4931386437853473,2.5096979675442372
49.048015,65,3147.385602,True,False,False,6.168026997132255,6.095776677822394
39.525976,57,3148.057183,True,False,False,4.439856935950815,4.408967385959072
38.984709,35,3148.503253,True,False,False,4.149035714218165,4.177058572184202
34.457973,44,3149.045905,True,False,False,4.135807477716609,3.356038004577443
32.117257,30,3149.414566,True,False,False,2.9466650723758536,2.8224703966330718
31.83144,17,3149.593978,True,False,False,2.473762082464819,2.5550588918934998
38.08411,47,3150.090954,True,False,False,4.400622147330543,4.008387313487636
40.538932,41,3150.561579,True,False,False,4.904450078577362,4.491912749677643
41.520355,77,3151.491429,True,False,False,5.74219978058429,5.02595471669944
30.970173,24,3151.774837,True,False,False,2.6534996340258825,2.539509858505392
33.778823,43,3152.290367,True,False,False,3.2426674902999593,3.1693486781757763
32.495717,43,3152.830069,True,False,False,3.090375420020384,2.908436736644931
39.335762,43,3153.33726,True,False,False,4.078539474560842,4.172080214094474
35.205475,38,3153.794937,True,False,False,3.3531198786151033,3.4728049081738357
30.020393,50,3154.4009,True,False,False,3.1115498919359332,2.6097702381634558
28.917338,24,3154.688655,True,False,False,2.808161544413118,2.1903899102882565
46.32708,38,3155.139044,True,False,False,5.528019057295328,5.4375236051618945
47.11906,64,3155.815608,True,False,False,6.079660276857102,5.937835534049568
39.322402,56,3156.424319,True,False,False,5.5295314335601145,4.354784329772047
27.895917,25,3156.706974,True,False,False,2.090424941669335,1.9264791128601848
26.179141,24,3156.963547,True,False,False,1.4438259387651493,1.6368367127663062
34.555258,35,3157.325138,True,False,False,3.3346343198085395,3.325996071605677
28.631378,20,3157.546016,True,False,False,1.8579038019443155,2.060998727107977
37.50514,44,3158.082576,True,False,False,4.040678421982316,3.9797457686071973
-16.972944,21,3158.34182,False,True,False,0.9758090776719478,2.574447295627394
34.90473,35,3158.763521,True,False,False,3.2876273358094856,3.383761407889797
39.156509,62,3159.512149,True,False,False,4.9806874511105415,4.276913464735574
42.38378,56,3160.182438,True,False,False,4.698396664295622,4.769629970686924
27.56238,23,3160.459309,True,False,False,1.7537671093064675,1.8762807818488763
36.477472,38,3160.911543,True,False,False,3.9726950094687434,3.708679965154414
29.111998,41,3161.393048,True,False,False,2.4012653567554185,2.3317085050696225
50.604868,60,3162.099685,True,False,False,6.902377137243356,6.5470199465867625
26.295277,31,3162.44428,True,False,False,1.6707743941898987,1.7060407805935174
34.999358,33,3162.820685,True,False,False,4.247496810718496,3.407296223068868
26.348532,20,3163.066096,True,False,False,1.6442385683237757,1.6125655134758252
38.773824,51,3163.696908,True,False,False,5.674384224764842,4.297999879809621
26.672838,37,3164.140625,True,False,False,3.1488728413835667,1.8578257199886423
40.827903,137,3165.743644,True,False,False,6.567179283268393,5.408686245335458
51.769074,87,3166.668189,True,False,False,7.431147864533443,6.84234309528415
31.426241,39,3167.107945,True,False,False,2.591237797074583,2.738622035650776
36.892275,55,3167.738913,True,False,False,4.022851059439935,3.8781516433843937
38.679365,54,3168.389169,True,False,False,4.468994379941352,4.229520467292825
27.701769,15,3168.590314,True,False,False,1.7315945760370812,1.8106796830641143
35.247616,57,3169.270681,True,False,False,3.735944797127138,3.638261731196825
26.737296,23,3169.559692,True,False,False,2.34186301877086,1.7604013532000224
40.278014,52,3170.180577,True,False,False,5.06089513298758,4.4732127568313835
42.306439,67,3170.967177,True,False,False,5.256749583254226,4.948478338251061
39.088734,50,3171.55341,True,False,False,4.827282608911931,4.248517168255618
22.891205,72,3172.353292,True,False,False,4.6483668143892825,2.3348691046587575
30.14104,22,3172.591252,True,False,False,2.328607239184309,2.3649911997303046
29.626907,30,3172.916691,True,False,False,2.4682815941804743,2.3289815894238557
40.356815,40,3173.362746,True,False,False,4.862206032829844,4.4447908362527135
53.445236,68,3174.166267,True,False,False,6.9703673578695975,6.972506700765923
27.626507,23,3174.449975,True,False,False,2.5207058238042626,1.9234107303302441
42.545941,52,3175.066681,True,False,False,5.8510472517920915,4.852256955256602
33.846171,52,3175.682177,True,False,False,3.1661533963015165,3.3320909006064934
44.471064,70,3176.520332,True,False,False,6.4125260905496235,5.486539675000257
29.625083,26,3176.834417,True,False,False,2.1816025150430036,2.2562781097178455
28.512808,16,3177.023339,True,False,False,1.8018343779990413,2.014674819699461
47.071747,70,3177.874969,True,False,False,6.267886098288517,5.788233534461585
38.690561,56,3178.547651,True,False,False,4.3473209190349165,4.148820557096179
31.436579,19,3178.771538,True,False,False,2.5403014662615804,2.5954655997299443
25.881737,63,3179.531218,True,False,False,3.314651014902526,2.105995845357354
47.005557,78,3180.465807,True,False,False,6.143889522580595,5.989214922849515
28.93321,30,3180.847052,True,False,False,2.994894691804379,2.295665651916419
36.171259,41,3181.347213,True,False,False,3.5372528362775033,3.5842368925013575
33.046026,36,3181.790802,True,False,False,2.930872309377973,2.9854242204703434
31.042467,37,3182.254559,True,False,False,2.5696766469031975,2.591291297681396
25.714006,19,3182.477092,True,False,False,1.5063079450573484,1.5215555622950099
31.218939,24,3182.762199,True,False,False,2.689159369674157,2.5097458002679027
30.716291,40,3183.247565,True,False,False,3.031513616684385,2.621620354733527
29.080229,25,3183.56409,True,False,False,2.1106682129483705,2.194040173953126
33.556362,46,3184.132902,True,False,False,3.3368982707576773,3.1879943423903385
26.695563,12,3184.278112,True,False,False,1.4159187449561144,1.663540352866481
29.888775,34,3184.691699,True,False,False,2.4293566645726368,2.454372052854135
31.128284,31,3185.059724,True,False,False,2.4381684187255694,2.6039940108416832
25.902492,33,3185.470322,True,False,False,3.437980627177737,1.6861859128601835
44.660017,96,3186.624242,True,False,False,5.7753551348431795,5.576584335319853
38.598066,53,3187.257201,True,False,False,4.3572726619149025,4.225810034905407
40.200088,45,3187.798828,True,False,False,5.122280022109516,4.486365509665941
52.206789,66,3188.59764,True,False,False,7.630707317169315,6.925236518690477
43.639681,88,3189.673623,True,False,False,6.540433620848259,5.529589989620816
28.54711,45,3190.213301,True,False,False,4.740021462285047,2.3199521113077757
43.800933,71,3191.072839,True,False,False,6.952599044246464,5.566769505735856
27.592521,22,3191.344057,True,False,False,2.0612140813353084,1.9268936094661568
44.722341,70,3192.205506,True,False,False,6.175813660449053,5.3896061555458274
32.469396,36,3192.647988,True,False,False,2.785895617179868,2.9447516665274946
33.314385,51,3193.263644,True,False,False,3.1923506368330403,3.2032540930485647
36.640727,40,3193.754646,True,False,False,3.800064972055007,3.6400563454830155
41.363288,60,3194.477829,True,False,False,4.48261581580999,4.64212864853668
48.272662,76,3195.364054,True,False,False,6.373907087518912,6.097901047306568
31.852664,36,3195.788788,True,False,False,2.75774442145604,2.833910063176995
26.860512,24,3196.06017,True,False,False,1.5122520555645709,1.726879010871345
26.428269,24,3196.319381,True,False,False,1.4451923509523743,1.65668086585027
41.670191,45,3196.824836,True,False,False,5.147283988286164,4.668290693015106
35.455106,38,3197.213698,True,False,False,3.5670856629522647,3.437989468509264
29.511202,40,3197.69085,True,False,False,2.630386152967914,2.391297529367514
31.107858,42,3198.213115,True,False,False,3.8799292778250374,2.8561293173406246
40.748543,54,3198.869831,True,False,False,4.922672673608496,4.494324991227218
43.836958,66,3199.674834,True,False,False,5.513618622170881,5.253742620389732
29.845119,33,3200.06395,True,False,False,2.572657523853318,2.5455996009590796
32.009915,52,3200.694347,True,False,False,2.8484101755789935,2.9596284444834167
36.644124,34,3201.116657,True,False,False,3.5940494430691237,3.7038177199006657
31.514363,37,3201.578885,True,False,False,2.7984046924683526,2.747401125257208
31.074759,32,3201.976392,True,False,False,2.6983427230118413,2.631886379020223
34.308153,40,3202.457542,True,False,False,3.6425182228220585,3.344523796258668
26.452495,22,3202.729484,True,False,False,1.615294650526924,1.7063709006954308
40.759686,87,3203.770698,True,False,False,5.675103805178163,4.992933757858626
46.147343,58,3204.490659,True,False,False,6.066236294065682,5.498849440583271
41.774032,47,3205.078581,True,False,False,4.7617732693040296,4.646030539151471
39.953949,49,3205.682451,True,False,False,4.586415795210628,4.3859350061378946
40.779347,40,3206.160343,True,False,False,4.7596042863570185,4.500278048674867
34.126022,50,3206.767648,True,False,False,3.4160304027471544,3.2728503413734753
26.805,14,3206.938409,True,False,False,1.531264272093338,1.693855515761342
26.860016,25,3207.253433,True,False,False,2.158635115859779,1.8075765565698663
33.80268,61,3207.975752,True,False,False,4.523525690444416,3.443962803263714
30.469045,32,3208.386269,True,False,False,2.261263178414644,2.438003519855636
39.159167,36,3208.822938,True,False,False,4.678656090036726,4.1542815835379265
31.144156,23,3209.119859,True,False,False,2.425071181425568,2.5650400673335936
42.43777,43,3209.633917,True,False,False,4.920476203810485,4.72392629562011
45.648637,60,3210.364626,True,False,False,7.216006607425963,5.598367055275568
33.873752,39,3210.842931,True,False,False,3.051590242422073,3.157767117926109
40.770072,51,3214.05917,True,False,False,5.241404822381541,4.676643123772129
48.071808,65,3214.794377,True,False,False,6.577946849302352,5.990778413579217
45.085496,66,3215.520298,True,False,False,5.984954097800779,5.398216345368572
29.220168,28,3215.850286,True,False,False,2.073517046259557,2.191159892540506
33.902418,25,3216.142275,True,False,False,2.8071293658495855,3.0666991393613197
31.649977,21,3216.400801,True,False,False,2.4254138418619804,2.6496840788398237
38.600397,37,3216.847436,True,False,False,4.213636095122936,4.017442690193352
30.055399,27,3217.170202,True,False,False,2.2186318606232436,2.3164167046823954
44.917267,96,3218.315329,True,False,False,5.8130863221641444,5.6601784225798735
47.048804,64,3219.073568,True,False,False,5.817385284517055,5.731358725477739
39.580053,45,3219.576272,True,False,False,4.931821470409905,4.343863167281404
46.459017,63,3220.318795,True,False,False,5.967360907518747,5.792611054246945
36.233382,21,3220.555635,True,False,False,3.277882144408166,3.5175017559151445
34.842752,33,3220.961092,True,False,False,3.5243946604739764,3.241981429835218
27.696733,23,3221.219126,True,False,False,1.7318574570210452,1.8859589409758257
32.257491,40,3221.689345,True,False,False,2.897440020612668,2.8714251380826665
39.356178,38,3222.14214,True,False,False,4.1313176281942745,4.245487764879819
30.577162,27,3222.475955,True,False,False,2.3574129663913235,2.5241672720001618
34.302426,30,3222.844677,True,False,False,3.3575071191437433,3.2129645020118316
40.331679,61,3223.565555,True,False,False,4.626337625600159,4.527764438380279
32.105882,30,3223.903588,True,False,False,3.315164934114832,2.8150143570889035
29.433634,18,3224.101586,True,False,False,1.9922042103813111,2.225881093312033
38.044452,39,3224.542821,True,False,False,4.2348752772978075,3.9774626194903036
44.282073,46,3225.064586,True,False,False,5.811716766441051,5.247124292777177
45.514406,69,3225.837421,True,False,False,5.570911995132145,5.495179358809984
38.378855,49,3226.40287,True,False,False,3.9328526369702588,4.05905396908813
44.557356,54,3226.982907,True,False,False,6.179485361624028,5.230620901402402
41.823988,55,3227.56251,True,False,False,4.8381441936750225,4.685926397282131
-15.030852,17,3227.732836,False,True,False,1.3879803210254185,2.860939695003888
27.648124,27,3228.012088,True,False,False,1.781096723533494,1.9209842508967716
37.830384,38,3228.39756,True,False,False,4.110828346137639,3.882588806852049
27.447314,25,3228.696298,True,False,False,1.7917010438399914,1.8344365106722849
39.20947,54,3229.318243,True,False,False,4.405303697785073,4.293094129355154
40.094345,36,3229.705318,True,False,False,4.241894266175509,4.269299866422123
23.107508,65,3230.39683,True,False,False,4.6542967965188184,1.7003240146233425
43.834137,53,3230.97693,True,False,False,5.858539907264288,5.262976130996493
39.169539,36,3231.387344,True,False,False,3.9351550590039555,4.094188242059566
44.128736,57,3231.96253,True,False,False,5.402479772115013,5.199494301741436
50.994293,51,3232.541417,True,False,False,6.908064388823104,6.446201941934471
34.458834,37,3232.942459,True,False,False,3.4289782482643925,3.2344459279529767
35.246251,34,3233.311286,True,False,False,3.640590877276388,3.4025576614434003
37.314948,72,3234.094371,True,False,False,5.144166718280112,4.212698157642133
25.045779,44,3234.575946,True,False,False,2.069387861514531,1.659061760282867
40.446466,46,3235.060926,True,False,False,4.693069610857297,4.613639638842053
27.283933,36,3235.43361,True,False,False,2.3375079379287595,1.963267474992329
33.997022,33,3235.792852,True,False,False,3.1018634374700427,3.0591753797781287
38.380543,59,3236.410007,True,False,False,4.1828422910659935,4.153675687616673
34.663316,34,3236.750355,True,False,False,3.1384348432970355,3.2527624390698815
25.660221,43,3237.192623,True,False,False,3.7430186795221463,1.8288372010071572
45.246355,59,3237.787493,True,False,False,6.220002390164639,5.5460791457845655
33.047712,33,3238.157845,True,False,False,3.1003062349621326,2.9657465656328434
41.152732,53,3238.729615,True,False,False,4.967671433954958,4.7485817140368525
42.85934,103,3239.858009,True,False,False,5.584960717161734,5.370141335194873
34.003676,24,3240.114292,True,False,False,3.2518129489899392,3.08308112185405
27.394362,24,3240.382616,True,False,False,1.6983926142967287,1.7934931561084575
42.152099,83,3241.250211,True,False,False,6.5406085974843595,5.007455983069978
30.181428,33,3241.593169,True,False,False,2.70171712265736,2.447858235124713
46.440772,59,3242.212974,True,False,False,6.586003466306125,5.788397144605724
32.75268,26,3242.488301,True,False,False,2.935357091131028,2.8351707535156363
33.874245,34,3242.848441,True,False,False,3.196193609591216,3.1006283422764747
33.432099,34,3243.228285,True,False,False,3.0780736822875454,3.0423922144959232
37.045391,40,3243.656118,True,False,False,4.193367007597435,3.869802604998565
40.472315,50,3244.199172,True,False,False,4.572362686826608,4.3933350156736015
26.259056,30,3244.523046,True,False,False,1.7995204156182516,1.7408178612819745
41.848336,69,3245.256915,True,False,False,5.819061781953763,5.063281929529485
49.412985,67,3245.943866,True,False,False,6.970486273708807,6.332531678291488
49.683969,101,3247.022916,True,False,False,7.008534530425307,6.662149401083148
49.436865,58,3247.628345,True,False,False,6.465687727857498,6.239827776651232
29.051226,21,3247.849359,True,False,False,1.8730612216969644,2.1005064404635796
42.702786,47,3248.322267,True,False,False,5.194377630586396,4.8710015376728455
45.295883,55,3248.921224,True,False,False,6.2354289282209665,5.551824781132129
30.805291,29,3249.244663,True,False,False,2.583714399607662,2.5314921308335747
34.250102,37,3249.654856,True,False,False,3.3323072186648743,3.2791408184645796
43.565237,64,3250.334405,True,False,False,5.744090445233051,5.308436826194913
28.42039,24,3250.577852,True,False,False,1.9851581359016883,2.062310950883704
31.145972,37,3250.950103,True,False,False,3.236066002569998,2.734373115936671
39.21343,39,3251.360571,True,False,False,4.032235764206069,4.035624996860428
47.919602,84,3252.244908,True,False,False,7.110745961180048,6.275874665973484
32.106277,33,3252.59076,True,False,False,2.5515641858924907,2.751232813580862
46.228021,53,3253.167154,True,False,False,5.780123227627849,5.564705299652403
44.83192,81,3254.051173,True,False,False,6.671915971486354,5.669470739534772
46.880079,92,3254.993452,True,False,False,6.177741937105692,5.9435643101590365
37.215745,37,3255.379825,True,False,False,3.697851648995539,3.793883351850354
26.557345,61,3256.028289,True,False,False,3.5235188093066645,2.4533850741562393
43.805898,62,3256.682287,True,False,False,6.593814677598455,5.28808345894797
36.537288,58,3257.319969,True,False,False,4.617566722418731,3.9094366910004577
25.893183,33,3257.679613,True,False,False,2.2397769452133067,1.6707825695687137
51.520295,73,3258.469649,True,False,False,6.795685737694119,6.609870867701652
35.559713,36,3258.884027,True,False,False,3.621560866948929,3.469358121906749
37.489616,50,3259.416184,True,False,False,4.29622539761839,3.924814321657628
35.598503,48,3259.917929,True,False,False,3.6931894847407802,3.528438502243044
40.988008,91,3260.846278,True,False,False,5.85933057842319,5.1025079204534824
29.880449,34,3261.233822,True,False,False,2.8279163090865858,2.42529164501919
30.124379,28,3261.529042,True,False,False,2.770933519540222,2.4360175881094595
39.805395,48,3262.037319,True,False,False,4.515494764932035,4.27619859093627
36.897807,39,3262.468239,True,False,False,3.7259676782485536,3.801507526364238
30.447281,41,3262.907207,True,False,False,2.462695083229262,2.536009562961337
37.314747,46,3263.396098,True,False,False,4.103122677684378,3.9580200547173194
29.219595,31,3263.75044,True,False,False,2.244982473076256,2.2509330906528024
37.55461,72,3264.496346,True,False,False,5.168915355556402,4.205211107837852
44.316104,47,3265.004879,True,False,False,5.4633899106349855,5.208972218282148
-19.066913,7,3265.085717,False,True,False,0.6860862792837743,4.582191514348032
33.139458,29,3265.389772,True,False,False,2.916999924841482,3.033525802756564
45.5791,79,3266.262663,True,False,False,5.844606459819534,5.605098983496199
35.06298,39,3266.678112,True,False,False,3.473636448198873,3.3889122398832496
41.053565,63,3267.363794,True,False,False,5.000358855342413,4.6758261841112
27.329092,18,3267.567956,True,False,False,2.100603804427051,1.939713790476994
37.015426,41,3267.997334,True,False,False,3.622101627070675,3.7741420169654134
26.680523,30,3268.31607,True,False,False,1.5232309793496954,1.7670052772987226
32.110845,45,3268.831509,True,False,False,3.1415764119565432,2.9114135953418145
48.490961,104,3269.95051,True,False,False,7.947720697893067,6.587775955973037
36.075595,42,3270.406033,True,False,False,3.4800176687747717,3.561352133306998
34.379844,44,3270.85027,True,False,False,3.3685725442389973,3.376441842707606
44.240012,53,3271.379673,True,False,False,5.588157428909065,5.138962555919676
43.648362,66,3272.093151,True,False,False,5.264748040781426,5.109285148182724
43.998497,71,3272.846739,True,False,False,5.911532812826639,5.2967470466733415
42.492024,61,3273.496305,True,False,False,5.700341260094342,5.092764361568337
45.401306,51,3274.051456,True,False,False,5.517926557071516,5.419781228426292
33.764722,27,3274.312541,True,False,False,3.4989040106355893,3.1191200622020228
49.956689,67,3275.064384,True,False,False,7.562937311474512,6.541337002215364
38.049512,43,3275.503799,True,False,False,3.9238121084425477,4.076580267994165
34.586005,36,3275.896161,True,False,False,3.8055990110552016,3.353893528692714
45.488763,63,3276.589376,True,False,False,6.228833388681325,5.645591931808392
42.545954,56,3277.178674,True,False,False,5.639753927798846,4.882600367770554
25.988979,15,3277.345135,True,False,False,1.3547381518487431,1.5291208932271427
31.73817,20,3277.578512,True,False,False,2.544487364525242,2.596261844373566
29.261017,29,3277.907582,True,False,False,2.1091332214124643,2.2500428345795696
29.177314,29,3278.219613,True,False,False,2.691678904287053,2.27264172533561
42.93521,67,3278.953301,True,False,False,5.445681335268318,5.073438893667974
40.482486,40,3279.417577,True,False,False,5.249906552265834,4.489636886590121
42.173371,50,3279.950485,True,False,False,5.388678061683304,4.79407893850751
40.171691,62,3280.638812,True,False,False,4.424692065944517,4.505189803432166
49.143448,68,3281.416138,True,False,False,6.530001212283888,6.241672926689922
40.193101,42,3281.852844,True,False,False,4.331212572703711,4.452942317122627
44.889917,76,3282.661609,True,False,False,5.669195604622995,5.563577389616509
34.509524,35,3283.016151,True,False,False,3.208732817521631,3.152419915666754
51.22098,65,3283.694814,True,False,False,7.3612337931265825,6.716732348218387
42.987499,51,3284.222937,True,False,False,5.2202635828972435,4.980305128725188
51.092603,96,3285.242137,True,False,False,7.332105935485908,6.805152368026349
27.627896,20,3285.447779,True,False,False,1.92065891433614,1.8227907271732684
45.162341,54,3286.03946,True,False,False,5.856875748055292,5.394483224117261
33.114445,27,3286.342314,True,False,False,3.0520438736327193,2.9864343184246356
32.688979,39,3286.715932,True,False,False,2.8402245667340447,2.9483605680479235
32.453297,48,3287.198578,True,False,False,4.242358539617664,3.0256029823466655
29.427586,18,3287.389803,True,False,False,2.0754124385338684,2.2652080881364944
50.938303,41,3287.829118,True,False,False,6.447365408153647,6.3184612084248855
35.669627,39,3288.221638,True,False,False,4.222639129663076,3.465147118104614
45.776059,86,3289.122949,True,False,False,6.361654302022389,5.739933549132585
38.73735,47,3289.624248,True,False,False,4.484183364209068,4.186156401239731
30.512782,67,3290.307855,True,False,False,3.393857585765559,3.2714319951286943
27.22422,24,3290.553516,True,False,False,2.0941817346973677,1.8610156780597498
44.007999,64,3291.210563,True,False,False,5.461508641318675,5.204388857809893
32.406589,39,3291.596332,True,False,False,3.293838791929564,2.9099854925278286
31.527454,40,3292.016624,True,False,False,2.6804575935766453,2.741254408266143
29.191612,20,3292.231171,True,False,False,2.1653443693748007,2.206734034445791
33.782665,38,3292.642755,True,False,False,3.3448935537982614,3.1449385489325055
40.881707,51,3293.160464,True,False,False,4.546058803002378,4.495678837645495
28.826817,30,3293.501647,True,False,False,2.1934825462651983,2.1849454557652304
43.305407,45,3293.976234,True,False,False,5.223136198231485,4.921357607096748
40.121864,49,3294.476565,True,False,False,4.779107005330291,4.536472793441898
36.534698,50,3295.005459,True,False,False,3.765635141639544,3.6755133886364404
33.317662,33,3295.349016,True,False,False,3.2007888245519895,3.0716491593651853
41.727168,82,3296.226548,True,False,False,5.385117719230663,4.979545292259146
43.594003,74,3296.989177,True,False,False,5.833957729435394,5.303549265645106
37.358006,51,3297.520165,True,False,False,4.127132776898514,4.008077033097076
32.040777,40,3297.945568,True,False,False,2.587269109778056,2.8047545556181825
32.248206,34,3298.311956,True,False,False,2.968255765995934,2.8543758505266164
38.670237,41,3298.773173,True,False,False,4.232154247031822,4.255730181937445
30.507083,36,3299.124176,True,False,False,2.3434311394362712,2.5260432763955283
28.046278,22,3299.370082,True,False,False,1.9260245045523874,1.9383450638771675
52.954843,73,3300.14144,True,False,False,7.277228304795561,6.880613804103394
38.742785,61,3300.831353,True,False,False,4.84976296226842,4.2208290473398735
36.409686,49,3301.362865,True,False,False,4.963048279884599,3.788245318455526
49.691956,59,3302.038915,True,False,False,6.8632256471493704,6.265573398490143
45.619229,50,3302.558531,True,False,False,6.333121028910375,5.44984228296107
29.75768,32,3302.910438,True,False,False,2.275285157571049,2.4211929796295055
36.886771,40,3303.323234,True,False,False,4.253552110951761,3.7829793877430014
37.337139,48,3303.801909,True,False,False,3.9480527186553793,3.9271588135255007
38.361578,45,3304.277869,True,False,False,4.231458696662648,4.055859302668534
43.716515,71,3305.086323,True,False,False,6.110504792196228,5.248917855929557
43.043726,53,3305.683693,True,False,False,5.232023183304877,5.008237735788554
33.311148,28,3305.993506,True,False,False,2.8728568282396814,3.064389496235897
36.626932,39,3306.439024,True,False,False,4.347682601853388,3.698005395009193
31.099109,38,3306.845995,True,False,False,3.1510798531505584,2.607120212457431
29.803991,25,3307.09918,True,False,False,2.2522377753266944,2.3125822090491552
36.061087,46,3307.592561,True,False,False,3.7744903026896304,3.6723827671123224
25.492364,49,3308.079114,True,False,False,2.5979380473822684,1.7950499834398583
47.283007,60,3308.726595,True,False,False,5.990424911273231,5.953009137611939
50.329503,66,3309.412428,True,False,False,6.6651759021645205,6.420352904506393
34.203065,57,3310.011222,True,False,False,3.39263056606422,3.3860911664743427
27.699884,21,3310.247198,True,False,False,1.7068672350333653,1.8876283461223977
26.256449,28,3310.54776,True,False,False,1.9602534310758726,1.648298542173294
33.893201,43,3310.984234,True,False,False,3.9533308185294427,3.324930991077557
32.573306,48,3311.523126,True,False,False,2.964300476884225,3.0156958323874514
26.096995,17,3311.708355,True,False,False,1.4016360210539718,1.5773206165413627
45.410168,52,3312.276819,True,False,False,5.82768526883245,5.4416200112861866
34.784225,39,3312.68121,True,False,False,3.7364294514146303,3.3997571739124735
26.46408,22,3312.930415,True,False,False,1.8947699685008277,1.671916971043068
33.844377,39,3313.332504,True,False,False,3.5746383661417345,3.2393740173926133
41.992118,55,3313.903568,True,False,False,5.144940853646274,4.93670769771309
34.574471,67,3314.640324,True,False,False,5.898339653824148,3.722937247565774
36.31953,50,3315.174366,True,False,False,3.7443978704381693,3.741666263372623
39.567028,44,3315.641484,True,False,False,4.722344632885595,4.264149394778917
30.878335,33,3315.993196,True,False,False,3.2258716067434867,2.7214804649900537
26.33962,18,3316.19781,True,False,False,1.6473722052573692,1.65461464727111
50.172716,72,3317.004188,True,False,False,7.571414929052553,6.496075367240433
42.327784,49,3317.55487,True,False,False,5.679421616124425,4.889352008162206
39.541108,52,3318.149017,True,False,False,4.919791584973511,4.451226176591176
30.094711,24,3318.42331,True,False,False,2.2864519186657666,2.2935628063057827
39.339268,58,3319.08095,True,False,False,4.632626398553501,4.436994340137272
36.343104,42,3319.526492,True,False,False,3.5057828647574945,3.68870430377189
40.39693,47,3320.053146,True,False,False,4.666572569572576,4.4239699723227615
53.3013,64,3320.844406,True,False,False,7.085665524114216,7.046240089781485
44.359184,82,3324.19637,True,False,False,6.826849037754007,5.517522082201832
43.063654,99,3325.38414,True,False,False,7.751184322881845,5.4023094537900445
31.227667,35,3325.79649,True,False,False,3.7085476462052536,2.8321547715205924
26.200055,18,3326.016451,True,False,False,1.438564794334151,1.5338897395371134
26.766036,24,3326.313373,True,False,False,1.681862766776321,1.6883236179144425
36.963871,48,3326.903369,True,False,False,4.655121876483157,3.919433897134196
31.099771,24,3327.185568,True,False,False,2.4821148024830255,2.515936071243403
34.954149,28,3327.51248,True,False,False,3.450165670906064,3.284654597649516
42.040615,44,3328.072257,True,False,False,5.1328397374371155,4.738355001661365
36.162436,32,3328.466926,True,False,False,3.369565038158904,3.5527514579561443
36.626012,61,3329.209126,True,False,False,4.329181662966947,3.9206659389983227
28.748693,25,3329.504219,True,False,False,2.3004393786307307,2.108909029766096
33.858914,43,3330.048136,True,False,False,4.246154082014652,3.2161792217778395
33.424542,22,3330.300337,True,False,False,2.6799769308006036,2.8766921387542244
49.796525,77,3331.175419,True,False,False,6.614680907443422,6.470833706854489
40.931715,44,3331.688262,True,False,False,4.4203280645746155,4.508034246189306
43.615378,87,3332.685846,True,False,False,5.745282816886503,5.470807898304609
46.179282,63,3333.388577,True,False,False,6.349830310059964,5.760209558848692
45.763958,91,3334.46202,True,False,False,6.724084581098802,5.956699691111784
30.254128,23,3334.732047,True,False,False,2.2045571977316873,2.4025675429257336
44.146822,56,3335.428671,True,False,False,6.4490886698936425,5.325394133399939
41.37323,54,3336.075424,True,False,False,5.338287062932718,4.783564023160653
38.662029,50,3336.682166,True,False,False,4.3154052206666975,4.103098134629201
26.55139,67,3337.482354,True,False,False,3.275032317406445,2.247283842441434
37.821787,48,3338.062598,True,False,False,3.884560089756309,3.8977617151009656
37.125623,31,3338.425751,True,False,False,3.6889317467149887,3.723691805649271
37.984538,49,3339.032004,True,False,False,4.257564673246938,4.055131363775016
43.102729,32,3339.407666,True,False,False,4.703753977009089,4.853116029661834
49.513705,45,3339.93785,True,False,False,6.698787017556833,6.163427610564536
29.842514,29,3340.285154,True,False,False,2.662980673774761,2.422386271391912
36.88566,62,3341.035917,True,False,False,4.419399631159194,4.0633645077790925
42.192231,57,3341.694063,True,False,False,4.953580437747302,4.820148083440022
30.541627,39,3342.170711,True,False,False,2.8999520170545914,2.686565931187436
33.353772,25,3342.466586,True,False,False,2.774365686758972,2.924269451735665
33.51784,54,3343.117804,True,False,False,5.115082739538254,3.3853518525642134
28.39971,23,3343.402597,True,False,False,2.1997477230707294,2.0435027389435527
38.932428,30,3343.757224,True,False,False,3.9180087042936402,3.981861989066715
27.489715,22,3344.016018,True,False,False,1.7069735291306103,1.8152147515885593
40.14908,66,3344.774095,True,False,False,4.681709317295571,4.57134561725602
33.984314,24,3345.05587,True,False,False,2.92192707391412,3.052399077795194
27.318535,27,3345.37439,True,False,False,1.6352821044440042,1.872377651682098
32.510476,54,3346.007698,True,False,False,3.19252810622431,3.2452924865404174
33.88844,29,3346.342762,True,False,False,3.295611529232974,3.067466020841438
25.95455,28,3346.674005,True,False,False,2.1651423939139645,1.697274980224232
27.306008,38,3347.12876,True,False,False,4.233478860625141,2.0288786393388554
30.941815,19,3347.343697,True,False,False,2.277682545765359,2.477274524156529
29.905091,26,3347.660208,True,False,False,2.214222630305189,2.2637195893900395
45.573572,113,3349.022019,True,False,False,7.186680945177126,6.19051726556906
29.701233,34,3349.417406,True,False,False,2.2252229852580894,2.3643215139214795
44.056616,70,3350.260379,True,False,False,5.2517219676919105,5.323654403170907
33.300219,23,3350.523207,True,False,False,3.0229973393515177,2.916512078576792
30.77652,36,3350.950519,True,False,False,3.499685610093245,2.656580386866465
31.391641,26,3351.255824,True,False,False,2.3271247571598925,2.535948230243713
34.86396,37,3351.710031,True,False,False,4.167499369749587,3.5299267101428016
32.980608,33,3352.098146,True,False,False,2.818638505065758,2.87656288064003
42.782077,47,3352.66239,True,False,False,5.411512054423964,5.024644315104176
46.992634,75,3353.543229,True,False,False,6.165916290986478,5.937253695918605
-4.238865,60,3354.262917,False,True,False,4.986845680695625,4.85501530861623
25.887145,26,3354.574205,True,False,False,1.4953383421744144,1.5339765755145542
28.046357,25,3354.876385,True,False,False,2.1008105520746096,1.9404552032077456
38.575696,58,3355.565201,True,False,False,4.7954898300664635,4.328095533426215
43.042351,39,3356.020212,True,False,False,4.864532591683289,4.960349922220907
27.968946,23,3356.305028,True,False,False,2.027621311249144,1.9665967852946586
49.590812,65,3357.058983,True,False,False,7.28608072578647,6.47447303908413
41.695554,44,3357.593055,True,False,False,4.567134257473673,4.696400502896337
29.92998,27,3357.932952,True,False,False,2.253531503337089,2.3321582652740718
32.203565,30,3358.290295,True,False,False,2.7725968595850277,2.832679241957862
42.272553,65,3359.069415,True,False,False,7.013778869728636,5.194947314173547
41.732179,54,3359.708401,True,False,False,5.366776418483133,4.77062944082698
32.426743,29,3360.054389,True,False,False,2.714569288633653,2.8343564336856737
29.832612,34,3360.451611,True,False,False,2.8355443909013385,2.6119385312219805
27.442888,25,3360.72816,True,False,False,1.8543138333212508,1.8974575693265578
30.601794,22,3360.997208,True,False,False,2.3344174840655074,2.495251660015289
33.138669,31,3361.36868,True,False,False,2.875897646967401,2.9440694164935475
31.170666,32,3361.718086,True,False,False,2.9894260430491943,2.638593927905048
30.644471,33,3362.053336,True,False,False,2.895545347988593,2.597068338300809
39.996132,35,3362.437854,True,False,False,4.683789032579386,4.305343653007202
48.3595,80,3363.39941,True,False,False,5.916361333044837,6.079514914597562
37.546731,69,3364.24177,True,False,False,4.378663274184144,4.031046634054807
39.742291,60,3364.967841,True,False,False,5.0702835851050105,4.573389268813157
35.80716,42,3365.466811,True,False,False,3.5019420863602844,3.50416587614643
28.496682,24,3365.758144,True,False,False,1.9772149139162674,2.0588891165814536
30.080501,24,3366.047857,True,False,False,2.098615872029827,2.3471325886733534
32.349752,48,3366.616024,True,False,False,2.8778874514001673,3.044527883019072
27.487333,19,3366.852959,True,False,False,1.5997782386091266,1.810251788172953
26.537386,12,3366.994855,True,False,False,1.3792055569541446,1.6142331787279465
31.067199,31,3367.35693,True,False,False,3.1654020965443106,2.618698657629716
39.066783,43,3367.882946,True,False,False,4.435496646558785,4.280897537109465
36.508889,56,3368.58518,True,False,False,3.918357987004302,3.8571676782660638
32.557941,26,3368.904857,True,False,False,3.1271768228613728,2.788412410453019
29.975823,57,3369.579953,True,False,False,3.2012524475805946,2.652388967872498
29.752695,18,3369.798243,True,False,False,2.1097810561156445,2.1709288724588913
36.105777,34,3370.200782,True,False,False,3.4580818420865147,3.624666447286058
48.123809,79,3371.141503,True,False,False,6.80360748095241,6.193209388545064
35.211446,25,3371.431694,True,False,False,3.295795286122489,3.3531475849445807
30.13175,34,3371.848423,True,False,False,2.5764311433342226,2.3889780272691956
45.561484,94,3372.959591,True,False,False,5.99656056985299,5.805171601757594
35.840102,30,3373.287888,True,False,False,3.408557626515786,3.4951474480630793
44.559982,67,3374.031433,True,False,False,5.790952829431008,5.3650852673601035
33.820857,57,3374.678555,True,False,False,3.3484873808060787,3.3424323182438505
31.574446,48,3375.254705,True,False,False,3.4912391410955554,2.822252121876472
31.551471,33,3375.655799,True,False,False,2.7646998067330335,2.7309290457492876
26.763743,23,3375.910179,True,False,False,1.8729927503934638,1.7412048198146826
50.25726,84,3376.911265,True,False,False,6.909852479367818,6.571440231856384
30.855426,27,3377.244036,True,False,False,2.353249964087665,2.4777621287725133
40.727317,44,3377.760048,True,False,False,4.339140351824111,4.429334945689985
43.719304,72,3378.639444,True,False,False,5.409902918427826,5.208707089414994
30.833471,19,3378.857783,True,False,False,2.4369285578300306,2.457546465924201
31.155736,36,3379.275377,True,False,False,3.4549368671493648,2.6502186355620996
45.143855,53,3379.911798,True,False,False,5.966282816636513,5.509997726369986
26.663315,26,3380.224652,True,False,False,1.659006759120179,1.7384923509441859
27.44953,19,3380.436445,True,False,False,1.768082530000466,1.7890986846051566
29.402057,29,3380.793755,True,False,False,2.7193246848348673,2.3487503849056295
40.671772,59,3381.480082,True,False,False,5.484061656323576,4.713288478176695
28.970332,44,3382.002825,True,False,False,3.796711661211421,2.371418057087484
30.690279,42,3382.502036,True,False,False,2.4661009740319715,2.5903761244610455
39.095817,49,3383.100906,True,False,False,4.564688343756389,4.24365812021542
32.597379,32,3383.499615,True,False,False,2.775096465085407,2.80929070004894
31.718394,55,3384.147999,True,False,False,3.9344064063400537,2.8900312590777664
26.770562,19,3384.391184,True,False,False,2.0407823832390775,1.740555531323069
36.309689,70,3385.244801,True,False,False,4.018625156060925,3.932937102124922
31.786603,40,3385.713101,True,False,False,3.1810371025161777,2.9063957098538244
31.618681,36,3386.145566,True,False,False,2.7663879178107584,2.739303592065419
35.692813,43,3386.631168,True,False,False,3.664541724532456,3.490120724884156
39.847134,65,3387.418184,True,False,False,5.598341991876546,4.575450490037393
32.671371,30,3387.773089,True,False,False,2.890760997826917,2.8826329050275907
32.406739,42,3388.274626,True,False,False,2.6904548307894953,2.8756293323406603
45.049964,56,3388.938256,True,False,False,5.4901156308495045,5.337119694992814
35.172783,30,3389.300219,True,False,False,3.1425099453444103,3.311492547325889
36.840759,34,3389.716208,True,False,False,3.725031749763716,3.7662473686956273
36.601283,66,3390.499841,True,False,False,4.568532946658441,3.913373655996949
36.324932,34,3390.88837,True,False,False,3.5660534982348904,3.6104124299100824
38.845146,45,3391.402038,True,False,False,4.270640527884869,4.169796857602132
28.502462,23,3391.684619,True,False,False,1.950998456078256,2.0518785134188433
33.888023,72,3392.539199,True,False,False,3.8510133571120075,3.584325091616218
26.966703,20,3392.77255,True,False,False,1.683089704534625,1.6550775770293282
31.974386,48,3393.351301,True,False,False,3.044621013444942,2.926541909569555
39.020322,43,3393.853077,True,False,False,4.239283553368216,4.139647490795412
42.237205,49,3394.462235,True,False,False,5.100601653643212,4.941621773300765
29.138457,29,3394.802508,True,False,False,2.4418822882046483,2.142310049031145
27.967546,21,3395.059968,True,False,False,1.8765157247066284,1.8733007551643148
26.246178,20,3395.291627,True,False,False,1.6921022662026786,1.6657434216032665
44.195958,68,3396.102273,True,False,False,5.401550966074161,5.37808949945953
26.661118,28,3396.419576,True,False,False,2.6084201708565957,1.7763017486516657
29.884926,37,3396.853652,True,False,False,2.302297736025386,2.379267094674686
44.230579,102,3398.071436,True,False,False,6.20283159103181,5.817866540126794
27.593109,25,3398.374953,True,False,False,2.043528249356784,1.9331353922617713
29.168418,40,3398.845884,True,False,False,2.494087535243902,2.396710795313154
34.782006,24,3399.1282,True,False,False,3.1610314450855626,3.2543741504795345
37.118101,45,3399.648009,True,False,False,4.430472163893256,3.8965047729688815
36.453534,50,3400.242112,True,False,False,3.9506387050118374,3.7395735511956665
-15.678751,27,3400.559646,False,True,False,1.8433169317683535,2.952415380370831
45.450534,115,3401.902904,True,False,False,7.266444947079228,5.9466022814202475
31.635742,26,3402.209442,True,False,False,2.5882472360869326,2.6425491995854813
26.692701,29,3402.558349,True,False,False,1.7528651323381295,1.75583829389782
26.789917,12,3402.696862,True,False,False,1.4181146682193708,1.6164406741620452
31.074605,37,3403.120473,True,False,False,2.627182211770299,2.604008356170147
38.000675,65,3403.902153,True,False,False,4.512998940912474,4.296094919162123
36.821852,39,3404.350901,True,False,False,4.266751709654975,3.7212164064553357
47.018386,67,3405.160313,True,False,False,5.939449754173784,5.768918941674814
51.247713,86,3406.15942,True,False,False,7.252206899886467,6.803573003683193
29.856328,29,3406.483155,True,False,False,2.7499216165483875,2.420821926591831
33.338305,35,3406.905799,True,False,False,2.971010143394592,3.047919999282738
37.719537,48,3407.460669,True,False,False,3.8616040639948657,3.9206024357765568
44.020782,57,3408.134468,True,False,False,5.7586266484556194,5.279859973829368
38.937135,47,3408.710479,True,False,False,4.140217249808701,4.150677541226382
32.86942,25,3408.997113,True,False,False,2.623068306505547,2.838019745499602
37.200861,41,3409.489089,True,False,False,3.663638410335324,3.760533979654299
27.44185,18,3409.701299,True,False,False,1.844363154823035,1.8482815567816842
42.592062,53,3410.330077,True,False,False,5.441018271926786,5.004277281450549
34.887641,32,3410.706179,True,False,False,3.4100017293798874,3.3549667634266904
44.423087,80,3411.626285,True,False,False,6.731296922253145,5.584437533626594
55.008491,107,3412.853751,True,False,False,8.006711497608812,7.723848391456562
28.440138,32,3413.231716,True,False,False,1.940488295644805,2.1245432179787422
25.730384,32,3413.629657,True,False,False,2.759898264830584,1.8149580715452904
45.25045,43,3414.13205,True,False,False,5.603489432246824,5.337406447469052
38.054465,35,3414.557698,True,False,False,3.9867081607910335,3.9658310512477515
27.591927,29,3414.898551,True,False,False,2.038996049796117,1.955642865960984
36.363455,38,3415.349829,True,False,False,3.717906730173642,3.679648373622787
49.238405,63,3416.1035,True,False,False,6.789674036582679,6.174048082176828
36.04559,33,3416.487156,True,False,False,3.9324298849075516,3.58288698425905
34.461601,31,3416.869458,True,False,False,3.072861783072356,3.166507505300764
33.581757,34,3417.273288,True,False,False,2.8068345700858557,3.017251508428097
38.032617,54,3417.914239,True,False,False,4.4483627365278835,4.101404484889379
50.690966,73,3418.791258,True,False,False,7.378428400674235,6.563444628679448
50.486728,72,3419.643533,True,False,False,6.813744059484721,6.412330677698019
-15.107518,31,3420.006871,False,True,False,1.6505472805621844,5.884390246033429
37.651517,71,3420.82916,True,False,False,5.906606376663737,4.545267425389456
48.417893,60,3421.544122,True,False,False,7.178887564250308,6.154988186980891
28.748651,19,3421.766987,True,False,False,1.9251401654962417,2.0673373569178133
46.214513,72,3422.49504,True,False,False,7.122330592786006,5.882704548193694
35.179589,49,3423.039002,True,False,False,4.086774861595871,3.6004348877870047
38.31326,51,3423.658388,True,False,False,4.096730517248817,4.0247853803363025
33.007893,43,3424.162561,True,False,False,3.183007447943418,3.1096193846457947
41.766,51,3424.783858,True,False,False,5.340106234069819,4.797606574110659
48.925689,56,3425.443626,True,False,False,6.007819938494134,6.058328122221617
29.254915,20,3425.680092,True,False,False,1.9153481245386519,2.1438851931039924
39.685766,71,3426.525351,True,False,False,6.192823819698879,4.722136857212315
39.276258,44,3427.034878,True,False,False,4.299802572937454,4.217044747688752
35.726578,30,3427.377946,True,False,False,3.196831761721171,3.362077101377167
39.439258,58,3428.048774,True,False,False,4.434728934412981,4.378211420269079
37.213514,40,3428.511705,True,False,False,3.908409890239566,3.8244246584501447
26.048316,14,3428.68218,True,False,False,1.4816880795995524,1.5013818939628132
35.571615,49,3429.239803,True,False,False,4.209837849065648,3.6432840024456343
50.656664,114,3430.58093,True,False,False,7.244172998910194,6.830561597685226
39.886612,44,3431.108551,True,False,False,4.885580524179468,4.423610108954756
34.786945,34,3431.512159,True,False,False,3.1482054398712047,3.253972514204375
34.867375,33,3431.894953,True,False,False,3.588683573375633,3.3834568472043047
37.897055,45,3432.426373,True,False,False,3.9020835363324347,3.9821354283924193
41.705488,56,3433.062048,True,False,False,4.868473560672304,4.82132480511714
33.258381,36,3433.472934,True,False,False,3.017894321061796,2.991909356926342
37.315873,31,3433.846097,True,False,False,3.752974352834584,3.7652774539386207
47.889989,60,3434.567051,True,False,False,5.780692330802932,5.902452790322507
30.140117,39,3435.025795,True,False,False,2.469891406612309,2.48341750962064
43.808422,42,3435.528688,True,False,False,5.617567585767899,5.126057545414703
44.9803,50,3436.130505,True,False,False,5.464405777252176,5.300634301445538
27.014249,28,3436.464799,True,False,False,1.6676444695049368,1.8519235803797094
26.716307,12,3436.610337,True,False,False,1.3774108575736028,1.548630838467365
35.298023,35,3437.016315,True,False,False,3.3573713019782843,3.422160003682711
32.910815,29,3437.37402,True,False,False,3.960009847920863,2.9019731635512405
51.142311,86,3438.386697,True,False,False,9.642942142292135,7.237296391667821
38.479377,58,3439.093209,True,False,False,4.134417272827212,4.259930827459121
30.749437,20,3439.304456,True,False,False,2.5846726419285937,2.4677088024937652
43.869692,43,3439.763836,True,False,False,5.568960832550031,5.080906062467196
39.446276,59,3440.428344,True,False,False,5.873544810878564,4.2972150749963784
27.743447,32,3440.818442,True,False,False,1.8812736085040682,1.966518981726116
39.326528,33,3441.204818,True,False,False,4.031894759747322,4.079112272228548
34.504506,79,3442.154081,True,False,False,5.292580367441916,3.789722154095954
48.291044,63,3445.8084,True,False,False,6.235389127030329,5.954631661653926
-12.559616,29,3446.174516,False,True,False,2.332804525788065,2.750846831348316
30.167634,46,3446.730786,True,False,False,2.995176297416721,2.688501142673344
26.457921,20,3446.976171,True,False,False,1.5342628119925044,1.6188755825020602
35.863301,75,3447.869776,True,False,False,5.201729413900059,3.865103387771284
38.971965,43,3448.404878,True,False,False,4.072692718046829,4.106072044436521
37.079191,54,3449.076285,True,False,False,4.995816933652079,3.960607531886123
38.846078,57,3449.762899,True,False,False,5.9237309187204295,4.443583680931705
33.905836,42,3450.254696,True,False,False,3.6375309447575206,3.2529955508396338
40.248441,43,3450.737728,True,False,False,4.94583819635719,4.498346618021399
30.926586,24,3451.009958,True,False,False,2.6896915654188227,2.5150302636418105
46.538385,65,3451.768229,True,False,False,6.047264277638007,5.810322470251185
28.714294,27,3452.135686,True,False,False,2.288275055924248,2.168511193777288
32.204869,30,3452.497293,True,False,False,3.160810483200944,2.8597179238319024
26.595171,16,3452.684525,True,False,False,1.3550869582539675,1.6428557273056394
40.161034,49,3453.23608,True,False,False,4.421183136890546,4.365545661995889
28.253474,18,3453.434466,True,False,False,1.7798929914781993,1.9208971384513167
28.849179,26,3453.741844,True,False,False,2.1533101128844274,2.127630193761502
36.393853,36,3454.157349,True,False,False,3.665582981615575,3.6005872978199887
31.725028,30,3454.489369,True,False,False,2.9373442793491074,2.741535353781218
32.49703,46,3455.022809,True,False,False,3.4530508081120095,3.0024071902453704
50.047321,57,3455.732468,True,False,False,6.60779038331453,6.332621414658734
38.332211,40,3456.214256,True,False,False,4.124440858778356,4.0046152454342065
40.011067,37,3456.649198,True,False,False,4.332073496768385,4.21073574214476
26.043216,14,3456.822205,True,False,False,1.3062773659135818,1.5320773517936128
28.587846,22,3457.08967,True,False,False,1.8791847472446015,2.1023271166901987
35.048858,35,3457.510389,True,False,False,3.457392325905996,3.4061977422965395
28.482289,28,3457.847953,True,False,False,3.1840516204873817,2.1292915374983226
26.928769,23,3458.114775,True,False,False,1.5900750498172151,1.7405171318341175
41.620428,50,3458.712155,True,False,False,5.19751409279113,4.74256155250846
27.07777,16,3458.900327,True,False,False,1.5352553751858478,1.749081920324587
26.408554,33,3459.313378,True,False,False,2.3512247003933893,1.783144888450452
31.527449,41,3459.78216,True,False,False,2.9187496274724105,2.7598368913009375
40.201905,49,3460.382812,True,False,False,4.545793019792671,4.440366072162618
33.38133,34,3460.784985,True,False,False,3.118664109113222,3.021082924455043
33.452897,54,3461.434297,True,False,False,3.61158072290157,3.2801572153178133
38.49901,41,3461.916896,True,False,False,4.712742586105756,4.062886211551215
36.32736,49,3462.52195,True,False,False,3.8765398183346917,3.7483638128984538
48.438345,63,3463.282765,True,False,False,5.989219569261992,6.090049572765465
27.04388,27,3463.614474,True,False,False,1.7156686513941348,1.8139366149110634
46.610408,50,3464.22282,True,False,False,6.073274723404414,5.784306995819173
39.228114,56,3464.887422,True,False,False,4.233572369759581,4.278833833343532
36.758792,38,3465.348929,True,False,False,4.704256540796567,3.785044593417893
38.319053,44,3465.857622,True,False,False,3.8867313981412197,3.8970308575050523
39.759452,44,3466.38315,True,False,False,4.515181779403591,4.257280280608504
39.495827,39,3466.832974,True,False,False,4.304868222303591,4.256283769333691
34.125003,37,3467.282362,True,False,False,3.2053626728956592,3.123734484450084
36.107328,52,3467.909544,True,False,False,3.774574860442129,3.6835232987382476
31.006709,30,3468.275294,True,False,False,2.9414220563792988,2.6715231587196278
42.881678,68,3469.088942,True,False,False,5.70087421654878,5.132511143880293
31.970552,32,3469.4736,True,False,False,2.7761475908312185,2.784483856216171
32.034279,36,3469.907993,True,False,False,3.625427682420976,2.9647747076767703
38.242609,48,3470.480952,True,False,False,4.133457476841585,4.007213866958555
32.185051,24,3470.760295,True,False,False,2.9111737450988926,2.7138850629515066
35.064752,52,3471.385624,True,False,False,3.8865036012027803,3.5512004324269792
39.024983,34,3471.793251,True,False,False,3.9076530001732555,4.00496972334874
31.040084,34,3472.194563,True,False,False,2.902499406494312,2.6867427550996856
32.265073,21,3472.440767,True,False,False,2.800574664200845,2.732058380129592
41.385771,50,3473.020112,True,False,False,5.41467081557112,4.673791570670427
31.956813,48,3473.599819,True,False,False,3.0518642265801104,3.024928558127545
35.743679,36,3474.048852,True,False,False,3.493227914168502,3.4653442036453233
28.392857,18,3474.272317,True,False,False,1.871059628761488,2.0435264138041513
32.360577,27,3474.598968,True,False,False,2.904771580549974,2.7857688995418988
30.479299,24,3474.888179,True,False,False,2.3826714599927237,2.464645300474702
43.915604,45,3475.399432,True,False,False,5.277885736107565,5.063425523792389
52.289794,57,3476.088902,True,False,False,6.910140508621872,6.727524617921511
39.674406,51,3476.676953,True,False,False,4.287865702226812,4.386077475429128
47.774334,85,3477.68137,True,False,False,6.785981719316367,6.19029697342304
42.3397,38,3478.125206,True,False,False,4.720962874360751,4.783150607416217
40.221025,41,3478.612972,True,False,False,4.42715392743387,4.35419017150584
40.707426,48,3479.174828,True,False,False,4.631593485611328,4.5648668581909595
42.059683,53,3479.752757,True,False,False,5.226452841432497,4.9722473923846335
48.624709,74,3480.61814,True,False,False,6.457779978449233,6.191841800297967
32.167896,46,3481.190792,True,False,False,3.1460033768042592,2.963306887523841
36.298522,38,3481.658355,True,False,False,3.549897187215542,3.6290474957247594
33.518767,34,3482.060949,True,False,False,3.3178433468299864,3.0718518605909897
27.850345,14,3482.237234,True,False,False,1.608680354189064,1.8099645145263759
33.680774,29,3482.574771,True,False,False,3.050475264766082,3.070746179495469
-19.176773,9,3482.692462,False,True,False,0.5721909903231535,2.3701310875163926
42.541025,42,3483.197552,True,False,False,5.387138922493416,4.870153654254585
32.50751,46,3483.752253,True,False,False,4.880130340577686,3.1806164561761534
36.418907,44,3484.269794,True,False,False,3.9667267436051397,3.746324649925629
27.728061,26,3484.575464,True,False,False,1.7596542653662146,1.890195404534129
32.629932,65,3485.33662,True,False,False,3.702026426673393,3.330171465155
38.690721,43,3485.82258,True,False,False,4.004900801459986,4.06906274710141
35.45432,37,3486.195248,True,False,False,4.000013407981847,3.506006047323355
43.865454,52,3486.74694,True,False,False,5.150174881037538,5.17794993817894
37.931606,64,3487.504405,True,False,False,4.164954218069014,4.07459069986644
26.69744,19,3487.738907,True,False,False,1.873145910101315,1.7273015554200837
39.492384,56,3488.384982,True,False,False,5.176500061538199,4.448824541547841
32.257895,51,3489.004895,True,False,False,3.621988033073031,3.129347199682505
37.012733,52,3489.59859,True,False,False,4.278449019915274,3.925415887377647
40.57886,52,3490.20512,True,False,False,4.750008486877914,4.51052527799716
32.460178,25,3490.508212,True,False,False,2.5988297425603273,2.755315014864035
43.229731,88,3491.533662,True,False,False,5.459569187478405,5.22121628309685
39.973182,79,3492.472631,True,False,False,4.727995927949334,4.588386814036978
28.729836,28,3492.833062,True,False,False,2.6468189658584325,2.1656457558543365
38.842219,62,3493.58491,True,False,False,4.726008353526311,4.209132254676345
43.464105,37,3494.037404,True,False,False,5.8440495731043125,4.998154943660404
44.943773,76,3494.930891,True,False,False,5.8176689971797675,5.480676425804842
37.639435,41,3495.415214,True,False,False,3.9821100926311686,3.9479913109862883
32.501828,54,3496.026188,True,False,False,3.2775483367323623,3.0438331859249663
35.612297,58,3496.710338,True,False,False,4.396713281521362,3.6422225377503255
37.056682,60,3497.432402,True,False,False,4.767021025383874,3.9643673495714906
26.587747,26,3497.729512,True,False,False,2.002355730275627,1.767680741818716
32.817121,22,3497.982734,True,False,False,2.8809448417257224,2.930705385396678
44.72423,50,3498.564326,True,False,False,5.622347154226914,5.217422594078105
25.533468,32,3498.949645,True,False,False,2.1127367142288214,1.584956073239289
28.421848,27,3499.264337,True,False,False,1.9104656344550766,2.0696068474161624
30.247373,40,3499.734924,True,False,False,2.416542617738647,2.519532422167558
29.160833,19,3499.95327,True,False,False,2.1431119646456653,2.0994016732921557
36.165655,33,3500.348921,True,False,False,3.524656874413827,3.5254720702915643
27.630473,40,3500.810002,True,False,False,3.189871213447959,2.310452339297972
27.384827,23,3501.072941,True,False,False,2.14129341328346,1.8570086819006788
37.866144,87,3502.116106,True,False,False,5.172760767962579,4.349239909869214
27.005322,33,3502.500681,True,False,False,2.827653640426509,1.8985588771877822
29.626277,28,3502.834658,True,False,False,2.4269825335196593,2.2546739254454553
48.517447,45,3503.370549,True,False,False,6.158506911460493,6.012473745239722
29.794029,28,3503.703485,True,False,False,2.0790831229163556,2.2570297511551383
40.968401,46,3504.243998,True,False,False,4.689477288597186,4.5507060931979355
38.915264,49,3504.803661,True,False,False,4.945684902959749,4.208384833621508
33.55116,39,3505.278129,True,False,False,3.1461151353342545,3.0894368905764815
41.627846,59,3505.953148,True,False,False,4.951364628554712,4.7526585346170425
44.054565,93,3507.051871,True,False,False,6.214958447892412,5.475670619192279
44.727474,54,3507.670458,True,False,False,6.397433375416309,5.393954669619922
47.975038,50,3508.257699,True,False,False,6.338936963252313,5.904085966143208
38.681133,43,3508.758888,True,False,False,4.608185255250325,4.180296765185011
35.761786,53,3509.394715,True,False,False,4.052001423607309,3.7469610386090153
39.832891,62,3510.13099,True,False,False,4.718858483251649,4.429518067325898
44.661679,62,3510.85328,True,False,False,5.374636394244125,5.267624992581614
44.804894,68,3511.645102,True,False,False,5.924204907444872,5.462757865048513
34.255317,25,3511.929427,True,False,False,3.2036532546065275,3.0967376824592385
28.342237,26,3512.230085,True,False,False,2.0220198597760706,2.0587050530505104
33.225073,21,3512.488371,True,False,False,2.6963718033776094,2.8304494239345908
31.005117,37,3512.91615,True,False,False,2.567010979381332,2.675122021488055
28.977002,16,3513.104773,True,False,False,1.9992335287755088,2.1322699581335365
37.786833,26,3513.398492,True,False,False,3.624336009057125,3.745700649583326
37.731891,48,3513.9544,True,False,False,4.253427658608322,3.912412053522123
45.639625,42,3514.445754,True,False,False,5.575259490445186,5.3757010560902785
30.303071,37,3514.887119,True,False,False,3.0591694628731,2.4825162688422933
29.121365,18,3515.096507,True,False,False,2.1471734973098098,2.1451223152397896
50.704651,81,3516.029987,True,False,False,7.135463133803417,6.648278703482333
35.96773,38,3516.47102,True,False,False,3.6458463937824876,3.588971362096645
29.992466,28,3516.799353,True,False,False,2.7631477072025765,2.444889856763408
30.504332,30,3517.152636,True,False,False,2.3004715197967327,2.4777140185284443
35.546675,63,3517.897801,True,False,False,3.7147436044041755,3.716693618635733
30.276137,43,3518.389497,True,False,False,2.9704131782259307,2.581671182950121
26.920003,24,3518.667812,True,False,False,1.9505908561524274,2.0339242143443355
27.477328,20,3518.902536,True,False,False,1.6850227524560686,1.860154881626761
35.695986,46,3519.424471,True,False,False,3.7629226227754056,3.543330426700953
43.946959,50,3520.006959,True,False,False,5.068156192011597,5.0948158297624415
31.889908,37,3520.442067,True,False,False,2.6612599933923153,2.74340624566755
41.104491,69,3521.248007,True,False,False,4.663805071079064,4.724294000056309
32.200134,44,3521.780695,True,False,False,4.346065153711843,2.9747645857381215
48.895759,62,3522.512572,True,False,False,6.509405754521568,6.1788208667214315
45.509527,67,3523.312007,True,False,False,6.640595965695574,5.632436827339877
27.902441,24,3523.593925,True,False,False,2.1015706350987866,1.9710057676756938
36.473725,41,3524.073471,True,False,False,3.537667563985892,3.6435992505951136
30.566026,23,3524.350769,True,False,False,2.30060801937097,2.432459075409709
38.994184,62,3525.0835,True,False,False,4.662506053538356,4.321974850555369
26.359181,17,3525.273764,True,False,False,1.687359621505854,1.6459600851755798
29.777289,37,3525.71628,True,False,False,2.2409506783693063,2.4127360389742534
-16.163468,17,3525.903839,False,True,False,1.1251478143249727,4.467727744789591
36.784573,41,3526.409855,True,False,False,4.1184063225523655,3.7795646067377473
26.341135,19,3526.623731,True,False,False,1.4468108899807104,1.649278812937731
34.321151,35,3527.045972,True,False,False,3.1017124369049633,3.1986730461388952
41.045147,52,3527.651113,True,False,False,4.454055367696893,4.545295722171492
38.809736,41,3528.120384,True,False,False,4.215140721056067,4.102156959049368
33.26919,34,3528.525567,True,False,False,3.583371606497503,3.072981962623431
43.377947,72,3529.379808,True,False,False,6.181647688782052,5.250960103507464
44.710213,67,3530.182499,True,False,False,5.753657100532937,5.427210198246868
45.961141,54,3530.818035,True,False,False,6.430910150509745,5.5780306926884275
30.048872,30,3531.167953,True,False,False,2.3359633336411174,2.4871052804988736
40.171246,59,3531.837309,True,False,False,4.902327072902616,4.578524122069865
31.828098,31,3532.201819,True,False,False,3.019951979438958,2.7235169587466053
37.218482,49,3532.763096,True,False,False,4.588388226474945,3.9291692854425735
49.355298,82,3533.722259,True,False,False,8.828659137311035,6.6891863134650595
47.601525,53,3534.347005,True,False,False,6.1626319303204244,5.798493490768319
30.648029,33,3534.71304,True,False,False,2.909596331046952,2.6001773146220444
31.074326,27,3535.029274,True,False,False,2.858495700242043,2.6310283759208173
-16.997582,15,3535.190235,False,True,False,1.016251481888082,2.991006264112364
36.42998,33,3535.583393,True,False,False,3.799753225151054,3.655142574499291
24.112808,33,3535.966594,True,False,False,2.0747366315396567,1.5485196378205859
29.165197,31,3536.343569,True,False,False,2.3837947946726947,2.2320761141688346
37.537482,51,3536.933925,True,False,False,5.10261693019909,4.062338712505667
42.503986,43,3537.456198,True,False,False,4.6546417400535995,4.814996915130696
31.184885,28,3537.783486,True,False,False,2.8166633728555057,2.6219845974384746
32.380354,34,3538.192106,True,False,False,3.2122928584145436,2.8582150093635503
39.871273,61,3538.920894,True,False,False,5.368265877412225,4.545514337644277
39.063469,47,3539.476485,True,False,False,4.604165157876071,4.344534045083682
42.748398,55,3540.108457,True,False,False,5.031170872006041,5.007515989655592
37.555407,39,3540.569325,True,False,False,4.020949561345365,3.916940237793008
28.724584,32,3540.948028,True,False,False,2.002740052259568,2.177228084963622
27.056356,12,3541.091574,True,False,False,1.5301313464630875,1.6237962423098462
30.951425,46,3541.625942,True,False,False,4.184654793503663,2.9005568812543574
26.308041,14,3541.786904,True,False,False,1.4160104428937612,1.5923075983566646
35.124747,26,3542.094221,True,False,False,3.349909008424007,3.385356457825689
27.68624,21,3542.326798,True,False,False,1.9857512485790376,1.879057707525991
45.267704,53,3542.951948,True,False,False,5.775711605973757,5.39333060306568
33.185158,31,3543.306163,True,False,False,3.15559237462034,2.952079583394621
34.03771,43,3543.828856,True,False,False,3.8454536072241576,3.2896620700363615
33.451238,41,3544.304271,True,False,False,3.0121598498469195,3.0880248330546327
48.830632,51,3544.893596,True,False,False,6.444379684366994,6.130359209483355
26.137852,16,3545.084849,True,False,False,1.3660075821961464,1.5863796868950828
46.546719,59,3545.753696,True,False,False,5.999861617537782,5.798605583670397
35.250547,34,3546.151249,True,False,False,3.460655310294002,3.3773737118143674
35.381378,38,3546.591373,True,False,False,3.2950173638828213,3.324974570678517
45.852597,82,3547.544644,True,False,False,6.5194892405785225,5.931354979139713
44.817063,69,3548.318626,True,False,False,6.1763158373346325,5.632512895481365
31.607758,30,3548.661865,True,False,False,2.6098371468374664,2.70501358146922
36.005873,51,3549.23208,True,False,False,3.8735465447645434,3.671513621852491
34.599447,36,3549.644458,True,False,False,3.2876647859995636,3.3039482074569193
30.731137,45,3550.160588,True,False,False,3.042339566642314,2.684291737628897
28.571554,30,3550.521521,True,False,False,2.4396964911483114,2.189506409006629
38.591008,57,3551.17365,True,False,False,4.1760245710926105,4.247678351801704
37.657604,47,3551.731282,True,False,False,5.22250023945415,4.052353145838524
34.723012,41,3552.206213,True,False,False,3.7463510328978367,3.3346675682212332
38.968396,27,3552.531848,True,False,False,4.01383482535591,4.086207891948047
26.208862,67,3553.299863,True,False,False,4.303897503291307,2.1966577307287194
27.953827,21,3553.558337,True,False,False,1.7721701038154392,1.909979893634863
30.751143,35,3553.959652,True,False,False,2.3679614193845544,2.545721598840474
34.234779,35,3554.381821,True,False,False,3.4920679019701333,3.1922593257468983
26.49596,31,3554.738657,True,False,False,1.9793251207561002,1.7507172923017011
34.467934,30,3555.086674,True,False,False,3.247041213946305,3.2120572176352966
37.95045,42,3555.579336,True,False,False,5.350216810152413,3.934476125429715
27.368167,25,3555.867089,True,False,False,2.496183047965895,1.9828911596668481
33.865189,48,3556.434587,True,False,False,4.064289340132046,3.280681447346039
31.228232,30,3556.791934,True,False,False,2.5154046438309132,2.6367884125597545
36.937578,33,3557.167481,True,False,False,3.6930039883661143,3.8087884877615807
36.440771,44,3557.668863,True,False,False,3.588017406375797,3.601344061547213
48.850442,78,3558.594049,True,False,False,6.313470773446766,6.177569090124332
27.778121,37,3559.027285,True,False,False,2.4210829495908452,2.051274875537079
31.802051,20,3559.270892,True,False,False,2.6422270672926995,2.6198004001419593
37.918151,52,3559.890342,True,False,False,4.060851035072425,4.025141410247768
39.54516,51,3560.476907,True,False,False,4.356734997192343,4.262472668104008
42.373935,39,3560.943154,True,False,False,4.840175313011619,4.856063503193432
30.1536,22,3561.200851,True,False,False,2.380976946377778,2.3691328379860814
26.678457,20,3561.434148,True,False,False,1.7422557872054614,1.6854665217360065
29.055969,27,3561.740587,True,False,False,2.2865701160080993,2.191564941926299
44.628256,41,3562.229889,True,False,False,5.173810911825884,5.278624008833134
33.355386,61,3562.92791,True,False,False,4.388497169134829,3.28525949064708
37.537215,29,3565.621068,True,False,False,3.5826545232981664,3.789661247599076
39.436318,57,3566.270494,True,False,False,4.279113062356328,4.300322145693742
27.970508,36,3566.697457,True,False,False,3.5622890858271976,2.186628397259729
32.195082,33,3567.09307,True,False,False,2.8947947720580727,2.7452853687996486
34.300474,39,3567.545803,True,False,False,3.0485076498368326,3.156335787830673
49.246871,61,3568.272951,True,False,False,6.6732970459346195,6.274751429181708
45.822057,73,3569.13856,True,False,False,5.787616880668158,5.701140905375595
38.739783,65,3569.919898,True,False,False,4.6945416967471605,4.360101870035467
42.022865,63,3570.644614,True,False,False,5.142663249607851,4.885944469057774
42.281792,52,3571.266228,True,False,False,4.873698106951366,4.868518445027332
31.228788,30,3571.620122,True,False,False,2.431533427221875,2.6388900214276907
25.626603,30,3571.971582,True,False,False,1.688661605415333,1.6677527291099816
28.22217,33,3572.374867,True,False,False,1.8802166850011341,2.0652359295369727
56.074746,62,3573.092798,True,False,False,7.912298977310027,7.5832005761382
48.177273,63,3573.861531,True,False,False,7.497782162779532,6.145212069115176
30.632203,35,3574.287193,True,False,False,3.6406145778410837,2.747849649496162
48.142563,50,3574.874217,True,False,False,6.424115826630892,5.923070276041317
29.034828,23,3575.132608,True,False,False,2.0831043470045074,2.142518729828449
42.920666,63,3575.882948,True,False,False,6.288000435755531,5.179972906299221
29.340805,32,3576.24021,True,False,False,2.3892445113029757,2.2418124456412376
35.400796,39,3576.654769,True,False,False,3.333283327892818,3.4366699627643977
39.823554,51,3577.249951,True,False,False,4.370958487570792,4.247641029453869
30.827456,37,3577.653925,True,False,False,3.1711215429723296,2.649054801511704
30.045927,25,3577.956824,True,False,False,2.247997758575898,2.3768515192427735
48.770519,59,3578.62421,True,False,False,6.614722516240374,6.11605670239685
29.578672,29,3578.963931,True,False,False,2.3851308866594376,2.3852480851895113
32.930076,41,3579.425869,True,False,False,2.8604743193213125,3.0449976301223045
32.538798,32,3579.793799,True,False,False,2.802197919038986,2.868353796632411
42.368225,50,3580.364748,True,False,False,5.153004501132833,4.903930381205256
29.142606,19,3580.595316,True,False,False,1.9150088100006903,2.092197046129209
39.185234,53,3581.209907,True,False,False,4.747979250368876,4.289292294262348
39.236251,46,3581.749524,True,False,False,4.562237829116747,4.249423408772548
27.456246,23,3582.017502,True,False,False,1.9705708487847793,1.8983259401033026
33.941967,32,3582.38499,True,False,False,3.527246488942973,3.3124617939254115
37.779426,48,3582.947674,True,False,False,3.88376260035443,3.939363173557684
28.432491,19,3583.154331,True,False,False,1.8560996841567068,2.0064577932192336
54.013965,91,3584.213724,True,False,False,7.989537753052821,7.429867787337527
28.142728,24,3584.493217,True,False,False,2.0290462635330346,2.0580523458490245
26.80581,28,3584.812299,True,False,False,2.374349254647806,1.8237882748026322
44.653044,67,3585.595402,True,False,False,5.784769596487765,5.341360566915775
32.225353,35,3586.008237,True,False,False,2.979016336026246,2.8838964350496954
41.118777,65,3586.743998,True,False,False,4.509341135860466,4.6599329813622825
48.92325,87,3587.768975,True,False,False,7.222931200357269,6.2952148381799695
30.959866,23,3588.039798,True,False,False,2.470699182538387,2.489340618684918
46.11201,59,3588.740823,True,False,False,6.685744332164444,5.788977326684533
41.138059,44,3589.253539,True,False,False,4.820492742201341,4.618193692970538
52.028776,68,3590.051028,True,False,False,8.017925510468196,6.972676941609626
36.705839,41,3590.535661,True,False,False,4.119746056293184,3.715055984493577
30.687663,48,3591.095779,True,False,False,3.892652273549814,2.7363197872358413
36.452873,41,3591.588114,True,False,False,3.8550204302775235,3.701678555769563
28.066958,43,3592.078125,True,False,False,2.172192124934174,2.316542411877292
46.050765,57,3592.774899,True,False,False,6.92384667311204,5.5229577595396995
33.858703,43,3593.275079,True,False,False,3.4881057156696134,3.2684970463597316
28.74048,28,3593.606272,True,False,False,2.2087808474648307,2.13392645029292
37.374593,55,3594.249994,True,False,False,3.880541399173255,3.9200117012919513
35.665653,38,3594.697694,True,False,False,3.628761360294844,3.5758735905979284
46.428763,89,3595.730485,True,False,False,6.224360965255379,5.850275695671599
37.931273,45,3596.261559,True,False,False,3.7750801159001273,3.9480870190746944
38.789524,65,3596.991585,True,False,False,4.826010672311381,4.2443030178111
40.370919,75,3597.868031,True,False,False,6.208519821067324,4.992679424172596
31.255733,38,3598.305167,True,False,False,3.4758048455647375,2.8253493933826266
35.785264,52,3598.934027,True,False,False,4.4343634207401585,3.764933063007455
42.887948,51,3599.522834,True,False,False,5.42871976639299,4.98244263938091
41.543726,46,3600.061617,True,False,False,4.80747571300757,4.662426743642524
37.247019,41,3600.552634,True,False,False,4.119941117457322,3.8215971711529924
34.844667,46,3601.095188,True,False,False,3.2629465544208855,3.2919027580802496
42.114561,47,3601.628009,True,False,False,5.472832789885937,4.881838832695957
29.502475,29,3601.968405,True,False,False,2.2988287068851547,2.2502940293517493
42.93348,56,3602.607835,True,False,False,6.052695357884053,5.005546151650665
50.098721,100,3603.765182,True,False,False,6.670582984209029,6.630669229003803
44.622646,93,3604.840431,True,False,False,6.138475167365211,5.6436853939184335
47.781091,57,3605.505303,True,False,False,6.752785103067754,6.0221082759724
46.417476,51,3606.076317,True,False,False,5.994159482750812,5.647297424684123
31.341416,23,3606.353981,True,False,False,2.682015729850613,2.558881627606989
28.388888,39,3606.797299,True,False,False,2.048657034994321,2.191446489211401
40.150086,61,3607.513788,True,False,False,5.892741616941153,4.568034687099428
27.458552,29,3607.844634,True,False,False,1.9003026814311559,1.9410183549496263
44.662843,84,3608.827295,True,False,False,6.336111206157915,5.6401458900003005
32.218439,35,3609.243676,True,False,False,2.8155364384086647,2.7447719724479516
25.556294,22,3609.502899,True,False,False,1.9216182680224554,1.5917228978922597
28.740243,27,3609.802895,True,False,False,2.0438565350802635,2.070235542245082
39.592483,61,3610.513541,True,False,False,4.551576322368088,4.439512312049425
28.284162,35,3610.906425,True,False,False,2.2993196619539695,2.084819042141139
32.144506,38,3611.354845,True,False,False,3.3243464952947694,2.879919196385162
47.419754,80,3612.286586,True,False,False,6.0396854999642855,5.924927126600989
29.960144,31,3612.654456,True,False,False,2.30563514389925,2.3681525734518507
36.986153,63,3613.360283,True,False,False,4.505913728245403,3.9832862478094553
51.540585,90,3614.409339,True,False,False,10.058629257140787,7.217633535825106
43.167588,51,3615.009444,True,False,False,4.9863269243495925,4.969910213826156
27.969762,50,3615.576403,True,False,False,4.32893390474454,2.405974390393875
31.89695,49,3616.122102,True,False,False,2.8872361789038576,2.848034304912993
34.869477,54,3616.747821,True,False,False,3.9179104052182088,3.4810455892758005
28.167426,18,3616.957317,True,False,False,1.7831266365625213,1.893438521262622
37.951079,43,3617.460207,True,False,False,3.911107541098273,3.9663015172182683
35.733941,57,3618.11433,True,False,False,4.024914312628179,3.726401045975936
41.735731,47,3618.682378,True,False,False,4.562548929651638,4.645589505637646
30.960163,27,3618.986797,True,False,False,2.372971891667709,2.5868120788358007
44.028173,72,3619.834227,True,False,False,5.283871002928322,5.240606844509741
34.49923,28,3620.158642,True,False,False,3.307124653871126,3.2633030350296677
48.728381,105,3621.370981,True,False,False,7.4660990366965745,6.541954804008363
31.43344,39,3621.815576,True,False,False,2.7123077790883294,2.738332626074032
42.601244,46,3622.351314,True,False,False,4.842765777965268,4.915962047338865
24.606959,68,3623.139931,True,False,False,4.228377387434149,2.1118443564674156
34.342944,48,3623.693412,True,False,False,3.08433886325837,3.307407882584451
43.848614,72,3624.527793,True,False,False,6.813704744299581,5.2391946283630215
46.120166,62,3625.251858,True,False,False,8.106623365779777,5.833380900773524
52.744329,58,3625.922307,True,False,False,6.838109157710813,6.858830767396798
29.579615,24,3626.206064,True,False,False,2.758461558179079,2.2555746117957645
36.658905,49,3626.788201,True,False,False,4.116183070576545,3.8888717021485526
32.263544,29,3627.111561,True,False,False,2.681636598499932,2.8149790274235085
30.892459,41,3627.589535,True,False,False,3.172651331228856,2.71760358386003
35.089721,34,3627.979059,True,False,False,3.431545818015819,3.3086837197113055
29.573238,27,3628.276542,True,False,False,2.1337467338628904,2.2608710231187406
35.726771,59,3628.986346,True,False,False,4.3756806702370845,3.7623785483299064
31.583267,48,3629.554063,True,False,False,2.928351994541681,2.8471967203324113
44.192879,79,3630.45743,True,False,False,6.140981187963099,5.435852887501407
29.041329,30,3630.812975,True,False,False,2.1262572123666663,2.28185849928286
31.578402,68,3631.614803,True,False,False,4.105696799541426,3.2101015798486725
43.802344,53,3632.247013,True,False,False,5.469157956515593,5.147031731843188
50.180771,82,3633.205728,True,False,False,6.807831749312202,6.515441113374358
33.11591,34,3633.597808,True,False,False,3.8912977347064386,3.0334945613549267
31.32588,29,3633.926833,True,False,False,2.6225187389558857,2.614489024503648
39.077326,40,3634.387831,True,False,False,4.992211377072902,4.210069547286259
34.323069,30,3634.741949,True,False,False,3.3606033037286442,3.1730456154574584
27.601006,40,3635.208475,True,False,False,2.120483790238296,2.0221826874628257
28.802823,24,3635.479166,True,False,False,2.0416669075003933,2.0992701403969707
27.887029,64,3636.228681,True,False,False,3.352060890466534,2.5146282749199584
29.138783,20,3636.458931,True,False,False,2.036971867723859,2.1187159322687594
35.465346,62,3637.17466,True,False,False,4.019168757990809,3.7292178977778185
39.595224,39,3637.635415,True,False,False,4.4279900544637805,4.272487819595877
46.954112,64,3638.376738,True,False,False,6.1243144543954955,5.83471493999466
28.063812,24,3638.667449,True,False,False,1.8380842140918983,1.9474999072245727
45.191702,64,3639.403639,True,False,False,5.642945612003363,5.408521644945678
40.484321,46,3639.938363,True,False,False,4.703374912871326,4.555942798952859
28.328512,24,3640.214245,True,False,False,2.181600305208608,2.036244914265767
26.982496,23,3640.46743,True,False,False,1.8782363868240881,1.8088128399793475
33.800765,40,3640.941051,True,False,False,3.139145581294811,3.203348014696978
26.945226,25,3641.246129,True,False,False,1.8524488607311302,1.904748884578012
24.552294,59,3641.916222,True,False,False,5.003839938778187,2.1950796890084288
40.356985,63,3642.648277,True,False,False,4.517358141720336,4.567813439204985
30.697066,21,3642.886531,True,False,False,2.3371108908407794,2.4073005166456385
32.787294,46,3643.42003,True,False,False,3.393359254234017,3.002694359704613
40.474217,78,3644.321971,True,False,False,5.2242262947942315,4.6998613116704195
36.478379,57,3644.992404,True,False,False,4.386506569891956,3.906981929386052
33.864349,28,3645.318086,True,False,False,3.037220918935168,3.1023078292343964
28.068197,20,3645.544983,True,False,False,1.7467034589455133,1.9666317692521642
37.272618,38,3645.989434,True,False,False,3.9507340627547367,3.832850659088947
46.953166,71,3646.792093,True,False,False,6.52449424373127,5.867120282791465
38.374639,47,3647.341701,True,False,False,3.9902037861954076,4.048086128939159
40.133424,51,3647.924835,True,False,False,4.571924868989882,4.494512566378382
41.216881,51,3648.533832,True,False,False,4.744312724890935,4.716367799178426
34.934795,54,3649.161868,True,False,False,3.7570214923283216,3.533941742420827
25.747014,23,3649.430025,True,False,False,1.705294026982138,1.5447818773049378
39.224905,55,3650.088519,True,False,False,5.34006383542725,4.370166939139431
30.286142,32,3650.461599,True,False,False,2.6184058735515903,2.546990591895077
41.797913,48,3651.018615,True,False,False,4.691275796021323,4.761570146719784
47.393734,45,3651.52023,True,False,False,6.004965531947299,5.7604286096431645
47.23264,108,3652.780197,True,False,False,6.662163354575092,6.185699794638279
26.937951,18,3652.992628,True,False,False,1.5236458888255895,1.7013310475204322
36.496834,47,3653.548231,True,False,False,4.19939789965727,3.756456652695858
30.451869,31,3653.894359,True,False,False,2.733277954568693,2.49486099740527
41.03317,60,3654.590367,True,False,False,4.5451577578748115,4.6509884274930915
41.754987,31,3654.952266,True,False,False,4.426264531904717,4.579516087455248
44.098272,46,3655.51017,True,False,False,4.938053947528093,5.087934275921354
32.347958,28,3655.853903,True,False,False,2.7332378760610827,2.772409739585741
40.038637,33,3656.230953,True,False,False,4.160956624769999,4.231680554981856
37.574244,34,3656.624628,True,False,False,4.067429549159542,3.82194556482478
44.599213,75,3657.497984,True,False,False,5.949743949195466,5.411468539548859
28.899407,36,3657.913007,True,False,False,2.6608662915874124,2.1878918159579404
47.218954,61,3658.64483,True,False,False,6.254067501586313,5.801721601037907
40.567001,69,3659.466433,True,False,False,5.695216040958755,4.774772863002409
27.870917,33,3659.841775,True,False,False,2.011301420765978,2.046622999903816
40.197311,63,3660.582477,True,False,False,4.505566052755328,4.517233704341467
28.106856,16,3660.7669,True,False,False,1.6625464408402768,1.9202699734521327
38.795509,65,3661.52366,True,False,False,4.5248692346424475,4.369405762910206
37.591685,50,3662.112787,True,False,False,4.693474434647248,4.046246562258734
31.109239,28,3662.434879,True,False,False,3.0350176955031745,2.600026015162223
33.774626,24,3662.710954,True,False,False,3.0306034968454556,3.022360218711713
49.868845,107,3663.946354,True,False,False,7.7803218809394075,6.712587970459148
38.561825,73,3664.781334,True,False,False,4.605239120342943,4.365886244009541
36.994584,51,3665.365455,True,False,False,5.095450928858177,4.081146902003389
39.127743,41,3665.810629,True,False,False,4.194100866388568,4.250514179902907
35.078246,35,3666.198667,True,False,False,3.735021745231733,3.3585877672584927
42.267866,60,3666.825839,True,False,False,4.843304419161114,4.818559556101066
46.490661,59,3667.44824,True,False,False,5.551524554802723,5.582682602988005
34.233957,48,3667.991955,True,False,False,3.564490091383796,3.361516181913865
27.652148,17,3668.185547,True,False,False,1.848060827068549,1.8432411566849178
30.823609,26,3668.467412,True,False,False,2.5640938747760695,2.542085466815271
43.092284,37,3668.878892,True,False,False,5.052820373013075,4.879510896362223
31.597813,49,3669.453815,True,False,False,3.4499326949117504,2.9705808467461146
43.933312,58,3670.116054,True,False,False,5.446120660208204,5.305214330672052
37.101654,33,3670.491865,True,False,False,3.555148626318745,3.6657615490064313
35.017386,36,3670.909801,True,False,False,3.5280649928373022,3.421700631151961
46.078987,50,3671.498204,True,False,False,5.978468688492686,5.651454431561721
27.836981,20,3671.727587,True,False,False,1.6900165142987085,1.9079411288060728
28.500982,26,3672.023823,True,False,False,1.9448867321076753,2.0931244962362356
26.541662,17,3672.22038,True,False,False,1.3883242525325046,1.6361248441433351
35.311503,43,3672.711447,True,False,False,4.146265289294479,3.5138983354825966
47.245237,68,3673.496519,True,False,False,6.768904159155105,5.967918859261022
29.742851,32,3673.870022,True,False,False,2.5434240857726795,2.2774418816706645
42.112377,39,3674.331422,True,False,False,4.816799853594767,4.716846368517315
31.306638,26,3674.631936,True,False,False,2.5398559388333077,2.5446237891326926
41.813458,53,3675.222025,True,False,False,4.865641995210927,4.736441939436311
42.69592,71,3676.060299,True,False,False,5.579238258262952,5.115160958746494
33.377728,39,3676.505115,True,False,False,2.92803480782795,3.0290091757020283
33.436626,36,3676.919086,True,False,False,2.93606759917496,3.0109776703435918
26.7822,33,3677.305974,True,False,False,3.0806049605081314,1.8695762227223622
46.442794,52,3677.909094,True,False,False,6.200633686725679,5.7494804035891365
38.889061,92,3678.991513,True,False,False,5.0310841188220765,4.60566453365744
41.927423,55,3679.627171,True,False,False,5.975471298199215,4.95831537567206
42.512573,50,3680.214889,True,False,False,4.9804662338828924,4.84337374835307
40.937839,66,3680.988,True,False,False,4.592150825797973,4.663097462034525
42.214024,80,3684.821209,True,False,False,6.141625725028912,5.23508984790768
25.830261,34,3685.217984,True,False,False,1.7036142417489715,1.6848545820987177
31.328338,25,3685.520468,True,False,False,3.012607791500974,2.543661843959208
29.748662,33,3685.895963,True,False,False,2.2623211142281834,2.407208396428361
33.41007,38,3686.340617,True,False,False,3.1570345619584383,3.118379439492229
29.69891,30,3686.693162,True,False,False,2.1020004643687376,2.23041517708229
28.657801,25,3686.999867,True,False,False,1.9197159712421756,2.1308473163479973
42.846783,47,3687.546539,True,False,False,5.016061984943954,4.849718503882562
37.319532,50,3688.123814,True,False,False,3.851590380140076,3.88676139432934
34.422913,47,3688.692399,True,False,False,3.2873293671175556,3.335549382319975
46.175604,51,3689.268055,True,False,False,5.594249716988221,5.5761405474234405
49.385736,68,3690.06765,True,False,False,6.485079651083627,6.332238977034047
40.170109,62,3690.793254,True,False,False,5.036582887112493,4.5818232669705425
46.063618,62,3691.524188,True,False,False,5.784498378436606,5.515639355860548
38.56753,36,3691.940514,True,False,False,3.961255000065479,4.106789805058128
28.026894,29,3692.281088,True,False,False,2.3251444369343894,2.075115344658374
46.842489,96,3693.378247,True,False,False,6.597297881642551,5.997132810277454
37.01592,47,3693.92439,True,False,False,3.784548743280438,3.7731793571058154
28.135042,17,3694.123474,True,False,False,1.8001638738091708,1.9747074729185896
38.938068,53,3694.706644,True,False,False,4.706653670943524,4.170538097456683
47.566774,98,3695.775099,True,False,False,7.504293839528836,6.1561861333305075
34.693842,39,3696.227174,True,False,False,3.6886050284653304,3.375816934053572
37.097036,38,3696.679533,True,False,False,3.9967483699630697,3.7787483729965863
50.359334,66,3697.426417,True,False,False,7.395292153567353,6.499806875846979
44.137185,82,3698.374299,True,False,False,5.410815096895874,5.37285242026829
34.107936,36,3698.798385,True,False,False,3.0205380145925345,3.102000091115231
25.681238,23,3699.057291,True,False,False,1.4260539188144497,1.5231166110539376
42.000174,46,3699.579816,True,False,False,5.653556682426926,4.809986097492337
31.364609,40,3700.031247,True,False,False,3.8926132968096874,2.823249143564206
37.927012,45,3700.558373,True,False,False,3.8531272864777724,3.914719361963476
40.728237,106,3701.792264,True,False,False,7.622340790140751,5.074911028615011
44.557254,67,3702.562102,True,False,False,5.434727606779295,5.317501736911663
47.499397,73,3703.403818,True,False,False,6.48064391943964,6.091077106406463
49.424804,80,3704.349575,True,False,False,6.766699895332634,6.478588343834935
34.161834,39,3704.802626,True,False,False,3.161519353480553,3.169940305295687
27.8433,21,3705.053792,True,False,False,1.7542719094618942,1.8937801042749562
36.530938,61,3705.746204,True,False,False,3.8103983318089254,3.852969782554026
48.005538,74,3706.624083,True,False,False,7.222725480484055,6.243768649986635
35.774592,50,3707.210155,True,False,False,4.035837536782921,3.6840420292024616
44.214454,60,3707.904663,True,False,False,5.475328299415336,5.354455222259197
46.984686,58,3708.598211,True,False,False,5.867121417133497,5.613207473354539
40.740346,79,3709.522043,True,False,False,6.222856600226099,4.797266062028269
34.327136,30,3709.882595,True,False,False,3.3219841072763114,3.1480830763612047
46.879556,59,3710.571531,True,False,False,5.958693275331848,5.802452699468896
41.258227,74,3711.421555,True,False,False,5.592572644877685,4.8131805243141805
37.240462,47,3711.981288,True,False,False,3.7363460088091243,3.85216088587438
37.065855,35,3712.374891,True,False,False,3.5505006176161586,3.6220989893404436
35.650948,36,3712.783411,True,False,False,3.4829099494959688,3.515085425828311
39.800661,81,3713.727586,True,False,False,5.194987424237374,4.729346350519894
23.993023,53,3714.325106,True,False,False,2.7062048466146886,1.8719797481154572
33.802386,40,3714.780319,True,False,False,4.159165257105229,3.202180200186927
33.085932,43,3715.296634,True,False,False,3.098139535011441,3.0471448352763364
41.229658,49,3715.863288,True,False,False,5.439642196720446,4.686679169169424
42.9501,44,3716.366197,True,False,False,5.200264917625832,4.975973883472427
-17.789046,10,3716.481932,False,True,False,0.7057453448590499,5.812309583431999
46.364596,48,3717.02985,True,False,False,6.121160169887714,5.5150146775559765
27.076489,31,3717.396854,True,False,False,1.9511393427082422,1.8789466439211726
44.540675,110,3718.683212,True,False,False,7.53498517873199,5.8705734246098285
28.672205,49,3719.256387,True,False,False,3.269513306560962,2.700442932210859
33.545139,37,3719.685096,True,False,False,3.078054080912956,3.1680625735259755
30.92715,30,3720.032432,True,False,False,2.5211110659104796,2.528366572826151
30.536439,50,3720.602295,True,False,False,2.7485346531821055,2.682340676126866
34.87905,38,3721.054447,True,False,False,3.6096092059277467,3.3289397281505244
35.603584,46,3721.586003,True,False,False,4.249224559575611,3.490335171509307
34.059235,41,3722.054869,True,False,False,3.1883123229260475,3.1797582245089173
26.909639,21,3722.301982,True,False,False,2.373270522602481,1.7937605712302986
28.706665,20,3722.53335,True,False,False,2.1905243656507003,2.0443003847067516
26.593311,20,3722.767359,True,False,False,1.5267868183044855,1.663655139896624
34.801982,21,3723.00667,True,False,False,3.1260531699603424,3.2536416643867647
25.205876,70,3723.825479,True,False,False,4.1271456447301516,2.3198187052020462
43.15469,53,3724.459212,True,False,False,5.024596775188957,5.029852295378178
30.751491,48,3725.013419,True,False,False,3.381607435925439,2.7420300688809296
31.296387,24,3725.288514,True,False,False,2.6291443663985508,2.5978163835404477
42.316665,50,3725.875021,True,False,False,5.024300961318008,4.904844689026861
27.437958,30,3726.226024,True,False,False,1.8855175895279683,1.9746950813884199
49.921327,70,3727.042871,True,False,False,6.921115020544039,6.402730201672878
49.257675,65,3727.778054,True,False,False,7.215899670851545,6.320202073568553
39.814634,43,3728.281253,True,False,False,4.43024439622406,4.3360144531742195
50.759564,54,3728.913342,True,False,False,6.509905998659007,6.482031713535959
40.721034,71,3729.738624,True,False,False,5.823346729573234,4.765231131405586
33.582569,27,3730.073264,True,False,False,2.896537669154995,2.9995247567776526
45.249205,89,3731.110361,True,False,False,6.182382421819312,5.876588520407446
42.218943,41,3731.60301,True,False,False,5.246409493563475,4.878542005114749
26.495314,21,3731.834596,True,False,False,1.6324521324125756,1.6872695772386064
39.317701,43,3732.345062,True,False,False,4.349671224621028,4.186876780007997
33.806218,38,3732.775523,True,False,False,3.3719738327972677,3.1610060290081687
37.947568,38,3733.224005,True,False,False,3.961019836049514,3.849649617316331
34.423493,46,3733.763152,True,False,False,4.669153154967658,3.3674429683141476
37.680753,57,3734.409378,True,False,False,3.9966879667238238,4.033451032940968
36.118643,59,3735.110239,True,False,False,4.050576402104766,3.845236136525238
41.311103,42,3735.599926,True,False,False,4.67229784909634,4.623118567864815
27.768056,24,3735.874685,True,False,False,2.0705164866884354,1.9608158393977613
33.080395,33,3736.248568,True,False,False,3.891418797601127,3.009870826602749
41.058676,42,3736.740187,True,False,False,4.684416539810257,4.571408254812703
36.609788,46,3737.268063,True,False,False,4.801567126081315,3.8598187077099726
41.142889,52,3737.881962,True,False,False,5.322277908556709,4.718805595816487
39.151717,42,3738.373319,True,False,False,4.349021035637136,4.228854105081007
43.793317,96,3739.502879,True,False,False,6.575680399441424,5.570701777476071
36.728546,27,3739.822785,True,False,False,3.9536081163183376,3.5971352679559008
37.598456,41,3740.30033,True,False,False,3.649941587467172,3.840630202675134
33.505206,36,3740.723017,True,False,False,3.826439898825916,3.1984203794513637
42.009699,60,3741.422493,True,False,False,5.309648191439095,4.871649676032726
34.476341,32,3741.791465,True,False,False,3.821781205295111,3.192631066093186
41.446261,73,3742.660971,True,False,False,4.8572443258973,4.838429210190994
31.73493,44,3743.184096,True,False,False,2.9102470331379084,2.8431113452278254
39.517425,53,3743.794153,True,False,False,4.706187491840835,4.393568840088292
27.938276,14,3743.956239,True,False,False,1.6428511963832497,1.7742911669583605
46.032895,71,3744.811479,True,False,False,5.862512547757151,5.621490261583164
46.024561,62,3745.523545,True,False,False,6.179584588878117,5.64999440380944
45.576634,59,3746.225364,True,False,False,5.5704985185824505,5.488329354602888
29.371861,25,3746.521955,True,False,False,2.2351118853757903,2.284756910041552
44.331467,57,3747.193555,True,False,False,5.471690246050098,5.205258740256281
42.662329,59,3747.907228,True,False,False,5.352113810140261,5.000941849987642
26.895638,17,3748.098936,True,False,False,1.6761027354436253,1.7365926626332246
31.199572,22,3748.354002,True,False,False,2.3317191006335647,2.552803596704092
27.205992,19,3748.596086,True,False,False,1.53781205764526,1.727625084368177
35.962091,25,3748.878333,True,False,False,3.3837234325989747,3.4672697839284794
28.212438,22,3749.127666,True,False,False,2.005538441929,1.9676790058867584
52.133861,76,3750.006946,True,False,False,7.420453568873945,6.815613938158472
38.607085,52,3750.617701,True,False,False,4.214378378387494,4.123379698470077
32.491974,29,3750.974691,True,False,False,2.987982213315085,2.864993625650916
46.858296,87,3751.96716,True,False,False,6.807201280945137,5.992371947180133
42.794059,82,3752.929807,True,False,False,5.621074551506704,5.175748458340778
34.257464,40,3753.408661,True,False,False,3.2525086242688253,3.1766585422284086
44.100163,67,3754.216153,True,False,False,5.5959081848857535,5.306259701362266
38.651607,39,3754.668508,True,False,False,4.349000407696818,4.066711848027283
50.440053,62,3755.396965,True,False,False,7.108842810494554,6.525636722339039
34.3789,35,3755.821039,True,False,False,3.577759329027371,3.252174523807203
45.950309,44,3756.332577,True,False,False,5.631858480124115,5.510353009833274
40.251971,41,3756.811905,True,False,False,4.4863289020157,4.42203524627765
42.173821,47,3757.367646,True,False,False,5.257805399721373,4.815538201850606
35.134883,63,3758.100628,True,False,False,4.625764985708991,3.7520162835116735
41.891741,69,3758.933695,True,False,False,5.240843035125212,4.960155992300477
36.799578,45,3759.460243,True,False,False,4.641450341137065,3.809062054702238
46.48964,81,3760.428122,True,False,False,7.678204722095722,6.101691763918919
35.188751,40,3760.904499,True,False,False,3.4820414272554974,3.468034627556385
33.743461,29,3761.240675,True,False,False,2.945865963213615,3.0653847769374254
32.895835,48,3761.802541,True,False,False,3.140280251582877,3.07952867232326
38.301477,46,3762.350218,True,False,False,4.543447893399388,4.082549477493373
26.069081,22,3762.623252,True,False,False,1.4783443461641856,1.5798148439735622
55.336727,54,3763.260677,True,False,False,7.415071549383369,7.369607714036897
45.948394,64,3764.023102,True,False,False,5.827134894818599,5.609331650188835
37.815726,59,3764.73399,True,False,False,5.221242852784583,4.080717735852927
29.9713,28,3765.058522,True,False,False,2.5990747770869818,2.41836649840404
25.689051,47,3765.596795,True,False,False,3.816258662382598,2.139972071039031
30.337211,25,3765.906155,True,False,False,2.176421541097392,2.349245346834238
50.159975,96,3767.037658,True,False,False,7.1812608020371895,6.547133207596921
40.948983,56,3767.691362,True,False,False,4.5548255952697385,4.533225088103603
43.147831,47,3768.249059,True,False,False,5.199309680240673,5.036700196779813
46.00212,67,3769.045818,True,False,False,5.960418322780201,5.619287023901789
49.623305,62,3769.751548,True,False,False,7.053733731529755,6.320655458718546
32.558316,26,3770.066955,True,False,False,2.664843109593145,2.840896849017171
39.863129,48,3770.608004,True,False,False,4.867361250333608,4.358410513973574
39.364837,46,3771.132991,True,False,False,4.214880230361002,4.161264712559919
47.123847,69,3771.916108,True,False,False,6.618239609443786,5.884567243906878
35.541218,51,3772.522579,True,False,False,3.744753868411539,3.7095074477786447
34.81596,48,3773.068873,True,False,False,3.221660214537372,3.427861281372998
48.6802,59,3773.731188,True,False,False,7.24282268747476,6.152113240160684
35.55793,61,3774.443677,True,False,False,3.62126059467221,3.776064941346974
28.927295,22,3774.700091,True,False,False,1.9634793839711941,2.0688208659759977
-18.594988,4,3774.74345,False,True,False,0.38247416762201425,3.940119671468466
39.778294,47,3775.27081,True,False,False,4.687422133995766,4.303238533382401
32.724296,40,3775.730465,True,False,False,3.555651283780326,3.004303761580722
37.674784,46,3776.271078,True,False,False,3.851663972211332,3.9486092124491137
50.999044,130,3777.779227,True,False,False,7.97337514117068,7.216268758723231
38.775582,61,3778.500146,True,False,False,4.54576484209722,4.20235312520698
38.52354,36,3778.937757,True,False,False,3.9826430186967374,4.001797923700287
31.400892,46,3779.465823,True,False,False,3.725944279210925,2.8185877879686183
27.040604,22,3779.725098,True,False,False,1.6200541695282888,1.7658177935915214
44.869378,64,3780.468135,True,False,False,6.520284218365357,5.72225734093847
39.913978,55,3781.106101,True,False,False,4.404209014468661,4.452236664194784
34.629197,34,3781.485814,True,False,False,3.7502672052102675,3.2818318422609054
32.256887,26,3781.779285,True,False,False,2.9922837872743577,2.782144383230285
48.87218,78,3782.68303,True,False,False,7.497440742227822,6.39648560491972
28.750937,23,3782.962779,True,False,False,2.1604392727846995,2.120263863365943
44.354986,65,3783.719225,True,False,False,5.281404730507028,5.153086964560638
36.546234,33,3784.114274,True,False,False,3.8547584488823077,3.6214166799025445
44.49861,71,3784.943237,True,False,False,6.258196755447151,5.513682418693152
26.965988,22,3785.200777,True,False,False,2.1358564121873833,1.7996887725508275
42.817321,95,3786.257999,True,False,False,6.111106130685658,5.357847272805806
48.810788,88,3787.231641,True,False,False,7.597171161395161,6.499819287538502
32.812535,48,3787.743572,True,False,False,3.0232082168370296,3.091759827337193
34.219208,45,3788.221633,True,False,False,3.7162329022212113,3.3818367279825927
39.827464,69,3788.990794,True,False,False,4.565940535970984,4.441583452175201
33.823043,32,3789.349519,True,False,False,3.55267525755268,3.1062889807682383
29.09332,35,3789.728642,True,False,False,2.119797483654968,2.225482195761429
49.870195,73,3790.566079,True,False,False,7.010947042926033,6.330537017724399
32.748284,41,3791.022456,True,False,False,3.463643252601932,3.0296633008258844
35.420324,35,3791.42035,True,False,False,3.5985272508941026,3.4820052897256417
42.405949,64,3792.132016,True,False,False,4.973098452835626,4.860626515557006
44.325973,47,3792.648952,True,False,False,5.1519007956556795,5.15724769491177
37.526825,37,3793.067083,True,False,False,3.97266584585389,3.9045282655265936
32.587261,35,3793.452669,True,False,False,2.8434116281916957,2.897922125486127
32.977459,27,3793.766108,True,False,False,2.911642955939567,2.9148607291103588
49.524468,105,3794.921302,True,False,False,7.149791357319546,6.637368638182576
28.990893,27,3795.226931,True,False,False,2.3394411588565136,2.0635261135249476
40.542043,67,3795.94936,True,False,False,5.057907531275909,4.562512883769919
29.261593,39,3796.402164,True,False,False,3.6499694518532944,2.577422575850717
38.105519,67,3797.12506,True,False,False,4.939067378927414,4.37006981119
48.201256,64,3797.837714,True,False,False,6.865776818226114,6.0692147585611265
26.736368,15,3798.021827,True,False,False,1.4765667884363185,1.6344221432435537
25.787137,17,3798.206304,True,False,False,1.538039721288639,1.5231392035513736
30.958221,19,3798.429169,True,False,False,2.297303150127161,2.5028504644068277
49.943316,62,3799.128653,True,False,False,6.52924843963628,6.268987076733094
39.01546,43,3799.599663,True,False,False,4.640955600167779,4.114105115765553
38.797849,41,3800.05899,True,False,False,3.9933718930190207,4.093658247244864
