#{"t_start": 1789504209.477733, "env_id": "None"}
r,l,t,is_success,collision,timeout,path_length,start_dist
-30.123606,205,3.840125,False,True,False,12.901600778931403,4.298808752069021
-20.146087,9,3.907403,False,True,False,0.5368959407579585,1.8671300105730722
-26.828437,56,4.326069,False,True,False,3.723469884143204,5.117938017257693
-28.899189,139,5.057999,False,True,False,8.379445851315591,3.191387035898087
-25.270662,44,5.250142,False,True,False,2.761751380530979,3.6520174399552277
-50.691331,273,8.050344,False,True,False,15.988446172541906,1.7038989858122888
-33.806723,116,8.572817,False,True,False,6.781172926466529,2.577878581958742
-41.65997,235,10.882951,False,True,False,14.115296332969256,3.28868257054415
-39.654643,188,17.023474,False,True,False,11.699162086511118,4.699355402780908
-16.957831,300,19.615691,False,False,True,17.908391135365655,2.620581259119813
-30.015186,187,20.480666,False,True,False,12.29289052184922,3.384021090066658
-12.075173,300,23.10972,False,False,True,18.338495054032183,3.585004109657295
21.087394,73,23.471276,True,False,False,4.563368908882088,1.5989781165007184
-8.925392,300,24.895593,False,False,True,19.012639938765552,3.723026730467768
-21.696889,67,25.20666,False,True,False,4.277806505622449,3.6615548243201426
33.05501,108,32.381166,True,False,False,7.884298005805896,4.2000741344637635
-11.712557,300,33.748132,False,False,True,18.85832575577606,5.0315725254491905
16.118251,143,34.396152,True,False,False,8.71584689532671,1.7053760638117477
-27.813817,224,38.066102,False,True,False,13.591848580719887,3.561193763631013
-19.217063,183,39.459642,False,True,False,11.375501814724245,5.024342506035675
-20.151387,59,39.901396,False,True,False,3.649190590989351,4.053738995585237
24.822781,109,42.734789,True,False,False,6.9163825284122,2.754608859594775
-11.905426,122,43.658272,False,True,False,7.904400164778204,6.007035390876652
30.088057,215,48.5874,True,False,False,13.846114360933543,5.2743992040315515
25.934811,210,52.216336,True,False,False,13.539721447303037,4.625866827913953
18.995809,233,54.037181,True,False,False,14.04687431199944,3.7219181303546054
33.49459,118,54.936587,True,False,False,7.915775626282808,4.68148864604171
39.172831,90,55.627698,True,False,False,7.063368050394369,5.062418799247518
-21.418994,11,57.729276,False,True,False,0.9259616355559322,3.3116820240459224
33.395147,124,58.664605,True,False,False,8.67500579206352,4.589396785709704
31.012663,125,59.629986,True,False,False,8.79532197883373,4.14735150400692
29.433815,70,60.171198,True,False,False,5.04256278999639,3.232613689115294
27.210529,229,66.154203,True,False,False,14.542170535887058,5.519859007862905
30.311457,45,66.488095,True,False,False,3.5803327798502522,2.802141260228207
34.097851,63,66.973325,True,False,False,5.240682199636783,3.9951789108793974
-16.76005,68,67.491967,False,True,False,4.4880862419743375,4.382477057064691
32.91045,103,68.27214,True,False,False,7.327082145203795,4.316898805227202
31.410275,42,68.590265,True,False,False,3.3417575868503664,2.9460831306277067
-21.352374,49,68.963314,False,True,False,3.38529519498127,2.9989113034315333
-14.438669,39,69.267861,False,True,False,2.950730428268306,3.3810333445702287
30.252465,81,71.880763,True,False,False,5.232713147412863,3.2084741956280856
25.332076,65,72.383681,True,False,False,4.6161236165831445,2.200145328924605
-1.497242,90,73.067096,False,True,False,6.848764142664744,6.529209532543634
26.919375,27,73.276229,True,False,False,2.1372461135368077,1.8764228853905955
36.065397,73,73.835497,True,False,False,5.5095074484137365,4.187044947921371
38.312597,102,74.61501,True,False,False,8.082260339449382,5.321513753226666
-9.294598,65,75.117388,False,True,False,4.907580762068746,6.146156845414808
-7.677703,53,75.548265,False,True,False,4.457496528732873,5.38301052028762
-19.162396,31,77.827347,False,True,False,1.9694295691491264,3.1609552903042117
38.848451,75,78.400093,True,False,False,6.135054386789839,4.735927226535729
33.963042,78,80.567282,True,False,False,5.814674834577033,3.9285277546883974
27.141105,75,81.141537,True,False,False,5.401139948092533,2.8766337076051176
26.511811,17,81.269819,True,False,False,1.6314583132879723,1.685249352474792
-14.680852,41,81.581651,False,True,False,3.060317440461416,2.8078388023365712
38.662643,120,82.508499,True,False,False,8.587526730703663,5.27996399370272
29.714133,58,82.957746,True,False,False,4.456998776863601,2.874796359810705
29.720907,42,85.317631,True,False,False,3.3286516030236117,2.8094706372584954
38.678828,125,86.270535,True,False,False,9.464336504385274,5.60207573657946
39.823263,158,87.505899,True,False,False,11.796575845071445,6.443135634149517
26.241992,37,87.786986,True,False,False,2.9216999101940573,1.9063902729659898
-16.886221,48,88.15938,False,True,False,3.545840285503688,5.621928103047536
33.837502,84,88.80208,True,False,False,5.934346467153572,4.042203377965526
29.094324,39,89.106116,True,False,False,2.9648642491044144,2.4843893419980065
28.799377,33,91.399569,True,False,False,2.8884011713020827,2.4088464960445317
44.258367,121,92.342065,True,False,False,9.465686376020225,6.371604378445588
32.238484,30,92.576902,True,False,False,2.8257270535233876,2.8980425822337943
30.018374,45,92.926208,True,False,False,3.4059804139215744,2.726900069634125
41.262905,227,96.542749,True,False,False,17.310599616542127,7.72572959062577
26.715985,23,96.728445,True,False,False,1.900066731587132,1.8360718597737398
35.029999,56,99.144197,True,False,False,4.6433093609414,3.926936182456141
26.546634,23,99.322795,True,False,False,1.699541012910213,1.7805035295050118
29.626077,58,99.768588,True,False,False,4.625133179222262,2.920172621286787
36.597725,66,100.274227,True,False,False,5.083086386361002,4.177326262232701
24.726591,28,100.489489,True,False,False,2.0787274264688236,1.5076379343473119
30.499453,46,100.848936,True,False,False,3.696685670517559,2.8282854498712537
24.796977,29,101.07324,True,False,False,2.0674572527203456,1.5064112500023479
26.557258,25,101.26789,True,False,False,2.047949413713706,1.8036120189412372
-8.326267,46,101.623622,False,True,False,3.8472358309704418,4.958926833352294
-19.982244,13,101.723741,False,True,False,0.8427466507430456,3.894233522942713
35.354845,78,102.329592,True,False,False,6.033019171718055,4.118610454334661
31.127572,33,102.587113,True,False,False,3.037535441720498,2.7257946646772737
24.633244,42,102.916305,True,False,False,3.1496248697881115,1.672414559462799
41.099556,79,105.566074,True,False,False,6.367004804785208,5.21000206924113
41.456353,93,106.291757,True,False,False,8.257987433558725,5.686677448795063
26.620068,31,106.534595,True,False,False,2.429343581085567,1.919643524167188
41.276497,82,107.174974,True,False,False,6.926350176311422,5.249437201015725
33.927149,54,107.592493,True,False,False,4.6573174312751435,3.5526264647412327
34.390376,109,108.435237,True,False,False,7.872156583078068,4.8536165960479245
47.172699,119,111.442865,True,False,False,10.098695887499023,6.850858325952127
-12.980856,42,112.991821,False,True,False,3.3567427377184527,2.7573369489776773
41.683127,99,113.750831,True,False,False,8.520422774943047,5.56722842987509
37.327366,63,114.230973,True,False,False,5.247832908717389,4.28961519993462
30.287158,35,114.500854,True,False,False,3.0143869257489984,2.594805126067489
26.481703,41,114.822731,True,False,False,3.053982279141615,2.3828930222083002
31.990078,35,115.088067,True,False,False,3.1682467018405793,2.8927392404806107
34.144009,57,115.448067,True,False,False,4.770234961362785,3.6332836378166427
26.09959,82,115.829873,True,False,False,5.853728479434413,2.6673079749860493
44.790685,96,117.535711,True,False,False,8.74625810313318,6.066252829024604
-2.512227,128,118.134583,False,True,False,9.635123567967215,7.254582049700893
41.935003,81,118.511433,True,False,False,6.788944917433246,5.298918158865076
28.495987,45,118.72352,True,False,False,3.4970579900591834,2.4029619077445425
31.296364,49,118.952948,True,False,False,4.022861888597106,2.9859946013248013
37.951891,99,119.412478,True,False,False,8.131815053347406,5.075916294028224
35.463963,79,120.999645,True,False,False,6.239081653372994,4.278434394078167
46.77744,108,121.5026,True,False,False,8.73676237179641,6.585544283036616
35.067266,55,121.762858,True,False,False,4.470708420796259,3.7522652729197303
34.563561,61,123.08804,True,False,False,4.996052159946123,3.9296070664906857
30.046407,43,123.291466,True,False,False,3.4849428219438114,2.7819364023952526
28.817024,63,123.585929,True,False,False,4.950972251288255,2.7853765072539494
29.673645,49,123.813535,True,False,False,3.9259664010348376,2.7405058056851725
26.035268,27,123.938763,True,False,False,1.9746869426477955,1.7829186216457007
27.804469,42,124.129579,True,False,False,3.351894663806053,2.2570867866928706
29.437468,57,125.651135,True,False,False,4.6654424454647865,2.9472762816153173
-14.135662,46,125.865646,False,True,False,3.172970114257174,4.532527906300528
31.604456,86,126.26035,True,False,False,6.296629328726946,3.7403863185912276
28.185798,31,126.405442,True,False,False,2.7010963504699737,2.152443576469014
-11.439633,78,126.778539,False,True,False,6.2044842677510434,4.731305883784689
25.609776,19,126.867528,True,False,False,1.6276289260225585,1.567093301548708
28.224614,29,126.999825,True,False,False,2.503361476007602,2.129911378288938
-15.73005,31,127.142993,False,True,False,1.9257422633254444,5.692331567016907
41.270236,55,127.395578,True,False,False,5.4508585194866335,4.897809434051254
29.963711,35,127.560886,True,False,False,3.20933292329723,2.528949068146611
37.127568,81,129.181105,True,False,False,6.904150860756631,4.685483095878443
30.861022,28,129.312186,True,False,False,2.7414481176910583,2.6319554239215623
40.146217,72,129.658995,True,False,False,5.989562944502792,4.9366542509666
37.047384,59,129.950903,True,False,False,5.13544247760559,4.2045863240995764
33.99287,60,130.24038,True,False,False,5.310193522594183,3.6340655994185727
28.438892,34,130.404049,True,False,False,3.456897530410502,2.267428460165518
27.124437,22,130.510503,True,False,False,2.124063507467505,1.8277101105506834
29.030121,69,130.84543,True,False,False,5.270777165562248,2.883624420562973
40.383335,68,131.167768,True,False,False,5.616379800633215,4.902357401008283
39.810431,58,131.446838,True,False,False,5.36066385978136,4.653137262453251
40.689851,81,134.033777,True,False,False,6.653701450066547,5.177356950386596
41.784639,56,134.297982,True,False,False,5.3250360599585616,4.995644044178047
23.910298,98,134.774507,True,False,False,6.788095595125871,2.4115139895824518
28.689237,53,135.03188,True,False,False,4.0214493064754695,2.6088373514095635
41.993947,68,135.364262,True,False,False,5.81003608557407,5.192884061816518
34.8065,80,135.755005,True,False,False,6.810840466254772,4.260717298770255
29.986195,27,135.92351,True,False,False,2.6811834937306847,2.4616772299223295
38.750748,58,136.196716,True,False,False,5.187128516854455,4.493440085968773
28.140089,42,137.715045,True,False,False,3.318467379773926,2.2747613086437264
35.339865,58,137.995941,True,False,False,4.9981383363307215,3.914086966984353
31.441136,53,138.254316,True,False,False,3.943104609433396,3.101320131219978
-4.08931,77,138.657551,False,True,False,6.3437528865524895,5.616555294472965
34.155507,34,138.826049,True,False,False,3.4429977574991817,3.284448957204138
44.635832,106,139.331593,True,False,False,9.150909064208355,6.479926793370304
43.704734,65,139.6488,True,False,False,6.017618958052744,5.424561260566793
34.399436,44,139.865497,True,False,False,3.8745477050694945,3.499242542558343
38.194988,47,141.344849,True,False,False,4.586920771434411,4.2265783058841295
29.279232,46,141.571276,True,False,False,3.648284514347055,2.5678434778572146
29.509975,45,141.787219,True,False,False,3.9255028458407897,2.795963787827188
35.696213,49,142.022673,True,False,False,4.479862982870451,3.7216687955591103
32.508751,38,142.200155,True,False,False,3.512478058675226,3.029939094876777
47.952302,89,143.843054,True,False,False,7.848624418050774,6.539843955843383
30.815498,35,144.016739,True,False,False,3.1046484991525807,2.660826269478333
28.984367,29,144.162309,True,False,False,2.480941387315137,2.288388097211625
35.620425,42,144.36491,True,False,False,4.2846166542866,3.5984660105872055
28.84173,66,144.684195,True,False,False,5.452496665201545,3.1863618450692615
26.273302,29,144.828362,True,False,False,2.4903828825225727,1.8220070856145771
37.764911,75,146.440824,True,False,False,6.399398288615624,4.671627335517814
40.722333,67,146.771527,True,False,False,6.117923967516343,4.906057067356761
39.712647,70,147.121608,True,False,False,6.519842638209373,4.771508763565053
28.426263,26,147.244121,True,False,False,2.281334585456522,2.096397743126158
-17.169177,26,147.365557,False,True,False,1.990682192859384,2.374395179593164
48.537361,106,147.884466,True,False,False,9.328090157868402,7.1626333343738295
44.782934,96,148.330976,True,False,False,7.858646100993246,6.173877089254772
37.812063,52,148.563544,True,False,False,4.843726102755965,4.202113016478612
29.909997,24,148.671544,True,False,False,2.365300299608367,2.4125040851455917
-4.073358,82,150.279126,False,True,False,7.197495912694037,5.195042573777068
34.624983,51,150.516186,True,False,False,4.684362973251423,3.632846330764229
36.650425,41,150.706854,True,False,False,4.057579514247368,3.7998797483130056
29.826193,33,150.863167,True,False,False,2.957843362627224,2.4828508805758576
-18.648685,22,150.966952,False,True,False,1.3644103318855116,4.036486243727779
43.609653,95,151.412811,True,False,False,8.228169160946715,5.903046407555478
28.120339,36,151.578424,True,False,False,3.193942301502591,2.219556494785497
25.142563,25,151.694593,True,False,False,2.161634147440765,1.558514144702163
31.732103,75,153.278979,True,False,False,6.353310697425005,3.661063602454722
2.179029,85,154.872244,False,True,False,7.378550415554384,6.462295598898219
30.525355,41,155.063198,True,False,False,3.641660476738843,2.8663897622567047
38.152749,102,155.538647,True,False,False,8.462349591040482,4.987478452907926
37.758336,50,155.768845,True,False,False,4.542954198351327,4.167429439786848
37.066785,45,155.975242,True,False,False,4.221092002800377,3.920714234910031
42.979489,53,156.222333,True,False,False,5.408720543050861,5.1335605926912
38.682319,80,156.591739,True,False,False,6.97275096056812,4.684583629128865
35.160212,88,157.012609,True,False,False,7.307869262842424,4.360463970338889
25.074306,27,157.138388,True,False,False,2.3273107357249976,1.5713223749603245
40.345654,71,158.706993,True,False,False,6.365344291463826,5.165521428594671
34.835635,48,158.928323,True,False,False,4.523947370353986,3.588056220941095
35.262615,37,159.11335,True,False,False,3.724981519130603,3.4810158596472154
37.317633,50,159.345589,True,False,False,4.886660114859308,4.04365529692625
32.788711,52,159.591182,True,False,False,4.388062668004253,3.3838728650423846
28.201369,24,159.703496,True,False,False,2.3561294576332648,2.0792484033330156
51.671036,125,160.526661,True,False,False,11.26099837937853,7.878975479925048
41.030452,66,160.91246,True,False,False,5.628545605512901,5.014115161989143
44.907039,73,162.676684,True,False,False,6.932804641090876,5.832184922140168
27.937436,20,162.812252,True,False,False,1.9647239440557382,1.9687237079153053
38.953169,46,163.083782,True,False,False,4.425369905918459,4.277976951870402
29.610783,19,163.175837,True,False,False,2.098946478331247,2.249004582163024
34.887083,41,164.49715,True,False,False,3.7759722558840108,3.461859717083114
46.923087,86,165.121557,True,False,False,7.8721021600626235,6.2105941950528125
-8.479037,43,165.496665,False,True,False,3.66242863996163,5.4940834715817
27.090812,29,165.688718,True,False,False,2.5668151489992526,1.9674194671636906
26.780881,40,165.9093,True,False,False,3.552922336206636,2.052790613903619
50.757397,97,166.561179,True,False,False,8.77088432369878,7.258739735630617
30.622353,22,166.683606,True,False,False,2.4264397716578383,2.508580854573071
51.95963,83,168.544121,True,False,False,7.946831286988344,7.181175974517393
30.289809,54,168.963085,True,False,False,4.6441723392153555,2.928092251413886
29.041098,31,169.227798,True,False,False,2.9788456005414647,2.2972384313858143
32.255307,39,169.543153,True,False,False,4.032826518958389,3.1170700342065576
37.35478,57,170.004872,True,False,False,5.448966562567116,4.186396694884244
41.766714,59,170.309887,True,False,False,5.721117585575556,5.012616316197032
39.208641,63,170.632666,True,False,False,6.213350839104339,4.5387262836139115
27.704683,22,170.745295,True,False,False,1.9917147782173739,1.9689450441688527
32.778801,40,171.070938,True,False,False,3.651816864567497,3.123069414631991
28.914707,40,171.445438,True,False,False,3.6301270754721355,2.441216808203637
-18.233813,12,171.55897,False,True,False,1.1579763389687467,2.5571240460163627
37.465893,47,171.971234,True,False,False,4.727095971783032,4.034173865675271
35.48736,57,173.491232,True,False,False,5.234817114008528,4.002215984444793
28.347147,22,173.592432,True,False,False,2.1096866094841786,2.0187212912076107
38.026746,76,173.944017,True,False,False,6.8003618849365335,4.800400507771406
35.730762,55,174.203357,True,False,False,4.621198053214921,3.8458079701951315
44.410794,60,174.494081,True,False,False,6.3485030234627695,5.480232165000661
34.502689,50,174.730707,True,False,False,4.687017607095748,3.5305658308387184
42.446606,80,175.94046,True,False,False,7.058021768916384,5.494619178368317
26.660313,19,176.029065,True,False,False,1.7562438636271192,1.7320443056582902
33.991972,44,176.235466,True,False,False,3.918962831050476,3.394094752847785
41.59438,62,177.779238,True,False,False,5.983880403242897,5.050859121236477
33.215702,34,177.938641,True,False,False,3.4846460941803215,3.1043810495399424
33.926078,47,178.157229,True,False,False,3.9541711449559473,3.4469310055588975
27.616348,18,178.244273,True,False,False,1.8716967488410166,1.9107122488192194
33.159995,27,178.367881,True,False,False,2.939243517610529,2.9851916521195063
35.384632,44,178.572596,True,False,False,4.32067487240935,3.6633893426812105
45.132347,62,178.861214,True,False,False,6.032712150379363,5.622448498157559
38.433129,90,179.292736,True,False,False,7.684735820172661,4.9234330265363555
34.848435,43,179.499155,True,False,False,3.9109702615961983,3.6485152996695414
43.871058,57,179.76861,True,False,False,5.649236983271388,5.3436474997228
28.626062,21,179.869226,True,False,False,2.1779323216023716,2.162254017331209
46.066381,86,181.507567,True,False,False,7.695465598280738,6.182254731883534
28.591562,29,181.640297,True,False,False,2.807671807766419,2.236565449934322
39.991224,57,181.903643,True,False,False,5.43541572807978,4.669644664202232
37.55893,46,182.114775,True,False,False,4.517647187710996,4.066182024973436
26.233887,19,182.200679,True,False,False,1.7695520371626812,1.6732599622673445
39.232978,68,182.519802,True,False,False,6.286710955504563,4.7775908656957204
37.368441,57,182.783286,True,False,False,5.176932694752393,4.205625124696396
33.527368,59,183.053218,True,False,False,5.283658865883905,3.729670956476267
26.637559,19,183.141645,True,False,False,1.7986984969632283,1.6569924821038162
33.838907,38,183.32515,True,False,False,3.5630220987201326,3.2432095624600694
30.618334,40,183.513169,True,False,False,3.701536238116107,2.9255259225810626
41.857315,43,183.719458,True,False,False,4.748738627301455,4.765737410374464
43.484342,59,185.258037,True,False,False,6.022552496205196,5.279854811097215
32.388341,41,185.456139,True,False,False,3.9755700038977446,3.0139249023442294
32.426821,37,186.53566,True,False,False,3.7268990851651504,3.1212276433714963
40.249459,64,186.842568,True,False,False,6.549403280706741,4.702289692884527
26.911807,15,186.911408,True,False,False,1.5525105833836055,1.7051758386654936
36.842036,64,187.20883,True,False,False,5.707720604505544,4.259469415465553
31.624255,36,187.376255,True,False,False,3.345350008880877,2.833793963516425
35.535289,55,187.636762,True,False,False,4.928671324600842,3.909642163769415
47.217964,67,187.94731,True,False,False,6.916094786338622,6.008959162867791
29.544481,29,188.080526,True,False,False,2.523146383762461,2.378913837800657
47.542651,61,189.606498,True,False,False,6.241540824729975,6.024546181455699
29.635111,21,189.704204,True,False,False,2.2895026573565773,2.255167846865468
29.1799,27,189.831551,True,False,False,2.528249905121123,2.2798418885281984
40.043246,79,190.203997,True,False,False,7.146272039877823,4.916044052319355
46.612759,70,190.528356,True,False,False,6.683475437555025,6.031780262976975
40.503931,71,190.860785,True,False,False,6.585894322030901,5.112647830959127
30.632323,34,191.021987,True,False,False,3.3895146824437186,2.578647264841154
41.606939,59,191.297811,True,False,False,5.57343602983049,4.948174414042632
35.465107,42,191.495442,True,False,False,3.941837373567474,3.6309791189384746
36.143289,40,191.68247,True,False,False,3.9617528805687,3.693760521836087
36.924059,47,191.900685,True,False,False,4.41374189528701,3.9801978711991914
38.441068,38,193.319432,True,False,False,4.067646665099206,4.089072649258912
40.424688,61,193.608983,True,False,False,5.456974208177959,4.791251482785019
46.888879,73,193.954256,True,False,False,7.105555916976682,6.087487866078757
28.821392,27,194.078959,True,False,False,2.3497818294590473,2.213994789463241
38.509479,48,194.305005,True,False,False,4.714048766209461,4.265730733992564
31.477332,44,194.507087,True,False,False,4.151610757673517,2.9414289839161056
33.756007,33,194.661181,True,False,False,3.304988158508225,3.2062331198011558
36.733394,35,195.710241,True,False,False,3.910073190894404,3.7619365416578723
41.575916,52,195.947395,True,False,False,5.50339927109537,4.938743969158348
30.91893,32,196.091796,True,False,False,3.0461990025548222,2.6217777442122827
27.578589,17,196.170264,True,False,False,1.7463878475524086,1.8198719733325817
36.057803,34,196.327829,True,False,False,3.635547018972827,3.637698516159803
43.480496,49,197.78932,True,False,False,5.489514124254665,5.24671854493189
34.919127,40,197.977668,True,False,False,4.005154314542699,3.49699011901574
33.82737,39,198.155569,True,False,False,3.508741176898479,3.2958656265008868
36.625978,37,198.327874,True,False,False,3.962883775753393,3.6961039011875387
32.472057,33,198.494613,True,False,False,3.0989203030923407,2.9058298872824095
27.829319,21,198.594532,True,False,False,2.094491182679442,1.957384446578763
28.276188,21,198.6916,True,False,False,2.1494335157383446,1.9986364530888652
26.08068,24,198.8049,True,False,False,2.2302972239963945,1.7140635844607077
44.664166,62,199.092829,True,False,False,6.43595456578216,5.513465445710733
40.103026,43,199.312853,True,False,False,4.723294792585845,4.424015877878434
34.32714,35,199.481876,True,False,False,3.5650170448449283,3.3431859941766495
31.285207,29,199.616403,True,False,False,2.985537179739945,2.6476050499341564
44.034209,66,199.943885,True,False,False,6.412226464954456,5.619609880163723
32.38298,30,200.102363,True,False,False,2.934636950496488,2.8948903688759127
40.983326,88,201.761256,True,False,False,7.710960583708494,5.563900121366633
40.034024,43,201.966297,True,False,False,4.574404850443548,4.471133521247061
32.717491,32,202.120069,True,False,False,3.2614775055029672,2.9856576522291114
32.683957,70,202.448756,True,False,False,6.002712332790446,3.577769107756202
44.849078,61,202.735742,True,False,False,6.073744138853696,5.533454140238105
44.043213,69,203.06244,True,False,False,6.772547092484814,5.691835205358956
30.118086,40,203.248453,True,False,False,3.6697022789483857,2.8208924011961263
-12.991972,22,203.364128,False,True,False,1.9026126000021277,3.382196589923613
33.334875,29,203.508911,True,False,False,3.0474773243093543,3.011746252481848
35.865975,36,203.680911,True,False,False,3.756171085937049,3.6521275574638707
-15.055172,12,203.737977,False,True,False,1.2733257447398947,3.1250748114004248
47.505432,54,205.231026,True,False,False,6.176422850174974,5.890158166307317
43.008822,67,206.280899,True,False,False,6.17528988263041,5.408386327394564
25.266788,26,206.400602,True,False,False,2.1623464718675094,1.592571425451588
37.395578,45,206.611165,True,False,False,4.5113649450016755,3.9034961305626337
34.822616,35,206.784712,True,False,False,3.6654531578881957,3.3569131946743984
29.335691,24,206.899253,True,False,False,2.393310363007195,2.26838075068736
35.226409,35,207.066859,True,False,False,3.728223500746976,3.4329018480924143
36.811869,41,207.253821,True,False,False,4.273618364832078,3.8128671702200667
31.672699,23,207.366868,True,False,False,2.5247587218228866,2.633593023737995
34.109676,36,207.53825,True,False,False,3.588408026429048,3.2564953039884728
33.065087,27,207.664751,True,False,False,2.9779965221117424,2.932141728097222
35.610208,40,207.851622,True,False,False,4.0227791243135185,3.560989213956242
38.329013,55,208.106352,True,False,False,5.216505111847596,4.283352262123613
34.107373,44,209.522496,True,False,False,4.218019827073322,3.493039390228246
40.440433,46,209.736075,True,False,False,4.9484558045138085,4.481790522393748
36.272991,49,209.964525,True,False,False,4.789751048044233,3.896548672155516
34.883953,38,210.143452,True,False,False,3.7342057664392585,3.3975738671239353
40.399783,53,210.388165,True,False,False,5.047756115805744,4.685055668980417
39.68282,53,210.63606,True,False,False,5.6690177218573305,4.618455851010526
42.402748,48,210.855966,True,False,False,5.566598528032436,5.060062978075431
29.754922,24,210.96464,True,False,False,2.3712089962953793,2.295926883952394
36.009868,34,211.12732,True,False,False,3.8490832449863044,3.594873249956812
45.07652,57,211.393764,True,False,False,6.13442471888409,5.5518578424151395
29.244134,33,211.548668,True,False,False,3.312030479260983,2.432845028964834
26.522434,18,211.63465,True,False,False,1.6155071724137673,1.5957927243784171
35.160115,31,211.78012,True,False,False,3.5628633311659703,3.4035698548956472
28.805854,25,213.162049,True,False,False,2.66473123735332,2.3586126510623893
35.58437,54,213.411482,True,False,False,5.205388627433936,4.0397268951052645
48.509431,64,213.725257,True,False,False,6.649986582179626,6.265673586798092
37.3691,42,213.925943,True,False,False,4.429917047183694,4.036643737137486
44.386313,61,214.20573,True,False,False,6.174775076768463,5.54336852320132
28.619268,22,214.307195,True,False,False,2.041558464210562,2.1070104720078118
36.128181,42,215.251051,True,False,False,4.290403555484333,3.783216905991013
44.19085,69,215.569314,True,False,False,6.955155759114156,5.611861996010238
26.692288,53,215.852762,True,False,False,4.688287531035489,2.5711991024937046
40.451847,50,216.084005,True,False,False,5.295513016943048,4.592650293686846
27.732672,25,216.199216,True,False,False,2.307219436561198,2.004410503538129
3.503709,57,218.064581,False,True,False,5.831550698915967,6.427903719822971
35.410825,31,218.211785,True,False,False,3.4057386104709506,3.427199739917285
28.232109,17,218.293091,True,False,False,1.7904523944383586,1.9615953492612321
26.885193,19,218.383875,True,False,False,1.779881100253962,1.7415521711697406
34.176124,33,218.536129,True,False,False,3.4998280339091474,3.345991970627653
39.504646,63,218.829351,True,False,False,6.001006077143739,4.9087661498994715
28.795092,22,218.988711,True,False,False,2.3010721445671347,2.152599973958075
31.266921,26,219.179616,True,False,False,2.7659182215677203,2.7930566158074783
30.586815,35,219.343086,True,False,False,3.255112363780518,2.631494846941117
32.94456,33,219.505246,True,False,False,3.4729371891916485,3.0618774415919217
43.981728,55,219.780475,True,False,False,5.6909015709929625,5.403037264829918
38.970893,52,220.031407,True,False,False,5.188819424842905,4.363463358280654
31.066165,27,220.159441,True,False,False,2.990362801333935,2.6397913038380283
37.062224,35,220.334441,True,False,False,3.875134894106783,3.730812271147681
40.574864,44,222.545091,True,False,False,4.875061685971595,4.540876147135143
35.078105,31,222.789476,True,False,False,3.5020634674751947,3.396050791363858
33.086963,27,222.997563,True,False,False,2.995284871872984,2.9192692867256027
41.433741,55,223.426074,True,False,False,5.49033555396881,4.864714853544665
26.483026,18,223.566632,True,False,False,1.658690248179627,1.634880449140396
28.718217,26,223.77,True,False,False,2.2569601540179525,2.220397626106561
28.930261,31,224.010982,True,False,False,3.082725270363969,2.32013620667283
35.494051,40,224.318362,True,False,False,4.173752196359718,3.5713901121670517
36.024605,61,224.792245,True,False,False,6.076079705255969,3.9295524870179737
26.671763,30,225.024665,True,False,False,2.8073958784319615,1.8960959343512156
43.576137,47,225.388716,True,False,False,5.265634381608814,5.073933306327643
33.044147,27,225.59796,True,False,False,2.899149272615734,2.929375716097363
-11.872974,22,225.767267,False,True,False,2.110062647913097,2.983681283642415
-5.425774,38,226.06094,False,True,False,3.832475012466721,5.697665040819879
41.089696,47,230.205567,True,False,False,5.055652991669678,4.653963300578355
36.553151,64,230.707309,True,False,False,5.411733801186469,4.23500152763675
40.285323,45,231.063484,True,False,False,4.791739164257821,4.444297967040787
35.475269,34,231.337187,True,False,False,3.641630680903627,3.512003436094778
36.857579,41,231.655119,True,False,False,4.307178932212468,3.8067894563644966
38.353409,40,231.970601,True,False,False,4.117806452847181,4.10419972362547
27.86283,62,232.451494,True,False,False,4.868017516525874,2.8229875545562084
43.388872,47,232.827868,True,False,False,5.26779509773992,5.091567129448831
30.710863,40,233.13628,True,False,False,3.7275245469961598,2.6851254771293696
35.052769,34,233.408105,True,False,False,3.485513418376843,3.3884045468943342
27.458427,15,233.560442,True,False,False,1.6399741008603836,1.8126410081693336
33.479034,30,233.802716,True,False,False,3.2360531500180802,3.079119707601782
31.680438,34,234.095347,True,False,False,3.3762164431275514,2.868649734812181
36.332695,41,236.479624,True,False,False,4.109573366415213,3.756982968537647
31.034317,23,236.662852,True,False,False,2.4332484507639798,2.5482747640366172
38.162888,42,236.994553,True,False,False,4.353330618859489,4.120857091336353
32.276458,32,237.244447,True,False,False,3.2823600211257338,2.8560211121867063
45.542195,91,237.934023,True,False,False,8.711949258420958,6.495422486086397
39.611979,83,238.577186,True,False,False,7.598661956738081,5.234361047800637
36.692593,40,238.893406,True,False,False,4.17015659254997,3.8033078813941725
43.977573,60,239.358993,True,False,False,6.1531210894650386,5.333786275854701
29.348193,21,239.521909,True,False,False,2.2326804186566287,2.251324825842889
34.011831,40,239.831904,True,False,False,3.9732162077788993,3.4866317016173363
31.212187,25,240.030511,True,False,False,2.545937960093669,2.5704188443963174
33.819482,26,240.23396,True,False,False,3.053926113032398,3.035311867395707
0.392173,53,242.676699,False,True,False,5.51039353583294,5.548863768756007
33.781187,28,242.889082,True,False,False,3.1914749888608367,3.0774295812676407
33.136116,25,243.079164,True,False,False,2.8843709301371896,2.9059014837787402
39.744672,46,243.434141,True,False,False,4.8008850499295255,4.516816858831812
41.966346,47,243.80807,True,False,False,5.210626801156214,4.969849606421208
41.526195,52,245.349401,True,False,False,5.227982207410034,4.844455685090165
37.557636,30,245.586137,True,False,False,3.6171383040421987,3.737687511077724
33.481345,31,245.839836,True,False,False,3.073376976940887,3.1563766811509257
41.063612,57,246.301194,True,False,False,5.980885851749167,4.9561124101570035
50.72007,64,246.80466,True,False,False,7.111283656010365,6.560741753016201
35.740909,37,247.087564,True,False,False,3.9423146059294,3.5352223266032468
26.564652,22,247.25481,True,False,False,2.0493677606343463,1.732682502963172
54.960284,89,249.989169,True,False,False,9.779349401029426,7.671078867728982
44.464741,56,250.436645,True,False,False,5.969909783878946,5.403700794975289
28.468592,22,250.615374,True,False,False,2.2576256042244123,2.058262735489509
28.002012,15,250.735708,True,False,False,1.682551160213418,1.8853083925580412
41.195224,53,251.156095,True,False,False,5.628118154166817,4.727316676830463
44.233064,56,251.607589,True,False,False,5.9221888947266965,5.344976924153817
31.329588,37,251.898308,True,False,False,3.2793577813344537,2.8211287392829374
29.730238,23,252.085808,True,False,False,2.5231869181518993,2.264862035924754
41.02174,45,252.445381,True,False,False,4.762662251039431,4.6253957661652665
43.618619,51,252.852907,True,False,False,5.623577058820918,5.1127163784497425
37.515741,40,253.173082,True,False,False,4.268475271690652,3.9717451855282007
39.078712,45,253.530959,True,False,False,4.502071148137996,4.243929655315612
38.18032,43,256.22697,True,False,False,4.452151271131583,4.095295594524668
29.616587,25,256.429785,True,False,False,2.5907867206491435,2.2610783799256713
48.658452,63,256.962107,True,False,False,6.901537883184308,6.179541377011529
39.157553,52,257.378794,True,False,False,5.074413421174821,4.395776912635755
43.711251,41,257.693262,True,False,False,4.9454456179900355,5.037913146023556
33.870641,37,257.970538,True,False,False,3.342190572718883,3.1553719766541777
28.408133,54,258.402696,True,False,False,4.8053694169189205,2.6110797777242194
33.821574,34,258.673095,True,False,False,3.459701569404138,3.134070163361136
2.69026,48,259.066651,False,True,False,5.23915965946343,5.919893357841501
40.311656,44,260.555055,True,False,False,4.692525067322115,4.4933526414111755
37.859701,44,260.910467,True,False,False,4.190373773407424,4.035279074382626
26.544913,16,261.047429,True,False,False,1.6286186953964281,1.6737973773684747
38.593634,61,263.783582,True,False,False,5.507309124307805,4.48461931981174
30.641734,29,264.016744,True,False,False,2.8162940046199054,2.542857300373944
40.330001,45,264.395534,True,False,False,4.860466038196784,4.524528600831576
35.641007,36,264.69773,True,False,False,3.744708727919488,3.582005717716707
35.049862,43,265.056484,True,False,False,4.51560011943793,3.681734929867167
36.835398,38,265.381782,True,False,False,3.966060898262458,3.7953452143445014
26.180091,14,265.493954,True,False,False,1.496810264990345,1.5620104914576018
29.094878,18,265.632814,True,False,False,2.0006994291087383,2.121019973119814
29.746859,39,265.933911,True,False,False,3.818780809315278,2.5863909177518236
36.593574,35,266.214309,True,False,False,3.766019293507657,3.6926240202296774
28.818972,20,266.375836,True,False,False,2.1132625760125845,2.1481782012717496
48.510067,62,266.885726,True,False,False,6.716935221230063,6.19372654400879
27.846813,18,267.035608,True,False,False,1.8877802544662494,1.9115778683625253
28.238312,19,267.188537,True,False,False,2.047795176846785,2.0003984285372263
26.002548,12,267.283315,True,False,False,1.3344035049236023,1.542178759970472
35.533268,45,269.868658,True,False,False,4.575563221828544,3.6514111315787283
-14.615039,15,269.997414,False,True,False,1.4350030367901816,3.3352683386417565
40.277493,62,270.485605,True,False,False,6.063639564181292,4.840406165901006
29.462492,20,270.643469,True,False,False,2.176272682336652,2.2415071736799
34.32381,30,270.874088,True,False,False,3.3005266463565386,3.192098514723653
39.814454,43,271.209806,True,False,False,4.619765411268681,4.3600323769917395
27.340983,18,271.348637,True,False,False,1.9275958565570164,1.9005362735146407
50.179139,84,271.99474,True,False,False,8.613163943173031,6.811608659513223
48.95612,59,272.454043,True,False,False,6.522186367673381,6.203092739035539
31.338882,31,272.694044,True,False,False,3.174061088352705,2.753680426702476
47.168393,54,273.112173,True,False,False,6.034894696210316,5.844129122347451
34.975849,28,273.327134,True,False,False,3.1829304545672854,3.3185540229384998
39.680509,41,273.650335,True,False,False,4.4435934094367076,4.422553462522892
44.119155,57,276.114424,True,False,False,6.164065832352245,5.37798794672166
28.842056,22,276.284863,True,False,False,2.4538918557104736,2.217854866059698
31.099841,29,276.521026,True,False,False,2.9997789405325235,2.750929867493873
31.103956,23,276.707776,True,False,False,2.491029273805167,2.559483441198952
38.328126,36,278.109849,True,False,False,4.1532062937213805,4.015014790718396
31.780942,23,278.286106,True,False,False,2.6343090120900854,2.669730565722429
35.79596,34,278.55218,True,False,False,3.7795973663735873,3.473550525101935
37.362713,38,278.845226,True,False,False,4.037426292650322,3.8513166221923507
31.81162,42,279.176614,True,False,False,4.1915957259999335,3.0828625228042377
26.843402,16,279.301967,True,False,False,1.668687455942676,1.7255319084922136
28.972299,17,279.434308,True,False,False,1.9340193003344996,2.080875107420496
36.998915,43,279.74258,True,False,False,4.042069965080264,3.9047689932793
40.763199,51,280.142101,True,False,False,5.474429984327714,4.632172021705448
32.670431,25,280.334177,True,False,False,2.8092236350423634,2.800600609796414
41.394232,60,280.804475,True,False,False,6.130309826786393,4.89301428806142
32.706885,26,283.036472,True,False,False,2.7746057418073815,2.8414068633321814
29.883353,20,283.193175,True,False,False,2.320436762871147,2.298980698848772
38.910122,55,283.62935,True,False,False,5.497801457331955,4.305714887514304
32.136898,25,283.82059,True,False,False,2.7682259478051026,2.7118476514443213
26.803351,19,283.964245,True,False,False,1.8454799142282616,1.7339671264180578
50.297226,61,284.426641,True,False,False,6.912218878295844,6.435744779207279
36.604407,36,284.708741,True,False,False,3.8152765595712057,3.7003087664824426
31.013817,24,284.90891,True,False,False,2.5627593166563907,2.5647599492132165
30.468536,20,285.069577,True,False,False,2.3556426024998913,2.4724758712878643
26.32533,14,285.180271,True,False,False,1.5176055925004746,1.534062085611042
46.2732,64,285.69576,True,False,False,6.76844354417022,5.837133045140849
42.079212,50,286.095988,True,False,False,5.463985662494096,4.867602194719249
39.491975,51,286.498568,True,False,False,5.204333460720552,4.419652601495645
32.385702,23,286.685199,True,False,False,2.679413336696405,2.699817112035794
47.938993,58,289.269319,True,False,False,6.607256536326215,5.975347550727268
26.824637,14,289.382541,True,False,False,1.5309758279563395,1.6489696792439659
34.953827,29,289.607122,True,False,False,3.3404239061283905,3.3059035530069782
29.686089,20,289.76589,True,False,False,2.172600720675497,2.261824485003717
44.658124,50,290.158098,True,False,False,5.598631581051918,5.3331218923111505
40.209439,41,290.478194,True,False,False,4.597530517047943,4.391548909663713
27.004713,14,290.588196,True,False,False,1.5900602541556808,1.6830601035746147
35.371783,31,290.83243,True,False,False,3.4499384649040454,3.418550238631219
49.029654,74,291.410607,True,False,False,7.781194721968205,6.458068534594632
46.225684,47,291.778474,True,False,False,5.47627375109362,5.5692752199136235
48.153112,59,293.364126,True,False,False,6.428703013878725,6.072274041216926
28.578245,23,293.546987,True,False,False,2.352770120913229,2.0760770894699303
26.051507,16,293.673672,True,False,False,1.6674619793485206,1.5327401058103876
40.802963,42,294.007812,True,False,False,4.596585238875443,4.587437427967644
35.752606,33,294.265158,True,False,False,3.7375330086742036,3.516655285195421
43.300163,46,296.715091,True,False,False,5.236742864886524,5.014060871975427
28.663135,18,296.870607,True,False,False,2.084408734838174,2.100688516767903
34.307332,26,297.087497,True,False,False,3.074360001820076,3.1884708985497867
44.952414,85,297.746472,True,False,False,8.503568731273578,6.172702969089111
29.413689,21,297.90818,True,False,False,2.2083567038669,2.2703518659730424
36.685821,40,298.214201,True,False,False,4.118301167070402,3.775679993860089
35.179109,34,298.493763,True,False,False,3.709240002843817,3.504586959006845
31.510901,29,298.730206,True,False,False,2.943543494541815,2.7055355042987212
31.706047,24,298.923681,True,False,False,2.5456399174621183,2.710149430979592
30.814217,22,299.107661,True,False,False,2.3572662303761907,2.477539898186606
26.354017,18,299.261554,True,False,False,1.6911008125424953,1.697928342576609
40.850629,57,299.705726,True,False,False,6.056448453177892,4.736319947392719
39.527587,41,300.028609,True,False,False,4.523781995416423,4.299946582322381
-16.901699,9,300.098455,False,True,False,0.8508028845915705,3.2943321041117546
34.520187,32,300.349078,True,False,False,3.3166399377826608,3.2949997707949237
32.956798,25,302.57533,True,False,False,2.8303932616154994,2.888525799527296
31.187888,32,302.822709,True,False,False,3.274732798098517,2.634404103886949
40.914201,57,303.258185,True,False,False,5.771037149694248,4.8255518180127135
37.894094,37,303.535228,True,False,False,4.133427160978529,3.9979985071447564
30.774701,23,303.721498,True,False,False,2.4677343986894287,2.443123635785918
48.093678,60,304.196305,True,False,False,6.691444619451461,6.055613744190975
43.035331,58,304.640018,True,False,False,6.020403034085323,5.180103043968836
34.14207,33,304.895249,True,False,False,3.5618711365517353,3.2278312407977414
30.069448,24,305.082373,True,False,False,2.6091273045364924,2.396196751857514
32.149732,30,305.32639,True,False,False,3.1954369527472206,2.848754221689755
36.430603,35,305.619004,True,False,False,3.8379444857394995,3.6478644157630087
33.859035,38,305.926275,True,False,False,3.789533904449689,3.3045291806074655
41.779563,46,306.288268,True,False,False,5.161051036322512,4.78547919850669
34.514092,47,308.715516,True,False,False,4.580004853470481,3.4803290510400897
36.254727,33,308.978421,True,False,False,3.7562410790979723,3.6199801254943487
39.542573,48,310.466047,True,False,False,5.174634316772932,4.4290176822012235
34.55792,33,310.728381,True,False,False,3.376898106906881,3.334742779173974
-2.46368,39,311.028875,False,True,False,4.286433839420455,4.755164825347486
44.131855,56,311.462503,True,False,False,5.746767872649635,5.430680382477979
26.792888,16,311.592123,True,False,False,1.5529811823649653,1.708903147185948
32.579533,32,311.838898,True,False,False,3.5380570961174778,2.8855653438590196
34.864167,48,312.202646,True,False,False,4.8875045321529855,3.66042260303619
49.189862,53,312.617392,True,False,False,6.1598755855465415,6.195533109649229
34.245067,32,312.859796,True,False,False,3.259905937328436,3.2031730221870762
28.67065,19,313.005465,True,False,False,1.9334896724696349,2.0590184984914806
39.817975,45,313.344974,True,False,False,5.071769433726403,4.356576745953538
37.291007,35,313.613244,True,False,False,3.96652631035117,3.8002419840920565
27.370309,15,315.72339,True,False,False,1.7368135298327034,1.810820781165055
34.091582,30,315.94627,True,False,False,3.237968562536678,3.231027700064383
34.883729,31,316.186791,True,False,False,3.495125485435769,3.391754996954368
26.836491,14,316.294868,True,False,False,1.6021602656922211,1.614734462544319
45.38234,57,316.738286,True,False,False,6.173394180973714,5.594466567905065
49.262155,56,317.161992,True,False,False,6.40589852555591,6.2043241607371336
35.125567,37,317.446604,True,False,False,3.853954715603846,3.3722520468971457
30.264155,27,317.659053,True,False,False,2.753255194480541,2.465921658348404
36.573194,33,317.926746,True,False,False,3.654570337103238,3.6232987685814786
36.824316,32,318.173671,True,False,False,3.846110640110088,3.644715556030602
29.327261,19,318.321111,True,False,False,2.129986740855858,2.17293520228098
29.454699,17,318.453085,True,False,False,1.9495588981425558,2.101229433052198
31.409322,25,318.648089,True,False,False,2.6452458984904226,2.59372144096675
47.97478,52,319.051371,True,False,False,6.133140073508428,6.007268191579479
33.296718,31,319.302061,True,False,False,3.340169778383542,3.0544773585231617
-18.127182,6,319.35547,False,True,False,0.49074480762445055,4.956133484695774
29.899957,25,319.545715,True,False,False,2.786373962592523,2.3191516869085
31.204706,22,321.723058,True,False,False,2.4403696857397508,2.4872578743100773
29.138618,24,321.908479,True,False,False,2.3751340566157655,2.2386013809919207
-0.519496,42,322.232978,False,True,False,4.5102871085971765,5.592250015433179
30.481282,35,322.503843,True,False,False,3.61259564559466,2.6481365992916035
-16.037888,10,322.580021,False,True,False,1.0742308468221289,2.4281850223375843
28.394209,20,322.731205,True,False,False,2.2073402633621804,1.9910797702725802
45.471892,64,323.228981,True,False,False,6.357672662198668,5.675999473827786
36.421648,31,323.481694,True,False,False,3.651169940407036,3.5621103794662488
36.767565,36,323.767067,True,False,False,4.025033163869975,3.7280622466848166
43.474365,47,325.169412,True,False,False,5.460509487438368,5.06812712082091
31.427372,33,325.425617,True,False,False,3.6318748847593088,2.729313154385861
47.114607,51,325.822466,True,False,False,5.969941738530122,5.872754837302476
26.492308,12,325.911642,True,False,False,1.406313966421113,1.5654848471053946
34.66637,41,326.225004,True,False,False,4.230063707786355,3.6179164763816014
46.304959,56,326.653688,True,False,False,6.266254075660708,5.7211258088972174
36.867348,48,329.145647,True,False,False,5.062750030072841,3.9290555603639397
27.27628,16,329.271091,True,False,False,1.598051229493713,1.7657209611507825
30.405103,24,329.465683,True,False,False,2.5342317844718982,2.4513413270936684
33.912642,33,329.733343,True,False,False,3.7025255670848716,3.185672580648923
36.502777,31,329.976256,True,False,False,3.77038468160448,3.652440441348153
37.041364,34,330.250078,True,False,False,3.8033884478654376,3.7853998738694554
40.073709,45,330.618154,True,False,False,4.604062684572085,4.506865175355184
37.858759,37,330.911035,True,False,False,4.171690909000623,3.910856398846588
50.865862,66,331.437138,True,False,False,7.282400527728901,6.678510111911494
-18.058713,9,331.508099,False,True,False,0.7203048165073114,1.8748879923049597
36.814184,36,331.803248,True,False,False,4.064373909525866,3.7549650573309608
37.047391,37,332.112491,True,False,False,3.9557490459004554,3.801406232026358
47.429929,64,332.619427,True,False,False,7.161027640939893,6.283592760429484
52.050227,69,335.180721,True,False,False,7.412039931999758,6.969012985049625
43.22764,49,335.583392,True,False,False,5.452824013416325,5.103146998537289
36.187125,29,335.816974,True,False,False,3.4313844964642204,3.458708255180334
39.175809,45,336.186604,True,False,False,4.99083767718188,4.292236430834448
46.397959,65,336.705492,True,False,False,7.033329659668059,5.782445560977613
30.716432,29,336.942833,True,False,False,3.159642098930023,2.5878774574781827
37.043927,33,337.205076,True,False,False,3.7620848103961495,3.7076725900501355
34.787168,34,337.469768,True,False,False,3.562197929512063,3.3865523051815107
33.85893,32,337.717335,True,False,False,3.33224330504435,3.1151907653476196
34.092934,29,337.947561,True,False,False,3.1622706271932524,3.1816105983665692
39.856749,48,338.333114,True,False,False,4.970161394255936,4.485707804991098
29.415353,22,338.507703,True,False,False,2.3694808500218776,2.2310192144026786
34.033132,36,338.791244,True,False,False,3.9356100698079213,3.289614410973815
30.742488,22,338.975063,True,False,False,2.350198960528005,2.512414911514657
-12.242735,18,341.16538,False,True,False,1.8907996849355921,4.173327145687785
40.374804,64,342.703263,True,False,False,6.427663955199653,4.915706227470641
41.202283,41,343.028587,True,False,False,4.7284613968107285,4.611405615261584
47.855102,61,343.510322,True,False,False,6.972145145036694,6.039849269509038
29.354338,18,343.609128,True,False,False,2.0643761877350584,2.106885862168001
41.422451,52,344.01823,True,False,False,5.667538725080112,4.81782877015373
44.034656,51,344.428631,True,False,False,6.016239316415185,5.192529362585843
36.424575,31,344.673198,True,False,False,3.6778102628728693,3.6714707456499367
38.334191,62,345.177698,True,False,False,6.534034755431377,4.637196114748479
30.983136,24,345.365288,True,False,False,2.572732342301051,2.5201458410596347
36.604392,29,345.60548,True,False,False,3.482029840666484,3.620362833137417
44.426076,51,346.020545,True,False,False,5.741754303735571,5.307195206408433
42.128961,47,348.449075,True,False,False,5.462170287935677,4.761893499098955
41.517337,47,348.824121,True,False,False,4.820784786658539,4.768750336324401
39.580988,44,349.173083,True,False,False,5.2259209309375025,4.298479489604639
31.976963,21,349.334706,True,False,False,2.5034745365735773,2.611528212841281
33.538818,34,349.592688,True,False,False,3.4412208868014247,3.1491441666831474
37.052959,36,349.87252,True,False,False,4.083349506897563,3.7433740678188125
33.000706,28,350.091056,True,False,False,3.2056326135418494,2.9847039980505583
31.972238,30,350.325261,True,False,False,3.0308721212592054,2.935368695262198
31.492486,23,350.51115,True,False,False,2.5066148371221124,2.5691892867562482
29.612348,22,350.680715,True,False,False,2.221978860735226,2.3075991122156787
40.352657,43,351.018562,True,False,False,4.920296230993806,4.668360822385573
41.655918,41,351.336777,True,False,False,4.8446584723196775,4.610212314020168
36.959263,59,351.799512,True,False,False,5.58530143860481,4.295564723840353
29.135644,23,351.982626,True,False,False,2.4981363617321084,2.2360186654606298
34.122769,35,354.33883,True,False,False,3.7255379953879846,3.274139421099657
42.916053,50,354.784017,True,False,False,5.641610569754569,4.96468872976402
32.08739,29,355.021813,True,False,False,3.0309545829764604,2.79334184697488
28.531215,21,355.191271,True,False,False,2.0432349464934147,2.0246658242634408
36.946471,29,355.420786,True,False,False,3.5156545638016765,3.5929448031346305
48.079468,51,355.833787,True,False,False,5.937907973456817,5.944924073074887
35.350591,30,356.075075,True,False,False,3.406242781720667,3.4231601903697055
31.87261,29,357.622283,True,False,False,2.945616707988564,2.7933662895500655
46.902226,56,358.100301,True,False,False,6.298926703192633,5.850859540816311
-8.864851,25,358.303106,False,True,False,2.620603692558995,4.375273191541851
37.650542,37,358.615559,True,False,False,4.410090968062481,3.9446108546079444
31.667327,23,358.821263,True,False,False,2.6618399911898765,2.5777151862118446
29.502536,21,359.000897,True,False,False,2.3911927551491936,2.2464254783602913
36.877186,36,359.30438,True,False,False,4.106097085758412,3.7722936806168472
37.195049,38,359.616889,True,False,False,4.424000760739741,4.02078184241014
42.583507,52,361.930501,True,False,False,5.740179961296464,5.0575279202216645
46.530394,48,362.202816,True,False,False,5.655233163126929,5.629740371501009
38.838953,35,362.427508,True,False,False,4.067432320540475,4.0269700413296246
39.354154,34,362.629128,True,False,False,4.081923298513323,4.182641997990928
29.449519,31,362.813426,True,False,False,3.3327777544625707,2.4055023469589245
26.121255,23,362.952853,True,False,False,2.1268279053470365,1.8123494527261421
30.64392,19,363.072735,True,False,False,2.293072458747614,2.4315841403791607
33.113507,42,363.325531,True,False,False,3.844660390551639,3.4218102649285598
28.9068,16,363.422901,True,False,False,1.9102655304414717,2.0243998471440325
40.924657,39,363.689904,True,False,False,4.587518397933293,4.5773233765543155
25.881354,15,363.834838,True,False,False,1.4654873162009603,1.5713308099579464
42.175734,49,364.194365,True,False,False,5.541528073779713,4.89955573011044
35.764449,38,364.436232,True,False,False,4.039120462498572,3.5650663224249075
30.201095,23,364.572707,True,False,False,2.5975545456889995,2.3744548827832297
37.516465,48,364.906099,True,False,False,5.541444436011269,4.020266768452275
45.02342,54,367.081304,True,False,False,5.98894590097311,5.401792205963698
51.352648,62,367.540399,True,False,False,6.898669005068504,6.6299228452242565
45.609626,55,367.916579,True,False,False,6.09736522451969,5.489502691535905
39.258888,35,368.170403,True,False,False,4.0899269928852,4.1789262405362
39.265607,40,368.467614,True,False,False,4.3967012843757205,4.246829514284109
28.910818,20,368.62019,True,False,False,2.2160104781887098,2.0467769352468035
32.646392,25,368.801798,True,False,False,3.009006671516528,2.8364696697986633
28.640643,40,369.104889,True,False,False,3.709312431829216,2.4695175041242656
31.285889,22,369.270269,True,False,False,2.487478089006112,2.5061312210237556
47.476336,54,369.702711,True,False,False,6.213530036833917,6.061721299505398
27.225098,15,369.821596,True,False,False,1.7247965087630357,1.753830389693773
33.562033,29,370.051554,True,False,False,3.0930664589517245,3.096442771207662
34.686924,32,370.307261,True,False,False,3.436060569310893,3.427740372238757
38.979006,40,371.79408,True,False,False,4.368580109905172,4.189160737109119
28.031709,16,371.922153,True,False,False,1.8782476558224572,1.8485949067142662
36.623487,48,374.31318,True,False,False,5.109001615857821,3.881810680851929
41.078532,46,374.699659,True,False,False,5.076881274952764,4.614803839200643
29.203193,17,374.836276,True,False,False,2.005312683312118,2.0818674301440234
26.648099,20,375.001919,True,False,False,2.3198898750361283,1.6723020619457774
33.850056,37,375.302513,True,False,False,3.9041559292619628,3.3954164382996526
35.830077,33,375.580858,True,False,False,3.603401396945058,3.5426134335310655
30.586514,21,375.749752,True,False,False,2.3228622001802095,2.370870695416815
40.52901,45,376.071495,True,False,False,4.963276864067437,4.490048811480274
29.192685,20,376.223086,True,False,False,2.129953028736213,2.196753386011641
40.347188,46,376.563064,True,False,False,4.910179497594495,4.5102020482227
30.265464,20,376.719289,True,False,False,2.282654896657428,2.370967750376789
38.746172,42,377.030977,True,False,False,4.6891555893900145,4.3102578066970025
37.974171,50,377.407007,True,False,False,5.068747071466304,4.273812781955294
27.521868,17,377.545107,True,False,False,1.757588682426125,1.8036751264082784
38.621358,47,377.939691,True,False,False,4.918286746502512,4.191897334256784
28.92353,15,380.213294,True,False,False,1.8455486988968899,2.0510957259691662
29.978486,26,380.431417,True,False,False,2.7957592126027984,2.371226210877669
29.436781,20,380.601858,True,False,False,2.1250242577486693,2.2263341313259986
34.614996,36,380.93502,True,False,False,3.904227412976915,3.2714546232587165
42.628007,47,381.328994,True,False,False,5.352773044088365,5.08012642562916
28.337452,21,381.501799,True,False,False,2.2957316846232705,2.0337396703631976
31.469664,26,381.710911,True,False,False,2.950596338954828,2.8492104509137706
48.200257,57,382.166764,True,False,False,6.319161987624923,6.030025731098772
45.734699,54,382.6004,True,False,False,6.129412650296077,5.60054100384325
41.380412,45,382.951524,True,False,False,5.145228913079271,4.672208333634101
37.770924,40,383.274329,True,False,False,4.32642289636291,3.9284528557837906
44.608663,50,383.700549,True,False,False,5.4210670564364944,5.358842688519726
29.710359,19,383.853127,True,False,False,2.1853887221561608,2.257898234476778
33.504393,32,384.109386,True,False,False,3.6847542392439783,3.052291747234609
27.459128,15,384.229762,True,False,False,1.6648975659634817,1.770650394224495
30.791019,20,386.439311,True,False,False,2.3134511431433613,2.4815873451576627
44.907602,60,386.9343,True,False,False,6.361119591787605,5.553058715858823
42.415706,39,387.247442,True,False,False,4.715147835062486,4.790003007725587
44.932242,54,387.67778,True,False,False,5.946109322799539,5.486464482473559
-2.520606,45,389.215604,False,True,False,4.5390723650607905,5.415516038830217
28.628905,18,389.354815,True,False,False,1.9919304131705287,2.0114789790359398
33.39751,26,389.559091,True,False,False,2.9253454764749116,3.0043800389348596
32.589942,26,389.771135,True,False,False,2.8903144199059048,2.9408235880315017
35.259175,34,390.04082,True,False,False,3.7724862562076185,3.4149608312521442
44.701806,49,390.432337,True,False,False,5.633424656551341,5.3391071277385675
43.586572,62,390.921742,True,False,False,6.156807790583838,5.347644575775153
32.068775,32,391.176075,True,False,False,3.221763661408809,2.8336381253018486
44.406406,58,391.647319,True,False,False,6.053938785436202,5.5130401007626375
36.479708,33,394.00603,True,False,False,3.695779600369261,3.6315366127609097
41.452639,50,394.409478,True,False,False,5.618250716278579,4.738291550366353
33.181359,27,394.626574,True,False,False,2.934910594467994,2.9858523459362436
31.196886,24,394.815131,True,False,False,2.7749927620690564,2.666806871315183
32.477661,25,395.016448,True,False,False,2.9069440747847337,2.9380727001450113
35.597363,37,395.310555,True,False,False,4.178289758235276,3.5814966810205835
47.831397,59,395.779847,True,False,False,6.603018032431131,6.064046772236777
32.997741,30,396.022908,True,False,False,3.2407311219395383,2.97995630980463
31.097621,21,396.192582,True,False,False,2.356684094764415,2.4672682913390416
36.052047,31,396.429268,True,False,False,3.660292333822168,3.5323072562280022
36.032325,34,396.711365,True,False,False,3.8730790138198454,3.563453430758829
39.113986,47,397.094042,True,False,False,5.457526723818912,4.341923997027169
27.528142,13,397.196249,True,False,False,1.5455186079528427,1.7978234966455766
31.303326,22,397.372666,True,False,False,2.495989926241689,2.5964436534142434
30.032812,18,397.518067,True,False,False,2.128302782626305,2.2758109835426614
45.692752,55,400.068982,True,False,False,6.079822144246222,5.65568072895382
39.708632,38,400.368906,True,False,False,4.383714480726921,4.220132399978172
41.103406,43,400.706266,True,False,False,5.007959340906655,4.5470509520256135
32.762627,27,400.915524,True,False,False,2.894615921667658,2.921185158289054
34.959558,48,401.29505,True,False,False,5.095207857657228,3.645537264524475
26.186246,14,401.407979,True,False,False,1.5025334642609878,1.5649381226281005
32.117189,25,401.608253,True,False,False,2.8625266709441957,2.759674765896917
27.220191,20,401.766368,True,False,False,2.103868031676365,1.8178307594463095
32.802717,26,401.982667,True,False,False,3.0435279586368855,2.8218937583134522
37.762744,35,402.267239,True,False,False,3.987966234856984,3.93585560704978
42.773237,42,402.605879,True,False,False,5.068124879662666,4.89115505776148
-15.268028,18,402.750422,False,True,False,1.6029260904833569,2.6811114078482645
29.281164,22,402.927623,True,False,False,2.342133202030111,2.2069029410953687
42.456586,45,404.363203,True,False,False,5.394157685531717,4.976210325577291
36.45512,33,404.628355,True,False,False,3.753876423486683,3.542242490367118
26.33796,22,404.803836,True,False,False,2.1655728170061144,1.71832119523519
32.162156,25,404.999537,True,False,False,2.7853636194131344,2.8178909955004965
39.589244,39,407.390881,True,False,False,4.473354740885248,4.249120987030717
26.829504,14,407.501815,True,False,False,1.5582116334272043,1.6293038156771031
39.005041,34,407.768477,True,False,False,4.058780125576499,4.083339253446356
37.853159,55,408.205195,True,False,False,5.5340141901773965,4.292583904429665
34.252167,31,408.445498,True,False,False,3.5038526192096633,3.190321970714483
38.85311,35,408.720623,True,False,False,4.0789990226831145,4.052212498872277
46.873878,54,409.140468,True,False,False,6.0568645897921,5.825793851161778
32.979596,28,409.35589,True,False,False,3.151595204948279,2.9800799430084246
46.247051,52,409.812878,True,False,False,6.114310912134761,5.641221430934696
-10.663075,22,410.01156,False,True,False,2.382152978776575,5.058508944571792
36.548311,35,410.309177,True,False,False,3.734175957804331,3.7448144667217016
43.812861,47,410.670297,True,False,False,5.471253165098599,5.112954944334284
32.549645,24,410.847286,True,False,False,2.7429756414748483,2.7975992650823827
36.382393,33,411.117076,True,False,False,3.862518187910678,3.594706883162237
26.618484,14,411.226577,True,False,False,1.5937497419970512,1.6376067705214068
33.50877,25,413.448441,True,False,False,2.9467156491420243,3.005727366399059
38.616314,38,413.750774,True,False,False,4.5138428906239385,4.089873806019344
40.04614,44,414.103693,True,False,False,4.753686377981606,4.381633623951224
50.196824,65,414.621603,True,False,False,7.201190429166986,6.461797320911457
44.775578,50,415.016018,True,False,False,5.809225590149487,5.314158259428724
28.869465,20,415.172665,True,False,False,2.1610727914204704,2.151780985250852
33.919545,30,415.406284,True,False,False,3.384970765413177,3.1711302694417838
32.281306,25,415.602459,True,False,False,2.8102177225837988,2.7930464105246644
36.893872,32,415.851979,True,False,False,3.7548388867339124,3.722777329857144
43.398758,53,416.267106,True,False,False,5.530526321859882,5.084832808779108
54.359489,69,416.833764,True,False,False,7.693235220924516,7.274606988666492
28.942905,18,416.978082,True,False,False,2.027413501909173,2.0929786974666804
38.498746,45,417.346241,True,False,False,5.230523669513316,4.234421967011945
28.28318,30,419.60963,True,False,False,2.9164474708111157,2.1160623970384904
42.200665,44,419.969291,True,False,False,5.022230972946375,4.791946673891693
45.323946,57,420.436749,True,False,False,6.256270315365788,5.554124789935955
39.652481,39,421.8606,True,False,False,4.576099984049923,4.309538262494024
36.585887,35,422.135478,True,False,False,3.9965570959797736,3.7099653171088756
34.829804,33,422.395131,True,False,False,3.792528001582221,3.3336118381004387
42.340339,44,422.737145,True,False,False,4.902972111016537,4.79387551813769
50.09005,59,423.186805,True,False,False,6.927313517952252,6.344163111072677
34.131032,28,423.400859,True,False,False,3.2120764042795886,3.1625503208148222
48.81605,69,423.925123,True,False,False,7.436777749119725,6.339598048766805
30.48738,21,424.084607,True,False,False,2.3487565211015102,2.4215489273635424
36.598051,35,424.361431,True,False,False,3.9827253595225782,3.73035580491548
30.613817,22,424.535757,True,False,False,2.4491275275772657,2.405408392512348
40.679554,48,426.944066,True,False,False,5.171736974160993,4.657037692924199
36.852349,39,427.24965,True,False,False,4.346501122841909,3.7722136977788203
36.402473,34,427.51952,True,False,False,3.8915959572899035,3.7057608134894107
39.712836,41,427.844262,True,False,False,4.631750566783904,4.316313473245085
42.546471,47,428.204763,True,False,False,5.446708020564302,4.873283862954977
33.628604,25,428.401266,True,False,False,2.9257822135405753,3.044071853471334
34.221582,32,428.652794,True,False,False,3.4899829816458827,3.240144967201734
37.962717,35,428.924786,True,False,False,4.0837775475468385,3.9467815823093306
29.610242,24,429.114455,True,False,False,2.556920826349025,2.246476531836469
42.162192,49,429.497262,True,False,False,5.160878802139616,4.895575442836458
33.216938,31,429.738147,True,False,False,3.1928921000034443,3.0506115875672846
41.263466,56,430.172773,True,False,False,5.7971821745904055,4.9124835021894615
27.902786,19,430.322114,True,False,False,2.0365654825339905,2.008249931029285
29.883094,20,430.487197,True,False,False,2.1762915165542234,2.263240855969533
50.83224,62,433.099895,True,False,False,7.219476718653013,6.605160961860669
34.132116,29,433.331652,True,False,False,3.531850264054588,3.080424555976461
35.694161,30,433.574127,True,False,False,3.543169768349911,3.446182410762405
34.172503,30,433.811519,True,False,False,3.5170170040609996,3.166504356850387
40.455609,41,434.133822,True,False,False,4.677631078116228,4.425828433664783
35.761303,33,434.390774,True,False,False,3.746375206434157,3.440347026288883
36.965548,38,434.685677,True,False,False,4.255559499953149,3.763208897957281
43.426818,54,435.112234,True,False,False,6.062806676291996,5.22661483241526
33.777942,33,435.378576,True,False,False,3.7528597259618306,3.143378044177333
30.785558,24,436.635274,True,False,False,2.5276639136748917,2.4746314591403125
26.632845,13,436.747371,True,False,False,1.4698076238158042,1.5984507399409698
43.449389,49,437.145543,True,False,False,5.469508615200687,5.084470125209958
43.270884,42,437.483724,True,False,False,5.11220578310646,4.872769806077516
33.178011,28,437.729699,True,False,False,3.197910416665168,2.9621165037076604
37.66949,32,440.026382,True,False,False,3.813855074679467,3.8013608525905376
32.745595,24,440.219187,True,False,False,2.8050847305502677,2.832946854964228
32.578988,34,440.486065,True,False,False,3.58814747449122,3.166710446984742
31.837154,36,440.763077,True,False,False,3.618802066620517,2.8830568411168733
49.342108,65,441.269999,True,False,False,7.3525539068066985,6.481586458753463
33.653723,34,441.532635,True,False,False,3.5162571180336433,3.3200768614806346
26.356283,18,441.673561,True,False,False,1.7961730188289062,1.6635401497150144
45.571149,47,442.04092,True,False,False,5.562510634897087,5.4743348522122695
30.809162,21,442.207078,True,False,False,2.4940111291007576,2.518584842011081
29.193044,17,442.338663,True,False,False,1.9844337709196338,2.126488228395686
36.461328,38,442.630215,True,False,False,4.019207227365974,3.7677353466064223
39.317079,37,442.915426,True,False,False,4.394959667806823,4.210527089819697
32.8045,31,443.141154,True,False,False,3.3345260949228157,2.9621121199800244
43.208704,43,443.487204,True,False,False,5.171869523333276,4.91510990953182
30.60287,22,443.656283,True,False,False,2.5500881022939867,2.413182457835762
26.79824,17,443.786405,True,False,False,1.6855948503463312,1.7170936021430276
27.483677,20,443.940478,True,False,False,2.0870227257240983,1.823000706725649
45.807407,52,446.322825,True,False,False,6.077925961076124,5.515666713837555
28.722197,15,446.439622,True,False,False,1.8455486988968883,1.9496820145610922
44.689191,52,446.856582,True,False,False,5.817123464428733,5.410674530102104
32.892974,31,447.103105,True,False,False,3.383989299245591,3.036989981109365
34.448908,27,447.308472,True,False,False,3.102571829866589,3.1932145360991315
38.504059,46,447.678722,True,False,False,4.864087766007302,4.251801474638466
50.395108,68,448.226603,True,False,False,7.1925424646727,6.654814509899129
34.948121,32,448.482789,True,False,False,3.4517541424899707,3.3596646307018263
44.621257,57,448.940067,True,False,False,6.038094100982269,5.452182613265242
29.683507,20,449.103266,True,False,False,2.208332675628493,2.1833468975651256
36.704826,36,449.411661,True,False,False,4.043489797612136,3.7992491036682345
37.435662,34,449.689814,True,False,False,3.9009895852384546,3.848250039525223
28.589872,15,449.808665,True,False,False,1.8179079878510291,1.9404995769669484
35.683521,29,452.069616,True,False,False,3.3607345989591897,3.4830301741248
50.775874,55,452.5083,True,False,False,6.4803825025155035,6.449736006712478
37.041505,42,453.946566,True,False,False,4.540846317753236,3.864876493144477
29.893027,22,454.11801,True,False,False,2.3075825337108204,2.290294216065703
41.312175,44,454.448231,True,False,False,4.980395479154867,4.690789277334073
47.399587,66,454.953964,True,False,False,7.020575683416059,6.19903377129426
39.830235,39,455.248031,True,False,False,4.51465165635968,4.2964311464428455
46.490548,52,455.640528,True,False,False,5.992756407801207,5.643604047573957
34.063037,26,455.838166,True,False,False,3.041559526611822,3.075957784270867
46.967827,57,456.271831,True,False,False,6.275393765324821,5.8276527238450075
44.075877,45,456.612199,True,False,False,5.359719613707923,5.168329110064186
26.350915,13,456.719888,True,False,False,1.4416128283707945,1.534257693394469
34.220011,27,456.925876,True,False,False,3.091973862128266,3.1566161393139867
34.289845,44,459.144165,True,False,False,4.435659897939733,3.439347673345129
46.066963,54,459.559945,True,False,False,6.337049952179443,5.685814133546573
30.84429,24,459.758102,True,False,False,2.7227531405061964,2.499710797084998
-4.128687,33,460.027641,False,True,False,3.830018703436188,5.78754563067056
33.002054,22,460.195805,True,False,False,2.6798113190019066,2.7867952259247013
45.458372,62,460.667159,True,False,False,6.829897310237542,5.749437362049625
34.452035,37,460.952175,True,False,False,3.7472560748868076,3.315601467485795
39.476941,38,461.239395,True,False,False,4.581232437081861,4.286391293004659
39.829996,49,461.616775,True,False,False,5.4494773572645725,4.463392140254083
43.57176,48,462.016618,True,False,False,5.36774675338785,5.1218677446567735
31.41335,23,462.183109,True,False,False,2.6098842515884964,2.636464367359056
47.342129,70,462.720618,True,False,False,7.541663907816511,6.211419919710468
32.912267,35,464.952814,True,False,False,3.5314716559993973,2.9906802293225017
41.977355,53,465.363617,True,False,False,5.7918584939564255,4.873276487094905
31.924753,26,465.565772,True,False,False,2.9439381080214826,2.761640597061429
45.220357,56,465.995709,True,False,False,6.184267076168391,5.492929716991224
39.583837,47,466.359232,True,False,False,5.168012709986282,4.348957192934008
35.635068,29,466.584289,True,False,False,3.3694619714868344,3.4735613321178382
27.48546,14,466.701523,True,False,False,1.6457180086339438,1.7229538221526208
47.788911,57,467.138249,True,False,False,6.364549567827146,5.932637000160514
27.143177,17,468.379245,True,False,False,1.6877514571403116,1.7711185438754993
30.388276,20,468.534817,True,False,False,2.3337718329401977,2.395867017524549
52.027201,65,469.033328,True,False,False,7.4197434751499705,6.807729070315351
40.045993,38,469.326097,True,False,False,4.619728030958958,4.340262418713349
28.289114,18,469.464037,True,False,False,2.1162088762660334,1.9746210528774408
41.396631,38,469.759016,True,False,False,4.589435068786543,4.639537249475289
44.825586,48,472.109094,True,False,False,5.571895066601718,5.306572562509985
30.238856,18,472.246909,True,False,False,2.1846865389895553,2.29124659864274
27.718602,16,472.369087,True,False,False,1.743995610314099,1.8676213169878244
47.010596,54,472.804934,True,False,False,6.126441918399837,5.814403830706033
36.652535,34,473.074448,True,False,False,3.9258437179133043,3.6630152193671495
30.869171,20,473.222296,True,False,False,2.390790083180157,2.6036433790987776
31.810352,25,473.404827,True,False,False,2.8300383740326094,2.8358957765509665
30.456564,21,473.563032,True,False,False,2.378688545773541,2.3912076928264754
33.583977,23,473.73996,True,False,False,2.8637824638055176,3.0154484972467603
41.742006,46,474.087237,True,False,False,5.1799571359634715,4.748851871206878
28.101141,18,474.222713,True,False,False,2.0790147429403043,2.035758429236053
31.662997,22,474.383498,True,False,False,2.625653132136008,2.616541260640168
32.654331,27,474.587474,True,False,False,3.0788623238239947,2.9808068610619385
47.128777,52,475.001861,True,False,False,6.158036415634194,5.761116768973042
42.172723,44,475.3461,True,False,False,5.173106712551538,4.7190401104434505
48.683631,59,475.794384,True,False,False,6.549682094739331,6.1541170716896625
39.243757,44,478.164711,True,False,False,5.072471658810455,4.184735323951948
34.487196,29,478.392794,True,False,False,3.329308436334751,3.266077168736712
32.661926,26,478.59433,True,False,False,2.942283156391153,2.872022232625337
32.591187,26,478.797803,True,False,False,2.985223882376664,2.8485273715914596
39.259064,46,479.165845,True,False,False,4.8231235855203405,4.374391748039502
41.951059,43,479.50559,True,False,False,5.038275949816132,4.73727509657075
30.496269,23,479.685464,True,False,False,2.4933452012693795,2.3913819841628756
33.587849,24,479.881428,True,False,False,2.8784575504082457,3.0043036381602573
41.191517,41,480.207033,True,False,False,4.59822520242765,4.610536423561791
40.293667,55,480.642114,True,False,False,5.758641645315459,4.6580240759986635
43.046478,48,481.032055,True,False,False,5.350429459301905,4.9559605336897645
31.722941,23,481.2135,True,False,False,2.582325441597789,2.6494539718890278
42.790459,48,481.583938,True,False,False,5.395459495765782,5.046304188360182
29.719923,22,481.753019,True,False,False,2.2492353520377937,2.2570508212748996
29.026619,22,481.923316,True,False,False,2.4795899002327557,2.1851358370376555
29.509698,19,485.237599,True,False,False,2.1994294136376773,2.199142886977759
46.690342,55,485.664455,True,False,False,6.14366960821937,5.789435347070731
42.978992,62,486.151003,True,False,False,6.68142418802359,5.214249637042153
34.515964,27,486.360399,True,False,False,3.2058058067811217,3.1367861663935037
41.761587,45,486.717751,True,False,False,4.8064774455440515,4.7824446431652685
44.725141,55,487.143536,True,False,False,6.414647340257021,5.580237072214985
54.39496,69,487.675389,True,False,False,7.868285139548166,7.313474215395231
38.791781,36,487.956571,True,False,False,4.1678375582228595,4.11259489436187
32.019433,27,488.163761,True,False,False,2.910592263292036,2.7577715874031314
43.862823,53,488.572309,True,False,False,5.967652863123121,5.215418209692021
32.489616,22,488.739874,True,False,False,2.6980314679758814,2.7873724002734903
26.800578,17,488.868502,True,False,False,1.9416525506127378,1.791782644791592
26.53773,24,489.060095,True,False,False,2.617798067069432,1.7222150658039863
42.580275,41,491.398881,True,False,False,4.895931941334159,4.790427085986392
30.664884,22,491.577621,True,False,False,2.2939990469070306,2.4177868800725575
38.641212,44,491.926,True,False,False,4.8520358118724385,4.272516077617669
31.350915,22,492.10377,True,False,False,2.531459622288725,2.602347075424144
41.217133,49,492.505693,True,False,False,5.452765262621458,4.943220295382271
32.70182,33,492.768189,True,False,False,3.5452878903417098,2.9046604895420876
43.024948,42,493.093303,True,False,False,5.037680353229371,4.868324238471261
40.32232,49,493.467009,True,False,False,5.222264274442234,4.7641695471972545
32.366979,21,493.627507,True,False,False,2.584912311383864,2.748233276215819
30.932425,23,493.804459,True,False,False,2.583658471757652,2.555406437991872
32.011082,28,494.016823,True,False,False,2.9561107908714352,2.801145540742426
-8.546756,22,494.183764,False,True,False,2.5045436908595513,4.546593554508717
47.691089,54,494.593071,True,False,False,6.1310309559147935,5.9460884981997895
31.57178,29,494.815472,True,False,False,3.067422697418255,2.795182638258813
30.952341,22,494.990342,True,False,False,2.4000918574131638,2.5306959029975347
34.057317,38,497.311766,True,False,False,4.0219071596256235,3.3493736666477814
33.034634,25,497.505091,True,False,False,2.9377359870035065,2.9292194789539505
30.711039,22,497.671084,True,False,False,2.5766246886473567,2.4351549994921466
28.536367,30,497.897405,True,False,False,2.958584559855117,2.267592044627448
38.061358,32,498.145423,True,False,False,3.883803503599743,3.913698090247554
33.144005,23,498.325174,True,False,False,2.7526243957077794,2.863176146843785
41.096027,45,498.67512,True,False,False,5.142195132119698,4.641687305332744
30.968518,21,498.836267,True,False,False,2.4077960629303967,2.48281644604313
51.03387,77,500.551301,True,False,False,8.261088905640877,6.805657454872407
47.180328,54,500.975115,True,False,False,6.188255933023908,5.790949784558044
37.418227,29,501.211187,True,False,False,3.5684285073992785,3.736040269974699
31.348289,28,501.430597,True,False,False,3.010462630229522,2.7038255559731192
29.518653,19,501.579785,True,False,False,2.262689515547665,2.2036979160321475
35.012186,30,501.808903,True,False,False,3.578090170913381,3.2749373783530586
30.972263,21,501.972048,True,False,False,2.383908015022351,2.453631660199169
43.167632,48,504.386856,True,False,False,5.551592996942257,5.158539945550233
37.001272,31,504.632005,True,False,False,3.7031212156143334,3.673141776718296
36.36799,32,504.888125,True,False,False,3.683810060552222,3.5658060590808542
54.098809,64,505.39074,True,False,False,7.476884856881728,7.162225684077613
27.355889,15,505.511617,True,False,False,1.6421141259379781,1.8080564826990049
47.868231,58,505.965287,True,False,False,6.576715608172489,6.086959247747489
43.453909,49,506.339743,True,False,False,5.413957788731656,5.1018455513467655
47.738849,59,506.828166,True,False,False,6.7215295662613075,5.943307917748866
41.955309,46,507.209514,True,False,False,5.415878920549624,4.9686119633756745
46.594644,54,507.637756,True,False,False,6.111943989377548,5.674925725210212
-11.676857,25,507.837428,False,True,False,2.2682797011144746,5.44284508065983
31.571817,27,508.050121,True,False,False,3.0287508245003636,2.708172220908222
33.947446,25,508.247504,True,False,False,3.104421268168023,2.9883210748020583
26.619863,13,508.353597,True,False,False,1.5321557939574193,1.6183440316453135
36.695331,37,510.556931,True,False,False,4.2197260796682325,3.702308904420071
44.935322,44,510.898785,True,False,False,5.400768327263967,5.213437535103794
42.077961,50,511.310626,True,False,False,5.661147274925014,4.832012642218384
33.653875,32,511.556558,True,False,False,3.7553418817839876,3.047742981656778
34.474435,27,511.772232,True,False,False,3.2068808978327,3.1432713652099786
52.573197,65,512.271464,True,False,False,7.2404067765150835,6.882069988673301
36.045508,28,512.497353,True,False,False,3.400181973948496,3.4724749478544745
26.43676,18,512.644517,True,False,False,1.902020222326775,1.6385242704139602
27.357795,14,512.761203,True,False,False,1.6257272545790704,1.7413110914748977
29.016617,16,512.889898,True,False,False,1.9164197632919127,2.1078515589191196
40.947046,42,513.238945,True,False,False,4.870198866928856,4.516616362461408
35.439338,32,513.500244,True,False,False,3.6320600791734705,3.450765341814352
32.758422,26,513.714156,True,False,False,3.0162891891293366,2.839632485188454
31.79028,24,513.918216,True,False,False,2.661157593577197,2.679931260221826
47.867308,48,515.39462,True,False,False,5.829016732955837,5.8340210351014
36.140008,32,517.666328,True,False,False,3.808898074916371,3.5431116586150986
37.77252,35,517.938113,True,False,False,4.181256015739633,3.994279545626467
43.095151,43,518.267571,True,False,False,5.206906449092746,4.890549029496839
46.796021,62,518.750266,True,False,False,6.814943695704345,5.894818609160955
38.021778,36,519.079716,True,False,False,4.024723456022889,4.081692142881311
29.565574,17,519.226252,True,False,False,2.031794885285212,2.134929569216961
40.498554,44,519.582062,True,False,False,5.0423774868317475,4.474577923604845
32.201371,27,519.795578,True,False,False,2.8277425534715737,2.822061449351664
44.711479,47,520.155248,True,False,False,5.669163049615917,5.237575378031116
50.980381,55,520.591849,True,False,False,6.65738840215982,6.419218202907035
28.538292,16,520.716295,True,False,False,1.814756855231378,1.983084534872319
32.333943,29,520.940378,True,False,False,3.3898689357052367,2.783053487189403
49.187899,62,521.42917,True,False,False,6.987858907920062,6.385182193193162
26.901356,15,521.548169,True,False,False,1.6539826639753739,1.7109654699764163
40.595622,36,523.803696,True,False,False,4.341449196757007,4.441044024341624
32.909685,33,524.06557,True,False,False,3.3735998373727063,3.017462713059176
44.300701,44,524.418692,True,False,False,5.170631564314677,5.157978340811225
39.012542,39,524.727272,True,False,False,4.620790853999356,4.284518164003581
28.791666,20,524.881754,True,False,False,2.03356736698393,2.097018821758077
42.903903,40,525.197782,True,False,False,4.928552908248329,4.852777174400713
27.426444,16,525.321076,True,False,False,1.8507221140063361,1.7950733310989018
39.716631,51,525.705224,True,False,False,5.397530571482795,4.4942465992459555
27.821007,18,525.84764,True,False,False,1.893463674665869,1.9321705598255792
33.390186,26,526.052742,True,False,False,2.9969290149781003,3.001780130291568
31.351295,26,526.260572,True,False,False,2.925377971321815,2.674888236458942
41.757496,41,526.580854,True,False,False,4.862151518187232,4.702969487403285
45.004559,48,526.977925,True,False,False,5.645198328230222,5.279651377027693
29.127916,19,527.1191,True,False,False,2.120595856879614,2.1553139440310565
27.4231,20,527.276325,True,False,False,2.158872198658726,1.824995522310462
39.6327,43,529.583673,True,False,False,4.748050496872038,4.317151897592854
43.020353,42,529.91928,True,False,False,5.103346821004834,4.878157363314578
28.666687,15,530.035132,True,False,False,1.8109005037149868,2.0175776938481937
38.024263,39,530.351127,True,False,False,4.22833503907056,3.956068653059454
36.360125,32,530.604277,True,False,False,3.6467308992253566,3.5504354965541647
45.430387,54,531.957382,True,False,False,6.323411000716456,5.453204431928606
46.760018,48,532.331517,True,False,False,5.772269779943517,5.601943106091169
29.890392,18,532.475983,True,False,False,2.1660482257135305,2.3030607484891967
28.534927,15,532.598206,True,False,False,1.7869435198021781,1.9244335656247924
42.032153,45,532.952127,True,False,False,5.275225933939876,4.770986337645622
36.659145,32,533.206121,True,False,False,3.827318247896772,3.7515589706468115
42.642989,42,533.533165,True,False,False,4.922208194687506,4.862245096294277
42.679665,52,533.93697,True,False,False,5.71552930078303,5.032167087575839
29.61653,20,534.097567,True,False,False,2.2529432266861065,2.2373722715448023
28.55981,19,534.245407,True,False,False,2.135131860189221,2.118993155246727
49.41278,75,536.899369,True,False,False,8.10380599888137,6.564996246463643
54.828726,64,537.398106,True,False,False,7.679007718687482,7.349456671883773
43.71784,50,537.78774,True,False,False,5.754181234540868,5.126596299240064
41.129147,41,538.10851,True,False,False,4.797891415026979,4.534937686046932
38.343982,47,538.480078,True,False,False,5.201322031224373,4.195923642405062
38.991147,38,538.785309,True,False,False,4.3427409758764846,4.127483929922551
31.293932,23,538.970548,True,False,False,2.4603843434616937,2.619286804602476
28.730468,21,539.139795,True,False,False,2.252308712294284,2.1012718690903323
50.823284,60,539.616491,True,False,False,6.866988374315959,6.552355907125455
52.304738,64,540.113562,True,False,False,7.4673429745784645,6.887729898093029
40.725965,57,540.559821,True,False,False,6.028989538277866,4.8446751655934674
46.605047,47,543.000388,True,False,False,5.800972608099167,5.545583248769395
25.991852,14,543.109673,True,False,False,1.395692293841742,1.504526725728447
32.976034,24,543.299794,True,False,False,2.753052603493403,2.8429533040710955
33.619346,24,543.485566,True,False,False,2.9179576992363985,3.011395327053976
34.777752,27,543.697495,True,False,False,3.095507509863218,3.217300329973581
34.665381,29,543.921885,True,False,False,3.310056092577273,3.2714378358742375
43.460164,53,544.335493,True,False,False,5.698192505318981,5.119158287306454
44.929295,66,544.855139,True,False,False,7.255057272873832,5.937677626762374
37.949315,35,545.129708,True,False,False,4.032457380435091,3.9670920360675983
31.999613,25,545.32803,True,False,False,2.933747189410355,2.776640863664446
37.506278,29,545.563787,True,False,False,3.5773205867626023,3.6925497764510387
45.235739,59,547.100576,True,False,False,6.4041820283241675,5.55844607519497
43.363709,46,547.465419,True,False,False,5.366480021204053,5.005765725715557
44.982137,49,550.023847,True,False,False,5.706463795427587,5.387675417701937
29.929684,21,550.185401,True,False,False,2.429071810223667,2.3572902128923805
46.891457,52,550.593634,True,False,False,5.971974708737942,5.806181131163629
41.317569,44,550.944152,True,False,False,5.075284187573747,4.840120725407352
31.950434,23,551.126312,True,False,False,2.666053076051256,2.677893359503255
41.571746,46,551.489744,True,False,False,5.2981585256146735,4.783213246997315
32.203685,21,551.662022,True,False,False,2.557415468282726,2.7498065155840514
41.960864,60,552.12873,True,False,False,6.387754213186399,5.142356336182526
52.73904,69,552.676862,True,False,False,7.863874019495083,7.1371510472114075
30.295381,18,552.81927,True,False,False,2.1587837360496485,2.3624311788188863
46.461495,51,553.216919,True,False,False,6.184827727640419,5.621899862268137
31.608587,21,553.383034,True,False,False,2.478739926738952,2.63812948175789
33.697446,31,553.626414,True,False,False,3.159485890513664,3.1631448647063656
38.97401,48,556.034293,True,False,False,5.402655058925242,4.213990873249659
45.552992,44,556.374378,True,False,False,5.286304180236044,5.333570256802519
35.945193,29,556.595634,True,False,False,3.3555008084787126,3.427354751388366
35.601563,28,556.824734,True,False,False,3.360121320500307,3.343000651131129
45.819135,63,557.305673,True,False,False,6.654821914546034,6.050966856608496
46.352477,59,557.757089,True,False,False,6.926219526823381,5.701960386520764
40.159096,37,558.042274,True,False,False,4.573887424968897,4.265242565852816
27.908937,16,558.164712,True,False,False,1.855059607674444,1.8684160786008308
30.114619,21,558.325388,True,False,False,2.5282522075488356,2.3949747977141476
37.13529,32,558.569504,True,False,False,3.896217403967828,3.671395215383307
38.453407,38,558.897489,True,False,False,4.4197110403268445,4.05284956012847
44.791505,55,559.309778,True,False,False,6.115056856739826,5.69112562773445
27.893512,16,559.428103,True,False,False,1.7863028352007428,1.911512947216466
28.627295,21,559.58623,True,False,False,2.3563447454065756,2.0979684557639957
41.331409,44,559.916854,True,False,False,5.2054924845182,4.626211444428352
34.517681,28,562.121554,True,False,False,3.276397256694208,3.1996395211306523
36.937402,30,562.350399,True,False,False,3.712378585640834,3.6149417430257507
27.226909,14,562.457868,True,False,False,1.6404083172776152,1.7256503396094889
42.621749,41,562.777503,True,False,False,4.981237378364342,4.8480537773609615
31.887986,26,563.976254,True,False,False,2.9525852908288788,2.7494791143283113
35.190696,29,564.201713,True,False,False,3.529829751460553,3.3202981981766384
32.524788,26,564.399958,True,False,False,2.912230118819908,2.832576939262012
50.652498,56,564.826711,True,False,False,6.64415644887317,6.461836460207103
43.832774,41,565.137445,True,False,False,5.052308506014923,5.063890168685442
34.566044,32,565.38139,True,False,False,3.4568230959664903,3.2755319905194793
40.998431,40,565.689835,True,False,False,4.647198405877333,4.557830227564528
43.068387,42,566.018386,True,False,False,5.087827629558682,4.943221372464291
30.527739,19,566.164024,True,False,False,2.2133321727364796,2.3176223852004867
40.921668,48,566.530694,True,False,False,5.2751181338760915,4.566291157776999
39.078811,35,566.816073,True,False,False,4.216403678885372,4.103382519769528
34.505296,34,569.109815,True,False,False,3.7767509900348752,3.2405996399587345
36.94618,36,569.389316,True,False,False,4.056791106905538,3.7499079806421416
-14.98778,44,569.729544,False,True,False,3.607726413196195,3.3000186822557707
30.844029,25,569.926257,True,False,False,2.8621695578064865,2.511524867132387
26.992447,12,570.019651,True,False,False,1.4523157403521174,1.6139968363357855
30.844363,21,570.184438,True,False,False,2.4621270234024766,2.4273650932403914
47.440349,53,570.597494,True,False,False,6.3185331928907065,5.963265600369922
49.898782,52,570.99191,True,False,False,6.393037387500584,6.288529924626179
38.393076,35,571.255006,True,False,False,4.1366242084969835,4.0863968426342065
43.631641,50,571.664379,True,False,False,5.814973743745717,5.2388089993525
-2.601443,48,572.0653,False,True,False,5.21238652120368,4.79375223386269
31.468723,25,572.275539,True,False,False,2.8977952915882677,2.6349083464290066
32.908264,26,572.492454,True,False,False,2.7965094647567734,2.871896849325982
31.432506,20,572.657532,True,False,False,2.3990639040023445,2.5101814393788775
43.785217,48,575.112101,True,False,False,5.704763976392965,5.332023342962306
38.298625,38,575.403027,True,False,False,4.402006376822331,4.056116113012899
35.573894,26,575.601631,True,False,False,3.2173003346555085,3.411376387351197
34.44577,26,575.804291,True,False,False,3.1098648421589594,3.121248220209634
26.125501,13,575.907579,True,False,False,1.4755598071198848,1.5079738832192324
29.333421,17,576.039638,True,False,False,2.018650071007351,2.1873132269831994
35.377914,33,576.30028,True,False,False,3.6618433901124106,3.449669351088439
33.945764,29,576.535758,True,False,False,3.5264515758369113,3.1464142334927874
31.410242,27,576.755863,True,False,False,3.1092504481249716,2.6372473854992102
31.592825,28,576.974492,True,False,False,3.201846738735085,2.675392745422765
46.428815,50,577.348119,True,False,False,5.92209874896357,5.618683394219309
37.361195,35,577.612856,True,False,False,4.043757154431436,3.7999290852493455
35.801164,37,578.848545,True,False,False,4.0834688732024995,3.5910748446242335
47.444092,68,579.37343,True,False,False,7.464099181662765,6.410991148183969
46.851049,56,579.797733,True,False,False,6.386879929962778,5.79829207482462
41.127947,42,581.99737,True,False,False,4.971202694410375,4.590983309361212
50.129512,70,582.535141,True,False,False,7.767377562848732,6.900304602608928
27.948865,18,582.67812,True,False,False,1.8862268920162162,1.9245994308569228
26.96187,12,582.761458,True,False,False,1.4291093372327015,1.6666279976803149
29.917842,18,582.900669,True,False,False,2.1335261407068296,2.212993854746888
30.020694,20,583.042884,True,False,False,2.307194496462277,2.312421173742777
43.352507,45,583.382023,True,False,False,5.3296022155920895,5.033574012746394
26.755136,16,583.507377,True,False,False,1.7238086016296403,1.711388675495546
47.345308,54,583.900509,True,False,False,6.26345532263302,5.864711250298863
32.614665,28,584.116705,True,False,False,3.2614009654352643,2.848815613581957
32.552871,26,584.315685,True,False,False,2.9379842297509398,2.8202325458820963
34.697055,41,584.629062,True,False,False,4.387785605510497,3.3678549957818174
42.441614,46,584.989009,True,False,False,5.4342742141798706,4.832177328299169
32.975595,32,585.235767,True,False,False,3.3968448459997815,2.9916149322643877
37.105004,32,585.494489,True,False,False,3.8564248558774343,3.7504325492411423
33.297923,30,585.727869,True,False,False,3.4646372062243636,3.0099282922111192
33.23107,26,588.079114,True,False,False,3.130476329056833,2.941654215616487
29.205453,18,588.227565,True,False,False,2.0856009701172473,2.1468895885766397
45.571807,49,588.602736,True,False,False,5.72337192140841,5.406465086687553
50.082212,54,589.012874,True,False,False,6.516912769111145,6.3095922214331415
39.216352,33,589.273276,True,False,False,3.9417622233464655,4.155025017764704
27.451551,14,589.380296,True,False,False,1.6181980119990684,1.7766245339061855
26.181227,14,589.485171,True,False,False,1.5312234885536546,1.512045269005745
42.216975,49,589.861472,True,False,False,5.374584890417344,4.901249740312458
26.308299,13,589.960315,True,False,False,1.4905979744163125,1.610625234346369
45.139133,49,590.338993,True,False,False,5.749495221673107,5.328836129622136
43.242178,49,590.714356,True,False,False,5.454470170844828,5.168985446321011
36.462512,36,590.987661,True,False,False,4.008187125329255,3.6109739910863023
36.705122,29,591.209087,True,False,False,3.4994392144682056,3.5207196526569557
27.810198,13,591.308311,True,False,False,1.5909902576697315,1.7763861224410624
42.52282,43,591.63379,True,False,False,5.13469753787129,4.886290248410062
44.187228,45,594.175679,True,False,False,5.367755412064397,5.12745505827534
27.942994,14,594.284797,True,False,False,1.6499706367471705,1.8278167969938304
31.146823,23,595.361786,True,False,False,2.5831310241090133,2.542055948300478
39.708485,37,595.655157,True,False,False,4.417401658503633,4.295891032922258
36.601898,33,595.917954,True,False,False,3.842308920776887,3.692254277848302
36.987737,30,596.15543,True,False,False,3.5551141992157627,3.681634563872375
45.989721,45,596.514304,True,False,False,5.488685035519027,5.50221580585662
41.925951,39,596.837038,True,False,False,4.681839465720496,4.636904539344672
45.493018,49,597.226985,True,False,False,5.859182362312629,5.407518117568654
34.188397,29,597.45455,True,False,False,3.3194879636366657,3.217742125539334
38.4159,37,597.747683,True,False,False,4.34359584364941,4.008973086964849
40.046998,41,598.069376,True,False,False,4.670193282169086,4.435464176935862
50.489233,56,598.510164,True,False,False,6.643422041990244,6.414522353028076
26.789651,15,598.628844,True,False,False,1.6802648706570875,1.645234671156406
29.94406,18,598.771597,True,False,False,2.1397545640147455,2.300664557202734
42.78796,54,601.282075,True,False,False,5.976751179514849,5.067335574733608
47.975885,59,601.754706,True,False,False,6.887761745125173,6.2441554382311395
40.043463,44,602.117141,True,False,False,4.980280142526466,4.642483568990437
41.579835,41,602.440776,True,False,False,4.918516683663922,4.644528000276359
36.918373,29,602.664489,True,False,False,3.616219348768928,3.6724645469758017
27.058368,16,602.796379,True,False,False,1.568791524802703,1.6734709254295885
38.721684,34,603.070106,True,False,False,4.104576187910147,3.933069091721066
40.908229,44,603.428587,True,False,False,4.959701282545265,4.699486770538803
45.772419,48,603.824994,True,False,False,5.721762675481105,5.485660955570548
39.494157,37,604.109781,True,False,False,4.357158816806494,4.162585550713639
38.702586,36,604.393907,True,False,False,4.1123082412087495,4.058279485190956
36.532744,29,604.62658,True,False,False,3.5122545947921124,3.551929782641731
31.481947,21,604.791596,True,False,False,2.609224022578361,2.4978851691303063
32.453572,25,604.99862,True,False,False,2.8156706456899396,2.801682745440437
28.584142,18,605.156016,True,False,False,2.0442012765412265,1.9601388201010006
38.418591,40,607.486248,True,False,False,4.716545889676071,4.220246738408768
48.678943,49,607.876744,True,False,False,5.990997664416271,5.970162332949458
28.793681,17,607.996552,True,False,False,1.9697029995296071,2.0816221542953484
31.239469,30,608.226822,True,False,False,3.330778186507932,2.810646757287312
33.450109,24,608.414503,True,False,False,2.912450316697405,2.9960210024429883
37.300768,31,608.65551,True,False,False,3.8655444628330295,3.7248874669856655
35.043141,36,608.941836,True,False,False,4.059775121230694,3.5448487754263005
38.469113,41,609.269359,True,False,False,4.269684958284125,4.099982755348042
40.302451,36,610.782066,True,False,False,4.330067951385576,4.281649848567523
32.309903,32,611.037494,True,False,False,3.24191889610341,2.937517687598573
49.192203,52,611.450693,True,False,False,6.196769945210025,6.105841443563739
33.350811,23,611.636855,True,False,False,2.7409160773492025,2.9261975100668773
-2.273027,47,612.011573,False,True,False,5.095717806733421,4.480677810267825
40.613595,38,612.310847,True,False,False,4.608851857095715,4.453592656025109
33.007269,27,614.660942,True,False,False,3.0739461010774436,2.9071343673147303
46.311076,49,615.056764,True,False,False,5.780321041722232,5.580929143061834
38.901238,36,615.334192,True,False,False,4.1870598111327455,4.075812051885295
43.883831,49,615.716131,True,False,False,5.105838864199113,5.20363013512046
37.480646,33,615.972497,True,False,False,4.038363186658349,3.7770568908036988
29.930979,19,616.119087,True,False,False,2.2138242823320238,2.2339715712490684
37.682838,35,616.400409,True,False,False,4.062576799050667,3.837025920891086
40.539494,37,616.699527,True,False,False,4.505568993152887,4.41518751504877
40.252235,39,617.005964,True,False,False,4.701759408694444,4.32709326803838
53.901086,60,617.461793,True,False,False,7.387550367400038,7.023671143083579
28.95516,19,617.604236,True,False,False,2.3092436647245846,2.137281422514687
38.015832,34,617.863332,True,False,False,4.104074348202229,3.8633277946914406
36.132046,49,618.236014,True,False,False,5.226809138568887,3.796478161105259
27.526791,16,618.358509,True,False,False,1.8032738799007535,1.7721004294388432
33.287059,25,618.548425,True,False,False,3.0399456118998893,2.8997279445920774
25.949378,19,620.708652,True,False,False,1.9734751870155094,1.5080005973526764
43.223583,48,621.127634,True,False,False,5.529040725029386,5.070235017871032
45.597464,50,621.507157,True,False,False,5.735301030089076,5.480296353786886
40.090778,39,621.803111,True,False,False,4.544391318195974,4.3844910524263465
46.194201,49,622.175898,True,False,False,5.919839743889864,5.526918545349114
30.456051,21,622.335485,True,False,False,2.364006941354815,2.346218463356321
33.050108,22,622.503308,True,False,False,2.686773177261957,2.9009458526442957
36.870038,34,622.765442,True,False,False,4.101997408343534,3.7780220682530534
28.644977,18,622.89974,True,False,False,2.0376904209990045,2.0492357023516
49.091597,55,623.335707,True,False,False,6.5753398944847845,6.140218881198948
50.989366,63,623.841256,True,False,False,7.0586494456899995,6.626662109267454
33.152925,32,624.092539,True,False,False,3.7373035820582348,2.984113577145128
41.864444,38,624.390139,True,False,False,4.724255365692305,4.577568579252264
45.471818,42,628.232082,True,False,False,5.273609033488051,5.322532254085377
32.078738,26,628.438196,True,False,False,2.985256590363126,2.7548756435010477
39.317075,45,628.802455,True,False,False,5.010565479943392,4.255035080292084
43.083128,46,629.17799,True,False,False,5.155204629008905,4.963280119470888
40.589512,37,629.46666,True,False,False,4.449291161126448,4.38269318405875
42.193843,38,629.761137,True,False,False,4.65367259193885,4.664984683819145
34.353006,28,629.978214,True,False,False,3.2518821330565406,3.1494190764853838
37.117389,29,630.214878,True,False,False,3.5535640788179967,3.647270107484662
39.547515,35,630.489391,True,False,False,4.149418194176958,4.1643517408863735
-18.913536,7,630.550983,False,True,False,0.6413024655444837,4.660672464328451
27.063931,15,630.667074,True,False,False,1.6301428375304599,1.6722055725158471
37.981216,45,631.030234,True,False,False,4.959484637688991,4.256696830846347
42.970876,42,631.377693,True,False,False,5.036661685330792,4.971743057820725
42.993256,48,631.774095,True,False,False,5.431071138770137,4.899129070101216
29.840324,22,631.951222,True,False,False,2.4843311706968407,2.2701438098414464
45.448681,43,634.349804,True,False,False,5.289176280259669,5.377609234317434
42.111258,38,634.683564,True,False,False,4.6492747258825675,4.621945913866319
50.059515,59,635.152382,True,False,False,6.995310974155685,6.496621926266575
34.261318,24,635.338442,True,False,False,2.9120968017799953,3.1374670473804827
28.147352,18,635.476974,True,False,False,1.9460019856467068,1.9044844022138792
34.05531,27,635.681769,True,False,False,3.3175215346214673,3.128295278576696
-18.839541,11,635.767606,False,True,False,0.9994229296031449,1.6112543270551383
33.883338,36,636.055063,True,False,False,4.161914418266807,3.4328941469823877
47.447443,50,636.454192,True,False,False,6.072877180467458,5.783753959189324
29.495239,30,636.704856,True,False,False,3.0316064355738157,2.392907808707675
36.441484,35,636.990814,True,False,False,4.0432315706198585,3.653658649095868
37.1869,33,637.244097,True,False,False,3.821486240378175,3.755167626500407
-1.884759,43,637.585645,False,True,False,4.6727323680183925,5.105576744171404
30.4619,18,637.729414,True,False,False,2.1591100754415176,2.3595446253662336
42.127307,44,638.077032,True,False,False,5.238628620854585,4.814529653367264
49.889553,66,640.705853,True,False,False,7.4334424820062726,6.479246576080236
45.373583,48,641.087641,True,False,False,5.686046335658442,5.480505199889435
35.13437,33,641.347088,True,False,False,3.844745734783097,3.4556423701360917
44.961545,45,641.710241,True,False,False,5.282636683434929,5.33890963111318
37.928433,32,641.962022,True,False,False,3.7621225989665064,3.8370116956884175
45.016214,44,643.298295,True,False,False,5.256869047180446,5.300408789449086
41.149557,38,643.595012,True,False,False,4.646810701476391,4.551596120449342
39.391202,38,643.899561,True,False,False,4.599785526250032,4.262371100924009
36.043545,31,644.146553,True,False,False,3.729530803028138,3.5490298397591986
41.284889,40,644.459395,True,False,False,4.746223677821042,4.6142865395413075
38.070301,33,644.730892,True,False,False,3.975960228143045,3.893915892998795
32.89587,23,644.919245,True,False,False,2.764518157893826,2.8233988529825162
26.634275,17,645.053705,True,False,False,1.8425784295256158,1.6383136773436837
28.001993,15,645.169923,True,False,False,1.7449432328431715,1.8286855837082658
37.213862,34,645.46336,True,False,False,3.9568678188318764,3.810504466643307
28.571557,18,647.578823,True,False,False,2.0452848717226653,2.0272630328946106
40.027752,35,647.863827,True,False,False,4.320609841979618,4.257283806358279
30.173253,20,648.014487,True,False,False,2.1931401165617745,2.3625355594046447
38.274336,34,648.299539,True,False,False,4.133393446321168,3.9458213399496693
28.390119,17,648.436865,True,False,False,2.066263668284016,1.991682362140544
-4.581484,37,648.738088,False,True,False,3.8707427007409554,6.19841917523388
36.17024,34,649.016074,True,False,False,4.023716579830781,3.5409464804057866
35.25033,26,649.232243,True,False,False,3.1884051444698973,3.3180608598602332
38.542188,35,649.516319,True,False,False,4.262597908484474,4.087296794786442
34.418277,30,649.768102,True,False,False,3.6690297368899465,3.3436461138712246
33.260214,26,649.977911,True,False,False,2.8966680526538093,2.9610472653657753
46.64484,53,650.425081,True,False,False,6.283060765573376,5.6734489424484735
34.945503,27,650.631689,True,False,False,3.3041253805958624,3.2952582153850303
45.308587,43,650.97955,True,False,False,5.209098138681496,5.271560632630161
41.318893,42,651.320429,True,False,False,4.996464238775454,4.792591970556021
32.501892,27,651.54494,True,False,False,3.06385615207931,3.042819166940528
35.567857,26,653.779351,True,False,False,3.2052161122806395,3.409799229945866
29.549177,18,653.920496,True,False,False,2.058461971527265,2.1580744785809896
36.046198,29,654.155441,True,False,False,3.4964210312317032,3.431742968945008
40.351015,38,654.457872,True,False,False,4.470045633427103,4.36844120200138
37.429193,33,654.724087,True,False,False,3.8159584579684904,3.78221749350516
29.972613,23,654.906642,True,False,False,2.4049474410947376,2.3548447885512247
39.32597,46,655.268402,True,False,False,5.287721142982623,4.357230623700794
30.803416,27,655.480341,True,False,False,3.19689494534944,2.5993016216662563
32.00778,23,655.669848,True,False,False,2.647761978093079,2.6768904065837615
30.80103,19,655.821671,True,False,False,2.2755458788188214,2.3832098492176756
49.43714,51,656.220106,True,False,False,6.27743046761987,6.1132733753715645
31.475275,20,656.380194,True,False,False,2.3905798674570784,2.532265030886091
42.584822,41,656.721063,True,False,False,4.796301759522831,4.871285420091429
38.71346,32,656.983694,True,False,False,3.9637449808651315,4.030031764495025
45.702543,49,658.380751,True,False,False,5.789039196015896,5.555185086637504
36.715721,32,658.694401,True,False,False,3.6537442319989615,3.6567914896433265
50.044837,53,661.451661,True,False,False,6.467167007652352,6.266913447137705
57.996638,71,662.024981,True,False,False,8.517008956366558,8.09713550422642
32.861494,28,662.279616,True,False,False,3.072685813337657,2.925243720964807
36.724093,35,662.567562,True,False,False,4.171326268764146,3.8830121616255147
29.620296,18,662.711083,True,False,False,2.047234430748096,2.1594365124423573
32.644155,24,662.91084,True,False,False,2.8927389975872226,2.804809599396626
29.812532,18,663.050737,True,False,False,2.11799266862744,2.2870729651509394
38.03653,31,663.307327,True,False,False,3.733518351449167,3.881468269828748
46.733849,48,663.677047,True,False,False,5.7625156949892276,5.627121186956933
38.203087,35,663.948198,True,False,False,4.103677781537957,3.9074353543327804
32.105088,26,664.150321,True,False,False,3.000154249008479,2.9490788022602272
32.12691,21,664.312062,True,False,False,2.555399857033026,2.733446486347071
29.509658,18,664.458441,True,False,False,2.0592355629585497,2.201084005708861
34.179984,28,664.690773,True,False,False,3.40229696033965,3.135689199222959
36.884727,32,664.965384,True,False,False,3.7725316074491486,3.6739084050419195
51.486595,60,667.536036,True,False,False,7.097548247286892,6.68176389621105
44.174393,42,667.862316,True,False,False,5.157679893105731,5.114671854197221
39.698111,34,668.113619,True,False,False,4.153401296661812,4.258452855647731
32.805568,29,668.346025,True,False,False,3.336941193238296,2.9456563327541097
40.513014,37,668.632279,True,False,False,4.515469151146309,4.421034555531971
36.597564,39,668.936352,True,False,False,4.438032559380127,3.9571387479874303
41.739357,36,669.22899,True,False,False,4.468992108183422,4.582258991358749
31.140403,26,669.431813,True,False,False,3.1448156312522286,2.526317552371347
37.03442,34,669.713517,True,False,False,4.049136883906258,3.726465825937314
33.808978,26,669.917096,True,False,False,3.035630312848993,3.169381193839343
34.2585,27,670.126372,True,False,False,3.1967314106021347,3.127571766882614
45.257746,55,670.557413,True,False,False,6.29947126887327,5.438510555402899
41.880631,43,670.905027,True,False,False,5.1566263965894885,4.714770568161359
42.271729,48,671.28128,True,False,False,5.270176848181057,4.913953616188143
41.723661,37,673.521759,True,False,False,4.578095522735792,4.586243545691559
42.414096,39,673.828974,True,False,False,4.807843118327601,4.710084776094816
46.815349,52,674.230139,True,False,False,6.197092513699309,5.659496382149113
31.983678,22,674.399677,True,False,False,2.6213197047455425,2.6772629284625364
31.437363,22,674.569868,True,False,False,2.4920194966615856,2.5744431124310245
44.960912,42,676.079761,True,False,False,5.219628530948396,5.243721079963194
31.933491,24,676.273032,True,False,False,2.7006869503982918,2.7124551009218876
41.261301,43,676.625451,True,False,False,5.069959146864359,4.630382099499458
37.911816,32,676.878492,True,False,False,3.7887091710176013,3.8487603789118636
37.272248,43,677.188674,True,False,False,4.6575343946421786,4.148486036185855
40.532293,37,677.469778,True,False,False,4.429315557383335,4.385146558866341
26.962249,14,677.582305,True,False,False,1.6618613220647551,1.6811563012297952
32.281638,27,677.798814,True,False,False,3.191524017804923,2.9372174964593474
43.606269,44,678.14169,True,False,False,5.368917289718679,5.17403662510691
38.991746,37,678.435536,True,False,False,4.4169245306187825,4.244722781462606
28.69609,16,678.564539,True,False,False,1.8498167326868016,1.99200266256761
37.645015,31,680.791474,True,False,False,3.732052796430698,3.727278443454692
45.510721,48,681.183563,True,False,False,5.812212328762576,5.434455819405864
29.87919,19,681.330148,True,False,False,2.2265205932102266,2.2885712355308323
49.40227,53,681.739202,True,False,False,6.410588963394488,6.107081503689796
50.374314,58,682.186209,True,False,False,6.700284920127894,6.479967717353053
30.26904,23,682.365145,True,False,False,2.4918439121970124,2.4598339481792366
52.080549,55,682.787446,True,False,False,6.668150756868915,6.652959347632342
40.881903,37,683.075963,True,False,False,4.490336903176713,4.469121527877001
-13.983941,20,683.232195,False,True,False,1.7516643060919395,2.8662050460968134
48.369522,57,683.705871,True,False,False,6.707214551880947,6.025015937552126
26.282191,13,683.808342,True,False,False,1.4947386666214,1.5436120598570324
42.10218,46,684.173435,True,False,False,5.06700372249539,4.838123650795086
37.861623,43,684.50391,True,False,False,5.220135066920528,3.9616626819061898
33.504627,27,686.703306,True,False,False,3.1409436185949087,2.956440886127347
44.48586,51,687.122052,True,False,False,6.0515960556890045,5.315832476129803
34.723878,35,687.39384,True,False,False,3.786848668593516,3.3720480361363045
31.391793,22,687.569825,True,False,False,2.5171884137838862,2.5638155678469237
32.96033,24,687.755219,True,False,False,2.878526021851807,2.8738373490728466
32.016482,24,687.938914,True,False,False,2.8718102920259176,2.706409488709103
41.978134,43,688.274724,True,False,False,5.0702539888763045,4.783422150237122
39.992799,34,688.536895,True,False,False,4.190463918031556,4.277023384322814
32.487909,26,688.746524,True,False,False,2.968864847701471,2.8330715729125213
31.542809,23,688.92941,True,False,False,2.693954998333769,2.558244972704534
39.346896,34,689.201643,True,False,False,4.1525966022956595,4.13452605619892
53.003012,61,689.667465,True,False,False,7.300890975985048,6.868161523092886
47.110919,46,690.897485,True,False,False,5.709049136339572,5.718891894883096
34.909064,28,691.118275,True,False,False,3.2604104616877176,3.2825300322981827
36.784616,29,691.345646,True,False,False,3.567115872012574,3.6746546002459577
28.712789,16,691.469766,True,False,False,1.8716871318657975,2.049975553415071
45.493272,47,693.871912,True,False,False,5.608740547263356,5.424708008070651
46.31671,54,694.283329,True,False,False,6.200547863415641,5.922644215881359
27.181134,16,694.40279,True,False,False,1.818105186423646,1.7260200175497125
42.465475,40,694.718037,True,False,False,4.99841415338029,4.85336628315597
34.668505,30,694.946004,True,False,False,3.462925220769459,3.2692658349586527
36.006855,34,695.20852,True,False,False,3.8827005971824176,3.612016621302704
45.972498,45,695.557395,True,False,False,5.498302219301675,5.430682017162657
48.385854,48,695.931868,True,False,False,5.9272886345130384,5.8985134617936
35.798016,27,696.146964,True,False,False,3.31960382218667,3.4494885504274833
28.558035,17,696.290585,True,False,False,2.0360544512067786,2.0301464781942373
45.317369,51,696.73709,True,False,False,6.2555275930617995,5.462072216113557
40.118571,38,697.05546,True,False,False,4.479186811967296,4.325812331066536
46.052697,44,697.408035,True,False,False,5.481233296450414,5.437681891145713
37.180358,33,699.694389,True,False,False,3.872370876802654,3.742958265370659
43.493658,47,700.071299,True,False,False,5.58272626986943,5.083656180044989
34.712841,26,700.264806,True,False,False,3.1024277685421864,3.187787506654309
32.904758,25,700.462315,True,False,False,2.8952412423374128,2.9073082751760553
28.467411,19,700.613311,True,False,False,2.046544518164456,2.046203299366321
31.614705,21,700.783345,True,False,False,2.4943588783156048,2.6364488885842396
42.954045,42,701.114431,True,False,False,5.010688541440276,4.815499488842758
34.634706,28,701.32344,True,False,False,3.2939651822419305,3.204174560960448
32.979294,25,701.524521,True,False,False,2.884448859206604,2.9543418906125183
44.749029,46,701.877685,True,False,False,5.532234504283358,5.263159559826348
32.531554,22,702.051682,True,False,False,2.7030495908103025,2.7293980886230904
41.287267,39,702.362303,True,False,False,4.620272235256863,4.559027373634084
37.444713,35,702.641409,True,False,False,3.9362120813777453,3.8248885709180818
45.175936,51,703.061432,True,False,False,5.969675098025625,5.34985601720253
44.928356,49,703.462464,True,False,False,5.743376105009749,5.37640975804154
47.098577,50,705.867033,True,False,False,5.940130406956753,5.641971507435561
36.515273,32,706.124955,True,False,False,3.9453227316364186,3.7298152997619445
33.916959,32,706.401447,True,False,False,3.7098800052821024,3.4079119335637866
38.840512,46,707.801139,True,False,False,5.203265120008388,4.2819637955340495
53.17788,59,708.279189,True,False,False,7.079633276961685,6.897835270424331
42.798648,42,708.610361,True,False,False,4.9017475287952,4.860008025773843
41.166766,41,708.937248,True,False,False,4.801952886505175,4.53042439208571
29.609733,20,709.095306,True,False,False,2.342401317613636,2.322315361929204
30.315586,20,709.257461,True,False,False,2.3206983759516513,2.354760298737277
34.465335,28,709.479282,True,False,False,3.4381938655973863,3.1802183040307748
43.062254,45,709.8462,True,False,False,5.547420267464577,5.052394771242055
33.794193,23,710.035558,True,False,False,2.8619735822562573,2.994119241483336
45.815618,50,710.423222,True,False,False,6.006225299864152,5.596278493733235
34.038827,30,710.655621,True,False,False,3.433368766312108,3.4278701476885978
38.506553,31,712.888113,True,False,False,3.862868828915623,3.9408560967414314
32.065074,22,713.050102,True,False,False,2.666923118291894,2.6748797657050107
45.737023,51,713.451641,True,False,False,5.764111402788121,5.4926859539527655
26.52837,17,713.587875,True,False,False,1.877587645334923,1.6520307231809113
48.684386,50,713.973276,True,False,False,6.227768922554244,5.985467268392078
30.638108,19,714.126614,True,False,False,2.214596524174442,2.323391870311933
54.496717,58,714.58563,True,False,False,7.236631394988571,7.091056604769033
30.122807,27,714.800628,True,False,False,2.8550667615767864,2.412288690356509
47.899021,53,715.204276,True,False,False,6.318400721466068,5.868203158112735
48.424737,50,715.602076,True,False,False,6.07513196704351,5.906183417672579
45.15619,47,715.980028,True,False,False,5.656596652529555,5.394266417520881
34.965852,37,716.279861,True,False,False,4.1890824889990075,3.5783938951388192
43.269745,49,716.682528,True,False,False,5.435277502252809,5.099622096815966
51.836107,59,719.198692,True,False,False,6.980477658458611,6.693525072299305
38.016364,34,719.465567,True,False,False,4.115290943707208,3.8993735521049415
33.760474,28,719.687996,True,False,False,3.170436376545849,3.118678522799735
37.457733,32,719.938822,True,False,False,3.8419458726591746,3.791950641336639
48.353766,54,720.367901,True,False,False,6.385453191260652,6.0320892697541835
37.132401,29,720.600909,True,False,False,3.609128814114039,3.675534109091802
33.222022,22,720.780092,True,False,False,2.7006105117008508,2.920236681596642
45.714352,45,721.128806,True,False,False,5.496666349415718,5.438498893887364
33.17193,22,721.295373,True,False,False,2.714393868424596,2.8944311145351738
44.722942,45,722.670889,True,False,False,5.268159729625407,5.260372554960102
33.913343,27,722.880194,True,False,False,3.0930060611134715,3.03172137832744
36.183182,35,723.1447,True,False,False,4.1842048064920085,3.7389130177757663
33.639959,29,723.367602,True,False,False,3.1003508078156754,3.000238054521564
52.655217,59,723.826569,True,False,False,7.106920505734431,6.7540490854623005
42.946816,54,726.371753,True,False,False,6.006796050360785,5.032009697688784
29.660678,16,726.500758,True,False,False,1.972827919510467,2.1452409972919626
42.27701,39,726.828376,True,False,False,4.670117085007965,4.6983137745263885
40.890765,35,727.107297,True,False,False,4.38255689442375,4.482592428443083
45.970403,45,727.456636,True,False,False,5.524449418681004,5.4870677882257874
45.926721,49,727.839469,True,False,False,5.960291308145614,5.495816234457281
29.130628,22,728.012397,True,False,False,2.3855254951273963,2.1319346280039975
29.382043,23,728.197605,True,False,False,2.375096425933594,2.2593336672163598
34.144758,29,728.423127,True,False,False,3.3518104284343098,3.193980808940808
38.62905,38,728.724533,True,False,False,4.7076366415045126,4.079157410886999
30.537454,19,728.880015,True,False,False,2.3296185327761507,2.3466094745676678
48.461011,51,729.300632,True,False,False,6.176276947332584,5.978819115223939
42.608111,37,729.591937,True,False,False,4.598100474781055,4.719858271417302
47.523395,54,730.006041,True,False,False,6.460666131272597,6.09830367312665
31.280848,21,730.168194,True,False,False,2.47762847480701,2.549733835698628
29.080851,20,732.358526,True,False,False,2.2029964380759566,2.1674520840802844
32.92239,22,732.532678,True,False,False,2.7143781845888184,2.8238436276305525
39.059357,39,732.832508,True,False,False,4.563173702423161,4.110136251791395
35.413344,34,733.091612,True,False,False,3.8888787370441014,3.4281943944421434
38.994945,40,733.398717,True,False,False,4.341681132023543,4.22555742284828
45.067223,42,733.731726,True,False,False,5.1849710108747065,5.303234425584814
-16.480314,10,733.810769,False,True,False,0.842126665015119,4.983947502202816
41.357484,58,734.270272,True,False,False,6.269595451108641,5.01582631676177
38.596988,32,734.525344,True,False,False,3.8917540329565146,3.995013820022137
40.228086,35,734.801066,True,False,False,4.236228143560598,4.235529461730726
32.615903,22,734.973549,True,False,False,2.7365032431919407,2.856685221729244
41.512348,38,735.270971,True,False,False,4.703508083034028,4.510508416818104
26.034357,12,735.365015,True,False,False,1.2934799763635316,1.5177720513061084
42.26386,40,735.681118,True,False,False,4.849373587021763,4.722915490063495
46.25224,50,736.090333,True,False,False,5.981475345753758,5.556564953635409
41.854041,43,738.850194,True,False,False,5.030201675648779,4.741198651087932
30.503301,19,739.859213,True,False,False,2.295500251433974,2.3305585529393698
38.584586,30,740.084242,True,False,False,3.754737008100569,3.952865379888794
31.03852,28,740.302841,True,False,False,3.211025288766485,2.5582858254263683
37.955002,36,740.582082,True,False,False,4.1013389091741015,3.9469217218729686
51.804614,58,741.030647,True,False,False,7.036726209347377,6.599363103700707
30.61044,18,741.189045,True,False,False,2.2273863607376234,2.32436220224439
44.237283,41,741.610869,True,False,False,5.084106205163506,5.073391351873191
46.434924,47,741.990138,True,False,False,5.755634670013331,5.561697380057649
40.408235,38,742.287771,True,False,False,4.503500385712272,4.40029441175237
47.553164,67,742.828655,True,False,False,7.433026182317507,6.024958578542714
46.358521,50,743.220026,True,False,False,5.801754939580915,5.6211177453862025
28.32624,16,743.358335,True,False,False,1.9134140172069651,1.9934437159864966
34.452361,26,743.581838,True,False,False,3.0668843899539606,3.167715296081344
32.791404,22,745.792359,True,False,False,2.6663963773872195,2.85138881768063
51.477797,70,746.33208,True,False,False,7.754918405716418,6.874139155993152
37.954301,31,746.572048,True,False,False,3.7771081148542436,3.82960203725548
38.14244,33,746.96786,True,False,False,3.9374364516043365,3.880150414158489
30.5048,19,747.161969,True,False,False,2.263466494224129,2.3398994840232716
33.240819,26,747.483581,True,False,False,3.1892119694276975,3.1234621376379033
31.299131,22,747.739171,True,False,False,2.4889335976329217,2.4990390238987965
36.861736,31,748.001527,True,False,False,3.6804830629153393,3.681720403326925
39.218782,34,748.30439,True,False,False,4.235541512349055,4.066428678645936
41.481049,44,748.752365,True,False,False,5.022406460739167,4.646308202466764
40.872132,38,749.06448,True,False,False,4.550434167579674,4.460611869182119
33.332162,35,749.340217,True,False,False,3.6084243130511626,3.0991716977295938
29.153749,18,749.480741,True,False,False,2.046339323463095,2.1406200943703335
47.241038,50,749.875009,True,False,False,5.972819022066148,5.72030448641119
38.651021,32,750.121751,True,False,False,3.9148535106805054,3.987014545144191
40.722229,40,752.507272,True,False,False,4.639723433085608,4.4743316119792
52.234593,64,752.993755,True,False,False,7.344848092576029,6.858418948380624
28.533058,19,753.148069,True,False,False,1.994067876199607,2.0455537495829157
40.298561,35,753.434062,True,False,False,4.164617579451227,4.330212016347838
33.283447,37,753.733379,True,False,False,3.985529481024656,3.1350973467707246
26.4168,15,753.849824,True,False,False,1.6067556060005694,1.5284221192050809
46.752778,68,754.37929,True,False,False,7.345892700840761,5.903686314125568
34.153675,27,755.458399,True,False,False,3.2008745897179316,3.092828027426975
33.387412,25,755.665041,True,False,False,2.8717658954524223,2.9091458667975134
29.917655,18,755.8128,True,False,False,2.1430764823155695,2.2090175409747865
37.471898,31,756.05317,True,False,False,3.8028693246056884,3.7006055060172787
29.3826,17,756.191016,True,False,False,2.01317613674901,2.079006310001037
49.452665,50,756.591701,True,False,False,6.189121485009904,6.134573690271563
26.46985,15,756.72114,True,False,False,1.6882402515331156,1.6750950831308502
41.458921,43,757.065733,True,False,False,5.088526557469871,4.814729047540425
35.491259,31,757.309836,True,False,False,3.6605661808933823,3.4691076016086573
31.265147,23,759.55747,True,False,False,2.790216410335871,2.5853091508077535
35.58207,27,759.777742,True,False,False,3.370003237051753,3.3252423792651284
31.786395,24,759.977403,True,False,False,2.739681119421676,2.6465955860804224
49.598296,57,760.41472,True,False,False,6.570519914582765,6.212008079721378
42.801942,45,760.763253,True,False,False,5.292180776337244,4.979953102166024
40.614222,37,761.048246,True,False,False,4.435004082004876,4.42228512325824
40.701007,40,761.35641,True,False,False,4.564534732472687,4.442630753205492
34.79703,27,761.572893,True,False,False,3.278310422029542,3.410871742240581
42.04495,45,761.930025,True,False,False,5.234437426329316,4.757277871217188
39.669366,36,762.216097,True,False,False,4.387908170657352,4.3379459934190505
38.377364,35,762.505404,True,False,False,3.960613741802769,4.014827928386836
44.438725,48,762.894845,True,False,False,5.559763252917379,5.224860198061715
44.845534,44,763.248851,True,False,False,5.44926376268313,5.203647722806345
46.872453,50,765.660418,True,False,False,6.027556553182367,5.81188863871099
29.885758,22,765.832025,True,False,False,2.570886901455784,2.32172310884365
34.773735,27,766.042978,True,False,False,3.189599582690587,3.236103646065339
40.219592,42,766.362794,True,False,False,5.023201015712544,4.66990988660616
48.255695,56,766.805137,True,False,False,6.412856501134052,6.012457246701259
47.342913,48,767.173902,True,False,False,5.8071618106070835,5.6924408604123
29.155573,20,767.329397,True,False,False,2.159255188621611,2.1712667600148485
-16.958709,18,767.470243,False,True,False,1.6662619142489237,2.1108842675019757
32.154141,24,767.657756,True,False,False,2.756680153987403,2.7452320692255645
33.233366,24,767.845146,True,False,False,2.990400366303191,2.952162257552133
33.524018,51,768.253757,True,False,False,5.02264610934409,3.2975009558594066
46.807,48,768.630777,True,False,False,5.77227671363912,5.615716836971638
26.599646,16,768.753759,True,False,False,1.7395563481096294,1.6922594122727068
36.796661,40,769.060519,True,False,False,4.398900295319939,3.8198640988723973
41.457772,39,770.374954,True,False,False,4.725329807132177,4.5551896617424985
40.687005,35,772.686608,True,False,False,4.287548229207677,4.344282739533282
28.606971,18,772.837444,True,False,False,2.015357529215523,2.0449847434240875
43.049498,47,773.234921,True,False,False,5.475419510577105,5.094421200623007
43.241185,40,773.545405,True,False,False,4.902784890101812,4.92278781573237
26.511136,13,773.647665,True,False,False,1.477827683621141,1.5575371148509707
37.556664,33,773.914728,True,False,False,3.9332453791959683,3.7785716737993047
34.973094,26,774.130386,True,False,False,3.202493206083285,3.2554876811817723
35.15871,26,774.338839,True,False,False,3.130812216448581,3.2707510746453297
32.323744,23,774.51551,True,False,False,2.6684443771812396,2.696509636231509
41.063805,40,774.827629,True,False,False,4.783511799242333,4.463626484126354
31.52206,23,775.004429,True,False,False,2.6852148523067196,2.573422014578388
39.043359,34,775.264819,True,False,False,4.263853890554885,4.08428021390132
36.396255,28,775.473701,True,False,False,3.400844937433564,3.508585736588716
35.490322,26,775.674325,True,False,False,3.23841186811082,3.3608320044543762
42.189969,43,776.015445,True,False,False,5.072301693123177,4.757748560771814
35.439079,30,776.247334,True,False,False,3.4767296843692383,3.3498629267411815
38.090398,40,778.596251,True,False,False,4.728390349364477,3.997390190245701
31.287512,23,778.774557,True,False,False,2.6047293211860376,2.569561868537467
47.777373,51,779.185798,True,False,False,6.077562951122476,5.8177950229731685
28.058398,15,779.310616,True,False,False,1.736784102223926,1.8776740206504965
28.997153,16,779.447337,True,False,False,1.9158808695730047,2.0578136942476046
37.114317,31,779.692738,True,False,False,3.6641248133154254,3.701003911500868
31.643176,20,779.849913,True,False,False,2.4819448019647816,2.566266046843015
51.691097,57,780.291628,True,False,False,7.030831393382661,6.71666494507101
49.039565,47,780.659905,True,False,False,5.8838080392235685,5.986481874701472
33.514353,30,780.897139,True,False,False,3.529236017213275,3.094271637378046
32.815693,30,781.129373,True,False,False,3.356976018338792,2.959495213516421
40.345506,36,781.412197,True,False,False,4.30534848009157,4.357608441105545
40.693831,35,781.687036,True,False,False,4.391133111168465,4.41552657481765
43.434008,40,781.999837,True,False,False,5.006061304480931,4.963329228334546
31.93691,22,782.171165,True,False,False,2.608054215070828,2.6760511920445635
39.586278,34,782.437726,True,False,False,4.148521143456396,4.130238676842742
38.765259,34,784.765694,True,False,False,4.201399336514978,4.04081173949971
40.2821,35,785.038462,True,False,False,4.301879683875867,4.273235780903489
39.246093,38,785.330407,True,False,False,4.583896478810399,4.207038410846675
31.883093,21,785.489105,True,False,False,2.571329171911013,2.6746622543535192
36.090698,28,785.703079,True,False,False,3.3233996671143937,3.430587989787327
48.856171,59,786.208709,True,False,False,6.947286937190611,6.192697463228733
28.073227,16,787.380592,True,False,False,1.7816540276029489,1.857838222982371
40.883448,54,787.84182,True,False,False,6.316511142888575,4.619883798468203
38.359813,36,788.135017,True,False,False,4.051197558478911,4.000740048762983
45.820358,45,788.496791,True,False,False,5.660043293709514,5.473886989575358
31.628523,22,788.671015,True,False,False,2.5864679382878544,2.582829687671341
27.776717,15,788.785631,True,False,False,1.7570659050464772,1.8365430389436026
30.055228,18,788.941005,True,False,False,2.1638881931237153,2.2672302728446785
38.956693,33,789.212187,True,False,False,3.946540049920963,4.0874853006980825
42.34628,44,789.559041,True,False,False,5.0271446413801355,4.816717717042521
42.54783,50,791.986922,True,False,False,5.824706042956988,4.910315296496744
35.306239,29,792.212441,True,False,False,3.425970265541103,3.373111823774564
33.14527,24,792.399977,True,False,False,2.8412958086351794,2.871708806363702
33.763884,23,792.580585,True,False,False,2.830289347435133,3.0307445572366674
38.613039,33,792.835345,True,False,False,4.136574669941303,3.9794603453951227
30.809933,37,793.117455,True,False,False,4.179437995676033,2.798005786985331
31.416382,28,793.337857,True,False,False,3.270274818602634,2.6165228974805608
36.710923,31,793.579684,True,False,False,3.6740760716773724,3.6213053207305137
31.731856,21,793.744304,True,False,False,2.531393411313616,2.606586907206926
28.394443,20,793.90085,True,False,False,2.442661511574818,2.1630667818126486
39.392788,34,794.161206,True,False,False,4.081805132437501,4.129454621202735
29.013688,19,794.308403,True,False,False,2.037806444271574,2.117739250134021
40.33929,39,794.604607,True,False,False,4.446451463688838,4.35184250940431
32.107606,21,794.769738,True,False,False,2.5266765046954713,2.6898640395636138
-5.279113,28,794.988164,False,True,False,3.4577399851106123,4.383985263819735
40.86297,37,795.274433,True,False,False,4.431336404488442,4.364327534481485
38.997782,46,795.642602,True,False,False,5.074887643722313,4.2714736385458645
35.257512,31,797.956412,True,False,False,3.5022241453184217,3.3272092809213722
38.546422,37,798.254153,True,False,False,4.212190940875954,4.015492740672506
31.81784,29,798.465077,True,False,False,3.2134224184335793,2.7151846530161534
37.350888,32,798.714114,True,False,False,3.770052567989142,3.7934014134543457
53.700458,55,799.135701,True,False,False,6.909593776514733,6.923386756431989
47.514468,51,799.526683,True,False,False,6.154871127372839,5.954434628791498
27.573022,15,799.643527,True,False,False,1.7022252193865366,1.8243249676711435
39.855941,36,799.900962,True,False,False,4.482266899746605,4.215493516471088
32.089802,21,800.068047,True,False,False,2.5364086764595184,2.6520993499717127
38.009925,38,800.382592,True,False,False,4.2406811768074,3.8745623953929473
37.884795,32,800.652292,True,False,False,3.907567782296458,3.8450360529222247
39.635732,34,800.928558,True,False,False,4.1556214950821495,4.182386627247936
27.519429,16,801.047144,True,False,False,1.7376677199725814,1.7499866788524105
42.236328,47,802.453707,True,False,False,5.380079120970901,4.804091994880196
59.410103,76,805.07585,True,False,False,8.804286897587087,8.365659606292114
48.34359,48,805.444551,True,False,False,5.908768845447122,5.958416797195961
43.478343,47,805.813837,True,False,False,5.2750688369835395,5.022471389898763
52.722294,59,806.278054,True,False,False,7.152433661932323,6.747065521866508
44.755015,46,806.646145,True,False,False,5.6776220875434396,5.404852840010688
40.64171,51,807.065884,True,False,False,5.613956156305472,4.535520472097849
29.910611,25,807.264719,True,False,False,2.805146415427786,2.3848807565036676
49.012204,54,807.693519,True,False,False,6.546494202142478,6.210818911572017
32.452603,23,807.87511,True,False,False,2.6904223960312246,2.7095716260237546
30.245744,22,808.047336,True,False,False,2.499485577476806,2.372725443278652
46.48107,47,808.415522,True,False,False,5.720454491538096,5.606740148876273
29.753032,22,808.588671,True,False,False,2.4969099301078845,2.350019847644562
30.16604,19,808.736485,True,False,False,2.3546577031366773,2.2784274400167446
35.055753,30,808.972767,True,False,False,3.522578917723643,3.3368037702762865
48.83506,58,811.572225,True,False,False,6.769981028654652,6.093226011958813
44.691822,41,811.89306,True,False,False,5.079073247321786,5.184320314315476
28.832723,16,812.021003,True,False,False,1.895520333994641,2.0523081880755987
27.344353,18,812.177159,True,False,False,2.06509044984341,1.8035590063744846
26.492988,14,812.286698,True,False,False,1.6322453450268606,1.5876884779489708
32.910989,26,812.489808,True,False,False,2.958102621467103,2.8707456266677314
27.2675,16,812.615794,True,False,False,1.7335521644987812,1.8080993958216327
0.508775,41,812.952449,False,True,False,4.6073812844598905,5.684121533400429
47.684474,52,813.357266,True,False,False,6.22155479827693,5.8795622513453765
33.964078,27,813.571768,True,False,False,3.1110150582643588,3.107935795742352
27.11873,19,813.721385,True,False,False,2.354665581351204,1.7045764896921574
47.099488,53,814.136846,True,False,False,6.148193264298188,5.783554180382421
42.343677,41,814.455841,True,False,False,4.8008492057300325,4.867359229711244
29.861071,23,814.646394,True,False,False,2.5153116535950413,2.3622080570177166
35.869396,27,814.857626,True,False,False,3.311870207655739,3.396101984112213
28.605264,16,814.982028,True,False,False,1.8431991666640122,1.9837106527702908
40.487818,47,817.611426,True,False,False,5.381827786433684,4.543200140714371
35.727782,29,817.84059,True,False,False,3.472854603518105,3.434911588394865
35.700832,31,818.078489,True,False,False,3.7298466825096184,3.4757409805003157
47.014809,47,818.446581,True,False,False,5.630994808483843,5.742989496114758
55.76987,60,819.909171,True,False,False,7.4099967324124485,7.350146296967478
42.853886,39,820.212202,True,False,False,4.876343549767799,4.86104336685501
34.830993,26,820.413217,True,False,False,3.172387236440527,3.2598791070879223
42.756499,41,820.7363,True,False,False,5.030888768667929,4.996872374228052
41.042846,36,821.019713,True,False,False,4.489621518780151,4.48359077957351
41.096325,38,821.320671,True,False,False,4.55240171599824,4.534473543527076
26.250574,12,821.414491,True,False,False,1.39354971810061,1.5375418118906676
39.42464,41,821.734325,True,False,False,4.872227245396517,4.371671677681305
35.000402,28,821.952564,True,False,False,3.1942982962730015,3.224772549143361
33.272774,29,822.185369,True,False,False,3.448427526739956,3.00863668796398
34.996339,26,822.400424,True,False,False,3.1501825798187157,3.2522929648478947
32.765208,24,824.726494,True,False,False,2.9255622420976484,2.8726226708138984
44.311851,48,825.103489,True,False,False,5.656619907251984,5.2911294303538075
29.11917,21,825.268212,True,False,False,2.4284587105213746,2.243629324867979
40.636492,49,825.657635,True,False,False,5.442383427335716,4.61825058406436
38.200986,31,825.903311,True,False,False,3.8820162287141478,4.012662956066411
45.477195,43,826.23456,True,False,False,5.2463998000657215,5.324916692656233
32.547824,22,826.40439,True,False,False,2.6194150472213407,2.757204398139519
29.243456,18,826.547594,True,False,False,2.012864442689036,2.1398958067255096
-16.834002,7,826.601159,False,True,False,0.7231160643720173,5.966677996973373
33.28868,26,826.815512,True,False,False,2.971453654445423,2.981619170174314
31.301114,31,827.053434,True,False,False,3.691256767510988,2.7350931216077745
46.070136,48,827.416791,True,False,False,5.972055785989027,5.493466255279751
34.072961,27,827.62569,True,False,False,3.147821884002352,3.0866052185824993
40.330759,40,827.927803,True,False,False,4.702120556940922,4.455883290932281
35.262971,65,828.442973,True,False,False,6.863440763959906,3.7981644874740517
34.377492,25,828.636001,True,False,False,3.009962163253921,3.118069096372828
43.087735,43,830.974995,True,False,False,5.022217786988109,4.92845970970306
54.265147,57,831.425092,True,False,False,7.191275964667178,7.026063411526827
30.231033,19,831.575368,True,False,False,2.2788195884395126,2.4387299076863385
45.957534,47,831.933094,True,False,False,5.709924185014595,5.456117436369086
31.115711,24,832.116462,True,False,False,2.7413611190654494,2.574108995882867
27.432735,14,832.223516,True,False,False,1.6089722681831395,1.701931106638794
44.952615,51,832.609668,True,False,False,5.948956146906164,5.377088214676891
31.603669,21,832.769553,True,False,False,2.5331382930278905,2.5478746292777394
31.632616,25,832.959144,True,False,False,2.8649298720666363,2.573069568263695
26.457502,17,833.087525,True,False,False,1.735669086114839,1.6363703870255948
35.654846,28,833.305041,True,False,False,3.3270298675532497,3.440022344439782
41.89495,39,834.649311,True,False,False,4.7663785043806906,4.715573055067019
45.545332,48,835.01389,True,False,False,5.738442814090476,5.340908525011208
41.22148,35,835.279616,True,False,False,4.356606252816538,4.438174055415643
49.130044,54,837.735641,True,False,False,6.456218070237868,6.230007766098382
39.545749,33,837.987503,True,False,False,4.029981513511003,4.1438090295309
48.227377,53,838.394699,True,False,False,6.472704656947605,6.124904747155847
34.228884,31,838.62967,True,False,False,3.6235916691453283,3.2090695916833236
33.82072,26,838.831748,True,False,False,3.144986343534871,3.0684880306608253
29.332727,17,838.967195,True,False,False,1.9909584841138244,2.0755160491810676
34.840528,27,839.217611,True,False,False,3.177139841669762,3.1737027446713837
31.037389,22,839.394393,True,False,False,2.5252633690729067,2.5451451877322313
26.817906,13,839.499112,True,False,False,1.4596744133344481,1.6395888910259488
41.983324,40,839.810972,True,False,False,4.894669159431543,4.667146887707892
27.220241,14,839.922296,True,False,False,1.6584886918276642,1.6898193429846142
30.243057,27,840.132152,True,False,False,2.847349141583716,2.400964836436197
32.197286,26,840.33416,True,False,False,2.9269383590802334,2.759750253825243
41.423133,38,840.62532,True,False,False,4.644745791445068,4.5086433578347975
42.821238,43,840.967377,True,False,False,5.194832002767527,4.896679403670169
46.594311,46,841.322847,True,False,False,5.593511490560888,5.567045003532036
32.265636,23,841.496876,True,False,False,2.8177395485683228,2.7390287758750413
33.823063,24,841.683364,True,False,False,2.911687730286196,3.008552730271428
29.024582,17,843.797998,True,False,False,1.9991105645179115,2.0199233005072235
45.892825,47,844.172504,True,False,False,5.813362218829254,5.578822938503865
29.645786,19,844.330252,True,False,False,2.2662148588669746,2.1674458507411933
40.962182,42,844.692789,True,False,False,4.85081825726141,4.491536398788599
27.590756,14,844.808907,True,False,False,1.6491794494289942,1.7797546131110633
37.7466,31,845.058906,True,False,False,3.758400052970101,3.789763721099195
44.724514,41,845.374372,True,False,False,5.090693799833968,5.209418321242561
40.971493,36,845.664466,True,False,False,4.35556576670577,4.485535228891555
35.941162,30,845.891882,True,False,False,3.4504536329627773,3.4677926350760018
29.124044,22,846.060812,True,False,False,2.3737074676499557,2.134049694315814
26.812377,16,846.188015,True,False,False,1.7735391557499003,1.6880693693760818
-4.757359,41,846.515106,False,True,False,4.817963973368739,5.4610796605347325
36.275269,32,846.77935,True,False,False,3.59996153921891,3.565439824322139
38.872907,34,847.043988,True,False,False,4.147116083562163,4.035794315028846
31.098545,22,847.223737,True,False,False,2.5550602695673383,2.5113604882750193
43.244408,39,847.546148,True,False,False,4.862575050900922,4.937801606690514
29.341716,17,847.679646,True,False,False,1.9542078243526684,2.1170035519904413
-16.487305,12,847.784944,False,True,False,1.1090758537796512,2.714074105181328
42.058445,38,850.094689,True,False,False,4.661359871370733,4.708228312426219
38.410061,31,850.336355,True,False,False,3.7740073745114966,3.8679508688750555
35.697832,30,851.626842,True,False,False,3.682903138727446,3.4314813508575006
31.961093,21,851.793192,True,False,False,2.5169280078702245,2.6021701483923203
27.721844,18,851.940239,True,False,False,2.203606199402141,1.8033486625764166
43.459473,44,852.290328,True,False,False,5.374946894729961,4.999417803517632
47.769812,47,852.667847,True,False,False,5.774872165966546,5.811173729344591
36.231237,28,852.887115,True,False,False,3.5001785668734127,3.4937907973583213
29.612757,18,853.024388,True,False,False,2.116569877845034,2.184099800121164
41.761744,62,853.496166,True,False,False,6.983863339766423,5.008592761245633
46.564443,45,853.839696,True,False,False,5.515690046000244,5.577612637551557
38.808144,34,854.109197,True,False,False,4.164751906770455,4.174575530445682
42.229374,42,854.43455,True,False,False,5.077523122972764,4.858445700886712
28.087165,16,854.55989,True,False,False,1.8043820807594102,1.83906920380669
44.179616,42,856.941209,True,False,False,5.224373150576804,5.088767418177218
41.291133,39,857.249819,True,False,False,4.715368753006006,4.613463935024232
32.314239,24,857.431181,True,False,False,2.667616749701413,2.7773066770807415
55.080238,61,857.899467,True,False,False,7.4570379666251965,7.278399497935286
36.35808,36,858.180555,True,False,False,4.089189320332769,3.9488256291709884
37.660335,32,858.426049,True,False,False,3.9498815470242246,3.877612032535521
26.359294,13,858.525462,True,False,False,1.492149198870119,1.5584574126822026
27.059032,12,858.618253,True,False,False,1.463711037056154,1.6745856377443742
35.576545,37,858.905932,True,False,False,3.9271287319380623,3.7366344304673533
35.534419,27,859.115263,True,False,False,3.3134854439563286,3.4059614061150674
45.214154,44,859.456079,True,False,False,5.420824038168608,5.28883290414499
47.031118,50,859.843096,True,False,False,6.157910688479023,5.66556051115587
50.14507,50,860.245319,True,False,False,6.2763712169476635,6.272925224378076
36.51985,27,860.458865,True,False,False,3.3728993462598336,3.4748490801781533
46.642095,48,860.841198,True,False,False,5.78547322471117,5.519845569846798
48.968804,52,863.295042,True,False,False,6.159930552380587,6.077240066378459
33.200091,29,863.530159,True,False,False,3.431519402169038,2.9950165832661333
31.357286,22,863.699399,True,False,False,2.7270571211060974,2.5893545414120935
27.686592,13,863.802351,True,False,False,1.590990257669732,1.7572070578460448
38.297328,33,864.066427,True,False,False,3.9885923089100976,3.93615164312025
43.969554,39,864.357092,True,False,False,4.847887544462549,5.016266507088381
28.179482,16,864.484113,True,False,False,1.9134140172069651,1.908072128757321
44.600093,43,864.830564,True,False,False,5.251491442115329,5.164026624754069
37.347406,31,865.085098,True,False,False,3.744341657026665,3.7664127938004768
42.897162,39,865.388141,True,False,False,4.885794366884598,4.765201003652402
41.698135,37,866.695689,True,False,False,4.482923471947559,4.641126001354113
34.175476,28,866.923944,True,False,False,3.224925058259013,3.2211021685757815
29.77117,25,867.125389,True,False,False,2.7815574588810534,2.309800156418373
39.346463,33,867.380975,True,False,False,4.131018334813098,4.102922997014318
36.703252,30,867.624516,True,False,False,3.614203159218316,3.6383618853263346
34.888499,35,867.893128,True,False,False,3.8168123580089417,3.3937808137733843
33.399584,28,870.081646,True,False,False,3.1546437567201795,2.9952858184813627
43.617544,40,870.397873,True,False,False,4.986309334428471,5.073299135944757
43.139409,39,870.722796,True,False,False,4.81537251844455,4.873174474119961
30.619059,20,870.879567,True,False,False,2.396020579708454,2.37000936559127
48.802853,53,871.299039,True,False,False,6.468173025656598,5.974750311755197
37.050234,29,871.531402,True,False,False,3.5836531105790974,3.673122263244867
41.922068,37,871.823097,True,False,False,4.5723309432715284,4.647318152563406
30.892186,25,872.020992,True,False,False,2.6007779762332564,2.482906943737287
34.276407,29,872.25362,True,False,False,3.388370434303565,3.2034530781913433
46.916896,48,872.661013,True,False,False,5.868025803674113,5.6608816911785125
48.192923,56,873.108195,True,False,False,6.555670413140792,5.961378606155926
28.9751,15,873.229406,True,False,False,1.8344998353833744,2.0091590871048477
42.951701,41,873.559517,True,False,False,5.00651972702987,4.914987931843639
27.042482,15,873.673264,True,False,False,1.8455486988968897,1.6980245778461
27.077639,20,873.824716,True,False,False,2.2188910451154222,1.684048270539696
30.733271,25,874.011713,True,False,False,2.5783271445571603,2.4823538782469807
37.933324,40,875.931742,True,False,False,4.563699000890671,4.140020588095091
32.756004,23,876.095276,True,False,False,2.7479604052834596,2.83805575683381
31.725349,26,876.27249,True,False,False,2.791681398032676,2.7175272195817777
42.566976,39,876.562114,True,False,False,4.748077002908725,4.699291276525819
48.265326,56,876.990755,True,False,False,6.614064333080587,6.251288736606706
41.362654,36,877.267329,True,False,False,4.486365355576281,4.547527841914611
41.718439,36,877.538528,True,False,False,4.518412331782036,4.574223284538516
43.398101,40,877.840299,True,False,False,4.9560059024044,4.932196918496065
29.054669,18,877.972038,True,False,False,2.080745604864626,2.177965440240771
30.940471,19,878.114765,True,False,False,2.2764178687109355,2.4682818215713342
39.519649,37,878.398772,True,False,False,4.3518266948778495,4.177683868967224
37.322021,31,878.628149,True,False,False,3.808994018119134,3.811117256599638
35.350381,28,878.815318,True,False,False,3.2588038723591937,3.312471153763522
40.940715,34,879.045151,True,False,False,4.245038721603648,4.452004849625737
30.117962,18,879.181716,True,False,False,2.221900600245674,2.2312195644460013
37.37859,32,879.41149,True,False,False,3.95288729310917,3.777507774457186
30.440171,18,881.537518,True,False,False,2.1692766993374337,2.3334599229899986
45.925904,47,882.835101,True,False,False,5.754947598088679,5.476898318052852
30.904252,20,882.986622,True,False,False,2.3834517995345257,2.3908893966169646
36.753789,30,883.219738,True,False,False,3.660279481209524,3.6574080728634177
41.940206,39,883.518506,True,False,False,4.655895763755107,4.626756278939166
40.328184,42,883.848443,True,False,False,5.034216282179174,4.719324733770687
40.871142,37,884.140903,True,False,False,4.645691552395612,4.484860606332655
31.517705,21,884.309378,True,False,False,2.484564933515405,2.494863089296613
32.901839,26,884.516343,True,False,False,2.9925868171495376,2.871659246571706
31.168508,19,884.667399,True,False,False,2.3546655813512034,2.5332489025283236
30.428892,19,884.846807,True,False,False,2.3055332620553166,2.3531828598004827
28.745258,19,884.993695,True,False,False,2.2432626913707456,1.9649306030944058
46.643703,48,885.370583,True,False,False,5.95211741450773,5.620664271299061
47.386228,53,885.795538,True,False,False,6.500950296912598,5.782814622586948
31.883332,22,885.96787,True,False,False,2.6225172672757,2.61017933409948
43.448903,39,886.27923,True,False,False,4.8027577576200775,4.893703516428828
34.506657,29,888.504668,True,False,False,3.2941414949167025,3.11399000857762
38.177629,34,888.771212,True,False,False,4.1751612338063016,3.850222210973013
34.070503,25,888.967632,True,False,False,2.9799445326616443,3.1503253403186746
37.245531,30,889.206977,True,False,False,3.6585042081955983,3.707196288376062
44.57538,42,889.530752,True,False,False,5.156570016947701,5.18268213220632
30.793309,27,889.740547,True,False,False,2.8592089178364235,2.5438589769893243
30.012455,20,889.898226,True,False,False,2.4819448019647825,2.395851225061947
36.59034,28,890.112683,True,False,False,3.483964702698153,3.5507975209365505
27.492602,15,890.231457,True,False,False,1.7740685372780671,1.878741398820035
35.22901,25,890.427246,True,False,False,3.1183409050326767,3.206110599799471
41.932819,42,890.75537,True,False,False,4.9683020204370445,4.6373583179105395
32.282373,27,890.96349,True,False,False,3.005911374513464,2.892576966017773
31.883466,21,891.128273,True,False,False,2.549810120274858,2.6200133890924824
28.306824,16,891.260424,True,False,False,1.8405466323612072,1.9675439841859959
29.882731,18,891.403193,True,False,False,2.1299848362131586,2.201818506112335
47.705532,49,891.784167,True,False,False,6.0694414012721944,5.816689970422169
41.499368,37,892.077078,True,False,False,4.57305218678224,4.615739916076845
35.676854,29,892.303187,True,False,False,3.5485049531972193,3.3938491594890605
43.628492,42,894.64098,True,False,False,5.044456594733668,5.0064897127885875
31.390708,21,894.805116,True,False,False,2.533829901857314,2.5063799116822687
45.090938,46,895.155205,True,False,False,5.627647906020276,5.362872529525686
36.641069,33,895.407459,True,False,False,3.951941562030322,3.758145806586078
43.52667,47,895.769344,True,False,False,5.690808298553913,5.143601465324156
42.7149,39,896.074908,True,False,False,4.696621244304508,4.796723868691358
26.26972,13,896.177943,True,False,False,1.5249860217672755,1.5174625945161053
27.752494,15,896.295444,True,False,False,1.807765238549072,1.8276316260527017
27.040278,15,897.343754,True,False,False,1.6391906680869897,1.7099494599694671
49.789568,51,897.732653,True,False,False,6.3422637913971025,6.2433130828356616
31.365041,22,897.899891,True,False,False,2.608471794428825,2.5065686227817108
47.114054,48,898.257434,True,False,False,5.831474555635935,5.885831923429785
32.559109,24,898.429012,True,False,False,2.8174443881301823,2.770465871486691
40.839711,37,898.70208,True,False,False,4.4652029805162625,4.558829591630492
30.136946,17,898.821332,True,False,False,2.100107140124046,2.284903267906604
30.446793,31,899.05053,True,False,False,3.3012363601909165,2.435830763479508
33.167597,29,899.269727,True,False,False,3.37301060931175,2.9730853086344786
27.407775,15,901.246271,True,False,False,1.6250565954900296,1.7471194553442797
34.105018,44,901.600642,True,False,False,4.82802414016323,3.3888986093500613
45.745678,49,901.977691,True,False,False,5.655276151069278,5.5638534802457205
43.196859,41,902.301384,True,False,False,4.93796444478071,4.866761411344001
46.990669,51,902.696196,True,False,False,6.055995363031437,5.7056271874822695
37.964881,34,902.96752,True,False,False,3.8990111844652398,3.8304259512648233
40.034141,34,903.221161,True,False,False,4.127012580725074,4.2104536052215185
35.871874,29,903.447477,True,False,False,3.5402348452937282,3.4900142079768632
34.040632,35,903.719108,True,False,False,3.9393645997705566,3.211696557230761
34.987704,25,903.914999,True,False,False,3.0848073782659013,3.191499036900461
47.350841,58,904.369801,True,False,False,6.81557362857948,5.8133377022221255
37.1515,33,904.613159,True,False,False,3.9017992829293697,3.8239524881967055
49.443455,57,905.067021,True,False,False,6.816032424930701,6.331264055304528
30.752013,19,907.072345,True,False,False,2.298274832804081,2.4311230144643097
34.172622,23,907.25022,True,False,False,2.863782463805518,3.0255624743106693
44.473543,43,907.56025,True,False,False,5.241373877694781,5.18426115169804
31.070311,20,907.717353,True,False,False,2.4368141070455596,2.487825862977284
28.193631,23,907.892098,True,False,False,2.7207336261526174,2.0749325389277806
34.483243,30,908.110268,True,False,False,3.4813422953907036,3.3004323040098074
44.356037,56,908.533816,True,False,False,6.524476127525981,5.4860783971764455
33.961392,26,908.739151,True,False,False,2.9393623736119836,2.9909123061551517
40.127464,38,909.033269,True,False,False,4.5101147962429655,4.309564289196947
44.112858,40,909.315712,True,False,False,5.027529214236349,5.074218021821628
41.959007,40,909.611234,True,False,False,4.705230336599722,4.716572524235723
34.455417,26,909.807512,True,False,False,3.086184803515036,3.1695999496752
31.886302,20,909.956637,True,False,False,2.4819448019647825,2.6280168661005257
32.78507,29,910.182334,True,False,False,3.1719626414220032,3.0970692066040573
35.623523,29,910.403522,True,False,False,3.495920116464674,3.3873097815198343
31.031615,18,910.52743,True,False,False,2.2273863607376265,2.40547596606455
39.181317,39,911.784082,True,False,False,4.67828500871929,4.153127581964729
31.164348,20,913.743831,True,False,False,2.3894879840162764,2.4784068238737214
26.992779,18,913.883761,True,False,False,1.9659536907050212,1.8512905989395623
33.796157,24,914.065223,True,False,False,2.908281888558388,3.0839919678188714
31.875022,21,914.212804,True,False,False,2.5461553433319777,2.653844208886819
43.706013,42,914.536799,True,False,False,5.093939724600057,4.94793383869265
42.107299,43,914.864413,True,False,False,5.222540251190694,4.731949374326964
34.862592,27,915.067823,True,False,False,3.2995749772768974,3.2597714283420425
32.557471,25,915.259439,True,False,False,2.7273570883924236,2.801720675007312
26.211767,11,915.345219,True,False,False,1.3132631935606494,1.5103765647605676
33.448718,25,915.543063,True,False,False,3.0771210252247947,2.9968621587890145
41.041099,37,915.821486,True,False,False,4.525236353263232,4.519176572501069
45.181574,44,916.15563,True,False,False,5.33757720118405,5.24745578027433
45.243037,45,916.48602,True,False,False,5.563291535192856,5.380543046915697
47.180714,51,916.888808,True,False,False,6.102353619333451,5.690296152896091
38.488629,32,917.130906,True,False,False,3.911256427386021,3.881439194115527
48.27609,47,917.456359,True,False,False,5.842987260684073,5.875033727764466
38.852184,32,919.514538,True,False,False,3.92764964279871,4.029709411960471
42.861115,38,919.808405,True,False,False,4.742251852805563,4.813438240699781
34.253946,25,919.989719,True,False,False,3.118340905032675,3.0697642167475663
45.827267,45,920.321957,True,False,False,5.525802021730628,5.406957472263328
46.25386,53,920.717897,True,False,False,6.365120910374254,5.829014305480102
45.528878,42,921.029024,True,False,False,5.263322272586291,5.311898305999805
35.115156,25,921.216247,True,False,False,3.1183409050326754,3.2566538800345146
45.576264,44,921.530893,True,False,False,5.252095534367976,5.288259211602248
33.6697,26,921.730134,True,False,False,3.0458411454460337,3.0605558185723343
39.874474,33,921.977377,True,False,False,4.076113276213849,4.226398633719631
33.123594,23,922.15154,True,False,False,2.711425610341238,2.918106129625902
33.222076,40,922.45128,True,False,False,4.511061013224561,3.292663161775874
38.863488,31,922.682146,True,False,False,3.8820162287141486,3.9991483857981915
37.521912,30,922.896234,True,False,False,3.729689959525515,3.8315026770850076
44.564109,50,925.234793,True,False,False,5.774589488795762,5.1824677182593
36.292996,29,925.449851,True,False,False,3.434910487303687,3.51775133762108
29.796181,21,925.606143,True,False,False,2.417569485822972,2.3156214826212977
31.65501,22,925.77604,True,False,False,2.6588366085820083,2.6128784474381423
32.779072,23,925.946847,True,False,False,2.779738751790328,2.824556402427004
32.656842,24,926.128402,True,False,False,2.9271041461489435,2.774813755844174
30.30521,19,926.270465,True,False,False,2.229978179091586,2.3325085639678544
32.398003,29,927.665206,True,False,False,3.328869551506626,2.980407618555404
31.846054,27,927.869367,True,False,False,3.011383145849866,2.7947594760790153
39.559777,34,928.127898,True,False,False,4.254456260390819,4.173609459720415
30.721358,25,928.311885,True,False,False,2.7340990434552728,2.515537743566528
35.242267,27,928.514285,True,False,False,3.227483587087204,3.26830871528812
26.723146,13,928.613441,True,False,False,1.4803588751308099,1.6492201299563571
32.412807,25,928.80584,True,False,False,3.0121476217068417,2.775806663598655
44.867094,44,929.145962,True,False,False,5.229828486589381,5.205832189875757
38.951447,35,929.42123,True,False,False,4.171067674106898,4.049128547442183
29.042195,20,929.574559,True,False,False,2.317776636202164,2.1048309887169863
40.075709,38,929.86597,True,False,False,4.677951086095796,4.3268326097631045
42.649562,43,932.134451,True,False,False,5.114077591247399,5.076935636070091
35.235101,32,932.374825,True,False,False,3.6075039857106432,3.3271861057803434
45.023273,47,932.71945,True,False,False,5.666909387764634,5.34073338121247
29.775294,17,932.86283,True,False,False,2.004625269731872,2.167483023854911
47.691821,51,933.258793,True,False,False,6.024253703525836,5.924025167026592
32.586483,21,933.416503,True,False,False,2.5692411377636097,2.7136949547666567
38.072053,41,933.731247,True,False,False,4.819727617861814,3.9684327977385054
33.368045,26,933.924857,True,False,False,3.091860134663305,3.126454730971703
34.791703,35,934.187274,True,False,False,3.9467430395371204,3.4975701452516086
46.699983,46,934.53315,True,False,False,5.650974742148449,5.556677874843058
36.022902,29,934.7543,True,False,False,3.5682417064883576,3.660182421139525
34.96519,30,934.983781,True,False,False,3.5352390577281176,3.2449690546210608
42.962938,39,935.302089,True,False,False,4.8841994168062,4.814481417218657
31.484164,21,935.478987,True,False,False,2.4984989883417628,2.589181930622536
31.980054,26,935.694796,True,False,False,3.105154611123263,2.7203483645154956
43.355273,39,935.984498,True,False,False,4.780592391639836,4.831075652841711
32.860265,23,938.01136,True,False,False,2.799079876845277,2.8480893923694466
40.250867,35,938.272628,True,False,False,4.225417028690045,4.254900073332345
46.40932,45,938.602257,True,False,False,5.502766271246604,5.467014157091835
39.040937,33,938.838406,True,False,False,4.0437039357868105,4.073562296881796
28.467863,14,938.943395,True,False,False,1.7182694782833106,1.9045901210328973
34.79051,32,939.197809,True,False,False,3.6280737278308797,3.3033704123535172
40.638658,38,939.480726,True,False,False,4.602134727759959,4.390889323377086
39.705695,41,939.791859,True,False,False,4.825731923482419,4.3653143023257615
40.940679,44,940.08654,True,False,False,5.0002456177702435,4.575412304409323
48.145158,46,940.445764,True,False,False,5.791204537917819,5.813512874424767
33.564389,24,940.627597,True,False,False,2.9040710872704696,2.921264716499238
-13.52657,13,940.728185,False,True,False,1.4340891595475382,7.32189234727018
43.305093,41,941.99064,True,False,False,4.894626118576339,4.965736872870297
42.35863,40,942.292056,True,False,False,4.9206946358322465,4.778203527692017
28.851629,16,942.402798,True,False,False,1.875786244295127,1.9965981431696378
28.846874,16,942.527067,True,False,False,1.8667068313948656,1.9737930546877145
41.424452,43,944.763871,True,False,False,4.97046588430978,4.579549178559825
52.626732,56,945.185693,True,False,False,6.966678168362956,6.749119665691983
34.809821,29,945.401992,True,False,False,3.4741005470132924,3.3075623175348237
49.669628,51,945.802424,True,False,False,6.389429244097143,6.17794652259147
32.191718,22,945.967609,True,False,False,2.733369290549401,2.810256158423504
34.407819,25,946.161435,True,False,False,3.115274684552197,3.1567597281355915
41.754448,40,946.467025,True,False,False,4.856795015134028,4.693869894206754
44.593407,50,946.862609,True,False,False,6.01060078257754,5.305381916781584
49.048656,53,947.260872,True,False,False,6.442564537230562,6.28309483214725
43.086646,42,947.578358,True,False,False,4.909084738221252,4.902753971426356
40.21259,36,947.850845,True,False,False,4.458998429478538,4.314644381098614
29.242561,17,947.982108,True,False,False,2.095886554735068,2.1029331162496483
43.018946,42,948.307373,True,False,False,5.086475570988492,4.935459885135695
36.854823,36,950.527228,True,False,False,4.235052663622138,3.8474840625873186
33.897314,28,950.744047,True,False,False,3.18257868417324,3.160376269748691
27.515381,20,950.895528,True,False,False,2.242049501458671,1.8423388002402123
50.816567,55,951.310072,True,False,False,6.549721397859121,6.465606712935847
29.832736,23,951.484958,True,False,False,2.3943850826188826,2.3255467663147336
35.659905,26,951.682044,True,False,False,3.243143261907391,3.4090364011262704
27.657523,14,951.787735,True,False,False,1.6291694858856896,1.8411412504211295
34.107034,30,952.017594,True,False,False,3.3290214872479695,3.1535973840247085
44.056702,40,952.321492,True,False,False,4.914683675467157,5.04374292409273
39.539166,39,952.620335,True,False,False,4.606130481649171,4.229089758670879
32.396166,22,952.794804,True,False,False,2.7338906916490244,2.7173628621419024
50.703823,52,953.197446,True,False,False,6.461598870050644,6.458715684879574
29.747303,18,953.340939,True,False,False,2.167972458434121,2.1623159547212265
38.913343,32,953.582082,True,False,False,3.933661168608937,4.0264533874604975
35.086519,30,953.810118,True,False,False,3.5312530334637997,3.3943514532115158
29.479084,17,953.939629,True,False,False,2.037174524069714,2.1969147196565224
31.575615,21,954.105452,True,False,False,2.4774368778503515,2.5234208202697865
32.750583,33,956.294254,True,False,False,3.646722730841735,3.1757184299608605
27.432785,14,956.405752,True,False,False,1.6588555759798072,1.7904005626420079
39.687961,38,956.71445,True,False,False,4.637098342161192,4.404821892601994
27.637968,14,956.826467,True,False,False,1.6478017146934516,1.7444945367636877
40.207372,45,957.168895,True,False,False,5.327010573087624,4.514618136745727
47.43372,45,958.388786,True,False,False,5.662681624934803,5.661495374144045
26.901102,13,958.488839,True,False,False,1.5200359552183749,1.6064251501800013
38.794996,34,958.746743,True,False,False,4.101730938016035,4.183556592679666
33.157927,23,958.921631,True,False,False,2.776677029772552,2.850287140345531
44.476526,41,959.249816,True,False,False,5.15480843484993,5.084439045311111
32.703432,31,959.483806,True,False,False,3.3563281746734432,2.9838108287930134
37.964637,33,959.734793,True,False,False,3.7838970903276796,3.91575606307293
31.583222,21,959.892681,True,False,False,2.5000489790921736,2.5157893884594924
27.392391,14,959.998568,True,False,False,1.642095501553758,1.7580170941872026
44.623488,46,960.363213,True,False,False,5.493958440877033,5.40849273953219
45.31661,48,960.73117,True,False,False,5.657191688297483,5.514051393414975
41.099809,35,960.995706,True,False,False,4.307946000488234,4.409075575262939
40.551952,41,963.307358,True,False,False,4.755771927891768,4.544142610055355
41.90101,36,963.576795,True,False,False,4.518412331782038,4.625321427522159
27.956069,30,963.800535,True,False,False,3.1106853223767432,2.063571692675994
38.072305,30,964.02619,True,False,False,3.7137967886477057,3.8700963290890464
32.41283,22,964.194378,True,False,False,2.6121562504752,2.7428311692134244
42.804795,39,964.48608,True,False,False,4.774683299601622,4.790101835287707
35.194912,26,964.684688,True,False,False,3.1390823889515214,3.303444444204288
28.329064,16,964.807534,True,False,False,1.8381463654589223,1.9544243779806574
43.480671,43,965.124691,True,False,False,5.273410663664545,4.938822679374101
40.020991,47,965.475298,True,False,False,5.34037643935884,4.404022519411268
35.593382,28,965.690652,True,False,False,3.3405818617057657,3.398137398222589
47.555955,47,966.066303,True,False,False,5.738553268925469,5.675375923295977
35.568186,28,966.278997,True,False,False,3.3752885511496578,3.3641203205029897
34.260253,29,966.495408,True,False,False,3.4859132918918476,3.3062212976485923
42.242453,38,966.816022,True,False,False,4.629665815423084,4.666890771141641
44.488475,45,969.120268,True,False,False,5.48965168182296,5.3852113266975
33.435478,27,969.328237,True,False,False,3.0767127952567193,2.988038564124953
26.259533,12,969.421482,True,False,False,1.3959946614591137,1.5009821952951592
36.98914,29,969.639836,True,False,False,3.5958191946022025,3.663127450358358
28.568455,15,969.752562,True,False,False,1.8455486988968894,2.001342765723158
37.02451,29,969.970234,True,False,False,3.558082675588921,3.6789423625199396
27.690565,14,970.074904,True,False,False,1.6196600568489712,1.7760833509537668
38.016647,32,970.314282,True,False,False,3.93639288557242,3.8077550627279053
38.788564,31,970.547399,True,False,False,3.850666326873697,3.9895591992794377
26.754574,15,970.660997,True,False,False,1.7371462622141005,1.6390326152008283
48.867854,52,971.049095,True,False,False,6.425942242057865,6.038529986027985
33.475767,25,971.237724,True,False,False,2.987199372616115,3.017437758084533
48.503199,52,971.638671,True,False,False,6.263433907960538,6.031158021493655
42.385351,40,972.958781,True,False,False,4.78872341298584,4.727232847391636
29.193174,20,973.107197,True,False,False,2.320838517686039,2.235340968219003
35.83617,32,973.349625,True,False,False,3.645198199028092,3.638356659084705
-9.979719,21,973.505228,False,True,False,2.407418740656957,3.344491871695435
33.00249,24,973.687871,True,False,False,2.8408657324686475,2.8871030885516418
34.776505,28,975.865846,True,False,False,3.319125933695318,3.309751107834079
27.608851,15,975.978169,True,False,False,1.7562085247297736,1.7906732186764511
42.494,42,976.281523,True,False,False,5.127279373364772,4.756587080443652
31.081141,28,976.489157,True,False,False,3.071145473813566,2.6116011329144233
40.056119,41,976.819701,True,False,False,4.900901080622418,4.256868817870158
26.523404,13,976.919169,True,False,False,1.5909902576697335,1.5458408317330505
29.780354,17,977.035264,True,False,False,2.0737145917706714,2.2125605289718107
43.359639,43,977.358978,True,False,False,5.161563802826812,4.942552033927709
32.987526,22,977.52448,True,False,False,2.7055209810487413,2.8003210103573033
29.830712,18,977.662613,True,False,False,2.1008137803863485,2.295535256318626
51.115587,53,978.066478,True,False,False,6.452917765740295,6.415935042092864
45.076149,46,978.415017,True,False,False,5.535911294082428,5.41565398299777
46.882111,54,978.820251,True,False,False,6.433744425300708,5.783389150277969
29.811991,17,978.933981,True,False,False,2.0368793901197173,2.2283152648689972
43.395243,42,979.248573,True,False,False,5.040347662435211,4.889216784549098
45.29339,45,979.576971,True,False,False,5.418026305741633,5.319185318453317
33.904928,28,981.734995,True,False,False,3.3218327778996954,3.0895243571208577
33.313072,24,981.910975,True,False,False,2.8215929364182495,2.962200212178712
38.208441,32,982.150965,True,False,False,3.954221789837736,3.853276495077196
28.477589,22,982.320542,True,False,False,2.4483411278620197,2.132818940044388
34.331219,29,982.538429,True,False,False,3.36605697332841,3.3675781818694466
48.231925,47,982.879661,True,False,False,5.810368852356745,5.869149491840302
29.222572,21,983.036805,True,False,False,2.2946879588674785,2.241285095482139
46.910703,47,983.385428,True,False,False,5.869357508926361,5.634473516199442
35.210643,34,983.650642,True,False,False,4.003860149941906,3.593892767625249
41.434019,37,983.926701,True,False,False,4.511820086720817,4.526727716253266
31.461802,27,984.132692,True,False,False,3.05680145000622,2.6286687734110665
41.967738,39,984.41473,True,False,False,4.73590899872663,4.635920433456639
32.90677,26,984.609473,True,False,False,2.974872735911824,2.8198696164454686
37.110812,32,984.852524,True,False,False,3.9861164492493932,3.6954600865035108
30.960348,18,984.984307,True,False,False,2.2273863607376247,2.459493086874924
44.002643,42,985.296576,True,False,False,5.0902578027850165,4.9927272224921255
36.569149,30,987.397198,True,False,False,3.662271949469554,3.564963683728653
31.759798,21,987.567127,True,False,False,2.469878262452097,2.5508792220668415
43.528542,41,988.760815,True,False,False,5.110811158187721,5.030151038187761
35.462485,27,988.957808,True,False,False,3.3134854439563313,3.3082383979810426
35.544659,27,989.1473,True,False,False,3.273198359556322,3.2988475248869142
37.859774,40,989.444518,True,False,False,4.705174674400694,3.9367548335762934
37.315566,32,989.67775,True,False,False,3.7779419673575556,3.668350988453435
45.382403,49,990.043712,True,False,False,5.778340439369497,5.399251707086383
41.761504,42,990.360535,True,False,False,5.128120748452988,5.062299020431015
27.339369,13,990.461729,True,False,False,1.531576355366228,1.6524712535490778
-12.839378,20,990.620897,False,True,False,1.995113860598732,6.750508547131346
41.730965,37,990.904441,True,False,False,4.5424152550287715,4.530012518791542
41.820487,45,991.243804,True,False,False,5.178370299956309,4.724703819122765
34.804619,35,991.51791,True,False,False,4.182296266643149,3.3773735385101156
42.781765,44,991.856528,True,False,False,5.191414291690267,4.825168304797626
51.28478,52,994.200667,True,False,False,6.554879861599291,6.4986040216276395
33.279666,27,994.406398,True,False,False,3.0380553198016877,2.9000463330232553
40.707288,38,994.70649,True,False,False,4.733001439604263,4.357832847810146
40.90762,42,995.03326,True,False,False,4.932007548391199,4.518884570337481
28.949241,33,995.270723,True,False,False,3.574792055538171,2.346706904139922
39.899511,36,995.537326,True,False,False,4.278419810416287,4.218126087140205
29.933493,18,995.668968,True,False,False,2.068367668760037,2.191364009762411
27.440477,16,995.794671,True,False,False,1.7890406700187131,1.8173560140593685
35.429528,26,995.988362,True,False,False,3.1734615543377704,3.3677438079904705
26.998389,14,996.09102,True,False,False,1.5002477229240867,1.6980462573115689
42.07338,45,996.418315,True,False,False,5.285518892954226,4.748521972374822
28.6711,18,996.557188,True,False,False,2.0773229566272025,1.96347381208196
38.237168,37,996.859285,True,False,False,4.27300182306494,4.1080300977706745
33.660998,24,997.042532,True,False,False,2.848516359789098,2.982497637742302
31.383141,20,997.185161,True,False,False,2.3811045010786094,2.5376901098180973
33.552709,23,997.349591,True,False,False,2.863782463805519,2.9504269776299443
33.137726,25,997.517637,True,False,False,3.117722277518108,2.9049603589800643
30.751228,21,997.680824,True,False,False,2.4884567308708316,2.528362243257913
47.113972,46,999.791567,True,False,False,5.6897850906346426,5.632324184360507
36.444037,30,1000.009215,True,False,False,3.6279014817374935,3.6349927722905235
35.855013,28,1000.214022,True,False,False,3.3674130285816197,3.3893651493995613
44.163917,47,1000.56484,True,False,False,5.581894798043619,5.133838967338083
30.803516,19,1000.711351,True,False,False,2.3025914745093865,2.3618938225013726
30.748647,21,1000.871789,True,False,False,2.5376424244691496,2.330607539048652
29.38722,18,1001.006889,True,False,False,2.163934477554138,2.121475785045218
39.192765,33,1001.238066,True,False,False,4.0327775003998045,4.027858611267543
46.868236,48,1001.603405,True,False,False,5.872221828981194,5.689000140509266
41.59312,37,1002.83642,True,False,False,4.490625668624897,4.542670083003358
42.888801,41,1003.153163,True,False,False,5.077588884057813,4.82222528238056
54.561514,60,1003.604629,True,False,False,7.5264025844021205,7.1979187373126985
43.090204,42,1003.929167,True,False,False,5.205536102496517,4.971311964519703
45.389576,47,1004.285109,True,False,False,5.731108676979349,5.290358273559407
36.325435,32,1006.388605,True,False,False,3.7999050063748108,3.5653559377442225
40.420793,35,1006.664295,True,False,False,4.284847966329353,4.320308589851167
40.545749,34,1006.944849,True,False,False,4.184248140176982,4.324545100059956
36.663814,30,1007.157985,True,False,False,3.5666747667442236,3.61245114288024
42.529273,38,1007.421665,True,False,False,4.7070215366058035,4.700805712970238
47.241677,49,1007.808764,True,False,False,5.925395605482317,5.717735735445132
42.319272,37,1008.112281,True,False,False,4.540642868755725,4.729037772288144
34.178501,28,1008.312567,True,False,False,3.382989054413948,3.131660077702334
29.165946,17,1008.439362,True,False,False,2.0408927084019544,2.051755396196017
45.609924,52,1008.840273,True,False,False,6.2209033179267035,5.535518284007786
26.634193,12,1008.93139,True,False,False,1.3989403055162577,1.5731314355339516
27.066097,13,1009.029107,True,False,False,1.5315763553662283,1.6238233455965017
45.303921,44,1009.358786,True,False,False,5.295678124875184,5.319164832014989
26.983168,34,1009.616259,True,False,False,3.4660616578915673,1.8992446693852927
40.329166,38,1009.906546,True,False,False,4.419315582965927,4.28962665978748
34.532712,25,1010.091405,True,False,False,3.0337742652786877,3.190813508298038
27.74916,18,1012.074722,True,False,False,2.0387713688635904,1.8609608012034993
34.623687,25,1012.267028,True,False,False,3.041802560855724,3.1404469638562085
35.536345,31,1012.499512,True,False,False,3.6812577912045117,3.41702421655254
44.229127,46,1012.855435,True,False,False,5.593486609953505,5.140493739589999
49.754523,54,1013.264475,True,False,False,6.623739126220341,6.242977470207704
37.622901,33,1013.521969,True,False,False,4.02247860193936,3.891481105235505
36.591124,29,1013.747315,True,False,False,3.49405849537295,3.568088676103026
48.9743,49,1014.132657,True,False,False,6.173042199758564,5.968551139067513
30.080332,20,1014.284059,True,False,False,2.417379107953764,2.3401690440995373
42.759464,42,1014.603469,True,False,False,5.177613969758692,4.886379130722897
32.417515,22,1014.772675,True,False,False,2.6319103844482648,2.7767600265025525
27.737165,14,1014.884298,True,False,False,1.6488440115677905,1.8146812639405094
32.595432,26,1015.078157,True,False,False,2.9977607502487342,2.889750549048065
42.689195,50,1015.450617,True,False,False,5.932861851634008,5.014710566312814
48.046953,47,1015.803701,True,False,False,5.826289791344958,5.8455640042665875
48.127574,48,1019.008828,True,False,False,5.9177192301333905,5.820574889322782
31.87829,26,1019.206872,True,False,False,3.0598013941359423,2.6889563658282714
45.634741,46,1019.564903,True,False,False,5.577467802972177,5.410496737683698
41.511722,42,1019.880694,True,False,False,5.119815089040834,4.58309101343178
39.907772,53,1020.279555,True,False,False,5.974950664933446,4.462868438920247
52.514423,60,1020.734078,True,False,False,7.247303933808729,6.856009905158977
34.782959,27,1020.941351,True,False,False,3.2977612949248365,3.2448054117668534
33.834415,27,1021.14683,True,False,False,3.2487596270220815,3.0750157309904056
41.808387,40,1021.450233,True,False,False,4.803452562551138,4.631325932285732
31.214724,20,1021.606834,True,False,False,2.4170691409884366,2.443152608917491
44.053189,47,1021.971719,True,False,False,5.683416579475811,5.28998218438093
36.555409,31,1022.213819,True,False,False,3.6314892142783846,3.6250139038207667
42.539945,38,1022.508033,True,False,False,4.713556870705692,4.682008643327856
43.414046,39,1024.785807,True,False,False,4.824040169065403,4.9397359617637715
29.619372,17,1024.91848,True,False,False,2.0235570289719664,2.1637015355641425
36.906757,31,1025.157279,True,False,False,3.7069834333693104,3.633383728117417
45.353292,46,1025.515091,True,False,False,5.648594516518076,5.367438420941466
40.059706,41,1025.832901,True,False,False,4.792381231193298,4.265837715054669
47.150259,51,1026.250099,True,False,False,6.184166819785989,5.735447338923878
37.869336,34,1026.532621,True,False,False,4.155963611692273,3.8144535404692097
49.293898,49,1026.93284,True,False,False,6.097118147333724,6.034983407137103
36.85729,29,1027.175975,True,False,False,3.5281446137802424,3.6649345414171166
26.536417,12,1027.270029,True,False,False,1.3994706808277693,1.5104534415295383
33.536752,23,1027.438243,True,False,False,2.840359929022576,2.9793737062525776
42.738492,39,1027.742004,True,False,False,4.8590301138148915,4.845412489336694
53.255153,56,1028.182897,True,False,False,6.983178576791414,6.946803328154669
36.998234,31,1028.425987,True,False,False,3.7744842762405098,3.7808387504726513
28.115837,14,1028.537696,True,False,False,1.718269478283311,1.8982710534730658
37.900848,29,1030.674564,True,False,False,3.6181241828730717,3.855502630692119
-13.70962,15,1030.786303,False,True,False,1.4584632432088998,4.548122217830204
44.79344,42,1031.0811,True,False,False,5.16297687191895,5.24492557928779
29.069901,19,1031.228967,True,False,False,2.0535028512707605,2.1523756714403968
45.257891,44,1031.56091,True,False,False,5.322712265394683,5.330379255896167
49.053269,49,1031.938795,True,False,False,6.08765388211437,6.085834897697653
40.03096,35,1032.213236,True,False,False,4.246392089348609,4.306264692392472
41.815287,38,1033.423682,True,False,False,4.611611463670664,4.5799448765097255
46.586611,45,1033.766465,True,False,False,5.456139087491633,5.520606271500653
47.682494,54,1034.169771,True,False,False,6.4595098324095614,6.005164845734263
-6.710719,35,1034.433527,False,True,False,3.758969972351955,4.453635245733489
34.352387,30,1034.660462,True,False,False,3.261233504343333,3.130038239257378
44.560124,40,1034.972589,True,False,False,5.007335936518285,5.143640142926574
27.675196,14,1035.07939,True,False,False,1.6176356961719265,1.7260405622693604
48.769157,54,1037.481945,True,False,False,6.604306527285535,6.114909494852004
45.591894,43,1037.809904,True,False,False,5.34305432921163,5.351144788791356
32.255382,20,1037.964101,True,False,False,2.481944801964783,2.6450949647445667
28.641316,24,1038.153074,True,False,False,2.687539022107809,2.2189738901829554
38.443017,32,1038.373802,True,False,False,3.9238820070366067,3.93269938939878
44.171819,48,1038.742353,True,False,False,5.777355299914381,5.205127438458862
38.355735,31,1038.975214,True,False,False,3.8674956889741403,3.972680865869922
47.647402,54,1039.396816,True,False,False,6.7385789044639965,5.906727428838753
43.74048,42,1039.712562,True,False,False,5.065128012575632,4.999412347113374
40.116005,35,1039.976115,True,False,False,4.331719208864956,4.248135023645447
33.442475,28,1040.186728,True,False,False,3.24392209778238,3.0879742242093187
40.299879,36,1040.456744,True,False,False,4.3580179713561735,4.3249998480631575
30.68084,23,1040.63108,True,False,False,2.489241498381058,2.4881607168675672
44.205602,44,1040.966201,True,False,False,5.281452887658511,5.120607247606857
43.923541,40,1041.267563,True,False,False,4.990865310445367,5.073310909222049
46.46931,47,1043.624549,True,False,False,5.734509247839303,5.550533758198427
30.613939,19,1043.768107,True,False,False,2.295251679047701,2.32918617455816
33.518715,25,1043.957853,True,False,False,2.9680288535820214,2.9533875656169
38.554696,39,1044.259217,True,False,False,4.844543605739079,4.2084924086873094
50.088158,58,1044.690679,True,False,False,7.092045381398503,6.313570909175444
40.21612,34,1044.946467,True,False,False,4.241572671149028,4.298204875242179
37.95493,33,1045.19652,True,False,False,3.878152803815781,3.8949914618058408
44.248616,47,1045.543512,True,False,False,5.45184621218157,5.160658732819677
31.551816,20,1045.693653,True,False,False,2.481944801964782,2.5454667917665796
31.358,24,1045.87542,True,False,False,2.892662789536892,2.605802646696994
40.663499,35,1046.140722,True,False,False,4.327746507415858,4.426043134556912
48.681211,49,1046.515377,True,False,False,5.949234939485204,5.985933302107962
33.394759,24,1046.708319,True,False,False,2.959502159332034,2.965098280523903
47.401235,49,1047.918247,True,False,False,5.952882677640792,5.74254773676768
44.686778,50,1050.222206,True,False,False,5.824239179317249,5.258238126257045
38.060704,37,1050.487698,True,False,False,4.567693078401777,4.0863213480813245
44.467013,48,1050.842079,True,False,False,5.736713079757146,5.607671744221654
-19.612449,7,1050.894338,False,True,False,0.7345511177984911,2.44378458000737
30.406329,19,1051.026894,True,False,False,2.2952516790477016,2.3221107006291684
34.955312,26,1051.25253,True,False,False,3.245620125646253,3.2513736885566304
28.288827,17,1051.391677,True,False,False,2.0933299959860188,2.136673898787588
44.516344,41,1051.704365,True,False,False,5.035692352848226,5.079797748965042
55.924415,71,1052.238196,True,False,False,8.720003133128788,7.575146593710767
48.767806,55,1052.649467,True,False,False,6.669603743983186,6.110184529416369
33.113929,23,1052.826585,True,False,False,2.801871556936021,2.831406267328778
42.144104,45,1053.174156,True,False,False,5.455249164452872,4.821621824994463
45.640462,46,1053.520144,True,False,False,5.593466957854354,5.472421024023514
39.609172,41,1053.830497,True,False,False,4.746622425253742,4.283698870339585
40.149794,36,1056.08116,True,False,False,4.3846240242411145,4.313160686250182
43.511651,43,1056.409644,True,False,False,5.126053825356059,5.0225982063409615
45.375248,46,1056.77567,True,False,False,5.646507269857756,5.282480521122154
31.0022,19,1056.916537,True,False,False,2.2597726678300827,2.489962536925485
34.970608,27,1057.120545,True,False,False,3.275446553873351,3.287984205817693
26.322867,13,1057.223144,True,False,False,1.4618100099646747,1.5599393820729062
42.535624,37,1057.507456,True,False,False,4.593009259425643,4.778291733006723
-11.309843,18,1057.648067,False,True,False,2.213954178124205,3.7315220176432047
36.238675,29,1057.868042,True,False,False,3.5086648111369123,3.547795029511779
29.883175,20,1058.026378,True,False,False,2.2095650462412992,2.2419661572504412
36.001885,27,1058.23589,True,False,False,3.2824722831030932,3.3869774104720545
28.921924,23,1058.404333,True,False,False,2.512473331424617,2.1913386766237224
30.557687,23,1058.578942,True,False,False,2.601084281621504,2.382498182585308
41.023538,36,1058.841363,True,False,False,4.424100370253478,4.452216176956949
35.278975,25,1059.025801,True,False,False,3.0946934039284835,3.2766107495524563
43.514625,40,1059.329738,True,False,False,5.012427180334721,5.001771833322015
38.373219,34,1059.583224,True,False,False,4.0973448696089525,4.01489638568495
47.427835,52,1061.976156,True,False,False,6.207640887418923,5.813723785952557
44.671276,44,1062.306882,True,False,False,5.38048644115246,5.177352216731791
48.820899,51,1062.700998,True,False,False,6.161394323686778,6.019325241932517
35.199953,27,1062.90454,True,False,False,3.290744837975711,3.2952667835433105
45.267227,46,1064.152347,True,False,False,5.476605205933509,5.376325855042418
40.509982,41,1064.492244,True,False,False,4.8807175449789195,4.3763284427705225
30.28692,18,1064.631358,True,False,False,2.166755623440886,2.2749211132978715
46.585549,48,1065.003066,True,False,False,5.856408904764844,5.6486195220496205
40.830784,36,1065.295837,True,False,False,4.430419012685736,4.431054001502095
28.933177,21,1065.477427,True,False,False,2.4762447234444873,2.118550630497125
46.349332,44,1065.846853,True,False,False,5.43501578855103,5.44221339021662
32.841257,29,1066.086509,True,False,False,3.5191402544969432,2.921014685532523
48.032347,53,1066.468134,True,False,False,6.299007837854493,5.940012751466104
29.998855,18,1066.591016,True,False,False,2.1245272313848247,2.2964479370032094
34.444027,26,1068.365188,True,False,False,3.038271920731508,3.1167867629971617
34.16787,23,1068.512578,True,False,False,2.858592358089792,3.086744083837278
46.657345,48,1068.82848,True,False,False,5.877028818165615,5.66413604567299
33.140182,25,1068.981151,True,False,False,2.8978618857669423,2.9644387003634303
37.725974,31,1069.158455,True,False,False,3.860224509389571,3.804716400579995
44.068939,42,1069.422063,True,False,False,5.052433249822885,5.0522378895206534
46.019637,48,1069.746506,True,False,False,5.830316570743526,5.466307478931309
30.318934,26,1069.911461,True,False,False,3.020500427742211,2.3856804667468796
43.547592,40,1070.236292,True,False,False,4.983722991627795,5.105354626821052
38.560554,33,1070.495314,True,False,False,4.000508497127925,3.962238973295364
35.87664,29,1070.767562,True,False,False,3.5480752878756574,3.5002160267099143
48.86094,50,1071.140362,True,False,False,6.0408494727926465,5.931528408515964
38.947415,40,1071.408963,True,False,False,4.381880045266528,4.08397192667802
33.889886,32,1071.607112,True,False,False,3.985256252817518,3.0912223381779516
32.139472,23,1073.385075,True,False,False,2.737111589013773,2.65870907256053
33.966375,24,1073.537537,True,False,False,2.991061684419097,3.0162629236534593
44.862742,44,1073.808857,True,False,False,5.325272029167006,5.243454252077163
51.922995,57,1074.204185,True,False,False,6.90267680637136,6.678586695930356
30.512515,19,1074.331442,True,False,False,2.348020937141779,2.317550640769063
35.144063,29,1074.526493,True,False,False,3.4318352992444,3.3205285567835574
32.796268,28,1074.726197,True,False,False,3.127762688386062,2.8281824918857907
49.902901,55,1075.159428,True,False,False,6.779328018652242,6.2939301261042635
39.147257,46,1075.521612,True,False,False,5.10697031654866,4.205927985681074
39.962534,33,1075.778448,True,False,False,4.091957702300669,4.228686755250351
49.318803,52,1076.16682,True,False,False,6.451254055317395,6.110423887924226
34.424426,28,1077.512468,True,False,False,3.2357032838417656,3.1169395691150723
39.779587,37,1077.804762,True,False,False,4.337925076801647,4.365118801227873
38.131052,34,1078.063001,True,False,False,3.9658607092735547,3.936317144544272
41.630535,38,1080.349722,True,False,False,4.568169714725719,4.579367935741223
37.285847,34,1080.614874,True,False,False,3.9648917867259392,3.82422960443404
25.515152,13,1080.713672,True,False,False,1.4770631446398557,1.555827679964846
32.3899,21,1080.872605,True,False,False,2.6092240225783607,2.765347806808691
25.167643,16,1080.993261,True,False,False,1.7357570826127648,1.5563761593665972
28.761366,16,1081.112372,True,False,False,1.901323927025564,1.9974663442489853
43.715623,43,1081.437522,True,False,False,5.2580671736517095,5.007252050475341
47.151802,52,1081.838966,True,False,False,6.130644133503459,5.882740378262538
34.836581,25,1082.031631,True,False,False,3.0653039516000224,3.2111658352660846
32.411761,25,1082.223415,True,False,False,2.8005492578740645,2.7540225220133236
43.847041,46,1082.571281,True,False,False,5.3878168418852495,5.304273618870434
28.498888,17,1082.700296,True,False,False,1.9093331485923188,1.9883061598540832
43.9773,42,1083.019668,True,False,False,5.131761091044205,5.023285271825578
45.485558,42,1083.335992,True,False,False,5.2023066867996866,5.32529655513787
37.107712,33,1083.583628,True,False,False,3.9756470977544613,3.7884065360752297
37.346997,32,1083.829501,True,False,False,3.9090673052041627,3.717871479932975
37.970092,30,1084.053619,True,False,False,3.6844879013463694,3.7561001869966524
31.050796,30,1086.2749,True,False,False,3.342599507650993,2.5680932975256616
31.15225,19,1086.422745,True,False,False,2.3546655813512047,2.4524411508287565
34.062134,24,1086.608149,True,False,False,2.8591731323559855,3.0353076955089593
37.935687,40,1086.92875,True,False,False,4.676571129289232,4.113900320313389
29.493923,16,1087.052127,True,False,False,1.9728279195104679,2.1122691065345345
43.725597,44,1087.405227,True,False,False,5.28259501631674,5.02809490282599
32.574183,23,1087.586319,True,False,False,2.7864191579748763,2.845296435389895
47.465245,46,1087.949896,True,False,False,5.697687959503359,5.761001325770877
48.653019,51,1088.344786,True,False,False,6.282006216191357,5.947419320669785
39.214847,34,1088.584486,True,False,False,4.125701389320836,4.057498064650005
41.666595,38,1088.870221,True,False,False,4.706423926418348,4.54004376625545
30.088903,18,1089.006467,True,False,False,2.151419068316037,2.2805990775692027
44.040961,45,1089.355958,True,False,False,5.649902040788517,5.118356269175225
33.578178,24,1089.542158,True,False,False,2.9716927008737315,3.023742696807798
41.001454,40,1089.847707,True,False,False,4.83435558093475,4.48591179413073
34.99652,26,1090.044212,True,False,False,3.2331577709892443,3.2542938095105245
55.488448,61,1092.550342,True,False,False,7.545212679782713,7.337161470341605
55.015855,72,1094.092805,True,False,False,8.32487135744805,7.4688406433489165
49.754467,55,1094.497407,True,False,False,6.641538649771741,6.224946973441192
26.453747,14,1094.609442,True,False,False,1.703999812128141,1.5871878272580526
42.061089,40,1094.917399,True,False,False,4.791668168325535,4.66078815004615
44.495228,41,1095.231659,True,False,False,5.078758812025366,5.099684525064447
34.144572,27,1095.412451,True,False,False,3.1467302103644577,3.0828168351761365
43.369619,42,1095.746083,True,False,False,5.148233579684378,4.973577151030804
29.505872,20,1095.897517,True,False,False,2.3526693460264165,2.2059336140898633
31.769589,20,1096.037866,True,False,False,2.4766732258972723,2.6528106036046575
45.930759,52,1096.421878,True,False,False,6.157527390846481,5.563929787793079
36.647767,29,1096.636412,True,False,False,3.5322845546848103,3.6217248710639267
47.652363,50,1098.876313,True,False,False,6.027181590949079,5.773573570892975
34.550583,25,1099.09018,True,False,False,3.0457830781386876,3.1178225225547385
35.653503,27,1099.442132,True,False,False,3.293278202900776,3.4085617580227265
48.543258,48,1099.829724,True,False,False,5.946542049628291,5.9727770465149455
40.867677,39,1100.109715,True,False,False,4.60383021877118,4.450004657299673
44.100531,48,1100.483924,True,False,False,5.650218199749718,5.321632208744751
-0.756098,38,1100.77199,False,True,False,4.635685841768907,5.8557173169144825
31.67181,20,1100.929743,True,False,False,2.4819448019647825,2.6902763147802182
36.784049,29,1101.159942,True,False,False,3.5949075515284235,3.5798048771108464
34.621016,29,1101.386906,True,False,False,3.5063728224314556,3.2007544775460985
41.487428,40,1101.691538,True,False,False,4.9987343778825,4.541219664613355
31.132238,19,1101.878859,True,False,False,2.340412530965037,2.5118608480543347
33.764087,26,1102.150851,True,False,False,2.9760968689741527,3.0550941137927947
45.983859,44,1102.474298,True,False,False,5.37719944718441,5.382974697526038
34.026148,27,1102.69236,True,False,False,3.2955471955723548,3.0857298552513113
45.212283,52,1104.892693,True,False,False,6.163586709450494,5.487114223604018
33.279928,23,1105.040674,True,False,False,2.77355784253559,2.9309014013403223
29.119288,17,1105.136944,True,False,False,2.016492092075477,2.1247318404197033
36.435037,28,1105.336101,True,False,False,3.4061028558631796,3.525306430234198
32.818998,29,1105.522074,True,False,False,3.2581809206264234,2.883805844885695
40.477195,39,1105.813032,True,False,False,4.75788340275266,4.369895069994003
34.543979,27,1106.001286,True,False,False,3.1895763598298124,3.1582775589899525
31.965998,28,1106.195972,True,False,False,3.229758233694205,2.735714492035977
36.761144,28,1106.383675,True,False,False,3.4883096372558784,3.5553008223695324
43.10418,46,1106.751884,True,False,False,5.59772832128786,4.855992544145884
39.738634,32,1107.001194,True,False,False,3.9980144481914377,4.108631301935028
42.158818,44,1108.239504,True,False,False,5.167293850381766,4.9554172004961945
41.123939,38,1108.48937,True,False,False,4.486094234275178,4.506153739038543
29.750087,18,1108.60138,True,False,False,2.1456043997604812,2.2587568281591137
43.309722,42,1108.891607,True,False,False,5.221352163560231,4.97193956293647
33.949717,25,1109.038496,True,False,False,2.977145482988461,3.101640846950696
42.650794,38,1109.301394,True,False,False,4.6604097027356675,4.767241697661448
38.232419,30,1111.2652,True,False,False,3.722241457182877,3.870475517731513
33.429418,26,1111.450529,True,False,False,3.070145298614965,2.9409595760822973
28.941455,15,1111.562573,True,False,False,1.8455486988968894,2.038635992658521
42.881753,37,1111.835654,True,False,False,4.6227710941091695,4.72304842424801
28.873635,19,1111.97062,True,False,False,2.242726927547392,2.0124826426051117
29.815201,21,1112.100058,True,False,False,2.4529819810131497,2.208708631137705
33.720926,26,1112.278084,True,False,False,2.9935546013863013,3.0611523603062483
46.588307,50,1112.614746,True,False,False,6.093867697482074,5.823994868016447
39.972998,36,1112.871874,True,False,False,4.396068887439895,4.237454015669305
32.282996,22,1113.023984,True,False,False,2.6839955152109165,2.749894488158568
34.802457,27,1113.214777,True,False,False,3.3108900179841774,3.21377253570649
40.512992,47,1113.550006,True,False,False,5.233637611395244,4.653484027299766
37.377901,33,1113.947447,True,False,False,3.900160166546738,3.7442427476028546
42.188154,40,1114.344458,True,False,False,4.858624358372251,4.744920509297556
26.839361,13,1114.465153,True,False,False,1.4616718123922259,1.637432231326713
28.795234,18,1114.635813,True,False,False,2.0377083509414318,2.111352136285749
43.294281,42,1114.991242,True,False,False,5.11702550719674,4.860107624437644
34.451611,29,1117.256077,True,False,False,3.5143858003895194,3.168313474912682
56.529109,65,1117.705136,True,False,False,8.00795168807055,7.525614390612257
31.796221,26,1117.901811,True,False,False,3.0434484275773266,2.661561655429823
30.921975,22,1118.077949,True,False,False,2.5838625395195653,2.526002794687957
41.09904,40,1118.390574,True,False,False,4.814126855332348,4.530141422888725
31.300416,28,1118.603344,True,False,False,3.3518619688492044,2.6094980540233426
43.349416,49,1118.960238,True,False,False,5.798911388134741,5.004302882042979
39.436182,33,1119.20851,True,False,False,4.073057067044585,4.085066275815586
37.933832,31,1119.432719,True,False,False,3.8394261359514728,3.8711068953216676
47.800859,51,1119.817769,True,False,False,6.2794999624051915,5.866046183349182
31.484581,20,1119.96995,True,False,False,2.418693280877944,2.4795177826748547
39.739731,35,1120.238493,True,False,False,4.285109610435952,4.220579993065176
35.903451,32,1120.479788,True,False,False,3.7869726537595145,3.4986407079051425
47.110767,48,1120.851223,True,False,False,5.832725962852155,5.6629994123834
34.549966,24,1122.999347,True,False,False,2.955871229873353,3.171645380414903
40.081926,45,1123.33833,True,False,False,5.1275495994912825,4.367219889732063
36.487804,28,1124.604498,True,False,False,3.4016400516013583,3.4902831727116936
47.06474,45,1124.941917,True,False,False,5.536299837928393,5.616752394053376
26.883723,13,1125.040103,True,False,False,1.5102088571825032,1.5844723309304651
31.261193,24,1125.218057,True,False,False,2.8775984927917095,2.5830549610448457
27.186247,13,1125.31789,True,False,False,1.5909902576697315,1.656326757954192
41.459441,39,1125.621409,True,False,False,4.7176563866558885,4.547114490411961
48.010127,48,1125.981753,True,False,False,5.921885734664254,5.790147122084053
41.750116,40,1126.287673,True,False,False,4.815082705950653,4.741878332753464
-13.382828,15,1126.399707,False,True,False,1.6490284040459213,5.929057355795365
33.072026,22,1126.574047,True,False,False,2.727856512049157,2.9142997875280012
-18.297459,15,1126.700516,False,True,False,1.1926273060344492,2.0398394234862685
29.737688,17,1126.837979,True,False,False,2.026731133667833,2.217474641246171
41.79427,40,1127.148793,True,False,False,4.816943674822841,4.648822334756199
27.781264,17,1127.273404,True,False,False,1.9736499324354717,1.8578927207209186
37.699597,31,1127.512769,True,False,False,3.794642637755262,3.813713310652553
32.740078,28,1127.746038,True,False,False,3.069998553860556,2.9121144385085325
27.470814,15,1127.863112,True,False,False,1.7187259361628815,1.7773456556034457
39.274807,33,1129.867904,True,False,False,4.099436822995381,4.0964927087979355
36.27713,29,1130.10052,True,False,False,3.513989277378596,3.5557412824298433
41.309257,39,1130.405363,True,False,False,4.756988625949207,4.668294456152828
31.445215,19,1130.5525,True,False,False,2.354665581351204,2.477537131531044
45.469328,42,1130.862232,True,False,False,5.171759154796478,5.275007419800308
41.938658,38,1131.157213,True,False,False,4.644033472089086,4.673643284961396
39.005468,33,1131.408458,True,False,False,4.043261221995154,4.063917205571533
47.889224,47,1131.762258,True,False,False,5.750464480655005,5.821869531063301
33.757763,23,1131.935676,True,False,False,2.8229211022726948,2.9482766021552838
36.989137,29,1132.161744,True,False,False,3.5567527767141547,3.596579058673391
40.617593,34,1132.421025,True,False,False,4.206520979187105,4.406284037856677
-17.582578,6,1132.467898,False,True,False,0.5682613939685616,5.121609793885815
31.087655,19,1132.61414,True,False,False,2.3538245332093686,2.5373684153621805
28.183943,15,1132.716853,True,False,False,1.7649534941697445,1.9080956051864075
31.547592,22,1132.859585,True,False,False,2.6678305240323743,2.6334841813848002
42.591471,40,1133.150675,True,False,False,4.885359441863315,4.880386197199127
47.932468,51,1133.540601,True,False,False,6.2515014457965945,5.896039339301522
38.436798,31,1135.629886,True,False,False,3.7672352839874774,3.9029040092411065
34.742464,31,1135.868484,True,False,False,3.5399378549168867,3.259945615118109
28.631357,17,1135.989645,True,False,False,1.9633799289423735,2.0377117100512607
29.753585,17,1136.123766,True,False,False,2.040693237820543,2.1544455534804086
31.481995,22,1136.291766,True,False,False,2.6232998800303515,2.565068209942018
38.803613,37,1136.577313,True,False,False,4.56099601414618,4.067835039500502
37.840525,30,1136.821623,True,False,False,3.6392503342174165,3.828261170555818
26.556313,14,1136.931638,True,False,False,1.5069697489425609,1.5582074312093754
44.536795,52,1137.354342,True,False,False,6.346248813252179,5.241376845260038
43.627143,41,1138.730618,True,False,False,5.079774570780966,5.157790064140058
34.799629,25,1138.919313,True,False,False,3.058927002729174,3.1799053035646896
46.192832,46,1139.27669,True,False,False,5.757151368707395,5.500908463117584
33.773486,25,1139.461887,True,False,False,3.039757669630619,3.0686141432726486
32.786383,23,1139.638798,True,False,False,2.839244624125645,2.795571753882684
45.564383,46,1139.986961,True,False,False,5.622165719623614,5.371383851527056
41.870781,38,1140.280687,True,False,False,4.696892871251092,4.689236316453263
27.852736,18,1140.418059,True,False,False,2.0921594782276896,1.8233034075255503
31.395424,22,1142.610571,True,False,False,2.480617531515316,2.6238974317662
35.500974,29,1142.835693,True,False,False,3.4678797211496963,3.4025078520559657
33.137853,33,1143.091977,True,False,False,3.6298963676249922,3.0283729984532055
32.483743,23,1143.277663,True,False,False,2.8530264848814935,2.6986404460010913
39.022075,32,1143.527166,True,False,False,3.9498815470242237,4.012521260536796
42.906841,40,1143.843336,True,False,False,4.769477584250199,4.880077564694053
31.678991,22,1144.001177,True,False,False,2.6659610735866526,2.6062768457790333
37.56905,29,1144.209503,True,False,False,3.615887168215579,3.77878336678083
48.940165,51,1144.596973,True,False,False,6.351272282606018,6.000878281883603
48.022238,49,1144.954629,True,False,False,5.989709173069978,5.972285670446676
49.721389,51,1145.306784,True,False,False,6.245857782006066,6.256302496211765
34.330041,28,1145.526814,True,False,False,3.3708874735249,3.1082398776308593
42.463911,39,1145.829642,True,False,False,4.736806577491937,4.784009036256533
36.026428,28,1146.040323,True,False,False,3.367819656370154,3.4968473446298214
51.415577,59,1148.507333,True,False,False,7.02839242134134,6.614149111145147
-16.308562,7,1148.560817,False,True,False,0.810709262421486,5.0737905828204655
39.726623,40,1148.874341,True,False,False,4.751868574660867,4.228684334606311
30.748792,18,1149.015373,True,False,False,2.227386360737626,2.345212695840017
28.309964,14,1149.131853,True,False,False,1.7182694782833108,1.8686068101898239
38.900346,31,1149.375183,True,False,False,3.867207802555396,3.986521012318942
29.997642,18,1149.516205,True,False,False,2.161739974398183,2.2437254711724828
33.032648,23,1149.694175,True,False,False,2.8043685615020166,2.8660310979575314
28.334138,16,1149.809891,True,False,False,1.9477808709354145,1.9104755229986108
44.17306,41,1150.113132,True,False,False,5.1391680345830535,5.062498250121765
48.83401,52,1150.510185,True,False,False,6.421605382144462,6.056238319469672
50.557181,62,1150.986615,True,False,False,7.381575776724301,6.45938623905548
26.957391,13,1151.091889,True,False,False,1.5179399128537485,1.648246573630744
28.520235,17,1151.215521,True,False,False,1.9314619431809312,1.958764463069674
28.84259,16,1151.340036,True,False,False,1.962207159840628,2.0475134746504997
36.348371,31,1151.574055,True,False,False,3.8371924253616783,3.5615828585797376
50.462595,56,1151.985198,True,False,False,6.783195618531217,6.4437399115984135
45.771889,55,1155.170622,True,False,False,6.7433872794476,5.628311398984289
27.958818,15,1155.289985,True,False,False,1.786134796593386,1.8694806203542211
49.52737,49,1155.680239,True,False,False,6.1065064604656225,6.0966730599630505
33.274914,23,1155.860243,True,False,False,2.795626132728392,2.974919345037733
33.076806,25,1156.047899,True,False,False,3.0730696229367633,2.889615061930917
35.251389,26,1156.245688,True,False,False,3.1397938050358447,3.249284801935226
33.256005,28,1156.457363,True,False,False,3.499703613359233,3.0651581457979624
42.804227,40,1156.777867,True,False,False,4.967820976565097,4.864455015373471
42.32728,37,1157.057799,True,False,False,4.642893772681227,4.63830477064275
30.328367,32,1157.300312,True,False,False,3.562128048509141,2.5148795120185437
32.219576,22,1157.467853,True,False,False,2.73650324319194,2.7168601501256058
35.610665,26,1157.669847,True,False,False,3.2456201256462545,3.387665280573347
34.506155,26,1157.866761,True,False,False,3.164041944942645,3.0843517890823726
31.913118,24,1158.047425,True,False,False,2.8675907398789597,2.6451589766608916
27.638021,14,1158.155617,True,False,False,1.6564410034454804,1.7236509205476687
26.666733,15,1158.273963,True,False,False,1.5273063456047171,1.5666580828193033
45.322349,44,1158.606318,True,False,False,5.462197831206785,5.315069323605796
39.741388,33,1158.854604,True,False,False,4.019765110827123,4.141773794744678
43.506665,54,1161.247902,True,False,False,6.013973402512649,5.137342100476534
31.982961,22,1161.412947,True,False,False,2.736503243191939,2.578301871651059
52.554152,61,1161.873039,True,False,False,7.540419360384294,6.754309022039841
33.397384,25,1162.058487,True,False,False,3.0995541198209815,2.9764970012931293
40.591077,36,1162.332619,True,False,False,4.411848140164211,4.383757446837359
27.623178,14,1162.440551,True,False,False,1.6616703460494786,1.8294043162042077
37.662657,32,1162.686825,True,False,False,3.8621500183160697,3.8022891140448927
30.675577,23,1162.858479,True,False,False,2.7371561007522667,2.519248369390596
43.502099,40,1163.160246,True,False,False,4.949021586038107,4.9408428328137
42.449738,45,1163.514167,True,False,False,5.37527787349864,5.015162591288781
-15.118789,12,1163.61424,False,True,False,1.1661691601349335,3.9621544404001012
45.735204,46,1163.972343,True,False,False,5.608673508657714,5.357718363938513
36.422406,32,1164.229287,True,False,False,3.7560888761871962,3.5987997130329576
43.137986,49,1164.612413,True,False,False,5.937999276897542,4.96209183999624
38.413127,32,1164.857808,True,False,False,3.769054610774677,3.9435856318627054
40.647939,44,1167.218596,True,False,False,5.256409647379795,4.4323067195842025
47.297795,47,1167.574786,True,False,False,5.809072230004991,5.724452408673957
35.440182,25,1167.764159,True,False,False,3.1183409050326767,3.279592201102206
44.047251,40,1168.061687,True,False,False,5.001496296416531,5.010820765464057
40.453619,36,1168.334583,True,False,False,4.458998429478533,4.295611691784183
42.287981,37,1169.528824,True,False,False,4.634305754346036,4.681359891004251
26.157891,13,1169.628402,True,False,False,1.5441189698676399,1.504559774522836
27.569241,13,1169.727783,True,False,False,1.5909902576697323,1.756023421476657
36.510541,32,1169.972358,True,False,False,3.859596613026106,3.7277627101283173
31.032028,29,1170.189795,True,False,False,3.4393764436023444,2.584499435567352
43.362595,40,1170.497566,True,False,False,4.92922271682407,5.017263204902865
41.726307,38,1170.789144,True,False,False,4.6939225564196745,4.660391768362745
27.631139,13,1170.885836,True,False,False,1.570965343067068,1.8191136729253898
46.003266,44,1171.21789,True,False,False,5.304898740541809,5.393512436517025
34.782327,24,1171.397578,True,False,False,2.991061684419097,3.1572708062907844
31.454215,22,1171.57049,True,False,False,2.5967154231162484,2.5478674935850303
42.537967,47,1173.943453,True,False,False,5.473460641042468,4.976249606070416
38.262565,30,1174.180953,True,False,False,3.742993814525323,3.8809288915619224
-19.574578,4,1174.211721,False,True,False,0.32503374835667803,5.345284708977584
50.141136,50,1174.607753,True,False,False,6.220121065185468,6.263275799883526
31.786891,21,1174.774427,True,False,False,2.605838307125478,2.588550187545465
37.045941,30,1175.003854,True,False,False,3.6686248911258783,3.7470980733331625
32.412916,22,1175.173161,True,False,False,2.6178941141678997,2.712276204989965
32.78927,30,1175.390104,True,False,False,3.437586934768389,2.8769845167221755
44.402205,45,1175.722775,True,False,False,5.356253788389489,5.168739185140221
41.047784,38,1176.01079,True,False,False,4.595983141475348,4.486664997431526
27.67005,17,1176.134126,True,False,False,1.9849501740238942,1.8251376234307668
26.421042,12,1176.226871,True,False,False,1.3787620784852488,1.5745419974430321
29.633394,17,1176.356222,True,False,False,2.1001071401240465,2.222621078717064
37.887741,33,1176.606242,True,False,False,4.1365746699413055,3.903818977116576
44.800597,47,1176.964469,True,False,False,5.751872309534225,5.304446752618556
39.066147,33,1177.219772,True,False,False,4.028011364458605,4.084185500120517
47.178115,47,1177.577412,True,False,False,5.815116811241851,5.675780471221002
54.857269,58,1179.840875,True,False,False,7.280911557453954,7.2033017819915015
33.914793,25,1180.027215,True,False,False,2.979500992172906,3.08051843931487
40.338525,35,1180.297597,True,False,False,4.321893471082068,4.351851039905908
40.832942,38,1180.601329,True,False,False,4.623618880201522,4.601359730943727
31.499825,22,1180.769684,True,False,False,2.6327455573376453,2.565265240574386
30.968801,19,1180.918804,True,False,False,2.2779629546451265,2.410237927686391
49.222145,53,1181.316219,True,False,False,6.43955131035515,6.3429171283520915
48.301486,49,1181.683557,True,False,False,6.015363874658712,5.855512661861001
34.786238,36,1181.959275,True,False,False,4.3545608236682485,3.3999193382871495
27.44011,14,1182.070485,True,False,False,1.6605972160429712,1.7299036166969533
32.995927,23,1182.2455,True,False,False,2.8195858063996617,2.8441077666106844
44.055205,46,1182.596652,True,False,False,5.600468852131201,5.221838866780252
48.816048,51,1183.906002,True,False,False,6.339793797045067,6.257987083561472
27.980603,17,1184.031865,True,False,False,1.9271653358941794,1.9864663296778444
33.288532,23,1184.209284,True,False,False,2.817498785808537,2.943127983169085
33.188194,25,1186.38952,True,False,False,2.9783246442478366,2.8600275281773055
45.944565,46,1186.75507,True,False,False,5.605853767051161,5.426637538840351
49.757196,50,1187.13683,True,False,False,6.130908389711581,6.150330046319993
35.037074,30,1187.362829,True,False,False,3.444106166750179,3.268825927161282
33.436056,28,1187.575702,True,False,False,3.344937819466595,2.9282007017536116
28.350302,16,1187.697147,True,False,False,1.8839527181990425,1.9633191736007696
37.720036,31,1187.930802,True,False,False,3.7423981817370424,3.712059057068992
39.38461,33,1188.189667,True,False,False,4.05006836627333,4.13283303561432
43.753216,46,1188.543115,True,False,False,5.5799928789876345,5.108010333824645
30.476559,20,1188.703188,True,False,False,2.382770617210157,2.3158755741688752
42.014756,37,1188.989669,True,False,False,4.517440104169239,4.569432377556411
39.497666,33,1189.24672,True,False,False,4.030408080701405,4.13682639624569
51.255258,57,1189.683264,True,False,False,6.975249997957173,6.628998104993447
31.329972,24,1189.867525,True,False,False,2.8415461205294594,2.541743725570715
30.776023,20,1190.02209,True,False,False,2.4103157897870777,2.3495132129144385
35.658379,29,1192.202749,True,False,False,3.491326339653108,3.335371521250456
35.983821,32,1192.450044,True,False,False,3.695557640128097,3.4863961817261013
30.52697,27,1192.660532,True,False,False,3.1563956941716125,2.435689898989186
47.597252,48,1193.035392,True,False,False,5.836305365759331,5.907779194427706
44.349162,44,1193.379531,True,False,False,5.348344703279075,5.220860464227958
48.763526,46,1193.740732,True,False,False,5.769994213270077,5.959554630657963
38.371033,31,1193.979083,True,False,False,3.8064159666636828,3.9755561184439587
27.934013,16,1194.106635,True,False,False,1.913414017206965,1.8274048344641427
37.130953,38,1194.396278,True,False,False,4.420643819337195,3.953238898575824
42.71969,57,1194.831999,True,False,False,6.380030853788007,4.992254712684172
40.912854,38,1195.120063,True,False,False,4.710139028574343,4.524137618509916
45.25815,44,1195.449653,True,False,False,5.43619873156264,5.296188880395608
46.004768,43,1195.769154,True,False,False,5.290436640615184,5.474372419221462
27.862537,18,1195.896601,True,False,False,2.0894013747456794,1.8260445223666395
45.587241,45,1198.163042,True,False,False,5.53028231633153,5.3717106880440095
43.939126,40,1198.472049,True,False,False,4.96630034397203,5.022086887439926
46.391188,49,1198.848554,True,False,False,6.054239719338338,5.66556808556625
26.918891,15,1198.965392,True,False,False,1.834506809630415,1.675691607100001
28.980731,17,1199.10617,True,False,False,1.9971557964334932,2.0898386299039657
48.862726,50,1200.510138,True,False,False,6.087322754735614,6.010090774064969
44.827812,42,1200.838777,True,False,False,5.187923704404742,5.200354847045896
27.359827,14,1200.949216,True,False,False,1.64791628824928,1.7074143903224834
26.250307,12,1201.046331,True,False,False,1.3961687496760564,1.5414365127843526
34.377928,33,1201.299468,True,False,False,3.872449033069684,3.218593221670253
26.579006,12,1201.393045,True,False,False,1.4309911150842622,1.6062248645542425
41.035104,37,1201.70445,True,False,False,4.504876575455037,4.473663305540821
43.162288,41,1202.028788,True,False,False,5.007561309979514,4.8892273230095515
48.348964,49,1202.406009,True,False,False,6.016834267901331,5.873360927705218
37.902966,35,1202.692609,True,False,False,4.118192080710989,3.9083405805553735
30.759427,22,1202.867309,True,False,False,2.502418350162967,2.406227298860822
41.51432,36,1204.991069,True,False,False,4.427602906343385,4.559278412846563
31.32785,22,1205.136046,True,False,False,2.5872166554520737,2.5778331113142583
32.33984,22,1205.304817,True,False,False,2.6319992287788434,2.748546063854209
27.944163,16,1205.430719,True,False,False,1.8272016112837057,1.9208836086446162
30.649526,21,1205.597012,True,False,False,2.3667801360253677,2.5198404504436605
29.909513,17,1205.734804,True,False,False,2.093344018279851,2.2859850191148294
31.937811,20,1205.891122,True,False,False,2.423359455650982,2.672646804873085
47.803591,47,1206.252013,True,False,False,5.819488878360688,5.807848080689614
38.70363,51,1206.646235,True,False,False,5.321451829321763,4.591324177779621
37.333917,39,1206.960551,True,False,False,4.824367147920356,3.859627313991489
46.360124,43,1207.289827,True,False,False,5.4059854667071345,5.513974035308094
41.901728,38,1207.592012,True,False,False,4.675566615631951,4.648996434503973
47.665707,54,1208.048014,True,False,False,6.366182435844097,5.80070508899438
51.767633,56,1208.490065,True,False,False,6.957899088060745,6.567644540460356
42.10538,38,1208.782598,True,False,False,4.690897626124076,4.664222568359399
38.130736,34,1211.054451,True,False,False,4.125101381185665,3.901207073610421
51.850731,58,1211.517799,True,False,False,6.934714884374249,6.760600429012644
41.733231,38,1211.816566,True,False,False,4.611335826224614,4.608361546291043
36.323477,31,1212.057836,True,False,False,3.745869532314033,3.5184427426575273
47.666117,52,1212.461456,True,False,False,6.3144160468330925,5.861420787016295
42.803981,40,1212.77609,True,False,False,4.955705462543731,4.877057384427597
39.967275,35,1213.042694,True,False,False,4.2673243948196875,4.188716427275307
27.636645,22,1213.213677,True,False,False,2.4806198414619716,2.1665565165166636
44.991716,47,1213.573536,True,False,False,5.753007572627899,5.421190400495998
33.293729,28,1213.786262,True,False,False,3.350072506768922,3.1437602652569496
33.652863,25,1214.949062,True,False,False,3.090790098958441,2.9798445719056885
34.774518,29,1215.169223,True,False,False,3.62745778748699,3.316287801419627
46.38115,50,1215.553012,True,False,False,5.96748250310685,5.5933175720203625
44.574393,46,1217.781305,True,False,False,5.6553127944495465,5.196555381728359
41.470595,35,1218.042188,True,False,False,4.359696996900021,4.508577187562744
30.86071,23,1218.213412,True,False,False,2.6411752923743226,2.499862544769717
38.754404,38,1218.496119,True,False,False,4.656239060202781,4.190285965410993
43.513804,44,1218.839882,True,False,False,5.328501575734629,5.0171846597609395
44.393757,47,1219.207044,True,False,False,5.687151541134465,5.31934029099805
44.033562,42,1219.530627,True,False,False,5.1849458005602544,5.026832942576599
37.393336,32,1219.762304,True,False,False,3.9424968063352206,3.733301229312156
46.620764,45,1220.101486,True,False,False,5.570105998277209,5.550621320832721
45.241337,43,1220.433156,True,False,False,5.2293713375406075,5.244357109235949
29.690098,16,1220.555866,True,False,False,1.9728279195104679,2.1949573525693538
34.198353,26,1220.753176,True,False,False,3.170105330877917,3.1319900833004524
45.037321,42,1221.066028,True,False,False,5.205658998422042,5.205419056674121
-7.659312,27,1221.265147,False,True,False,3.0156555748668707,4.5001836596835
50.845882,52,1223.532488,True,False,False,6.3738077131513435,6.456932486781744
32.62389,23,1223.703173,True,False,False,2.7955026683511743,2.791521284004645
34.836799,30,1223.931144,True,False,False,3.609774209282648,3.3400550569539464
34.176144,26,1224.136103,True,False,False,3.174015065321273,3.31700663304018
35.259584,28,1224.358488,True,False,False,3.4275185164122157,3.2877462839776768
37.076411,28,1224.582029,True,False,False,3.5001785668734122,3.65769528071016
35.978402,29,1224.818882,True,False,False,3.508313170138668,3.5206404577560186
35.611057,27,1225.041642,True,False,False,3.308481562699745,3.3438010017453563
43.02564,43,1225.37555,True,False,False,5.165092907739361,4.99287063457568
34.007774,24,1225.560779,True,False,False,2.9135471132151745,3.084042022263796
37.068979,33,1225.819338,True,False,False,3.7767598315966904,3.720055325544328
46.088849,46,1226.181159,True,False,False,5.6995353354470515,5.516777151547132
52.315426,56,1226.616689,True,False,False,6.923257651851599,6.724723453089412
35.700005,33,1226.891447,True,False,False,3.8802257336428356,3.4773922201081056
35.298141,30,1227.136263,True,False,False,3.7186210686556627,3.3719250371217084
37.085517,29,1227.368299,True,False,False,3.563267418541153,3.6372889011204927
44.768157,46,1229.691218,True,False,False,5.527833649911684,5.152546634326915
35.965247,33,1229.956773,True,False,False,3.8698652707108763,3.5549514182147948
30.902205,20,1230.115333,True,False,False,2.3490929324701275,2.400299560779794
39.645866,42,1231.015237,True,False,False,4.644742568333696,4.274909199336532
43.755157,44,1231.26648,True,False,False,5.363867566139835,5.012144514720952
48.416585,49,1231.571576,True,False,False,6.1038833776588195,5.890601379903007
26.881821,15,1231.682878,True,False,False,1.5709463701918331,1.6854607420111671
49.484914,53,1232.117008,True,False,False,6.4548757119230045,6.253173901645887
38.39043,32,1232.370473,True,False,False,4.009295449327726,3.909663977808016
47.340672,46,1232.732498,True,False,False,5.7243095222278875,5.723724196593058
-2.59949,48,1233.096456,False,True,False,5.103508042096847,5.2235887789693445
38.750882,31,1233.336802,True,False,False,3.8820162287141486,3.97422563855936
38.018578,32,1233.601201,True,False,False,3.9498815470242232,3.81762467438526
26.416762,12,1233.698059,True,False,False,1.3822124502891648,1.5503032094006708
44.203992,64,1235.987712,True,False,False,6.952046851169618,5.608463877631103
47.514017,46,1236.319001,True,False,False,5.712016542609367,5.7029005466641065
44.020299,43,1236.623033,True,False,False,5.201766696783589,5.043943698972037
54.510497,61,1237.039472,True,False,False,7.462470354953831,7.279715154576256
40.437484,40,1237.315262,True,False,False,4.744219560218541,4.546695412678434
28.1876,14,1237.410084,True,False,False,1.6967567526537373,1.8056270590263972
40.488768,39,1237.683382,True,False,False,4.515812925326715,4.3314621137632106
48.375839,51,1238.048544,True,False,False,6.197914723496544,5.92868518833936
28.841887,16,1238.166008,True,False,False,1.9328916091865955,2.0481573751242625
27.617395,15,1238.2874,True,False,False,1.6457646493062719,1.7481590766882762
35.784324,30,1238.53482,True,False,False,3.6214310653715747,3.458453812802172
38.767985,33,1238.778199,True,False,False,4.047283117926985,3.999639108752692
38.42372,37,1239.049053,True,False,False,4.4184027387662566,4.0379727101940155
-13.383873,16,1239.177779,False,True,False,1.8916872965946965,3.856391832463622
41.548509,39,1241.373165,True,False,False,4.89888867885844,4.616461237152789
35.917338,27,1241.615846,True,False,False,3.313444706278475,3.3787384065080635
34.44157,25,1241.84483,True,False,False,3.0589270027291726,3.080901546407047
39.150961,35,1242.136315,True,False,False,4.200107327983655,4.094585473908332
41.816358,37,1242.440282,True,False,False,4.586277650092115,4.57353182641856
36.492257,27,1242.641371,True,False,False,3.3728993462598313,3.556416116510029
35.517814,26,1242.823708,True,False,False,3.182999735739634,3.3415980990220313
43.407059,39,1243.100518,True,False,False,4.8336821523117655,4.8390286544828935
44.655577,41,1243.395684,True,False,False,5.086271876383681,5.199498753077967
37.815741,38,1243.682647,True,False,False,4.54609876261449,4.090331583637451
42.033685,46,1244.943931,True,False,False,5.407924216764329,4.722387399130053
32.740193,26,1245.138041,True,False,False,3.0463655344010148,2.922856402140231
41.158277,35,1245.381301,True,False,False,4.367933874267535,4.469008902926401
48.632457,46,1245.686173,True,False,False,5.750725094348795,5.939357811553493
30.132352,30,1245.895228,True,False,False,3.3941453571124685,2.436880866039862
26.691768,15,1246.007184,True,False,False,1.5441770049222532,1.671809102547626
36.868784,31,1248.221251,True,False,False,3.6858756377610864,3.6319967275026888
27.490364,27,1248.427251,True,False,False,2.749669119391236,1.935300619005572
39.696351,32,1248.671261,True,False,False,4.006497101288107,4.13448441686103
41.482748,36,1248.944487,True,False,False,4.437862338890372,4.531562884384713
42.362373,41,1249.256107,True,False,False,4.89532758843389,4.6567571659160905
35.638126,30,1249.482482,True,False,False,3.590770401451344,3.4312710837673044
45.67079,43,1249.795134,True,False,False,5.33871449947761,5.389550576710889
37.386593,42,1250.115761,True,False,False,4.771450886151046,4.0733989868139755
34.040091,23,1250.302802,True,False,False,2.863782463805518,3.0316712441812834
40.97523,37,1250.583338,True,False,False,4.382636247782919,4.466989760426954
35.397893,27,1250.795545,True,False,False,3.309596899590519,3.36303564866204
26.539207,13,1250.893353,True,False,False,1.3962492551499166,1.5808359316274672
41.928019,37,1251.169879,True,False,False,4.607252177636966,4.681170511825055
44.520238,42,1251.488276,True,False,False,5.097273020393722,5.185736585630865
35.10278,25,1251.676619,True,False,False,3.1177416556226167,3.27788885412563
42.701089,40,1251.97261,True,False,False,4.929367722863062,4.792565649631091
36.033957,31,1254.184047,True,False,False,3.768862910172657,3.6084780629871442
33.849074,24,1254.396431,True,False,False,2.9207005180215044,3.055156756949916
48.018713,47,1254.798992,True,False,False,5.8590698562278964,5.866272724145966
40.76537,40,1255.082522,True,False,False,4.894064897038654,4.416262877962105
46.474446,50,1255.441243,True,False,False,6.123638209565546,5.520548675665683
38.183791,30,1255.650571,True,False,False,3.7530586036130256,3.8279472454794092
26.738234,13,1255.7459,True,False,False,1.4763157971678473,1.5875649439931139
28.454073,18,1255.881586,True,False,False,2.0537651712241147,1.9736577587329196
40.817765,35,1256.151032,True,False,False,4.361277687848009,4.388562954741371
35.635002,34,1256.419454,True,False,False,4.066459187061812,3.5855709616705327
32.140639,25,1256.616179,True,False,False,2.9030317679222786,2.688326189365203
43.698139,40,1256.933177,True,False,False,4.910573073040407,5.000576165740574
42.937525,41,1257.258404,True,False,False,5.1091566263088515,4.90451667528097
37.652255,36,1257.532858,True,False,False,4.286768214737924,3.865546280550139
31.659224,23,1257.709199,True,False,False,2.7528420636826003,2.7556991640333317
45.867698,45,1260.100882,True,False,False,5.525085138938115,5.459130895305067
32.395413,22,1260.281825,True,False,False,2.6492571707715453,2.72902915679738
54.999452,68,1261.845994,True,False,False,8.131550264689759,7.692063408912251
44.562981,44,1262.147848,True,False,False,5.442486203968432,5.198272580127411
32.585975,25,1262.327071,True,False,False,2.8910105522942398,2.8026809362683553
28.86618,17,1262.448215,True,False,False,1.8757688385468287,2.033148698259922
39.007667,35,1262.703745,True,False,False,4.364339718854516,4.332869406516533
47.793345,46,1263.074734,True,False,False,5.695061120929617,5.849707736063757
42.600444,40,1263.447977,True,False,False,4.916130296171298,4.775357546557533
27.85211,13,1263.592407,True,False,False,1.5909902576697328,1.8005077175256416
38.194319,33,1263.889243,True,False,False,3.992905509173936,3.9277018185714363
40.671203,38,1264.2476,True,False,False,4.61977212283083,4.376904632648129
30.191559,19,1264.415599,True,False,False,2.2584732864805157,2.308157602352532
47.950899,51,1264.895042,True,False,False,6.368186738682205,5.837063619146064
31.448453,19,1265.088579,True,False,False,2.3546655813512025,2.5101038165749556
35.911492,29,1267.427063,True,False,False,3.542191285067829,3.4394794909298283
30.489012,20,1267.578842,True,False,False,2.386795317297812,2.3164224061970886
53.336694,62,1268.055199,True,False,False,7.496430715882736,7.0082073822839765
33.31014,24,1268.252826,True,False,False,2.9138538495844752,2.87185734708037
39.131025,34,1268.514828,True,False,False,4.192904475491969,4.069153312790344
31.878344,24,1268.71067,True,False,False,2.893361419504803,2.628277052977268
39.59048,39,1269.003369,True,False,False,4.735472432473984,4.206429127154053
42.596171,38,1269.285289,True,False,False,4.706591542471776,4.7443911562794145
40.906089,35,1269.54143,True,False,False,4.39113311116846,4.4224797991710005
41.344905,41,1269.824874,True,False,False,4.855095539009666,4.606242674627107
35.97673,28,1270.018824,True,False,False,3.4886109954942612,3.4164641982415125
47.345595,50,1270.390264,True,False,False,6.106478250336688,5.708529359795286
45.730278,47,1270.747567,True,False,False,5.833484019307632,5.422589188326731
35.457619,33,1271.053681,True,False,False,3.917338415941659,3.4218679620370445
38.819999,33,1271.332789,True,False,False,4.045267357337176,4.002127603573443
36.541349,36,1273.453084,True,False,False,4.071915469399098,3.6232808570390005
48.678269,54,1273.876353,True,False,False,6.436007973106229,5.932649561538655
38.12928,36,1274.156948,True,False,False,4.375557366793033,3.8886421445257686
37.70931,32,1274.399791,True,False,False,3.8718847620278942,3.8788332465052338
28.273724,16,1274.535915,True,False,False,1.8721941373990836,1.940604322001178
30.622928,20,1274.709179,True,False,False,2.4091274058462044,2.4195959195254106
51.935708,60,1275.195109,True,False,False,7.379555289296776,6.672705816377403
33.374689,27,1276.395302,True,False,False,3.367136148847629,2.884611108160877
31.321972,30,1276.664168,True,False,False,3.354927457608668,2.631559981657762
37.349866,32,1276.961727,True,False,False,3.7131741940688525,3.7561931802341966
45.527465,43,1277.298787,True,False,False,5.35634961330144,5.309215833043992
30.453521,20,1277.454225,True,False,False,2.3559505992750527,2.3952585932973047
27.405915,14,1277.556281,True,False,False,1.646187471408534,1.787795205744182
44.339953,39,1277.835027,True,False,False,4.891065899352836,5.043889514491996
34.022642,27,1278.019714,True,False,False,3.3134854439563295,3.0657104462837674
27.825364,30,1280.100092,True,False,False,3.3665732410123788,2.0413342899521227
40.174069,35,1280.330851,True,False,False,4.3122232654106885,4.267748042884133
44.871047,43,1280.62903,True,False,False,5.355248429158995,5.155621373048269
37.414887,36,1280.894986,True,False,False,4.277228063750245,3.7367786818373494
33.326062,27,1281.106178,True,False,False,3.2310974134318613,3.149706947893244
39.00488,38,1281.348828,True,False,False,4.603764889816092,4.267567596156983
31.990587,21,1281.489293,True,False,False,2.5498101202748584,2.67382015857739
32.44549,28,1281.700548,True,False,False,3.1034570865719964,2.805405480882517
40.195702,36,1281.979726,True,False,False,4.350415316762199,4.312312916888988
44.107528,42,1282.310172,True,False,False,5.1254522421162,5.091143035334596
37.689767,39,1282.648027,True,False,False,4.702827713727937,3.853579638430558
47.882448,49,1282.978667,True,False,False,5.9737233890690264,5.804996076346071
31.045268,25,1283.165711,True,False,False,2.9011374797557097,2.469938078620667
46.597494,47,1283.553993,True,False,False,5.753758404873594,5.5696225114206115
37.408532,31,1283.831837,True,False,False,3.759911708096619,3.7602105744174503
28.193763,19,1285.881862,True,False,False,2.215519104357734,1.9467135906081912
51.120385,55,1286.313236,True,False,False,6.768788860132893,6.426447892140121
47.553016,45,1286.683618,True,False,False,5.6224134878502685,5.772040419795992
30.297146,19,1286.841862,True,False,False,2.2952516790477016,2.2932462028024774
30.988367,21,1287.014557,True,False,False,2.549810120274858,2.484950782161556
36.922031,29,1287.225282,True,False,False,3.498015434913961,3.611445053936585
34.630845,28,1287.461672,True,False,False,3.351899068207554,3.283939583890998
41.680387,39,1287.778721,True,False,False,4.533641027228566,4.6175294858929234
38.101638,31,1287.996835,True,False,False,3.853528615352064,3.8423699574594194
40.224444,35,1288.262064,True,False,False,4.382164876490911,4.295119448437326
29.927092,19,1288.399071,True,False,False,2.286561982263045,2.2986622021112373
49.261934,51,1288.786798,True,False,False,6.34408915195314,6.065736971233517
49.783825,50,1289.193613,True,False,False,6.2392093018859205,6.191642973455611
29.504311,17,1289.326099,True,False,False,1.9673765405855876,2.1903991710327286
28.197355,18,1289.463383,True,False,False,2.046648851935393,1.8785892939027875
39.433951,34,1290.777887,True,False,False,4.232855578849362,4.179952529999963
41.882172,43,1292.977279,True,False,False,5.195046976408136,4.785720536850698
30.140464,18,1293.114314,True,False,False,2.1679724584341225,2.2763263569442587
42.080942,42,1293.432343,True,False,False,5.043749267111755,4.899689490066354
29.21353,18,1293.569662,True,False,False,2.1404193077363285,2.0968737106333553
29.861179,20,1293.720705,True,False,False,2.3408490048808672,2.1984607207500617
48.747767,56,1294.134325,True,False,False,6.750865075642174,5.996849829442099
32.598604,26,1294.331798,True,False,False,3.0294638268520178,2.7851768191758888
38.926583,33,1294.594734,True,False,False,4.10670243021139,4.068887493919959
41.022153,36,1294.862645,True,False,False,4.47719245197416,4.408632674169784
37.366279,32,1295.101767,True,False,False,3.949881547024223,3.7217450797506118
48.944307,51,1295.462165,True,False,False,6.270060704691298,6.042549164550705
31.684334,19,1295.604829,True,False,False,2.346659951229161,2.6158440344577296
31.58232,21,1295.759101,True,False,False,2.5131544657106675,2.613659059041065
48.601392,48,1296.123822,True,False,False,5.911182330187436,5.9895155299937946
35.731564,28,1296.342123,True,False,False,3.440140461159013,3.3934412885638356
33.332576,25,1296.535704,True,False,False,2.917934077540771,2.902030134796664
27.449364,15,1298.447904,True,False,False,1.7796695136210814,1.791779958352172
33.05925,31,1298.718975,True,False,False,3.5265120413770927,2.9485070331432275
28.877943,15,1298.845745,True,False,False,1.82894008400466,2.0108443215805196
30.46846,20,1299.013868,True,False,False,2.4077511026345144,2.331121299440042
48.950729,48,1299.397852,True,False,False,5.971412069136348,5.963146824429264
35.252167,26,1299.60458,True,False,False,3.1589279461708957,3.304804065821843
35.497315,26,1299.810525,True,False,False,3.176755484064278,3.3137284634994097
27.054903,13,1299.911259,True,False,False,1.5315763553662287,1.6035603489442938
38.66481,35,1300.178002,True,False,False,4.20066012787264,3.9926838402077753
26.541174,12,1300.268882,True,False,False,1.4042971347526514,1.5580142327566826
35.370976,27,1300.472237,True,False,False,3.2615655470114855,3.272485878255138
42.954901,43,1300.805259,True,False,False,5.221899839561142,4.828322702071864
45.743718,48,1301.17154,True,False,False,6.02350321964264,5.470098790666033
31.100543,20,1301.322607,True,False,False,2.3938832984073124,2.4314247858497056
32.100222,22,1301.488048,True,False,False,2.587631127359712,2.6964743921708405
32.445249,24,1301.676367,True,False,False,2.8358028696482602,2.7912152377577253
46.328,55,1302.09973,True,False,False,6.655213705830727,5.59724003976877
46.772127,50,1304.337948,True,False,False,6.039129761915982,5.749259856228397
29.484835,16,1304.453842,True,False,False,1.972827919510469,2.1150668817643496
37.77079,36,1304.733748,True,False,False,4.234830625768891,4.006518369503923
28.087224,18,1304.870631,True,False,False,2.009942730400304,2.088575294322825
36.730466,29,1305.083569,True,False,False,3.5227597536823323,3.6471874983589228
29.175622,16,1305.203867,True,False,False,1.9164197632919113,2.0351726642037824
47.535165,51,1305.598772,True,False,False,6.246561097871634,5.826828520136382
31.802208,22,1305.771753,True,False,False,2.6152111399611817,2.569726170279062
32.970433,26,1306.859198,True,False,False,2.9863254573059166,2.9096753391717547
35.655982,27,1307.070794,True,False,False,3.31348544395633,3.372301248990012
34.691863,27,1307.27975,True,False,False,3.2309750176197203,3.1573740410280955
46.228007,52,1307.669741,True,False,False,6.243904479964136,5.474189180445763
30.790479,25,1307.860006,True,False,False,3.0117961185748103,2.4339247278681957
34.084343,26,1308.056217,True,False,False,3.0696620119869755,3.082141588075509
42.204108,40,1308.367883,True,False,False,4.885337884151876,4.758945482086479
33.342533,23,1308.541378,True,False,False,2.8043685615020153,2.839184729619084
37.105989,29,1308.760278,True,False,False,3.5531454309406127,3.629646078612095
34.7259,31,1308.992155,True,False,False,3.747182330140292,3.20935713745488
30.989386,25,1311.14121,True,False,False,2.9276172104310025,2.5366764838194276
36.751014,29,1311.355746,True,False,False,3.5326625648009338,3.5991220360462357
43.747702,43,1311.678242,True,False,False,5.12466232246939,5.0478378535267625
43.458832,42,1311.988477,True,False,False,5.138253540004977,5.132141822346091
32.166133,25,1312.176422,True,False,False,2.9590111987805163,2.8363286665218217
31.129243,19,1312.315055,True,False,False,2.3423605991323257,2.4889477311152355
50.707967,52,1312.7028,True,False,False,6.432755671924432,6.369888472702512
30.193095,20,1312.853605,True,False,False,2.4768727685323215,2.3155748394114894
46.665592,46,1313.19366,True,False,False,5.660543882657622,5.560737050782749
42.944519,42,1313.503281,True,False,False,5.17539165950412,4.800671987843502
43.032624,40,1313.805686,True,False,False,4.986309334428471,4.895574669175045
47.632843,47,1314.163276,True,False,False,5.801579354920935,5.81704857575236
53.065384,56,1314.581865,True,False,False,6.979649041694266,6.869164678372903
26.503648,12,1314.670414,True,False,False,1.4637110370561532,1.523072308226665
29.397063,17,1314.799925,True,False,False,2.0361943906718523,2.1132177398629888
42.113073,37,1317.11179,True,False,False,4.586277650092114,4.602120341211762
48.135748,51,1317.506507,True,False,False,6.112868978571424,6.012615169554733
45.762503,46,1317.849902,True,False,False,5.59669578838956,5.457475837491973
43.586618,43,1318.178396,True,False,False,5.375596627519229,5.054136813232982
30.644814,18,1318.311013,True,False,False,2.2273863607376256,2.3847781625756608
28.487382,25,1318.499557,True,False,False,3.097398486643181,2.108305193858818
27.915307,15,1318.61283,True,False,False,1.7161657762635718,1.807330157216363
37.645128,33,1318.868731,True,False,False,3.960841974677207,3.761974554168287
53.311399,57,1319.320188,True,False,False,7.061128383939517,6.9424711720193635
28.423227,15,1319.433856,True,False,False,1.7861347965933878,1.9379248231792923
48.246006,48,1319.797601,True,False,False,5.953357046577337,5.789948791259161
32.149821,25,1319.99781,True,False,False,2.8821290392717924,2.7306188052588882
37.946538,32,1321.343618,True,False,False,3.857805703375172,3.87470770698294
50.989506,55,1321.761485,True,False,False,6.828943196057191,6.465807171134402
28.075802,19,1323.761267,True,False,False,2.249083859075504,1.9511810222650536
30.127579,18,1323.900425,True,False,False,2.1449514075467087,2.285883080043637
-16.909894,8,1323.965724,False,True,False,0.8363040360478489,4.748630210606244
43.956355,40,1324.273186,True,False,False,4.9565346972175135,4.978055837152089
30.484573,18,1324.412691,True,False,False,2.227386360737625,2.3280516972859835
39.834289,40,1324.71612,True,False,False,4.671179948697929,4.52531588568147
50.019,48,1325.07525,True,False,False,6.0173929066450995,6.170500161489619
32.710302,28,1325.28564,True,False,False,3.0695420925376538,2.84572061791439
29.986195,20,1325.439966,True,False,False,2.373583371278926,2.2621114346651234
31.319792,20,1325.594604,True,False,False,2.4149696139006167,2.5427985320342774
31.057382,22,1325.764097,True,False,False,2.556353435543857,2.532626187010464
38.39668,35,1326.037106,True,False,False,4.218015402615927,3.8915285900984786
35.205331,26,1326.24422,True,False,False,3.178064942283537,3.3208350274043354
31.462389,20,1326.404336,True,False,False,2.4819448019647816,2.5810229637647266
33.998583,24,1326.585292,True,False,False,2.9154745925063494,3.0556843069294586
42.819065,46,1326.934357,True,False,False,5.469329852846906,4.959699871470449
44.344861,42,1327.254107,True,False,False,5.219627054331737,5.0413470505722335
41.453098,42,1327.57076,True,False,False,5.152719968696909,4.632674100329295
43.615106,40,1329.748481,True,False,False,4.934828327690152,4.976263928353826
34.203094,24,1329.937783,True,False,False,2.9796303144305476,3.0574909273457926
29.668954,32,1330.175522,True,False,False,3.410758228208091,2.673088435748189
31.950158,32,1330.411297,True,False,False,3.5307119568293537,2.748775254549627
30.34828,22,1330.577549,True,False,False,2.677089340888437,2.3586716860889316
33.440567,29,1330.799024,True,False,False,3.3426234709893583,3.087559033135521
28.167576,16,1330.921179,True,False,False,1.954517114449264,1.8915625830348137
40.028125,37,1331.205455,True,False,False,4.615845864246953,4.24984024907207
38.308787,33,1331.452904,True,False,False,3.9843790462424384,3.9337231515236164
44.024208,48,1331.819674,True,False,False,5.948996240043744,5.311568725180806
28.968011,17,1331.946801,True,False,False,2.0403720621151455,2.0357809184596265
33.810613,25,1332.139769,True,False,False,3.0555422100162066,3.0280887699528494
50.921902,54,1332.549412,True,False,False,6.677818354008251,6.456751125755701
40.067762,39,1332.854449,True,False,False,4.692516268465154,4.433605378464091
41.217651,36,1333.13063,True,False,False,4.4247507154665895,4.482370078358269
44.757297,42,1333.444067,True,False,False,5.222673753160006,5.230143706404577
39.662679,35,1335.533009,True,False,False,4.25906269502337,4.239754289310481
44.622115,41,1335.844769,True,False,False,5.0830380077048325,5.197299929170644
44.337599,45,1336.196015,True,False,False,5.513966033721538,5.21215887856249
40.408131,38,1337.394072,True,False,False,4.619806091250156,4.325731236229041
38.649483,33,1337.640841,True,False,False,4.000019774500192,3.9101390508283362
34.997668,32,1337.894791,True,False,False,3.7551775033900014,3.4733222528408487
26.336161,13,1337.99621,True,False,False,1.4619153594144383,1.5578725656494103
35.517461,28,1338.209054,True,False,False,3.286216131624478,3.361800643071793
51.397325,55,1338.634461,True,False,False,6.877303621136517,6.464473913793268
35.108976,27,1338.841679,True,False,False,3.302381507901664,3.3024595398059433
31.463505,21,1339.003335,True,False,False,2.609224022578362,2.490856922558411
37.939126,31,1339.235086,True,False,False,3.7136050011977875,3.8236605580049847
31.494151,20,1339.382564,True,False,False,2.4212560764197417,2.5496774536326954
30.628184,18,1339.524508,True,False,False,2.167403230105951,2.3702107496489524
36.598711,33,1339.774487,True,False,False,4.026339851967848,3.5591139207678517
37.808844,37,1340.050144,True,False,False,4.428856173586234,3.8173285049147774
-7.18551,30,1342.129128,False,True,False,3.2348584972242547,4.568168821707423
35.402167,27,1342.335819,True,False,False,3.3400276572228345,3.3489821033464966
34.172392,27,1342.543068,True,False,False,3.3429922473792595,3.043816533833305
36.275553,31,1342.778378,True,False,False,3.821774039265159,3.5351757683305856
34.96142,34,1343.036433,True,False,False,4.17233398784065,3.3655224660579273
50.40009,55,1343.465714,True,False,False,6.598553378454091,6.378748093868453
38.334186,30,1343.690887,True,False,False,3.754737008100569,3.895240461001146
29.73449,18,1343.827682,True,False,False,2.098136275841084,2.1480363463903176
34.23278,25,1344.011839,True,False,False,2.9694113446350756,3.159558899164848
36.948296,33,1344.247296,True,False,False,3.903024242292518,3.710167390019906
34.102014,24,1344.42679,True,False,False,2.9316477821155944,3.120514777774593
46.265237,48,1344.790128,True,False,False,5.870546780838621,5.47747966219163
34.669657,25,1344.980694,True,False,False,3.1183409050326754,3.222598477745947
38.291775,35,1345.251048,True,False,False,4.307870175060738,3.968238932659816
48.394762,48,1345.599364,True,False,False,5.948372557348853,5.850892873131988
47.144953,45,1347.882293,True,False,False,5.555223589594798,5.586864446304814
34.584486,28,1348.089818,True,False,False,3.3196484195511884,3.186481494271784
31.338898,22,1348.255495,True,False,False,2.574275608666618,2.5744267970929497
43.995613,41,1348.567641,True,False,False,5.088312084287554,4.971898799132977
-14.490811,13,1348.662712,False,True,False,1.3116626838445198,2.267466406579244
31.326009,25,1348.852699,True,False,False,2.967227823566982,2.682363346189797
40.119077,34,1349.112417,True,False,False,4.141575145741216,4.271015382371129
44.751855,43,1349.45187,True,False,False,5.342472071491222,5.236777466626173
48.267242,49,1349.802538,True,False,False,6.065857869752587,5.853999268998722
34.638642,31,1350.031671,True,False,False,3.7362736626433066,3.214727720285137
39.454222,34,1350.331901,True,False,False,4.175665265075631,4.181473396030286
28.527069,18,1350.472394,True,False,False,2.1064484406342943,1.982930669713998
43.135194,45,1351.743288,True,False,False,5.448379041851525,4.995755005731775
40.306285,40,1352.046163,True,False,False,4.736771088985971,4.334287692176688
39.862239,35,1352.309883,True,False,False,4.323132668358566,4.220888795759185
39.067339,32,1352.552775,True,False,False,3.9099691147475406,4.097505881837037
26.218773,11,1354.416194,True,False,False,1.336431816442576,1.5126526729646323
34.924793,25,1354.597687,True,False,False,3.0589270027291717,3.1726658195669577
26.521749,12,1354.694376,True,False,False,1.404297134752651,1.5264959903318949
42.601649,39,1354.97963,True,False,False,4.829596255604704,4.798827010179541
34.983984,31,1355.208152,True,False,False,3.7375183189304098,3.242880283274388
35.097707,30,1355.430358,True,False,False,3.3271445703583704,3.352468802114706
37.799346,31,1355.668329,True,False,False,3.808881918638643,3.8573862491551663
40.071683,33,1355.93544,True,False,False,4.136574669941303,4.200337544419447
32.367866,22,1356.098775,True,False,False,2.676071749337066,2.689400115607299
28.114901,17,1356.228076,True,False,False,2.032998585286793,1.8967964885948425
36.917334,35,1356.499718,True,False,False,4.297945124123594,3.7367313514025833
46.548034,48,1356.866574,True,False,False,5.793305687238829,5.550972112761256
43.613218,40,1357.169838,True,False,False,4.913388107706599,5.001707410001728
34.147054,26,1357.363561,True,False,False,3.2113917178696143,3.077375389534384
44.438945,41,1357.653965,True,False,False,5.077156651524043,5.062880970988753
36.268414,29,1357.876657,True,False,False,3.470527641622415,3.5470759603616773
34.430808,27,1358.079687,True,False,False,3.0482445281621344,3.101612145280891
35.846936,29,1360.149887,True,False,False,3.4516714803861315,3.4996763506892457
31.611953,23,1360.317775,True,False,False,2.7199298585253264,2.6536199693374365
36.372355,30,1360.594513,True,False,False,3.7136634037912177,3.6187236999903516
45.171568,46,1360.944181,True,False,False,5.666789189425009,5.358922967585745
44.77959,45,1361.286232,True,False,False,5.521478341550044,5.251267755367509
27.334229,20,1361.442885,True,False,False,2.481944801964782,1.7705415017465456
33.408974,23,1361.622976,True,False,False,2.816572604932219,2.878393461274823
37.661984,31,1361.869163,True,False,False,3.882007044404333,3.746363951347866
38.590972,34,1362.161377,True,False,False,4.097793871566131,4.067627752461923
44.270285,46,1362.546561,True,False,False,5.69242084125221,5.208353203790184
52.621582,56,1363.00871,True,False,False,6.874863418491246,6.732405994179313
41.068995,34,1363.247359,True,False,False,4.254127424943031,4.388149011586621
-5.223282,30,1363.468433,False,True,False,3.5324972461984507,5.245572284411979
35.184112,26,1363.649688,True,False,False,3.17892942305342,3.2697729159927893
41.91174,37,1363.922966,True,False,False,4.558226122977552,4.627174812029761
34.024384,24,1366.069596,True,False,False,2.923838436203102,3.0453329059042287
32.135644,21,1366.222757,True,False,False,2.6092240225783616,2.642873956495158
32.905825,30,1366.443658,True,False,False,3.5746509291669666,2.8832570574589846
34.550118,26,1366.654492,True,False,False,3.1510438132214524,3.126691263070785
48.277342,49,1368.257793,True,False,False,6.107185132609203,5.887307357803589
34.835246,26,1368.480618,True,False,False,3.2456201256462536,3.15833175437136
26.875753,13,1368.589417,True,False,False,1.5315763553662292,1.6055497083876322
36.070473,28,1368.808744,True,False,False,3.4246505589431493,3.476379708531795
39.111936,40,1369.125658,True,False,False,4.692125196202335,4.302365393523032
43.30479,53,1369.554034,True,False,False,6.196908052767465,5.161296675880957
45.580714,47,1370.00121,True,False,False,5.6920298790243935,5.391452626347124
47.097684,60,1370.585439,True,False,False,6.987599673321583,5.975066850179039
44.503809,42,1370.918612,True,False,False,5.1734562287931505,5.118825774313344
-12.871698,16,1371.046579,False,True,False,1.796236581067915,2.9495800216203576
47.552929,48,1371.410751,True,False,False,5.894305438171437,5.735566775024632
43.393285,43,1373.774492,True,False,False,5.289550121451065,5.023744892543677
27.498645,15,1373.895016,True,False,False,1.6332529224328474,1.7731174879506524
34.079634,30,1374.134724,True,False,False,3.347005920089649,3.0479245387829814
36.749307,29,1374.360604,True,False,False,3.5680438851834873,3.616906435523459
26.484116,12,1374.447111,True,False,False,1.411484828120369,1.5930871297256088
50.262491,58,1374.898952,True,False,False,7.046158559926884,6.273373839535937
47.504809,45,1375.311785,True,False,False,5.633250759601639,5.644170520798415
40.93393,36,1375.737789,True,False,False,4.484310714329108,4.431975908999459
30.485848,26,1376.049709,True,False,False,3.070557160870454,2.4816965424509188
36.812903,31,1376.290619,True,False,False,3.7441577336115577,3.651349371865026
34.615119,26,1376.486986,True,False,False,3.146987598423352,3.1357897803895276
36.642958,30,1376.730044,True,False,False,3.635671094362202,3.6110527069374987
38.735688,32,1376.983053,True,False,False,3.9435268413373805,3.960668760357714
36.409543,27,1377.198845,True,False,False,3.372899346259834,3.474095735612846
36.353583,29,1377.416736,True,False,False,3.622412879387289,3.5359286459965413
31.478475,23,1377.593796,True,False,False,2.660179053386782,2.637646310573682
33.856341,24,1377.779116,True,False,False,2.991061684419097,3.1271780810615364
32.564989,22,1379.943156,True,False,False,2.6745601223574056,2.745461869357778
-18.504984,6,1379.989318,False,True,False,0.5015917503878534,2.167630761890424
26.808745,13,1380.088467,True,False,False,1.53157635536623,1.6020124627477919
38.009472,33,1380.34363,True,False,False,4.063922684293243,3.9405289761378937
38.59724,34,1380.658839,True,False,False,4.189881965669845,4.121233540066721
27.015516,13,1380.765151,True,False,False,1.5062236676108025,1.6518386310048974
40.072072,37,1381.068578,True,False,False,4.47962087965032,4.300653507973817
30.437985,19,1381.228075,True,False,False,2.2466984027444448,2.3208258989268518
34.928992,29,1381.512851,True,False,False,3.3647013642954025,3.2011752589745996
26.424238,12,1381.585493,True,False,False,1.3960088369116932,1.5186369029516358
39.843773,39,1381.904698,True,False,False,4.593809352041045,4.239195892606761
33.115837,23,1382.087893,True,False,False,2.8637824638055194,2.8431933350141607
42.97415,38,1382.381223,True,False,False,4.743711060625538,4.897903927096406
33.278158,22,1383.473578,True,False,False,2.726447296773267,2.8605286353296857
47.367645,47,1383.873373,True,False,False,5.793917641362366,5.7409573135385505
39.620643,33,1384.122717,True,False,False,4.102995849215799,4.151418696205219
49.999219,53,1384.515284,True,False,False,6.4879234563771275,6.155551820682537
47.129956,45,1384.871257,True,False,False,5.559088088458322,5.680592048613719
41.266645,36,1387.51871,True,False,False,4.416521121743841,4.536986634608862
30.371544,22,1387.687625,True,False,False,2.5303978327117664,2.324129321681387
36.202269,29,1387.913826,True,False,False,3.5680438851834886,3.538041074066635
39.854199,37,1388.218313,True,False,False,4.414432549208227,4.28549374105864
31.915036,23,1388.409806,True,False,False,2.560095250112647,2.673115195129841
33.55109,25,1388.621118,True,False,False,3.0589270027291726,2.997482426027334
36.839523,29,1388.853352,True,False,False,3.541598566065489,3.6109757159876765
45.957435,44,1389.208973,True,False,False,5.477232194387172,5.415704407180505
28.167857,15,1389.331573,True,False,False,1.841633084682547,1.860851938354183
31.221935,21,1389.524614,True,False,False,2.4959347324022265,2.484664201613195
44.542001,46,1389.913803,True,False,False,5.721577326247148,5.28657714977794
32.037304,20,1390.063615,True,False,False,2.481944801964783,2.6166423588347714
45.76386,45,1390.419567,True,False,False,5.544507939232279,5.4549293695137
41.882139,43,1390.758908,True,False,False,5.207175083611168,4.707544494378442
36.627348,29,1390.977306,True,False,False,3.4616620584260906,3.529676112053597
43.358256,44,1391.321184,True,False,False,5.360004162072902,4.964991348410024
42.053479,38,1393.473985,True,False,False,4.614395004825127,4.690284919601408
38.109562,32,1393.755896,True,False,False,4.009295449327728,3.877789541432599
38.692762,30,1394.008852,True,False,False,3.7547370081005687,3.9085813328872834
35.053481,26,1394.248533,True,False,False,3.1862062233427526,3.288821551580455
35.695623,27,1394.622714,True,False,False,3.3401388660679094,3.3390417926745775
35.332735,29,1394.917697,True,False,False,3.449726310937833,3.439589307280761
42.931082,41,1395.238384,True,False,False,4.9550790430800875,5.007770392696179
-12.188137,19,1395.385289,False,True,False,1.9820804493149493,7.251957446723271
30.851033,19,1395.542106,True,False,False,2.2952516790477,2.45167014054675
47.334675,45,1395.872459,True,False,False,5.546894973539428,5.707758031430597
40.906564,34,1396.142316,True,False,False,4.245127953314182,4.447606225246208
31.984532,20,1396.291807,True,False,False,2.4819448019647825,2.6331067103556505
36.879907,31,1396.525617,True,False,False,3.671472611211545,3.6039213190009827
32.656692,26,1396.754788,True,False,False,3.1047510185491407,2.805762832674538
45.920821,44,1397.084188,True,False,False,5.527525433796278,5.43305983831751
34.378235,28,1397.295268,True,False,False,3.317051676967105,3.2307207132663263
26.540528,11,1397.377,True,False,False,1.3364318164425766,1.5575752760952823
42.001617,37,1399.629575,True,False,False,4.586277650092115,4.573893710858684
29.175276,16,1400.593441,True,False,False,1.953199413078584,2.114757450112731
34.744058,27,1400.800016,True,False,False,3.2653854383891643,3.2245506148828764
49.317474,49,1401.176558,True,False,False,6.029342266926266,6.111354840427201
40.750818,34,1401.446648,True,False,False,4.263853890554884,4.310112881109797
32.333569,23,1401.63185,True,False,False,2.6641840646467325,2.7342831215373393
46.782099,46,1402.000343,True,False,False,5.720624331480371,5.575633110453286
48.329192,50,1402.425609,True,False,False,6.090719567728509,5.959327119602897
42.735493,38,1402.71383,True,False,False,4.702771376749801,4.813121946930386
36.95263,32,1403.002038,True,False,False,3.9086616672163403,3.786695292188259
37.276197,30,1403.224567,True,False,False,3.6208562070727135,3.7171145771247915
30.539592,18,1403.374764,True,False,False,2.227386360737625,2.464594496048606
43.342173,40,1403.701993,True,False,False,4.951965806120778,4.940409556154901
33.203937,22,1403.879017,True,False,False,2.7365032431919403,2.853401865884412
38.227332,33,1404.197471,True,False,False,4.031402776737656,3.941038152289817
48.744472,47,1406.418639,True,False,False,5.918483758531401,5.8998550077703396
38.694011,35,1406.708698,True,False,False,4.148593039963818,4.106930056808491
31.923609,22,1406.89611,True,False,False,2.587287655757819,2.6858936806254508
38.384316,30,1407.139725,True,False,False,3.754737008100569,3.868836003093295
37.450719,31,1407.390369,True,False,False,3.6849008855929206,3.713594954295671
41.962054,40,1407.710472,True,False,False,5.0163300595515015,4.689674317627642
-15.251454,10,1407.789804,False,True,False,1.0659656135412596,2.211964637454343
45.640583,49,1408.15609,True,False,False,5.834177625411179,5.36139860252841
39.971686,34,1408.404603,True,False,False,4.22169981788101,4.214960705590933
-13.95393,13,1408.500098,False,True,False,1.5736861613416286,5.720106262586998
38.661084,32,1408.743144,True,False,False,3.89918343922481,4.0297343102971475
26.837243,15,1408.849622,True,False,False,1.7333959984831082,1.6365735613485548
49.143931,54,1409.273384,True,False,False,6.556977484808183,6.2206948295872495
34.085765,25,1409.465577,True,False,False,3.0424094205256584,3.027771454959967
32.045261,23,1409.64143,True,False,False,2.6971327706914936,2.736020917537368
39.069209,32,1409.897606,True,False,False,3.9106501284023985,4.001977562131032
26.658841,12,1410.021645,True,False,False,1.40429713475265,1.54238335495831
28.792661,18,1410.164863,True,False,False,2.0358544016174216,2.028359317124326
31.921099,22,1410.340285,True,False,False,2.6626707351153835,2.6893352284919287
41.143294,36,1412.577662,True,False,False,4.493337285992121,4.49933736203975
36.56239,34,1412.829002,True,False,False,4.061251072504481,3.6029546874250764
36.205425,29,1413.055685,True,False,False,3.538706869901724,3.4964125666484605
39.064577,37,1413.33732,True,False,False,4.5171458395484,4.22539727424885
32.136679,23,1413.515315,True,False,False,2.678329716309578,2.8203660521471785
39.523996,35,1413.823769,True,False,False,4.296772797635326,4.121452491552167
39.092276,32,1414.071668,True,False,False,3.9330392515833923,4.002145728765463
42.009884,37,1415.219596,True,False,False,4.555245089583103,4.6715097521625975
34.862354,24,1415.402418,True,False,False,2.9910616844190967,3.1533064740985592
45.701572,44,1415.741607,True,False,False,5.431617110220373,5.364613662784829
31.489905,20,1415.897132,True,False,False,2.421154130225806,2.4970137898010023
43.017905,40,1416.242649,True,False,False,4.861339520012533,4.816720567233019
35.010984,27,1416.48168,True,False,False,3.3492450556687827,3.3158432988060165
32.861887,23,1416.684241,True,False,False,2.7533857273210853,2.817819325891779
40.881374,37,1416.964424,True,False,False,4.640996163075731,4.435894038198094
32.454163,24,1417.152671,True,False,False,2.8368888721550913,2.7652493677839116
36.438005,28,1419.254235,True,False,False,3.4351038829127214,3.4703678432802776
27.039603,12,1419.34476,True,False,False,1.4637110370561532,1.5928347628476096
37.916882,31,1419.594336,True,False,False,3.7267047735064933,3.8302147001969633
46.070303,46,1419.949294,True,False,False,5.719918274683792,5.450844209611406
43.999128,43,1420.3189,True,False,False,5.25111947859957,5.083683290501045
50.078162,62,1420.816504,True,False,False,7.459260301614089,6.405839709051298
30.038387,17,1420.953863,True,False,False,2.0775184166393093,2.2322815460291654
42.770457,39,1421.267486,True,False,False,4.817094379453307,4.805923635274571
27.892139,15,1421.398299,True,False,False,1.7861347965933863,1.796406127070337
29.039174,18,1421.542667,True,False,False,2.112958879731797,2.1234075361751814
35.230262,26,1421.743547,True,False,False,3.2456201256462522,3.217277597814406
38.876039,33,1421.993858,True,False,False,4.04257639143476,3.97674693584449
46.835177,44,1422.322343,True,False,False,5.477232194387163,5.518553649026497
26.049946,18,1422.456647,True,False,False,2.056782709829802,1.5445147002750457
50.176054,53,1422.893869,True,False,False,6.494775508777381,6.300300480651686
28.593513,15,1423.00168,True,False,False,1.7758671815119995,1.9020367465975065
45.147874,44,1425.062814,True,False,False,5.452798075013441,5.229581275284472
34.63702,26,1425.260083,True,False,False,3.1655638634651737,3.1780152767397434
31.538178,24,1425.44579,True,False,False,2.973290941518393,2.583355218915221
41.092215,41,1425.73618,True,False,False,5.033520895153841,4.69262738382781
27.730405,14,1425.836842,True,False,False,1.6588555759798078,1.7957744606612773
57.427929,64,1426.30558,True,False,False,7.9935367335224194,7.761917974299915
31.064367,21,1426.501425,True,False,False,2.5195982789290157,2.481022883658906
36.371107,28,1426.764776,True,False,False,3.5001785668734113,3.5399379943586604
33.04946,22,1426.980935,True,False,False,2.7365032431919394,2.8727211442061766
44.963785,45,1427.37201,True,False,False,5.532662639863999,5.279362621959313
29.413284,19,1427.555205,True,False,False,2.1942835729927723,2.2196291510944652
46.702305,47,1427.950767,True,False,False,5.688692126811594,5.719957988500886
36.016715,29,1428.184087,True,False,False,3.4637886231679924,3.4957182472336115
33.462396,22,1428.346774,True,False,False,2.7181980014510874,2.9094669697872764
46.550867,49,1428.740326,True,False,False,6.011740597063278,5.561797567732988
36.37411,28,1429.895423,True,False,False,3.401487356683918,3.504249224111079
44.808124,41,1432.146739,True,False,False,5.0740958028890795,5.161292157260927
29.595573,18,1432.281081,True,False,False,2.167972458434123,2.212229433282258
39.16082,32,1432.52204,True,False,False,3.942966994331185,4.033269342312139
44.360899,43,1432.844728,True,False,False,5.327058965463735,5.083526686863482
34.725734,24,1433.023274,True,False,False,2.9569616157429373,3.188591496984403
32.713763,27,1433.229403,True,False,False,3.2525594162504294,2.946129649585543
44.371319,41,1433.545066,True,False,False,4.950467874963292,5.05344697076269
32.024071,23,1433.721627,True,False,False,2.7236001907089182,2.7701313372344836
41.322909,38,1434.017528,True,False,False,4.690902021286081,4.499547941933686
54.60731,59,1434.46272,True,False,False,7.3177089793919015,7.097675312057614
30.21686,20,1434.619597,True,False,False,2.4122486560098917,2.35393060152015
28.38453,18,1434.757158,True,False,False,2.0646154171298927,2.0038334129519986
34.556961,27,1434.960608,True,False,False,3.2192260832033863,3.2902141910014606
44.532682,42,1435.26837,True,False,False,5.2769852450108115,5.185777358076054
47.024577,48,1435.633875,True,False,False,6.045762979144973,5.683687949029268
35.593374,28,1437.822266,True,False,False,3.3487397080626136,3.3346362244758896
29.938245,17,1437.948741,True,False,False,2.0436989839054904,2.1800422585515857
36.551044,29,1438.164216,True,False,False,3.5680438851834877,3.506944255763326
37.562202,33,1438.408441,True,False,False,4.033221583807883,3.862957416158537
27.588671,15,1438.520477,True,False,False,1.7567513846485865,1.7145946235799796
28.122506,15,1438.636915,True,False,False,1.8455486988968888,1.8377706732016608
43.713219,41,1438.949943,True,False,False,5.0428969648078885,4.919517969567506
43.674002,41,1439.267765,True,False,False,4.943288409584836,4.968081295531399
42.925803,40,1439.5871,True,False,False,4.96811531193285,4.907395049044791
39.701254,38,1439.882518,True,False,False,4.6100325257077515,4.194835896093707
30.659057,20,1440.067159,True,False,False,2.252593439318337,2.42713823752394
44.7224,42,1440.438702,True,False,False,5.215464864533208,5.132533497134311
32.344183,21,1440.623008,True,False,False,2.5922170071108845,2.8146287737179096
29.257665,16,1440.784804,True,False,False,1.9641197271391566,2.212834055834989
43.11005,41,1441.149772,True,False,False,4.914058709392211,4.8396330584451315
34.821032,25,1441.334013,True,False,False,2.99877234715292,3.197106617621672
40.558072,38,1441.602116,True,False,False,4.584187039295779,4.380279479426766
39.669879,32,1441.845901,True,False,False,4.009295449327727,4.194103863673247
38.289184,32,1443.943642,True,False,False,3.9498815470242232,3.8561872854930104
32.970543,23,1444.132369,True,False,False,2.85589696810274,2.8082641814915723
-17.885311,9,1444.195462,False,True,False,1.022050648445284,2.14510537476157
37.879765,32,1444.415316,True,False,False,3.9441744466247495,3.8412318603816886
47.865955,47,1444.742059,True,False,False,5.831633958722115,5.837366806754403
34.286939,25,1444.922459,True,False,False,2.98801745400027,3.047220051286749
40.606485,34,1446.254324,True,False,False,4.204439988251381,4.342770050596227
46.910476,45,1446.61869,True,False,False,5.592916121425443,5.6222730381588235
46.931519,53,1447.117344,True,False,False,6.288211760053888,5.630861888558049
35.635782,27,1447.357025,True,False,False,3.3093974328556452,3.427158274827338
40.297811,36,1447.628309,True,False,False,4.341932284441342,4.235875865489908
39.250867,35,1447.882938,True,False,False,4.2634485240843585,4.046878412757474
49.413746,50,1448.292574,True,False,False,6.191910586688056,6.079691463949311
47.619912,55,1448.700236,True,False,False,6.654794723947201,5.808082858025171
38.331957,32,1450.978466,True,False,False,3.9210690110732727,3.9077287730038752
38.216372,30,1451.26092,True,False,False,3.7083784219234492,3.895698519214016
51.125561,52,1451.704718,True,False,False,6.445822524655877,6.454519676773427
53.543936,58,1452.162686,True,False,False,7.226020342659013,6.980019786718462
26.710899,15,1452.278476,True,False,False,1.8177081798048924,1.6701234655707096
27.906313,16,1452.400784,True,False,False,1.9134140172069647,1.883166465314659
36.92509,30,1452.635649,True,False,False,3.633213796733022,3.5911530586758165
26.614616,13,1452.744084,True,False,False,1.501058102864886,1.5653753374124224
34.489853,26,1452.979247,True,False,False,3.1911795219036083,3.137311120906626
38.022041,32,1453.263544,True,False,False,3.812686774354095,3.7945107558047724
33.921073,27,1453.483888,True,False,False,3.3116505338791207,3.0902800553541154
35.582849,28,1453.689406,True,False,False,3.4107905026518557,3.3668610739643725
31.714307,20,1453.84951,True,False,False,2.4196140556761176,2.5779184678725775
45.175195,45,1454.256792,True,False,False,5.580292705445551,5.236378069360919
26.300989,12,1454.346204,True,False,False,1.3893135426322776,1.5327221437007277
40.979314,40,1454.691322,True,False,False,4.90699429383701,4.501642042508768
34.497035,31,1454.949026,True,False,False,3.7157923032665017,3.226932432631711
37.055317,29,1457.411341,True,False,False,3.62745778748699,3.6597180991858
27.383885,16,1457.535248,True,False,False,1.8824573604436003,1.7818943710457709
45.698443,43,1457.871527,True,False,False,5.3168929241852325,5.393141560156967
30.746194,21,1458.029449,True,False,False,2.332856012954406,2.460237956217057
43.776399,43,1458.354243,True,False,False,5.26076294641256,4.986992813244537
26.852342,14,1458.467771,True,False,False,1.6588555759798067,1.6986100853844008
31.461764,21,1458.637653,True,False,False,2.549810120274859,2.5683958265644655
39.794702,33,1458.903849,True,False,False,4.133032211186633,4.155500931577128
44.171718,41,1459.252593,True,False,False,5.1548084348499295,5.110823649140649
50.781214,56,1459.726687,True,False,False,6.866565655734242,6.515191032147696
28.115834,18,1459.863411,True,False,False,1.985123424636435,2.1102526366450847
34.197117,26,1460.066699,True,False,False,3.2456201256462545,3.091351751480617
42.434048,41,1460.428201,True,False,False,5.026448916273359,4.781912958976701
37.081865,31,1460.779936,True,False,False,3.8226023264106455,3.7436034060715166
45.802856,49,1462.47576,True,False,False,5.820693523859736,5.5432110207849306
42.104454,37,1462.752336,True,False,False,4.617307049977607,4.657181416375776
31.226631,21,1464.767766,True,False,False,2.586554174811432,2.4914370587029113
27.552468,16,1464.884654,True,False,False,1.9686495528446788,1.7181338320696913
37.436591,31,1465.120385,True,False,False,3.716434305649663,3.7693233267863304
37.26933,29,1465.320549,True,False,False,3.6274577874869904,3.662742482512905
38.357409,32,1465.561293,True,False,False,3.8696298382143266,3.841811027136915
28.184371,15,1465.678366,True,False,False,1.84489077679802,1.904102494979007
31.542108,20,1465.840767,True,False,False,2.42253089966128,2.5572587408677023
34.174006,30,1466.08086,True,False,False,3.7433166757521406,3.191512152967006
29.158234,16,1466.204385,True,False,False,1.898995733130014,2.0310783666031846
33.463916,23,1466.375777,True,False,False,2.804368561502014,2.9576736044530367
36.05408,30,1466.60253,True,False,False,3.5227212338701115,3.446588715111279
39.342093,36,1466.896598,True,False,False,4.311080153890978,4.180098098039446
35.575448,31,1467.120577,True,False,False,3.6801562747579233,3.36262592162838
56.98511,62,1467.577494,True,False,False,7.711830974911642,7.649689719361258
45.40844,43,1467.907566,True,False,False,5.1988570202819595,5.316066009335917
34.729967,27,1468.112083,True,False,False,3.277007588889782,3.223828840220782
32.416687,26,1468.309596,True,False,False,3.029182672450729,2.789614673802393
30.863536,22,1468.474436,True,False,False,2.5209371722397553,2.4104726690494087
37.972442,29,1470.661009,True,False,False,3.6123087294151315,3.8155648051832425
30.53762,19,1470.808498,True,False,False,2.295251679047701,2.332106337502002
38.783158,33,1471.058488,True,False,False,4.017467180038609,4.0379492128221655
43.541264,40,1471.361037,True,False,False,4.915423794416162,4.950830692405543
45.340397,44,1471.708063,True,False,False,5.510705257316807,5.300761833830108
39.170671,33,1471.956622,True,False,False,4.050525434042522,4.031723042130696
41.318571,37,1472.237804,True,False,False,4.509643515573841,4.510888360422922
38.081076,34,1472.494123,True,False,False,3.970342176565153,3.9652245072880894
34.155675,29,1472.712999,True,False,False,3.62745778748699,3.24291035614243
36.160574,30,1472.937929,True,False,False,3.5669087604980185,3.4824491322121953
51.014939,54,1473.335339,True,False,False,6.6385306617013065,6.386632168230713
43.685336,42,1473.644433,True,False,False,5.267818030153416,5.101386991599923
35.885457,28,1473.851331,True,False,False,3.430539200485987,3.3853024115795773
35.925267,30,1474.073005,True,False,False,3.470748137051381,3.47398964902036
41.19388,35,1474.331837,True,False,False,4.391133111168462,4.467127441066101
35.918928,27,1476.45286,True,False,False,3.3070457392276604,3.450121614053942
40.475948,33,1476.725394,True,False,False,4.129409945971934,4.327726187248814
35.67611,26,1476.925199,True,False,False,3.215461299084794,3.3870634016858823
44.122522,41,1477.239559,True,False,False,5.120525354816516,5.089122177264214
34.70111,27,1478.316753,True,False,False,3.173736882203277,3.186053312396822
35.850989,32,1478.555368,True,False,False,3.820913289668341,3.6366514883800396
45.517035,59,1478.989846,True,False,False,6.875724704126636,5.741397867955795
35.846863,31,1479.231654,True,False,False,3.6766385646967406,3.6193592223197144
31.5042,19,1479.371978,True,False,False,2.3361667213743575,2.556292080378404
48.612678,51,1479.753357,True,False,False,6.213647368991552,5.946749067506921
30.70502,28,1479.967279,True,False,False,3.1528150858377644,2.466876029035819
30.738403,24,1480.151989,True,False,False,2.7474208995548084,2.5278923423092117
46.013812,45,1480.494301,True,False,False,5.5544646692895245,5.378363230608168
44.575418,48,1480.856453,True,False,False,5.671177308707472,5.236366646032874
42.206151,42,1483.120216,True,False,False,5.035635722718079,4.672000816511153
40.917876,36,1483.399198,True,False,False,4.431827490016472,4.451334260805421
51.118536,56,1483.812084,True,False,False,6.73571373124213,6.407888343450499
33.306342,22,1483.977323,True,False,False,2.6958060984835526,2.8271174905086593
36.95366,29,1484.196485,True,False,False,3.5314243174248316,3.5870025594096098
-11.668429,18,1484.34185,False,True,False,1.9995523827466246,7.851300483968491
31.344067,22,1484.507318,True,False,False,2.6145215757500018,2.453963003580952
28.363018,15,1484.622365,True,False,False,1.7856568320346853,1.966927900201006
40.676999,38,1484.917359,True,False,False,4.507492402864608,4.396422018689388
37.672811,37,1485.197495,True,False,False,4.465819138446406,3.8331301665434347
42.100426,40,1485.501852,True,False,False,4.944244549891537,4.780933116290455
55.133836,58,1485.942758,True,False,False,7.23543475260277,7.245782241862238
-16.464639,10,1486.024333,False,True,False,0.9399378037036892,5.853492824682019
46.433146,47,1486.387464,True,False,False,5.71989803104349,5.531152855459345
39.283438,31,1486.627056,True,False,False,3.8820162287141478,4.058884848140198
29.238272,16,1486.761115,True,False,False,1.9132221445977835,2.1219560802943827
40.54969,35,1488.962476,True,False,False,4.294818946907712,4.392524117021469
27.811253,16,1489.087653,True,False,False,1.7915766945591265,1.866789634071344
29.457477,16,1489.210903,True,False,False,1.972827919510467,2.132917384827968
28.80014,17,1489.335753,True,False,False,2.040693237820543,2.075480556042129
41.295944,36,1489.606905,True,False,False,4.451188334394435,4.452696726938518
30.565739,18,1489.741837,True,False,False,2.227386360737625,2.327555061264582
42.390857,38,1490.030451,True,False,False,4.762594597500519,4.808521901686675
48.06988,49,1490.408157,True,False,False,6.173042199758553,5.813749002031486
-17.719721,8,1490.474951,False,True,False,0.8593929303957928,1.5486409748650278
-17.486522,7,1490.529237,False,True,False,0.6755612133784352,3.1214315444413248
54.231982,59,1490.988057,True,False,False,7.422960634844533,7.148012864136385
41.257039,35,1491.257454,True,False,False,4.391133111168462,4.481731332588497
45.34201,47,1491.61984,True,False,False,5.767686216429076,5.461799837063665
37.372564,30,1492.753757,True,False,False,3.6659824777621823,3.7315588853995596
31.563007,26,1492.945605,True,False,False,3.1499357803311763,2.66463626105009
47.864957,47,1493.298977,True,False,False,5.849404724833434,5.713362831353886
52.046898,56,1495.567537,True,False,False,6.882921734783949,6.7108082161998475
35.247603,26,1495.773537,True,False,False,3.1426380455065748,3.2398060841627965
32.563144,26,1495.963415,True,False,False,3.045979989340457,2.7919046101613576
31.089254,22,1496.142838,True,False,False,2.6360719155546226,2.605983589167665
40.938391,37,1496.415705,True,False,False,4.565896604130976,4.412616553356963
37.385313,30,1496.642736,True,False,False,3.707183348906545,3.8926579827748196
34.136883,24,1496.844907,True,False,False,2.977782654592523,3.0521726374247398
38.45313,39,1497.149191,True,False,False,4.802654599417293,4.086569101105386
47.080515,45,1497.480837,True,False,False,5.550094171562487,5.6785420953281065
43.777512,42,1497.807882,True,False,False,5.19182242971465,4.986473112427711
35.518456,38,1498.076331,True,False,False,4.309314763601104,3.4450683139841702
41.682978,38,1498.351144,True,False,False,4.6127831534225745,4.576093478731911
31.113812,21,1498.508976,True,False,False,2.447469312314466,2.4803242361362354
41.874257,40,1498.809573,True,False,False,4.947217791888748,4.623316115315465
47.157969,45,1499.149191,True,False,False,5.593222610172017,5.653825880541524
39.173447,32,1499.384108,True,False,False,4.009295449327727,4.080627653004934
31.589255,29,1501.446543,True,False,False,3.541106285885628,2.590093195162285
38.450467,32,1501.691562,True,False,False,3.9496902503226567,3.8412632989368856
30.765239,18,1501.823706,True,False,False,2.2273863607376247,2.3843293942393524
29.782474,17,1501.953478,True,False,False,2.082501584464195,2.152059568749805
27.197468,12,1502.044654,True,False,False,1.4637110370561535,1.6583987431161118
38.709881,31,1502.283132,True,False,False,3.8226023264106463,4.003296992377399
44.734278,46,1502.634906,True,False,False,5.669896619854971,5.215144565905033
28.80396,19,1502.775114,True,False,False,2.1049993642445837,2.077183025660724
36.974868,32,1503.006351,True,False,False,3.7227490272000936,3.75690166286747
29.691855,18,1503.126373,True,False,False,2.1311490812285268,2.198537225511087
26.363679,12,1503.224051,True,False,False,1.4637110370561532,1.5229487970844524
43.925001,41,1503.557938,True,False,False,5.100343061419934,5.012915622403179
43.953958,41,1503.865905,True,False,False,5.072722659325481,5.004214477237163
35.154429,25,1504.055921,True,False,False,3.1121326514827157,3.228201368858964
51.199897,59,1504.502513,True,False,False,6.908903037515696,6.464391744978242
38.838556,34,1504.759379,True,False,False,4.039298943364658,3.9478299096889136
36.398588,29,1504.974461,True,False,False,3.5106155426045254,3.5492786240160754
30.982673,19,1505.113367,True,False,False,2.3529345719274013,2.470470808443086
32.144125,30,1507.300345,True,False,False,3.335638631857109,2.9292128964397586
36.559391,34,1507.562724,True,False,False,4.079852443466991,3.6816115477341205
34.466928,27,1508.878521,True,False,False,3.3285034263164914,3.2778697823769787
45.812278,44,1509.223162,True,False,False,5.409806879061958,5.397573796842903
35.996456,27,1509.429816,True,False,False,3.3101813285019555,3.4210531521077585
30.042278,26,1509.621183,True,False,False,3.2040659400493854,2.4619758623908616
33.987182,25,1509.806862,True,False,False,3.0309409349424428,3.0217230019616674
38.848935,33,1510.03262,True,False,False,3.9637860144524897,3.9314486984506707
41.288913,35,1510.297035,True,False,False,4.385691946455396,4.523620355267634
32.411357,29,1510.523232,True,False,False,3.3022068930054704,2.783303490238516
33.173163,39,1510.82741,True,False,False,4.647896370661355,3.106571201209268
37.125616,30,1511.068525,True,False,False,3.695323105797067,3.7118665855864794
-13.846658,13,1511.156003,False,True,False,1.4656827681156674,5.274008574458636
43.974116,47,1511.507645,True,False,False,5.6788236045322495,5.2652315931903635
28.629481,16,1511.63417,True,False,False,1.9134140172069654,1.9391376405150098
26.568995,12,1511.727348,True,False,False,1.393813360690766,1.5208243407618154
32.866547,22,1511.891713,True,False,False,2.700199977090522,2.8414061364783056
45.207528,42,1514.072051,True,False,False,5.282087655463508,5.193379571680857
40.333761,37,1514.349439,True,False,False,4.5862776500921125,4.30974841438938
27.789068,14,1514.455341,True,False,False,1.718269478283311,1.7948386020785128
40.231356,37,1514.742882,True,False,False,4.43519194189969,4.282562135290959
33.225909,22,1514.910274,True,False,False,2.7220178504811066,2.919363852873427
38.324441,35,1515.170274,True,False,False,4.198844929435083,3.907459438711185
40.867139,36,1515.454399,True,False,False,4.430298441065222,4.516955628444593
48.736517,49,1515.834621,True,False,False,6.093701539310105,5.9942129066922885
28.627701,21,1515.98831,True,False,False,2.546638451039836,2.0332397656226693
38.479898,32,1516.231425,True,False,False,3.9067506902733498,3.9950915185567637
41.800551,39,1516.531134,True,False,False,4.7717742071309575,4.541709813257024
26.548524,22,1516.713485,True,False,False,2.486678807795162,1.8442800107863437
43.799239,40,1517.021964,True,False,False,4.968115311932844,4.913596299600384
28.286835,17,1517.151688,True,False,False,2.0092311703453754,1.9535663819154563
47.488887,47,1517.511303,True,False,False,5.776474780395106,5.777533244336784
29.255623,26,1517.69676,True,False,False,3.0286496199873567,2.214649724327105
46.590367,48,1519.886983,True,False,False,5.804504700885567,5.500496898854719
50.392256,50,1520.264976,True,False,False,6.299569785703027,6.228718088572969
31.509409,20,1520.396396,True,False,False,2.481944801964781,2.5949123724389187
47.757707,48,1520.759201,True,False,False,5.93317469444544,5.782555833341459
34.103079,24,1520.944957,True,False,False,2.9020185029840357,3.0327883079637865
28.227764,15,1521.061364,True,False,False,1.7780110537875191,1.8525989111716037
42.559226,50,1521.429966,True,False,False,5.942962130091301,5.017624238596856
50.938157,59,1521.877299,True,False,False,7.1542644174010555,6.511654937165155
27.886396,15,1522.923199,True,False,False,1.774864728653139,1.7774376107745526
32.298245,21,1523.081685,True,False,False,2.5498101202748584,2.694583104330262
32.294377,22,1523.244209,True,False,False,2.6770893408884375,2.7431961483808047
34.716776,28,1523.459674,True,False,False,3.403088113042073,3.201827547669245
31.46565,23,1523.635095,True,False,False,2.6817533207683613,2.5231896677360455
41.244258,45,1523.991206,True,False,False,5.385683285786728,4.805911881081198
41.874317,43,1524.323178,True,False,False,5.341092050437198,4.884642124898275
35.990991,31,1526.379146,True,False,False,3.6354036718085667,3.5128587795444726
41.974798,39,1526.680473,True,False,False,4.772939877804773,4.587014385957941
31.905214,26,1526.87951,True,False,False,3.1297980671241965,2.8936420801250575
37.752232,33,1527.133183,True,False,False,4.006631402816636,3.883197467628514
31.404725,20,1527.282285,True,False,False,2.4618563744197814,2.4680212334972413
40.407627,35,1527.550596,True,False,False,4.312321410449084,4.384222629183027
46.534023,46,1527.894654,True,False,False,5.640662239643738,5.536275064666586
30.939672,19,1528.036886,True,False,False,2.2952516790477,2.4656360554882544
40.656747,35,1528.298155,True,False,False,4.3185166532345844,4.311116013212706
41.341252,35,1528.549753,True,False,False,4.355758639758911,4.444730320032548
35.201741,26,1528.751857,True,False,False,3.1363804374342803,3.325306527402929
30.160958,32,1528.997744,True,False,False,3.6455836891449844,2.4919876037935706
59.123391,65,1529.489479,True,False,False,8.197962959247755,7.996817932702646
29.561466,27,1529.69224,True,False,False,2.891750181544936,2.3075433275031556
30.383553,17,1529.818649,True,False,False,2.100107140124047,2.3786651951898357
45.043425,42,1530.134315,True,False,False,5.187073348479123,5.241313311775935
38.026483,31,1532.337602,True,False,False,3.762521279021315,3.768319024916109
36.69202,34,1532.597077,True,False,False,4.2325451951547395,3.612569742138838
39.66456,32,1532.844657,True,False,False,3.999205514305703,4.130279243384448
42.879768,44,1533.199731,True,False,False,5.279179711058386,4.845170116923988
41.283793,36,1533.470607,True,False,False,4.417564965819243,4.462590221024307
32.553714,22,1533.637638,True,False,False,2.7195039230461844,2.715368115975476
29.784158,17,1533.769477,True,False,False,2.069539976814728,2.2430356404622183
37.34969,31,1534.002567,True,False,False,3.6623776798104193,3.716174431825921
35.258297,26,1534.197312,True,False,False,3.245620125646255,3.2678832448113395
37.95567,39,1534.493747,True,False,False,4.45921518029998,3.9654637474181404
27.889205,14,1534.603456,True,False,False,1.718269478283311,1.812256566425849
40.652426,36,1534.881332,True,False,False,4.458998429478536,4.414681289439387
41.146617,37,1535.160302,True,False,False,4.44517612978855,4.446551582646628
26.424804,16,1535.282208,True,False,False,1.63211237683938,1.6999401490644637
37.283262,31,1535.523565,True,False,False,3.7379131057778863,3.8421710153378266
33.087075,25,1535.71922,True,False,False,3.118340905032675,2.881122496503132
34.81413,24,1535.90524,True,False,False,2.983052960222519,3.218834871928139
43.433877,42,1539.21802,True,False,False,5.076399354884455,5.129337274131954
40.924192,43,1539.548764,True,False,False,5.205107520313761,4.62151203055906
27.300723,29,1539.783201,True,False,False,3.1316326575309037,1.8998126876749482
43.818959,39,1540.082642,True,False,False,4.8735577559580685,5.025074033192695
37.859488,29,1540.316105,True,False,False,3.618657758652157,3.8268854827087395
36.602824,27,1540.524183,True,False,False,3.3502605287117495,3.5345942620123427
35.229523,29,1540.754562,True,False,False,3.5218865474469974,3.2693264810718916
35.60189,27,1540.966956,True,False,False,3.272585184710925,3.3913670967567766
36.868348,29,1541.196619,True,False,False,3.6170173469962865,3.5840002857202653
46.786828,45,1541.545316,True,False,False,5.656985165656981,5.594493036289346
32.423154,21,1541.711632,True,False,False,2.6092240225783616,2.7284307231266114
33.756198,24,1541.895006,True,False,False,2.931647782115594,3.06469296399153
36.459829,31,1542.132812,True,False,False,3.7438154773160996,3.6166279484200623
43.943669,41,1542.445808,True,False,False,5.090731989425989,4.971641726271735
27.027687,12,1542.539269,True,False,False,1.4637110370561526,1.6549440149360204
37.077031,36,1542.821946,True,False,False,4.076936138974614,3.7526829683487333
47.025921,47,1545.186481,True,False,False,5.830728092504897,5.761845501043672
40.91437,36,1545.457192,True,False,False,4.402416025375516,4.399721120280745
44.249368,45,1545.797599,True,False,False,5.351987669671758,5.1132347512305385
34.394097,25,1545.989219,True,False,False,2.9942673772390385,3.1595747389223647
28.793589,17,1546.123473,True,False,False,1.9318032670216314,1.9877324177050653
32.298229,21,1546.283298,True,False,False,2.5498101202748584,2.6754228286586046
28.371265,15,1546.397163,True,False,False,1.786134796593387,1.8889363025763417
46.611777,50,1546.779759,True,False,False,6.193868270911124,5.6164756642977425
44.449179,43,1547.124091,True,False,False,5.409366876077084,5.144434765921519
38.387362,33,1547.369545,True,False,False,4.03872188006226,4.039294961722057
44.473586,43,1547.706854,True,False,False,5.178282667438883,5.103460562493212
31.800183,22,1547.875984,True,False,False,2.7291958619001724,2.5274397417554093
36.900926,29,1548.100505,True,False,False,3.563532720140219,3.6666530278822287
41.024279,37,1548.395662,True,False,False,4.540129366850445,4.461081256799865
33.174701,26,1548.598956,True,False,False,2.9674704150486897,2.9272876514443666
38.361599,38,1548.893872,True,False,False,4.553707339313642,4.017125196683707
