#{"t_start": 1789506487.5206478, "env_id": "None"}
r,l,t,is_success,collision,timeout,path_length,start_dist
-19.199119,46,2.626881,False,True,False,1.8749120330626334,2.353065524553438
-16.901654,36,2.970116,False,True,False,2.8510843091713682,6.4645233510509215
-39.047613,110,3.839506,False,True,False,5.024389550277948,4.55009387923804
-47.965353,171,5.193748,False,True,False,7.365949012655845,3.5943666596108015
-26.644503,23,5.375213,False,True,False,0.9427019788973573,3.1663060393358102
-38.872386,95,6.118312,False,True,False,6.253299808429715,2.864116509181855
-27.242642,300,11.58422,False,False,True,7.792300262461336,5.016740011373808
-35.626502,137,12.636168,False,True,False,4.267649691489661,3.094478316371262
-21.599498,24,12.805878,False,True,False,1.256220330839769,4.508076924089984
-46.939255,233,16.76347,False,True,False,12.770777278350582,4.397681795701997
-26.618187,300,19.099034,False,False,True,7.654211680236175,1.724080095471481
-21.108236,300,23.448695,False,False,True,18.280714239669024,5.359165765027574
-20.772073,68,23.987308,False,True,False,3.26597475093407,5.468670449839653
-22.546111,47,24.347516,False,True,False,2.2650143464095565,5.515168104978766
-15.734744,300,28.841426,False,False,True,14.786722616692854,4.1952801156831425
16.939549,124,29.817171,True,False,False,4.2566294263827675,1.5972996390160061
-20.7802,45,30.18682,False,True,False,1.6831807176176712,3.9504533435852394
-25.374853,45,30.542234,False,True,False,2.9175754946699533,3.7805465520338353
-20.843389,300,42.391726,False,False,True,12.11547720994684,6.172231146707115
-23.082026,300,44.760714,False,False,True,8.478123861691113,3.1157599617733567
-26.44192,150,47.834956,False,True,False,8.054118395683568,4.428382670425916
-11.45341,300,50.173629,False,False,True,19.19656063378891,3.180635905987794
18.708996,166,53.464115,True,False,False,7.036519592678605,2.571339895407024
-12.098792,300,55.856328,False,False,True,9.754485036676144,5.621635113325089
-22.331031,39,56.172518,False,True,False,1.2985743025541774,1.951322030208611
8.361278,246,60.343287,True,False,False,13.125312959538528,1.7925743544067452
20.450652,240,62.299787,True,False,False,11.946170852172202,3.9765240114800537
-3.686479,300,66.747415,False,False,True,10.954378129800716,5.119681560490168
20.982811,104,67.589678,True,False,False,4.103409049563076,1.9448443309964394
29.550085,103,68.413472,True,False,False,5.628272948104131,3.4724067516296766
13.736133,281,76.409629,True,False,False,7.051381397158612,3.207540238842746
-9.975306,40,76.723134,False,True,False,3.1913426708931447,3.5802804850522705
-9.903536,110,77.615987,False,True,False,6.397075206163096,4.501934087592269
26.770272,50,78.012323,True,False,False,3.207805518285638,2.2154116243444535
30.427497,124,79.004629,True,False,False,7.010670685136325,4.1042568942278095
-16.474227,64,79.508504,False,True,False,4.0081595615522705,5.677840653638264
24.097729,39,81.818937,True,False,False,2.6039978961240133,1.7878444152831954
-7.934667,78,82.443571,False,True,False,5.028869931201585,5.26105207508164
27.669454,71,83.00654,True,False,False,3.3543195966768344,2.671512058423909
22.157136,118,83.938653,True,False,False,3.3983674246637263,2.301387406497062
31.894425,98,84.709381,True,False,False,6.4425994086526925,4.153071486514679
28.87447,119,85.663769,True,False,False,6.919436306066715,3.6236147151060134
36.489076,103,88.455656,True,False,False,7.481963400166944,4.761268328066174
28.349216,118,89.405211,True,False,False,6.673215835942302,3.6271877105055745
29.476897,216,91.113433,True,False,False,14.115200154062746,5.889073820479248
43.94362,115,94.040668,True,False,False,7.992094147521606,6.559732958914612
-21.254229,48,94.423114,False,True,False,2.5447651625913736,1.7988846726124899
-15.939431,18,94.567472,False,True,False,1.1905146872805896,5.054183227847921
30.448446,41,94.898167,True,False,False,2.884415378525399,2.763199112529211
22.926768,58,95.381754,True,False,False,2.0746826854039333,1.6421803754281694
28.987327,141,96.492911,True,False,False,7.336246568497983,4.023166273184998
28.095598,47,96.874698,True,False,False,3.8501242592293785,2.4157965649234527
29.943417,228,100.767363,True,False,False,8.92542154335604,5.653796035171118
33.211102,269,104.768778,True,False,False,11.512687756522674,7.033956954707168
46.594242,122,105.719852,True,False,False,9.345584404056467,6.861768560042338
23.139013,115,108.69044,True,False,False,4.396020361619892,2.7898075000911047
38.547928,67,109.228558,True,False,False,5.384873408285561,4.667346545233971
24.59563,82,109.858802,True,False,False,4.941141564283663,2.234967267914599
23.999206,114,110.775137,True,False,False,3.759170561295598,2.719141900215397
-19.527498,9,110.848975,False,True,False,0.39385713362073804,5.220245849886902
31.530151,68,111.403303,True,False,False,3.8881663213253215,3.230233617916572
-8.303841,52,111.826144,False,True,False,4.3561033703416925,4.986787558336471
29.416745,55,114.326396,True,False,False,4.002518107775633,2.8523247951986317
37.09387,71,114.903264,True,False,False,5.616817473538342,4.3994806364787005
-19.107785,45,115.26279,False,True,False,1.5921903233684083,2.935253647454026
39.118992,128,116.26677,True,False,False,7.7704679388332325,5.6730550913817455
26.772387,38,116.559081,True,False,False,3.4707582979435876,2.1459365897610607
34.728452,87,117.22689,True,False,False,5.915325773115432,4.261796513218663
-20.356247,16,117.356826,False,True,False,0.7314994603395524,4.684179372823008
-12.086645,105,120.16374,False,True,False,4.270128912156097,5.169831363295582
-19.684113,52,120.578672,False,True,False,3.1539724079621263,2.898233879445007
29.76117,70,121.153163,True,False,False,4.256001015719688,3.1497826271231717
25.852748,112,122.046645,True,False,False,5.118196089303401,2.9042158637414914
-14.199404,60,122.518351,False,True,False,3.9546537934592694,3.9515009420225087
31.359765,74,123.071134,True,False,False,4.09284089695345,3.320152747888567
30.759453,25,123.269826,True,False,False,2.6928978477062553,2.556660602504488
33.31966,136,126.301559,True,False,False,6.179704057584142,4.586856366091755
29.857685,64,126.827423,True,False,False,4.191508032550156,3.007223792400361
42.211176,79,127.468528,True,False,False,6.020052730255273,5.418427631481074
23.575224,137,128.576389,True,False,False,5.869929315906004,3.5240198979593043
-8.562253,181,130.025308,False,True,False,8.1741763148413,6.894122324598461
22.651344,87,132.704251,True,False,False,3.3547559549093955,2.556170928259312
29.845918,90,133.410652,True,False,False,4.537372951048244,3.2978113482027935
36.146068,174,137.110202,True,False,False,6.542590238782196,5.5755460990719605
25.713245,102,137.891605,True,False,False,6.55317525275183,2.936075283718365
41.443506,144,141.082629,True,False,False,10.161025790716144,6.176247198220718
-16.526163,28,141.308986,False,True,False,1.5724818887995933,3.5058776074730567
20.039337,231,143.123148,True,False,False,9.871787616831508,3.6964854934617097
31.282107,89,143.827944,True,False,False,5.022319486785786,3.7906210521637105
24.784155,31,144.072658,True,False,False,1.8805547451313218,1.5688811256851183
32.406211,193,147.648425,True,False,False,9.626555232147535,5.132152282194206
28.707112,82,148.32237,True,False,False,3.6499869225199912,2.9877916918231024
30.837416,59,148.798304,True,False,False,3.7237524010542233,3.0482139110590243
28.519,61,149.285267,True,False,False,3.0199682634611684,2.6795792580960707
30.100014,149,150.459289,True,False,False,5.7877187081437675,4.101445122335084
33.750999,46,153.485487,True,False,False,3.8309916906119406,3.3916786431845867
32.704927,51,154.001418,True,False,False,3.9902561130734884,3.3353754009182794
25.158639,64,154.875262,True,False,False,2.7224048189191374,2.1310311403775426
35.348286,87,155.73172,True,False,False,5.315935224742598,4.201613531176449
32.159309,56,156.222752,True,False,False,4.448579871015727,3.2791947314711782
39.494808,94,156.977175,True,False,False,6.031850140561705,4.994262779734829
39.271251,102,157.791849,True,False,False,7.416617685611867,5.527622308084342
25.990557,71,160.288135,True,False,False,5.1150511007015975,2.36851660029961
42.719486,60,160.765378,True,False,False,5.823738438594047,5.188572781384474
30.098405,68,161.32635,True,False,False,3.5222207455443186,3.0776521068458598
-15.401077,18,161.469695,False,True,False,1.386922117596647,6.910244716243832
27.064915,29,161.706607,True,False,False,2.0743638270339724,2.0683211077215695
25.928244,71,162.254363,True,False,False,3.0716026736804727,2.4675039193400687
-17.077851,18,162.403558,False,True,False,1.1237911884589922,1.858544644791063
33.549817,58,162.880782,True,False,False,4.034165931271007,3.475994170739088
37.533884,134,163.97378,True,False,False,6.695123256084659,5.255313092264748
28.397934,58,166.528621,True,False,False,4.099128979641057,2.6347633094470795
31.254864,63,167.037093,True,False,False,3.675470138758323,3.081826513331908
-21.360853,44,167.391529,False,True,False,1.7566284976432316,5.292432249376363
39.526323,64,167.889222,True,False,False,4.964147204743142,4.660443291732305
27.414264,30,169.919715,True,False,False,2.108949670665802,2.0129064109945305
28.719767,39,170.24467,True,False,False,2.7192349599328605,2.5021402434445266
30.889369,110,171.14211,True,False,False,6.8633889504902905,3.8522613874611165
27.920444,52,171.557379,True,False,False,3.366852658962457,2.4669958391204596
31.068373,90,174.316106,True,False,False,4.616632780796124,3.5360985468890687
24.803393,97,175.098878,True,False,False,4.473650039818005,2.472320143978758
31.44928,53,175.521958,True,False,False,3.954580537954162,3.141140779123541
-10.941947,50,175.91588,False,True,False,3.603631216219839,4.0277860658929585
40.16048,121,176.877654,True,False,False,9.057392620740762,5.793967117303401
32.802102,47,177.242259,True,False,False,3.3404955330889754,3.2651418125087766
35.535473,47,177.617629,True,False,False,3.55554149283289,3.6657685553613795
33.474128,66,178.135216,True,False,False,3.9315984054520685,3.570373555244179
27.174529,43,180.443246,True,False,False,3.659112505598018,2.399897397008351
41.152417,87,181.178697,True,False,False,6.926355008337477,5.370411233346004
-20.544465,26,181.395553,False,True,False,1.06328926792553,2.933422666439649
33.419988,72,181.982516,True,False,False,5.064677277909192,3.7439953893791715
34.893563,69,182.551661,True,False,False,4.050993434771223,3.884012228190486
38.076934,79,183.177131,True,False,False,4.871483032146589,4.498115286308504
-13.305658,19,183.325843,False,True,False,2.0189624835468476,5.298924687883628
30.392819,111,184.250551,True,False,False,4.344956601766858,3.5976066449401114
33.537232,219,187.903886,True,False,False,8.685116007768565,6.10926268219075
41.574514,45,188.273141,True,False,False,5.070597481113978,4.823137033797024
37.715279,83,188.95479,True,False,False,5.63085121336752,4.615658333727995
31.959026,34,189.223393,True,False,False,2.8763986217354773,2.8942386526545323
27.762098,28,189.455211,True,False,False,1.9818807796793032,2.0214550215808567
-17.175399,11,189.547215,False,True,False,0.7921292298696639,1.748115501254243
26.124193,65,190.074072,True,False,False,3.9682713723844802,2.425551225417485
26.38174,49,190.46027,True,False,False,3.5658420955997796,2.2088568792386027
32.754147,78,193.132472,True,False,False,4.490790298191799,3.727139254383852
27.424172,30,193.386894,True,False,False,2.341555255110814,1.984441700623535
35.398646,49,193.786253,True,False,False,3.7830455767467632,3.63434052389386
31.30256,50,194.187578,True,False,False,3.1212889559601806,2.952328542059198
44.622722,75,194.790441,True,False,False,5.809024544183811,5.6279760732249775
24.951165,67,195.336506,True,False,False,3.2379564946794863,2.0897515664882538
34.528904,219,199.14309,True,False,False,9.200984481915043,6.235598700802933
28.566988,63,199.640399,True,False,False,3.5596187593204034,2.6723385163830615
29.871099,71,202.025865,True,False,False,4.078727114529235,3.044647389653101
44.451999,68,202.575986,True,False,False,5.999566299539482,5.59110959866786
29.087833,30,202.824375,True,False,False,2.330512889377465,2.28103691065902
41.154851,75,203.437548,True,False,False,5.6181671710945285,5.065550898753887
-17.480601,18,203.58614,False,True,False,1.0509797327640014,2.8421362760495996
31.890853,104,204.428754,True,False,False,6.068760942263321,4.0146614088769645
35.170933,97,207.186419,True,False,False,7.146526205754165,4.513455329002458
33.629692,103,208.002379,True,False,False,5.522725032219613,4.132532020493795
44.972276,81,208.661513,True,False,False,5.9733814498924485,5.805588015947894
-17.339392,15,208.787177,False,True,False,1.0743000216840606,2.6876269920507805
34.346807,42,209.147508,True,False,False,3.7901599447715593,3.3907874804742093
30.546942,67,209.682665,True,False,False,3.682002821190991,3.10838913023527
31.269911,237,213.644974,True,False,False,11.048173521900026,5.728196069488611
27.471277,73,214.233894,True,False,False,4.270897766327795,2.5371210232282895
37.828252,111,215.128788,True,False,False,7.4690581183308185,5.2608770392232485
38.637777,165,216.482362,True,False,False,7.562699289174708,5.846542337201715
40.074697,99,219.240402,True,False,False,6.2409093743335,5.170481876338768
33.091969,48,219.62218,True,False,False,3.7903762590643253,3.2585993470308456
45.684381,163,220.920144,True,False,False,10.860940766793968,7.106720100152956
27.355973,22,221.094886,True,False,False,1.7199894203249078,1.851158478521538
28.781075,68,221.647434,True,False,False,3.297528400018241,2.7469620893527553
23.98476,54,222.153184,True,False,False,2.7925624023298816,1.7454463101514133
41.112403,120,223.200866,True,False,False,7.699097425728191,5.6445653772807916
33.563487,55,226.05253,True,False,False,3.7936280969572223,3.4609387906862263
28.693478,68,226.609034,True,False,False,3.603193485986866,2.705408939644274
35.086225,45,226.990548,True,False,False,3.97994064499471,3.5569235566834347
-15.333461,30,227.232374,False,True,False,1.7347862430993803,4.47129335398589
-16.219085,85,227.934569,False,True,False,2.9187648260706704,3.730812918594792
32.037806,66,228.469043,True,False,False,4.562060183412682,3.3632323995812508
30.152331,51,228.876205,True,False,False,3.794845398049032,2.8137192413035397
27.454884,18,229.021653,True,False,False,1.79127605703064,1.8941629477024673
31.032916,25,229.220595,True,False,False,2.379824620783053,2.558832193464165
33.506553,80,231.853449,True,False,False,5.1316251099736,3.9913600264302125
-6.236964,60,232.34703,False,True,False,4.471129200606201,4.889122791681162
36.344112,93,234.770762,True,False,False,8.344808024205642,4.621625029191561
46.627427,90,235.473936,True,False,False,6.857554375801755,6.177361755041832
40.101629,108,236.329116,True,False,False,7.23244028000817,5.6062999001685885
40.56751,60,236.803034,True,False,False,5.34605814815511,4.944430528698785
31.187791,77,237.413077,True,False,False,4.910357450739092,3.7779920686874515
43.008135,72,240.024234,True,False,False,5.801196226089715,5.390494256771231
-19.388742,7,240.08487,False,True,False,0.37547165084054657,2.0297933486187936
35.801958,58,240.554641,True,False,False,4.07494242433231,3.895674024171727
47.751727,122,241.54741,True,False,False,7.563365785139656,6.852495351186457
31.221668,121,242.538575,True,False,False,8.323352435508072,4.501223644816345
28.415867,20,242.700926,True,False,False,1.804103055921495,1.9959434480021658
35.193489,66,243.250176,True,False,False,5.521354838313428,4.125230425477125
33.378283,49,243.647574,True,False,False,3.9809265276288603,3.370007588481954
35.269857,65,246.235888,True,False,False,4.7686285417493846,3.9542877871394264
39.20756,142,247.352827,True,False,False,8.678832604370589,5.863324869508022
47.420054,64,247.871745,True,False,False,6.340316448648724,6.098145170643184
33.882098,47,248.243277,True,False,False,3.6592438673980228,3.405092615751599
36.031509,41,248.573297,True,False,False,3.772740328143742,3.636999212295173
27.104855,24,248.780267,True,False,False,1.8126417015724086,1.8714057765133392
28.794642,30,249.016813,True,False,False,2.3561956369453574,2.3918642442683717
34.556395,46,249.38528,True,False,False,3.922327363417987,3.5266476948775476
30.347994,46,249.7535,True,False,False,2.7416355046615073,2.655110993480816
38.51672,40,252.090981,True,False,False,4.511133213115775,4.140365144976193
34.221357,34,252.367978,True,False,False,3.157201187996876,3.3375552380306153
38.02056,84,253.065588,True,False,False,5.667741268643899,4.605569016156678
23.736245,120,254.016104,True,False,False,6.00112696681323,2.9173046119866526
36.919115,161,255.317248,True,False,False,7.6180874011478465,5.432941454789932
32.822462,75,255.926624,True,False,False,3.7691915975908086,3.4760989128215902
-7.088341,67,258.519865,False,True,False,4.4272271524194515,5.497402865338458
29.046392,103,259.366971,True,False,False,6.095146871813811,3.2562696192728073
32.70017,41,259.695331,True,False,False,3.2942270002284975,3.0411386390496022
35.305838,49,260.089551,True,False,False,4.388327730526622,3.779128121647926
29.589343,17,260.232738,True,False,False,2.056754379325355,2.178702386419461
40.961373,66,260.778116,True,False,False,6.525218455551329,5.027955844023115
35.321874,64,261.296603,True,False,False,4.132158069784875,3.85864925920537
36.195831,87,261.973357,True,False,False,5.414640554480216,4.387874328641137
40.39791,118,266.304217,True,False,False,6.666380602371445,5.387106994103372
36.03466,57,266.773966,True,False,False,4.6128858776839925,3.848577855287365
39.709821,54,267.205122,True,False,False,4.554037800946365,4.484543135778911
30.647714,38,267.495431,True,False,False,3.0958912824152964,2.727944787843099
31.171043,136,268.593581,True,False,False,6.724566771043077,4.148255542601169
8.263396,250,272.510834,True,False,False,9.897674798453608,2.186043421487837
-5.607096,45,272.879147,False,True,False,4.38706891302943,5.428377854570445
35.927935,41,273.210174,True,False,False,4.2444102014156995,3.775559146989998
45.212651,61,273.700792,True,False,False,6.763667673706017,5.708074495824163
29.797681,46,274.078969,True,False,False,3.1729952909900376,2.585548506184495
25.835113,28,274.303508,True,False,False,2.192542099737038,1.7143057631624665
39.584477,105,275.163194,True,False,False,6.490094582130757,5.216924034014835
36.334916,49,275.557576,True,False,False,4.280971339812381,3.861596301712865
34.445371,48,277.93968,True,False,False,3.589328735474615,3.4643060848721183
27.802622,37,278.238372,True,False,False,3.182102179418163,2.2144967012660532
35.211571,35,278.515782,True,False,False,3.8761245973151093,3.460538456607395
40.91418,86,279.219381,True,False,False,6.12478700072955,5.285414889143869
24.695577,37,279.512128,True,False,False,2.5181181222229325,1.6480568343405848
24.384243,39,279.819197,True,False,False,1.8641036142482665,1.5539372013233834
41.427632,62,280.312564,True,False,False,5.912985732541709,5.0527815465342
29.449391,41,280.643135,True,False,False,2.8887565801015107,2.6293020905647264
40.502242,40,280.958849,True,False,False,4.615352824046129,4.532573258412592
33.072162,73,281.561472,True,False,False,3.661719798390133,3.461189963247
36.076976,57,283.965906,True,False,False,4.796149852799651,4.0571777495920704
31.131962,102,284.78189,True,False,False,5.5457612754766,4.15926504833225
34.295853,27,285.003165,True,False,False,3.1097626401221636,3.183393555687763
25.726004,63,285.515436,True,False,False,2.3456592971273955,2.1190131539437247
37.468321,52,285.924788,True,False,False,4.26605306368184,4.055277430315822
40.359604,68,286.468526,True,False,False,5.623704165336866,4.854747846791575
30.231363,27,286.690053,True,False,False,2.345755995564704,2.388127040303124
43.472554,61,287.16975,True,False,False,5.441585344890596,5.2633794222508765
29.202013,75,287.7431,True,False,False,3.027840232700228,2.845547881519635
34.108321,45,290.145654,True,False,False,3.4332380673602065,3.2657552150267195
25.991897,45,290.514388,True,False,False,2.9691331390530773,1.9995387278207186
43.668649,152,291.714094,True,False,False,9.549087862040873,6.6719933829545734
34.834692,71,292.275409,True,False,False,4.243157288401585,3.7680127526699927
-13.212578,28,292.507426,False,True,False,2.2326972364696225,3.1118399857170647
-2.31549,63,293.045428,False,True,False,5.252113821069719,6.142550358438415
-19.086237,34,293.318873,False,True,False,0.9955328729185895,2.29196481024861
32.175704,53,293.725778,True,False,False,5.289669907369906,3.1842599021373728
30.581187,36,295.355611,True,False,False,2.7741461598397636,2.629938351575018
37.357638,51,297.733621,True,False,False,4.296734962671403,4.059537758199364
26.996598,31,297.98966,True,False,False,1.9991914313971983,1.9094337186914225
32.732679,58,298.463182,True,False,False,4.446567739491364,3.290698419894317
28.297324,53,298.896049,True,False,False,3.323892811082541,2.434706523033763
27.229855,54,299.344422,True,False,False,3.4103123844341257,2.3148751941245234
41.337672,46,299.712044,True,False,False,4.736428673285729,4.60149600473208
39.74685,95,300.470396,True,False,False,6.676327398774935,5.475668135565217
32.163255,48,300.866865,True,False,False,3.459456107469477,3.0848545647982712
47.797,137,304.11897,True,False,False,7.441223320292649,7.111771733996507
25.750535,17,304.251817,True,False,False,1.5677006984152486,1.5341216976745229
42.110399,90,304.968812,True,False,False,6.629009300395274,5.539578363437846
29.533466,45,305.325627,True,False,False,3.035664767743011,2.629256066230173
34.211441,62,305.825242,True,False,False,4.05768304447027,3.7248429908433867
3.011386,82,306.485678,False,True,False,7.219604682034636,6.756579911841149
38.077361,119,307.440355,True,False,False,8.12901029020251,5.2079741695279615
30.316989,24,307.634875,True,False,False,2.4799694929637712,2.500858170325064
34.45215,36,309.984354,True,False,False,3.3558676689738323,3.3341971514299056
26.282671,22,310.155137,True,False,False,1.5243528768041874,1.6705351003123785
24.914381,56,310.595484,True,False,False,2.955991045039943,1.9204037223210335
42.706727,98,311.395471,True,False,False,7.74848814530872,5.748691149251682
-2.04434,46,311.773328,False,True,False,4.731996527666003,5.941251137379548
34.428862,42,312.105607,True,False,False,3.523598769824545,3.4330853299618025
31.188365,37,312.411929,True,False,False,2.762409871447327,2.750874755351691
36.808366,76,313.019858,True,False,False,4.666241164019323,4.227384098569078
31.290179,65,313.542572,True,False,False,3.5638176443697804,3.1358951313880024
39.08087,50,313.944855,True,False,False,5.179826749057707,4.376310121404951
33.217131,58,316.431,True,False,False,4.003357861424976,3.3905623383491594
34.392326,42,316.772982,True,False,False,3.754356086200951,3.3668620710628154
32.303099,51,317.194665,True,False,False,3.735193692611884,3.210844156897709
24.596118,33,317.453238,True,False,False,3.2898119529144783,1.5243832359411258
41.025159,60,317.95023,True,False,False,6.230358024633582,5.167991000189592
35.874998,78,318.591484,True,False,False,4.715406841704622,4.006506477955354
27.008678,30,318.847514,True,False,False,2.3940412700628007,1.9887846560132663
36.479685,50,319.240369,True,False,False,3.9726004094885017,3.886130002254668
39.265833,79,319.879612,True,False,False,5.560397011743961,4.805718935369389
45.719734,110,322.755413,True,False,False,7.2153488150108185,6.497296644983018
24.470301,41,323.097729,True,False,False,2.2467635995186375,1.8405495794706028
29.203507,23,323.30379,True,False,False,2.032022207672591,2.24368227657314
32.074712,56,323.776186,True,False,False,3.5197316092573536,3.275943583807756
40.357193,56,324.227879,True,False,False,5.599374582627713,4.787835793219153
44.234331,65,324.742587,True,False,False,5.689285776904969,5.4938699932519945
29.811181,57,325.199268,True,False,False,3.627295348052301,2.747157266508404
30.171071,37,325.512945,True,False,False,3.710620928409004,2.730675168857478
34.582012,45,327.42539,True,False,False,4.130222551512124,3.5421943393633772
28.734269,30,327.663411,True,False,False,2.180318528823768,2.2554568603297893
45.718065,83,330.337139,True,False,False,7.160614620133092,6.322403106158105
34.514623,62,330.839199,True,False,False,4.656894827209158,3.783104410410883
39.672969,58,331.272603,True,False,False,5.575338741126215,4.6881554495257145
42.431243,86,331.999227,True,False,False,6.505401473047864,5.539761518121312
44.482349,87,332.761063,True,False,False,7.009283951119032,5.963164764735054
-6.038962,37,333.070347,False,True,False,3.578272114432207,6.245309817176719
36.701801,41,333.397449,True,False,False,3.8607959247769834,3.840390160784434
32.450254,30,333.702247,True,False,False,2.902078064348791,2.9618974888428253
24.761889,40,334.0274,True,False,False,2.28465862541657,1.750872365206527
23.349563,61,336.713573,True,False,False,2.589705150927676,1.691032490142065
43.435477,67,337.236822,True,False,False,7.715965310265012,5.639131628592229
47.809559,77,337.845322,True,False,False,7.273595104616356,6.319295518860485
41.998212,56,338.302516,True,False,False,4.945263268646238,4.94124176166369
33.221139,51,338.728461,True,False,False,3.626830817482292,3.391304822851987
29.904223,74,339.323601,True,False,False,3.886377435699396,3.2314666410049173
38.265898,39,339.640762,True,False,False,4.922724350050991,4.046962034179046
35.271493,33,339.902468,True,False,False,3.452722442628556,3.459204703353447
38.964234,100,342.736977,True,False,False,5.897980867953702,4.989307137907031
34.376001,29,342.98174,True,False,False,3.5540736476441084,3.2784759710038758
-9.571929,40,343.299963,False,True,False,2.902419494729283,4.123479559541069
36.812132,57,343.755189,True,False,False,5.152301688394608,4.209212011091249
27.920089,28,343.975986,True,False,False,2.280256727992085,2.037613977507602
49.669501,61,344.468595,True,False,False,7.932660977494966,6.670380972245833
30.698656,52,344.880364,True,False,False,4.605955616270879,2.919410125881025
29.239054,36,345.163356,True,False,False,2.4014075054266364,2.393976042129968
42.148865,56,345.632987,True,False,False,5.000323985723,4.82659763920083
-13.273039,35,345.926054,False,True,False,2.3579328880904153,3.406775947065378
42.615878,64,346.438201,True,False,False,5.128600402802282,5.05718829550644
44.940775,79,349.126954,True,False,False,7.332655932884474,5.668226893421504
39.85725,73,349.708226,True,False,False,5.974623274750165,4.992295233171252
33.172621,43,350.049732,True,False,False,3.387982248483129,3.217802603738644
44.440293,53,350.468312,True,False,False,5.682446164185195,5.405741156044544
28.651804,64,350.978515,True,False,False,3.545170406463448,3.054249118249006
26.359093,25,351.185126,True,False,False,1.5431604391566993,1.6892113804362
41.174564,118,352.141887,True,False,False,8.827048104807293,5.694699688247303
36.256711,79,352.777354,True,False,False,4.5316366307069735,4.208676655438422
31.189526,50,355.175348,True,False,False,3.4686998296600704,2.925998478249329
-5.006434,64,355.684422,False,True,False,3.8027578039992167,5.605755355729213
30.157395,66,356.207433,True,False,False,3.399087816787405,2.9039285100143584
31.273156,41,356.527314,True,False,False,3.885909811574345,2.9616656560355596
37.043339,84,357.180635,True,False,False,6.743448462123688,4.5284183321281
25.974938,19,357.326409,True,False,False,1.6083151652887413,1.6512451955263479
28.04699,22,357.49041,True,False,False,1.8875097170510482,1.9963315400312258
30.620271,22,357.66071,True,False,False,2.3674663819183066,2.514134721299183
43.046934,70,359.654687,True,False,False,5.469941991766719,5.213495633351262
25.030648,24,359.842567,True,False,False,2.1250242145100513,1.5369533683128973
44.410273,68,362.271625,True,False,False,6.128080800239209,5.451319170485798
35.786351,46,362.639423,True,False,False,3.70066871246461,3.6550872702495445
39.549237,93,363.378044,True,False,False,5.227397578786637,4.891202332141662
31.062563,43,363.718705,True,False,False,4.470541059835063,2.990766067941539
25.15569,48,364.098879,True,False,False,3.3741881574448875,2.0697586116015847
34.190767,37,364.401243,True,False,False,3.401931383210575,3.322386845101288
32.880076,26,364.605937,True,False,False,3.2690903548063885,2.8739030082935146
30.351151,25,364.801067,True,False,False,2.4088634692992437,2.4628910649297007
36.613573,48,365.184476,True,False,False,4.267789271668035,3.8793626547435167
25.950335,51,365.577673,True,False,False,2.0867036779546857,2.0037078294659243
30.245103,30,365.81537,True,False,False,2.432752500156366,2.483360658744503
46.547719,71,368.326462,True,False,False,6.937190714036915,6.216679765126617
34.69037,48,368.713639,True,False,False,4.7501166455578465,3.563210272190087
33.715774,49,369.097095,True,False,False,3.6734146264376024,3.305854006000665
-8.170222,91,369.806462,False,True,False,6.865477753198778,6.0819275178896515
34.778026,65,370.312963,True,False,False,3.9295782606359535,3.6822059919632006
31.887901,51,370.73228,True,False,False,3.705491738610499,3.0182678863049586
40.084683,133,371.77555,True,False,False,8.118051259021623,5.712303652327798
34.227535,61,374.193656,True,False,False,4.139192097076016,3.706484429370983
28.492851,33,374.457988,True,False,False,2.0782443747373325,2.196129923344617
32.94843,90,375.146324,True,False,False,6.110318071429478,3.892949815177323
27.39976,39,375.461402,True,False,False,2.2555361143672132,2.0820794656234263
36.7721,62,375.943038,True,False,False,5.45945365862555,4.234287360537609
32.20511,42,376.277688,True,False,False,3.592985320284576,3.0060036754858444
35.420042,46,376.617299,True,False,False,3.5261937561183743,3.6106751321297907
37.203787,50,376.997962,True,False,False,4.402257770503138,4.032682965526699
32.140775,39,377.302553,True,False,False,3.8096264913350315,3.0031248296252016
28.288544,34,377.565513,True,False,False,2.265590436904009,2.236948458050859
43.57761,100,380.282414,True,False,False,6.569253301655862,5.692377887417146
37.738622,46,380.662116,True,False,False,4.437007694575621,4.0399680842733705
-17.498005,45,381.02562,False,True,False,2.655955633697628,4.1353363336049895
27.265804,34,381.313858,True,False,False,2.0867103650797274,1.90881048129006
33.58326,39,381.640532,True,False,False,3.5256522053158754,3.2022952947707415
42.139788,89,382.407936,True,False,False,7.9928262520205156,5.5667076391992625
32.996037,27,382.627529,True,False,False,2.85670071687948,2.916319574271275
37.115682,58,383.096724,True,False,False,4.137301157566708,4.026815524373572
34.536667,65,383.62865,True,False,False,6.875132707162362,3.7631090126757747
31.903146,79,384.283778,True,False,False,5.3410179533070306,3.6805359133927142
45.764881,76,386.800603,True,False,False,6.403453300128832,5.906178604512165
43.436619,68,387.324618,True,False,False,6.8667644223716415,5.499106197998449
27.462311,49,387.699821,True,False,False,2.904836872815743,2.386877094920911
40.274912,63,388.19218,True,False,False,4.893026154557169,4.653696746430541
37.590066,56,390.226235,True,False,False,3.9212066901443725,4.055323899064489
28.103327,47,390.597064,True,False,False,2.797880564305479,2.2602105696173993
30.803467,24,390.78874,True,False,False,2.6325047989467145,2.5456185357608896
39.752115,56,391.230152,True,False,False,5.44321506802186,4.661722985794225
39.628043,59,391.685267,True,False,False,5.246822245452078,4.574606173104924
37.8578,57,394.112722,True,False,False,4.991518686987154,4.1716060949533365
54.349709,83,394.770712,True,False,False,8.4435816729836,7.618142489770626
30.204978,31,395.011769,True,False,False,2.8631323483487723,2.579217170350422
32.389505,83,395.635164,True,False,False,4.0352726408042985,3.4742649327048527
35.032841,84,396.633709,True,False,False,6.533331287429799,4.111810221200751
30.307809,30,396.945467,True,False,False,2.357488121833327,2.3924400764216145
31.36538,49,397.315845,True,False,False,3.395719693195962,2.9428564673196034
-13.946012,33,397.566467,False,True,False,1.728413492480233,5.705221688783828
36.073756,62,398.057659,True,False,False,3.9814292252745758,3.89680418231671
43.281324,38,400.504081,True,False,False,5.00598244925299,4.886549081046438
46.086361,124,401.485227,True,False,False,6.961471580720187,6.491865243661061
33.418016,132,402.504716,True,False,False,7.963873398416153,4.547997126665866
40.145393,121,403.407115,True,False,False,6.071104762593625,5.472523069129651
37.235935,64,403.838754,True,False,False,4.674953925481107,4.062854717911283
24.832698,43,404.156804,True,False,False,2.4086105181982136,1.7269822624604148
28.979516,36,406.264439,True,False,False,3.2824900760388283,2.352580643213948
25.163175,39,406.549945,True,False,False,2.998035208404897,1.8779559061556226
33.020005,36,406.809802,True,False,False,3.0493825987709475,3.0423925588731895
39.869974,151,407.981537,True,False,False,8.803681291371706,6.083866624962571
41.015463,82,408.620535,True,False,False,7.548366732935497,5.381144404878303
39.166299,86,409.304249,True,False,False,5.118588748931607,4.725526058141115
27.392893,24,409.499659,True,False,False,1.78364418762821,1.8753633552738407
28.592353,33,409.753427,True,False,False,2.397125053219322,2.4462372771271537
30.627302,91,412.615442,True,False,False,6.409002586226624,3.629217149844043
45.044234,61,413.081916,True,False,False,6.049810122198749,5.622539450117281
47.280256,82,413.731957,True,False,False,6.783523215373484,6.081207427431816
34.455465,55,414.143778,True,False,False,4.460470743937409,3.6229304039371795
31.891701,35,414.465948,True,False,False,2.9561187467693135,2.8662188084358733
38.762924,154,416.1587,True,False,False,10.433025442665377,5.915551839930759
28.643407,37,416.456663,True,False,False,2.4991521441959708,2.2913601388129474
28.235446,28,416.67632,True,False,False,1.8609862574003926,2.043829461605253
31.599026,30,419.093918,True,False,False,2.6461511755627733,2.7413966244479213
35.367971,73,419.686254,True,False,False,6.462744663022304,4.267650136436328
24.863227,31,419.942531,True,False,False,1.7603193361971394,1.5218950251131007
29.217115,47,420.3263,True,False,False,2.576288631688707,2.5541462428209623
29.365523,37,420.6366,True,False,False,2.4571793426524886,2.4376828707802467
36.255337,59,422.494844,True,False,False,5.678230061041465,4.0920549558162405
40.050531,96,423.289102,True,False,False,6.07386289308305,5.217243960534817
28.47525,36,423.569252,True,False,False,2.3945667809712523,2.2754124530621103
33.63193,76,424.169476,True,False,False,5.9845590339338735,4.111696063624131
-19.541734,49,426.728725,False,True,False,2.2820614615994113,5.110148294129761
43.436952,65,427.224275,True,False,False,5.2591375377686225,5.18664898359864
30.632785,47,427.608005,True,False,False,2.735346921830443,2.7354255498554836
42.911429,146,428.949757,True,False,False,8.048956380724846,6.36792545782662
41.031761,62,429.427386,True,False,False,5.125864668523063,4.741578629208751
43.79012,75,429.981418,True,False,False,6.371894587983377,5.569452866128783
25.796791,18,430.10898,True,False,False,1.6105573383565157,1.528920170476565
31.507126,38,430.398631,True,False,False,2.9932689455333183,2.7660716188882666
39.183927,69,433.04458,True,False,False,6.555804934174507,4.6260664729868655
30.378341,49,433.411934,True,False,False,3.0671102604849083,2.848619837142083
44.824381,111,434.314775,True,False,False,7.286657175232856,6.195272032471713
44.599072,70,434.843419,True,False,False,6.784026848192626,5.548578796065317
45.970135,84,435.534047,True,False,False,6.576131430894226,5.910045318436359
-17.779979,6,435.581533,False,True,False,0.6545724682440931,1.8355840594699948
41.947456,82,436.274189,True,False,False,5.756352182892459,5.3492419309036245
38.280754,49,436.65674,True,False,False,6.137320847456887,4.254511887020999
32.326705,44,438.948955,True,False,False,3.5062173680182633,3.0409242460032107
33.842222,29,439.181308,True,False,False,2.9818630269163227,3.0746925624256845
37.521803,74,439.78158,True,False,False,5.5830550109337,4.419816359494658
37.459959,43,440.120095,True,False,False,4.70452607260982,4.042820100046478
41.361207,126,441.092743,True,False,False,7.392611607158059,5.619848470522473
32.181628,54,441.535994,True,False,False,3.710567355633801,3.2393206403804884
43.503816,73,442.15892,True,False,False,6.718252066364637,5.547088153637232
42.364011,52,442.568112,True,False,False,5.553783732219163,5.004576918596929
-6.529005,45,442.907277,False,True,False,3.7828988190317707,4.563728126375434
32.98699,43,445.136143,True,False,False,3.4734084128919247,3.2148896061070262
30.727813,32,445.479517,True,False,False,2.7953087960124763,2.7256524192156277
37.100162,39,445.82082,True,False,False,3.9442336823370936,3.8287807000080383
32.543972,34,446.095891,True,False,False,3.199464737837134,2.957127253666436
-19.010245,8,446.159961,False,True,False,0.48277680878824986,1.7919443560447366
40.130939,65,446.65349,True,False,False,5.420517072272994,4.816287138661039
36.216144,45,447.002188,True,False,False,4.4939178047510895,3.7793363951975354
44.317802,67,447.510664,True,False,False,6.4014659472519195,5.624423250546825
26.364058,16,447.637316,True,False,False,1.6657101378336496,1.5859672205328692
43.631088,135,448.750214,True,False,False,8.953557050027872,6.5921998404693225
31.291664,56,451.246229,True,False,False,3.7727160487481237,2.9551584598846303
31.677097,55,451.783933,True,False,False,5.02483817196026,3.068886894475534
24.907833,46,452.124889,True,False,False,2.491712871890213,1.6682341869162223
40.739854,47,452.497478,True,False,False,4.932724318917948,4.64084923418346
31.180708,35,454.301236,True,False,False,3.1938495377908205,2.8168112399392125
35.499152,47,454.830886,True,False,False,4.890954152968861,3.7295148150672928
29.303964,36,455.146805,True,False,False,2.3002084427998066,2.2912479563881587
40.236864,56,455.605892,True,False,False,4.783159911209936,4.6192357181622805
46.722769,65,456.10839,True,False,False,6.205582568403052,5.935444300144849
35.260736,64,456.597365,True,False,False,4.421083074577422,3.7169221548991334
36.6777,46,459.358963,True,False,False,4.413400301340443,3.9738098875126053
28.538163,42,459.692389,True,False,False,2.39972531257389,2.3385363053454484
41.632266,65,460.180912,True,False,False,5.225980421071256,5.049828798885073
29.051242,17,460.312429,True,False,False,1.9508509231874096,2.083673241594827
1.020091,55,460.744296,False,True,False,4.899583016914406,6.619523677830769
44.867702,105,461.595347,True,False,False,8.35930668184815,6.162232289649734
42.174579,142,462.672933,True,False,False,8.95504116912666,6.013482877713888
42.205106,62,463.133046,True,False,False,6.093738207339587,5.07797760558961
32.690396,33,465.375591,True,False,False,3.0411007444925784,2.9752241969441684
34.998075,59,465.847956,True,False,False,4.4244977692409275,3.834018574372272
28.329802,24,466.037721,True,False,False,1.9759476335572983,2.0379470214638413
32.968161,33,466.287929,True,False,False,3.6217229327132423,3.124225906700318
29.408815,25,466.476341,True,False,False,2.355447192988783,2.2402506862605827
28.862295,30,466.728948,True,False,False,2.24015767638556,2.2574779941132177
29.782374,30,466.964496,True,False,False,2.4536777600607302,2.387632621646585
32.585016,42,467.292747,True,False,False,3.0203688905429846,2.9993671275640965
45.846595,96,468.063922,True,False,False,8.065747506263621,6.157900780316611
41.752265,39,468.386111,True,False,False,4.6338564942212885,4.560932348998702
29.274888,23,468.58585,True,False,False,2.389393241791437,2.214792525565671
44.907957,69,469.161777,True,False,False,5.883000428641642,5.658516054919837
33.611248,87,471.835629,True,False,False,5.312386149612466,3.8772842284361144
-15.690305,34,472.137844,False,True,False,2.0918882055037913,2.828402613409993
35.452997,36,472.397159,True,False,False,3.6949262639665483,3.4693562948420555
24.944796,26,472.610982,True,False,False,1.6639791343283914,1.5009563615940296
39.982352,53,473.018203,True,False,False,4.900745852563377,4.475173213562043
28.214671,55,473.434491,True,False,False,4.016861353174363,2.4537452997909757
48.390561,83,474.056498,True,False,False,7.236140077718092,6.505908094718655
45.621171,111,475.019939,True,False,False,8.615776564859113,6.496426750193267
30.070023,38,475.331945,True,False,False,3.281814872247143,2.530392819068369
38.776286,92,478.027496,True,False,False,6.897325785006664,4.89149225486299
35.888762,110,478.99864,True,False,False,7.13034416528695,4.517688694430348
28.278193,98,479.788469,True,False,False,7.263828192000421,3.2455295490879723
39.114938,64,480.31175,True,False,False,6.34950158211619,4.476238282700664
34.801969,47,480.678491,True,False,False,3.7245548029272,3.4476903130004346
49.800143,104,481.579591,True,False,False,7.762696525501514,6.910046013114308
30.936806,82,484.282212,True,False,False,4.308920840852339,3.668597425719315
35.650394,59,486.1179,True,False,False,4.818693717184142,3.848814822565692
46.373564,63,486.795943,True,False,False,6.420340103546478,5.862875677710346
36.374129,50,487.323294,True,False,False,3.981836693059201,3.8284837671282728
38.419557,45,487.699277,True,False,False,4.051714436298608,4.076459221215804
28.149953,28,487.921312,True,False,False,2.1083101163864515,2.0697338349144423
53.113297,87,488.661923,True,False,False,7.703676659031484,7.230364167349152
33.707487,33,488.929791,True,False,False,3.1901091225550635,3.1584141756494275
28.658866,19,489.081081,True,False,False,1.8847164216996133,2.080489450792402
42.356184,93,492.209914,True,False,False,10.154624872276285,5.838918714803238
45.586734,79,492.827326,True,False,False,6.279203885531357,5.7529425853682135
39.405645,54,493.254,True,False,False,4.792602019290805,4.420178672535466
-17.312347,23,493.439567,False,True,False,1.500342654309964,4.963633555691296
42.207533,110,494.341844,True,False,False,6.908263496041892,5.666641232122762
33.451307,51,494.754889,True,False,False,3.6600983880507085,3.5866675781997044
35.532488,89,495.461304,True,False,False,5.233797747107364,4.195221597267928
34.998889,51,495.856695,True,False,False,5.411762305047963,3.7215063098542545
32.973146,49,498.252303,True,False,False,3.7617593684889314,3.1620890927376237
39.277443,46,498.689612,True,False,False,4.617507843608447,4.3371935169509115
-13.324136,14,498.907013,False,True,False,1.4824565140562858,6.7286770092710695
42.18946,61,499.440971,True,False,False,5.429011377555187,5.088838982046897
42.769732,143,500.542613,True,False,False,8.919955251329023,6.309074832627929
32.95798,41,500.868346,True,False,False,3.1979438503491453,3.128020392674441
44.182591,45,501.228563,True,False,False,5.084934834593581,5.192372514035008
28.5856,29,501.4582,True,False,False,2.0637215299968616,2.072674631511987
44.912632,73,502.151106,True,False,False,6.272643243203304,5.5140627212012
30.623319,36,504.478028,True,False,False,2.532264422272499,2.5974601692578156
40.346267,44,504.836727,True,False,False,4.805166923322168,4.4959530991918415
46.40825,58,505.337493,True,False,False,6.575136764464822,5.939730073292307
30.421686,33,505.608883,True,False,False,2.8634086617964427,2.581550184381744
39.264559,52,506.031434,True,False,False,5.125043866197947,4.36180234672468
39.164235,81,506.66081,True,False,False,5.825994214616513,4.644987981648813
-7.427238,47,507.021525,False,True,False,3.6649894374181726,4.558384684734477
31.361761,46,507.375962,True,False,False,4.842962764352063,2.9534837726521164
28.341101,36,507.649065,True,False,False,2.479982040552706,2.2098523140554263
34.208064,31,507.899952,True,False,False,3.0693239564086108,3.145066279446705
43.379393,72,508.639909,True,False,False,5.980795935210454,5.448498080401134
35.73503,43,511.091908,True,False,False,3.6381207748931104,3.578983657642667
32.099456,25,511.288,True,False,False,2.810041083520756,2.8102664658597463
27.170366,24,511.480705,True,False,False,1.8265687824153838,1.9028098767894404
31.643768,49,511.920649,True,False,False,3.5739123571684064,3.179240087226991
43.957724,50,512.306495,True,False,False,6.057042445864035,5.270909835129974
29.730504,30,512.51327,True,False,False,2.333190744987523,2.4177975477914746
44.489998,78,513.119186,True,False,False,8.153159836767804,5.800603693762773
38.544247,47,513.484977,True,False,False,4.2364951079078175,4.076499117239953
-6.00529,74,514.074547,False,True,False,5.763608666802929,6.7644517991374755
47.470536,100,516.907333,True,False,False,7.607939339615469,6.601977263951825
26.630315,20,517.067245,True,False,False,1.6140551057565191,1.6675449571549101
33.753477,27,517.279672,True,False,False,2.9314934684257943,3.0525976744717993
32.267074,39,519.217511,True,False,False,3.807291606425622,2.9339418698984683
47.293239,82,519.858062,True,False,False,8.024500351197897,6.460393687680015
29.00977,39,520.161688,True,False,False,2.691605163506671,2.3400598622019446
2.069971,47,520.540237,False,True,False,5.759047508804602,6.065771785213749
32.077021,36,520.85364,True,False,False,3.565843471414976,2.9200656996042254
37.959076,126,522.066811,True,False,False,7.266345897164678,5.058204429679573
38.382259,46,522.420527,True,False,False,4.393133004631573,4.166125950702263
25.775901,63,524.940977,True,False,False,4.0051405444670065,2.107474633963401
30.032787,78,525.538361,True,False,False,5.244336909781366,3.272986978797844
41.735904,41,525.851652,True,False,False,4.967488476931886,4.681091957000541
38.061714,56,526.290276,True,False,False,5.480564708909293,4.336371490094555
39.215676,48,526.663347,True,False,False,4.868307705739998,4.36607249897614
32.359278,39,526.965804,True,False,False,2.9770679623467977,2.897623154300764
48.314984,129,528.070487,True,False,False,9.219843028995498,7.120939936061074
34.296786,42,528.423932,True,False,False,4.0370354692236985,3.474737758219182
34.897489,33,528.688361,True,False,False,3.315876060973039,3.4203920618143715
25.982423,25,528.895576,True,False,False,2.018921801833197,1.7176850690808643
34.816411,35,531.329575,True,False,False,3.6843266382954845,3.3892739687161435
37.28,58,531.792335,True,False,False,5.4062563247857,4.275404357315537
39.446224,84,532.441213,True,False,False,6.352260091987615,5.112918890476234
26.574949,38,532.741076,True,False,False,2.9299523610280325,1.969723090710048
36.954289,56,533.175622,True,False,False,4.210318937499498,4.078035462300919
32.588662,40,533.48682,True,False,False,3.146904686743541,3.18121428148144
41.944827,76,534.120596,True,False,False,6.74753651235776,5.139011492115285
42.909616,64,534.704594,True,False,False,5.259115344913776,5.1319429621011725
43.566376,59,535.189213,True,False,False,6.183713237845303,5.313789165026402
40.624666,82,537.893767,True,False,False,5.442555777997893,4.983870773237031
30.396041,174,539.305137,True,False,False,8.94473415640195,5.346205863568411
25.57866,19,539.455334,True,False,False,1.615119285142443,1.5190772593741984
26.70605,13,539.55472,True,False,False,1.5332190655958258,1.6512295308674174
42.786461,109,540.388879,True,False,False,8.8164753794782,5.802652354899824
26.003773,29,540.619494,True,False,False,1.7151209106175562,1.7064510430855557
32.277724,28,540.915954,True,False,False,2.9320436504939167,2.963446851048535
30.995821,39,541.379606,True,False,False,3.142065901932988,2.71148290180403
-16.137285,21,541.54519,False,True,False,1.3964484616328907,3.612631393318036
43.105287,94,544.269181,True,False,False,7.313623411005804,5.7061664428875964
32.165789,28,544.514417,True,False,False,2.669948624104033,2.7322360344944014
29.198817,43,544.883877,True,False,False,3.3545302149760294,2.545652161878471
33.127452,27,545.097727,True,False,False,2.7695335523180384,2.964586272994297
30.394641,48,545.477612,True,False,False,3.284702388910527,2.7028054989043047
31.33046,22,545.649667,True,False,False,2.489933022800257,2.529443868717572
33.360776,25,545.843169,True,False,False,3.0699510432329227,2.922662675897137
33.610522,46,546.196069,True,False,False,3.555264184446707,3.2795288472790807
45.083798,66,546.713513,True,False,False,6.3474865558432185,5.7377894675022585
34.630255,34,546.990582,True,False,False,3.3370443895110777,3.3454571871802417
38.714318,87,549.994293,True,False,False,6.7575422746225176,5.082968537139155
44.2876,44,551.819692,True,False,False,5.638009244666052,5.239030737923738
-6.081856,31,552.066106,False,True,False,3.753003933126378,4.243925478935581
51.512865,64,552.57693,True,False,False,7.846310766461982,6.908681847865915
26.692135,38,552.842916,True,False,False,2.013924255313175,1.8657548223045295
41.494348,61,553.325055,True,False,False,5.368063150715369,4.994819255031102
-19.800186,22,553.500303,False,True,False,0.8201292387581611,5.169568620686101
29.573986,26,553.712161,True,False,False,2.7244979863070147,2.263671712919878
41.889103,87,554.434894,True,False,False,6.281964792653808,5.3974044549398
-15.973759,15,554.558159,False,True,False,1.227091254343356,3.931816525862593
30.331004,52,554.975224,True,False,False,2.9776495030641255,2.6818847355489197
43.88688,81,557.681646,True,False,False,5.554841149855665,5.514644162208873
28.827327,27,557.888529,True,False,False,2.5866086819499885,2.223809499333672
30.865246,30,558.1172,True,False,False,2.477688527216132,2.595825573791408
37.443129,45,558.471879,True,False,False,4.243808150322829,3.9096204927564058
29.18864,38,558.776634,True,False,False,2.5213250800346687,2.3906275694586174
-4.097646,61,559.242813,False,True,False,4.1438954542991855,5.375142886016442
26.417431,16,559.368285,True,False,False,1.6345240910524517,1.6664554575410335
39.508228,90,560.082161,True,False,False,6.384576156565834,5.198113502655202
36.134733,79,560.738364,True,False,False,5.769861615291058,4.197159395708679
41.176244,70,561.286443,True,False,False,5.121089242123456,4.8645544091072885
-7.383366,44,561.668892,False,True,False,3.665003113449034,4.333182962906759
45.821184,65,564.564104,True,False,False,6.781695154742379,5.751297258220509
42.145338,68,565.099863,True,False,False,5.380163227060013,4.990716678861
27.581041,38,565.409519,True,False,False,2.8432175727759517,2.15513504161265
36.025618,35,565.688789,True,False,False,3.8186281266172997,3.640612653533496
34.90752,50,566.085529,True,False,False,4.344294563122324,3.583126097658192
37.842647,32,566.327442,True,False,False,4.416996121903148,4.069661177998692
42.992358,83,566.980393,True,False,False,7.215157720764214,5.5001974199107435
42.275037,70,567.552232,True,False,False,6.82226046167814,5.481477215815043
36.672209,64,568.165466,True,False,False,4.210975153262364,4.096774561732214
41.147893,61,570.634836,True,False,False,5.39531105433261,4.765164268893319
39.791376,64,571.165258,True,False,False,4.86884505625167,4.633273365370648
38.972052,55,571.610536,True,False,False,4.371596244992869,4.272949780698476
30.477828,39,571.924139,True,False,False,2.9199307934028087,2.65580068230756
32.637386,42,572.255817,True,False,False,3.5979865066462384,3.170807242435798
29.707205,36,572.526391,True,False,False,2.4028994452638823,2.3811465164713717
27.332668,20,572.682265,True,False,False,1.7237974155315485,1.8522823936503698
30.411664,61,573.15047,True,False,False,3.8024908988243205,2.917388350284625
47.311387,120,574.154209,True,False,False,8.491694876833094,6.665278986826454
43.396544,72,576.666054,True,False,False,6.086308086562539,5.589124015045393
37.621657,59,577.118054,True,False,False,5.166191960017835,4.320938310891442
44.783837,52,577.561268,True,False,False,6.833586374212563,5.546784654557924
39.095654,37,577.888572,True,False,False,4.3432233597274115,4.241084188766162
36.650091,54,578.307609,True,False,False,4.369525854538995,4.00356804551039
32.647908,60,578.82728,True,False,False,5.068428803984467,3.340587872073646
26.151963,18,578.957117,True,False,False,1.6937857832417982,1.5728992100847927
26.576417,21,579.116837,True,False,False,1.7391841765882077,1.7034046755348269
28.418342,30,579.349702,True,False,False,2.407819353622035,2.222851844330604
45.345188,94,581.74877,True,False,False,7.049266900374633,6.013202978767786
37.445663,44,584.397423,True,False,False,4.132826223839523,3.88560353892727
35.118582,46,584.758587,True,False,False,3.537598726858073,3.533091874450055
26.060416,56,585.181187,True,False,False,4.075901385306961,2.070487230310399
33.842502,31,585.418922,True,False,False,3.4014811858453666,3.2066765250204905
49.811411,97,586.222922,True,False,False,8.016830017775709,6.914708149446081
44.856345,70,586.923237,True,False,False,8.006291392791205,6.014729530193223
33.514796,77,587.572184,True,False,False,7.5257733601089765,3.9251374656909097
27.023578,38,587.881197,True,False,False,2.0546802076417063,1.942867496213909
36.544441,70,588.412218,True,False,False,5.05285576904231,4.152992695202333
31.436217,46,590.711552,True,False,False,3.6501965386963526,2.9010308973934027
33.073091,37,590.994683,True,False,False,3.571563557221301,3.0921515577317447
48.568744,121,591.932616,True,False,False,9.047968234270423,7.1300024074858985
40.837514,45,592.288189,True,False,False,4.410597402811905,4.490022590256362
30.510802,37,592.580043,True,False,False,2.9752624812062427,2.515803359832858
34.210339,37,592.87629,True,False,False,3.1622238236935303,3.1682922249238903
36.71503,59,593.38877,True,False,False,6.219893425380683,4.076087525728821
38.61348,58,593.843196,True,False,False,4.503174449705246,4.333673077275988
25.255296,32,594.084971,True,False,False,1.5916937801486348,1.6323739063869298
-14.124032,20,594.241903,False,True,False,1.397706090280576,2.781499260828702
40.843835,97,597.453109,True,False,False,5.831641787793231,5.13238091161803
42.737677,58,597.898531,True,False,False,5.2528444355375115,5.040014823160912
36.815794,44,598.219906,True,False,False,3.6628501053680593,3.8014303309628428
-17.737674,11,598.299182,False,True,False,0.7643057769943249,6.247287401654511
26.453823,23,598.469568,True,False,False,1.8252613370217996,1.7554763056847273
31.498692,28,598.692627,True,False,False,3.038645363337979,2.7490978398072463
33.042761,49,599.093752,True,False,False,3.508556241197847,3.2986998683257505
26.608563,34,599.373039,True,False,False,2.71349132380708,1.9142806477411123
38.192751,70,599.926932,True,False,False,4.823804577609712,4.438009433352365
27.560199,22,600.099599,True,False,False,1.9874109277289735,1.8470588584962593
30.458632,18,600.244423,True,False,False,2.2789418648060726,2.3757215179982563
33.01632,33,600.509437,True,False,False,3.159490821954691,2.9936158900402177
26.122235,18,600.657414,True,False,False,1.4434638890702964,1.5679057633321607
-13.98652,19,600.807092,False,True,False,1.9646362290333808,3.8269620604625607
43.01072,80,603.422208,True,False,False,5.983443405395764,5.298481065298018
44.514964,60,603.894699,True,False,False,5.901249173379245,5.498516846153348
44.880183,64,604.432408,True,False,False,6.386221966613187,5.689331708010427
-17.222819,14,604.549368,False,True,False,0.825268930255065,1.805749992285137
40.77161,47,604.921074,True,False,False,5.126720020277998,4.708308876558239
43.627877,91,605.611115,True,False,False,6.489455893829573,5.540827580826905
27.84192,26,605.791154,True,False,False,2.1826467913548497,1.97795655838318
37.249357,101,606.513506,True,False,False,7.070395858555238,4.783663770273884
33.391122,49,606.862104,True,False,False,3.8132613497066647,3.368392155934729
39.018367,64,609.202541,True,False,False,5.402510361827262,4.417542070066025
24.266869,22,609.367786,True,False,False,1.9789396810761073,1.5252665185733405
41.163678,82,609.997878,True,False,False,6.416137405883042,5.246985504954632
26.955398,26,610.198079,True,False,False,2.0964542619780913,1.8277281409446269
-17.681386,33,610.447065,False,True,False,1.6066248096358746,4.538723177213858
43.411398,50,610.834097,True,False,False,6.5273885989552936,5.221082068186712
26.252435,27,611.047426,True,False,False,1.872563246332821,1.8317322568178567
30.119913,40,611.36021,True,False,False,2.5800346021877654,2.528459414572942
46.468487,68,613.211789,True,False,False,7.502261105233671,5.966191108660292
25.594731,19,613.356516,True,False,False,1.3152772711753369,1.5385870468531038
30.57565,154,616.469761,True,False,False,8.48176356112123,5.017597358152904
51.437811,68,617.040656,True,False,False,7.332381932980623,6.876091914299526
38.319385,36,617.343062,True,False,False,3.9905574711714884,4.0759446705900775
26.693525,31,617.587517,True,False,False,1.9614387952023342,1.8798153159134925
29.830117,56,618.009767,True,False,False,3.3619591965834097,2.779952734944662
-7.110538,46,618.37849,False,True,False,5.812862517851453,5.165883965773499
40.873579,64,618.889822,True,False,False,6.203103276336074,4.867034676886547
42.199887,46,619.240242,True,False,False,5.256794999390191,4.849251264371145
35.07419,42,619.549901,True,False,False,4.012460292251014,3.4380883118296177
30.669815,28,619.771715,True,False,False,2.4456232732167673,2.4932040945458316
31.556036,24,619.963994,True,False,False,2.6637935990208286,2.6870735770607834
42.732494,62,622.380607,True,False,False,5.473911759028718,5.172486190168946
25.960838,22,622.558716,True,False,False,1.5299388949711876,1.5873860687005856
28.450317,24,622.74651,True,False,False,2.109045110817089,2.0713487278583975
37.673492,49,623.11869,True,False,False,4.389226019600356,3.967865435981855
33.380073,54,623.512432,True,False,False,4.166046338696528,3.241301332232602
48.190813,71,624.061422,True,False,False,7.765839154787004,6.3051414585855765
25.414123,23,624.237733,True,False,False,1.5033398624475849,1.5185308475541746
30.728176,56,624.666371,True,False,False,3.2283676686230245,2.885258479562529
34.527414,52,625.057927,True,False,False,4.607332692805771,3.558880819091916
33.988183,39,625.355366,True,False,False,3.5315081240234085,3.295383611184048
47.887725,71,627.868314,True,False,False,6.389278984682228,6.039019518072332
38.016024,71,628.419471,True,False,False,5.734295192946383,4.431161803101126
47.442272,89,629.137151,True,False,False,6.168639941996201,6.203493624830883
34.978008,34,629.398359,True,False,False,3.4567427112765587,3.4107537792674187
34.244797,46,629.756202,True,False,False,3.900343853884677,3.4705073078389677
32.713566,45,630.104227,True,False,False,4.223287382669533,3.048683198044365
49.310032,73,630.654735,True,False,False,8.968339404538094,6.743228586078814
40.527621,129,631.665231,True,False,False,6.949150851752544,5.474239311916607
25.877434,17,631.7978,True,False,False,1.9799252414374113,1.5263921058558665
39.114324,59,634.251599,True,False,False,4.97336119953928,4.380551871683064
30.031401,37,634.530883,True,False,False,3.459462863591661,2.570132955090089
46.738139,60,635.01328,True,False,False,6.220693724668231,5.905902864631009
38.258498,59,635.475695,True,False,False,4.087811063479649,4.139406035592163
28.377213,40,635.787673,True,False,False,2.370237261670477,2.2939595741973693
46.607971,80,636.399203,True,False,False,6.851839118952865,6.055979716240644
28.158442,48,636.787361,True,False,False,3.987393495487897,2.3382541884397496
37.549763,39,637.083301,True,False,False,4.175502428491825,3.925207004540962
38.517386,40,637.396567,True,False,False,4.309032229653952,4.148234911657058
34.495239,30,637.61843,True,False,False,3.2434714429997964,3.136528966725496
31.084108,42,639.798912,True,False,False,3.733536943389592,2.8005371078166075
43.796732,71,640.34466,True,False,False,6.55804845031019,5.559114402193675
37.175163,70,640.894356,True,False,False,6.653515843687057,4.270218421359917
36.102176,60,641.366218,True,False,False,4.521615742872553,3.9055704270376457
34.227869,46,641.716685,True,False,False,3.623528433871782,3.4217742037006667
37.048667,42,642.040966,True,False,False,4.048641029298054,3.842323268300564
31.439839,63,644.028732,True,False,False,3.3826851139668195,3.129783324339464
33.049135,66,644.533848,True,False,False,3.471529824714939,3.374007616780015
35.496029,32,644.785584,True,False,False,3.882464275915623,3.5064323057755544
28.85031,29,645.009759,True,False,False,2.104175631765335,2.1289378448968916
29.745655,74,647.530266,True,False,False,4.917574505124903,2.89948069838528
45.705327,82,648.164308,True,False,False,5.95298991567949,5.785244121323949
35.418658,68,648.716671,True,False,False,5.11428735100465,4.091201154080882
45.698391,132,649.769624,True,False,False,9.150809757641861,6.5863825773306415
28.30457,46,650.135971,True,False,False,3.146762317943221,2.4070708861561987
36.678178,36,650.415995,True,False,False,4.30266584730894,3.769990986222681
37.839851,68,650.932726,True,False,False,4.829945140986906,4.309205229687704
33.144424,36,653.134085,True,False,False,3.9521675394890554,3.107075112963466
49.373057,84,653.773548,True,False,False,7.186135321826252,6.6268665858420785
32.46576,27,653.974802,True,False,False,2.682027480717509,2.8155987728401746
36.298511,75,654.525004,True,False,False,5.050250688739622,4.0882083925848995
43.80466,67,655.043136,True,False,False,6.855337227839947,5.508860067849538
31.106865,28,655.273126,True,False,False,2.399143759781748,2.619065547589567
-3.444983,46,655.641246,False,True,False,4.991167093927887,5.875996031384867
32.567659,27,655.84603,True,False,False,2.7316039273796715,2.792921808895024
41.891255,49,656.238362,True,False,False,5.268476646742317,4.884431138415261
34.313512,85,656.96273,True,False,False,5.234300498451558,3.9177249662134517
54.372563,168,660.279172,True,False,False,11.598947200596847,8.663623301654633
-15.110589,12,660.373706,False,True,False,1.2595017526848808,6.762960432161421
35.692041,68,660.907939,True,False,False,4.408193176985433,3.9857017680922673
39.827326,110,661.801877,True,False,False,6.755367311588368,5.2102424328179815
36.711097,109,662.664384,True,False,False,6.324233524179734,4.54768395196642
41.208049,93,665.329091,True,False,False,7.117479182239093,5.208339221281523
45.888289,95,666.12754,True,False,False,8.362016323501503,6.060542111914582
34.6122,36,666.412003,True,False,False,3.178921955216331,3.2988694013819786
45.252556,66,666.910285,True,False,False,5.677382488303354,5.596261266908484
40.62367,59,667.390118,True,False,False,5.111619551339749,4.65819848948269
45.621459,141,668.57936,True,False,False,7.989814326803856,6.54095369403585
40.323871,93,671.097663,True,False,False,6.670686270429163,5.252512451371434
30.740836,47,671.457679,True,False,False,3.647561269959746,2.976321369153506
49.824368,98,672.215925,True,False,False,7.757228746987467,6.868973192377849
35.89829,71,672.807419,True,False,False,5.136219078771564,4.272567755520771
29.285069,29,673.030555,True,False,False,2.536791767962763,2.308489686429735
39.051928,47,674.736725,True,False,False,5.604318399014533,4.207079210547672
26.893755,24,674.925258,True,False,False,2.552834105752004,1.8352412515479997
26.228603,14,675.03679,True,False,False,1.5274855189080923,1.5469991350914394
36.500665,55,675.46316,True,False,False,4.567824061520543,4.021529927485962
35.222198,62,675.946933,True,False,False,4.886209750277246,3.8621153202727934
46.923071,85,678.574433,True,False,False,7.794926445740898,6.147159674355452
38.017183,39,678.912408,True,False,False,4.424075711516603,4.086704657296912
45.32458,54,679.33475,True,False,False,6.733155385974284,5.583733595057041
27.480438,12,679.426412,True,False,False,1.6084532300417964,1.710822640532107
37.69684,28,679.638172,True,False,False,4.1025094408667,3.780414838251367
29.71829,36,679.916935,True,False,False,3.565186310079201,2.4746885541299357
31.346997,26,680.123696,True,False,False,2.93115449539694,2.696206934110591
46.559017,46,680.475361,True,False,False,6.149804421722206,5.747970165486639
-12.552464,28,680.695533,False,True,False,2.381090266722047,3.903947297372591
38.662015,84,681.311374,True,False,False,5.068159303099237,4.629395089221479
41.378141,60,681.786723,True,False,False,5.22934364770139,4.798583249054242
27.706485,30,682.019085,True,False,False,2.2849492136904352,2.000028266071207
35.458473,50,684.395261,True,False,False,5.754428524726038,3.822697310297364
47.023643,62,684.902386,True,False,False,6.450612998896535,6.003868755227493
43.522658,59,685.341195,True,False,False,6.125605415428304,5.292359745870623
31.081321,32,685.604517,True,False,False,2.742704440019446,2.6456243475662076
28.52341,27,685.802208,True,False,False,2.3066582714669446,2.059316919369662
30.766062,32,686.058943,True,False,False,2.688531482618519,2.603142265933874
39.787037,41,686.389949,True,False,False,4.507511912714728,4.3385085054854216
38.056189,62,686.878069,True,False,False,5.158773161235375,4.384076595825347
32.89525,51,687.271121,True,False,False,3.3084458426883088,3.230482864480603
33.422497,43,687.604649,True,False,False,3.1430313286325475,3.2037932772661186
40.141025,70,688.152377,True,False,False,5.637855990419135,4.761286729101968
45.262831,83,690.778792,True,False,False,5.844389183556892,5.730308055589634
31.191095,41,691.102643,True,False,False,3.0142919528644416,2.8278107461849045
31.128883,45,691.457323,True,False,False,2.8545020283672047,2.761328468736532
43.980269,72,692.016348,True,False,False,6.273325003603234,5.512903609965825
39.668373,48,692.415111,True,False,False,4.541751971497955,4.341985276247116
36.086654,63,692.912384,True,False,False,4.176684560486179,4.0061240707111105
44.285108,61,693.401178,True,False,False,5.362535971193567,5.322440571856907
40.133768,43,693.743337,True,False,False,4.554864584482372,4.367075247933899
39.207177,37,694.052258,True,False,False,4.823268022046977,4.270883306926817
37.521528,70,696.433291,True,False,False,5.822711255554355,4.296552212748946
32.05945,46,696.789391,True,False,False,4.150345923096504,3.0658515058154787
36.946233,34,697.049523,True,False,False,4.069977411294209,3.8480543774257785
27.25394,30,697.282619,True,False,False,2.2413975605325214,2.137442979164685
30.73732,49,697.652121,True,False,False,3.227515965048494,2.786091379975111
37.838002,54,698.073695,True,False,False,5.293996111094428,4.10636241825784
26.019758,20,698.229497,True,False,False,1.6931016002643522,1.5914621336918318
42.744076,44,698.584364,True,False,False,4.962810227573196,4.920702103368033
35.266257,41,698.915899,True,False,False,4.069708411399792,3.4955414609199402
36.317263,84,699.55286,True,False,False,4.659367867662104,4.1826228846031785
48.180284,79,702.063693,True,False,False,6.722641686367572,6.192202229475526
40.714765,67,702.570348,True,False,False,6.498612152307094,5.298016113231669
31.852115,34,702.822527,True,False,False,3.192625882875424,2.8055163847379703
45.397145,66,703.325704,True,False,False,6.345010783738625,5.550435836390732
39.898651,38,703.617118,True,False,False,4.438461119004493,4.398436420209215
25.811223,15,705.318722,True,False,False,1.4758456442926742,1.5264815509135992
25.740841,23,705.486423,True,False,False,1.413012689252862,1.5473950975706934
29.778275,17,705.617132,True,False,False,2.1377112863051404,2.2480018315415067
39.7449,67,706.135881,True,False,False,5.9897800119515905,4.665017738786477
42.427483,74,706.699399,True,False,False,5.432837574251641,5.01683991838008
36.582561,48,707.053228,True,False,False,4.5507467770238295,3.882338115904059
42.109751,54,707.579688,True,False,False,5.24487825518777,5.088480585814531
39.921465,51,709.759141,True,False,False,4.472986709919044,4.358609064334077
34.118664,47,710.128721,True,False,False,3.1982675898886503,3.3123419776180585
33.62582,46,710.502199,True,False,False,3.6247604162524616,3.251208875879156
46.28972,66,711.026901,True,False,False,6.8782358828871795,5.853898925189283
29.447072,25,711.231975,True,False,False,2.303239260966517,2.2974481324853753
40.196408,36,711.512654,True,False,False,4.488674581750903,4.331773639074602
32.847521,33,711.767558,True,False,False,3.014989215008684,3.019757277817725
45.884793,75,712.363775,True,False,False,6.4741666732783045,6.000838479185977
39.751371,41,712.688375,True,False,False,5.89126055040453,4.4989315928395035
41.298255,58,713.137979,True,False,False,5.580141106392998,4.831491175575259
33.120769,58,715.50963,True,False,False,3.9216853442514794,3.297337043264286
26.447949,27,715.714872,True,False,False,2.4823002593681016,1.8067110029213658
30.604979,36,716.002336,True,False,False,3.123137244363851,2.7357209553449002
33.664221,53,716.410047,True,False,False,3.648690322222855,3.265621755652042
39.427964,65,716.903393,True,False,False,6.3406449275183965,4.790376996212387
28.430789,14,717.015533,True,False,False,1.7892229339513646,1.9101972053777863
27.198637,36,717.310007,True,False,False,3.4042313726810853,2.170296688887308
29.361443,45,717.666246,True,False,False,3.7397491993853422,2.574803892256158
-10.864192,37,717.959652,False,True,False,2.7286889083369217,3.6033728355998313
33.997955,30,718.195806,True,False,False,2.966973383751006,3.1836530410761044
27.616333,17,718.331787,True,False,False,1.8023403400954607,1.8923765879201158
39.73026,70,718.895243,True,False,False,5.4236142622682495,4.607638050838107
31.056026,51,719.28784,True,False,False,3.3029200172387845,2.8186388204575707
39.285931,92,722.039449,True,False,False,5.596452853158627,4.815849717977919
-9.340242,60,722.517321,False,True,False,4.850530640994416,4.377337929356445
36.66804,50,722.900768,True,False,False,3.9538913701605494,3.8216295682013732
36.343886,36,723.186282,True,False,False,3.468265096826498,3.5741362057773305
28.13015,81,723.820088,True,False,False,4.46213230920582,2.6673988124926233
32.801467,43,724.130486,True,False,False,3.3052900475423943,3.1104073749446366
39.307647,58,724.592943,True,False,False,5.614642175741493,4.484663497004734
38.854766,66,725.102836,True,False,False,5.157945563649745,4.435476660852099
28.543555,21,725.278248,True,False,False,3.033802059220301,1.9788462929078785
27.874583,45,727.621739,True,False,False,3.5268411921919145,2.2883226684673166
33.689974,40,727.933627,True,False,False,3.246594565749198,3.1621170834139707
32.900658,38,728.237498,True,False,False,2.858818233570671,3.010968893849476
28.306887,30,728.469718,True,False,False,2.25861957313385,2.1408488954479865
41.213511,62,728.963224,True,False,False,5.753831403635439,4.754931850038269
46.20598,86,729.624058,True,False,False,7.475681765853119,6.397258247628739
37.889944,70,730.168126,True,False,False,6.597883023861496,4.296113835766271
26.444238,19,730.315562,True,False,False,1.5235596301716474,1.6855272187254189
36.617206,39,730.614721,True,False,False,4.721582682181292,3.7308661216042136
53.939745,87,731.285542,True,False,False,7.7540153522301845,7.396305841197009
36.662038,40,733.463692,True,False,False,4.3007818234439,3.8092842482816214
28.752918,34,733.740383,True,False,False,3.009177421100153,2.4602290122440196
-8.106839,39,734.028734,False,True,False,3.2920535586923854,5.261392197626447
43.99199,63,735.736527,True,False,False,5.958109229866285,5.404254470867019
39.365118,52,736.152551,True,False,False,4.5849902054665845,4.455529832640546
35.258888,40,736.461528,True,False,False,3.737807984472289,3.533813144803918
26.648213,28,736.679347,True,False,False,2.0973884639224396,1.8048449223255578
42.793673,91,737.379342,True,False,False,6.008450044857425,5.426226831986976
28.67095,22,737.55759,True,False,False,2.199166308574182,2.1220683934914617
48.713233,67,738.074821,True,False,False,7.116158483380104,6.221212435245572
39.288094,50,740.346568,True,False,False,5.319588960145681,4.402611241688445
-11.054791,31,740.588706,False,True,False,2.1983563390926033,4.6722149111132865
42.689893,94,741.3239,True,False,False,9.949490588417012,5.857553239862561
29.921008,34,741.601203,True,False,False,3.5806437975537393,2.6063227258329604
44.003096,92,742.332957,True,False,False,7.912151085334929,5.8531771521671825
-3.742497,50,742.732686,False,True,False,4.183858840653791,5.504382370628969
41.986203,52,743.141688,True,False,False,5.424658994933376,4.796134276944077
44.354095,71,743.721108,True,False,False,6.692399562786486,5.489155628973593
32.084857,63,744.221372,True,False,False,4.378531506008205,3.38390593255633
28.111422,21,744.394348,True,False,False,2.104048401254209,1.9317759356609303
34.007021,46,746.69697,True,False,False,3.8123135740520087,3.3067113760818074
29.450514,47,747.065352,True,False,False,2.5689167341418133,2.5931522893163232
25.465854,42,747.396672,True,False,False,2.900148476745593,2.0875274093595104
27.618213,15,747.505002,True,False,False,1.6506116828518458,1.8682791762476734
42.983328,56,748.004065,True,False,False,5.65295501054432,5.212492737069179
-6.935603,102,748.869842,False,True,False,5.879745326460003,5.779543078069515
33.773509,43,749.250365,True,False,False,3.775650061986988,3.267577060165311
48.962972,82,749.937337,True,False,False,6.932024104146214,6.4039229969560125
31.300076,48,750.329572,True,False,False,3.535938842214054,2.9348654367008127
35.804904,43,753.348942,True,False,False,4.284372020307718,3.6729807712392217
27.038732,15,753.531825,True,False,False,1.7579611946152751,1.746109108607598
36.495098,50,753.96888,True,False,False,4.833439238215624,3.884247690244129
38.701178,70,754.494519,True,False,False,6.878476031429452,4.458744661082657
35.651518,29,754.719953,True,False,False,3.5251968758952947,3.5018156742952637
39.281464,101,755.525373,True,False,False,6.450755493993232,4.949241226665707
-15.945211,39,755.851115,False,True,False,2.869043736470352,3.227409487191472
23.408059,91,756.573977,True,False,False,4.517760636033337,2.492029646866854
35.232574,74,757.187408,True,False,False,6.218539561018742,4.354523936928651
28.567253,44,759.507919,True,False,False,2.8889059665957846,2.3450945714562526
29.393894,39,759.874447,True,False,False,3.9107262388401907,2.494741013448339
30.724404,27,760.107917,True,False,False,2.4179110826597947,2.5369052196236943
33.455639,77,760.796929,True,False,False,5.6294653024195656,3.67640079256376
-16.371079,22,760.991062,False,True,False,1.3671878998199054,2.7312784806395376
-12.288386,61,761.561604,False,True,False,3.7611279793472403,4.388790627889253
43.273904,42,761.943498,True,False,False,5.145962249254811,5.075588667007596
33.126954,39,762.30415,True,False,False,3.515891276764076,3.10360423406075
31.641359,64,762.824787,True,False,False,5.493980450319568,3.0335178464510695
44.975407,64,763.395764,True,False,False,5.647873592210289,5.395574220730257
45.24954,61,763.896983,True,False,False,7.085198250395264,5.587103365901495
-12.721252,16,766.091958,False,True,False,1.8036441437974267,2.440288853352709
25.708837,35,766.36435,True,False,False,1.9875842271997077,1.6752212627982324
43.362984,81,768.239163,True,False,False,7.631410590480034,6.048420591618185
25.647008,20,768.430579,True,False,False,1.7057094207592014,1.5003416763554518
32.630923,32,768.67684,True,False,False,3.20394513720974,2.931572502123402
49.544279,91,769.393514,True,False,False,7.907166401740605,6.608630455420321
29.476322,24,769.596594,True,False,False,2.505908645647416,2.2794648391119416
41.358754,47,770.000365,True,False,False,5.0884728490713425,4.785712731145753
33.443163,38,770.314372,True,False,False,4.079271962427264,3.331965340815267
30.685481,30,770.56935,True,False,False,3.2390650574094515,2.6469245602479843
38.7649,53,770.972471,True,False,False,4.814828765194146,4.272242540473725
31.828229,44,771.315219,True,False,False,3.085549487147573,2.8542849318660233
-16.48382,18,773.385969,False,True,False,1.4374911593739819,3.086276277770484
36.524224,42,773.710379,True,False,False,3.4750719291014085,3.6773411065841297
27.887254,34,773.962109,True,False,False,4.567104516002695,2.152308336135191
26.054042,14,774.063407,True,False,False,1.46360155592074,1.5486116297497796
42.623368,89,774.759622,True,False,False,6.59696202900246,5.548903430650399
35.705627,52,775.163157,True,False,False,4.204191935392282,3.634938690188835
32.829712,33,775.418339,True,False,False,3.7355522608761156,3.0675593060061614
33.135392,28,775.667578,True,False,False,3.3587882347868456,2.9963754225580645
39.389172,44,776.081637,True,False,False,4.472450202200505,4.284390635533497
28.945419,44,776.450164,True,False,False,3.248240310789078,2.394087231799739
46.520822,62,776.939267,True,False,False,7.494166081236642,6.30950746888729
36.099049,54,777.42445,True,False,False,4.267170445418938,3.789975133757511
36.368951,55,779.900498,True,False,False,4.718904547361824,3.878967544537139
44.011735,70,780.44229,True,False,False,6.337683143862558,5.256783014660889
34.258795,51,780.853299,True,False,False,4.965920689038782,3.5446410045422607
29.554914,27,781.088376,True,False,False,2.0302017496445353,2.241424026603156
33.754806,42,781.413698,True,False,False,3.2872018860503647,3.1586569166111245
42.933192,62,781.912528,True,False,False,5.478740092195893,5.198252533557868
44.519642,82,782.665513,True,False,False,6.008743861586488,5.536935635128227
37.884467,45,783.081443,True,False,False,4.747921799317886,4.111180080364475
30.501934,19,783.212823,True,False,False,2.3448936659523056,2.3465417415920893
36.983536,63,785.814137,True,False,False,4.181122634214551,4.053146925610647
31.753318,42,786.143394,True,False,False,3.903793767427467,2.912636615994267
33.528173,25,786.335112,True,False,False,3.0107044635901263,3.0335634392506488
38.715096,35,786.615882,True,False,False,4.263953575958506,4.0803937317709895
-1.924108,50,787.040111,False,True,False,4.002262103449543,5.773720414902872
29.084781,28,787.28316,True,False,False,2.2813587992462145,2.230958153603232
44.761606,80,787.896626,True,False,False,6.206029451304325,5.5944144708281005
33.055204,76,788.555457,True,False,False,4.8826334541490075,3.4468101980738464
44.435764,66,789.164713,True,False,False,5.900268869841561,5.568275486515618
32.59676,27,789.394522,True,False,False,3.118295990058185,2.9037668584771046
44.29659,56,789.840379,True,False,False,5.891838438742642,5.2236249853889625
38.025342,61,792.224684,True,False,False,6.5368287383651555,4.552267631491517
45.695741,102,792.964804,True,False,False,7.311402179864586,6.42673999380227
34.180853,41,793.260978,True,False,False,3.52764883147641,3.241200933729351
29.382211,33,793.512733,True,False,False,2.4925605051765634,2.375116425419895
29.736919,36,793.797725,True,False,False,2.989416196831193,2.716916828736407
43.22163,58,794.251679,True,False,False,5.381098100102293,5.155809580569957
44.789604,77,794.877951,True,False,False,7.026746380194516,5.848552382496372
43.878489,57,795.324641,True,False,False,5.549854268186441,5.263271348116104
28.629957,24,795.511043,True,False,False,2.232174474222475,2.163664061480968
42.829366,51,798.066519,True,False,False,6.954523614544321,5.0292218458499045
33.491106,32,798.339033,True,False,False,3.286883942502588,3.1317767442744984
25.406319,22,799.909898,True,False,False,1.3755730339621919,1.5308534860774192
56.146644,84,800.62494,True,False,False,8.335948849208743,7.763384947817119
37.668965,61,801.302272,True,False,False,5.052129516671563,4.215480329611956
27.943584,22,801.518784,True,False,False,1.791622225325905,1.9846976222612687
31.106742,45,801.920959,True,False,False,3.8585170049436823,2.8409164542193013
32.657894,58,802.484655,True,False,False,4.786270463205883,3.227241177010898
35.33135,58,802.949811,True,False,False,5.8730549150989715,3.841631667479251
42.312565,49,803.330261,True,False,False,5.305750401223077,4.8772101009610065
45.069181,64,803.822784,True,False,False,5.683639043290081,5.503173261340448
42.513528,79,806.500867,True,False,False,5.440922136577872,5.157930073981501
43.873917,42,806.80576,True,False,False,5.638559723328217,5.209277864726037
30.518807,22,806.977769,True,False,False,2.251247977265898,2.406192945376033
28.414962,28,807.191002,True,False,False,2.3020817031130965,2.12703636483882
-15.839501,20,807.343411,False,True,False,1.8141933564801789,2.2423589703681066
32.231635,35,807.621215,True,False,False,2.833248921546869,2.9281860529029506
41.510918,41,807.957537,True,False,False,4.838138472249434,4.684659608310103
46.97107,54,808.394106,True,False,False,6.818947272576297,6.019839138894175
37.99341,58,808.855701,True,False,False,5.480995394580935,4.316775792409254
33.408711,48,809.231725,True,False,False,4.186103085917119,3.4436593588753466
35.104621,61,809.730966,True,False,False,5.360494124496876,3.812157789393415
32.905182,37,810.002737,True,False,False,3.0466859203007535,2.9934657268366567
49.224364,70,812.394847,True,False,False,6.638884266064164,6.172046998057943
43.763758,59,812.861758,True,False,False,6.121234453030186,5.357337959636171
30.622935,27,813.065078,True,False,False,2.504509841830516,2.4644311731274073
31.886475,33,813.353138,True,False,False,2.8285885563696676,2.7504114749296193
30.954817,27,813.572642,True,False,False,2.5469457137576224,2.562669234385145
40.489865,45,813.952139,True,False,False,4.580022704818517,4.566025809927029
28.976551,22,814.140802,True,False,False,1.9101231596381147,2.151030510212539
26.062031,11,814.223913,True,False,False,1.3572528967393374,1.5487410293123145
37.493836,32,814.470409,True,False,False,3.8160305249291913,3.812583837577643
26.59331,17,814.603748,True,False,False,1.7945358470032935,1.660732307365282
38.552518,60,815.055165,True,False,False,5.151692945906063,4.419792751643797
40.396816,47,815.411598,True,False,False,4.5182585368092125,4.507210200525866
36.48771,40,815.720533,True,False,False,4.246702173806022,3.7128792258098273
45.285102,63,818.214892,True,False,False,7.0966860349721745,5.757129157247565
26.116692,14,818.325633,True,False,False,1.474756798526674,1.606185873749872
37.408509,52,818.798018,True,False,False,4.515976900086474,4.095991110116786
34.605779,42,819.138193,True,False,False,4.564194698092438,3.5237785130502233
34.296116,46,819.496617,True,False,False,4.07503322975929,3.4339883250582766
37.230282,75,820.077234,True,False,False,5.52169773947916,4.399425728198956
28.459604,24,820.256914,True,False,False,2.3205436307689085,2.091936399614335
50.841353,76,820.839914,True,False,False,7.201411823910807,6.67610531698787
31.180806,33,821.112543,True,False,False,2.903601171140865,2.6438784797014874
31.302612,47,821.485886,True,False,False,3.163018223367097,2.8351611227249434
31.005244,29,821.736883,True,False,False,2.5220385649861283,2.629401063649431
41.258275,48,824.029815,True,False,False,5.709144793594528,4.657750238051225
35.778424,46,824.345319,True,False,False,4.802005746114776,3.7398588508323183
33.706272,58,824.760405,True,False,False,4.029456511211223,3.3323054017090983
35.691642,34,825.025897,True,False,False,3.6846539183903353,3.5585816358060236
42.856725,80,825.674144,True,False,False,6.656568831472652,5.530740393533944
38.535286,61,826.175461,True,False,False,4.83084358302258,4.141689040143522
32.841151,35,826.504505,True,False,False,3.4322382839096397,3.0511546397171747
31.05054,26,826.744045,True,False,False,2.3421321507591424,2.548506387730901
30.755645,62,827.217669,True,False,False,4.17382911388689,3.101735629321527
28.180133,49,827.580932,True,False,False,2.482615165225603,2.3144966900740487
32.799918,55,831.488773,True,False,False,4.150627410287897,3.254693356476028
34.909237,75,832.089163,True,False,False,4.996162076165772,3.958676701853323
29.449643,24,832.28821,True,False,False,2.231634881132525,2.3252293071257
47.324952,90,832.990005,True,False,False,7.230335420066914,6.306116604929783
31.221061,26,833.194816,True,False,False,2.905912267678747,2.614134382991702
37.928134,32,833.45011,True,False,False,4.574202064369894,4.003336789723706
49.801946,67,833.983648,True,False,False,6.9583730559603945,6.450057441496499
26.372983,27,834.221446,True,False,False,1.9367847246129313,1.7354557066514156
37.11766,43,834.568189,True,False,False,4.270155388146461,3.88993389166098
32.485064,24,834.771839,True,False,False,2.616426877141685,2.7445543718248935
28.001815,54,835.220387,True,False,False,4.418352037275986,2.4014462117996715
33.235974,49,837.536155,True,False,False,3.4394805169262823,3.269371488272027
25.888286,30,837.761213,True,False,False,1.8697166551211286,1.6767335380475366
-2.627158,44,838.118792,False,True,False,4.708341704181527,4.8687302023744925
40.008535,48,838.499647,True,False,False,5.11953489540392,4.637229325652408
31.124975,32,838.82646,True,False,False,2.766042922276878,2.5702511811007946
36.271642,67,839.380524,True,False,False,6.8407144939490525,4.165507868187915
-6.224599,43,839.690495,False,True,False,3.651967058204601,4.8419389281371625
40.740388,62,840.179915,True,False,False,5.254436733465287,4.8275378454282905
41.762886,84,840.857752,True,False,False,6.923558335113044,5.1501718459664785
45.279669,52,841.272815,True,False,False,5.939728029464796,5.548779196877855
-4.748852,35,841.51362,False,True,False,3.5852862329185022,4.71374455003801
43.845029,58,844.012596,True,False,False,5.751427818753149,5.314466965506229
38.773124,58,844.485968,True,False,False,4.3221101967671895,4.237458701013128
27.713002,29,844.709042,True,False,False,1.8922400486240813,1.9281382243745024
31.625748,37,845.043198,True,False,False,2.8391985334011998,2.7739655300142187
48.787605,68,845.610581,True,False,False,7.719452700239565,6.661010740730739
36.055566,37,845.916728,True,False,False,3.6814586423316196,3.5627155714603993
38.643375,54,846.34461,True,False,False,4.51599968818517,4.420079511410342
37.323123,63,846.860666,True,False,False,5.313761700239111,4.135187449173312
36.707067,49,847.217089,True,False,False,4.230662310639334,3.9366550927745707
39.673131,68,847.762465,True,False,False,4.577169703429311,4.535322504255778
46.681903,83,850.430318,True,False,False,6.243637467124714,5.938401037493286
36.37367,37,850.724973,True,False,False,3.9028944299494546,3.7198208227745053
38.904072,46,851.090266,True,False,False,4.283590814230577,4.210843731298954
28.432207,17,851.230733,True,False,False,1.8458325832722537,1.965601280699708
51.766227,61,851.719548,True,False,False,7.049793535980858,6.795803653241843
32.013979,30,851.944654,True,False,False,2.855701133430083,2.8336055524274286
35.573764,51,852.333517,True,False,False,3.674129414901126,3.621909808636201
40.850218,67,852.872121,True,False,False,5.291839929533587,4.777982045466877
31.90627,48,853.241436,True,False,False,3.974606362126483,2.9655296381086207
27.301895,56,853.700449,True,False,False,4.018454362491972,2.2994638524214555
29.515387,33,856.04639,True,False,False,2.835790429166792,2.4296594220730166
34.063404,36,856.338538,True,False,False,3.32918182010005,3.2358713645374695
48.144017,79,857.050527,True,False,False,7.388406680435197,6.453674241921692
49.071144,83,857.789166,True,False,False,8.86247999367476,6.7830005806493245
36.177925,56,858.266492,True,False,False,3.9743684759356865,3.7727559987517063
40.698132,74,858.910753,True,False,False,5.038920700238594,4.802001693359178
33.372149,40,859.268943,True,False,False,3.6496711635211465,3.358083807729079
41.478762,61,861.320638,True,False,False,5.649298145345949,5.123237424349089
42.334548,56,861.788455,True,False,False,5.923169628616732,4.975227777319129
0.07378,60,864.66016,False,True,False,5.424972032587495,5.604949605299738
27.133265,24,864.857674,True,False,False,2.230187653720367,1.7934674676605196
33.298842,75,865.464996,True,False,False,6.117218970078602,3.680282995392641
36.68838,41,865.818254,True,False,False,4.391242806146509,3.8624382441465492
37.796161,50,866.272991,True,False,False,4.468509339621605,4.166790074821859
34.869482,31,866.616883,True,False,False,3.3621401027717086,3.3373425004365176
47.849272,78,867.39394,True,False,False,6.530405017918132,6.2047631349411105
28.296818,26,867.615786,True,False,False,2.248791708568953,2.005549536636369
42.098917,56,868.052794,True,False,False,4.963903540956114,4.8129154021766745
28.410169,45,868.402818,True,False,False,3.3831874096081123,2.316418676450715
43.315336,58,871.001875,True,False,False,5.5914992448728755,5.255456448251805
25.908594,43,871.333651,True,False,False,3.2406351896057037,1.8463165974674596
33.047234,68,871.856842,True,False,False,5.1626093065753,3.406904061380026
35.227626,36,872.134421,True,False,False,3.9231274111679038,3.518661067512106
36.50168,33,872.389906,True,False,False,3.6065424919583298,3.5764020054040957
35.422513,41,872.715829,True,False,False,3.404873512587974,3.450611554864476
38.962733,42,873.044446,True,False,False,4.304542584967394,4.205186013041463
42.761803,52,873.436146,True,False,False,5.1106044369581705,5.026024236316934
39.809215,55,873.86109,True,False,False,6.23937275178541,4.574373150267277
33.540481,63,874.371319,True,False,False,5.244205946251072,3.3672851451343826
30.315491,50,874.763746,True,False,False,3.157350763185045,2.9186793366944146
38.21636,51,877.131589,True,False,False,4.101264059748548,4.075723761341173
42.324751,35,877.420203,True,False,False,4.9252914846594145,4.823696467896306
27.588854,18,877.576463,True,False,False,1.7708038532997163,1.8204584699311173
39.284849,51,878.021365,True,False,False,4.391337469317759,4.2835853330067675
27.489534,16,878.161087,True,False,False,1.80270088889751,1.861057940847292
-12.09573,34,878.446993,False,True,False,2.6153999035732456,6.576558347998762
38.510451,37,878.767646,True,False,False,4.379631389472055,4.099062261058631
33.091963,39,879.084193,True,False,False,2.968786337324936,3.096558102645544
31.170127,41,879.397007,True,False,False,2.806160612006018,2.735036909105756
30.741846,19,879.549501,True,False,False,2.335043755044764,2.4143777960202812
37.306581,34,879.858296,True,False,False,3.917686782884492,3.788447917463259
32.57937,66,880.374779,True,False,False,5.150463246256733,3.696882025247259
37.768138,50,880.751457,True,False,False,5.4103838891039695,4.0490112070779505
43.827868,82,883.208298,True,False,False,6.045609136128294,5.444533062153608
48.134398,56,883.618282,True,False,False,6.77342631210927,6.0202491950625046
-16.638847,10,883.696885,False,True,False,0.9596865114635459,2.76620774410382
46.97341,94,884.381656,True,False,False,6.479653937006894,6.10286887801361
25.316803,27,884.590689,True,False,False,2.7811110510111425,1.6280992717485374
36.708119,29,884.800724,True,False,False,4.3005310970694826,3.6141600619620284
37.14198,25,885.006218,True,False,False,3.5723901661337885,3.651027380929817
30.299862,31,885.277639,True,False,False,2.489651442627733,2.479526003696388
34.97103,38,885.620391,True,False,False,3.424779422974411,3.3625249312395704
37.004733,33,885.872352,True,False,False,3.924295718497684,3.768189764112234
40.682767,72,886.375639,True,False,False,5.740333125177535,4.762995479945033
43.60227,43,886.690908,True,False,False,5.439917531785873,5.196126189413451
32.740573,39,889.070956,True,False,False,3.211420671744372,3.162035370242046
28.180854,26,889.31189,True,False,False,2.1279975825752913,2.062525374913072
37.786626,29,889.549407,True,False,False,3.7334370686194864,3.831842886197151
32.325638,24,889.742755,True,False,False,2.6898373612272635,2.87006304964797
38.722965,91,890.515183,True,False,False,7.501330163986822,4.628713707966582
45.682617,62,891.025337,True,False,False,6.213988311323504,5.592729834057652
30.43157,18,891.172429,True,False,False,2.3807259491131934,2.4359502265714714
-3.669686,67,891.69165,False,True,False,4.588809702280019,5.937072353401108
-14.876459,10,891.768787,False,True,False,1.1252599124792668,3.1985781589643034
-1.40391,79,893.898645,False,True,False,5.344857010062956,6.259864250785212
34.639699,44,894.246115,True,False,False,3.767419960495495,3.4008555760699397
49.769585,78,896.962612,True,False,False,7.034233035167656,6.653135556532571
46.258674,46,897.332656,True,False,False,6.003418087455146,5.625898515597143
32.319426,23,897.513298,True,False,False,3.0089229281541354,2.7285172214013014
32.227899,95,898.316965,True,False,False,5.537331557700373,3.5597498628511746
29.438492,21,898.503299,True,False,False,2.081222752334772,2.2287187188076234
27.745365,39,898.881451,True,False,False,3.094776760329605,2.1434862127827303
46.20064,113,899.876914,True,False,False,6.3802341643642935,6.207022647029215
27.778735,21,900.039062,True,False,False,2.2904831088379076,2.0459579458768977
30.456945,45,900.38147,True,False,False,2.8737014211923504,2.593302240971921
42.697564,46,900.734267,True,False,False,5.156875235695931,4.962288823960349
-5.097443,62,903.217596,False,True,False,5.601880298301723,5.09885835610694
33.949205,29,903.442717,True,False,False,3.4034734483493665,3.1218492980562993
35.059242,63,903.902288,True,False,False,5.947846576273777,3.6880398827009224
44.234494,63,904.474786,True,False,False,5.490016584471904,5.398824307933831
41.58975,72,905.082499,True,False,False,6.837930125129454,5.075051210749749
38.456279,89,905.835479,True,False,False,5.2409036388443,4.510107909219969
36.263625,71,906.358603,True,False,False,7.065465455257864,4.249396922788503
35.213847,41,906.691486,True,False,False,4.734610409092519,3.517939908300642
35.206949,62,909.074063,True,False,False,4.316503062587523,3.7696684925978468
-13.854777,52,909.471606,False,True,False,2.4386112129247355,5.468254693749943
32.31155,48,909.862881,True,False,False,3.4829186887033585,2.9971361754909966
50.980763,73,910.448734,True,False,False,7.609214599049793,6.910181753505559
34.383788,55,910.895393,True,False,False,4.194560390015697,3.402162803911406
42.318879,57,911.38271,True,False,False,5.88225617015519,5.202754216619999
-15.134943,52,911.77167,False,True,False,5.339208922057668,4.136918251374773
27.814022,61,912.247838,True,False,False,4.5426067760909765,2.3337039851730954
28.383807,21,912.436024,True,False,False,1.9824184896350898,2.057281059260312
35.455921,49,912.843248,True,False,False,4.709322825971373,3.7287791366630714
42.815009,50,915.142511,True,False,False,5.272068252741593,4.996929460272066
36.972265,58,915.617903,True,False,False,4.689584883863381,4.132683721099266
29.023416,46,915.976027,True,False,False,3.23566287546805,2.5489055035339767
24.152898,57,916.412875,True,False,False,4.130429855858232,1.7190184168090046
46.780748,60,916.890608,True,False,False,6.267495542872799,5.965220728111158
31.192282,49,917.286577,True,False,False,3.519964000855704,2.795944925030913
40.886872,86,917.981119,True,False,False,7.086029615885604,5.287016251785324
30.051342,36,918.258313,True,False,False,2.6911523843653096,2.493895273033441
42.166849,85,921.924637,True,False,False,5.3635786288549685,5.249496581187966
39.281118,49,922.332167,True,False,False,5.416672052932182,4.380713244823296
45.315046,64,922.885234,True,False,False,6.540285994927201,5.509203780805403
35.938285,54,923.387098,True,False,False,4.593929222752409,3.714874756477135
31.11142,41,923.7938,True,False,False,3.189942919211555,2.718623783550431
36.082573,34,924.101354,True,False,False,3.583849192236156,3.5144124212074517
32.078944,31,924.33655,True,False,False,2.7039382223416317,2.757276388589605
47.640553,71,927.112679,True,False,False,7.621435082858521,6.122977445808779
36.694196,58,927.568115,True,False,False,5.72318311618148,3.8041147822439383
41.563813,89,928.207556,True,False,False,6.5035027862699515,5.149483989750688
35.057636,39,930.583216,True,False,False,3.760647434626869,3.485245772647637
33.341137,32,930.863199,True,False,False,3.268395084060332,3.0779117131466016
46.65088,66,931.396812,True,False,False,6.6529837129235325,5.889285959780549
31.395572,35,931.707179,True,False,False,2.88502747941988,2.759286540550952
42.553584,83,932.414826,True,False,False,7.138578597362787,5.467490019892813
37.876613,69,932.954269,True,False,False,5.807262955809507,4.319613450600937
35.909564,39,933.290956,True,False,False,3.492699287472739,3.548662674047671
33.345579,52,933.7157,True,False,False,3.3810608786373924,3.259829550567695
46.488142,139,936.748971,True,False,False,10.896585491022503,7.325053500228296
29.309455,34,937.017946,True,False,False,2.3429039636530566,2.3042787290310787
26.76583,18,937.165949,True,False,False,1.939169681279948,1.7062852119542005
26.695097,29,937.43588,True,False,False,2.5871598673975,1.8239965464123322
34.397876,32,937.682374,True,False,False,4.032433940765944,3.200183747921142
38.897261,58,938.12724,True,False,False,4.61711158131759,4.2513547476922255
31.756785,25,938.327578,True,False,False,2.702695887745672,2.741430884108546
40.846459,49,938.729203,True,False,False,4.874658628668932,4.607983504894461
26.885145,28,938.9447,True,False,False,2.2465118489797935,1.8442904429973916
34.265542,32,939.190605,True,False,False,3.608497412919332,3.1952790548283065
30.170688,60,939.65226,True,False,False,3.6293041057430764,3.0042752888525497
-19.825671,13,939.749103,False,True,False,0.757969350066728,3.2963898453299016
35.551726,42,940.07053,True,False,False,3.571241148070404,3.612607734681072
35.776551,44,940.428747,True,False,False,3.737472620448577,3.65844091544593
40.031189,47,942.789446,True,False,False,4.563384833159809,4.5390955266478885
38.849912,45,943.157669,True,False,False,5.150286574219256,4.285503991855847
25.988787,26,943.36159,True,False,False,2.1908346680991184,1.7148989375743444
34.592883,30,943.594846,True,False,False,3.1816899286727733,3.220552552181056
33.909273,43,943.930791,True,False,False,3.7547703878554013,3.357175360832893
33.815573,51,944.319137,True,False,False,3.693117367646303,3.4561142686297024
30.729156,37,944.608316,True,False,False,2.6028299686254925,2.5640578195381454
24.568798,54,945.012054,True,False,False,3.571081577459327,1.881594261702102
-4.401618,39,945.308755,False,True,False,4.25825913572021,5.498985598473346
29.815548,26,945.507779,True,False,False,2.4733285377341514,2.418748347548998
43.977548,69,946.017983,True,False,False,7.69263450592523,5.387523359177309
32.173398,30,946.248142,True,False,False,3.23577676029517,3.0201932684631947
37.579212,48,948.704476,True,False,False,4.061354255265498,3.9764343241115556
42.882271,54,949.116707,True,False,False,5.130315866608712,4.93855728936674
38.410634,66,949.634084,True,False,False,6.7253292069780315,4.357036192880531
29.457286,23,949.801244,True,False,False,2.0917066256925065,2.233571475127122
44.112991,63,950.271307,True,False,False,5.924720905092979,5.2858194096824285
33.691523,69,950.866788,True,False,False,5.861056318922493,3.6200756869075974
26.528665,15,950.980513,True,False,False,1.4674155725744922,1.6028509914596316
26.953803,22,951.161488,True,False,False,1.652438580325587,1.7491105134957008
40.52914,78,951.720258,True,False,False,5.954530988180427,5.110518641210174
41.075635,54,952.183654,True,False,False,4.7596563574185895,4.667977870027715
37.293927,39,952.504483,True,False,False,3.918537372307738,3.8146769716285434
43.148783,53,954.890774,True,False,False,5.188474134571658,4.943258226288144
35.108869,28,955.138226,True,False,False,3.7758177887129167,3.3285337989998363
38.953781,55,955.599091,True,False,False,5.225906689715348,4.414954793424129
30.407786,32,955.826869,True,False,False,3.2014716661674316,2.5284258502447603
-15.576579,12,955.92016,False,True,False,1.2931387755527408,3.6559766402822196
38.964181,59,956.416465,True,False,False,5.317487539753494,4.298139505204232
34.576298,66,958.342338,True,False,False,6.088451725723668,3.705153086784259
26.614083,39,958.65996,True,False,False,2.9878088794380786,1.9072965456909041
37.075591,56,959.130533,True,False,False,3.9905967948354824,3.926685461276366
33.624455,47,959.500965,True,False,False,3.296058324782281,3.1619852460488738
27.50307,20,959.66636,True,False,False,1.7636383828876072,1.878719394508856
29.763725,62,960.141865,True,False,False,4.614546476681183,2.7903699622281524
28.590754,37,962.46142,True,False,False,2.6800163506463246,2.286502223991022
32.867364,43,962.790155,True,False,False,3.4428158810593485,3.1777774391822686
34.652485,42,963.10814,True,False,False,3.7984421907460537,3.5572963848032346
48.34934,79,963.699347,True,False,False,6.499366015762841,6.309485053734029
44.287902,57,964.140098,True,False,False,5.987172380961929,5.4357591885922565
28.840348,26,964.335958,True,False,False,2.190201879706262,2.1430163518808056
37.296135,43,964.665885,True,False,False,4.267987476026666,3.9809438341310055
27.354524,14,964.77431,True,False,False,1.6039297474312948,1.757038866918628
30.155588,26,964.97578,True,False,False,2.8881993350202544,2.4225717024349778
31.526022,34,965.236791,True,False,False,2.743612919367859,2.6708482216124962
31.273625,23,965.416744,True,False,False,2.413787007129085,2.540995672694291
26.311961,22,965.586841,True,False,False,1.4680758278362935,1.6361111958639982
44.334796,56,966.039157,True,False,False,6.228652945279875,5.5037863961533064
43.157373,43,968.313959,True,False,False,6.433510020385675,4.97943016287077
33.191436,27,968.532748,True,False,False,2.8974426675306706,2.9225945070548542
37.590973,42,968.854477,True,False,False,4.23626191014426,3.9670731690772056
32.670098,29,969.059131,True,False,False,2.7956916371468914,2.8297850616559757
30.780431,22,969.204965,True,False,False,2.7154227157345745,2.5199348214024875
36.841885,69,969.748172,True,False,False,5.543351117129162,4.055518523341078
-5.306807,56,970.170116,False,True,False,3.9352635923030674,5.110848947245741
27.281326,19,970.315134,True,False,False,1.7407553983502781,1.8185431469895545
32.536381,85,971.005616,True,False,False,5.394040248630266,3.705051518728426
33.523678,35,971.28547,True,False,False,4.048685607455964,3.218387622631773
47.658836,73,971.851521,True,False,False,6.634492185615621,6.000775050540492
28.38354,32,973.992491,True,False,False,2.656242311225866,2.2004036550178303
34.692401,38,974.296365,True,False,False,4.5383175645898195,3.3893118114141103
25.263713,33,974.553347,True,False,False,3.7030475282217616,1.7858233786901452
26.609444,27,974.765688,True,False,False,2.365449128739116,1.8495651796254073
42.203265,92,975.502878,True,False,False,8.180495919944018,5.398446258438377
27.846299,52,975.96556,True,False,False,2.8968387280109313,2.355257242871304
28.703357,15,976.089008,True,False,False,1.8788015709853119,2.0201664957432435
25.934978,19,976.259358,True,False,False,1.9673037278059204,1.5967583491592845
34.451735,42,976.596094,True,False,False,4.2307829081522685,3.51907768683993
26.702304,19,976.744523,True,False,False,1.4825046975921263,1.6853290715780895
30.009028,33,977.001407,True,False,False,2.4834446889462938,2.436381029828398
32.173346,33,977.271555,True,False,False,2.906007594774287,2.844797362974281
45.188698,110,980.07015,True,False,False,6.945731405478128,5.99757631262192
31.146696,39,980.373031,True,False,False,3.5863563833133743,2.752439985165348
37.724045,46,980.734929,True,False,False,4.459409995685968,3.970071150387598
31.442137,36,981.017199,True,False,False,3.774057795120905,2.8950328411781774
36.108367,51,981.48292,True,False,False,5.637861874833395,3.7819511940645882
38.680009,43,981.822409,True,False,False,4.459197780270766,4.251712048920922
33.355472,30,982.067084,True,False,False,3.8029018971984425,2.893156679978838
35.346651,62,982.585855,True,False,False,4.193495730762954,3.716588534927789
33.651087,30,982.835573,True,False,False,3.046371143726082,3.027921400278
46.85737,66,983.308192,True,False,False,6.657717709563495,5.973749882337899
31.293198,55,983.76859,True,False,False,5.3175192319553215,3.0226938994148926
38.283288,36,984.049524,True,False,False,4.381948232850941,4.112707857673947
30.952855,29,986.240942,True,False,False,2.7580537091180717,2.646883136908888
32.835543,30,986.47271,True,False,False,2.917967089230248,2.9953744538728757
26.182897,11,986.557913,True,False,False,1.3454060725289863,1.5509222756356558
29.99067,26,986.753365,True,False,False,2.5614065884871136,2.3372435648627485
38.321284,42,987.055952,True,False,False,4.443982879864353,4.004232187967384
30.831705,22,987.230447,True,False,False,2.4377695536751807,2.4648751902624157
34.83713,34,987.512246,True,False,False,3.748220284537034,3.380592915597904
34.4264,56,989.2362,True,False,False,3.6173091218797446,3.477227901346268
42.990184,51,989.599411,True,False,False,6.098382919841259,5.039420045114296
32.694865,52,989.955115,True,False,False,3.479578351462853,3.169733318221039
33.844133,46,990.300334,True,False,False,5.182754958780911,3.358916327183191
27.469341,27,990.527801,True,False,False,2.4241969934036716,1.9877770397455945
49.902265,102,993.346173,True,False,False,7.4466117657153434,6.755839005882135
33.915155,53,993.783819,True,False,False,3.413622021395067,3.3458880773307653
45.813562,125,994.814822,True,False,False,7.667235590215939,6.3014657893158645
37.081266,52,995.553311,True,False,False,5.409725508559502,3.956678220892171
33.264337,36,995.956835,True,False,False,3.5511662976943277,3.205102360967701
33.595335,39,996.595294,True,False,False,3.4987291006692915,3.2100979801214904
37.397258,34,997.065113,True,False,False,4.280622371833861,3.8719502174336333
38.562847,47,997.867175,True,False,False,4.62342120268881,4.2465480503045505
37.890428,46,998.422322,True,False,False,3.896460596092478,3.9309876417056557
32.322013,52,999.065886,True,False,False,3.292970243988111,3.066495343704633
32.797212,36,1001.400475,True,False,False,3.2672138724210873,2.9168957314321875
37.333732,80,1002.046307,True,False,False,5.538834004849624,4.293022139393881
41.069065,76,1002.700868,True,False,False,6.055720861050114,5.177986229755865
27.792388,17,1002.825435,True,False,False,1.6572650926020214,1.8620652921727385
34.169386,94,1003.544102,True,False,False,5.164823882240009,4.048289209628772
25.598593,32,1003.807698,True,False,False,1.9597140299441793,1.6164570196258528
40.532449,65,1004.356493,True,False,False,5.165351145768112,4.831821951862978
44.689461,109,1005.215185,True,False,False,8.778453852883805,5.983193994500292
36.436809,37,1007.524943,True,False,False,4.221140043168866,3.7824272348241164
29.702141,22,1007.694709,True,False,False,2.1588626678256952,2.2725584168507655
41.107795,48,1008.07467,True,False,False,4.6553573405188775,4.586526336109183
32.521829,39,1008.385379,True,False,False,3.786252547836182,3.0616917860728927
33.497092,32,1008.669116,True,False,False,3.1362252110673183,3.0360229938982304
45.155929,98,1009.403942,True,False,False,8.400479832704216,5.985063319650535
39.473392,57,1009.834639,True,False,False,4.9555687156167885,4.423178997372633
25.413092,24,1010.040723,True,False,False,1.7762072622698144,1.5126292741256189
51.702955,77,1010.674757,True,False,False,8.35173625142275,6.860671441033201
33.875556,23,1010.855617,True,False,False,3.0409292451915078,3.096495092876349
-17.462119,24,1011.063704,False,True,False,1.4408614234168264,3.806579924785604
34.527604,54,1011.550776,True,False,False,5.061773820179928,3.572817541930723
43.59769,63,1013.917693,True,False,False,7.022836285202885,5.5235259454839065
42.988734,126,1014.89302,True,False,False,7.60695630469869,6.279069579274933
32.613522,41,1015.213021,True,False,False,3.4506168338375236,3.0573075284191567
29.997797,25,1015.412853,True,False,False,2.2447200978675292,2.362139621704451
-6.410832,28,1015.652158,False,True,False,3.10270335090122,4.85531042294708
37.152491,47,1016.024305,True,False,False,4.043455223870969,3.9323240782000504
31.635203,33,1016.262702,True,False,False,3.476145790408083,2.7365088612911115
40.186257,90,1016.959596,True,False,False,5.669557527284724,5.078760896957355
33.26535,48,1017.328848,True,False,False,3.7323434191162397,3.173028820114239
42.452163,82,1019.833387,True,False,False,6.44483923344271,5.199143889859871
45.55191,52,1020.246632,True,False,False,6.063005273426364,5.439089421557518
31.038323,36,1022.108649,True,False,False,2.8060535232586337,2.586789237236585
27.436843,23,1022.2747,True,False,False,1.8114997206856893,1.828410054315381
44.27143,48,1022.618198,True,False,False,5.541807487047576,5.25459203672448
37.920775,48,1022.940434,True,False,False,5.640133629439566,4.121045584842892
29.755944,56,1023.399712,True,False,False,3.4574729599459157,2.6520326778078176
37.313162,56,1023.830994,True,False,False,5.508119815118915,4.27901808245527
-9.715733,50,1024.216399,False,True,False,3.539139984463316,3.752343535527891
41.194703,68,1024.741316,True,False,False,6.285975630036602,5.02707727421535
26.908439,18,1026.81627,True,False,False,2.032969628632094,1.7557865583272843
41.707377,52,1027.207616,True,False,False,5.523328257055304,4.889111468404258
44.327673,78,1027.837356,True,False,False,7.597530246508449,5.745480988739446
37.171505,53,1028.265097,True,False,False,4.687943649970875,3.996899045219426
41.116549,76,1028.880938,True,False,False,6.631161243113194,5.202006086956054
37.079633,44,1029.216921,True,False,False,4.913218726440975,3.957282163109395
48.395785,69,1029.724331,True,False,False,8.644431604154219,6.319712922681308
43.011176,41,1030.081836,True,False,False,4.914974277416234,4.902483863614286
33.596328,39,1030.343786,True,False,False,3.421558609489883,3.2005494141793647
43.94988,74,1032.920371,True,False,False,7.591746001612784,5.441775712880916
-11.812428,38,1033.283919,False,True,False,3.3362229844522737,3.2593635964127445
29.433795,30,1033.53861,True,False,False,2.8253682160910545,2.322234613903349
33.947251,34,1033.827487,True,False,False,4.107251289503882,3.2784760182552515
44.896217,66,1034.44106,True,False,False,6.441489211514544,5.561131390386653
42.388549,47,1034.822943,True,False,False,5.366327629361402,4.912745768604344
31.000064,50,1035.21605,True,False,False,3.071676466265511,2.966420152579505
33.532186,61,1035.685598,True,False,False,7.599945719983372,3.527311375469861
46.583628,53,1036.146667,True,False,False,6.737846170476916,5.815581431948575
43.663794,47,1036.513088,True,False,False,5.367963998911524,5.076060440913535
41.566064,59,1036.944474,True,False,False,5.59772274626044,4.840216116131372
41.81882,44,1039.283031,True,False,False,4.973156898211218,4.736968585468002
34.168386,41,1039.66197,True,False,False,3.674847295860341,3.26224335756088
30.129239,25,1039.898275,True,False,False,2.7024607343435356,2.454220549727935
40.409669,61,1040.408256,True,False,False,4.630614012891215,4.533124622441636
33.736583,60,1040.972974,True,False,False,3.9424184152426553,3.4870750305479796
37.575805,53,1041.41176,True,False,False,4.304551547977165,4.148782363052089
38.090833,65,1041.926727,True,False,False,5.686805991818312,4.255830778433794
41.392346,73,1042.481677,True,False,False,5.99061565963783,4.924402289915979
40.399575,63,1043.003542,True,False,False,4.874151590241647,4.554350419674204
-17.698767,12,1043.098083,False,True,False,0.8727973121077472,5.3200395079430205
31.004943,25,1045.191923,True,False,False,3.429518653487367,2.5761723236197183
31.10997,52,1045.606844,True,False,False,3.1218790568335546,2.8235497566969423
45.762715,68,1046.119703,True,False,False,7.960149253808422,5.88238461316097
46.476014,57,1046.553423,True,False,False,6.127347648679773,5.862704889883769
36.672391,33,1046.801576,True,False,False,3.930420036916725,3.707022095781165
36.235164,46,1047.143064,True,False,False,4.23329158258575,3.599382379954881
43.910428,54,1047.585711,True,False,False,5.6791118196988775,5.192945131805308
44.65771,59,1048.037154,True,False,False,6.537734249203382,5.352245842228279
28.362051,33,1048.295574,True,False,False,2.974642344277253,2.173685480536162
29.539733,47,1048.685217,True,False,False,3.9126925865229216,2.5929764863753393
50.472434,67,1051.425613,True,False,False,6.865116715063067,6.5598220498728725
33.906244,45,1051.76368,True,False,False,3.003432273631921,3.202479502918176
47.693197,101,1054.045156,True,False,False,7.143273549906198,6.359715649744674
40.455969,45,1054.389345,True,False,False,4.658863136644656,4.501237697905177
36.225911,104,1055.192435,True,False,False,5.548848458019505,4.453581620719844
42.889763,74,1055.781914,True,False,False,6.430164127183374,5.280547206293837
41.608657,64,1056.302881,True,False,False,5.0630162073044005,4.974575838820723
33.946557,38,1056.602233,True,False,False,3.304272421445612,3.2979295128024453
31.742659,35,1058.910827,True,False,False,3.7228428059475918,2.818827416505703
38.22498,69,1059.432078,True,False,False,4.897834825367274,4.41895705758912
28.663307,24,1059.638429,True,False,False,1.9016336836129877,2.0613457488028897
39.288737,63,1060.148509,True,False,False,5.034556559357242,4.462353042152271
30.571342,45,1060.525605,True,False,False,3.281349175399931,2.929170794632338
26.742867,17,1060.689024,True,False,False,1.8597587129979718,1.6860416389798503
42.336657,70,1061.240697,True,False,False,7.086149151613974,5.285012250832196
36.882737,106,1062.106342,True,False,False,6.6104472448696034,4.578882636694391
44.444891,60,1062.572176,True,False,False,5.527910550951364,5.303753134223528
45.971086,51,1062.977793,True,False,False,5.767960411060722,5.558215057038631
29.18425,43,1065.294898,True,False,False,2.7666191723644604,2.4565332572097476
44.580771,68,1065.856673,True,False,False,5.570381137427176,5.396333820569672
32.219478,50,1066.238164,True,False,False,2.862913350577088,3.006226778233957
37.356247,34,1066.492683,True,False,False,3.8490532865977527,3.8854029682847475
30.535368,30,1066.743574,True,False,False,2.5404401814961464,2.497346068118662
46.266912,112,1067.63432,True,False,False,7.446779350542099,6.328477300845403
30.108072,28,1067.843566,True,False,False,2.6957678144357597,2.4075502122060395
29.331425,71,1068.365136,True,False,False,3.8420976078454796,2.7118489288341614
43.20474,61,1068.814069,True,False,False,5.77452033406299,5.074139623776812
39.710582,68,1071.324443,True,False,False,6.04848659735358,4.593484305740554
34.400234,22,1071.488722,True,False,False,3.164615178323593,3.139733670173647
30.440415,37,1071.793779,True,False,False,3.1494522253381034,2.6569523649615143
42.743698,36,1072.054719,True,False,False,4.986246962539853,4.888571196827896
36.664015,58,1072.516259,True,False,False,4.365984342745014,3.81921931261127
33.661978,23,1072.687637,True,False,False,2.9619286478723486,3.0314989023140293
43.681572,73,1073.305506,True,False,False,7.267657270416509,5.417143432722962
32.902691,38,1073.615813,True,False,False,3.7970418042836567,3.0980514270915656
40.170725,65,1074.153645,True,False,False,4.955761195619942,4.534797496031437
30.935602,40,1074.509364,True,False,False,3.6948728141959095,2.675995479977512
32.063917,32,1074.751471,True,False,False,2.8210873464183353,2.838785381728385
51.755006,71,1077.162662,True,False,False,6.984404777794997,6.668420548415313
35.749851,39,1077.490667,True,False,False,3.624217100850025,3.537622128024487
29.100118,35,1077.801733,True,False,False,2.604938834758983,2.2384300070779526
53.094853,65,1078.319927,True,False,False,7.433102870563733,7.0149918107363645
38.255427,46,1078.680002,True,False,False,4.825304312643258,4.31668379856763
34.317204,46,1079.081876,True,False,False,4.177395540792725,3.4354986746421003
40.123577,63,1079.616987,True,False,False,6.332495918765453,4.860195081593551
34.220398,41,1079.927907,True,False,False,3.2482516957493304,3.281204519005008
33.479916,24,1080.114599,True,False,False,3.081086754549412,3.1504929074986023
35.541492,34,1080.382791,True,False,False,3.4846029591415437,3.4526189505074236
38.26137,56,1080.812665,True,False,False,4.385289430664115,4.201050681782748
36.042404,76,1084.820247,True,False,False,5.738265779503914,4.257652855162733
27.470047,16,1084.983497,True,False,False,1.7964904264725334,1.8527536120565768
38.884216,125,1085.999797,True,False,False,8.299898484089203,5.247747076522663
40.205194,40,1086.34709,True,False,False,4.506982099952765,4.362763297073843
40.395023,71,1086.95301,True,False,False,6.833232816773168,4.774068155636201
29.884928,24,1087.162601,True,False,False,2.244734892369285,2.3220810569194317
33.858928,50,1087.548488,True,False,False,3.4450776879650737,3.2801555322298124
49.939226,84,1088.263057,True,False,False,9.16937866923857,6.696442981075874
36.482113,81,1090.898298,True,False,False,5.95292657191964,4.540259202941252
41.840488,49,1091.278911,True,False,False,5.606618196859299,4.859540257711932
52.415633,52,1091.675922,True,False,False,6.713222497230729,6.661634101327065
42.799346,67,1092.217854,True,False,False,5.9166413704664125,5.213991002240606
35.628616,49,1092.595982,True,False,False,5.19444937994437,3.6108130307113964
33.105618,39,1092.896995,True,False,False,3.0216107494420026,3.0645020937529814
41.258442,39,1093.195083,True,False,False,4.988539564298397,4.5906102353624
27.473641,24,1093.379948,True,False,False,2.0063336199972617,1.8997973934361827
35.890264,69,1093.935467,True,False,False,5.342644260855367,4.158364440087158
29.240791,20,1094.085721,True,False,False,2.397294185951658,2.2058498775420396
30.029234,27,1094.295794,True,False,False,2.532034763259602,2.388890233493416
34.393836,33,1094.526406,True,False,False,3.851231474677138,3.299364824793883
39.571612,90,1097.48304,True,False,False,8.249307466819879,5.030620042677041
41.91892,43,1097.861802,True,False,False,5.426714046496984,4.846238143945644
41.564335,95,1098.748746,True,False,False,6.928226086964995,5.412215383198087
41.374573,61,1099.234781,True,False,False,5.4552033963770965,4.9078939455056725
-2.909943,76,1099.863265,False,True,False,5.920738239753783,5.183333227200177
33.257854,35,1100.214927,True,False,False,2.8054383523033173,2.918342971981579
40.250857,54,1100.707104,True,False,False,4.833976521395791,4.487399078080225
41.326694,54,1101.192223,True,False,False,5.586592939594035,4.70932179117883
38.497111,40,1103.445847,True,False,False,4.252524516864743,4.11281249548359
35.723015,49,1103.833701,True,False,False,5.813607022793665,3.7578884731229905
25.774973,26,1104.056148,True,False,False,1.697277615104998,1.612175512581711
38.52189,49,1104.470938,True,False,False,4.298456072321703,4.1758298288068225
31.841115,20,1104.635911,True,False,False,2.6432236969312024,2.5597151408165484
47.39354,52,1105.014373,True,False,False,6.148566169492622,5.76632008185436
44.346542,58,1105.487213,True,False,False,5.602179367352845,5.308490313295643
46.694308,54,1105.91745,True,False,False,6.480756120314264,5.7689002918471965
-15.84823,12,1106.023583,False,True,False,1.0428698564019165,4.945958910193262
36.392759,46,1106.437088,True,False,False,5.3632417969487856,3.835299749317262
48.754506,46,1106.768867,True,False,False,6.00821568641159,5.935422788154014
39.406006,43,1107.055501,True,False,False,4.838523269108862,4.333722834640401
34.853789,54,1109.764318,True,False,False,4.7235225376640475,3.6285891123700353
32.994181,31,1110.03684,True,False,False,3.1635299707689333,2.923011201571537
32.564872,39,1110.393737,True,False,False,2.996035758001092,2.9218718737319707
35.32352,44,1110.753899,True,False,False,4.433056183225303,3.594505300195834
27.848403,38,1111.068467,True,False,False,2.689968967261489,2.1276263471357844
37.246904,43,1111.470173,True,False,False,3.971425076023553,3.834451135792185
29.167512,15,1111.612243,True,False,False,2.137660635705137,2.1195652901567636
32.961258,45,1112.060247,True,False,False,4.2623582437812875,3.204976397664474
31.529814,28,1112.282155,True,False,False,2.745385899328156,2.6045430845005337
57.28096,76,1112.898622,True,False,False,8.323179633206676,7.982896312375643
35.784255,34,1113.168643,True,False,False,3.7031489413633425,3.4629021423828905
30.526032,29,1113.402155,True,False,False,3.268801257005683,2.4805610512240612
27.67678,19,1113.549175,True,False,False,1.6979842525108437,1.8419549492651306
33.236739,38,1115.053884,True,False,False,3.5421474754116957,3.2893269905603937
30.713121,21,1117.156701,True,False,False,3.0336628689337153,2.4844003581213605
25.754962,38,1117.469382,True,False,False,3.398907681008932,1.8654151911564474
49.791833,118,1118.516196,True,False,False,7.977787850063945,7.275353162464457
34.571529,27,1118.812089,True,False,False,3.24226481619542,3.261829875842032
30.971073,58,1119.255933,True,False,False,4.0435350441481415,2.9037421145255244
31.381822,34,1119.543545,True,False,False,3.5757002257258623,2.7595141806896475
29.357883,36,1119.834452,True,False,False,2.197935296368387,2.3018071074799975
44.695845,62,1120.403357,True,False,False,5.80976547757198,5.5390804458621625
33.571098,42,1120.748498,True,False,False,3.269321602866746,3.101573884712101
40.267103,62,1121.252183,True,False,False,5.538145437124851,4.633239607774963
37.326213,53,1123.6225,True,False,False,4.580898235949037,4.29890805004255
33.802478,47,1123.988471,True,False,False,4.931258689308013,3.3740199734660004
29.719217,30,1124.263917,True,False,False,2.641634120793787,2.618796740316701
42.32791,56,1124.748771,True,False,False,5.671973982623755,4.9146770630376
29.471796,25,1124.947413,True,False,False,2.36157646063014,2.382525633534587
-11.372567,15,1125.067946,False,True,False,2.0171661428222123,3.711215668145162
33.966243,30,1125.346806,True,False,False,3.5753540497151346,3.1302768489766355
31.900086,97,1126.188329,True,False,False,4.756783341209054,3.43716236210629
40.095086,58,1126.678474,True,False,False,6.064530357550238,4.679543796087898
44.030524,49,1127.067075,True,False,False,5.474731193709093,5.1242336951344685
39.28479,47,1127.500649,True,False,False,5.385104071533388,4.313497267227376
41.74372,121,1130.401422,True,False,False,6.66335887855154,5.561380506834809
42.987702,46,1130.766551,True,False,False,5.614663624212862,4.953248946691477
26.641321,34,1131.033376,True,False,False,3.28285270162726,1.9208393471968057
47.532738,59,1131.536498,True,False,False,6.76657324803954,5.930129517790725
47.524856,47,1131.912718,True,False,False,5.781907421246621,5.86164979317256
30.897033,45,1132.301593,True,False,False,2.83513265174427,2.7109322018386646
27.023592,23,1132.486353,True,False,False,2.198620255692517,1.692840129704249
-0.05948,38,1132.767944,False,True,False,5.030322776459526,5.732933849450264
38.060064,52,1133.151835,True,False,False,5.125980365399649,4.163095141942171
41.133371,54,1133.567607,True,False,False,5.085752854420355,4.6020927629740225
43.256326,41,1135.808998,True,False,False,4.8595179037903335,4.898306586698185
32.357554,32,1136.073227,True,False,False,3.1833168675994807,2.8410650110282094
41.358234,61,1136.57999,True,False,False,5.469873258463491,4.8567680788205
43.783705,51,1136.993528,True,False,False,6.362128194761181,5.0930220089504035
-22.34728,91,1137.754169,False,True,False,4.767258289614485,2.1051625499909083
32.729144,40,1138.089723,True,False,False,3.3718188872172417,3.0210415364968464
49.727255,67,1138.630844,True,False,False,7.12100204743563,6.516089416554449
25.750413,36,1138.943927,True,False,False,3.1997755161754373,1.735368675809649
41.071699,54,1139.356868,True,False,False,5.507139678557465,4.819023106728814
48.857336,92,1142.114414,True,False,False,7.113898716471009,6.450593040500651
1.159188,60,1142.631455,False,True,False,5.363739594208106,7.240047706064
31.387901,81,1143.28382,True,False,False,4.6809742659718285,3.750597172661183
29.907439,43,1143.611068,True,False,False,3.1258103945397853,2.553946420753794
35.082565,53,1144.021934,True,False,False,4.3588941428144965,3.6400781076979913
37.676799,56,1144.536778,True,False,False,4.970922003235292,4.054941314327216
27.283742,32,1144.764396,True,False,False,1.9620278413048746,2.004995295327385
31.167315,28,1144.960716,True,False,False,2.9293063160846287,2.7503176513906435
43.559948,91,1147.002162,True,False,False,7.271434012026822,5.452636379894723
31.83768,41,1147.306069,True,False,False,2.9221401893374765,2.856437494987429
36.797321,86,1149.957383,True,False,False,4.76295548883655,4.37192499439872
39.047877,52,1150.395251,True,False,False,5.626643641682063,4.451543587622341
37.028892,74,1150.958536,True,False,False,5.399694252933824,4.252779067895738
47.093624,52,1151.370601,True,False,False,7.135558776501009,5.894062218702675
-15.786078,19,1151.524928,False,True,False,1.2499178156416297,2.406278553697061
46.716206,54,1151.890947,True,False,False,6.773588640310158,5.73171123034512
30.809267,31,1152.124092,True,False,False,2.9176339065261536,2.574505086583937
46.096543,55,1152.516818,True,False,False,5.8461415293857595,5.660102512950355
32.566407,34,1152.76629,True,False,False,3.031937627827331,2.9403121348153367
33.41555,39,1153.080868,True,False,False,3.1351617007647725,3.0862186993600313
33.15726,29,1155.267987,True,False,False,2.9520107800426083,2.980348215857672
25.395356,31,1155.553063,True,False,False,2.159358460216464,1.6202712954230714
31.16685,39,1155.902974,True,False,False,3.5366463806057036,2.811215841819162
34.810142,53,1156.350249,True,False,False,4.9408886155521525,3.622931428450057
47.477019,62,1156.80938,True,False,False,7.009268754786465,6.021226053157906
51.205434,66,1157.420187,True,False,False,6.908773120679293,6.8136959001782245
38.489314,47,1157.800741,True,False,False,4.681872121021812,4.147766330771922
49.985269,69,1158.342976,True,False,False,7.887866212261847,6.565890555488949
41.882328,55,1158.789864,True,False,False,4.921351072081292,4.788271505215378
40.247629,63,1159.255099,True,False,False,5.704759324059643,4.716964857961887
39.1539,46,1161.633639,True,False,False,4.179541113792,4.199149028601694
27.642202,24,1161.822318,True,False,False,2.120792688367766,1.9246430190014638
38.259255,37,1162.107935,True,False,False,4.441471029642194,4.038806664301027
41.361262,43,1162.457343,True,False,False,4.787529809886199,4.631835759999882
34.050496,39,1162.842476,True,False,False,3.455287015226609,3.1779294135663987
37.296913,67,1163.449913,True,False,False,5.024865470220604,4.205791306728623
38.903948,53,1163.942639,True,False,False,5.773624691059452,4.331647463409487
-11.578389,22,1164.123669,False,True,False,2.1453871291590456,4.260082949203426
42.731922,66,1164.767972,True,False,False,5.467793074989883,5.043092942602108
48.250807,66,1165.30664,True,False,False,6.314298587336628,6.124124899103243
48.359396,69,1168.148782,True,False,False,7.814143841762875,6.3107367722790695
34.854462,29,1168.407079,True,False,False,3.35679492690329,3.246473115205741
45.899489,71,1168.996682,True,False,False,7.2784326795105665,6.106836715482012
34.03668,27,1169.205305,True,False,False,3.4149925102612158,3.1062195507114128
42.973021,52,1169.618138,True,False,False,6.104554847815218,5.090506664807152
26.740088,34,1169.877204,True,False,False,2.5251357929548957,2.099785099221686
37.35218,47,1170.22181,True,False,False,4.440675172407356,4.072137074663387
32.347717,40,1170.544721,True,False,False,3.3206011837490177,3.0163821656655263
37.559524,88,1171.288996,True,False,False,8.3404363219786,4.792531005772594
44.005257,54,1171.785103,True,False,False,6.644017795258607,5.306067863499249
48.458789,60,1172.270305,True,False,False,6.151535900053702,6.050522546872713
45.352735,45,1174.656442,True,False,False,6.0204117366050145,5.459762312331801
23.744941,47,1175.05845,True,False,False,2.5209389302254994,2.0215738195545163
-11.941716,45,1175.434762,False,True,False,3.558076379899718,3.4751942443586668
34.427981,36,1175.729468,True,False,False,3.38048780639065,3.2906107548377803
44.077428,97,1176.511165,True,False,False,6.082781473029925,5.732731266724561
37.258146,41,1176.969734,True,False,False,5.073205376948274,3.9493929806790504
41.110967,68,1178.775481,True,False,False,6.281501635910124,4.7752638291577005
44.333593,58,1179.275607,True,False,False,5.715170675791911,5.512287451287107
49.040384,47,1179.647848,True,False,False,6.873063351387429,6.024326698848404
25.814895,18,1179.788423,True,False,False,1.3433497914170938,1.5259721621594948
30.484872,19,1182.15761,True,False,False,2.3243674487527226,2.391834274180357
45.912007,71,1182.741679,True,False,False,7.1309698086970705,5.8941805177940125
41.296464,70,1183.332696,True,False,False,4.881703765362043,4.84515277814242
42.620502,50,1183.749583,True,False,False,5.732052892376621,4.96238512442738
32.454527,47,1184.123705,True,False,False,3.0324150942779293,3.2086970761912075
34.391633,72,1184.709493,True,False,False,4.017934702308255,3.6548092590641192
39.954605,89,1185.408288,True,False,False,6.603222239707862,4.953100480556319
27.195444,39,1185.76112,True,False,False,3.571157043638963,2.0511938064605797
30.608306,17,1185.912282,True,False,False,2.207211591556397,2.421148572008527
26.274991,24,1186.134733,True,False,False,1.5341618982347571,1.6316696936408834
39.132984,57,1188.599449,True,False,False,4.802134375685589,4.359454154127071
27.741211,24,1188.81144,True,False,False,2.065899349121767,1.9754152055287006
27.393519,32,1189.061772,True,False,False,2.860212701741699,2.0004179395052524
42.788416,102,1189.869789,True,False,False,6.405719467099369,5.502212186702291
28.243768,18,1190.059419,True,False,False,2.7851776925989293,1.9691116548445582
29.421053,50,1190.480747,True,False,False,4.082906685145864,2.7692035179092103
31.64108,48,1190.945816,True,False,False,2.9135824309817315,2.8576835694781946
46.547816,77,1191.539112,True,False,False,5.85901516810832,5.923824957650245
30.279634,46,1191.949501,True,False,False,2.78537660291376,2.629497017177014
28.349609,22,1192.142168,True,False,False,1.7818778456735425,2.007275217377945
35.401284,34,1192.460679,True,False,False,4.278113978683212,3.647371502673459
34.83896,40,1195.017969,True,False,False,3.946419037776477,3.5332282137112285
43.779478,60,1195.573034,True,False,False,6.827079415202406,5.38475944175205
33.899296,58,1196.228298,True,False,False,5.477944052963101,3.429128483238428
26.252685,25,1196.437166,True,False,False,1.5125734038368048,1.6703124248277745
27.776995,20,1196.584812,True,False,False,2.121632546040724,1.9407996927535591
32.732095,22,1196.752189,True,False,False,3.1031928267381366,2.8272732989514116
35.36179,34,1197.164217,True,False,False,3.4233387734175857,3.3681987883690607
34.829096,48,1197.695163,True,False,False,4.392134953555713,3.5692889087231707
40.442661,58,1198.174195,True,False,False,5.906910964581853,4.7239150290526375
26.250209,27,1198.390129,True,False,False,3.191896795536192,1.8082876092529523
44.582322,43,1198.743005,True,False,False,5.426313825182218,5.223414756542788
30.682181,36,1199.040761,True,False,False,2.705249519029008,2.474890051916938
-9.117376,22,1199.215869,False,True,False,2.5939459707282757,3.033321151671233
39.393185,46,1199.574104,True,False,False,4.449400405716749,4.346177087461605
29.764818,25,1201.71185,True,False,False,2.3700816142713395,2.321236724763282
34.292071,27,1201.918896,True,False,False,2.9649652166032237,3.122267177529861
40.539938,37,1202.220915,True,False,False,4.48394315162979,4.398352560817763
41.345031,80,1202.91579,True,False,False,5.697738344776302,4.993388428927287
37.122928,35,1203.208685,True,False,False,4.509559485570401,3.909690677767855
44.550804,72,1203.863829,True,False,False,6.834441484388237,5.801360811226041
37.658487,39,1204.223834,True,False,False,4.648102969493967,3.91142327169794
41.109534,37,1204.572476,True,False,False,4.96025700303671,4.4937338262910425
41.320128,85,1205.256627,True,False,False,5.963198920622473,4.978116375365873
27.281972,36,1205.562323,True,False,False,2.111602402664033,2.1306657345531526
-16.01748,23,1205.743435,False,True,False,1.6233264243171475,6.084378524246092
29.964979,31,1207.999741,True,False,False,2.357291601852254,2.395712697914005
-11.534268,24,1208.192472,False,True,False,2.2247929198440657,5.335401205107386
29.483134,25,1208.393913,True,False,False,2.2134315115598993,2.233016273846529
32.854771,54,1208.826748,True,False,False,4.501365159685696,3.3413242917860817
27.386296,13,1208.922367,True,False,False,1.5945408105796581,1.7322931391664897
34.251894,33,1209.205518,True,False,False,3.655844999264774,3.255432722980227
36.252485,43,1209.612979,True,False,False,3.7247803406578726,3.8335069051865562
31.844124,82,1211.676151,True,False,False,5.484897534433745,3.3649792478528333
29.109174,31,1211.921274,True,False,False,2.0421971819632154,2.211196452785004
46.035339,52,1212.336433,True,False,False,6.027863070480692,5.7175137765534405
30.451794,46,1212.709124,True,False,False,2.5881635958735636,2.662863242916651
46.531097,109,1215.574285,True,False,False,8.164307987454062,6.263468851616578
50.721427,58,1216.087137,True,False,False,6.6912096906324985,6.55056195776111
38.49853,46,1216.469048,True,False,False,4.340789328373266,4.125864312606669
42.066576,60,1216.930685,True,False,False,4.950337617533727,4.816853612461234
33.959757,79,1217.596338,True,False,False,5.018427444094406,3.746046201946688
47.37869,49,1217.979378,True,False,False,6.653436061413704,5.9559245643559136
39.632765,49,1218.36094,True,False,False,5.3987402847802555,4.457524351583963
31.917167,41,1218.797117,True,False,False,3.3866466899556213,2.9450729329686185
25.991222,32,1219.051874,True,False,False,2.5976988242832335,1.7625196143739825
32.381131,30,1219.285131,True,False,False,2.797191051787575,2.8078586732925177
42.346551,56,1219.729374,True,False,False,5.353017516722798,5.012121975133464
31.110465,54,1222.129516,True,False,False,4.447362191838997,2.8329314581129963
44.825192,92,1222.857346,True,False,False,8.89692718413539,5.95850041546183
26.777691,35,1223.135949,True,False,False,3.1594184980470548,1.9075629819070465
-16.728527,9,1223.210235,False,True,False,0.9141467556052183,5.888802084592259
25.931413,30,1223.446715,True,False,False,1.9238176411462653,1.6729405321660498
34.116924,28,1223.664113,True,False,False,3.2412163327539623,3.1993143267163076
-17.656557,34,1223.961995,False,True,False,1.6143529148949027,3.6815038985928106
42.974193,42,1224.336504,True,False,False,5.328669101954486,4.968710822663764
34.092254,24,1224.528373,True,False,False,3.1487477808931454,3.1150700023041824
35.071638,37,1224.854855,True,False,False,3.621297527394807,3.485161162320703
41.84547,51,1225.295063,True,False,False,5.174057630764184,4.805078792442047
36.897245,47,1225.668935,True,False,False,4.422854789722952,3.9870698276405845
43.639242,94,1228.410723,True,False,False,6.413672840320032,6.006597764860632
39.323337,69,1229.026781,True,False,False,6.612112111747693,4.840650488260061
35.048534,44,1229.397959,True,False,False,3.3733426235537607,3.475022285202807
37.078005,40,1229.700258,True,False,False,3.882296010511494,3.8055796336241903
43.681114,85,1230.339645,True,False,False,7.2030047713988195,5.358425779453701
36.712135,32,1230.587947,True,False,False,3.4918504893791065,3.5898816737402854
41.708318,75,1231.245806,True,False,False,5.9531098344575195,4.915442146787396
55.073743,97,1232.076226,True,False,False,8.393646631583575,7.803416311183799
45.591042,116,1235.181326,True,False,False,7.129238772401462,6.089247678024248
30.661906,44,1235.641946,True,False,False,3.7487175380108435,2.7311673132850247
33.981501,45,1236.036551,True,False,False,5.159574499685621,3.421042312160871
39.729933,53,1236.451132,True,False,False,5.046974270241611,4.4662573311167515
30.211917,18,1236.589707,True,False,False,2.1366901445339113,2.342162849425926
26.949248,17,1236.725481,True,False,False,1.7668295516713222,1.7280620144809449
48.182516,78,1237.355711,True,False,False,6.227027929800014,6.092245382965677
45.791707,59,1237.835809,True,False,False,6.274816554213321,5.603036422522978
41.750318,41,1238.169899,True,False,False,5.400072873403535,4.708878282659248
39.332112,36,1238.45826,True,False,False,4.536688624322874,4.2382098332596065
30.761112,56,1240.909226,True,False,False,3.308349682173381,2.7933020857475186
51.187375,95,1241.686859,True,False,False,7.493107417930472,7.093668862589782
47.42351,68,1242.246217,True,False,False,7.463149988568422,6.111178066258616
39.13713,44,1244.095366,True,False,False,4.3213010165671895,4.246703942372514
28.18217,30,1244.351189,True,False,False,2.0638322323887883,2.030793468409718
33.757941,38,1244.6844,True,False,False,4.107828873852638,3.241828895768556
25.914025,17,1244.819655,True,False,False,1.563285274763746,1.5592589094378995
30.771593,20,1244.974199,True,False,False,2.3476991374042395,2.446243552434726
47.911367,60,1245.499249,True,False,False,7.023284577447695,6.017066903932146
30.782909,24,1245.689972,True,False,False,2.3884720502889327,2.5215213810129207
34.403813,32,1245.915427,True,False,False,3.2260399900870476,3.1955981914466682
44.039664,58,1248.299455,True,False,False,6.085576759756133,5.317676930075704
36.660942,45,1248.652718,True,False,False,4.022024224756744,3.886797299902177
26.658813,15,1248.770409,True,False,False,1.3866810402866618,1.630232202399659
28.470983,31,1249.078312,True,False,False,1.9612926023072743,2.1397129885706767
45.6428,39,1249.415466,True,False,False,5.313627952208461,5.389311948692967
46.585613,67,1249.932593,True,False,False,6.257397354017505,5.883912815375044
38.2504,56,1250.361279,True,False,False,5.5127245840760075,4.360801044615238
36.717542,47,1250.734318,True,False,False,4.720934021019147,4.1422846783246445
29.436642,30,1250.970904,True,False,False,2.2602728406748405,2.302938683216419
42.178971,78,1251.632314,True,False,False,6.338201725961559,5.173064922133634
35.209682,35,1251.913458,True,False,False,5.042244581564642,3.428960331199163
45.915727,63,1254.237775,True,False,False,6.426473081886024,5.72263201689613
26.314478,28,1254.466371,True,False,False,2.2808738463019056,1.7289898450099428
37.528609,26,1254.725188,True,False,False,3.7993110663721708,3.80686650022327
44.263287,62,1255.230346,True,False,False,5.436944833355961,5.213002094097348
38.50396,43,1255.555297,True,False,False,4.708343585668829,4.1953601528741356
29.130624,20,1255.718981,True,False,False,2.0304595576889066,2.196958784865767
31.773274,57,1256.165824,True,False,False,3.7795233137939315,2.9363092565842805
33.730592,46,1256.547457,True,False,False,3.1238332034148293,3.243140144453928
30.17953,24,1256.773706,True,False,False,2.2923189265807977,2.4534709919953057
38.087304,52,1257.188083,True,False,False,3.999293383391221,4.099100467924538
44.770077,47,1257.629989,True,False,False,5.337986295398238,5.364721024712277
28.182414,19,1257.777987,True,False,False,1.7697255184034784,1.9204591505935047
26.787102,17,1257.923301,True,False,False,1.5714408259280848,1.6711393618635122
47.668508,56,1258.408352,True,False,False,5.907082003668329,5.89663565201184
50.726946,55,1260.866411,True,False,False,7.8328093146983315,6.58632715403597
39.782332,63,1261.371872,True,False,False,6.298913491187959,4.63399690916536
30.492345,20,1261.522415,True,False,False,2.258906685675454,2.443209062664328
47.347573,51,1261.904047,True,False,False,6.617574136213201,5.983421099511612
34.649726,31,1262.126217,True,False,False,3.4125839061146435,3.2655473557812735
41.622393,113,1263.067811,True,False,False,6.391700465960733,5.920244100735661
-16.804466,17,1263.202806,False,True,False,1.33918814947674,6.224781601850808
33.904428,29,1263.429762,True,False,False,3.1051991505783283,3.183310441161362
26.724746,25,1263.623153,True,False,False,2.05694562267581,1.7328725323724026
23.122598,45,1263.979077,True,False,False,3.823213818267471,1.9040356682244337
27.400645,33,1264.239172,True,False,False,3.942228962414255,2.172411792310322
36.807028,34,1266.671662,True,False,False,3.451567131695819,3.653940633452207
33.104353,60,1267.184157,True,False,False,3.7379051825281326,3.285181083444589
28.768446,25,1267.389892,True,False,False,1.9913848185075766,2.1866928377446544
46.167677,69,1267.959419,True,False,False,6.578768825068921,5.854805979534704
36.432769,65,1268.548211,True,False,False,6.264917716911088,3.9706654124447267
27.001713,23,1268.74808,True,False,False,1.6083742697537025,1.8051785282341637
27.427329,21,1268.929975,True,False,False,1.740835436965026,1.8262391935290558
30.741097,27,1269.145068,True,False,False,2.621067475883792,2.56022209131428
41.611122,50,1269.51635,True,False,False,4.937759885987856,4.6990210382643
35.591756,35,1269.796289,True,False,False,3.558546254091021,3.451443579418721
45.740278,43,1270.121493,True,False,False,6.041586834381722,5.699149437799192
40.183144,55,1270.542432,True,False,False,5.005989509007145,4.582156159187717
41.61058,86,1273.287555,True,False,False,6.454145644116361,5.414690778936802
40.760991,53,1273.638323,True,False,False,4.986221112523788,4.679841367669811
30.081663,35,1273.905955,True,False,False,3.0017764428209706,2.583730250423129
-11.547806,20,1274.05846,False,True,False,1.8640088815394824,2.664094034027054
44.85957,54,1275.716283,True,False,False,6.037456420053031,5.46049970908773
27.455968,23,1275.907421,True,False,False,2.069032261889682,1.8957818817508434
33.768572,79,1276.572684,True,False,False,4.545149432775174,3.651103852762223
41.86421,36,1276.862056,True,False,False,4.8933608229646355,4.579082130610987
36.92808,40,1277.164543,True,False,False,3.8698919761992436,3.6517431868229187
38.841058,34,1277.42978,True,False,False,4.214001855801432,4.118557990780507
30.582809,52,1277.868857,True,False,False,3.686486011704253,2.771481120582118
34.738578,46,1280.252525,True,False,False,5.360933668770379,3.549279567235226
32.487639,48,1280.657312,True,False,False,3.871843117349638,3.068131680603148
30.212374,28,1280.893642,True,False,False,2.5011951746724774,2.4242118148789857
38.21763,38,1281.20052,True,False,False,4.3454828038586735,4.026796525927831
46.122575,97,1281.983902,True,False,False,7.183566301918609,6.312754542960751
25.315015,25,1282.185378,True,False,False,1.6788547104496616,1.5458080697110936
26.918952,22,1282.352748,True,False,False,2.174558207846839,1.9414744488861146
33.887215,45,1282.747425,True,False,False,4.026020427992586,3.3085996130584676
31.808186,29,1283.010075,True,False,False,2.7124298903438757,2.7538070758851174
41.038741,39,1283.311091,True,False,False,5.774528127388543,4.5644622770635
32.675991,47,1283.645766,True,False,False,3.7236407768380038,3.0107841427652846
-17.954076,13,1283.744472,False,True,False,0.6746376315511806,3.335782480283894
33.224583,39,1284.065953,True,False,False,3.2231852928827744,3.0929337054454136
28.691058,57,1286.476393,True,False,False,4.639659904891763,2.563132698139389
-4.792111,29,1286.716188,False,True,False,3.6017548761873566,4.723124882107752
45.864444,45,1287.078937,True,False,False,5.568034591959822,5.489014241238948
32.594033,45,1287.455585,True,False,False,3.1836925644010847,2.9880757310761585
-12.5803,17,1287.603124,False,True,False,1.8071334477626453,2.9707819367368824
33.248791,53,1288.045761,True,False,False,4.331899533031155,3.1703719516857
31.69436,35,1288.383754,True,False,False,3.735278486905231,2.7589934873379662
-19.020087,6,1288.445504,False,True,False,0.36365559580393503,1.6313728539238717
35.664113,36,1288.757788,True,False,False,3.447687243343791,3.478298746687884
46.954591,87,1289.487211,True,False,False,7.106572907053073,6.200811499073276
39.295956,60,1289.946136,True,False,False,5.276419013130513,4.560843037836374
33.354041,29,1290.1749,True,False,False,3.2640338600081664,3.098042230538784
35.708972,52,1292.734274,True,False,False,4.727621196815779,3.683791491731503
38.984541,53,1293.161159,True,False,False,5.461185718332956,4.289385515908448
29.447764,28,1293.420759,True,False,False,2.446182369130236,2.2710594821637766
26.056674,20,1293.589801,True,False,False,1.4455757679491115,1.6117333081899239
41.167481,66,1294.092414,True,False,False,6.2515036351359035,4.865785169189559
28.499249,31,1294.320814,True,False,False,2.05745601709837,2.115223292647246
29.384224,23,1294.487545,True,False,False,2.2907344498969184,2.1856952773966114
46.620401,51,1294.885113,True,False,False,5.999954074514793,5.7445207252451285
40.891743,85,1295.523789,True,False,False,7.3825928638277745,4.998614099982403
45.051379,65,1296.010367,True,False,False,5.492755619447042,5.435882765498834
41.112815,60,1296.507393,True,False,False,5.120716826698201,4.79392613823306
31.58064,39,1298.860733,True,False,False,3.2732496775577706,2.8169360557678718
34.023281,49,1299.240091,True,False,False,4.73298420716885,3.4253346035762835
39.307653,59,1299.686715,True,False,False,6.203672366471766,4.738353411921369
29.1483,36,1299.973244,True,False,False,2.7435396227624618,2.4832667769441565
38.165223,64,1300.451194,True,False,False,5.551899911724051,4.21769904995681
32.210059,42,1300.698888,True,False,False,3.100571173156594,2.896300587456486
-8.955968,25,1300.828941,False,True,False,2.5559510828919914,3.746595201778018
30.455004,46,1301.120775,True,False,False,3.140018039514972,2.8167033799726044
38.386878,38,1301.344898,True,False,False,5.236558704359649,4.200434751424209
31.712884,23,1301.481481,True,False,False,2.6096932497517304,2.6118623542496113
31.592591,25,1301.647917,True,False,False,2.4491291433881073,2.6482989328719455
44.608463,58,1302.037694,True,False,False,6.255009490462841,5.509247509749416
38.106513,59,1303.94717,True,False,False,5.519933688871613,4.231590838666503
26.062462,25,1304.077388,True,False,False,2.070561394722109,1.7267339605621224
40.175238,64,1305.533609,True,False,False,5.970131917040863,4.781471162537117
46.143601,73,1305.999604,True,False,False,5.765733921112944,5.66148518762447
26.153268,22,1306.149786,True,False,False,1.6564095410932824,1.6135205170913935
37.746869,68,1306.534215,True,False,False,5.048514980069884,4.208756684384983
33.143399,29,1306.735434,True,False,False,3.3639667841235625,2.9071695794248598
49.067051,96,1307.360509,True,False,False,7.812573151282597,6.4823981489858555
34.902627,42,1307.68913,True,False,False,3.553297448769265,3.453857285900614
41.308276,42,1308.010478,True,False,False,5.1437312995565225,4.698121249109778
29.443207,39,1310.067703,True,False,False,2.7747532972101365,2.7166154076852584
33.080004,34,1310.299608,True,False,False,3.04896852290701,3.0226072360453813
41.452381,60,1310.605888,True,False,False,5.656996600384293,4.875191365371127
25.951391,27,1310.756413,True,False,False,2.20356997639648,1.6687501186312894
44.960193,87,1311.239311,True,False,False,7.396043462155552,5.5914036045937205
32.448019,52,1311.583445,True,False,False,4.3359910270996425,3.1162956489791602
35.426471,44,1311.857348,True,False,False,4.08171499065126,3.757569018151357
34.771174,41,1312.098123,True,False,False,3.4408011266342076,3.4021759089225507
44.261298,58,1312.396339,True,False,False,6.218603482239114,5.3566644581927
44.193511,51,1312.672274,True,False,False,5.404050138414506,5.254375962969069
31.783178,33,1312.843479,True,False,False,2.8305468006253016,2.774693943834502
31.051745,28,1314.598349,True,False,False,3.7955915498846826,2.7434436425409054
36.400933,32,1314.810846,True,False,False,3.53284178198165,3.618169441059397
33.817274,22,1314.966197,True,False,False,3.124621756337499,3.029024738300044
27.120541,20,1315.099297,True,False,False,1.9398383049523322,1.8182185634759793
41.486933,48,1315.406172,True,False,False,5.220733377702754,4.739481866855512
35.378626,60,1315.811117,True,False,False,4.352032954050248,3.6635957790290328
29.668426,23,1315.97888,True,False,False,2.2651350477610173,2.275523975169817
-18.618133,44,1316.263137,False,True,False,2.721266773078554,5.13732537804894
39.16434,42,1316.530349,True,False,False,4.15335686875835,4.187427636646343
46.965901,72,1316.976341,True,False,False,6.0954638772961385,5.827487747815632
38.120351,60,1317.380984,True,False,False,5.232731345937353,4.300398795429445
43.154508,62,1317.815776,True,False,False,6.368458052523266,5.254957684913737
35.369656,59,1319.853541,True,False,False,5.219159228534453,3.770759755197163
37.927621,53,1320.205669,True,False,False,4.505377333235247,4.06486990291831
25.784806,20,1320.314705,True,False,False,1.7494966834796952,1.508179586130973
38.786959,49,1320.621477,True,False,False,4.5464645033321895,4.214350727915647
37.509438,49,1320.960276,True,False,False,5.76000339171169,3.9784987727456373
27.87576,35,1321.214936,True,False,False,3.6746778552323063,2.030854110617991
32.991537,36,1321.438197,True,False,False,4.501693903957736,3.048970037552987
44.437018,50,1321.728417,True,False,False,5.986931544752418,5.2417884607849174
26.671372,13,1321.808616,True,False,False,1.4226136248391645,1.6715633217481378
35.580976,46,1322.082749,True,False,False,4.634045776711734,3.7156096875121536
43.933519,45,1322.37717,True,False,False,5.9751624508698225,5.142299564373425
34.797579,65,1322.790116,True,False,False,3.634910834199069,3.602950048562913
47.873536,58,1324.609863,True,False,False,6.7710505822431015,6.029302750154679
44.278444,86,1325.134896,True,False,False,6.951610188799367,5.863685363225286
36.562331,44,1325.367458,True,False,False,4.4973119966238615,3.789306078174529
32.509714,35,1325.556321,True,False,False,4.21064301848479,2.960523631486238
39.854,47,1325.852155,True,False,False,6.250059359355799,4.506812428117346
36.861378,49,1326.179145,True,False,False,4.976123300580894,3.9594949688455716
46.637864,83,1326.719455,True,False,False,6.904390297528394,5.918466279434847
38.150142,35,1326.94384,True,False,False,4.0225265093064095,3.960133812253154
37.256487,32,1327.16705,True,False,False,4.685454122971398,3.8375490254244986
31.630911,32,1327.387577,True,False,False,3.743722047640969,2.7644399768824366
30.616785,29,1329.2141,True,False,False,2.6410498393789075,2.5555122305735405
42.767464,49,1330.69483,True,False,False,5.086413858691556,5.025539670088976
26.329271,14,1330.792982,True,False,False,1.4619884507556173,1.5324561429011252
41.823105,41,1331.064753,True,False,False,4.741204245348668,4.647834338187187
35.069478,47,1331.368645,True,False,False,4.6192624234436055,3.5008714724325642
45.087582,51,1331.665632,True,False,False,5.945416871556216,5.457292486858271
28.043492,19,1331.775621,True,False,False,1.8270881012888254,1.8727022538611557
34.775519,27,1331.927643,True,False,False,4.003153369592832,3.260612732372419
35.880953,45,1332.184353,True,False,False,4.548153160894152,3.6692481572366322
40.445291,67,1332.549758,True,False,False,5.845275737320179,4.857745264917073
33.401458,26,1332.69016,True,False,False,2.753918278776365,2.947235740857144
35.546669,49,1332.961525,True,False,False,3.7601450078238905,3.584259061857792
35.929491,56,1333.30383,True,False,False,4.361630733713651,3.7634264131197104
-4.291468,51,1335.344938,False,True,False,4.202134204529983,5.636115416950465
47.060249,83,1335.819711,True,False,False,6.168446091498178,5.976764309805377
39.755725,52,1336.147849,True,False,False,4.432905007089302,4.499974265384609
44.842744,89,1336.706271,True,False,False,6.738284726657292,5.985600501933905
31.153556,31,1336.914692,True,False,False,3.1787610302669163,2.6731519594869706
28.178719,34,1337.157447,True,False,False,2.4516173027751007,2.1613959538554646
28.662822,19,1337.292937,True,False,False,1.8416887977306067,2.0095506573670767
37.408218,64,1337.696416,True,False,False,4.771848488209712,4.145371983512486
26.56859,25,1337.842633,True,False,False,1.8682200984064057,1.7729895381693743
41.593263,58,1338.201991,True,False,False,5.202388996389796,4.731046240853333
31.937353,25,1339.938883,True,False,False,2.7153797723852007,2.7823297251203227
31.30621,30,1340.149606,True,False,False,2.5520065843924855,2.71290662057795
36.475543,36,1340.39711,True,False,False,3.6655226853877148,3.6456345188406543
31.18129,29,1340.583562,True,False,False,2.832068733849063,2.6597433717644385
26.052822,12,1340.666774,True,False,False,1.4096877174856992,1.5046428751422354
29.030851,27,1340.859569,True,False,False,2.3075763980496604,2.2386900453563117
40.514538,52,1341.233054,True,False,False,4.690918475528889,4.51771689167283
31.764599,26,1341.417902,True,False,False,3.171874972267057,2.658178339267865
40.873156,60,1341.818928,True,False,False,4.830078950525413,4.56105210855203
28.469452,18,1341.926741,True,False,False,1.8110847492111484,1.982680720754304
31.691245,35,1342.160806,True,False,False,2.9783575016670367,2.6763013015726145
36.679607,40,1342.443273,True,False,False,3.8259308790929727,3.7327290499621015
39.683498,45,1342.717116,True,False,False,4.7719875242877565,4.4045647369251535
26.0403,14,1342.79413,True,False,False,1.4036148351466575,1.542721380355386
42.944696,63,1343.157375,True,False,False,7.331136375643132,5.220911340152308
36.760467,39,1345.073289,True,False,False,4.773614517711681,3.7687050840233405
29.238359,21,1345.219654,True,False,False,2.3667535463825113,2.247509106686017
-15.935683,15,1345.326896,False,True,False,1.2023949226562871,2.704272933174154
40.649744,54,1345.704342,True,False,False,6.516195990848724,4.830188032988941
29.784042,56,1346.096742,True,False,False,3.833151190424636,2.7892306110828384
34.951603,43,1346.365461,True,False,False,4.30167750550601,3.4910110186680727
31.469502,48,1346.694593,True,False,False,2.9518645041275873,2.8863875648257964
47.542972,68,1347.043984,True,False,False,6.409804797038789,6.2105772268909565
42.524528,73,1347.483864,True,False,False,6.9924749203012775,5.381750657488194
32.221676,20,1347.579267,True,False,False,2.7094877251436356,2.786237775381653
32.712493,47,1347.830181,True,False,False,3.6590005004790216,3.2046372777441343
32.015164,40,1349.586889,True,False,False,3.6225952935876693,2.9387756673885645
32.211101,39,1349.837703,True,False,False,3.969684980134403,2.959731344493881
45.088881,55,1350.182738,True,False,False,5.855444715307273,5.38376473226308
28.179032,26,1350.32912,True,False,False,2.249234668977433,2.20265537637342
27.711256,22,1350.485449,True,False,False,2.1896543844238496,2.124100374526704
-6.347686,29,1350.693538,False,True,False,3.3012183240170856,4.079486716353638
42.444809,104,1351.326216,True,False,False,8.070254694372496,5.39515669932401
36.224152,24,1351.460204,True,False,False,3.532930277057381,3.6075454676876104
37.114079,51,1351.800465,True,False,False,5.84890399006321,4.018561332687537
39.349794,87,1352.353116,True,False,False,5.202399244528796,4.778532409630431
45.427785,105,1355.701136,True,False,False,6.463328930261182,5.978010064606629
35.511724,50,1355.97308,True,False,False,5.475069091912493,3.6788736375902134
31.493552,47,1356.227879,True,False,False,2.9957910708354265,2.9170269346410858
43.622263,88,1356.768756,True,False,False,5.358027494588914,5.417184262916954
31.291493,21,1356.910252,True,False,False,2.448514700999883,2.5363079287213837
41.936349,66,1357.301837,True,False,False,5.502405640502164,5.008967692350664
35.574902,47,1357.589978,True,False,False,5.088083565134258,3.7370724220654097
27.112942,21,1357.713147,True,False,False,1.807131656985703,1.7453288503072049
50.65067,104,1358.415452,True,False,False,7.5095946374296325,6.799504665298832
41.332908,53,1360.453631,True,False,False,5.141238422195631,4.759641506203805
38.898365,65,1360.904109,True,False,False,7.73132934689358,4.48317519621537
33.130629,28,1361.106246,True,False,False,3.433436864930696,2.9357471151685166
36.070672,93,1361.707683,True,False,False,6.885879134481661,4.202412676953869
28.944758,52,1362.045006,True,False,False,2.7232442785266935,2.4133869889186133
36.445271,40,1362.322991,True,False,False,4.093959653688433,3.6877486689467385
29.693798,19,1362.45325,True,False,False,2.095698485346096,2.160469689837996
29.509591,23,1362.611959,True,False,False,2.4946021938273857,2.275153360047218
43.689698,59,1363.019634,True,False,False,6.410927057574322,5.3693738428569135
41.455333,42,1363.277177,True,False,False,5.228419523534901,4.694517592827045
34.808517,46,1363.569477,True,False,False,3.6738487574876193,3.3590351159793155
47.529309,48,1365.592539,True,False,False,7.094899914148756,5.858160668301192
30.990646,30,1365.750446,True,False,False,2.6458570292376775,2.590835774849532
33.625836,43,1365.974394,True,False,False,3.0125835545640878,3.1304403569822474
36.277114,48,1366.249047,True,False,False,4.294380116778121,3.7487390724676555
-6.049407,37,1366.496976,False,True,False,4.183750140099373,7.191212712369744
37.329486,62,1366.921638,True,False,False,4.880378007331625,4.333234097586116
33.859471,23,1367.059142,True,False,False,2.9273651389814392,3.0266036433180865
47.334446,75,1367.537486,True,False,False,7.629263529621513,6.237757201858728
43.729017,64,1367.888986,True,False,False,6.030913981369092,5.274477623935686
-19.414303,8,1367.936428,False,True,False,0.7538702280503138,2.464244337108761
36.775143,44,1368.208643,True,False,False,4.350378973249907,3.8717787192639963
43.996417,64,1370.338074,True,False,False,6.091007549798906,5.33834040523877
40.970951,70,1370.740926,True,False,False,7.887070485911329,5.222103631592739
51.195837,102,1371.334212,True,False,False,7.6160398390499005,7.055920292391777
38.684424,47,1371.621114,True,False,False,4.870241263886396,4.17263219439353
35.561601,60,1372.032467,True,False,False,5.498688965678092,3.823903564440453
25.674935,20,1372.171631,True,False,False,1.4317101435427895,1.5264084655752728
33.214977,45,1372.459132,True,False,False,3.929875506681721,3.1528586952712065
39.644167,35,1372.706839,True,False,False,4.33384251869939,4.331224366227582
34.268641,35,1372.950081,True,False,False,3.8563399220551515,3.280251352492322
25.648421,17,1373.04727,True,False,False,1.6232629605208135,1.5471440519819584
41.180129,64,1373.419758,True,False,False,5.7660612425906885,4.75896021286795
43.9718,52,1375.300261,True,False,False,6.382979477128685,5.245215815291677
39.907636,65,1375.661304,True,False,False,5.177439166229206,4.5174000304652475
48.633258,80,1376.17736,True,False,False,8.198987110743335,6.364444763501005
37.709161,50,1376.493556,True,False,False,4.418402125669275,4.028790890152687
38.911037,67,1376.93119,True,False,False,5.289311213603036,4.648321334824286
35.747368,48,1377.212276,True,False,False,3.5746943116711005,3.5701883715283467
28.363227,28,1377.36837,True,False,False,2.336600368564754,2.01188721485367
26.719995,18,1377.469701,True,False,False,1.930507984840717,1.630797873296118
-12.854365,26,1377.612631,False,True,False,1.8542398945110161,3.5811859548271983
31.592579,26,1379.011806,True,False,False,2.4990989349344312,2.6976852411386782
41.020555,33,1379.202085,True,False,False,4.35755547520753,4.40162460226112
56.11182,137,1381.539393,True,False,False,10.213644907375201,8.42812037632917
27.748679,19,1381.654627,True,False,False,1.7737385913879604,1.9437536178151713
29.538249,51,1381.993905,True,False,False,5.16009332716023,2.7402292092925493
46.136683,69,1382.472358,True,False,False,5.927337696627578,5.671490995653352
36.764115,29,1382.660369,True,False,False,3.990351196544416,3.675362703712376
38.459714,70,1383.139266,True,False,False,4.455356114531189,4.292437205485402
36.873807,62,1383.598451,True,False,False,5.388102884765652,3.968434102384575
34.61239,49,1383.955825,True,False,False,3.626142314470384,3.4404035216933058
25.708616,48,1384.242751,True,False,False,3.470260211409721,1.8823510216897172
45.214539,53,1386.172635,True,False,False,6.121469405667668,5.491713695899018
34.038445,43,1386.450949,True,False,False,3.4811548046623852,3.2758881868967196
37.591106,34,1386.649424,True,False,False,3.9598478896915013,3.8496845095830454
39.73652,50,1386.93927,True,False,False,4.5274688409749535,4.449005701492526
39.070987,45,1387.207771,True,False,False,4.5316224720336935,4.35106207269767
30.380715,27,1387.349231,True,False,False,2.4774632202539597,2.4924692635035735
44.997957,62,1387.685056,True,False,False,6.503418962065683,5.554236384450641
37.233812,42,1387.93073,True,False,False,4.799386146203513,3.8133150716370463
37.76369,51,1388.275394,True,False,False,4.91223992942358,4.1804525382087885
42.478379,39,1388.553134,True,False,False,5.1083468701727615,4.890939212588128
32.865596,64,1388.934873,True,False,False,4.360450173448509,3.279664138045066
32.114237,33,1390.849308,True,False,False,3.0075756082851384,2.7182084943637577
46.804418,44,1391.161234,True,False,False,6.116029739075117,5.685848160804224
31.230973,28,1391.371217,True,False,False,2.7989829790463636,2.597356628321355
42.713567,48,1391.716263,True,False,False,5.5881695670048845,4.878860120544446
29.203512,34,1391.953662,True,False,False,2.713464634731831,2.505290062362828
35.43536,48,1392.295405,True,False,False,4.404958752203512,3.6672346945607277
28.41477,31,1392.520278,True,False,False,2.5938348537394105,2.3120534448795658
26.932689,20,1392.661951,True,False,False,1.8340025666782656,1.7833864226773932
27.743306,18,1392.791985,True,False,False,1.614569190894386,1.7831579526389338
33.392895,32,1392.993474,True,False,False,3.4855719203788564,3.2520824864691016
38.236065,49,1393.270954,True,False,False,4.097588113149013,4.083621252611489
49.358582,88,1393.743689,True,False,False,7.853641351938949,6.764894281553237
33.473077,24,1393.8883,True,False,False,2.8979843576164193,2.9780981010057364
28.610602,35,1395.584244,True,False,False,2.062721358967567,2.2057641528301697
38.809107,44,1395.886111,True,False,False,5.454776973497549,4.1965035428924375
40.372958,55,1396.229877,True,False,False,5.331855210484542,4.486330409302991
38.489883,43,1396.509529,True,False,False,4.920617324650272,4.327514702614174
43.511462,70,1397.006831,True,False,False,7.097921987788606,5.265981883188404
41.598909,46,1397.33306,True,False,False,4.561832350711133,4.707064425953724
46.147717,62,1397.766485,True,False,False,6.783947622083511,5.729262968808533
30.419141,48,1398.087253,True,False,False,3.8131393898086743,2.7216419646897743
27.909177,25,1398.266736,True,False,False,1.8541122202732425,1.9227271744988144
32.207195,44,1398.565851,True,False,False,3.3124212591172975,2.96931609378656
26.645536,30,1398.799399,True,False,False,3.4538742444748474,1.828445647784871
38.892265,32,1399.001825,True,False,False,4.439870951006379,4.057632749935978
34.757307,32,1400.945322,True,False,False,3.3377950888088233,3.314785222105346
33.779831,48,1401.29245,True,False,False,3.327867765680676,3.2664473142755
39.03908,69,1401.745576,True,False,False,4.631866762170882,4.321343638888375
28.885338,23,1401.906402,True,False,False,2.254821019529068,2.168508589234534
33.462093,53,1402.256671,True,False,False,4.1823868650276745,3.310531154308111
41.990731,53,1402.594783,True,False,False,4.797583304432624,4.760743652901712
43.185798,50,1402.879956,True,False,False,5.859408810596718,5.1768007727482415
42.657526,95,1404.585369,True,False,False,6.615660950693326,5.5891221183497946
44.927063,66,1405.054777,True,False,False,8.195490958876201,5.684984864213398
45.012284,41,1406.999308,True,False,False,5.799404434598113,5.337761129564161
36.761697,47,1407.296828,True,False,False,4.44590554732209,3.8728026878647666
35.311207,58,1407.615549,True,False,False,4.778655894784485,3.8257074472879236
23.392568,37,1407.829286,True,False,False,2.8344044368180943,1.6860664041506
39.724579,48,1408.099476,True,False,False,6.242049730562713,4.435285686200179
45.774137,72,1408.474272,True,False,False,6.160970636124776,5.907975083331855
27.229593,18,1408.569071,True,False,False,1.7201490037576241,1.7851083024307477
31.692025,25,1408.716553,True,False,False,2.765432961217167,2.6478471054362487
28.895775,25,1408.873891,True,False,False,2.333873028413883,2.207110960282272
39.774939,63,1409.254941,True,False,False,4.7018175720978,4.498029106665992
41.966151,65,1409.714084,True,False,False,5.266307862386197,5.0399079610964606
47.479541,49,1411.785236,True,False,False,6.158103090764897,5.889658346599916
42.493253,76,1412.317176,True,False,False,7.2581381782541055,5.230581787606285
28.162491,41,1412.604679,True,False,False,2.1127694366960346,2.181654528307224
46.607192,106,1413.238816,True,False,False,10.596511079449272,6.434658757818941
32.123615,26,1413.421787,True,False,False,3.509348389573222,2.787503414163408
34.614689,74,1413.922384,True,False,False,4.612232096444643,3.7869616499143763
32.697125,46,1414.26474,True,False,False,3.483960059290967,3.112451603647193
41.971625,47,1414.565607,True,False,False,5.249916764385667,4.7598531680663605
46.956186,74,1415.062084,True,False,False,7.285427385707057,6.04131618616063
33.33859,55,1417.191145,True,False,False,3.854995637613925,3.2529288066143804
34.471982,31,1417.406759,True,False,False,3.741143480185554,3.285070046451017
45.633118,79,1417.949624,True,False,False,8.546065949220287,5.994755291395553
49.874807,54,1418.30037,True,False,False,6.622835064044598,6.3578694624137375
39.448048,82,1418.871901,True,False,False,4.928787793241425,4.853332498714436
32.812012,51,1419.23248,True,False,False,3.7024072421121996,3.1014275442406873
46.50233,49,1419.587041,True,False,False,7.029700706061528,5.675491770437475
45.835962,53,1419.95688,True,False,False,6.5849856468614,5.724160357598244
35.401169,54,1420.326738,True,False,False,3.647147257458108,3.6016134748921944
40.248372,50,1422.723757,True,False,False,5.563671679435024,4.504692875353742
24.819353,41,1423.044493,True,False,False,3.5858552275262574,1.649317659108119
28.39308,25,1423.244997,True,False,False,2.7705158433542625,2.1393137563833498
35.008245,39,1423.558508,True,False,False,4.7718833098110895,3.5026128030153716
35.129952,50,1423.956446,True,False,False,3.973166744117907,3.5172729879197133
31.613403,27,1424.170941,True,False,False,2.7975555735203868,2.7292676057167995
32.933206,32,1424.402627,True,False,False,3.142530492521582,2.9896423608902216
26.078399,13,1424.493748,True,False,False,1.274691677000799,1.540889570304545
33.24045,30,1424.69977,True,False,False,2.8591412637648568,2.975153464969006
33.034413,32,1424.909179,True,False,False,3.319405427101999,2.879594401701537
44.755298,55,1425.295323,True,False,False,6.549380323315986,5.450414581327101
38.691626,63,1425.727967,True,False,False,5.057283848757797,4.342117968451969
43.556101,58,1426.098328,True,False,False,7.123225369694808,5.271786569466901
30.684654,18,1427.769135,True,False,False,2.4868008705570532,2.3968095897999016
28.209083,48,1428.064881,True,False,False,3.492014176319591,2.5625043204320015
31.568536,39,1428.285345,True,False,False,4.740292714861723,2.869896276481168
33.075703,57,1428.631852,True,False,False,4.639928627726567,3.4214865128853353
-12.038307,23,1428.807314,False,True,False,1.8069097289994402,5.51509373848924
34.113372,34,1429.030506,True,False,False,3.4557924772197146,3.1380429961371594
39.752195,50,1429.361289,True,False,False,4.912856010450505,4.497424386549792
39.325426,89,1431.227861,True,False,False,4.918882399818596,4.6803018361534265
27.646273,26,1431.416367,True,False,False,1.8916293620079823,1.8908200301334823
34.196694,37,1431.675749,True,False,False,3.412795868208105,3.176409117083894
44.332877,76,1432.209251,True,False,False,6.796490134157916,5.720377715755475
-12.032593,20,1432.350118,False,True,False,1.8322144590399554,5.381837908946764
36.097109,83,1434.422484,True,False,False,4.9211111010388295,4.252420821080177
34.121948,39,1434.685223,True,False,False,3.7493159577079127,3.4220358750804705
37.869728,49,1435.014633,True,False,False,3.980929182859319,4.0417351195494025
45.696281,64,1435.46692,True,False,False,6.767714146566442,5.777304590006207
28.424045,23,1435.628907,True,False,False,2.3804570347440612,2.0738465035196785
46.846902,70,1436.09114,True,False,False,7.143178990606615,5.974581949250219
39.63374,44,1436.340411,True,False,False,4.762521309751947,4.450541315502739
40.392949,73,1436.787079,True,False,False,5.087688258841827,4.835805629925341
36.690819,37,1437.024329,True,False,False,4.490505682781525,3.684708840478751
35.076872,44,1438.915372,True,False,False,3.8447656856652515,3.4734052723691895
48.193347,47,1439.255952,True,False,False,6.140891583521843,5.983962478116797
36.77344,62,1439.699686,True,False,False,4.609698217796979,4.053830653941933
36.369778,61,1440.126054,True,False,False,5.652683771182855,3.9348364182319906
45.314149,69,1440.613431,True,False,False,5.5934097685477155,5.546704746955773
33.301309,30,1440.7901,True,False,False,2.863906350037877,2.9716973667848015
32.803206,56,1441.192925,True,False,False,4.797927436122643,3.283872563519881
32.941452,51,1441.54123,True,False,False,4.6221881494504835,3.4522978599067824
31.099008,24,1441.689353,True,False,False,3.0643482014786216,2.5045655974813257
45.609336,91,1442.233699,True,False,False,8.471239452945373,6.133624005353091
43.165418,67,1444.484846,True,False,False,6.263662465216231,5.338444031247753
42.758181,67,1444.955,True,False,False,7.070709234476458,5.1919583705940076
28.491488,25,1445.104762,True,False,False,1.8541961017639847,2.103104845191774
26.387774,13,1445.183605,True,False,False,1.4347457884598052,1.5606567713731188
27.264185,26,1445.366173,True,False,False,2.1975403565814764,1.9612459627417325
34.938782,37,1445.593117,True,False,False,4.48700446990363,3.4897043232803355
33.479473,35,1445.787044,True,False,False,3.353908220973514,3.1500270515819775
26.140074,14,1445.865874,True,False,False,1.3534680258622604,1.5932979332503865
47.612162,59,1446.219276,True,False,False,6.012347677787133,6.0001042104873115
47.196749,74,1446.624069,True,False,False,6.555098005548277,6.046745987253603
36.868155,46,1446.896743,True,False,False,4.310055649599387,3.9989108720740334
28.708527,26,1447.085139,True,False,False,2.197929598705214,2.1265820499919914
35.241527,34,1447.309584,True,False,False,4.62775603541494,3.46117336123272
37.429417,46,1449.230157,True,False,False,4.663625857520182,3.9557141238565823
38.592857,51,1449.596469,True,False,False,4.190647300751076,4.212900514158155
30.843019,27,1449.746183,True,False,False,2.955373626493469,2.5780037829221545
34.40445,65,1450.141514,True,False,False,4.337872035353495,3.6085424471069
42.867222,42,1450.441402,True,False,False,4.868415754118838,4.823831188457382
26.159494,30,1450.642991,True,False,False,2.586158081068278,1.7835975701970688
28.028407,23,1450.767928,True,False,False,1.8442657874479602,1.9695592627484195
33.502432,46,1451.032817,True,False,False,3.3407732072759213,3.2585003130776973
35.793521,56,1451.442898,True,False,False,3.677961142666803,3.700767537666086
42.205372,50,1451.720766,True,False,False,5.2129552684938645,4.791115730247855
41.703792,77,1452.135428,True,False,False,5.877902668455565,5.0496469171812395
33.478115,64,1454.302686,True,False,False,4.54328269238907,3.4347852324842783
30.469313,36,1454.567118,True,False,False,3.3374336111787026,2.535914630374498
52.252159,104,1455.261523,True,False,False,8.911740138137574,7.584894304754715
26.758601,27,1455.420249,True,False,False,1.8914194749685518,1.7439937082169574
35.883463,38,1456.694398,True,False,False,4.043940676782433,3.650125827689355
41.219032,64,1457.12052,True,False,False,6.310230029663971,4.851654627929923
29.770711,89,1457.7144,True,False,False,5.053269477716424,3.520461312215791
41.777468,52,1458.03122,True,False,False,4.793636275879561,4.6938738365132835
41.066671,69,1460.089528,True,False,False,5.21720283835845,4.965666659507315
34.710349,29,1460.272218,True,False,False,4.176622634002335,3.3315262954957543
40.57524,37,1460.505163,True,False,False,4.589452902543622,4.450893656691068
-19.212787,6,1460.546277,False,True,False,0.33769921612260145,2.3297227853591673
40.736423,58,1460.95018,True,False,False,4.832562001662391,4.5917395366850835
34.277756,39,1461.189239,True,False,False,3.503585165472617,3.3246523631508578
37.72064,42,1461.443098,True,False,False,4.634823959587692,3.9996565084799993
28.69634,18,1461.560219,True,False,False,2.0101661678425216,2.0982174757855727
30.980027,44,1461.849571,True,False,False,3.6793103916376726,2.74532758072325
34.368469,31,1462.037847,True,False,False,3.4508342586626433,3.23543385950095
41.050395,54,1462.373283,True,False,False,4.827504839151188,4.691451204713731
32.654629,40,1462.588275,True,False,False,2.9662084426504793,2.9672145181886904
33.181776,33,1462.770155,True,False,False,3.602716439573692,3.069817795095174
33.070797,37,1462.971145,True,False,False,3.124852802209297,3.065177838030265
36.672236,42,1464.810242,True,False,False,4.399460441021606,3.721160524385245
33.337507,28,1464.97157,True,False,False,3.0709347212554894,3.0471440389331375
27.147922,27,1465.125115,True,False,False,2.5367163683257465,1.8849896825651016
30.92795,44,1465.402324,True,False,False,3.18652628203718,2.953253768765436
38.677451,57,1465.742276,True,False,False,5.339367481205082,4.288449297164418
27.708318,21,1465.854816,True,False,False,1.7478571552261581,1.9287643377695576
32.83679,23,1465.980919,True,False,False,3.2302505390135847,2.9142428688081847
38.539195,34,1466.175188,True,False,False,4.3157992446519655,3.9820423710641455
33.882796,54,1466.468523,True,False,False,4.409856628107842,3.409602391311798
47.399427,76,1466.877984,True,False,False,7.085203045903072,6.160318407568837
45.044712,53,1467.16221,True,False,False,5.934344350917454,5.405623192006696
29.497348,36,1467.354105,True,False,False,2.469123165412225,2.4079243510879933
45.999856,97,1469.416146,True,False,False,7.540529955591968,6.116559468189315
30.401007,21,1469.56978,True,False,False,2.2583273403317374,2.414671006575592
47.558867,58,1469.983775,True,False,False,5.828383034181906,5.828062492566379
35.680045,38,1470.250038,True,False,False,4.1795370326518295,3.5439624690795704
27.417322,30,1470.460429,True,False,False,1.9185927637260782,1.9090736688650949
47.376718,62,1470.865314,True,False,False,6.0538441904169105,5.962748547436082
34.518198,39,1471.055502,True,False,False,3.7097908680357947,3.309671774577295
34.533001,48,1471.288337,True,False,False,3.761381820876525,3.366841148212153
42.123034,49,1471.553617,True,False,False,5.17044244650752,4.88846249566675
48.475916,96,1472.236567,True,False,False,7.068899804196562,6.469109498148189
32.124902,35,1473.884335,True,False,False,2.838696707961194,2.836097682172037
26.855466,19,1474.007772,True,False,False,1.8799085721598325,1.77175206749849
44.605068,57,1474.41896,True,False,False,6.188565616093701,5.481252008890995
35.393486,38,1474.67959,True,False,False,3.561023638260651,3.4554410451808804
39.196015,35,1474.896641,True,False,False,4.548820734949571,4.21165908625921
41.387756,53,1475.199399,True,False,False,6.002526557469751,4.8734970489208544
38.796181,52,1475.525406,True,False,False,5.257490549473771,4.3940248122715815
27.179469,20,1475.677484,True,False,False,2.118838367420034,1.7982038402020029
34.638797,34,1475.926064,True,False,False,3.3864141889975694,3.3767114037583617
29.863302,21,1476.076637,True,False,False,2.3007078595370163,2.4280474180131595
28.145614,22,1476.217494,True,False,False,2.444181927523717,2.0166807519659007
38.540944,66,1476.636831,True,False,False,5.073203337352673,4.446909422873444
30.715024,60,1476.995415,True,False,False,5.630068041993627,3.128874771861865
25.899071,17,1478.593991,True,False,False,1.7653811274736253,1.5725358344810858
27.980969,34,1478.78984,True,False,False,2.9255630754325335,2.135196374244937
48.85711,48,1479.04383,True,False,False,6.761789541010138,6.082577645436463
28.816255,24,1479.191614,True,False,False,1.9918180474035172,2.1468745302912633
32.426493,41,1479.476556,True,False,False,3.0965986198121596,2.9424257323012517
47.253143,62,1480.996632,True,False,False,6.4841794956231755,6.0068343536133515
-19.694062,13,1481.081805,False,True,False,0.6640011430515829,1.7218082940390573
49.451876,64,1481.524709,True,False,False,7.1257156005429785,6.336020683087454
47.551691,78,1482.073621,True,False,False,6.691971077634251,6.022971271443563
46.594243,38,1482.33443,True,False,False,5.625659163776518,5.606480150306447
48.074126,76,1482.807576,True,False,False,7.768568681273654,6.4814753333428925
53.710097,52,1484.517488,True,False,False,7.763947738090783,7.2367626307450035
48.632163,65,1484.87521,True,False,False,6.3708185136064115,6.236739303387664
36.207433,43,1485.11055,True,False,False,3.7389777929702483,3.697877314648699
48.063333,87,1485.576786,True,False,False,6.700187569154063,6.174649372422011
33.824498,31,1485.785696,True,False,False,2.8521858538556133,3.1070772912382623
28.407839,22,1485.916205,True,False,False,1.8334877400552534,1.9310033747340578
46.924041,82,1486.419858,True,False,False,7.0193576547798004,6.129265276958126
40.693413,32,1486.636869,True,False,False,4.267820455066244,4.348599457784106
33.368714,29,1486.816791,True,False,False,3.0987662347581493,2.9823145834934017
31.010579,27,1486.983791,True,False,False,2.5847685660660535,2.6190880069244398
35.842062,38,1487.25455,True,False,False,3.626087086410678,3.6506399883224923
44.645249,75,1489.573126,True,False,False,6.321182493786618,5.606218554684537
37.405717,59,1489.925361,True,False,False,5.335753077996298,4.245627404385215
32.041917,24,1490.059712,True,False,False,2.9827636359840564,2.7790130106011848
25.633325,23,1490.217253,True,False,False,2.387892484460721,1.7099964908689134
38.735181,52,1490.585487,True,False,False,4.456173588907732,4.24586453439015
39.438599,57,1490.993418,True,False,False,5.163792095815845,4.504167302857214
48.311946,68,1491.460975,True,False,False,7.289238016353622,6.13148441053589
37.052076,46,1491.79274,True,False,False,4.184806478846661,3.969498573102619
43.991265,59,1492.152995,True,False,False,5.938428167985088,5.360617357480866
38.633673,41,1492.382679,True,False,False,5.831945984470026,4.2201625372221665
33.384478,48,1494.33025,True,False,False,3.3309089164241734,3.2242980916940023
28.401136,41,1494.597064,True,False,False,3.090637379072551,2.287872725203773
35.905744,31,1494.817994,True,False,False,3.287703154305543,3.524509512449628
37.223745,41,1495.056615,True,False,False,4.202856349741036,3.9097393341252102
35.556584,43,1495.361184,True,False,False,4.477743368821249,3.582197002223788
37.140925,37,1495.621949,True,False,False,5.324586128279224,3.835806653262822
44.168333,38,1495.895126,True,False,False,5.098065231386245,5.1538675637476405
30.965265,28,1496.098091,True,False,False,3.207038866936499,2.5348812675644523
25.893979,21,1496.238466,True,False,False,1.7483507678816548,1.5824684261574153
31.760786,19,1496.347588,True,False,False,2.506560456633733,2.64209442977786
36.513044,68,1496.78034,True,False,False,5.805097496714566,4.039962958786188
37.210432,36,1496.986607,True,False,False,3.7440621880507776,3.758003779915718
-12.146856,28,1497.185714,False,True,False,2.149463795664248,4.381287390782
26.309324,34,1497.419806,True,False,False,2.073291702904621,2.026732989228247
27.292633,40,1499.216569,True,False,False,2.8863199555578305,2.0362775385617975
36.665702,40,1499.470541,True,False,False,3.570216712991293,3.724037682818426
39.536139,49,1499.767753,True,False,False,4.469796206431557,4.328698020037469
33.080686,37,1499.995776,True,False,False,3.205425936328034,2.9900643688269692
43.045189,64,1500.392795,True,False,False,5.906046935749046,5.122707704417369
32.792432,28,1500.566835,True,False,False,3.290839401720037,2.8920719973799764
28.503618,46,1500.848296,True,False,False,3.3919201198688493,2.3695946999917217
26.075349,20,1500.967883,True,False,False,1.8741594591394943,1.6305984904594855
35.265001,26,1501.117687,True,False,False,3.36877581127371,3.296038759649356
36.150446,71,1501.552191,True,False,False,4.5761358428553995,4.016964445050991
30.97986,41,1501.777952,True,False,False,3.949421924596223,2.754219927808111
40.685806,74,1502.202706,True,False,False,4.780592823588859,4.742947279936449
42.533055,82,1504.402925,True,False,False,6.182913449337303,5.21222959066968
42.757631,58,1504.799239,True,False,False,5.210586679061904,5.123033413767125
41.362666,58,1506.227623,True,False,False,5.123319410243057,4.82287009443461
37.585926,47,1506.557969,True,False,False,4.026181070631893,3.976005032341704
35.904499,48,1506.863606,True,False,False,4.170840668348683,3.6620810726144333
39.496859,50,1507.150509,True,False,False,4.632444522602819,4.228135600805315
34.261906,46,1507.423087,True,False,False,4.039513774942585,3.351016833729755
32.377716,44,1507.709169,True,False,False,3.5212638543518486,2.9605199833178437
33.787406,31,1507.884574,True,False,False,3.135486151171287,3.216623450672448
32.714953,32,1508.070069,True,False,False,3.419380568437666,2.8260059077282804
32.847059,45,1509.816821,True,False,False,3.3428198860569536,3.0432852360115263
34.941467,38,1510.089911,True,False,False,4.150226583043216,3.452459367540964
39.419621,54,1510.476899,True,False,False,6.37136646020527,4.672822956581375
36.692566,54,1510.795784,True,False,False,5.046940569165876,3.9712971955269896
32.743715,42,1511.047531,True,False,False,3.2344589838034907,3.0151576446975583
31.108812,31,1511.221545,True,False,False,2.869866743425825,2.689279887684185
30.345711,47,1511.504548,True,False,False,2.90292961017428,2.677187908519865
46.334548,68,1511.917294,True,False,False,5.90541366739472,5.688053598178972
30.090618,22,1512.065732,True,False,False,2.2016463961151187,2.37111748676143
45.769821,85,1512.653462,True,False,False,8.554679551081456,6.038479366536156
33.310899,30,1512.86661,True,False,False,3.3762890256359874,3.0360638914686264
40.321287,55,1514.90654,True,False,False,5.689679253154806,4.740807326862137
41.130587,49,1515.252968,True,False,False,5.731913101568449,4.780891050119622
35.94052,32,1515.457185,True,False,False,3.5161698316798446,3.51591115723625
-16.824961,9,1515.506315,False,True,False,0.8148516378511246,2.1886825269139276
28.520388,52,1515.844243,True,False,False,3.227983428433622,2.402559702754353
31.483811,21,1515.992254,True,False,False,2.585141583591101,2.6503051031619553
46.929427,73,1516.501925,True,False,False,6.626501184843708,5.840546989756203
34.33935,49,1516.823523,True,False,False,3.988616072866602,3.5465702181475214
41.262023,33,1517.053535,True,False,False,4.462998073249963,4.550940075863448
37.607916,37,1517.311866,True,False,False,4.510171443087556,3.941417817270019
32.436713,38,1517.541663,True,False,False,3.172170769737903,2.9155737704699978
34.855853,51,1517.841994,True,False,False,3.7326461996797238,3.454977748252667
52.05004,67,1519.816345,True,False,False,7.48317201388455,6.925225212832864
40.948256,59,1520.211831,True,False,False,5.050464739004715,4.775202281421571
37.958991,61,1520.650558,True,False,False,5.9175189142948055,4.4508182447880325
34.810599,48,1521.002916,True,False,False,4.259577881615493,3.5176034518018624
41.073137,55,1521.395523,True,False,False,5.030692047762008,4.660654048712662
27.588339,49,1521.745573,True,False,False,3.476371779060055,2.367202494229505
28.474782,17,1521.866086,True,False,False,2.057153693775292,1.9909836370347904
46.713981,95,1522.525957,True,False,False,6.7411513036004305,6.363402696065248
48.227196,56,1522.917171,True,False,False,6.867548175793538,6.149530584008613
30.836132,31,1523.126147,True,False,False,2.553796550594106,2.511138675591132
33.870473,33,1524.992374,True,False,False,3.672244705906706,3.203895435231727
41.765181,48,1525.354605,True,False,False,5.512580599824802,4.770542188909373
32.320155,31,1525.575931,True,False,False,2.932598065299779,2.864847862933634
29.237776,24,1525.751507,True,False,False,2.0183438088578276,2.18615429532447
31.109838,38,1526.030315,True,False,False,3.721196270195815,2.7318107129440756
24.924067,35,1526.278348,True,False,False,2.9258122454552318,1.6877073058009184
30.632055,28,1526.484059,True,False,False,2.4134588829382935,2.5727415573007986
33.384193,36,1526.704629,True,False,False,3.397998652462551,3.1864422961504673
47.54725,74,1527.149162,True,False,False,6.670691302134765,6.162836130177875
49.6706,84,1527.695301,True,False,False,6.850855579351337,6.44459760990907
38.995414,35,1527.935794,True,False,False,4.931565764738831,4.206809585399185
30.067606,32,1528.163633,True,False,False,2.473039851574566,2.453645440887878
-2.130848,64,1530.332809,False,True,False,4.308977447420987,6.793246764355848
32.084608,21,1530.470571,True,False,False,2.8345751904501513,2.7674475459435866
40.822869,42,1532.01729,True,False,False,5.161792633367818,4.602973846383584
28.945733,28,1532.190697,True,False,False,2.2641594641765797,2.253565854953287
31.486818,50,1532.487605,True,False,False,3.299495187077644,2.9304731682301415
49.472945,77,1533.026204,True,False,False,6.858097803621953,6.456142638665027
29.616456,45,1533.359896,True,False,False,3.5116251810423478,2.66593016438442
29.561196,36,1533.575113,True,False,False,2.4314859713939363,2.3507012418261763
41.59463,48,1533.877103,True,False,False,4.794252324030975,4.673373803331387
34.87284,42,1534.183268,True,False,False,3.3213475902347223,3.3925166446809163
-6.290094,43,1534.469776,False,True,False,3.7069071050480247,4.960339251384568
35.403469,33,1534.670649,True,False,False,3.481150802581596,3.3999242864372423
44.062729,68,1536.791462,True,False,False,5.8765699268134,5.4089737291964965
42.175739,86,1537.313031,True,False,False,6.238470736632214,5.242025745261872
35.903639,38,1537.543237,True,False,False,4.788977980342624,3.605672068674971
43.560103,66,1537.950205,True,False,False,6.119641464362051,5.138285137786111
29.03314,27,1538.143751,True,False,False,2.4318986649624157,2.205269669577043
41.248525,34,1538.383111,True,False,False,4.726418286468739,4.521055403160612
43.389222,36,1538.652065,True,False,False,5.169108412373814,4.996939725274133
44.866858,92,1539.296276,True,False,False,6.677928726183118,5.965633387291212
41.20126,74,1541.304904,True,False,False,6.889434221196172,5.011614075803649
31.767121,22,1541.463182,True,False,False,2.721685071065166,2.7038757556734443
43.100634,76,1541.966154,True,False,False,6.2162425371704195,5.345268003505895
39.446383,48,1542.288133,True,False,False,5.036066516867185,4.437133080572475
43.695998,50,1542.651072,True,False,False,6.067500448219729,5.103204730250908
27.239259,40,1542.926253,True,False,False,3.340938065382865,2.0644109744802868
28.770535,20,1543.073698,True,False,False,2.066647472452349,2.0599112685857324
38.169667,71,1543.552219,True,False,False,5.034092277508925,4.282304972108665
24.341499,29,1543.730558,True,False,False,2.766174006969087,1.747421911627172
53.653057,85,1544.233873,True,False,False,7.398766670618311,7.21121416336816
40.427776,44,1544.541582,True,False,False,4.4678944098638675,4.502261249901756
31.689438,19,1544.682305,True,False,False,2.645975890123148,2.546853147179045
30.542443,30,1546.621373,True,False,False,3.551002921932437,2.445080355851704
40.80529,47,1546.960776,True,False,False,4.623673949274625,4.475372145368355
-18.60586,7,1547.011133,False,True,False,0.5155758065101287,2.700412101922123
50.770433,90,1547.667672,True,False,False,7.372865501021516,6.780987836529676
41.771753,83,1548.255309,True,False,False,6.4765993217629,5.418534006232347
38.130822,53,1548.649502,True,False,False,4.081287786093068,4.08528201986724
27.16918,25,1548.829923,True,False,False,1.64796684140827,1.7617558171365182
38.668881,62,1549.211381,True,False,False,4.395534435970628,4.282241875133383
40.487498,45,1549.487609,True,False,False,4.654054598749718,4.350415791797446
31.450332,20,1549.610288,True,False,False,2.4276222416930002,2.5285048622472597
30.004101,21,1549.733305,True,False,False,2.363147343786428,2.3819776237814363
32.399701,25,1549.869936,True,False,False,2.8879245785498493,2.7999284231139447
42.156333,71,1551.994577,True,False,False,5.456816957930384,5.061323533300055
32.508729,49,1552.347082,True,False,False,2.981798361832398,3.0579020431581663
28.341682,59,1552.763657,True,False,False,3.1531246813110085,2.6242814465660054
40.532287,50,1553.115456,True,False,False,4.500033157143445,4.456653033244727
37.029978,45,1553.399653,True,False,False,5.00347971008386,3.9309131452387556
49.854459,66,1553.860863,True,False,False,6.552651704190433,6.372644358889929
-2.116413,35,1554.109533,False,True,False,4.257507232729402,5.635364522844857
-17.66161,14,1554.20866,False,True,False,1.227810471990632,2.640672001823364
39.944718,39,1554.461214,True,False,False,4.379510824406651,4.4294872350075565
27.969143,35,1554.653705,True,False,False,2.7351585249336683,2.1054191936556563
-2.289705,43,1554.9419,False,True,False,4.369248022320497,5.374015261505131
38.273272,40,1557.987984,True,False,False,4.261989654307382,4.057353172271507
25.876327,27,1558.177859,True,False,False,2.299535775182547,1.6043518920778745
33.375103,42,1558.451496,True,False,False,3.810300314337228,3.251568999772013
33.345527,40,1558.736339,True,False,False,3.4992009773297643,3.1729984188031137
26.027983,30,1558.940375,True,False,False,2.2914341590092633,1.7056525876723598
27.463279,12,1559.008157,True,False,False,1.5112700891435877,1.7389047098262267
34.138429,39,1559.234515,True,False,False,3.503743034242849,3.2471747447132353
27.839634,41,1559.478832,True,False,False,2.7445390591269496,2.462834995922706
44.754204,44,1559.783546,True,False,False,5.869240289275582,5.229196339448424
30.837405,42,1560.089073,True,False,False,2.8539963945101308,2.711528480970255
-18.255651,10,1560.147753,False,True,False,0.579992828908359,5.109977246902159
30.181327,39,1560.377434,True,False,False,2.3407105549469187,2.4751167160510916
29.063541,23,1560.50826,True,False,False,2.0033925138573974,2.1792373338295628
31.22713,55,1560.819324,True,False,False,5.008354871543809,3.1851133064838595
38.957883,38,1561.057271,True,False,False,4.783163769141498,4.10161570351627
38.236003,38,1562.923486,True,False,False,4.382968934358838,4.044689332926025
33.160818,39,1563.167933,True,False,False,2.9682366502367494,3.023979083360838
35.3345,61,1563.612786,True,False,False,3.9423523173192763,3.6296704947698974
28.119006,23,1563.789688,True,False,False,1.737084929429046,1.9565459540674395
47.639345,48,1564.141177,True,False,False,6.07397665980218,5.860117121145745
41.684997,51,1564.459553,True,False,False,5.121812168699977,4.824277107062082
26.528307,27,1564.619377,True,False,False,1.5602591324436947,1.7296721223569915
31.368635,30,1564.798504,True,False,False,2.8432854581121845,2.6553504016069254
52.408561,147,1565.78868,True,False,False,8.196649735402586,7.658563428094157
35.863089,44,1566.060969,True,False,False,3.3746198660024005,3.497367554821054
28.208577,14,1567.673842,True,False,False,1.7285093468767734,1.8812542278322255
36.725967,43,1567.936666,True,False,False,3.8578562726774024,3.760406615090629
27.208555,37,1568.164491,True,False,False,2.309510254661452,2.0953797759410713
35.456139,30,1568.356304,True,False,False,3.382686898161678,3.4814684407001506
31.489525,36,1568.574601,True,False,False,2.7887733780044104,2.7700637689312355
38.743516,76,1569.090454,True,False,False,6.92478536683253,4.612863769799051
28.934848,41,1569.383106,True,False,False,3.140079436161087,2.3055940276112943
46.965771,52,1569.761249,True,False,False,6.049567275887749,5.6525834541274405
39.790514,52,1570.127265,True,False,False,4.991458713611564,4.420895719389206
52.232175,113,1570.806226,True,False,False,8.256292657031183,7.423352290011364
29.300075,25,1570.990715,True,False,False,2.089777981741543,2.2534896718214967
41.375367,114,1573.419676,True,False,False,6.609111635998684,5.4347747046312955
-11.532701,17,1573.522918,False,True,False,1.8721705632109353,3.076247090108944
37.36444,73,1573.971025,True,False,False,6.621990841377399,4.268067488403047
26.894313,16,1574.058654,True,False,False,1.5367161606128739,1.7129922796115056
43.178067,49,1574.409729,True,False,False,5.124077008859827,4.964424345985081
31.251306,25,1574.588542,True,False,False,2.4290827771421872,2.5505411363995028
31.977138,52,1574.912449,True,False,False,3.864469632173656,3.149745849384336
36.948135,36,1575.103333,True,False,False,3.476239198789967,3.6381645403092007
35.095076,30,1575.299658,True,False,False,3.1755538513737203,3.3713221833445783
32.720497,25,1575.481894,True,False,False,3.073537698275632,2.8275352482164466
36.996735,44,1575.784335,True,False,False,5.006931034833466,3.9880809520437506
31.908424,39,1577.658296,True,False,False,2.734277571177001,2.7700711182574325
27.273443,23,1577.799119,True,False,False,1.677765703200193,1.8433720437141898
38.296849,47,1578.100861,True,False,False,4.670961048100641,4.123216763739252
41.767254,79,1578.621701,True,False,False,6.017250286978018,5.5790412171575685
30.841601,26,1578.821777,True,False,False,2.345456899676355,2.509784196023
35.415659,60,1579.24158,True,False,False,4.293742325560813,3.6655143887828303
38.000238,59,1579.673934,True,False,False,4.2437753502549445,4.136038407237916
37.110234,44,1579.975397,True,False,False,4.229392930793349,3.8406457747980176
41.236567,40,1580.271175,True,False,False,4.934819741870746,4.682910524564451
33.600482,26,1580.456259,True,False,False,2.922973494475069,2.966724651027758
40.658359,45,1580.755565,True,False,False,4.802926864239455,4.465443691746996
43.29239,67,1584.174521,True,False,False,5.5007303056114925,5.272872245190285
28.7976,28,1584.380631,True,False,False,2.3442579138495763,2.281598528154396
26.155121,17,1584.498221,True,False,False,1.3363762226921883,1.5563935360727608
27.124678,12,1584.574838,True,False,False,1.824239461824066,1.682524566149074
30.860649,26,1584.736449,True,False,False,2.6007146988306356,2.5023997892076353
37.923914,61,1585.13321,True,False,False,4.471719064628927,4.170329475246316
43.881851,76,1585.710961,True,False,False,5.751210107582024,5.420417294810856
45.995575,91,1586.364753,True,False,False,6.662166574978428,6.08186361789582
31.70678,27,1586.555234,True,False,False,2.414964055012715,2.633766390207022
30.878919,24,1586.731491,True,False,False,2.294888327109562,2.524341346099238
-15.076609,24,1586.887033,False,True,False,1.9688641033270573,5.418390354919438
46.250547,47,1587.216596,True,False,False,5.583356923876401,5.633226201205741
42.996491,68,1587.690556,True,False,False,5.326214477764147,5.030475389524828
30.890386,41,1590.08786,True,False,False,2.6411017463322346,2.6426872918518454
40.036724,47,1590.4029,True,False,False,4.54464314199552,4.4512576114521085
31.922714,31,1590.628243,True,False,False,2.7710303528740052,2.7546504056229777
31.300527,21,1590.779039,True,False,False,2.5329611349464147,2.5718286774666357
34.21002,57,1591.180233,True,False,False,3.8299144327006136,3.757562655374327
27.763485,20,1591.31733,True,False,False,1.684608386686646,1.8942445638813925
43.877344,85,1591.945921,True,False,False,6.107227066887814,5.516479164211947
28.308159,27,1592.16175,True,False,False,2.2332847056717573,2.0484587734434525
30.718226,35,1592.435583,True,False,False,3.1377976887410375,2.51723047294688
34.302846,35,1592.71468,True,False,False,3.31485902803401,3.3074256061207037
-10.561176,27,1592.93072,False,True,False,2.0861915061643597,4.55616592048427
41.500577,53,1593.346815,True,False,False,5.344560700601352,4.914562670182214
38.860935,40,1595.405074,True,False,False,3.891936401138263,4.042506012784906
31.581903,45,1595.652978,True,False,False,5.054501102768637,2.941369249098507
40.559414,41,1595.895251,True,False,False,5.364483954673941,4.514069640545058
32.919559,45,1596.138962,True,False,False,3.501382053765399,3.1159951949407168
43.715154,108,1596.72475,True,False,False,7.589326361875459,5.814869155972459
41.901928,46,1596.974958,True,False,False,4.929316129364219,4.757807588909362
45.791862,62,1597.311879,True,False,False,7.036990745673284,5.741353961398258
33.158278,33,1597.492189,True,False,False,2.9089915173855805,2.9959274483503187
42.854645,61,1597.828863,True,False,False,5.145916635497376,5.068382989611117
54.592342,69,1599.924745,True,False,False,7.712481400908572,7.276525154055031
49.642196,66,1600.303777,True,False,False,7.3574206068980015,6.491267587354284
29.537729,29,1600.461186,True,False,False,2.6585778825543667,2.3501529074282197
26.594581,15,1600.554592,True,False,False,1.5801209332476143,1.555595472644397
34.583357,47,1600.84695,True,False,False,3.9737207124208522,3.439969030297568
40.308267,47,1601.148351,True,False,False,5.471216405386797,4.421720251510934
34.996703,70,1601.548141,True,False,False,4.305425672115028,3.6808941613111235
35.375517,40,1601.80952,True,False,False,3.8009519707420107,3.4713396295841794
49.377061,105,1602.456585,True,False,False,10.747056743949848,6.972879828233152
32.543254,60,1602.833911,True,False,False,5.3737179015802905,3.2000478989478207
50.086157,54,1604.745084,True,False,False,7.257376290710796,6.418249646874178
41.701294,90,1605.330423,True,False,False,5.850106226868023,5.281638060383581
38.796947,46,1605.618626,True,False,False,5.086023469915861,4.181422239331301
40.141008,58,1605.985993,True,False,False,4.6625804772322725,4.584191714019603
34.866902,33,1606.215741,True,False,False,3.594013811438329,3.3164664052359876
26.328303,27,1606.381515,True,False,False,1.6327173253484029,1.6454219726481392
31.38558,19,1606.517219,True,False,False,2.770117549185725,2.61724994722124
26.052132,30,1606.7188,True,False,False,2.819200661343463,1.7897147904888036
46.648725,58,1607.065858,True,False,False,6.143784825435613,5.791336780517871
44.948198,51,1608.336153,True,False,False,5.752289343040111,5.247495907759045
25.74425,25,1608.464809,True,False,False,2.0024781144054145,1.61508209465484
44.497187,74,1610.394354,True,False,False,5.6538208696356165,5.442778017620984
46.065397,48,1610.718506,True,False,False,5.90793471217311,5.484357502775774
30.388641,33,1610.940005,True,False,False,2.85284189265227,2.474024103794571
30.285905,28,1611.14046,True,False,False,2.4558202244456453,2.342931693748476
36.773116,90,1611.684308,True,False,False,6.354137203016845,4.3475988455791725
29.877135,59,1612.054372,True,False,False,2.9061617311910157,2.673321298167595
32.535157,61,1612.468436,True,False,False,3.892415458906778,3.2408009884267184
49.366197,66,1612.925896,True,False,False,6.4171174290744615,6.284583588636575
43.026441,41,1613.206532,True,False,False,5.011717015357915,4.932851936693446
36.565483,37,1613.463328,True,False,False,4.0735749675242205,3.722441714293165
33.215952,28,1615.198298,True,False,False,3.7012341182755173,3.065356124954774
41.95071,84,1615.788565,True,False,False,6.625837105119654,5.310676154247682
35.822116,97,1616.484423,True,False,False,6.9056120924550966,4.252400512105746
30.779417,29,1616.694092,True,False,False,3.531559438856318,2.514578227605193
40.271219,77,1617.226601,True,False,False,6.583662509701705,4.674375927630542
26.724751,13,1617.315674,True,False,False,1.6255312393682686,1.644703542207904
37.967805,38,1617.541616,True,False,False,3.8065825790332752,3.9510298019092294
39.938915,64,1617.913511,True,False,False,6.035145668103552,4.814682059866685
47.912826,85,1618.439881,True,False,False,9.173727004377639,6.783296446876098
43.554299,100,1620.71599,True,False,False,7.541504034489298,6.0254785426367645
34.438259,35,1620.951972,True,False,False,3.3652248543688046,3.2751005900391057
30.013527,25,1621.132565,True,False,False,2.3867671270766806,2.301180910639264
35.762538,31,1621.303504,True,False,False,3.806701763037534,3.5185536223165883
33.463705,49,1621.592398,True,False,False,4.015870321136453,3.1374524157362247
36.433941,74,1622.032807,True,False,False,5.4355660259448975,3.923001385204086
37.357262,65,1622.380116,True,False,False,5.357720407465705,4.123074374365555
36.093962,40,1622.596681,True,False,False,4.324575096449654,3.6961050229104684
-15.585388,9,1622.645963,False,True,False,1.0346377394740807,2.1897683608942544
-8.017779,32,1622.841056,False,True,False,3.3006816887473396,4.141636955937434
25.691353,21,1622.980801,True,False,False,2.9837038734479457,1.5591540953564456
40.297741,52,1623.339936,True,False,False,6.828064908166033,4.579892550356438
44.84824,49,1625.135888,True,False,False,5.395761220196068,5.227452200250655
27.673716,16,1625.245853,True,False,False,1.7248434366936871,1.8590985173755403
44.874084,51,1625.549673,True,False,False,6.445849840715838,5.31497207184305
33.481652,43,1625.804427,True,False,False,4.301087585471048,3.200578995536114
32.292825,35,1626.030071,True,False,False,3.039371764480165,2.8770964460483377
26.523456,19,1626.159855,True,False,False,1.529366172081614,1.6697966964540716
51.82876,86,1626.726801,True,False,False,7.54743740043874,6.965564384017202
42.503673,47,1627.055994,True,False,False,5.233627168481464,4.8713999964441435
39.374555,66,1627.5067,True,False,False,4.7688662303564495,4.356595586942581
38.318708,40,1627.761029,True,False,False,4.266891919789843,3.975735993694394
40.403118,32,1627.975844,True,False,False,4.3160993686954985,4.357599576405827
42.404666,69,1630.048961,True,False,False,5.21720553695059,4.981590367969614
40.039317,42,1630.338614,True,False,False,4.628571055831044,4.303121664519334
-18.70583,14,1630.434446,False,True,False,0.6917428039627241,1.8840075000839063
38.279282,40,1630.686851,True,False,False,3.8606761396847884,3.9937612731494196
47.590822,70,1631.073516,True,False,False,6.244061642803783,5.892606771294828
53.239027,85,1631.635789,True,False,False,8.300423135087653,7.246118481357306
38.784488,66,1633.198647,True,False,False,4.632858248465359,4.334472252537246
34.560228,44,1633.486929,True,False,False,3.5306537075034456,3.4325987511022564
45.331394,84,1634.054179,True,False,False,6.247319874098869,5.808853036474152
33.641325,45,1635.901619,True,False,False,3.6356677852476955,3.2376380952062003
32.905944,43,1636.19185,True,False,False,3.315464054495962,3.054920769121575
30.294859,33,1636.41589,True,False,False,3.8103175630408064,2.532822930132436
27.955618,58,1636.8114,True,False,False,3.7523568327803654,2.4521798703051245
31.628965,36,1637.054158,True,False,False,3.1901008650317917,2.7698443202653307
33.485514,46,1637.376524,True,False,False,3.5386685293699776,3.171014814535644
42.363066,48,1637.68355,True,False,False,5.1457780054325335,4.910190550010469
42.788678,59,1638.077063,True,False,False,5.734001479721036,5.005154257504421
29.648757,26,1638.250368,True,False,False,2.6462791965921575,2.3349279985599734
42.613918,115,1639.008573,True,False,False,9.184342348192313,5.71798785124162
33.744581,51,1640.739735,True,False,False,3.8741958250880355,3.3683963615478167
-3.147437,34,1640.920749,False,True,False,3.839275928500994,5.516237118160877
42.293213,83,1641.399155,True,False,False,6.519181938239567,5.249552490121542
30.866043,20,1641.513807,True,False,False,2.3202923849804025,2.448153723187636
38.913071,47,1641.796818,True,False,False,4.442462626177884,4.312838843554357
38.904144,50,1642.098578,True,False,False,4.80387769047239,4.246011789828667
29.962639,28,1642.264465,True,False,False,3.367175405817003,2.4163364574598645
27.106339,27,1642.412601,True,False,False,2.2245948308946875,2.061497303702352
44.068055,96,1642.955767,True,False,False,6.956657833514327,5.706455871807327
47.082167,80,1643.425626,True,False,False,6.264472465282124,5.93942055924624
48.298313,92,1645.668714,True,False,False,6.634373577176694,6.260676130584615
41.572453,105,1646.407653,True,False,False,7.2858174120116885,5.3686561349179
35.637381,41,1646.664436,True,False,False,3.699590819532183,3.7074561285523457
29.01377,34,1646.850435,True,False,False,2.214352017055165,2.3204636866466757
30.525709,49,1647.123401,True,False,False,4.722434714778503,2.801642851375939
46.458879,81,1647.595271,True,False,False,6.507860490082289,5.896332882313526
33.709935,47,1647.851094,True,False,False,3.3592876506643803,3.30403541562593
42.865299,57,1648.145291,True,False,False,5.702956866922725,5.040483773335352
28.806649,20,1648.261895,True,False,False,1.8661422348130954,2.0520552333792446
-7.362632,34,1649.946219,False,True,False,3.3321680722042757,4.4809237788501886
40.693633,38,1650.166696,True,False,False,4.472527118961595,4.471586651311598
37.394208,38,1650.406982,True,False,False,3.9732592126478545,3.8840054938137016
31.232793,32,1650.61407,True,False,False,2.897730229510711,2.559325928855608
24.54328,23,1650.777986,True,False,False,1.6828853633507121,1.688822052694819
46.385387,49,1651.115865,True,False,False,6.651815819311525,5.734594438747152
-15.68166,19,1651.242305,False,True,False,1.3137788347258323,5.611587691771629
25.016667,32,1651.436091,True,False,False,2.618936639302526,1.5268757557484727
36.491908,48,1651.693459,True,False,False,4.329090824265195,3.714915826726666
40.084962,77,1652.141197,True,False,False,7.780787246407459,4.913735757281621
29.181741,16,1652.230733,True,False,False,2.0951509876856695,2.1215392560440978
31.554639,31,1652.411997,True,False,False,2.9685912930701592,2.6512301723010787
27.148976,46,1652.71637,True,False,False,3.445266620163981,2.0683355372624903
31.455976,19,1652.828303,True,False,False,2.716002284113765,2.624155165749424
37.861485,57,1654.77826,True,False,False,4.266163081958411,4.0554213298521145
33.199802,30,1655.001647,True,False,False,3.6545607271600904,2.9799094749212545
43.333464,68,1655.456686,True,False,False,6.362553856890632,5.150821619242499
37.893731,46,1655.764072,True,False,False,5.132086426971998,4.145056200167783
36.209361,60,1656.192106,True,False,False,6.420022036723694,4.044339415777831
-15.285761,24,1656.348354,False,True,False,1.7141631467894212,4.695029860865688
37.612149,63,1657.864378,True,False,False,5.161488390842961,4.189414940788694
34.61897,54,1658.280045,True,False,False,3.9322218068298396,3.729981722953261
41.758895,52,1658.681859,True,False,False,5.265185075423482,4.824269409740145
41.31286,57,1659.121688,True,False,False,5.912565447905235,4.799294029852389
-13.927988,15,1659.236974,False,True,False,1.5844884293601322,2.491722818039666
44.92073,68,1661.65089,True,False,False,5.611501056175285,5.521695476301463
33.56436,45,1661.955086,True,False,False,5.452999888771215,3.229509697825418
37.916136,45,1662.202039,True,False,False,5.129665399002941,4.144882881864732
33.026059,36,1662.389071,True,False,False,3.5922458296876694,2.9991914579434367
29.385501,28,1662.569558,True,False,False,2.4165487155115146,2.274803891468139
48.883723,57,1662.90391,True,False,False,6.326253308880526,6.119137826141073
37.095305,37,1663.125418,True,False,False,3.902900219873728,3.751701078398464
27.213371,28,1663.307294,True,False,False,2.06776383555306,1.9308964333846446
42.099591,54,1663.645849,True,False,False,5.028761356475533,4.844087985625486
29.283346,27,1663.790042,True,False,False,3.3602567120905653,2.2914969891327286
28.801967,24,1663.9202,True,False,False,1.8920913836046922,2.0924605993927283
32.177273,47,1664.212958,True,False,False,3.9554849988755643,2.9187029806005276
40.466122,65,1666.168368,True,False,False,5.768327744277078,4.786573528743175
31.912651,28,1666.361448,True,False,False,2.841230801718154,2.7336823346847057
45.100942,57,1666.757684,True,False,False,6.660620584051398,5.568706591329814
38.02713,44,1667.049707,True,False,False,3.989789317181329,3.9185949877049624
49.469341,54,1667.406574,True,False,False,6.460138790659411,6.16471177032462
42.456841,100,1668.086936,True,False,False,6.544398527141665,5.334314353157655
30.980252,20,1668.226005,True,False,False,2.337027484697448,2.4393558680902308
27.171997,26,1668.396281,True,False,False,1.8104943927444506,1.8189306062122288
35.366034,50,1668.69238,True,False,False,5.143087944020677,3.5472051905821953
32.476954,72,1669.104997,True,False,False,3.9179117458815242,3.271035374100789
37.646217,42,1670.9575,True,False,False,4.483271187044648,3.953512798019776
32.938221,50,1671.290899,True,False,False,5.405821877746685,3.1795975332707904
38.173839,49,1671.614254,True,False,False,4.207975339850208,4.048837200603209
38.690292,46,1671.922504,True,False,False,4.592074677285463,4.086353619426553
28.848267,42,1672.209748,True,False,False,3.0726835149246194,2.4005533771405183
41.737601,69,1672.677951,True,False,False,5.673297940978044,4.844697522746311
34.07546,30,1672.871767,True,False,False,3.942970146825025,3.151146604320924
38.504953,41,1673.119292,True,False,False,3.8484647932976928,4.068504324959608
37.189116,52,1673.476151,True,False,False,4.926197971934317,4.073621172154796
29.544647,33,1673.703809,True,False,False,2.3886020510351216,2.276089422188283
35.451558,68,1674.166609,True,False,False,4.614640636575589,3.881043592931884
38.574839,39,1675.953235,True,False,False,4.472026909786685,4.137225605894933
36.798674,31,1676.155452,True,False,False,4.2931243328137585,3.5993518176517556
-0.614466,38,1676.393779,False,True,False,4.385839139963113,5.581042800812141
35.768311,69,1676.827743,True,False,False,4.489031296131963,3.6965617255011542
30.968907,27,1676.983623,True,False,False,3.085015535407889,2.586554281609628
34.929141,32,1677.178662,True,False,False,3.315624499455514,3.2979939894418866
36.582441,33,1677.380765,True,False,False,3.546270733100477,3.657333513951148
39.842778,47,1677.654366,True,False,False,4.407350398448117,4.331556274829629
27.606187,16,1677.748285,True,False,False,1.9532893093059502,1.8325399939060645
29.854604,18,1677.845153,True,False,False,2.1046619472417674,2.180567379665227
35.672584,42,1678.072999,True,False,False,3.8689060258516332,3.5791237471028676
34.033919,30,1678.256145,True,False,False,3.239860168408472,3.0970175130877076
46.105718,60,1678.630141,True,False,False,5.9705777791357715,5.6684390631156525
25.93438,20,1678.758628,True,False,False,1.405680876043659,1.557340723163639
26.589985,20,1678.863928,True,False,False,1.6525686038818184,1.7156712951587823
35.219522,48,1680.780116,True,False,False,3.6035785285140896,3.525365750241942
26.666981,15,1680.880193,True,False,False,1.5198530746930163,1.6378117870201643
31.216876,45,1681.194834,True,False,False,3.6072567541584424,2.8994688574515544
38.734275,49,1681.50718,True,False,False,4.347383657293052,4.271381657743567
32.613065,30,1681.69154,True,False,False,2.884540583124617,2.8783946840992156
34.53455,22,1681.819822,True,False,False,3.081717026615471,3.1548437492532098
25.935995,24,1682.864883,True,False,False,1.6297516428250267,1.5366847721183903
36.728896,42,1683.144111,True,False,False,4.226733962329737,3.741104665910371
37.982831,34,1683.378384,True,False,False,3.91672754156802,3.9902134059372427
35.202482,48,1683.669761,True,False,False,4.00135393719485,3.65580772568984
40.639119,51,1683.972957,True,False,False,5.337000716034886,4.597224047455338
-14.097604,23,1684.111758,False,True,False,1.5249905926898952,5.7727796227485495
41.55932,45,1684.374596,True,False,False,5.4885748683173,4.795210796521207
34.889191,34,1684.577602,True,False,False,3.3227078966329064,3.428564334726101
28.359062,20,1686.259158,True,False,False,2.0264276098437635,2.0554519769608817
38.635448,48,1686.519795,True,False,False,4.964083994904494,4.249152605305416
30.752935,27,1686.666702,True,False,False,2.653412119928622,2.4985643863321907
27.902388,27,1686.846246,True,False,False,1.779180488519956,1.9439562803389898
39.71415,45,1687.142559,True,False,False,4.76371444611447,4.42938130955178
28.675023,30,1687.350397,True,False,False,2.095357839201102,2.1584310414795045
44.846041,64,1687.749183,True,False,False,5.815322672296174,5.49169383482688
-13.697354,15,1687.848283,False,True,False,1.3929453444566773,4.364887980598406
35.960794,55,1688.199789,True,False,False,5.272352523011052,3.8809060643536193
41.803538,60,1688.618836,True,False,False,6.387317125899215,5.012473762075923
-9.335879,27,1688.825151,False,True,False,2.7003052825372893,3.5170478147711584
47.226481,86,1689.347622,True,False,False,6.680620896975439,6.171783323278871
43.685394,75,1691.330148,True,False,False,5.987352382662918,5.217878674721187
37.603111,47,1691.647558,True,False,False,3.8439433029226486,3.9446296263621656
28.454958,39,1691.86746,True,False,False,2.65228910921481,2.1989101412405527
32.10843,49,1692.141079,True,False,False,3.958886869937433,2.951264767363174
31.374005,40,1692.376244,True,False,False,4.524442330487712,2.776097252901412
32.385171,34,1692.569692,True,False,False,3.1959541013330663,2.9014269771560204
37.84474,36,1692.77669,True,False,False,4.2877315459263885,3.9290469991371864
31.78786,24,1692.917821,True,False,False,2.6162574265240415,2.70177975456078
43.132757,72,1693.420187,True,False,False,6.7219918818514985,5.432687467700404
34.565578,63,1693.83684,True,False,False,4.9433715175841,3.6245232209684053
30.426922,23,1693.995795,True,False,False,2.168125451361427,2.3994956864008152
-10.223254,30,1696.014743,False,True,False,2.709466915877989,6.138446778321803
31.009097,24,1696.20072,True,False,False,2.6140960538693467,2.4237537946782997
35.914855,25,1696.388875,True,False,False,3.4224605024758206,3.4203398981251976
38.981048,45,1696.734699,True,False,False,5.075111362433698,4.230322540484903
44.106549,71,1697.25478,True,False,False,6.238447319910569,5.446711664024567
46.822247,78,1697.709456,True,False,False,6.699068097621724,6.019321269920828
42.475448,38,1697.965873,True,False,False,5.015436368534956,4.708009365221934
34.252536,48,1698.285905,True,False,False,3.418449807871961,3.3041879997004444
30.950671,32,1698.501305,True,False,False,2.4817946580585346,2.587423125358398
35.6325,53,1698.819759,True,False,False,4.020989617688629,3.766337226039398
33.91732,38,1699.03366,True,False,False,3.8571254971209243,3.2869692007216886
35.410539,36,1699.238445,True,False,False,4.207422074555173,3.5735451024687563
26.40386,41,1700.916451,True,False,False,4.28961974697191,1.8976328105438127
31.99762,59,1701.298823,True,False,False,3.702420606713351,3.111829826333393
34.513198,52,1701.658632,True,False,False,3.841758091168909,3.4108410858956675
25.883715,26,1701.843593,True,False,False,2.1392734511394544,1.659115674196454
40.680128,89,1702.374082,True,False,False,6.173323797112275,5.446051131531489
37.089063,60,1702.779261,True,False,False,4.713911300882235,4.250605470304461
43.047166,59,1703.19009,True,False,False,5.321759357564597,4.936400729378048
27.989174,18,1703.314517,True,False,False,1.7610602806283666,1.905144447740945
-5.209143,63,1703.736552,False,True,False,4.151487333999756,4.02067876221553
40.740513,55,1704.099402,True,False,False,4.688241742148607,4.537804559832421
40.846747,53,1705.971893,True,False,False,5.09844499036393,4.723716121559429
32.591244,21,1706.119066,True,False,False,2.9923411269960933,2.802928611664261
34.019543,26,1706.295536,True,False,False,2.9903939782079427,3.1685977072586224
27.746352,33,1706.524445,True,False,False,2.4517951688676765,1.9809522676680829
-16.064504,38,1707.88057,False,True,False,1.857996261650098,2.7957685249778614
44.348708,77,1708.387125,True,False,False,6.481093265048222,5.397186883772194
40.791999,41,1708.646855,True,False,False,4.385385285687534,4.42592757279223
42.668171,87,1709.236453,True,False,False,5.539060678986131,5.304112039804508
35.157945,29,1709.386768,True,False,False,4.087381822872358,3.4312480944036383
33.961338,78,1709.850865,True,False,False,4.023086044506596,3.6401492599553937
36.338191,89,1712.054575,True,False,False,6.418988829778826,4.444839134489552
40.2051,45,1712.361025,True,False,False,5.358569100097465,4.602777766849046
30.882188,22,1712.507815,True,False,False,2.3604366327696473,2.5093913658951856
32.743565,37,1712.769296,True,False,False,3.6380453986555708,2.9742404174800736
41.185077,55,1713.161473,True,False,False,6.007935542149439,4.778545979897032
28.004864,25,1713.332738,True,False,False,2.565878385437701,1.958513660535103
47.153919,58,1713.734636,True,False,False,6.885562895224504,5.865232073618961
33.901014,23,1713.894118,True,False,False,2.900013980558189,2.930099748343052
34.34836,28,1714.087844,True,False,False,3.553273151348193,3.156357047640242
36.161857,53,1714.442412,True,False,False,4.622043910295259,3.706220472577546
42.958991,52,1714.798695,True,False,False,6.3022767761224205,5.058649336848365
35.275518,35,1715.040967,True,False,False,3.5006834430218046,3.4329828701769416
38.718361,57,1717.01802,True,False,False,5.03163258590488,4.3031792276789895
43.370535,41,1717.238443,True,False,False,5.357856729592741,4.983561494590377
37.89097,53,1717.522253,True,False,False,4.254141347828358,4.01943405491411
-6.604278,31,1717.689949,False,True,False,3.106684843114592,4.7872714771488365
33.808056,31,1717.856758,True,False,False,2.9589708436278235,3.09026661220383
32.829127,41,1718.078583,True,False,False,3.1411896866479556,3.0619728983488854
38.046261,30,1718.255635,True,False,False,4.073014755679431,3.912992310884321
30.238209,29,1718.399981,True,False,False,2.4962575508349762,2.3857190732529867
42.072209,94,1718.860398,True,False,False,6.008717487549615,5.32627396585281
26.727896,16,1718.936198,True,False,False,1.5901547647249517,1.6718722394315049
29.352573,39,1719.11329,True,False,False,3.348011003636479,2.4693432567075213
42.866,73,1719.481716,True,False,False,6.72156408077175,5.149627514292995
26.166842,15,1721.50292,True,False,False,1.523725439064454,1.5140663349587686
26.226863,19,1721.65644,True,False,False,1.4178532762029046,1.6412580119155515
42.610282,63,1722.10585,True,False,False,5.498776843369882,5.25379960017937
30.193623,42,1722.397265,True,False,False,4.397035924361721,2.7677737722473044
35.421567,40,1722.683155,True,False,False,4.170377701884816,3.548155517361105
26.619891,18,1722.807639,True,False,False,1.944543647701758,1.633470197605546
41.679602,46,1723.109488,True,False,False,5.453615726625224,4.669285123236358
38.250319,39,1723.330134,True,False,False,4.726289868382041,4.047720687480597
46.40009,69,1723.721308,True,False,False,6.483695990239702,5.745106762576195
25.616818,19,1723.832438,True,False,False,1.623635293791596,1.5454277732587287
40.69459,39,1724.07676,True,False,False,4.359415141522511,4.4313045189261695
37.163321,55,1724.440704,True,False,False,5.442911781175616,3.994434427055584
29.464109,39,1724.658794,True,False,False,2.4818071455685566,2.4264265359578037
41.08851,52,1726.47058,True,False,False,4.99096161351345,4.821111437635624
38.394141,58,1726.823999,True,False,False,5.3613334880834005,4.444629005597914
44.453513,59,1727.23662,True,False,False,5.647718794507134,5.47015166059188
29.474398,36,1727.496645,True,False,False,2.30091769938265,2.3380855187744536
46.162579,58,1727.875684,True,False,False,5.791127568367977,5.69451501992789
29.03211,20,1728.025159,True,False,False,1.9312101139756956,2.075131740048008
32.277136,25,1728.180225,True,False,False,2.7841892854785257,2.7630295285190924
-8.211197,28,1728.338245,False,True,False,2.6515749788052982,4.318585698395124
50.522048,78,1728.8194,True,False,False,8.11081982593801,6.641862499841168
31.279267,51,1729.140472,True,False,False,3.4967851028234445,2.814640061150048
38.013464,43,1729.418501,True,False,False,4.079837278373882,3.8594639166893545
52.218706,90,1731.549294,True,False,False,8.055903567540495,7.210482877376604
34.311973,28,1731.716843,True,False,False,3.3015271326339404,3.22590526104357
39.288484,50,1733.167899,True,False,False,5.259784587748101,4.51793425525248
41.795646,70,1733.601789,True,False,False,5.865681926969613,4.906587566120965
51.678028,104,1734.244189,True,False,False,8.37965169086571,7.193693524477564
42.302708,60,1734.661719,True,False,False,5.122626482991689,4.8634889139687
26.718658,20,1734.797605,True,False,False,1.8515530073895405,1.7125893340037512
38.595313,57,1735.16702,True,False,False,4.3171143721094625,4.175930790188466
35.526174,69,1737.106161,True,False,False,4.286181142818593,3.902656321918975
42.881692,53,1737.474901,True,False,False,5.130191131026231,4.942530037930257
28.52559,40,1737.753791,True,False,False,2.866468584096049,2.3290585079549833
40.418029,44,1738.037345,True,False,False,4.87373808191401,4.402530390465157
35.298828,35,1738.269497,True,False,False,3.2033493759947573,3.3747419220970793
38.69923,50,1738.612058,True,False,False,4.28965367670933,4.248201432756305
40.977826,66,1739.040912,True,False,False,6.315796533271828,4.754059985159203
39.344544,91,1739.591406,True,False,False,8.553127265451328,5.048939999530711
28.124196,48,1739.90356,True,False,False,3.066911462806581,2.2386316846129026
29.815572,24,1740.040186,True,False,False,3.1160840665779967,2.3117915887582394
35.484232,36,1740.272259,True,False,False,3.8793544620802187,3.506316233297624
29.423053,38,1742.123823,True,False,False,2.5520787365538986,2.432290286997466
29.005398,47,1742.372808,True,False,False,3.257171658589726,2.622855017270737
45.696288,81,1742.798763,True,False,False,7.301509475341348,6.082805345856487
30.107786,31,1742.966068,True,False,False,2.531382154745187,2.354839823502097
33.554104,22,1743.084545,True,False,False,2.9335415585079203,2.9858885966097164
27.627595,16,1743.17067,True,False,False,1.6527862883205309,1.7351352403168046
36.173216,48,1743.4218,True,False,False,4.164095075169194,3.765909354320866
42.665941,70,1743.82744,True,False,False,5.660334711578779,5.248011235594552
39.442108,57,1744.143206,True,False,False,5.356151000291155,4.338329085349424
35.890645,25,1744.286543,True,False,False,3.727464517246376,3.4358040175752764
47.271876,93,1746.276098,True,False,False,6.2415645711174825,6.134931370211978
41.661412,66,1746.735928,True,False,False,5.296056827941518,4.943560697838368
30.251351,25,1746.91639,True,False,False,2.348837286097757,2.3448551486112765
27.990057,32,1747.143003,True,False,False,1.8651087715979866,2.0468362648110743
33.9997,42,1747.371899,True,False,False,3.2256296791243484,3.3135897996945194
27.635318,17,1747.466723,True,False,False,1.8471644313116518,1.8381759435815475
26.407532,16,1747.551752,True,False,False,1.356457570532532,1.5293596150607371
35.277786,49,1747.818429,True,False,False,4.229147169676955,3.7255493808031215
32.401006,41,1748.058316,True,False,False,3.3471487647589067,2.884045246375531
40.741747,78,1748.60031,True,False,False,5.843084346243198,4.962596322489117
33.702247,27,1748.803953,True,False,False,3.054393757158889,3.0002978587175284
38.228662,110,1751.223749,True,False,False,6.858272863269516,5.007121138715654
42.915589,73,1751.649231,True,False,False,5.211357305086781,5.104575056059716
36.947357,43,1751.92657,True,False,False,4.233806668498095,3.9920350262122732
26.230973,15,1752.033692,True,False,False,1.5165942244414883,1.5478876154346042
43.045427,75,1752.541637,True,False,False,6.419002242030695,5.345285112972712
43.488397,41,1752.811555,True,False,False,5.131450492942609,5.043182766128334
49.368874,67,1753.276632,True,False,False,7.02413877453344,6.303061871140387
44.146113,58,1753.677857,True,False,False,5.753888715291708,5.138407011341735
43.131062,96,1754.319456,True,False,False,7.864838469279581,5.632525857413216
45.398422,57,1756.212438,True,False,False,6.008124582565665,5.482612218121295
36.458568,33,1757.335593,True,False,False,3.865220810109779,3.6162302332559513
30.497367,27,1757.533229,True,False,False,2.8890433443782944,2.4314453028858742
42.463964,65,1757.961305,True,False,False,6.447954255172914,5.034052278139487
34.867187,43,1758.252378,True,False,False,3.264782685755815,3.4402474411650297
47.741261,61,1758.649846,True,False,False,6.053668239847292,5.982553823282102
28.857257,27,1758.816317,True,False,False,2.084411699376344,2.171579052194336
37.16786,47,1759.118912,True,False,False,4.484905851390385,4.099134708493234
48.338962,97,1759.654829,True,False,False,6.701086211114993,6.3170394634616525
39.926589,53,1759.949697,True,False,False,4.883523980904237,4.501657284125334
37.621191,44,1761.799242,True,False,False,4.501528594414228,3.956967138038305
37.207231,97,1762.425373,True,False,False,7.136287772661168,4.7587941500795425
29.047178,23,1762.568912,True,False,False,1.9218664008041961,2.151379028390378
35.111018,30,1762.771739,True,False,False,3.9228925899777747,3.4061825307654225
26.040581,31,1762.965386,True,False,False,3.196778321614823,1.7044145397503845
28.393953,27,1763.150859,True,False,False,1.959044968830429,2.049890095641955
45.915681,81,1763.624931,True,False,False,5.898073412825602,5.757960354845897
34.616898,42,1763.888165,True,False,False,3.3447055387416196,3.3492168031191802
36.843042,54,1764.198522,True,False,False,4.910775028613226,4.047493091932264
-16.434623,9,1764.254269,False,True,False,0.8481088195309361,6.575338741060356
48.118521,64,1764.641424,True,False,False,6.799145405239313,6.257682957186933
38.841048,66,1766.615227,True,False,False,5.108849577016172,4.265675865237994
29.812382,24,1766.751782,True,False,False,2.453615392535,2.3391151377014094
34.790439,31,1766.927285,True,False,False,3.4889359764386527,3.308125152887912
31.747256,43,1767.162759,True,False,False,4.111420202395431,2.8427503707935853
40.034285,47,1767.422127,True,False,False,5.5339150444114065,4.481486688565061
26.740982,18,1767.533923,True,False,False,1.7039539243791724,1.6548840664948847
41.523772,51,1767.83826,True,False,False,5.08166471756393,4.621040879697212
41.667219,72,1768.289047,True,False,False,5.515106074989369,4.947109038065284
30.342803,30,1768.503584,True,False,False,2.4395350001151703,2.426674082192042
26.466623,25,1768.68498,True,False,False,1.876465485525514,1.664292719558213
39.147041,37,1768.950642,True,False,False,4.682891988539374,4.188742565721723
27.191719,21,1769.092391,True,False,False,1.6717809639248975,1.7758085566951838
36.999543,50,1769.44344,True,False,False,4.453840971820081,3.8911498647821814
43.576188,49,1769.747184,True,False,False,5.439006179108482,5.131567282160211
40.707986,45,1771.753399,True,False,False,4.70049474975376,4.561449146484704
43.483793,71,1772.15375,True,False,False,5.570934294675004,5.315177420787391
49.996164,61,1772.591326,True,False,False,7.352219942142414,6.5083689069695305
39.007027,66,1773.053111,True,False,False,6.839278042528884,4.393917365097002
31.717567,40,1773.333689,True,False,False,2.8528591909568304,2.8719930828677382
35.396255,25,1773.508851,True,False,False,3.3355103457789124,3.366517824295022
33.201297,44,1773.795561,True,False,False,3.1367473837082014,3.1738195961348263
26.55513,29,1773.978732,True,False,False,2.1114540215908817,1.7452494418262576
45.498244,56,1774.378299,True,False,False,5.917639712033387,5.414562412755298
30.545136,38,1774.641408,True,False,False,3.355038251231783,2.8800868177788357
46.162452,48,1776.618838,True,False,False,5.656336078781852,5.591626752789325
41.031075,81,1777.047592,True,False,False,5.24826739095409,4.875454783686537
25.751696,22,1777.16278,True,False,False,1.9829678400868316,1.5779898829627748
31.032337,28,1777.314233,True,False,False,2.8119397985660264,2.5132148359559707
37.830393,41,1777.534765,True,False,False,4.926476707473128,3.945664783009025
29.705006,21,1777.657252,True,False,False,2.373770233689938,2.263576434802115
47.186225,66,1778.083526,True,False,False,5.944663425597535,5.794107904530234
32.448934,20,1778.20199,True,False,False,2.61627991526794,2.710360036135789
36.497176,41,1778.432241,True,False,False,4.795027054307129,3.687168519882094
40.830136,33,1778.637336,True,False,False,4.290558208376789,4.357576204646863
38.45553,31,1778.830308,True,False,False,4.509180688436511,4.026156719987744
42.628938,72,1779.286448,True,False,False,7.525714714409047,5.113846129566864
38.603088,46,1780.696978,True,False,False,4.726916969084054,4.0925097451581935
30.988312,48,1782.521641,True,False,False,4.788329566763903,2.7751662421587335
27.936975,17,1782.623793,True,False,False,2.0151553461129392,1.8462250361434984
43.503135,70,1783.018859,True,False,False,5.696838608195895,5.283435154042072
35.218485,42,1783.283682,True,False,False,3.325245698066529,3.424291848215418
30.836785,29,1783.480951,True,False,False,2.3064816073596246,2.5173714781650847
35.48396,39,1783.75577,True,False,False,3.5530458596478565,3.498759882693391
35.00971,43,1784.034766,True,False,False,3.608670974225233,3.347252995068347
30.312194,24,1784.168954,True,False,False,2.24974057604652,2.3514270404454414
45.927066,66,1784.521148,True,False,False,7.225062358133023,5.603490318158819
31.043774,64,1784.930109,True,False,False,4.339562976759784,2.9353405361545257
30.176933,25,1785.093937,True,False,False,2.320924412532813,2.4153353489907006
34.9829,42,1785.382103,True,False,False,4.641438653674724,3.352914796317913
43.480703,60,1787.35304,True,False,False,6.733963123472248,5.380659064997292
27.677899,24,1787.490275,True,False,False,1.7606717250294355,1.9091365132381586
30.55207,24,1787.627695,True,False,False,2.7864044938747448,2.6417953917270247
51.766881,62,1787.991813,True,False,False,7.383656077586755,6.8720147582742594
42.438349,60,1788.391233,True,False,False,5.9183347451817285,5.0817347792381495
-11.081251,28,1788.585205,False,True,False,2.0274532168317214,6.283366597931193
49.866021,91,1789.193455,True,False,False,6.909752634212541,6.641856174137787
44.123239,65,1789.590494,True,False,False,5.55069610547858,5.377875977448125
33.642763,24,1789.731871,True,False,False,3.361632091969097,3.066291668026713
30.167407,21,1789.854424,True,False,False,2.9361564545618313,2.349587606992483
44.996692,46,1790.115597,True,False,False,6.5424680969940034,5.348324029402209
32.911456,35,1792.011108,True,False,False,3.1960685218324745,2.9907193650980015
26.153111,25,1792.184028,True,False,False,2.0119459375892172,1.652313761969085
36.531615,34,1792.415977,True,False,False,3.6807547210447553,3.6464751665851165
44.611496,58,1792.801174,True,False,False,6.644708509053962,5.408803748769667
26.790188,19,1792.910124,True,False,False,1.808429569668212,1.717503402608601
26.105477,21,1793.030208,True,False,False,1.5344361893625913,1.5679536118756459
32.691849,39,1793.286482,True,False,False,3.7920534614093278,2.883216040537048
33.189252,48,1793.59756,True,False,False,3.131260233112592,3.134484251723689
42.504952,62,1793.954931,True,False,False,5.657799423394403,4.995151537043557
32.763755,43,1794.249157,True,False,False,3.787807559442587,2.9864773339844737
33.163176,33,1794.476864,True,False,False,3.0825584222803792,3.029247309409265
40.586878,66,1794.88805,True,False,False,4.738164385548583,4.669932521667416
39.006047,45,1796.846692,True,False,False,4.968673184608159,4.1693954642025055
29.842627,27,1797.004275,True,False,False,2.4657202064316506,2.319503640197631
36.200615,48,1797.272381,True,False,False,3.9246394884099605,3.6548251130292355
23.313166,68,1797.64802,True,False,False,3.419638439465764,2.0049115674214524
30.30565,27,1797.825392,True,False,False,2.531964956478886,2.4611455613954973
36.885923,35,1798.053442,True,False,False,4.545847727601526,3.763129097024963
34.161285,42,1798.287962,True,False,False,3.419866606362644,3.2236909949326757
-4.440028,25,1798.447707,False,True,False,3.504361479390198,6.208081988620315
28.706887,22,1798.600264,True,False,False,1.8735730921103955,2.0185376725708926
26.661184,31,1798.832758,True,False,False,2.080216023665783,1.7849559530495689
47.151739,47,1799.124741,True,False,False,6.545293006648544,5.7381452097049594
43.190224,42,1799.360549,True,False,False,5.457403244752249,4.97885848948571
32.822409,51,1799.663459,True,False,False,4.142610654516026,3.1683381816580827
32.375656,42,1801.555197,True,False,False,3.3369819265779443,2.9510145993055423
39.813433,86,1802.163516,True,False,False,6.878731708231711,4.779138410191737
29.617955,23,1802.317273,True,False,False,2.469518666882576,2.2724389965141185
39.15387,57,1802.663451,True,False,False,4.560301870847867,4.34929804677642
42.861177,53,1802.948157,True,False,False,5.824463535155962,5.055463791958193
28.408415,18,1803.050516,True,False,False,1.8608721658950118,1.9308902114993676
27.421637,16,1803.135747,True,False,False,1.8892067347787076,1.8136707689029647
48.308125,66,1803.504501,True,False,False,6.8677325832203655,6.2838856223711215
31.330388,41,1803.790846,True,False,False,2.5282811765765447,2.6577363092097315
43.699192,78,1805.680068,True,False,False,5.913493231439226,5.343827759611017
38.408691,39,1805.887955,True,False,False,4.240091184064221,3.964354829100484
46.736254,65,1807.968505,True,False,False,7.000617959577365,5.913500568384583
30.459328,32,1808.181239,True,False,False,3.131261870223838,2.5421151883236357
33.152594,41,1808.400932,True,False,False,3.088367320709955,3.053861101358974
31.888754,30,1808.613083,True,False,False,3.010195661309196,2.931290174760261
40.150923,41,1808.909677,True,False,False,5.397377522135947,4.421591191148363
34.715828,47,1809.217852,True,False,False,3.4999367048511276,3.339031031350836
42.34787,56,1809.583917,True,False,False,5.196591393421465,4.928970752383183
46.86228,76,1810.059369,True,False,False,7.028678808395843,6.096200278894022
30.32511,23,1810.215246,True,False,False,2.7758648421356336,2.3081125477388307
29.288107,16,1810.320154,True,False,False,2.00997235707007,2.088918230587479
49.340123,70,1810.817447,True,False,False,7.029660589293724,6.54283925210373
28.952115,27,1811.013737,True,False,False,3.6675309142986747,2.154054607847962
40.798221,45,1813.012524,True,False,False,4.513021133176067,4.600550691940897
35.052425,62,1813.431444,True,False,False,4.497008501947604,3.653358394720834
35.800026,28,1813.623967,True,False,False,3.628707329647496,3.4758960405155017
34.873228,64,1814.054514,True,False,False,4.810172600346002,3.8782325232170582
46.847279,63,1814.481795,True,False,False,6.653421438111654,5.903524218490668
30.167663,20,1814.595992,True,False,False,2.111044175320905,2.2825307878292302
26.265644,23,1814.725835,True,False,False,1.637807502577949,1.6691550359980545
27.198004,21,1814.844927,True,False,False,2.235192062265417,1.8365218707760664
36.843353,57,1815.233756,True,False,False,5.5813267990042,4.004057873267519
40.181509,41,1815.51265,True,False,False,4.862948884418413,4.400961150078271
35.16137,31,1815.696417,True,False,False,3.699474091276441,3.433348520506202
29.839963,46,1815.956794,True,False,False,2.8469242395606194,2.6604548806401436
42.019583,62,1818.015302,True,False,False,6.486015227489517,5.075553058659265
33.60302,45,1818.327937,True,False,False,3.183940747146208,3.175076560078191
42.678387,42,1818.617489,True,False,False,5.172578048920607,4.918629747965371
29.943723,24,1818.799254,True,False,False,2.6311811241866594,2.356391291706328
42.48203,64,1819.206533,True,False,False,6.164934112434907,5.142961213990138
33.80064,42,1819.498476,True,False,False,3.5898209124926392,3.274168484522948
37.789943,74,1819.992582,True,False,False,6.008387943880185,4.4082819526916825
26.325281,18,1820.100202,True,False,False,1.6711538454559158,1.5695747430818086
27.561656,14,1820.190276,True,False,False,1.7140867271117544,1.772666544590136
43.959869,50,1820.526716,True,False,False,6.163130036654986,5.306412682984064
34.958611,31,1820.71125,True,False,False,3.1797593115611535,3.2236000068334585
37.832502,51,1821.001302,True,False,False,5.018008952326202,4.062811406711309
26.519147,27,1821.171071,True,False,False,2.2669556824163024,1.8119469626003757
47.99988,60,1823.225992,True,False,False,7.095812500511376,6.0675255142825755
-15.490879,20,1823.363147,False,True,False,1.2287485290458096,7.269972719965937
32.757339,50,1823.682478,True,False,False,4.063629207735161,3.1050805695498536
36.378349,43,1823.974619,True,False,False,3.705142031817142,3.775250846754464
-10.487482,18,1824.102181,False,True,False,2.2468976007013644,4.8571927260959775
30.638136,21,1824.256969,True,False,False,2.321951822416439,2.409058453559143
42.814784,54,1824.616622,True,False,False,5.978858333731883,5.025382934395324
30.918073,32,1824.806706,True,False,False,3.5194999808115788,2.5406490108783317
43.315329,78,1825.301705,True,False,False,7.84996123545526,5.410756497481804
27.822369,28,1825.505338,True,False,False,2.086381574073251,2.1219586190688027
33.237456,28,1825.696778,True,False,False,2.918583331722385,2.9364467389525175
38.838922,43,1826.000095,True,False,False,4.506345216324959,4.197782043647482
-7.989652,31,1826.218405,False,True,False,3.1909475282341524,3.7893730779118595
45.719366,55,1828.262678,True,False,False,5.94797175201905,5.515013239751442
30.725974,22,1828.41519,True,False,False,2.6309162399919748,2.607816052470659
42.787044,44,1828.73223,True,False,False,5.350382484304305,4.978992835243824
28.672935,25,1828.919787,True,False,False,2.3459879713521983,2.1574113777465023
33.580102,31,1829.153303,True,False,False,3.1598768316790613,3.1015708107210265
46.286197,67,1829.552336,True,False,False,7.471742175718305,5.903028124629989
47.029693,64,1829.97774,True,False,False,6.381410166545235,5.815311273665403
34.677452,64,1830.428233,True,False,False,4.773103327837672,3.990081478100071
36.999416,43,1831.749281,True,False,False,5.57057158354658,3.9046007044615885
35.940644,31,1831.956924,True,False,False,3.757107318921216,3.5576398869717885
40.076354,89,1834.173749,True,False,False,6.318568563242798,5.266890932466703
34.615911,48,1834.501056,True,False,False,3.2984101984911454,3.4380306587909892
41.027171,50,1834.858095,True,False,False,4.753701468136715,4.568444233101167
35.822961,34,1835.067486,True,False,False,4.103859190346419,3.5993125648735695
35.981582,58,1835.45925,True,False,False,4.818581709787565,3.803288522450844
38.834733,38,1835.71739,True,False,False,4.304607358552634,4.243912871744715
38.951769,48,1836.046519,True,False,False,4.283275199097034,4.32128413508579
38.155616,33,1836.281316,True,False,False,3.8897908118022064,4.017028545864792
37.306489,67,1836.742394,True,False,False,5.739017852784626,4.001219565133796
30.97895,53,1837.113671,True,False,False,3.6276277262818395,2.8346118275640517
34.556387,39,1837.383055,True,False,False,4.186672668284538,3.382484785231691
29.115747,21,1837.53166,True,False,False,2.539661774421758,2.1941591961898026
41.464597,47,1839.601885,True,False,False,4.8440078283347345,4.631460848902743
36.591889,34,1839.788704,True,False,False,3.4736273123668746,3.60985807915226
40.38473,57,1840.104364,True,False,False,5.780879134450199,4.608909684706755
41.542987,63,1840.436416,True,False,False,4.8714430681806995,4.804824207657839
-3.749316,36,1840.623992,False,True,False,3.8994688900747065,5.508836738055367
30.194552,40,1840.829169,True,False,False,3.1546726827702813,2.5447789405192687
42.419682,62,1841.167407,True,False,False,7.209134215723834,5.124019356407977
44.839969,69,1841.52827,True,False,False,6.5112528030750125,5.5994899291422024
31.025897,38,1841.733908,True,False,False,3.265159695139009,2.7536077540103916
39.187605,52,1842.009706,True,False,False,4.515391992531689,4.396767437070209
34.816792,47,1843.604453,True,False,False,3.268336087706309,3.359483204688075
28.519876,44,1843.829964,True,False,False,2.580688773696085,2.2958744584921043
33.183176,33,1844.004963,True,False,False,3.3039770549846934,3.06641035431753
28.906164,39,1844.204723,True,False,False,2.849201589347462,2.2492610488255753
48.382624,61,1844.514792,True,False,False,7.33037526171904,6.132545545324824
29.193929,25,1844.642611,True,False,False,2.3018484581014875,2.3350190495771175
39.718841,65,1844.976095,True,False,False,5.828922422797056,4.633876073423672
38.432753,51,1845.243842,True,False,False,5.790859166121744,4.258537155385551
30.943981,42,1845.462168,True,False,False,2.9944043239397224,2.9081063984592443
31.160595,43,1845.756681,True,False,False,3.506367683611948,2.842927777168649
28.902315,22,1845.902798,True,False,False,2.066056582036784,2.0917165776736413
27.541254,16,1845.991196,True,False,False,1.684596724689401,1.7820086265146873
43.580908,73,1847.846735,True,False,False,6.967425430041328,5.560595277580694
36.012005,58,1848.238129,True,False,False,5.5956289236677375,3.8051771243310775
49.987148,74,1848.752196,True,False,False,7.212940104715185,6.433956497287319
31.014565,29,1848.922336,True,False,False,2.866531233725916,2.639038574197142
46.80963,64,1849.285576,True,False,False,6.535841219926826,5.933747315451784
31.709746,17,1849.377785,True,False,False,2.55996055682336,2.629456823005699
28.640951,20,1849.486946,True,False,False,1.8715434985262642,2.0475012189707575
32.44165,31,1849.691903,True,False,False,3.6249526735335005,2.8908905241234217
46.486922,50,1850.029345,True,False,False,5.865995384479347,5.546143374698443
35.902133,38,1850.296722,True,False,False,3.9192975089387145,3.6994962961408513
33.865852,47,1850.599498,True,False,False,3.2366450534027704,3.2408611173209403
43.923732,47,1850.89959,True,False,False,5.267381974452589,5.117788703392344
31.608718,22,1852.460213,True,False,False,2.769099799112158,2.6551013782337365
29.619021,23,1852.598336,True,False,False,2.533120742467206,2.217406206573236
43.436062,83,1853.055714,True,False,False,6.315966025416397,5.39074434271549
-14.960558,13,1853.134492,False,True,False,1.3537593471905993,2.6339977431642856
49.590671,88,1853.64628,True,False,False,6.484967644375068,6.539994271870491
44.078651,43,1853.882257,True,False,False,5.321096398734084,5.120523967829516
32.836832,26,1854.034448,True,False,False,2.9086792942594775,2.8766067515552214
31.449248,29,1855.45217,True,False,False,2.643004100709031,2.6813754363795566
30.801313,23,1855.602763,True,False,False,2.6245811948561557,2.495004462700982
43.206621,52,1855.933309,True,False,False,5.0251687816856645,4.9587746810329465
34.263352,44,1856.238265,True,False,False,4.466995188390802,3.3980118209194585
36.055388,58,1856.615855,True,False,False,4.342987282949681,3.8315235619913377
33.681518,39,1858.462276,True,False,False,3.922937232918391,3.4427541513855457
56.127535,122,1859.262147,True,False,False,9.289525449920845,8.052581220049266
39.039502,43,1859.557913,True,False,False,5.087243093717422,4.294830638595632
47.050331,64,1860.003934,True,False,False,6.343319084971032,5.948089162707505
34.631354,57,1860.364831,True,False,False,3.586611018380716,3.5097401291661345
38.489815,72,1860.752488,True,False,False,6.0048405711870485,4.489867574338768
42.000987,47,1861.035652,True,False,False,5.164189940147557,4.849773792048868
30.304624,29,1861.199149,True,False,False,3.503918061409807,2.521149270519721
27.818753,25,1861.379804,True,False,False,2.170368394935437,1.9618125564775304
51.962187,87,1863.419116,True,False,False,7.463799058526214,7.1372959207968405
29.575672,14,1863.51513,True,False,False,2.0086090221151305,2.1661498663002186
35.188248,37,1863.774487,True,False,False,3.8704513122703132,3.4119976505601883
40.829392,54,1864.130406,True,False,False,5.141034130561737,4.654784944875804
28.224146,17,1864.247345,True,False,False,1.8524994246265316,1.9994240826540781
35.178371,29,1864.444498,True,False,False,3.4656967743677916,3.341585328323724
31.48787,40,1864.690188,True,False,False,4.275879441656627,2.7937715623460457
34.726331,33,1864.860255,True,False,False,4.007102269998544,3.5916242049306475
53.33069,66,1865.244886,True,False,False,7.150734020703984,7.155176803535656
37.2835,52,1865.558236,True,False,False,4.468912284574766,3.873155663241752
38.289339,38,1865.777173,True,False,False,4.441679583916815,4.005832442008599
37.978918,55,1866.103361,True,False,False,4.32191573350086,4.017286340950499
47.423063,42,1868.033925,True,False,False,6.087182034680549,5.779027717223942
50.509122,62,1868.492449,True,False,False,6.5317028798920855,6.4089219930362455
35.190925,42,1868.774512,True,False,False,4.204124003002146,3.547530581751985
38.698971,41,1869.039578,True,False,False,4.625611323321322,4.147820611256512
34.696221,31,1869.21963,True,False,False,3.0801889446904163,3.173675589908009
29.978543,26,1869.386476,True,False,False,2.582561804348351,2.390039294147601
36.478747,80,1869.894758,True,False,False,5.292744267175289,4.020874160381738
45.805465,80,1870.310884,True,False,False,6.203588066937806,5.746221562460154
46.243496,96,1870.945779,True,False,False,6.538790880944777,6.278000349050796
42.211755,48,1872.920418,True,False,False,6.131212583325795,4.958399415975781
38.885451,39,1873.154542,True,False,False,4.512995944476576,4.067482779454738
30.13569,24,1873.289595,True,False,False,2.475525427190151,2.435638246419798
-13.905024,14,1873.378328,False,True,False,1.608025628036588,5.811170566748109
44.432425,57,1873.759793,True,False,False,6.633459769649563,5.427189064442132
34.656869,26,1873.913995,True,False,False,3.4047208164085947,3.216549234267507
29.132644,31,1874.081249,True,False,False,2.409734960483676,2.2518372561748667
26.714302,52,1874.419436,True,False,False,3.8067095954242904,2.760365644725067
53.764161,107,1875.148121,True,False,False,8.057073330259716,7.489739138508231
31.693989,104,1875.858079,True,False,False,5.587222593282697,4.144970323847141
-10.630233,26,1876.026726,False,True,False,2.57795661910534,3.0222639035436907
39.359289,56,1877.9577,True,False,False,4.527562924131621,4.459554760001271
47.822352,73,1878.370327,True,False,False,6.377772637555172,6.186623805081216
29.473679,38,1878.606185,True,False,False,2.434302376981386,2.3158369652406376
39.596139,49,1878.93455,True,False,False,5.785554132613544,4.491786950146746
28.12037,34,1879.155596,True,False,False,2.8577962675832502,2.098428872845659
38.679144,59,1880.729775,True,False,False,4.530211231240235,4.253213195771206
42.339896,54,1881.075674,True,False,False,6.116059563207949,5.058998451128316
34.878274,29,1881.270448,True,False,False,3.2761697393157276,3.2931572737707806
48.353271,114,1882.053784,True,False,False,7.88246483382226,6.5212832499246325
32.040616,32,1883.938256,True,False,False,2.9050035163695123,2.8616272045617297
48.389904,67,1884.378864,True,False,False,6.776314587131626,6.393919517118596
36.825236,41,1884.655592,True,False,False,4.307022068183246,3.6779572362125235
47.145117,87,1885.270427,True,False,False,7.640640936697787,6.12214646589086
28.886823,27,1885.460384,True,False,False,1.9590511150268997,2.144989741539108
35.69718,64,1885.835085,True,False,False,4.619100415312004,3.9257647144979653
35.689202,44,1886.103688,True,False,False,3.5842378987789747,3.481565279451725
29.580498,32,1886.296763,True,False,False,2.5848359835192136,2.397056773841935
42.908883,87,1886.894341,True,False,False,6.261501343055816,5.6521459872435225
46.588792,64,1888.871079,True,False,False,6.216972819298151,5.7668909011000045
29.878243,17,1888.991391,True,False,False,1.9974074306469634,2.2769016255302694
48.728226,66,1889.347942,True,False,False,6.577248392591691,6.225015845947351
38.423751,81,1889.831381,True,False,False,4.921447748937501,4.504017835879831
32.103599,33,1890.035323,True,False,False,3.2526606299332985,2.944434857988651
25.425375,33,1890.267249,True,False,False,2.695698963065739,1.7683009895774766
26.210104,35,1890.500769,True,False,False,2.935836116603022,1.8292251967199638
32.371285,26,1890.652362,True,False,False,2.634802358777042,2.7567627361589064
28.852515,22,1890.783593,True,False,False,2.055097186664528,2.159438265721408
43.621522,40,1891.029701,True,False,False,5.3328036659442395,4.959450719891933
26.826782,18,1891.156354,True,False,False,1.5784486163215143,1.60761607920853
49.626044,57,1891.541844,True,False,False,7.375696960988817,6.369929533966357
32.276455,28,1891.73176,True,False,False,3.168295614391577,2.8313574507236217
39.187675,70,1893.811814,True,False,False,6.765096604160518,4.5666444183049455
47.041554,65,1894.251044,True,False,False,6.872016793834163,6.018667838700114
32.334911,39,1894.470408,True,False,False,4.0686732754338,2.982011022540352
30.998946,40,1894.712284,True,False,False,3.5299758626991906,2.6610087885444176
30.390164,30,1894.905973,True,False,False,2.6393800745277645,2.665169530411872
36.377845,26,1895.085923,True,False,False,3.673957515697022,3.5781726154051974
29.063084,24,1895.245938,True,False,False,1.9258505166653823,2.101816324999017
35.278034,65,1895.587741,True,False,False,4.637632419547036,3.650972657479758
26.839121,15,1895.691597,True,False,False,1.6012097765037752,1.6525997642305943
30.677224,38,1895.935899,True,False,False,2.67939781979154,2.6181940627132456
33.502256,59,1896.350226,True,False,False,4.719167161076469,3.8150671270604337
32.996886,25,1896.529826,True,False,False,3.430101240137137,2.931489987686146
31.891347,28,1896.730464,True,False,False,2.5159059716196546,2.769126001065253
36.581835,42,1899.118006,True,False,False,4.395014148911709,3.861990255283848
29.405463,31,1899.356297,True,False,False,2.7456914240997388,2.564351672622461
29.499875,28,1899.575136,True,False,False,3.602092900178677,2.2877015813579833
36.702034,40,1899.885539,True,False,False,4.311801112874528,3.8078342413792017
41.625787,53,1900.287721,True,False,False,5.2253473660846055,4.8159284036207115
32.438781,36,1900.536923,True,False,False,2.7955129717353056,2.9524463632521805
47.605909,88,1901.14436,True,False,False,6.3313849206948785,6.049578047462404
48.086047,58,1901.540476,True,False,False,7.873221409770584,6.0737431021315125
47.42015,109,1902.292234,True,False,False,7.672969897825338,6.372821809310265
45.132219,117,1904.790581,True,False,False,6.492970669900164,6.104446471403361
29.753278,25,1904.955546,True,False,False,2.3775390843914583,2.268024538965793
29.959046,42,1905.215823,True,False,False,4.414251677342722,2.559095270385611
35.45285,48,1905.519826,True,False,False,4.022912108640948,3.6489311184192674
26.350578,16,1905.608218,True,False,False,1.4835349106219855,1.543783473501062
30.844688,18,1906.803972,True,False,False,2.5004065954709307,2.434697689483001
45.396614,45,1907.107776,True,False,False,5.647939391762071,5.4309774324216615
43.512617,66,1907.522623,True,False,False,5.754189205813653,5.28025773538432
47.947947,67,1907.986309,True,False,False,6.573453674685939,6.160440989119496
40.553754,39,1908.247589,True,False,False,4.7053332427100045,4.433088112418255
31.37166,26,1908.427205,True,False,False,2.9456992618964657,2.7421582136075493
33.423095,33,1908.669801,True,False,False,2.9011465372013574,3.0518336285353738
27.91226,20,1908.801911,True,False,False,1.8603221108291794,1.8694039028999412
46.171791,72,1910.720514,True,False,False,6.503191300280776,5.762171043936096
43.024809,45,1910.975494,True,False,False,5.001265397999813,4.899019046792089
45.28211,59,1911.315662,True,False,False,6.560566661864212,5.591670913575155
41.83389,59,1911.652684,True,False,False,4.713579524596738,4.816669087775551
33.528667,43,1911.897822,True,False,False,3.3748732671538932,3.10894371495659
51.421888,93,1912.48597,True,False,False,8.168510386809247,7.042214100990047
32.859402,38,1912.758103,True,False,False,4.0885754484980925,3.069376806412898
41.423824,70,1913.216505,True,False,False,5.5131557101994115,4.769476711265807
34.107367,40,1913.481908,True,False,False,3.669894591392898,3.278680477691541
41.062211,57,1915.345965,True,False,False,6.220337079012587,4.759903310277691
27.986202,33,1915.531772,True,False,False,3.190164420944477,2.1662329989299116
37.559687,58,1915.923578,True,False,False,6.383872252129464,4.043875499568987
34.464881,34,1916.154894,True,False,False,3.4173366978750632,3.266008832803136
52.659118,80,1916.708764,True,False,False,7.410556273940324,7.147364857885453
45.653356,72,1917.120121,True,False,False,7.250764288460577,5.921222907682456
46.330584,101,1917.774245,True,False,False,7.042646567697818,6.05709417658727
26.973059,18,1917.899305,True,False,False,1.6872625037673175,1.7386978721158288
34.100999,26,1918.076132,True,False,False,3.178210723379645,3.1783632248261067
43.319258,47,1920.016881,True,False,False,5.535496864167796,5.055210617963574
29.932257,24,1920.181183,True,False,False,2.359748195979674,2.350570193615057
37.685331,31,1920.346745,True,False,False,3.9021953215197827,3.8987445478523877
32.02511,43,1920.599806,True,False,False,3.0980261948044614,2.9292501844641152
-6.656634,53,1920.940845,False,True,False,3.467817784233656,5.7420163630356384
35.149829,41,1921.227179,True,False,False,3.3953971767453157,3.4366654041789495
29.178803,20,1921.371092,True,False,False,2.0922893162610485,2.1601246731939927
31.366847,32,1921.545097,True,False,False,3.5526579835856404,2.635209763930398
45.927736,57,1921.949387,True,False,False,5.706438041899385,5.522955056282508
40.237059,47,1922.27316,True,False,False,4.593846774508383,4.484325372656748
34.684869,57,1922.612694,True,False,False,4.243334631765975,3.559250754166264
42.693868,84,1923.107782,True,False,False,5.359110922110987,5.161427336087492
43.641091,83,1925.2774,True,False,False,6.396068121222953,5.424103411464553
35.427763,95,1925.876327,True,False,False,5.858399100308497,4.045094974196
38.037195,42,1926.144241,True,False,False,5.407270880555369,3.958418224634039
37.413584,29,1926.351626,True,False,False,3.9485937771353923,3.7664772611472146
44.453856,52,1926.670101,True,False,False,5.463080037359377,5.370909785511746
37.880685,67,1927.05469,True,False,False,5.370274357489007,4.364943988439554
39.077726,47,1927.346359,True,False,False,5.019108198244785,4.249099696776074
32.020398,27,1927.494485,True,False,False,2.7432196523115846,2.752436168043843
42.771652,81,1928.018101,True,False,False,6.179377882582791,5.0914929215389995
47.711191,71,1930.082282,True,False,False,6.2819287620351645,5.888109182599437
56.769838,104,1931.918059,True,False,False,10.04160415247148,8.117545576993397
30.630371,64,1932.326384,True,False,False,5.4707271337906835,3.1298755136600858
32.537974,35,1932.543221,True,False,False,2.8255879122188143,2.934591429553114
36.12951,33,1932.765289,True,False,False,3.5526659158044156,3.533650050477187
27.236954,33,1932.987944,True,False,False,2.2805929603011643,1.903099025111476
46.807754,54,1933.353549,True,False,False,7.036040106465729,5.871151737653209
33.274585,34,1933.584927,True,False,False,3.5654327624138022,3.0367645199726714
45.090253,86,1934.091058,True,False,False,6.2720819019733405,5.786460421632167
27.292575,15,1935.738353,True,False,False,1.5349148843788292,1.7521797120553515
37.330221,47,1936.044561,True,False,False,4.616270080327125,3.935202343242891
26.007614,27,1936.191387,True,False,False,2.0531962580106087,1.641082332601391
29.911057,41,1936.439396,True,False,False,3.549653937705636,2.508516304020367
29.462155,24,1936.596133,True,False,False,2.699171546751484,2.261497191589756
56.33824,107,1937.218911,True,False,False,8.140152725427296,7.858256941747122
39.992784,56,1937.554571,True,False,False,5.426168658677073,4.596188394724879
26.215771,17,1937.6507,True,False,False,1.6809512217764913,1.619415742285816
43.14805,55,1937.994326,True,False,False,6.3636734062018085,5.156650262490883
48.612949,81,1938.531483,True,False,False,6.846649585740177,6.174253732259238
40.757604,41,1938.80926,True,False,False,4.638563454675985,4.492939706287921
39.549422,42,1940.664638,True,False,False,4.372360265976473,4.3242052080416125
33.943646,44,1940.952155,True,False,False,3.103264357298339,3.135949873308961
28.348588,24,1941.085937,True,False,False,2.1875689578250075,1.9386499510466197
50.74894,56,1941.398688,True,False,False,7.612214239131444,6.393132691322566
30.714379,34,1941.593179,True,False,False,3.1183253665630577,2.6191055231105236
31.842677,25,1941.748265,True,False,False,2.4854710204778883,2.6541176668328927
39.97307,81,1942.24038,True,False,False,6.444681952544025,4.8016022303691495
31.401708,42,1942.52652,True,False,False,3.4342817473494227,2.899530214313019
40.761651,85,1943.106734,True,False,False,5.681598720624915,4.949425270769062
40.445082,52,1943.458354,True,False,False,4.743525209632597,4.6301314300434795
37.406524,42,1945.245373,True,False,False,3.7365204917478634,3.805575557071265
44.525906,73,1945.732365,True,False,False,6.368087657978571,5.47550486958737
37.213827,29,1945.929108,True,False,False,4.0903607216090725,3.764020421587066
30.457666,21,1946.074615,True,False,False,2.1771378007419075,2.32860039108128
27.311555,14,1946.160164,True,False,False,1.6782572347789337,1.7995009951950767
31.907681,24,1946.318778,True,False,False,2.599659290610632,2.557511515698816
29.138638,24,1946.486707,True,False,False,2.4519200704270867,2.262304103645589
46.584024,57,1946.836351,True,False,False,6.8918405039495765,5.719998995094645
38.246203,57,1947.162721,True,False,False,5.1642419180046595,4.284606120535647
44.574729,65,1947.534079,True,False,False,6.440845647227016,5.481866385529065
35.103019,47,1947.806315,True,False,False,5.047407233136419,3.5302004755220255
28.970883,25,1947.943317,True,False,False,2.642461021418884,2.2058347653902373
50.052198,52,1948.22557,True,False,False,6.3727481640134656,6.215642978516872
29.892567,19,1949.888918,True,False,False,2.7388584953513906,2.3148808218649934
36.865442,50,1950.206743,True,False,False,3.6336994764751798,3.824413087337575
46.069309,56,1950.530534,True,False,False,5.990278340433141,5.675489272280518
25.605404,34,1950.730913,True,False,False,1.9163005667341892,1.664955683980873
40.259305,52,1951.022262,True,False,False,5.574502633710785,4.5278531685882975
39.172862,57,1951.400069,True,False,False,5.586826999450639,4.384845339031457
29.245525,41,1951.690637,True,False,False,3.0397876135121846,2.4164214964959396
26.248017,29,1951.898638,True,False,False,2.258879939630433,1.7491743229800265
35.796649,25,1952.07383,True,False,False,3.6994486864250495,3.3665471413433785
33.999178,39,1952.322151,True,False,False,3.299503745283728,3.2429539976995025
26.377476,15,1952.428297,True,False,False,1.6871504357868778,1.5260532128329931
30.570106,30,1952.641675,True,False,False,3.3448071299308393,2.674753910414785
47.186134,58,1953.041685,True,False,False,7.702366365262503,6.088903581900677
45.476068,42,1955.065459,True,False,False,5.845910848323644,5.408898000370619
28.8927,35,1955.32148,True,False,False,4.138771238650708,2.3064153662663758
32.539299,50,1956.850526,True,False,False,4.176525235842004,3.0619240729747608
40.27986,39,1957.118514,True,False,False,4.734436296228518,4.448704386138137
46.9804,69,1957.588251,True,False,False,6.058777845890397,5.858029989921889
42.69327,69,1957.979143,True,False,False,5.410544620229805,5.0826783867120255
25.611322,19,1958.114676,True,False,False,2.160528489199724,1.5381001474175455
31.895288,24,1958.267861,True,False,False,3.073660253205072,2.7539075101850043
42.316334,65,1958.649118,True,False,False,6.199945868460219,5.1890260096521095
26.148829,19,1958.76173,True,False,False,1.7150619783647838,1.5966309716654368
40.71259,35,1958.956836,True,False,False,4.611617804869897,4.356445467375754
45.20448,44,1959.255993,True,False,False,5.404624865162941,5.43865119188622
39.737907,75,1961.52755,True,False,False,5.102019754843758,4.5685269103505695
32.722971,27,1961.713165,True,False,False,2.775920357072492,2.846237577676464
30.512871,31,1961.936725,True,False,False,2.6673403327418193,2.7555299911275033
40.277243,111,1962.711198,True,False,False,6.165356805165909,5.33379165060852
32.624929,45,1962.969618,True,False,False,3.820738028971476,2.98177037420198
49.342089,59,1963.308974,True,False,False,8.872609677730026,6.347734265193263
39.289551,47,1963.561598,True,False,False,4.9453029169356375,4.335151805719561
43.430027,56,1963.864312,True,False,False,6.166175036706169,5.1666191681721205
40.16304,55,1964.158947,True,False,False,5.056886383006257,4.49497597308884
27.527777,32,1965.68824,True,False,False,2.9645588611279714,2.1927979396216046
33.578985,30,1965.847171,True,False,False,3.0802357763528496,3.072799855105634
38.389461,49,1966.105423,True,False,False,4.73334382010985,4.28199525048231
41.072611,79,1966.577356,True,False,False,5.381680792871774,4.965021952175298
30.072293,20,1966.701961,True,False,False,2.6387615159186213,2.320127081816683
41.128945,36,1966.885409,True,False,False,4.547462196569498,4.499919390406901
37.085189,50,1967.141221,True,False,False,4.83750354088688,3.9660014451994123
32.342717,42,1967.353744,True,False,False,3.020417730255659,2.8811113856556085
46.712279,63,1967.67899,True,False,False,6.543359716266408,5.7345976079507395
39.461146,36,1967.861345,True,False,False,4.4244381259550245,4.246967158232305
36.62456,42,1968.0783,True,False,False,3.5780820790637202,3.7048380551565425
42.731492,64,1969.753509,True,False,False,5.539895488937302,5.223623381177335
32.50516,30,1969.907462,True,False,False,2.8275717999626346,2.8399276756241383
36.659295,41,1970.138703,True,False,False,3.5278635279939876,3.7000400830438567
34.570439,47,1970.384118,True,False,False,3.441182755689021,3.3305101267455473
45.122231,64,1970.743652,True,False,False,5.676715889075231,5.353590857054724
35.385637,36,1970.944917,True,False,False,3.5186394928355154,3.419262065507572
44.060744,99,1971.504854,True,False,False,6.109081257276046,5.583849779699649
28.679389,25,1971.667763,True,False,False,1.9689657309011712,2.168952507689466
28.524513,30,1971.881071,True,False,False,2.2005374029203906,2.1499420740640423
40.80729,64,1972.273775,True,False,False,5.071079605871236,4.718596530524037
46.909446,101,1974.383795,True,False,False,6.809163179833591,6.301687647164004
37.615566,53,1974.665408,True,False,False,4.5126373315692145,4.360446185711895
41.374815,58,1975.041338,True,False,False,4.926286003720297,4.77210005378235
27.423925,28,1975.230881,True,False,False,1.9197698923945623,1.9373573052200772
30.207597,20,1975.365996,True,False,False,2.2482446025105536,2.3249498148258523
34.227576,46,1975.684915,True,False,False,3.405108346948909,3.326118566797421
35.49039,41,1975.920295,True,False,False,5.207638258398039,3.6155058987636552
41.421132,44,1976.194217,True,False,False,4.643237622534218,4.672748170117302
32.032495,32,1976.384755,True,False,False,2.961740861950779,2.8296637782473413
-18.776661,6,1976.425768,False,True,False,0.4306914752194264,1.7748790048731624
26.306047,16,1976.521687,True,False,False,1.8589885796256407,1.6264861483097504
36.754575,36,1976.772366,True,False,False,4.477485447993083,3.6295145990838007
28.833994,26,1976.930838,True,False,False,2.0310719812624214,2.103457306016951
36.291301,50,1977.216335,True,False,False,4.354631289607423,3.749942611817101
38.600063,44,1979.910932,True,False,False,4.6403863998437025,4.26468372493261
39.743218,49,1980.207747,True,False,False,5.479255299809859,4.497956527801728
41.535381,40,1980.438981,True,False,False,5.464007917094158,4.742630086312996
-12.529143,30,1980.648519,False,True,False,1.9393773160357053,3.4090170096203383
38.099998,95,1981.284631,True,False,False,5.925050231098027,4.797708735400038
29.249917,46,1981.565014,True,False,False,3.0138461183752727,2.4041756909188403
27.998517,26,1981.723092,True,False,False,2.0491248572223206,1.9897640934506085
45.298574,58,1982.146493,True,False,False,5.665149107975792,5.421414081427692
28.967069,36,1982.380719,True,False,False,2.471803208741888,2.273877203363849
37.839239,52,1982.740941,True,False,False,5.637629753508205,4.143506621114526
39.982549,43,1983.034959,True,False,False,4.874377143331143,4.445532095116814
31.441848,38,1984.99299,True,False,False,3.7539432993423314,2.704678412419088
35.329132,35,1985.219145,True,False,False,3.6371395595191824,3.5731023134104216
44.738067,49,1985.560368,True,False,False,5.2042395935587376,5.152150189582927
37.285395,41,1985.815319,True,False,False,4.10689595997659,3.8870988398658843
-6.007298,77,1986.331127,False,True,False,4.710932555035615,5.471302195678134
43.269443,47,1986.661608,True,False,False,5.672430377006671,5.124473272480451
28.867458,21,1986.808559,True,False,False,1.9076444663896928,2.076072561618765
24.294901,36,1987.071345,True,False,False,2.7781511687822853,1.524998192314027
38.624695,48,1987.342712,True,False,False,4.284930376820381,4.091256551220308
30.767087,35,1987.544041,True,False,False,3.062700749883602,2.5989569666845473
26.933462,50,1987.884911,True,False,False,3.840712865143083,2.3217762827467303
42.412603,72,1990.058264,True,False,False,6.322743486995956,5.012852946030992
41.496905,86,1990.571585,True,False,False,5.306720560355591,5.050699184120293
35.431265,23,1990.728511,True,False,False,3.3150432063423585,3.305904787171761
27.132446,17,1990.84558,True,False,False,1.8118188050117237,1.7165765712896306
28.910416,46,1991.16609,True,False,False,5.304237188988039,2.6158020633391996
31.673366,21,1991.318942,True,False,False,2.8843926563786324,2.6615922590723793
27.316881,13,1991.412541,True,False,False,1.7557620874660114,1.705098356990565
33.616879,47,1991.739415,True,False,False,5.069001664075388,3.3651720685809403
39.889864,44,1992.057958,True,False,False,4.5778584781157745,4.335290994439549
36.799137,50,1992.407115,True,False,False,4.541572094053122,3.8995903636043727
31.637812,27,1992.597204,True,False,False,2.857421979303172,2.6607415572069923
52.357947,82,1993.143342,True,False,False,8.330532239528637,7.1984559446867955
42.567769,65,1995.253976,True,False,False,5.052931510063921,5.066135527098396
32.752337,42,1995.541227,True,False,False,3.0104719104806645,3.0106572510860725
45.776432,40,1995.826671,True,False,False,5.55680555888852,5.379460115385379
43.108202,51,1996.153555,True,False,False,5.392126813629452,4.986358407291498
43.009109,53,1996.452605,True,False,False,5.798044458592665,4.934656967816767
43.937816,86,1997.061106,True,False,False,7.333458688545368,5.702825408873616
29.230158,28,1997.240634,True,False,False,2.4169340118777343,2.284915107621908
33.150833,32,1997.42858,True,False,False,2.840155781946269,2.984672933625015
44.139109,49,1997.730528,True,False,False,5.394763422605588,5.1899598872938215
44.011532,45,1998.019765,True,False,False,5.559898564115754,5.1613512045972865
34.220425,21,1998.151733,True,False,False,3.0013305600094187,3.00278845328575
31.932295,44,1999.987073,True,False,False,4.481051703518252,2.9898433282159274
41.546019,63,2000.432155,True,False,False,5.109994847879954,4.7540531203947225
26.128953,18,2000.557213,True,False,False,1.4901307876598775,1.5879790466038317
27.736167,16,2000.667212,True,False,False,1.856038766009096,1.8524101037559741
37.807485,59,2001.045849,True,False,False,4.433660032138694,4.180002903880208
30.311499,25,2001.214863,True,False,False,2.5610401339476065,2.414294907981455
48.562571,122,2001.991216,True,False,False,8.832160302576172,7.112279182224968
43.856629,50,2002.281714,True,False,False,5.561136047971874,5.024011799832507
45.785881,41,2002.555757,True,False,False,5.433628013450286,5.3383919661763795
26.422206,14,2002.657686,True,False,False,1.6033510600466905,1.6517251194555689
51.392505,82,2004.30773,True,False,False,8.835937040792905,7.008658635678646
32.993778,38,2006.145499,True,False,False,2.996865747926204,3.0153604930902267
32.121604,25,2006.283587,True,False,False,2.839131686721898,2.878145147262746
31.908539,22,2006.399063,True,False,False,2.6772915248692657,2.632378247633797
37.407613,46,2006.686315,True,False,False,4.233833797571357,3.8731469112067334
-15.933938,13,2006.763116,False,True,False,0.9814044690975591,1.8348908951232548
48.404161,68,2007.227269,True,False,False,6.549373098465997,6.215192336949056
41.190808,58,2007.632278,True,False,False,6.311679743367575,4.819223960712359
44.185306,63,2008.023802,True,False,False,5.730247264379196,5.2479901189903915
32.940482,42,2008.261244,True,False,False,3.6614386813711803,3.085227485287391
35.772052,72,2008.674386,True,False,False,6.760551442238736,3.984324222559757
39.61175,61,2009.052607,True,False,False,4.1982239986815655,4.428150601333712
35.336466,56,2011.074855,True,False,False,3.5771437349116475,3.5959519397939386
30.336343,27,2011.221096,True,False,False,2.5802992546618895,2.441885241107589
34.600901,29,2011.391163,True,False,False,3.7272020388031795,3.2703755908789947
38.757915,33,2011.593337,True,False,False,4.466924688672637,4.108587496892459
48.152365,106,2012.305701,True,False,False,7.917187638819814,6.850049355307982
33.940877,54,2012.633518,True,False,False,4.10618821421369,3.28712959119265
34.692149,29,2012.797629,True,False,False,3.066280215434804,3.2639172702176795
45.915984,57,2013.136313,True,False,False,6.646028059659416,5.676081372412207
42.529407,86,2013.71565,True,False,False,6.355018012296218,5.372629685453197
27.814835,19,2013.817128,True,False,False,1.8172085973481422,1.913122090616257
-18.710178,20,2013.953441,False,True,False,0.8044307144392272,2.0358670716453213
35.403016,40,2015.718234,True,False,False,3.29631700529053,3.482224359732093
31.081306,30,2015.888297,True,False,False,3.0254788966778245,2.8306041888987914
38.337619,49,2016.151801,True,False,False,5.226401992068079,4.167267017782749
34.898204,57,2016.467368,True,False,False,4.024114803906601,3.8959497154123186
41.497965,84,2017.016151,True,False,False,5.601343180283782,4.973653679816425
38.264515,53,2017.385659,True,False,False,4.726190235644125,4.085322192771318
33.982058,39,2017.652151,True,False,False,3.194379599636932,3.131749840875083
35.69301,40,2017.923497,True,False,False,4.368782901206302,3.489201599416809
47.397636,61,2018.352268,True,False,False,6.331535421686371,5.912106616698725
37.006605,35,2018.600032,True,False,False,4.468591919153846,3.809120519766703
43.254257,52,2020.575144,True,False,False,5.253367135331119,5.091505756480435
32.818864,27,2020.726669,True,False,False,3.386075126743881,2.9085245294809776
45.077804,117,2021.422926,True,False,False,7.545425166719307,6.5460192914283954
41.214349,78,2021.933459,True,False,False,5.278931965270557,4.91575398995329
48.635189,81,2022.410973,True,False,False,7.229039743186957,6.479283017875253
31.270408,37,2022.676376,True,False,False,3.6413942528791075,2.6517137671165907
45.985519,41,2022.955296,True,False,False,5.424783381757374,5.448146859552981
34.546161,83,2023.518597,True,False,False,5.500605114580264,3.82621537754186
38.829753,54,2025.367958,True,False,False,4.46056515556274,4.30395339162881
27.212612,21,2025.510526,True,False,False,1.7669216291993186,1.8195464782113249
36.064465,58,2025.851877,True,False,False,4.824685185830324,3.8015656142875067
28.486795,40,2026.079337,True,False,False,3.3642167900971423,2.186631280545163
31.456138,33,2026.279263,True,False,False,3.348446690791009,2.7363717889605144
51.983329,56,2026.668135,True,False,False,6.884062523045846,6.623673155824604
45.03502,75,2027.179529,True,False,False,6.3622906578828875,5.649081741705309
40.633129,51,2027.477417,True,False,False,4.930193036404387,4.588857679016745
27.74299,22,2027.609325,True,False,False,1.7035570312101684,1.8700301535817718
27.948977,31,2027.775105,True,False,False,2.653570545320484,2.1619036901516493
48.832049,64,2029.514112,True,False,False,6.723273594209595,6.169145954422565
46.55804,55,2031.552267,True,False,False,5.671588150805205,5.767471028348239
33.690652,34,2031.73507,True,False,False,3.1722485459562,3.096759150187708
42.921038,52,2032.037793,True,False,False,7.369630533706,5.094226233992003
44.455139,75,2032.465194,True,False,False,6.5212379592977685,5.522319802070828
42.807286,58,2032.843168,True,False,False,5.496208408409826,5.112844195085628
34.198187,55,2033.193496,True,False,False,6.341184788959798,3.7470631618342654
49.664774,49,2033.495008,True,False,False,6.923738212689702,6.3439122001675345
36.883959,39,2033.735334,True,False,False,3.7840796974803577,3.733474652210488
38.226695,73,2034.137423,True,False,False,6.008381054114814,4.377186455233484
42.54537,58,2034.457583,True,False,False,5.005216909461907,4.948283976407405
45.627151,87,2036.49736,True,False,False,6.5212494774951555,5.872371407185158
46.567658,51,2036.820318,True,False,False,6.2659878482989315,5.667854681484528
43.839708,52,2037.098219,True,False,False,5.233405324911695,5.080681993368052
29.665911,19,2037.197675,True,False,False,2.1950074564814805,2.3635407429727757
-13.676422,10,2037.26486,False,True,False,1.350681394626938,3.8792727983141018
47.02234,66,2037.630913,True,False,False,7.427542029915862,5.743990217120508
45.379401,48,2037.895391,True,False,False,6.177000521869119,5.485396161963761
-13.603354,21,2038.013257,False,True,False,1.6774368135179636,2.6285698317568387
35.139256,23,2038.152557,True,False,False,3.2123291405093064,3.2214776352049044
32.424103,46,2038.46322,True,False,False,2.942443934182555,3.093313437503001
40.471064,60,2038.889807,True,False,False,5.156800037585375,4.601796159886468
32.755747,55,2040.815615,True,False,False,4.077169960446286,3.2178489313427283
28.5497,22,2040.96892,True,False,False,2.2625495501984076,2.044326755813567
50.61901,52,2041.319887,True,False,False,6.642822232596724,6.401274226345151
21.911846,83,2041.811137,True,False,False,4.250484880042418,2.140656154211681
52.158044,56,2042.129318,True,False,False,7.79838403163843,7.0083937064213035
29.59673,23,2042.261052,True,False,False,2.052704835389994,2.2994971948931475
27.569394,19,2042.371159,True,False,False,1.650082285949182,1.8489764586253934
27.82918,26,2042.538387,True,False,False,2.6786998364819183,2.0984392429321583
41.8934,56,2042.883568,True,False,False,5.711529177801679,4.769224208148862
32.09266,23,2043.011444,True,False,False,2.6175728078858667,2.6758984864830833
29.359331,17,2043.105809,True,False,False,2.0172463793735815,2.1354550313386924
29.875663,30,2043.282828,True,False,False,2.5349218865321173,2.5391075204154734
-16.653068,10,2043.343986,False,True,False,0.8679413225341088,3.6323554618097895
33.396669,34,2043.562324,True,False,False,2.7868378934068843,3.0253271781761586
34.829647,22,2043.717833,True,False,False,3.0694239338928058,3.227650647419006
39.998575,54,2045.568925,True,False,False,4.39679577731867,4.451488514685547
39.755386,42,2045.826603,True,False,False,4.127988233689243,4.196200447161756
28.964746,22,2045.970521,True,False,False,1.8776007353363013,2.05575655846628
31.781895,43,2046.257157,True,False,False,3.5106962073612284,2.925476296734577
31.565386,49,2046.569029,True,False,False,2.9200354095000534,2.9254247053609586
44.723223,46,2046.846355,True,False,False,5.853476152565105,5.271628029715023
38.350063,41,2047.135781,True,False,False,4.223235496996983,4.136853811975853
46.223204,66,2047.568846,True,False,False,7.329393299289633,6.1324245833089215
43.875746,64,2047.978486,True,False,False,7.402338037597661,5.309658135355911
44.543087,50,2048.2648,True,False,False,5.5002662676017815,5.2105230053253315
28.32068,26,2048.421166,True,False,False,3.062568394785289,1.9836730949737704
32.762713,17,2048.516502,True,False,False,2.6538653679414237,2.7704952194523043
32.542871,36,2050.578658,True,False,False,2.867909452142757,2.887081662774058
39.964583,55,2050.978245,True,False,False,5.292711059384462,4.645436809582134
31.715996,54,2051.342344,True,False,False,3.189915182746855,3.030273017651755
35.565482,42,2051.633292,True,False,False,3.8392146420804187,3.5205375444957343
36.720256,48,2051.92053,True,False,False,5.376907880280989,3.908437070382599
36.770287,42,2052.194191,True,False,False,4.0487156829899575,3.6310497757732705
36.865928,49,2052.494242,True,False,False,5.990514852098971,3.9791080653309474
38.161092,57,2053.934964,True,False,False,5.855026038990911,4.281648191089635
41.40102,39,2054.216419,True,False,False,5.25372008409843,4.595972850729253
29.032406,22,2054.372881,True,False,False,2.0524160331177,2.1058527757362575
44.445371,41,2054.649731,True,False,False,5.532774865330563,5.214970112506294
30.12881,21,2054.764153,True,False,False,2.563084073077475,2.3686081071407328
39.578427,78,2056.726431,True,False,False,4.691804463935478,4.535367749262979
44.430557,101,2057.412452,True,False,False,5.902821765995591,5.67254100827238
34.019885,25,2057.584221,True,False,False,2.958064709840071,3.0315080044660383
36.715221,41,2057.820454,True,False,False,3.7283944136676515,3.7489615590490013
35.361653,39,2058.080611,True,False,False,3.859169050679379,3.4570259417232143
45.294792,46,2058.384188,True,False,False,5.554782905379818,5.323837818027446
43.293938,63,2058.836012,True,False,False,6.32794046474145,5.099429328026599
45.835032,56,2059.220829,True,False,False,7.6268917477092995,5.693608649849658
39.919736,46,2059.509983,True,False,False,4.8401993968277175,4.360442247583038
43.281268,77,2061.711801,True,False,False,7.362539405319916,5.367614728118856
35.490827,31,2061.918514,True,False,False,3.245608746294156,3.3995424448762765
30.223262,28,2062.108749,True,False,False,2.5108531697798884,2.4653917847584634
42.738987,62,2062.545565,True,False,False,6.320822260107941,5.272512574571445
30.339203,49,2062.873892,True,False,False,3.802995320123573,2.591026951185054
36.517938,34,2063.054686,True,False,False,3.626802633857703,3.623593704203357
44.783314,79,2063.532362,True,False,False,6.82546966205461,5.573182242476305
40.314817,103,2064.08796,True,False,False,8.080286236011839,5.236970335469873
43.657163,65,2064.43636,True,False,False,5.195180768766169,5.117793799608198
35.56734,42,2066.227182,True,False,False,3.4320647248083755,3.4702067089399846
27.525755,37,2066.485178,True,False,False,1.9273340104990435,1.995912109351493
39.333632,42,2066.772755,True,False,False,4.190620704565539,4.209786660625748
37.924825,43,2067.01613,True,False,False,4.668682124552967,4.069762481935583
29.419093,23,2067.13729,True,False,False,2.075944942076374,2.1909979948541562
37.287763,67,2067.478204,True,False,False,4.642046934260922,4.051738405486692
30.022457,30,2067.639666,True,False,False,2.6786861017387014,2.427799692994077
39.267646,44,2067.882459,True,False,False,4.2572290045623795,4.261623582756994
-14.143961,28,2068.038403,False,True,False,1.9873111089198674,2.7750378888080607
37.248412,42,2068.286621,True,False,False,4.353817377072269,3.792995318241396
36.019702,28,2068.436486,True,False,False,3.5074023626632114,3.5141136057227507
43.621536,80,2068.927884,True,False,False,7.535283346710025,5.7410295986114415
43.223179,56,2070.906589,True,False,False,5.080816971477586,4.993805412064354
35.245434,27,2071.09934,True,False,False,3.4326853430257063,3.3696688026616686
39.152173,44,2071.397927,True,False,False,5.186167768227707,4.306644413517402
51.990867,67,2071.859495,True,False,False,9.12202143760874,6.928307803825342
31.614541,19,2071.993986,True,False,False,2.5214425813078893,2.536993538193249
28.509078,25,2072.144601,True,False,False,2.431879525812959,2.086272898956256
48.162988,71,2072.569829,True,False,False,6.10247264695317,5.903695850019629
40.434527,34,2072.754944,True,False,False,4.598344712991126,4.352319838936509
33.89456,37,2072.974229,True,False,False,2.9734595250232054,3.22103436112243
40.005497,50,2073.266867,True,False,False,4.938852277261695,4.4755652370237256
32.045214,34,2073.480217,True,False,False,3.4036400624712804,2.8761633640173265
39.035949,37,2073.739961,True,False,False,4.4132560957212315,4.231557356992128
28.609442,23,2073.897463,True,False,False,1.9477124383406619,2.0697528652409907
32.930948,29,2075.695327,True,False,False,2.861749982586151,2.881632538808813
35.857357,53,2076.063567,True,False,False,4.563866862045873,3.758310987958648
30.078399,21,2076.186523,True,False,False,2.399185869019794,2.531754478266076
33.33804,56,2076.503952,True,False,False,3.5228205161399293,3.2743430940946134
32.021579,29,2076.691625,True,False,False,2.9679147885140162,2.7697958218913414
37.701097,32,2076.893455,True,False,False,4.081515189934451,3.862362121161178
35.8135,34,2077.083683,True,False,False,4.152590633818878,3.515050972333278
46.23353,62,2078.591536,True,False,False,6.097306420999124,5.712246136469379
37.332795,63,2078.990978,True,False,False,5.476610065969652,4.087540331353929
31.607942,37,2079.209477,True,False,False,2.966615545677939,2.8982468006810973
36.025351,57,2079.511977,True,False,False,4.008936030514787,3.6882357457618453
39.16966,61,2081.890564,True,False,False,5.766266337700171,4.465936684831922
30.960596,36,2082.164701,True,False,False,2.795559649469578,2.5853570439459643
45.616356,49,2082.542612,True,False,False,6.308633823630811,5.568020199012249
32.623885,60,2082.959259,True,False,False,3.3577733096438322,3.2436811211184473
28.455243,19,2083.06283,True,False,False,2.0009441532250136,1.9962015734693426
29.86881,19,2083.168198,True,False,False,2.233853653026402,2.3109637470652484
26.340018,21,2083.27928,True,False,False,2.4953179500864615,1.658805010690926
43.866665,73,2083.67179,True,False,False,6.020655821769233,5.407102270490338
44.940313,70,2084.071263,True,False,False,6.43496246970589,5.6049612958455635
33.277058,28,2084.25338,True,False,False,3.093125067937682,3.0062930358196063
43.221126,63,2084.636863,True,False,False,5.634237562133681,5.188747748832874
29.977602,24,2084.775596,True,False,False,2.3669558259507975,2.3369808495267477
28.879291,22,2084.890915,True,False,False,2.337499376686185,2.0489280520173896
27.110909,22,2086.478282,True,False,False,2.752928078663378,1.8306429317671753
47.992993,64,2086.91667,True,False,False,7.075797161201544,6.110133232197255
44.49062,42,2087.200228,True,False,False,5.007728016457424,5.089038024924312
36.963754,27,2087.389307,True,False,False,3.779566122289865,3.5899561954554255
31.59859,21,2087.53855,True,False,False,2.4182123811490785,2.5727614510660026
37.315162,49,2087.873699,True,False,False,4.537955037281005,4.023362419170439
42.012696,61,2088.288679,True,False,False,5.679605776943332,5.1092691665125916
45.343126,44,2088.58767,True,False,False,5.473536398909257,5.399338241191689
26.443116,33,2088.822752,True,False,False,2.951704561099201,1.8075038289283711
37.206235,55,2089.194964,True,False,False,4.8092947349362545,4.078411400127284
31.248154,33,2089.412269,True,False,False,2.8455559771819314,2.712128498293994
-18.207561,7,2089.451386,False,True,False,0.5615122261701044,3.989013296171539
37.634522,46,2089.735404,True,False,False,4.453505126028941,3.890159229981647
52.346508,73,2092.00338,True,False,False,7.73089138082027,6.930024526674969
27.662065,20,2092.142863,True,False,False,1.6988959740047105,1.8528503128355156
33.560915,37,2092.399988,True,False,False,3.609970187478973,3.141154800448264
32.973494,45,2092.709558,True,False,False,3.5346442108137186,3.2347168658675187
34.638621,52,2093.059163,True,False,False,4.053013831358514,3.723171277506158
3.841039,35,2093.307719,False,True,False,5.269354830770075,6.862307919620129
30.540388,23,2093.469232,True,False,False,2.307072819630073,2.300244401495785
32.912399,30,2093.672271,True,False,False,3.2650325938815827,3.036229778146316
31.64925,21,2093.814514,True,False,False,2.7382858905395113,2.668615385497535
36.361847,36,2094.057698,True,False,False,3.5716106675113717,3.667337669613505
48.852746,71,2094.499218,True,False,False,6.258004859584466,6.255376071582347
25.80634,19,2094.628954,True,False,False,1.5245311615693342,1.515207110317063
40.721745,59,2095.02721,True,False,False,5.803825580762236,4.659210744900472
31.935859,28,2096.907307,True,False,False,2.7768812858584413,2.7913772051659764
35.085283,32,2097.11738,True,False,False,3.5051492306136987,3.3566144672298712
31.909168,38,2097.334245,True,False,False,3.083037705732104,2.820943291239658
41.033842,45,2097.58853,True,False,False,5.7933725774933444,4.563307661544735
38.663282,40,2097.828113,True,False,False,4.5003924189747195,4.115656867355218
31.598622,30,2098.038942,True,False,False,2.8331501683768727,2.7402567658053596
44.992436,73,2098.511385,True,False,False,6.671057041024598,5.55568488353819
43.061459,46,2098.855178,True,False,False,4.833073804066048,4.931272740590136
38.741621,67,2099.243646,True,False,False,7.327332107574978,4.525577944328521
35.076258,29,2099.412618,True,False,False,3.5297384546384767,3.249519607476206
29.465996,28,2099.559175,True,False,False,2.4499178828461896,2.335897910336653
29.807069,31,2099.720492,True,False,False,2.475346573491424,2.3816757442868064
50.281394,45,2101.496498,True,False,False,6.321413094599997,6.276329141278478
33.030347,66,2101.907447,True,False,False,4.190139302711305,3.6097109336650095
51.29031,80,2102.472378,True,False,False,7.437813244200149,6.765008990519044
35.074153,30,2102.687138,True,False,False,3.618037502356889,3.3745380496276565
34.84501,50,2104.163612,True,False,False,4.074667771613426,3.5606092349808205
39.159722,86,2104.685365,True,False,False,5.582496370215867,4.856273141735187
33.16829,22,2104.82034,True,False,False,3.016658969622292,2.9526086395523423
38.174395,45,2105.106349,True,False,False,4.789404272096993,4.1009278545948025
-13.972096,11,2105.185002,False,True,False,1.311712097612517,5.7735177783279745
31.030312,40,2105.466216,True,False,False,4.080319632307466,2.715376252577856
28.247719,23,2105.628185,True,False,False,1.9473307315958206,1.9692604135005354
32.524398,58,2107.498174,True,False,False,3.999534919303494,3.116190115664833
29.011389,21,2107.64756,True,False,False,2.4175689966547775,2.105495581251507
30.145813,43,2107.914967,True,False,False,2.660759968511407,2.7158299864179796
31.833474,45,2108.173662,True,False,False,3.1411594359390222,2.9154535354883877
27.143572,24,2108.334498,True,False,False,1.6510695859166467,1.8067063311125255
44.13353,53,2108.726025,True,False,False,5.573679153345432,5.317638924370468
-11.318862,20,2108.864196,False,True,False,2.144557545923695,5.2062452884694315
45.360328,72,2109.306283,True,False,False,7.88528752806981,5.621037085765275
35.177771,30,2109.513,True,False,False,3.335563315139233,3.4777334918607825
38.624309,52,2109.85854,True,False,False,4.912251398278408,4.238555192605268
39.24014,60,2110.279052,True,False,False,4.915194538226449,4.537367006829715
41.703529,45,2110.567194,True,False,False,4.946468708453507,4.770313638282883
45.717063,73,2112.553766,True,False,False,6.262833522641289,5.8050919875732605
40.212861,42,2112.823186,True,False,False,5.926347576279102,4.491524847457365
42.44622,97,2113.487217,True,False,False,6.854422843896771,5.298866947926029
26.930242,24,2113.648925,True,False,False,1.8275669177374063,1.7595049756756806
26.882019,20,2113.77555,True,False,False,1.8717089039421333,1.7756526384041285
36.831532,34,2113.985508,True,False,False,3.791092113360982,3.6591257490952613
38.130713,46,2114.250032,True,False,False,4.160803756026687,3.9239896125320004
46.947727,78,2114.706528,True,False,False,7.058231061860619,6.120184975331698
35.507956,30,2114.871559,True,False,False,3.4301617045912773,3.4668107977238916
27.95232,37,2115.113299,True,False,False,2.4401538177119004,2.0415552295975465
46.280153,47,2115.422605,True,False,False,5.702107957408562,5.574133947800799
34.759624,27,2115.611374,True,False,False,3.3043906485050862,3.2352093402003907
42.291146,61,2117.676759,True,False,False,6.558826576559629,5.063678472707645
30.183807,45,2117.950534,True,False,False,3.8672052738044336,2.714427577226713
38.541049,56,2118.312315,True,False,False,4.7744917430995475,4.190952805523375
29.30527,35,2118.561401,True,False,False,2.4577721373760544,2.328065301028351
29.618194,37,2118.831834,True,False,False,3.4218811053217517,2.3919666728157414
-4.265512,60,2119.175686,False,True,False,4.010078164123499,4.988879675069561
45.031216,65,2119.599627,True,False,False,6.6479120563963,5.625455638516555
29.799141,75,2120.118421,True,False,False,4.485549267382971,3.052048587436033
31.114928,28,2120.315257,True,False,False,2.6741520901549243,2.602379492556928
26.94502,31,2120.495456,True,False,False,2.1010002573752504,2.276500084887157
32.645833,24,2122.213496,True,False,False,2.8090073719236153,2.826018269176893
-18.02146,10,2122.283344,False,True,False,0.675771145213736,4.530750621635854
56.048061,107,2122.921288,True,False,False,8.709340757731173,8.069170499044336
45.417437,58,2123.295892,True,False,False,5.424224196110749,5.367776902196271
35.641728,25,2123.470623,True,False,False,3.590822720826222,3.3630072052699433
29.937955,28,2123.651266,True,False,False,3.404804167571855,2.3497989009614506
30.268082,42,2123.924716,True,False,False,2.4115347826688005,2.565023773809272
41.517145,48,2124.210467,True,False,False,4.944750228223146,4.598318438234557
45.874114,48,2124.458446,True,False,False,7.104067229484424,5.602930546136926
54.012733,81,2124.970291,True,False,False,8.416784310669165,7.354655749423624
44.244609,62,2125.366096,True,False,False,6.488701860712774,5.211923825245556
30.860034,22,2127.164171,True,False,False,2.715314517263547,2.558346769099524
39.730475,47,2127.484887,True,False,False,4.4574428878664,4.30531498881445
37.489459,33,2127.696211,True,False,False,3.897272425554228,3.8275152664839216
-9.833246,29,2127.888561,False,True,False,2.7507982628493415,3.7040533228856543
31.785946,45,2129.224087,True,False,False,4.066922123612395,3.084267480322326
31.304399,33,2129.408248,True,False,False,2.8387685305974673,2.6063460136269856
27.085165,51,2129.765897,True,False,False,3.5926773800318488,2.341530829156429
39.191128,54,2130.137981,True,False,False,4.719335320886453,4.22313313130779
34.910432,55,2130.498406,True,False,False,3.808917283807411,3.60621745426302
32.908343,42,2130.795563,True,False,False,3.4315556226882697,3.056348472290413
28.006646,19,2130.924504,True,False,False,1.777214315342734,1.8864344430589646
29.674284,27,2131.083173,True,False,False,2.3756469578660178,2.3499069199697833
-13.024195,26,2131.277266,False,True,False,2.176181729490615,6.287091072347558
37.074972,51,2133.017299,True,False,False,4.376261797113978,3.890479892981139
39.435617,39,2133.227993,True,False,False,4.272844484289536,4.209206473940474
50.497937,75,2133.706965,True,False,False,7.320645322411533,6.627573294499626
42.244205,41,2134.001493,True,False,False,4.82660445598472,4.722512738592389
28.288032,15,2134.108732,True,False,False,1.7260949647474293,1.8831019905899429
35.465954,26,2134.278191,True,False,False,3.334224370170758,3.4088347615771806
47.155225,75,2134.822747,True,False,False,6.59730123484298,5.88252155055108
35.316899,39,2135.115432,True,False,False,3.7029490513103585,3.5224079101748917
28.546822,52,2135.452403,True,False,False,6.3000730185372396,2.4609827025080264
-12.656919,28,2135.639074,False,True,False,1.8959718945008228,4.482147117943274
35.348578,30,2135.838882,True,False,False,3.44757335308166,3.427564328687169
42.937282,45,2136.137506,True,False,False,5.76683070590508,4.9025110652611215
35.865167,34,2138.066689,True,False,False,3.323754924781532,3.435996814217892
46.10985,66,2138.524838,True,False,False,6.847326851982173,5.73146769927961
37.319866,49,2138.858427,True,False,False,3.952481554846806,3.771002499473023
29.105665,29,2139.026011,True,False,False,2.2649060153598333,2.2626141622276084
43.526112,45,2139.303418,True,False,False,5.803432590644107,5.095416197163248
40.550836,30,2139.491675,True,False,False,4.579248924815631,4.355364378977718
41.05357,49,2139.804704,True,False,False,4.49642162043738,4.5784120039655445
26.518519,18,2139.897277,True,False,False,2.0316295666457003,1.695402629586682
36.748938,56,2140.194257,True,False,False,4.974416577724849,3.8792844276458895
33.556994,34,2140.377569,True,False,False,3.44798762949637,3.1412189617650217
30.883079,23,2140.50819,True,False,False,2.382613946966683,2.4834794725271223
41.059591,42,2140.754888,True,False,False,5.027307425164059,4.677377323588817
30.563599,28,2140.914139,True,False,False,3.2174594836571773,2.4531022387688783
35.602403,49,2142.88496,True,False,False,4.077147987640071,3.6801578310910648
40.979751,57,2143.211419,True,False,False,5.67327623575136,4.684858380218236
30.758005,22,2143.356273,True,False,False,2.282302271726433,2.4736251871747985
37.392545,33,2143.589303,True,False,False,4.660823978349374,3.8714001895001915
47.065917,73,2144.102808,True,False,False,6.6647862577930335,5.958061035936254
33.544853,24,2144.270973,True,False,False,3.062095684476398,3.168199628263712
42.05132,58,2144.667294,True,False,False,5.2072036980383185,4.8775793711536615
48.802156,83,2145.234665,True,False,False,6.768720109551516,6.269944160779268
29.268977,34,2145.462502,True,False,False,2.456131946682181,2.381928409472348
45.031975,45,2145.770306,True,False,False,5.495694367897781,5.349168570205253
36.380009,55,2146.132821,True,False,False,4.055818874574492,3.7865303276612745
39.430782,43,2147.996553,True,False,False,4.717437107559083,4.230210777295927
46.029325,67,2148.357729,True,False,False,7.541393250894087,5.92297829685443
32.846311,57,2148.763549,True,False,False,3.7581214853864426,3.1635254930110346
30.068596,34,2148.999012,True,False,False,3.750013895756148,2.4420707461154096
39.482792,55,2149.351915,True,False,False,4.7632759088950145,4.494595489939355
48.763765,111,2149.968926,True,False,False,8.294237581566778,6.684060904336814
41.239067,47,2150.231318,True,False,False,5.397102883727176,4.7590739915341285
47.976679,57,2150.57161,True,False,False,5.867888513522411,5.99262412968447
38.170459,64,2152.466686,True,False,False,4.722866387753319,4.2227736173330195
43.579209,60,2152.851616,True,False,False,6.078230537767907,5.242858991451902
39.388922,42,2154.399138,True,False,False,4.367830499819912,4.211482849434361
47.866246,67,2154.789816,True,False,False,5.973772917913929,5.984296880516858
34.438855,52,2155.136607,True,False,False,4.226060057959063,3.4215252773767304
39.36352,67,2155.593968,True,False,False,4.4297609730094445,4.3854726570598785
50.85274,72,2156.100895,True,False,False,9.901250719571381,6.762800831760484
33.27757,24,2156.268954,True,False,False,2.890353452952448,2.933950552318985
-13.663882,16,2156.369264,False,True,False,1.5097217446918958,4.447761066202809
27.96623,20,2156.48144,True,False,False,1.9558027164442455,1.9641749401215483
48.693174,66,2156.911394,True,False,False,6.120670076390127,5.973741348727472
48.662047,111,2159.083678,True,False,False,7.923810438830841,6.583629662188036
47.307968,67,2159.494643,True,False,False,7.150206767425204,5.903155100030612
34.53937,58,2159.870799,True,False,False,4.101940939267799,3.5285557182705967
44.674522,80,2160.351661,True,False,False,6.1229721993634065,5.601902555634198
-14.648688,18,2160.451427,False,True,False,1.3607028804897412,2.797871789192062
39.036386,49,2160.760861,True,False,False,4.714187646766163,4.327840677831555
31.283139,30,2160.950673,True,False,False,2.5914477404908025,2.6643303525205755
37.110619,55,2161.309029,True,False,False,3.8850917699087466,3.91969353970348
26.254106,12,2161.392958,True,False,False,1.6468288487593055,1.5379599212485437
38.059827,54,2163.203563,True,False,False,4.217432981677392,4.201680433699182
43.092763,58,2163.550345,True,False,False,4.808363910337687,4.931148077611796
47.628041,74,2164.014507,True,False,False,6.942537680021396,6.466933473890095
36.26393,42,2164.287456,True,False,False,3.8366446483663115,3.8115573488019256
27.156249,18,2164.408364,True,False,False,1.8240108042744039,1.7754237536046775
27.026141,16,2164.495373,True,False,False,1.551184744484055,1.760327113768178
38.814617,53,2164.854654,True,False,False,5.933665622174601,4.183812273171265
42.810081,49,2165.184444,True,False,False,4.957903888401413,4.848844085057625
49.839037,72,2165.663762,True,False,False,7.098793256456906,6.244871806272168
48.158136,75,2166.106281,True,False,False,7.862116517299663,6.295555348002106
26.542933,16,2166.202922,True,False,False,1.4397578858689817,1.6027209567134286
39.291599,35,2168.042868,True,False,False,4.097543196313986,4.209684881214103
41.855895,40,2168.261712,True,False,False,5.514505570222087,4.659456161040603
39.398748,49,2168.575105,True,False,False,6.307473495677918,4.387290605281719
43.101818,64,2169.000298,True,False,False,6.944992749273969,5.473255145049348
33.820971,42,2169.252691,True,False,False,3.2761862658276946,3.115310988199866
45.954747,53,2169.570738,True,False,False,6.3470339088219845,5.654885286200721
34.002141,25,2169.713469,True,False,False,3.1206621782020347,3.028705107298242
33.309309,34,2169.906542,True,False,False,3.178599248814236,3.0019215510776593
34.186635,34,2170.139249,True,False,False,3.19901653302637,3.1110378890754604
42.043921,70,2170.566183,True,False,False,4.947086869492896,4.919272579419102
27.00797,13,2170.660273,True,False,False,1.4872632057057826,1.6565636940699775
40.690684,49,2171.012188,True,False,False,5.113501365489455,4.620754810705971
38.667631,50,2172.951345,True,False,False,3.9779715066167696,4.075082638823769
26.381456,19,2173.071599,True,False,False,1.4650107396194056,1.620526356871595
37.96982,47,2173.354512,True,False,False,5.326676630888706,4.073566358031271
40.336437,44,2173.645441,True,False,False,6.545438052936239,4.471043844367639
39.387576,70,2174.052187,True,False,False,5.514927719268308,4.615504415089457
41.97592,60,2174.474933,True,False,False,6.389802937709499,4.802127953977081
35.548383,44,2174.739836,True,False,False,4.192862298794531,3.5362422403998663
54.519436,83,2175.290468,True,False,False,7.707867597720848,7.3540249803030955
33.232168,62,2175.716906,True,False,False,4.0811025677443515,3.527931011824216
53.299037,70,2176.14473,True,False,False,7.721289733771315,7.184379840494864
40.769597,27,2177.790124,True,False,False,4.241793582508389,4.389193554436194
28.496092,24,2178.861933,True,False,False,2.0489912544048408,2.0671015304760485
25.986735,28,2179.02786,True,False,False,1.9765794850328993,1.6531289502880326
-12.499207,22,2179.154261,False,True,False,1.898626710777223,2.479441103752212
42.210551,61,2179.511933,True,False,False,6.251092505802609,4.947286105928281
31.431049,32,2179.713624,True,False,False,2.700664090868131,2.6520290063928575
34.250596,57,2180.06886,True,False,False,4.22711792116538,3.386061175062019
26.726542,16,2180.15671,True,False,False,1.5106442846964574,1.6764120506310216
44.47967,58,2180.553216,True,False,False,6.4860795064841925,5.558408289691155
33.081491,36,2180.800079,True,False,False,3.0937870002728305,3.0331334233226346
34.081038,31,2181.018639,True,False,False,3.181818925560026,3.1062610022711756
27.274074,41,2181.274824,True,False,False,3.569240771037939,2.1158360271319365
29.895353,25,2181.425811,True,False,False,2.2569015351779274,2.320062399757989
40.40466,66,2183.444319,True,False,False,5.221814235723325,4.828187806918554
36.423451,40,2183.733326,True,False,False,4.696061516163037,3.7397864814763415
27.902709,14,2183.833236,True,False,False,2.068398972745174,1.77413345988286
48.107483,42,2184.106265,True,False,False,6.140688984461554,6.059670771192529
41.809245,31,2184.278402,True,False,False,4.862827120598436,4.555190787910116
45.323037,66,2184.656769,True,False,False,6.707716274364726,5.513378052298857
0.846568,66,2185.020252,False,True,False,5.707552244932586,5.921216777507897
45.743519,47,2185.288569,True,False,False,6.009563062880278,5.574727607017457
35.019199,36,2185.512281,True,False,False,4.448761493394765,3.4738400026087968
44.34848,37,2185.748212,True,False,False,5.3409856294065206,5.217840404927925
36.431088,45,2186.048347,True,False,False,4.591851801417732,3.850934786577536
41.615421,60,2186.449508,True,False,False,4.926301749553421,4.834533857014682
27.426319,18,2188.06224,True,False,False,1.8542446780981634,1.8558924476389775
45.94045,53,2188.41702,True,False,False,6.198410712048164,5.576162555563677
31.792362,32,2188.614852,True,False,False,2.697736210747601,2.687886878727688
34.45936,36,2188.878543,True,False,False,3.768360797681942,3.2396314778132647
49.648415,81,2189.41332,True,False,False,7.024788082622281,6.448853812597301
26.053397,32,2189.607774,True,False,False,2.779774629836677,1.7321761813381815
28.967569,41,2189.865967,True,False,False,2.5992854316368414,2.2959370247439477
34.86548,27,2190.024277,True,False,False,3.2552261530077033,3.328361864655194
32.92081,49,2190.320159,True,False,False,3.464905020132383,3.047705029885828
38.607726,44,2190.557439,True,False,False,5.205738544457856,4.124275507750453
34.598713,37,2190.80162,True,False,False,4.136816795828374,3.352230767055467
38.650709,53,2191.174198,True,False,False,6.0187365214391635,4.423788904901165
42.386184,66,2193.230705,True,False,False,5.324380353085681,5.008909467638154
-7.115688,22,2193.384104,False,True,False,3.0644114625406695,3.1250849371587464
30.670246,31,2193.595873,True,False,False,2.4947388912778883,2.50095932129677
26.656165,20,2193.73369,True,False,False,1.8209108070364433,1.7117418491079277
-3.709485,60,2194.136114,False,True,False,4.524432571711046,5.084791688484543
40.731681,59,2194.541315,True,False,False,5.079186523885721,4.650217011657203
33.220966,38,2194.795511,True,False,False,3.079413359174975,3.0620808835959274
51.3983,69,2195.242512,True,False,False,6.469374509494264,6.506043187523745
31.861751,39,2195.45563,True,False,False,2.6787347770758805,2.831805706715336
31.661479,47,2195.759609,True,False,False,4.743866635392631,2.8578468473674556
30.330237,37,2196.011169,True,False,False,4.79540708769289,2.5723041231318673
26.008784,28,2196.175492,True,False,False,1.5161418610550075,1.5955663138602714
33.070514,25,2197.958395,True,False,False,2.986217473292922,2.9696021093534957
33.681281,49,2198.28775,True,False,False,4.301544211282179,3.5019259625456183
37.695481,34,2198.482658,True,False,False,4.2582022267295105,3.917295122709719
41.256869,43,2198.748926,True,False,False,5.584206186801987,4.671010189936662
-18.501207,24,2198.91561,False,True,False,1.2387526400084832,3.980704161943273
40.870314,43,2199.179,True,False,False,4.474377238832684,4.4942134521614685
35.692344,39,2199.425313,True,False,False,3.7905993362979684,3.4980247043902843
30.06436,26,2199.579972,True,False,False,2.308262037367785,2.467564581603315
29.831561,25,2199.722073,True,False,False,2.959775864001898,2.3582849754282127
40.976837,66,2200.122441,True,False,False,6.061023669865635,4.730448417395762
30.072837,33,2200.304127,True,False,False,3.0241953471668936,2.52326658123752
38.565193,36,2200.519592,True,False,False,4.1561247649721755,3.987325862188648
37.908025,32,2200.704058,True,False,False,4.045638980625215,3.8656120275911228
32.784776,46,2200.97028,True,False,False,2.9934986568217057,3.0662776280986983
36.316422,49,2203.966222,True,False,False,4.2657017840825295,3.7878077804770007
-6.088386,50,2204.316099,False,True,False,4.903311733398669,4.810501547011785
27.839181,14,2204.416621,True,False,False,1.9309734022918246,1.8172636827162014
38.784201,31,2204.636119,True,False,False,4.027662796585792,4.0354010382759435
27.335653,20,2204.784176,True,False,False,1.6745456174985374,1.804606264964088
-18.778927,5,2204.820996,False,True,False,0.3999538821716271,1.8163025327687692
40.528656,64,2205.276622,True,False,False,6.527541874491085,4.666878581286404
-13.288947,17,2205.396842,False,True,False,1.5925178792688954,3.3416227346280736
35.766733,49,2205.731884,True,False,False,4.769100186655163,3.685065623018831
32.034286,32,2205.956358,True,False,False,3.205028431895224,2.894639236847785
-18.943747,14,2206.05149,False,True,False,1.0366315414080878,2.136169385464423
26.194377,24,2206.226713,True,False,False,2.6107260512634958,1.7811890109961017
27.022272,26,2206.395477,True,False,False,1.779074403032083,1.797175459459288
27.03725,22,2206.516654,True,False,False,1.6994693269379062,1.779142134049568
49.079188,47,2206.810669,True,False,False,6.200653074381944,6.051819844804705
43.024259,60,2207.183859,True,False,False,5.979510349915334,4.968323596673881
27.100493,28,2208.848303,True,False,False,1.9643869918612975,1.8217668588713691
37.472895,45,2209.084776,True,False,False,3.833394148977363,3.847841843087002
33.089256,48,2209.33494,True,False,False,3.5232297839234823,3.1299600592366703
33.711693,31,2209.523263,True,False,False,3.448281588234531,3.379627475622168
31.880155,40,2209.751387,True,False,False,3.0228220778377106,3.0209504741674125
39.658637,72,2210.142283,True,False,False,5.140810110791065,4.806137807038483
42.347519,75,2210.54026,True,False,False,5.180701578150474,5.283953574917672
27.33198,22,2210.667429,True,False,False,1.9868110103429784,1.8217912455998413
38.54192,37,2210.882455,True,False,False,4.80144672965457,3.9950910270639377
31.481165,24,2211.022549,True,False,False,2.5034805944882708,2.5983124249273386
37.307579,70,2211.421204,True,False,False,7.499263605943796,4.516554181177369
37.059395,41,2213.390386,True,False,False,4.095560435440178,3.8247401799214713
27.802712,42,2213.67778,True,False,False,3.010811007024675,2.1527301392405778
29.114038,15,2213.781443,True,False,False,1.9332678982355918,2.142249548577849
31.532026,35,2214.024083,True,False,False,3.1029669653669467,2.776222513574805
26.583593,21,2214.145258,True,False,False,2.4040852910542414,1.6439438375481854
44.221118,57,2214.457696,True,False,False,5.432821955291394,5.258355887555347
34.617552,66,2214.885605,True,False,False,4.397547593801443,3.9255710808642883
32.770406,44,2215.16685,True,False,False,3.1890569452789324,3.0157723182874308
49.807996,69,2215.584222,True,False,False,7.456898035785878,6.504492340112617
30.102152,38,2215.787268,True,False,False,3.0712848847303573,2.4179278371529582
40.292806,38,2216.041382,True,False,False,4.478368460242684,4.350891198630448
30.347127,27,2216.231638,True,False,False,2.1447097189056845,2.3577582799860806
48.951212,68,2218.255535,True,False,False,6.712828204702865,6.0312429915915695
42.232763,61,2218.632395,True,False,False,5.443031781319943,5.145224121837466
-7.982167,24,2218.783133,False,True,False,2.6621826280196887,4.019170703426528
28.115806,27,2218.952833,True,False,False,2.281098668468657,1.9861794583316124
32.938203,39,2219.175435,True,False,False,3.2212096802554884,3.0872572335835606
43.682624,45,2219.425336,True,False,False,5.237681516340897,5.082157342306977
43.9043,63,2219.769534,True,False,False,5.966434721721225,5.49520043471254
39.998441,63,2220.173716,True,False,False,6.374358822048214,4.692715721117996
46.959212,60,2220.541189,True,False,False,6.650011505477117,5.862909831984809
29.537254,23,2220.679155,True,False,False,2.083582405249648,2.1796422882707986
31.228423,22,2220.807467,True,False,False,2.3224669984429656,2.5066700231716634
48.008454,60,2222.975781,True,False,False,6.08498546984245,6.039084606240449
32.08076,61,2223.394104,True,False,False,3.6019486263808833,3.1539245337689215
25.782879,36,2223.646915,True,False,False,2.791220174793582,1.7318001778017347
26.395387,29,2223.84772,True,False,False,1.6414063967050598,1.6900368080779673
33.703397,26,2224.011719,True,False,False,3.027335485564157,3.055058754132647
41.831441,88,2224.537369,True,False,False,9.140933196754492,5.2948529607874795
34.021604,42,2224.772871,True,False,False,3.6803971621682647,3.3145808459576185
27.21702,39,2225.000991,True,False,False,2.6682918256593244,2.0858490208446554
39.695721,54,2225.354041,True,False,False,4.693364456810158,4.486427305100553
36.241272,58,2225.753925,True,False,False,4.987733662408791,4.112372547434418
46.225763,70,2227.241943,True,False,False,7.098245583229946,5.740455814209706
37.182523,32,2228.982373,True,False,False,4.157757558673578,3.8015289861007835
50.164304,76,2229.410551,True,False,False,6.788380131126959,6.550351781901152
48.063352,69,2229.834987,True,False,False,7.108259628880158,6.254295708305546
45.718556,55,2230.14961,True,False,False,6.063475805633777,5.531510781937499
26.89934,11,2230.227095,True,False,False,1.4585209510556394,1.6653595958917644
33.022023,44,2230.522105,True,False,False,3.549756324104561,3.0135256730127855
33.770826,31,2230.704499,True,False,False,3.1125348653822917,3.1342488714998678
43.153145,88,2231.232944,True,False,False,5.846831354511856,5.312615817494232
34.779502,40,2231.462341,True,False,False,3.688288874293232,3.5158915683564063
26.898667,15,2231.540473,True,False,False,1.4859701491857529,1.705124887461096
30.803899,47,2231.801226,True,False,False,3.6665025709020065,3.0992362609959927
34.617514,33,2233.525262,True,False,False,3.7334804948398412,3.5025751653310735
33.869184,40,2233.793449,True,False,False,4.057771438653705,3.231541133738804
34.321656,31,2233.975206,True,False,False,3.357367850131527,3.306916050317236
33.248001,37,2234.2058,True,False,False,3.1684906704890934,3.0093238438234233
32.034922,32,2234.384727,True,False,False,2.685403861024814,2.7853602790987493
52.176774,84,2234.909813,True,False,False,7.6643849888350335,6.9194027112796075
-18.437762,35,2235.121888,False,True,False,1.1954393388098565,2.852049115005504
34.697586,51,2235.484334,True,False,False,4.814074493165878,3.5305656707863715
33.563382,66,2235.944558,True,False,False,6.983405077004702,3.6417278151054693
33.549751,54,2236.31138,True,False,False,4.505882097652696,3.224765081737297
28.035487,20,2236.426352,True,False,False,1.687612459375364,1.8923508782527294
45.512651,55,2238.453292,True,False,False,6.800201146916285,5.613905052276706
32.200092,24,2238.599925,True,False,False,2.7145285067283424,2.7391347059400255
26.770963,29,2238.781916,True,False,False,3.546674655607666,1.8580792454673651
40.849073,46,2239.066655,True,False,False,5.577818941284257,4.6270485825794925
34.551826,35,2239.274595,True,False,False,3.197589072032532,3.3145521688201285
34.569421,44,2239.53662,True,False,False,3.6618157975297203,3.400641096922589
29.717248,33,2239.76804,True,False,False,2.443943504067198,2.387350774532392
26.504762,23,2239.922706,True,False,False,2.3321262686737008,1.8945230715711605
38.126362,87,2240.540487,True,False,False,7.078868747239241,4.575403099956735
34.198591,22,2240.688128,True,False,False,3.2220128892339934,3.04907592454836
46.736625,59,2241.054138,True,False,False,7.070984623220153,5.7690945678734815
39.402365,58,2241.467516,True,False,False,4.614470296360103,4.325196586786954
32.568424,26,2241.643026,True,False,False,2.7158701641117773,2.814620509309981
-4.929805,27,2243.273927,False,True,False,3.478901975715123,5.030425632617819
45.982157,58,2243.606792,True,False,False,5.766120202323782,5.553523031307335
39.727304,46,2243.875677,True,False,False,4.1139116497414,4.204930678902914
-15.465818,17,2243.976954,False,True,False,1.263138586959521,4.685492445298955
35.097183,35,2244.195379,True,False,False,3.3044332029961954,3.3904887910272636
32.196065,37,2244.433445,True,False,False,3.6582741627036595,2.9445640550540806
26.499135,15,2244.532981,True,False,False,1.50792433163941,1.6169306765838232
37.046151,58,2244.889734,True,False,False,5.689251705674352,4.051152031233715
38.325091,36,2245.136737,True,False,False,3.95241618944487,3.952980499724875
39.365588,46,2245.462384,True,False,False,4.6789477865106255,4.326433494127869
28.120343,25,2245.627403,True,False,False,1.8936323751135786,1.993733423010092
50.7557,80,2246.136747,True,False,False,7.269319325092785,6.582909584708824
32.845431,66,2248.166249,True,False,False,5.014677015305188,3.338769901506661
28.326862,31,2248.342796,True,False,False,2.478219524790241,2.013784593392249
27.174779,18,2248.442214,True,False,False,1.8436721796066722,1.7280923595136848
34.336417,26,2248.587554,True,False,False,3.0426151544141558,3.17196015160166
44.31453,53,2248.912222,True,False,False,5.698001664780489,5.391523994362498
45.828576,68,2249.330149,True,False,False,7.180416104079016,5.760016172335852
36.612987,49,2249.644494,True,False,False,3.979034811493741,3.8328870275062075
34.813779,50,2249.97697,True,False,False,4.395753534544645,3.510854363303249
27.100237,32,2250.20448,True,False,False,2.201293522989053,1.8942066967202127
49.983335,104,2252.223218,True,False,False,8.471632304979142,6.919763640706085
28.72315,22,2252.392084,True,False,False,2.6252838989484704,2.1244251335101563
29.853526,23,2252.571927,True,False,False,2.285256598621935,2.302493362388189
33.373821,49,2255.00899,True,False,False,3.4790309450123105,3.291485495630745
47.005863,45,2255.297602,True,False,False,5.685816904645571,5.571305663369977
41.195775,47,2255.625502,True,False,False,5.507359727328834,4.675873260756756
31.403163,33,2255.847316,True,False,False,3.5780708330236797,2.645791022042223
37.761064,53,2256.211532,True,False,False,4.634812920324519,4.093116165568794
33.978292,34,2256.45261,True,False,False,3.2422181623325392,3.232303826873163
33.84215,40,2256.684232,True,False,False,3.0306971344957505,3.167882497625527
32.80132,28,2256.865399,True,False,False,2.835657169926839,2.967846723316149
26.451752,16,2256.979894,True,False,False,1.4214439739717382,1.616782301878322
42.060626,54,2257.363971,True,False,False,4.78257941548839,4.678527019371498
-4.451309,79,2257.90077,False,True,False,5.226443969175871,5.335287039752521
41.098585,29,2258.068088,True,False,False,4.384095838534886,4.439831480216021
38.344178,73,2259.996588,True,False,False,5.736534752125356,4.359628490233941
40.838359,35,2260.224737,True,False,False,4.418553024853152,4.385972982210559
38.462744,46,2260.527575,True,False,False,3.860434879442001,4.00156114746469
38.353546,38,2260.749115,True,False,False,4.087797670160752,4.056601004285527
34.355545,36,2260.987637,True,False,False,4.016657537483753,3.2837586291506664
29.432448,28,2261.19771,True,False,False,2.700419354958071,2.2786503283229527
35.811011,39,2261.476321,True,False,False,3.7074782460528652,3.5531677332740754
32.409247,57,2261.789163,True,False,False,4.66440585442503,3.121101634739303
34.569564,37,2262.006989,True,False,False,3.5948082518729803,3.3222184739227467
38.571654,57,2262.337299,True,False,False,5.9258471030232505,4.416296169552755
43.654794,40,2262.591,True,False,False,5.38775020398128,5.079942659110726
32.944377,43,2264.712366,True,False,False,4.841972714996973,3.103822064946082
47.017753,86,2265.384035,True,False,False,7.1771379447211165,6.168910483851973
38.11969,43,2265.714478,True,False,False,5.774574948539267,4.043158405117128
34.284957,51,2266.105611,True,False,False,4.427924167772061,3.4395336318631333
44.715794,54,2266.500772,True,False,False,5.575103309101148,5.295973728511404
45.404604,57,2266.815566,True,False,False,6.452881265750283,5.401715507423379
-2.721149,36,2267.023728,False,True,False,4.464278390545127,5.4209909571733075
30.283746,38,2267.242515,True,False,False,3.955710458791495,2.543907286596209
34.428747,34,2267.442683,True,False,False,3.276356240470064,3.2552130959600882
31.798335,42,2267.686502,True,False,False,2.75621909901874,2.7644395426804826
36.87503,31,2267.860198,True,False,False,4.267826249574588,3.6284227084538903
38.192161,49,2269.742356,True,False,False,5.782905134205889,4.189380926445993
39.771143,75,2270.179933,True,False,False,5.466079512554344,4.667414513841435
39.6915,48,2270.47884,True,False,False,4.5137666200895845,4.331115811443528
38.290986,40,2270.711896,True,False,False,4.531354527961362,4.051879753396302
-19.665158,21,2270.847513,False,True,False,1.2802842749337686,4.286951325916576
35.904638,50,2271.145647,True,False,False,3.5958512833352327,3.677506977113407
32.641661,38,2271.399956,True,False,False,3.583079613158316,2.935874764803871
34.161216,36,2271.650195,True,False,False,4.014382238247509,3.2215182306266796
43.602917,49,2271.972395,True,False,False,5.383706962629267,5.173963061914204
33.192145,33,2272.166728,True,False,False,3.114556149680198,2.9995994071919836
36.710364,53,2272.517325,True,False,False,4.2549193701512005,3.921344791053747
32.49128,33,2272.701372,True,False,False,3.8325095636739386,2.915306956100617
25.631644,25,2272.839404,True,False,False,1.7922568246211303,1.5619112241798931
38.072408,58,2274.693189,True,False,False,4.2590647361839045,4.11042254862698
27.220441,16,2274.789733,True,False,False,1.5751659822148603,1.751288787359647
27.55175,33,2275.012675,True,False,False,2.3039059191963873,1.9537449538573217
27.283011,18,2275.117122,True,False,False,1.6559853307589794,1.793986157810433
36.405414,41,2275.366843,True,False,False,3.787380909511707,3.7008228569641988
25.901113,17,2275.490426,True,False,False,1.3371500915127732,1.5488302565273793
40.566968,61,2275.873532,True,False,False,5.047063171307499,4.5086919823807925
32.057142,20,2276.017695,True,False,False,2.495794438806433,2.575018249054839
28.914655,16,2276.128721,True,False,False,2.0505273978210283,2.004316785364075
38.21178,76,2277.623159,True,False,False,5.287082712821146,4.404088328033077
42.524781,65,2278.064101,True,False,False,5.306689044728073,5.084661233167018
39.028245,40,2278.353165,True,False,False,4.186035338890136,4.177279151451607
43.573141,58,2280.270375,True,False,False,5.438828210106355,5.108217739262965
34.493616,66,2280.65653,True,False,False,5.029514606174655,3.5427126749191267
37.142409,37,2280.869854,True,False,False,4.318708762990248,3.8895899756637817
39.450797,41,2281.111197,True,False,False,3.970628337958476,4.206955873117067
43.335601,53,2281.438172,True,False,False,5.066441810488854,5.024211619607643
38.988973,39,2281.70035,True,False,False,5.43099324074762,4.180894615491655
35.383866,37,2281.93453,True,False,False,3.838734165841391,3.3916619954687426
28.3615,29,2282.125066,True,False,False,1.9818083208141886,2.118092464472267
33.184182,55,2282.525771,True,False,False,6.091902971814867,3.255374302529041
28.908438,16,2282.618073,True,False,False,2.42491881528097,2.0758771084151237
40.558549,61,2283.06234,True,False,False,4.818727816921118,4.5930979967700685
38.201514,80,2285.220519,True,False,False,4.344031448218512,4.313111532776968
34.260761,24,2285.383954,True,False,False,3.2843158204009635,3.165626550709527
33.513284,31,2285.58694,True,False,False,3.052024297725752,3.1100748512245997
29.280026,15,2285.684503,True,False,False,2.0177554633001122,2.0729675068956412
41.807353,55,2286.02461,True,False,False,7.989596014873422,4.825915755127535
26.437983,22,2286.139979,True,False,False,2.119462056476839,1.8455869091916934
30.232829,28,2286.304396,True,False,False,2.9922011268291344,2.511414108378465
28.335673,25,2286.451107,True,False,False,2.2095657025952837,2.0794866767990903
32.473673,30,2286.621683,True,False,False,2.756400905003188,2.7831497665270084
47.565112,67,2287.038699,True,False,False,6.026034147695281,5.950987814223097
31.183222,35,2287.283716,True,False,False,3.0006587688024218,2.86196272707457
40.280063,55,2287.640331,True,False,False,4.384252102200082,4.432627251028351
41.390932,44,2287.924732,True,False,False,4.85606228174815,4.702367491695358
35.66936,41,2288.209807,True,False,False,4.8331110281400695,3.6868693367461636
32.695345,26,2288.360952,True,False,False,2.7862469917664,2.807537052863826
29.394905,35,2290.191218,True,False,False,3.026126840039332,2.3290187273209964
37.869631,52,2290.539726,True,False,False,4.531395382120433,4.034620399980093
46.452079,87,2291.085339,True,False,False,8.697345106657425,5.930417817088233
30.107101,30,2291.286113,True,False,False,2.4967792415772174,2.4090283724708392
30.646403,22,2291.427514,True,False,False,2.3632559411215808,2.4616674015246356
27.082393,21,2291.568837,True,False,False,1.6589567474340239,1.798843709394605
37.012521,46,2291.837422,True,False,False,4.238524366519735,3.892442229579669
34.115622,27,2292.011199,True,False,False,3.0080939573550007,3.1105862445430614
29.721484,34,2292.251767,True,False,False,2.5063418478023585,2.313543264961738
30.459421,35,2292.494141,True,False,False,2.6436414174662612,2.5923580691207206
33.129775,35,2292.761105,True,False,False,2.7794939575202386,2.9728109672781575
41.162959,33,2293.016483,True,False,False,4.425042320803866,4.533559483583872
36.836031,44,2293.338981,True,False,False,3.624135727020844,3.6891151632345083
28.729877,44,2295.251688,True,False,False,3.4604482081028465,2.313216535137965
28.041054,30,2295.41353,True,False,False,2.004132945741,1.9910546443215948
39.869246,59,2295.737652,True,False,False,5.59810867686517,4.542351980822575
39.462111,48,2296.066618,True,False,False,5.284471916454873,4.312495167090069
42.486553,93,2296.732677,True,False,False,5.620539819437138,5.343700727587368
2.447957,54,2297.082172,False,True,False,5.882607127140622,6.185657366092534
45.351846,51,2297.410214,True,False,False,5.7499095289217905,5.488956835653072
26.630854,31,2297.625117,True,False,False,2.451990284553623,1.7993747223319523
29.320001,21,2297.767177,True,False,False,1.9318995766648004,2.1145731696590926
29.823411,22,2297.922396,True,False,False,2.654081180832136,2.3409295479681616
52.056834,135,2300.411686,True,False,False,7.994856887879501,7.340260097922322
32.742118,35,2300.645349,True,False,False,3.1041139876005475,2.9182671544581558
46.908088,63,2301.086993,True,False,False,6.423052235728274,6.027129723780468
43.779736,61,2301.489242,True,False,False,5.977830136330701,5.366604706735815
44.857643,53,2302.934443,True,False,False,5.782139429602703,5.365612069533088
29.329425,30,2303.146426,True,False,False,1.9869706671331322,2.2032499639393577
32.408309,33,2303.351435,True,False,False,3.3227594088331442,2.9836286586230565
29.274544,24,2303.502841,True,False,False,2.7236893250097647,2.186679315802363
40.979911,50,2303.805656,True,False,False,4.794215984499593,4.569906441829338
38.30511,79,2304.230333,True,False,False,7.158471726690185,4.3696079313790674
32.511525,33,2306.096354,True,False,False,3.739941598981183,2.9455838326199832
32.81883,21,2306.214951,True,False,False,2.99848979592289,2.836031468999671
40.131907,38,2306.460954,True,False,False,4.660706457532221,4.469558558679055
37.170948,32,2306.6722,True,False,False,3.863567694327408,3.799889315578481
41.530688,54,2307.014208,True,False,False,4.9589801853729405,4.69025822908701
43.016735,75,2307.516381,True,False,False,6.949010757557904,5.303105600328119
36.093783,29,2307.717886,True,False,False,3.760975237572956,3.527301220566038
46.250111,79,2308.225066,True,False,False,6.838146374461658,5.9995731384899535
-4.049697,38,2308.498358,False,True,False,3.8855828285712413,5.551342193469544
45.573129,76,2308.962154,True,False,False,6.414808210648326,5.673614979925397
27.55357,27,2309.144314,True,False,False,2.1141215727962117,2.1266838997173596
30.675234,22,2309.301455,True,False,False,2.723159740535923,2.4280891138587557
26.509743,22,2311.125144,True,False,False,1.6329355452413088,1.6853886628643169
37.301152,34,2311.32027,True,False,False,3.742785921965942,3.8244118126001463
46.396572,53,2311.642886,True,False,False,5.73100289176758,5.564590217617457
38.58124,90,2312.173304,True,False,False,6.429305039578377,4.728016948607719
37.195071,38,2312.40217,True,False,False,3.8805425169868304,3.7742048793409513
30.645118,26,2312.564809,True,False,False,2.6511020774184093,2.479333346156326
25.8405,10,2312.61989,True,False,False,1.4253325055729493,1.5403396640408453
35.418582,59,2312.977696,True,False,False,4.521366919841936,3.7928753521212446
35.934726,40,2313.234799,True,False,False,4.717429545688945,3.617924487008685
34.199392,37,2313.4593,True,False,False,3.1009307541973623,3.204514732181627
25.660759,43,2313.753109,True,False,False,2.7780620031882166,1.9835104581670526
35.359729,38,2314.033644,True,False,False,4.247335825671455,3.5883952540217496
25.793355,24,2314.209486,True,False,False,1.5723247036118726,1.5801350150360647
33.823644,26,2316.302385,True,False,False,3.292074780856182,3.083893197715446
29.918996,24,2316.488657,True,False,False,2.0378504144106486,2.2397904940261193
47.216681,59,2316.93253,True,False,False,5.937259581865104,5.77018217491527
38.551198,44,2317.190866,True,False,False,4.091338687405794,4.011827624330729
29.875627,23,2317.317476,True,False,False,2.2302394463647084,2.263975430620915
40.294564,61,2317.66072,True,False,False,6.5955674994034075,4.560841326684264
37.789757,46,2317.915417,True,False,False,3.9620210929070443,3.951288039179476
26.575199,17,2318.012221,True,False,False,1.5157828719066706,1.6441495565799964
28.865497,21,2318.14319,True,False,False,1.9911994769525265,2.0670299069764315
41.053065,43,2318.447351,True,False,False,4.3949127228381295,4.522942699047105
28.694346,31,2318.624955,True,False,False,2.4187528170986408,2.170540354122583
38.482746,49,2318.909262,True,False,False,4.757086097335766,4.173726569421174
46.262199,60,2319.244233,True,False,False,6.934252381402854,5.803545798079102
39.157424,57,2321.36347,True,False,False,4.665513664573676,4.243127335797374
45.051409,63,2321.803964,True,False,False,6.3839564049892505,5.778386521573504
31.291324,44,2322.050564,True,False,False,3.5270086170488097,2.7804693674305088
46.985148,41,2322.2892,True,False,False,5.700382837170012,5.557786268880057
41.914055,58,2322.68327,True,False,False,6.068193297734597,4.86283669325898
42.294238,77,2323.222564,True,False,False,7.2699227272395275,5.071498530361878
35.250805,55,2323.550412,True,False,False,5.071886298409323,3.54856511703582
36.141154,60,2323.902877,True,False,False,4.554174630939623,3.816299246741757
31.254996,49,2324.197978,True,False,False,4.930477253666168,2.896026961122345
-15.946076,26,2324.354482,False,True,False,2.350192104983364,2.1532361356547223
29.828503,28,2325.910344,True,False,False,2.4104968045352853,2.344422700206536
36.952938,38,2326.112489,True,False,False,3.761121944871873,3.7213721025974236
45.196971,75,2326.501729,True,False,False,6.690799786901043,5.7801800533529635
52.883517,83,2327.968682,True,False,False,7.64852381301234,7.031656365939737
31.324462,46,2328.266346,True,False,False,2.9002933780384277,2.8377064056298202
26.23546,15,2328.36586,True,False,False,1.6684687276417096,1.6034892211872642
44.017338,50,2328.730419,True,False,False,7.189161024506715,5.248067188982103
35.257143,49,2329.00073,True,False,False,4.74072430317366,3.613936266252257
28.073673,24,2329.155703,True,False,False,2.1184804808310953,1.9875945995493285
41.290928,69,2329.646293,True,False,False,6.46301509106692,4.93221484483458
42.419882,79,2331.930775,True,False,False,7.331104650348531,5.128114550496963
35.40882,46,2332.228745,True,False,False,3.301024187701406,3.4763518546459866
42.739945,48,2332.522778,True,False,False,6.107244108567541,5.029218220483042
31.795878,33,2332.727854,True,False,False,4.0293622418317305,2.7772801458765852
27.395977,19,2332.859723,True,False,False,1.9698014654494798,1.8560985451072434
38.678944,38,2333.10828,True,False,False,3.964820933265853,3.984459577717966
45.189036,39,2333.388129,True,False,False,5.337887928735776,5.297929681657223
40.649216,75,2333.914083,True,False,False,5.746939904948953,4.854248374429984
33.792015,57,2334.314505,True,False,False,4.724629303712226,3.3383690817323113
-2.184484,50,2334.676966,False,True,False,4.879178869679479,4.724645090474465
41.606682,80,2337.195714,True,False,False,6.246367666716224,5.266067760597062
33.849622,29,2337.409104,True,False,False,2.993794852288719,3.091271062150021
45.302583,46,2337.723778,True,False,False,5.834559619073494,5.463162885471649
30.784703,31,2337.939661,True,False,False,2.376501414985086,2.5553715637011822
54.284544,78,2338.452058,True,False,False,7.900648530785743,7.282186600677773
50.221107,86,2339.054189,True,False,False,8.169919148960947,6.787011704425555
45.490027,85,2339.534482,True,False,False,5.780161414360036,5.65856739769266
0.050029,44,2339.802441,False,True,False,4.798050405418533,5.633048917287795
42.912966,54,2340.160444,True,False,False,5.018578304512896,4.982008791153415
36.835137,24,2340.294418,True,False,False,3.7639468267113254,3.5938574454068997
33.872097,24,2342.062941,True,False,False,3.2152784317287204,2.9975024530168377
37.016746,40,2342.31832,True,False,False,3.547882465225073,3.7261847314416428
27.323869,26,2342.467737,True,False,False,2.2635687417831707,1.7947520094926142
-20.565193,10,2342.526858,False,True,False,0.28052161600428444,2.16007320986696
32.52713,45,2342.796556,True,False,False,2.8828033094735073,2.9677740479047854
45.599158,77,2343.253953,True,False,False,6.168508309047914,5.687143227222279
36.283725,30,2343.472585,True,False,False,3.375338839199491,3.573399367193126
31.73161,28,2343.671476,True,False,False,2.660598731641285,2.7130896020882975
46.573511,59,2344.061768,True,False,False,6.718149108381024,5.785304474585583
44.223047,60,2344.419548,True,False,False,5.638748988642022,5.30705068091934
38.396584,33,2344.621357,True,False,False,4.603149931556177,4.020368529443282
45.888744,55,2344.947646,True,False,False,6.023613999720962,5.724707194583435
32.658432,25,2345.080056,True,False,False,3.1467004474596507,2.96645039935536
46.038917,77,2347.236681,True,False,False,5.883995885419297,5.6390834678521164
28.7384,13,2347.32859,True,False,False,1.852301773549973,2.0453058813753255
49.269025,71,2347.818779,True,False,False,6.777930302950836,6.133838426401047
46.431716,71,2348.302622,True,False,False,6.052363366359986,5.717075025190745
32.326282,26,2348.482899,True,False,False,2.711554699953291,2.724802556197734
45.756278,60,2348.916912,True,False,False,5.670241391018754,5.435638622664789
27.272977,27,2349.081037,True,False,False,1.8289551933590769,1.8469545279414978
44.503588,77,2349.580598,True,False,False,6.246931314375084,5.662397288039146
-13.945329,24,2349.72535,False,True,False,2.1653494234302535,4.2507364273222725
39.717918,45,2349.983292,True,False,False,4.218487070053745,4.257666974688067
40.121882,48,2351.854996,True,False,False,5.182350267631273,4.43573367087512
28.10872,32,2352.077507,True,False,False,1.9696322809451363,2.055978866938081
28.681033,35,2352.28435,True,False,False,2.202233035331249,2.18155350045098
28.270163,38,2352.528226,True,False,False,2.9232702936214543,2.1889641623305685
26.501987,15,2352.60918,True,False,False,1.4753604079168707,1.6396868439151826
33.630431,62,2354.220208,True,False,False,4.599207755384351,3.518825509011371
34.340443,38,2354.491439,True,False,False,3.673661535657675,3.246924701159201
33.057483,33,2354.729648,True,False,False,3.6844825730119233,3.0042624012687296
39.892829,56,2355.047488,True,False,False,5.068456749902721,4.442300705908134
40.224259,83,2355.604436,True,False,False,7.232001795844479,4.962194798419189
27.617456,11,2355.68514,True,False,False,1.5545926808469934,1.8268402499462024
31.297717,50,2356.033786,True,False,False,3.560335038643375,2.8512202395909596
34.549659,47,2356.342491,True,False,False,3.8819191809451983,3.6120847246503294
33.116678,22,2358.072269,True,False,False,2.672039582229787,2.8788970855971368
54.384429,65,2358.511822,True,False,False,7.304892543517766,7.208180156913073
48.338908,75,2358.977954,True,False,False,7.411779255898222,6.229730052007144
38.246351,47,2359.230908,True,False,False,4.491052861654751,4.080124800220662
51.156684,43,2359.46039,True,False,False,6.710278256685607,6.43301111906168
30.264516,46,2359.732793,True,False,False,3.814790483769324,2.685177744340293
30.955571,24,2359.903085,True,False,False,2.4244923012847677,2.530610991432013
44.340721,43,2360.203882,True,False,False,5.351785070774198,5.099774106562441
29.878795,28,2360.396247,True,False,False,2.2956745041928635,2.3591201965728716
37.567692,41,2360.676702,True,False,False,3.9918868369623475,3.815368290283411
44.723075,82,2361.2595,True,False,False,7.309020386123816,5.7562149259335404
32.310872,64,2363.341095,True,False,False,3.7642002382948805,3.4344613422207293
47.68498,92,2363.956625,True,False,False,6.988393535304975,6.504687207029988
-17.809254,6,2363.990853,False,True,False,0.5477512280540034,2.8238987920427716
32.141703,25,2364.155374,True,False,False,2.598801815415366,2.684917549682379
27.514103,32,2364.362618,True,False,False,2.1788704833526733,2.022465493435002
46.430425,82,2364.842543,True,False,False,5.9371645614244235,5.836677381054187
26.157021,24,2364.991907,True,False,False,1.586902215563886,1.667861170059886
44.935524,57,2365.34778,True,False,False,6.032725983340831,5.423442432567294
35.871602,35,2365.567648,True,False,False,4.8896068788057985,3.5747424945426016
40.37518,78,2366.12483,True,False,False,5.746939805232585,4.653170604339524
25.999279,23,2368.0318,True,False,False,1.8597139157779363,1.5996093450573812
49.122043,97,2368.727465,True,False,False,8.726325705025468,7.006941760210123
-18.489048,19,2368.8656,False,True,False,1.3328938267003974,1.9269756359724959
31.630035,23,2369.016933,True,False,False,2.6253928542846814,2.606178983519416
48.806349,99,2369.71435,True,False,False,7.930006043165067,6.529764060327889
28.871235,81,2370.248384,True,False,False,5.1738792600254975,2.869580478452548
44.362319,101,2370.912877,True,False,False,8.281847205692275,5.9057964836955845
37.664779,34,2371.133129,True,False,False,3.80541556497656,3.7837268756587865
39.666364,54,2373.015876,True,False,False,5.474433553657807,4.352016381726287
37.238517,46,2373.268507,True,False,False,5.042530976578018,3.89333323182968
42.837048,66,2373.683739,True,False,False,6.068448464714919,5.151924985655078
37.830221,47,2374.005524,True,False,False,4.789854425639118,3.894188590415573
38.629064,52,2374.341602,True,False,False,4.913325366148802,4.253294259748626
34.218411,58,2374.703862,True,False,False,4.502144700422688,3.4095093878274536
41.560053,40,2374.974442,True,False,False,4.787370946477005,4.625131817261282
26.405971,41,2375.257341,True,False,False,4.562659788355624,1.8583114100528095
45.367208,89,2375.803088,True,False,False,6.721088889104814,5.762793162148656
31.301675,18,2375.915705,True,False,False,2.391374985510056,2.5724738545823325
-10.824164,38,2376.17951,False,True,False,2.519151863646957,5.40284264451847
34.925846,37,2377.979589,True,False,False,4.120903334955167,3.5441399518018417
33.014565,39,2378.239577,True,False,False,3.475255052766383,3.240850554822747
34.615595,50,2379.693246,True,False,False,5.054458642075594,3.5069524446229976
42.2093,37,2379.945613,True,False,False,5.172410399167691,4.619735460926019
45.187644,61,2380.358218,True,False,False,5.800758071276554,5.464190747650772
32.060274,36,2380.606881,True,False,False,3.1042510436470083,2.8681950928434947
34.662925,48,2380.943276,True,False,False,4.9866924596409135,3.4469310048116246
31.936217,50,2381.293645,True,False,False,4.085825283874594,3.0406024482183835
-10.326624,24,2381.439301,False,True,False,2.905404397087798,3.681252030622305
37.951673,38,2381.69579,True,False,False,3.9148570841447925,3.9864452015391447
41.901204,35,2381.936486,True,False,False,4.777369525896051,4.609031928896991
28.264931,56,2382.283326,True,False,False,6.275347353913513,2.436808487449731
35.334163,49,2384.136671,True,False,False,3.5246077008132604,3.5855384874883724
39.257933,49,2384.458423,True,False,False,5.222067299574821,4.5402938064508715
29.124457,41,2384.708045,True,False,False,3.1586913136014876,2.359425352799461
35.181905,67,2385.117718,True,False,False,5.008202281602154,3.874071021505356
42.759168,71,2385.529159,True,False,False,5.120995727047289,5.050171468260286
38.859291,30,2385.697937,True,False,False,4.206012375175898,4.081369203816354
-6.194059,33,2385.891354,False,True,False,3.125709465217799,5.847813859268071
47.908713,47,2386.161691,True,False,False,6.093549460820518,5.822879806747886
34.104482,93,2386.703418,True,False,False,5.147504613849774,3.951771849749624
41.851898,55,2388.682979,True,False,False,5.486843047435234,4.779142569701042
-12.490994,13,2388.781102,False,True,False,1.738012261099428,4.828596166797701
37.402781,41,2389.019847,True,False,False,4.39782200645074,3.9405337829609453
-8.004657,32,2389.200391,False,True,False,3.391942142498188,4.70470999231721
31.479059,34,2389.394253,True,False,False,2.841584045805324,2.6785480640385004
46.158213,64,2389.765083,True,False,False,6.822435871743713,5.828667744620664
39.026629,51,2390.076527,True,False,False,4.7736771142464285,4.187167913915897
41.066765,53,2390.403427,True,False,False,5.119198671104206,4.666781888026747
34.022675,36,2390.617239,True,False,False,3.81775951211169,3.3201039495392246
38.532265,49,2390.935098,True,False,False,5.930225409257437,4.29140544792708
43.603149,59,2391.327325,True,False,False,5.784812804323069,5.121379074158871
43.846772,79,2393.40823,True,False,False,8.217144208905736,5.528876986169987
40.716393,50,2393.765112,True,False,False,5.571519876140407,4.519061517357203
40.462558,67,2394.238398,True,False,False,5.231832309649147,4.859757843486585
30.534388,38,2394.502834,True,False,False,4.546789768333861,2.566036359582943
30.169961,46,2394.818719,True,False,False,2.753408713535643,2.57112884506402
53.488419,72,2395.313185,True,False,False,7.720700476979268,7.102863214551616
52.921702,109,2396.013921,True,False,False,8.444310996435696,7.568259207645703
40.539345,118,2396.759187,True,False,False,9.286342669153322,5.1503580281883545
31.876054,34,2398.666652,True,False,False,2.9491243670230927,2.7666815469880923
47.579867,82,2399.149246,True,False,False,7.932564685893753,6.175223361464492
36.311105,30,2399.31285,True,False,False,3.556288247510812,3.580204806245018
48.441431,69,2399.779399,True,False,False,7.266058272563703,6.2947414832060975
48.696096,57,2400.170264,True,False,False,7.024815379302249,6.092821611291738
31.259003,31,2400.382794,True,False,False,2.9076177344191834,2.7306149870647944
47.773198,65,2400.821512,True,False,False,6.192857065007613,5.847472400463422
31.369433,28,2401.008172,True,False,False,2.61982666156226,2.612438821971747
34.07335,46,2401.319755,True,False,False,3.27439247171605,3.235911743660373
26.719549,36,2401.552078,True,False,False,3.0333053733111193,1.8097600140840795
49.475031,73,2404.701286,True,False,False,6.572982501116712,6.166277263914048
-7.385064,41,2404.984334,False,True,False,2.994878352937521,4.374893958216944
-3.091762,49,2405.318959,False,True,False,4.085194315250613,5.424029773008752
35.512067,39,2405.570717,True,False,False,4.290675541684707,3.4849290031922546
29.951659,38,2405.791984,True,False,False,2.8474249375219154,2.4647928841437117
43.675512,90,2406.421913,True,False,False,7.062135844094771,5.399422186770261
30.344846,35,2406.66773,True,False,False,2.350009758610773,2.433273258160205
36.199386,67,2407.046283,True,False,False,4.7314349832052915,3.7891570689860514
40.42834,73,2407.464133,True,False,False,5.527811219369907,4.67461672266583
-14.47401,14,2407.563892,False,True,False,1.2449039473658507,3.255572352314425
26.281182,15,2407.668838,True,False,False,1.5897863439230273,1.6106265516993845
31.541515,46,2409.600621,True,False,False,5.293659665366836,2.7976553274771643
31.714688,25,2409.747375,True,False,False,2.75182948255262,2.7040440123399727
37.645997,63,2410.097244,True,False,False,5.643878335033872,4.211953538555168
36.572768,42,2410.339964,True,False,False,3.6827792841072107,3.720433814031214
40.1272,48,2410.664291,True,False,False,4.319014991609414,4.4186043974571865
24.595416,35,2410.904503,True,False,False,4.317715817513424,1.536083702311425
47.041065,48,2411.248558,True,False,False,5.868616792231629,5.768695564526294
48.724791,74,2411.757701,True,False,False,6.526460728115316,6.0647541348131835
30.982623,33,2411.967325,True,False,False,2.774009161497899,2.8066800324115215
27.663725,28,2412.175489,True,False,False,2.082848855131958,2.0259824528039334
38.159048,45,2412.476619,True,False,False,4.074053238050601,3.994155312166911
45.441291,92,2414.669853,True,False,False,6.485644815485311,5.7357612662188
33.324338,39,2414.938396,True,False,False,2.79479398721419,3.0563565198353317
50.69371,58,2415.331192,True,False,False,7.915730576061647,6.510693172269284
33.108198,43,2415.642876,True,False,False,3.1010975975940784,3.0309324963063307
42.099911,68,2416.117912,True,False,False,5.100308552630919,4.986968528646194
37.313727,33,2416.35702,True,False,False,3.8553427622248977,3.819853778853522
39.777275,49,2416.650343,True,False,False,4.924786748590834,4.423085876176747
36.464906,39,2416.888315,True,False,False,3.5195367683725,3.645400876936786
28.079029,17,2417.010153,True,False,False,1.8475398491927881,1.9310486251312367
27.947638,32,2417.236166,True,False,False,3.3757482023539973,2.03740797328696
49.905837,100,2419.355154,True,False,False,7.153647867837684,6.87425436363806
45.387967,67,2419.708197,True,False,False,6.348916068145412,5.448974074527024
38.522525,49,2419.97138,True,False,False,4.7254216281475125,4.235404699259779
42.494635,61,2420.306308,True,False,False,4.872175579908964,4.8908232541017
40.226708,42,2420.547538,True,False,False,4.635255030207347,4.372941902316219
31.577251,19,2420.65057,True,False,False,2.4160694522181205,2.5611195692090405
31.533215,51,2420.945424,True,False,False,4.100655174504352,3.040553325387273
32.444957,46,2421.269528,True,False,False,3.0674440894137227,2.901027144545314
38.477612,42,2421.557073,True,False,False,4.672663061479262,4.121347376889995
33.623247,37,2421.821852,True,False,False,4.257911982330383,3.144288679718692
46.517656,48,2422.089778,True,False,False,5.783018921239309,5.578103763192636
43.113555,44,2423.804429,True,False,False,4.838095710301716,4.87007865821456
27.554236,18,2423.911512,True,False,False,1.8173271822522872,1.8328449813881025
37.654454,35,2424.114975,True,False,False,4.270303377023386,3.8827447306379725
35.114456,41,2424.37433,True,False,False,4.960446641097429,3.4601305493323675
45.050356,59,2424.770214,True,False,False,6.15099308737307,5.541140188184719
32.875829,43,2425.077219,True,False,False,4.249551812669696,3.0259452493864885
38.075141,67,2425.540074,True,False,False,4.875469462241011,4.326625129776676
30.398891,20,2425.677865,True,False,False,2.3374387991180985,2.4145581738680693
46.057496,69,2426.148431,True,False,False,7.013931129157784,5.671701517967374
-10.655788,26,2426.304232,False,True,False,2.332736054430846,6.576180281840855
26.03896,20,2426.409428,True,False,False,2.1073097083668846,1.568611447708896
43.397477,46,2426.685992,True,False,False,5.091217525555633,5.049477846876146
35.829155,72,2429.829773,True,False,False,4.184263760340461,3.8007520581200387
26.103673,23,2429.989015,True,False,False,1.6027378739942437,1.5688346671391957
48.100404,87,2430.51713,True,False,False,6.168959896612662,6.171635119579798
34.280104,39,2430.768862,True,False,False,3.249683539578101,3.136673213744204
32.014603,34,2430.999227,True,False,False,3.2338735814523876,2.764877002227868
36.891668,40,2431.231235,True,False,False,3.8942675597536964,3.783351858792135
38.441742,52,2431.527792,True,False,False,4.342774478484821,4.041180663594465
48.721137,40,2431.77522,True,False,False,6.2729501042876175,6.062048386655228
31.224246,45,2432.041754,True,False,False,2.610994246746365,2.763419210324989
30.582895,47,2432.340294,True,False,False,2.8077709354146587,2.585210819611461
36.487253,65,2432.758856,True,False,False,5.328766933250271,3.9597464635064124
30.295854,37,2434.53287,True,False,False,3.9696588054790363,2.7740506247064958
31.982571,25,2434.668813,True,False,False,3.429778406435663,2.740386856434681
44.001189,74,2435.136151,True,False,False,6.435379297189179,5.3441748243342335
36.325061,42,2435.428588,True,False,False,3.5703568869722626,3.711160333854057
52.470857,74,2435.888243,True,False,False,7.200851274556764,6.8972511325686225
33.250663,38,2436.097126,True,False,False,4.965113131364246,3.254192149620329
45.040834,81,2436.63554,True,False,False,6.921129156791736,5.801408767407983
32.10321,89,2437.245563,True,False,False,5.20662254640219,3.4278720736033423
30.240204,54,2437.614497,True,False,False,3.0599427296110058,2.6496632160095483
29.91608,19,2437.748641,True,False,False,2.3549428593849457,2.3848797235993686
36.302698,27,2439.543196,True,False,False,3.504684717593766,3.571169718221966
47.453247,49,2439.872944,True,False,False,7.003055553386424,5.906380083396945
38.360632,40,2440.152957,True,False,False,4.851782660137063,4.009676875622207
49.069785,51,2440.504128,True,False,False,7.391780178530299,6.159196202942189
31.385103,39,2440.779454,True,False,False,2.794402172217995,2.7027951756074633
47.687531,75,2441.272426,True,False,False,6.047554433440419,6.109095344688838
31.856124,40,2441.524154,True,False,False,3.5702059651323563,2.982123317240912
49.245761,57,2441.875699,True,False,False,6.184618258507933,6.102334011512997
34.518006,34,2442.078253,True,False,False,3.124461973457465,3.251814986452726
44.564912,66,2442.478634,True,False,False,7.504354938772313,5.548484011001215
30.788145,46,2444.355823,True,False,False,4.059872213858181,2.5880548036579354
41.628624,49,2444.636721,True,False,False,6.143199361342328,4.944112362921948
29.415789,24,2444.767277,True,False,False,2.2205121892238564,2.2756139603291854
-7.535921,25,2444.915681,False,True,False,3.2132606586120547,5.604277931478724
45.776825,50,2445.21237,True,False,False,6.000502644330653,5.71026932187215
39.669011,45,2445.480481,True,False,False,4.7926927882093935,4.282071288843367
34.950781,61,2445.832358,True,False,False,3.8309250048734453,3.53491343437241
34.95893,55,2446.12263,True,False,False,4.084875587570574,3.6688672700879494
26.957833,28,2446.270395,True,False,False,2.0091312707695743,2.075922116300778
31.526809,56,2446.561908,True,False,False,3.9955172129127474,2.998307099039457
36.652391,33,2446.734821,True,False,False,3.61633512286995,3.67903932372222
39.700498,56,2447.025841,True,False,False,5.025754397575303,4.627909853306179
51.700889,64,2448.725134,True,False,False,7.124674966260884,6.707135733055998
40.200634,47,2449.001439,True,False,False,4.805464861885133,4.523554046696136
-18.941213,8,2449.047114,False,True,False,0.5314759913029304,5.143407208682481
36.623744,30,2449.21678,True,False,False,3.4921632266922615,3.645029249004462
55.364882,68,2449.609719,True,False,False,8.053385131789806,7.439125369421909
29.361411,23,2449.758716,True,False,False,2.3163261234363333,2.229907604750539
38.616117,54,2450.114313,True,False,False,6.41552837823364,4.21738993931042
37.689029,52,2450.4178,True,False,False,4.1305699448674345,3.9798274698790026
29.70596,22,2450.547188,True,False,False,2.377371319002593,2.2939840510405043
42.702864,52,2450.859734,True,False,False,4.992737645750895,4.828943399570139
43.354927,55,2452.22454,True,False,False,4.928986942133584,5.04532358729294
42.487824,67,2454.310892,True,False,False,4.995029936502511,4.949244945569013
27.948407,29,2454.475921,True,False,False,2.8594136464467,1.9431527578781704
28.286317,30,2454.648709,True,False,False,2.435210167676686,1.9692832450269304
30.358102,41,2454.87321,True,False,False,4.3894794963506385,2.5511170934221137
35.408837,40,2455.138329,True,False,False,3.7051595636551333,3.4824569359144935
36.39786,39,2455.367532,True,False,False,4.476300173720973,3.6298478239623053
27.888473,13,2455.437683,True,False,False,1.641057520139072,1.8225611843253051
36.754852,56,2455.736835,True,False,False,4.481727840870601,3.930519726415044
36.032854,29,2455.934436,True,False,False,3.3362150076250696,3.486623882705584
53.237575,71,2456.348369,True,False,False,7.269938325775324,7.090209120190776
41.055338,53,2456.620155,True,False,False,5.7471492239062645,4.6692414712642965
31.455181,19,2456.72253,True,False,False,2.3563743209221792,2.5626842338393567
46.839123,78,2457.245313,True,False,False,7.221899161361531,6.392663534663377
41.84413,61,2459.306121,True,False,False,7.382655517868186,5.279763502719048
30.380294,30,2459.522041,True,False,False,3.2974318103816223,2.5218530941990323
42.964349,50,2459.866356,True,False,False,5.18582760827583,5.000281008121728
38.455321,45,2460.177899,True,False,False,4.758841022050387,4.11137374119922
28.080584,15,2460.278848,True,False,False,1.7177479379640184,1.907083658373097
26.315794,29,2460.477861,True,False,False,1.8983149500625507,1.735013000263221
43.73101,67,2460.903812,True,False,False,5.32002801196826,5.11475323193684
43.380516,54,2461.218663,True,False,False,6.202234653951792,5.183503741545675
28.821443,22,2461.363729,True,False,False,2.2667971292720432,2.0988999458447983
33.224442,36,2461.617218,True,False,False,3.1108965210338413,3.023968504073264
-16.828351,27,2461.809043,False,True,False,1.5324329158976828,4.175225883911664
35.85707,37,2462.068834,True,False,False,3.531946938044648,3.440486311405324
55.966429,70,2464.150212,True,False,False,7.775966050117205,7.54385714011007
26.517871,20,2464.255195,True,False,False,2.2566167197722415,1.8248693378397216
25.665292,32,2464.425853,True,False,False,3.007937504800014,1.6608858282726973
44.676102,62,2464.813534,True,False,False,5.629597801134316,5.483744835430873
34.699908,59,2465.214045,True,False,False,4.511357187620416,3.5093367230862436
35.06786,29,2465.408948,True,False,False,3.2229282384643594,3.362492924350733
42.740441,47,2465.735135,True,False,False,5.032377374764858,4.984409269236862
43.02836,63,2466.134163,True,False,False,6.123943304673301,5.073198791049962
46.074005,44,2466.385487,True,False,False,6.649851602646108,5.580314515316711
26.102386,17,2466.476207,True,False,False,1.618671893503986,1.5700438269310721
43.980126,81,2466.933138,True,False,False,6.148232806597413,5.281796693527954
38.080059,52,2468.851222,True,False,False,3.9936150782324575,4.065941392692298
45.196718,61,2469.2153,True,False,False,5.856065599536045,5.59341886321712
25.654857,43,2469.482066,True,False,False,2.9301470423544456,1.9739919555778218
34.419463,32,2469.67851,True,False,False,3.630590219120919,3.30384874553728
46.853827,51,2470.032495,True,False,False,5.8657544099616326,5.758121155261959
36.514453,40,2470.309339,True,False,False,4.4024314161580005,3.7687363185903893
35.680196,47,2470.63133,True,False,False,3.7543990167679744,3.523270559254551
32.472323,49,2470.973481,True,False,False,5.192315485537111,3.1389347610042377
39.109982,64,2471.396492,True,False,False,5.0913980041151605,4.446039881928026
34.953251,45,2471.708768,True,False,False,4.073596330286649,3.422417350231827
37.007224,48,2472.039305,True,False,False,4.965283080693429,3.7837923952765586
33.636221,33,2473.92729,True,False,False,3.1935413391603373,3.058129776347301
33.195007,29,2474.151545,True,False,False,2.764104665726331,2.9590113223998187
34.798015,30,2474.386962,True,False,False,3.4554923434679443,3.318737633694342
28.913538,22,2474.53953,True,False,False,1.9740033644025072,2.157682155360356
42.817683,58,2474.883122,True,False,False,6.669431736370937,5.108835684048879
-12.212141,18,2474.990283,False,True,False,1.8892530190066688,3.5412877024923395
33.705925,29,2475.187193,True,False,False,3.185594832554486,3.1187647572172668
40.573996,40,2475.423887,True,False,False,5.078802861034803,4.800387240185862
-6.848844,42,2475.694674,False,True,False,3.8405057468390784,4.179813878532744
30.544156,28,2475.882625,True,False,False,2.9199327167728772,2.4278863107301545
35.47905,32,2476.09863,True,False,False,3.247077716264851,3.4745105148082693
35.738945,41,2477.702089,True,False,False,3.6114324294111113,3.5758740955554433
40.555098,69,2478.162902,True,False,False,4.782846596133355,4.6365646105080565
28.510285,14,2478.261885,True,False,False,1.7748813140288202,1.9795687692432973
35.348168,25,2478.430311,True,False,False,3.1046527722376185,3.283872449703686
39.146577,60,2480.463369,True,False,False,6.397953434870294,4.4153403441732575
-4.79966,40,2480.704886,False,True,False,3.9599957583762575,4.9852098518624315
43.881135,48,2480.979977,True,False,False,5.930279848881963,5.264330355647543
41.273599,39,2481.217206,True,False,False,4.473292829900789,4.514322308368789
33.378136,33,2481.417674,True,False,False,2.9947765808259046,3.041178837236358
28.449697,18,2481.533417,True,False,False,1.8730806362833143,2.005923865305722
35.101408,61,2481.963927,True,False,False,3.359807225454985,3.564434129749239
27.093366,32,2482.173446,True,False,False,4.018963294691211,1.8793699048687238
28.518925,19,2482.307796,True,False,False,1.9833757386843471,2.028979912415932
28.877289,17,2482.422343,True,False,False,1.9066739337461909,2.034786945805534
37.938782,75,2482.889062,True,False,False,7.895383965641526,4.568393101733295
33.603731,32,2483.091545,True,False,False,3.6627218721869714,3.137295116742975
47.950894,92,2485.312215,True,False,False,6.3479751451949635,6.180878057663901
35.471109,29,2485.534942,True,False,False,3.865159698095167,3.403982637239867
-1.957282,44,2485.856291,False,True,False,4.359692651911233,4.906821708620743
34.7191,41,2486.135936,True,False,False,4.7701057651521985,3.5935854029010823
34.789145,32,2486.354984,True,False,False,3.3443556830656793,3.2206982235052637
36.698545,31,2486.578127,True,False,False,3.52064492092296,3.533602790063939
35.10052,40,2486.86223,True,False,False,3.3284500708715354,3.4023162714192177
27.319016,21,2487.00964,True,False,False,1.5754915004619066,1.7446527735157822
30.652756,88,2487.634693,True,False,False,5.765344075939843,3.2458492084663373
49.799923,90,2488.256801,True,False,False,7.341487769446641,6.6784864801964
52.599899,66,2490.405408,True,False,False,7.550354952252379,6.88387711889327
35.878801,42,2490.699278,True,False,False,3.656795944771012,3.6146556636044984
42.058438,29,2490.887332,True,False,False,4.534394809680197,4.639125198840772
36.430406,31,2491.055584,True,False,False,3.4242654194342594,3.5200044802791544
40.709432,40,2491.345048,True,False,False,4.376564075917425,4.354397398768574
46.92897,58,2491.742787,True,False,False,6.768404380775841,5.725143056324879
28.562492,28,2491.942735,True,False,False,2.138341723094105,2.09476142284432
48.186195,75,2492.469476,True,False,False,6.81684007614538,6.106335029017049
44.642806,36,2492.718612,True,False,False,5.439292683782645,5.156804714421118
33.981136,42,2493.017341,True,False,False,3.910672086868902,3.2872987127362454
46.772221,72,2493.528934,True,False,False,5.880736537200969,5.723828125035517
29.251193,34,2493.774133,True,False,False,2.675747060307695,2.3212723039552143
47.202393,89,2495.985834,True,False,False,6.756075243789591,6.129829626856343
25.043012,31,2496.167382,True,False,False,2.7717982542743247,1.6032520661141998
31.653384,29,2496.339792,True,False,False,2.506855218054552,2.6241891886226463
34.630717,29,2496.536344,True,False,False,3.3127919731409463,3.218767981856288
49.629232,54,2496.885646,True,False,False,6.75730153595562,6.036167722325364
31.285577,21,2497.039572,True,False,False,3.0124415433441216,2.55174315315792
42.380316,74,2497.488461,True,False,False,7.48993806347113,5.254728707102134
32.237631,33,2497.679609,True,False,False,2.7888069112843934,2.83371047638484
27.19957,19,2497.794086,True,False,False,1.6201499254660892,1.7746201370758512
28.948318,23,2497.919594,True,False,False,2.174127124435577,2.1548150280817913
31.989449,34,2498.109427,True,False,False,2.9774044113736235,2.8381295796424166
-14.700113,13,2498.181519,False,True,False,1.2240368716824483,6.548366422769655
42.154804,34,2498.366716,True,False,False,4.710075790347123,4.721003017332258
32.056163,20,2498.487808,True,False,False,2.8282544968704326,2.647419474498694
43.733941,85,2500.548922,True,False,False,5.670665959239092,5.473528472154021
32.077543,38,2500.822225,True,False,False,3.698955909786364,3.0342613831409726
36.623864,46,2501.11449,True,False,False,4.886348736664249,3.74912104866207
38.455446,67,2501.533836,True,False,False,5.195010581078399,4.360935882745517
37.048558,60,2501.897498,True,False,False,6.335214809900099,4.059851584844248
43.845596,86,2503.724896,True,False,False,6.017913937024873,5.455995235077035
37.463532,32,2503.941844,True,False,False,3.9384085108048232,3.7196480112784593
33.157183,37,2504.165684,True,False,False,2.9421651566953195,3.004825369566875
28.526009,30,2504.353216,True,False,False,1.9815071539927323,2.080629324322424
36.62137,43,2504.588151,True,False,False,5.89025346380913,3.644185223082153
31.617431,41,2506.499111,True,False,False,5.055012970702844,2.855250158156136
33.257198,47,2506.806701,True,False,False,3.577760885064253,3.228740459946868
39.752144,41,2507.076641,True,False,False,4.240861504503693,4.241701614745541
34.095042,38,2507.299687,True,False,False,3.3150018066479876,3.281408258144283
40.70017,50,2507.632893,True,False,False,5.853358589525525,4.621155146777594
25.269797,67,2508.061523,True,False,False,7.040902906610406,2.378411876096759
42.879408,64,2508.448482,True,False,False,7.326550419165997,5.1611376835386364
49.740683,78,2508.975291,True,False,False,7.94375556826418,6.719360445296082
1.621136,32,2509.17749,False,True,False,5.343031580074497,4.7444235503935985
30.79718,39,2509.415243,True,False,False,2.700444795728652,2.5349890081642363
37.194417,39,2511.397632,True,False,False,4.196625062937869,3.815901322275107
29.121927,25,2511.565332,True,False,False,2.4510790795659845,2.2032444827737105
34.830603,29,2511.746788,True,False,False,3.662893684334337,3.310796985128343
32.532789,24,2511.924181,True,False,False,2.9297676747468198,2.8587861535574968
26.316963,40,2512.198408,True,False,False,2.4740535669079167,1.829212525508887
43.097676,66,2512.627564,True,False,False,5.633665736850799,5.3740483432600445
30.637961,32,2512.805056,True,False,False,3.2049330786353383,2.4586331750251125
-17.215416,19,2512.925329,False,True,False,1.5953995281719322,1.8720293203177014
36.952916,46,2513.251798,True,False,False,5.751471646421037,3.966165092949892
31.657194,30,2513.46181,True,False,False,2.476155311537886,2.6507837047823193
31.792649,46,2513.742918,True,False,False,3.388448432808878,3.173527121373825
34.273324,29,2513.919766,True,False,False,3.3172393315266975,3.1729892189960838
30.179965,32,2514.141708,True,False,False,3.0219939933100486,2.5033468973421833
44.00566,54,2514.510549,True,False,False,6.525614838002993,5.314316612046463
24.889353,36,2516.308558,True,False,False,3.170296042420114,1.5284280150436025
28.472554,23,2516.465137,True,False,False,2.273909260671031,2.037303774735648
27.194218,37,2516.727638,True,False,False,4.31362769941609,1.905649687319645
33.697944,41,2516.957222,True,False,False,3.618813790782124,3.1099597314856005
32.455022,58,2517.391352,True,False,False,4.585068119567582,3.0623076857069256
37.424731,42,2517.695745,True,False,False,3.857201916846655,3.8897256701526977
35.705083,45,2517.976526,True,False,False,3.871821525577131,3.5917926659910675
55.225097,84,2518.545099,True,False,False,8.721658222730417,7.554750394657774
33.018223,38,2518.830081,True,False,False,3.8870330183260333,3.006041696263421
38.310718,63,2519.265334,True,False,False,4.8429231748148895,4.208668851075503
31.85397,36,2519.517934,True,False,False,2.909990357357243,2.8281888804478026
35.042615,35,2519.741847,True,False,False,3.779245530473127,3.4651176015369654
26.891695,17,2521.520738,True,False,False,1.5448943143401386,1.6949341173718493
25.751098,22,2521.674797,True,False,False,1.3838444613113674,1.5535985824431817
32.941425,36,2521.925292,True,False,False,2.923125214202465,2.9782819322227896
47.623803,48,2522.255605,True,False,False,5.594575122336976,5.687817777934974
32.492778,32,2522.460657,True,False,False,2.711766334561362,2.803491445665958
30.095195,37,2522.704552,True,False,False,4.979449505231599,2.5754612660085323
32.659191,24,2522.865448,True,False,False,2.7359091109816394,2.8408335989669737
35.480391,36,2523.124938,True,False,False,3.9839800601477124,3.4128158726045927
47.021235,68,2523.543111,True,False,False,6.191582234737401,5.84733940660428
30.72703,37,2523.7712,True,False,False,2.9300683360756787,2.6082337014347963
35.769379,41,2524.020387,True,False,False,3.3758928276120956,3.5685478559941215
40.296715,42,2524.277513,True,False,False,4.943754191671098,4.561927435711481
32.555139,44,2524.541224,True,False,False,4.672303938543815,3.0478133715617406
33.684063,32,2524.732367,True,False,False,3.1835762504167526,3.0584236995334204
30.364497,29,2526.805887,True,False,False,2.688818138755605,2.424844192082993
38.772525,50,2527.093542,True,False,False,4.8245050086224825,4.149436876524017
44.297996,59,2527.50458,True,False,False,5.683701095640414,5.37670320162741
41.936306,64,2527.918035,True,False,False,6.630830223777786,5.12513756072165
43.590453,57,2529.383656,True,False,False,5.06851990327804,4.967252269645642
28.077071,68,2529.821412,True,False,False,4.960829553185462,2.6138963107456186
37.257306,65,2530.214547,True,False,False,5.533248680411552,4.004033347869728
36.653698,37,2530.461665,True,False,False,4.319298782599046,3.676768628194345
38.311796,51,2530.78514,True,False,False,6.407884431447204,4.185024940363604
28.728053,23,2530.9148,True,False,False,2.621138960798676,2.118876639201982
47.782214,61,2532.993468,True,False,False,6.4090749111828975,5.982603460997027
50.374494,58,2533.37532,True,False,False,6.489242806373827,6.357961522250216
38.225039,38,2533.637033,True,False,False,4.263819633300274,3.9957842359967195
32.765312,38,2533.871714,True,False,False,3.0593759237822358,2.9125033334755104
44.714972,51,2534.189918,True,False,False,5.050163580101427,5.163866815953401
40.027075,46,2534.499228,True,False,False,5.011434823722202,4.439747676385923
-6.966046,56,2534.895797,False,True,False,5.355371296496404,4.414206912249469
35.695909,37,2535.148739,True,False,False,3.970162381059974,3.491233364633881
46.373073,35,2535.384102,True,False,False,5.545714048936946,5.4489647146859586
32.009984,34,2535.614437,True,False,False,3.2828308582373276,2.715104437946671
30.953778,33,2535.839475,True,False,False,2.75861673081003,2.754316489561282
41.131573,46,2537.673178,True,False,False,5.121412483863295,4.593709993996463
30.462187,26,2537.835422,True,False,False,2.8090969044196665,2.6461380077638195
26.380288,29,2538.017487,True,False,False,1.772785426905341,1.7306618785166765
37.370925,26,2538.166646,True,False,False,4.144760025174971,3.676375083825849
42.244856,38,2538.380663,True,False,False,5.269832998073006,4.6998035962415186
53.605604,80,2538.860275,True,False,False,7.642919813845434,7.192157341128043
39.167764,93,2539.472151,True,False,False,6.245645146030519,4.637979114028878
49.385395,65,2539.873639,True,False,False,6.720026937961117,6.493354965261819
34.169886,32,2540.049778,True,False,False,3.0191167140972506,3.1179286277729665
40.867955,73,2540.474085,True,False,False,6.428511712168713,5.037346479170569
43.529896,47,2542.337925,True,False,False,5.367081770116262,5.007543431426175
27.013043,25,2542.505701,True,False,False,1.808676720028774,1.9289127962455765
47.247629,49,2542.818983,True,False,False,5.8687350569670125,5.728139393297397
26.43491,14,2542.920673,True,False,False,1.475128145166177,1.5802372863137215
46.514528,53,2543.287793,True,False,False,5.5397289482274354,5.612515368103739
35.590783,36,2543.540107,True,False,False,4.494038925546454,3.5762589408771386
37.760721,51,2543.893932,True,False,False,5.078892308231893,4.0335420657408525
34.907899,50,2544.208581,True,False,False,3.3023529379376235,3.4479340294504928
26.351169,14,2544.314184,True,False,False,1.4928280215773513,1.5423176039200415
38.482362,69,2544.800184,True,False,False,6.1067601937645435,4.450992192747964
41.404811,73,2545.289873,True,False,False,6.14491320247644,4.803444150926476
33.729409,25,2545.472833,True,False,False,3.1219558053490273,3.0590723564377833
32.497848,54,2547.40373,True,False,False,4.558900030074447,3.502776466523836
45.744244,63,2547.780421,True,False,False,5.49630122030885,5.63573483820236
29.78642,22,2547.927422,True,False,False,2.4415336178792066,2.3086116314947582
34.733479,40,2548.166099,True,False,False,3.350839672862166,3.3013383104753857
34.758002,44,2548.471212,True,False,False,4.527374873294328,3.5490452344339283
37.84311,35,2548.728764,True,False,False,3.8941493577875628,3.8294821891895756
45.58068,73,2549.252459,True,False,False,7.674493053021847,5.956727596882826
31.562014,66,2549.692404,True,False,False,5.434740562621375,3.159170984310067
-17.519938,9,2549.754375,False,True,False,0.6935631521875429,5.312925207670053
29.12205,45,2550.008096,True,False,False,4.839056156293293,2.37548846841024
43.052767,47,2550.265635,True,False,False,5.593678894975286,4.870759621923332
34.383955,31,2550.426246,True,False,False,3.051161214210357,3.2401889824048506
34.224728,59,2552.316916,True,False,False,4.6887929050728605,3.4578650948757668
44.605725,64,2552.684556,True,False,False,5.845437903906457,5.447171937462673
53.77318,80,2554.349335,True,False,False,7.377591924337952,7.08006936254894
39.582628,24,2554.515308,True,False,False,4.016593735450592,4.040714932075984
32.809437,30,2554.718118,True,False,False,2.9180459637523617,2.8444986451795193
40.335299,45,2555.039564,True,False,False,4.566717094943274,4.487876085941523
44.709068,40,2555.295565,True,False,False,6.306810654026041,5.2286288664606255
48.884758,66,2555.668949,True,False,False,7.7054725478554555,6.347981411317753
30.084903,28,2555.867457,True,False,False,2.316567731074548,2.34734324230504
43.895085,83,2556.37326,True,False,False,5.876624482233379,5.493531106045212
32.298712,26,2558.2125,True,False,False,2.707077359291527,2.783452645586089
44.609359,49,2558.538482,True,False,False,6.609402367076345,5.274063300348809
34.320196,56,2558.902708,True,False,False,4.530221037092824,3.3486053285305397
34.19374,34,2559.101159,True,False,False,3.7207295389355832,3.306373507991974
30.069668,29,2559.27309,True,False,False,3.1770728801653583,2.3200607482431517
-13.763218,21,2559.389659,False,True,False,2.0460145377227925,3.0024727971591583
37.201217,44,2559.636197,True,False,False,4.091979941490404,3.9190215498791368
33.930554,22,2559.757752,True,False,False,3.1060503116522034,3.0656685008995077
47.641817,90,2560.301761,True,False,False,7.63995719258548,6.189153693097206
26.697338,14,2560.378341,True,False,False,1.43024645538017,1.6284944241263861
42.202635,43,2560.647091,True,False,False,5.517945566326776,4.710218175387973
33.030456,43,2560.891522,True,False,False,4.453173221540984,3.064286258761498
27.455705,39,2561.124,True,False,False,3.295260129237929,2.044445986558057
-18.465717,19,2561.245396,False,True,False,1.3078681632252989,1.7154551838728767
29.616497,24,2562.982673,True,False,False,2.015772362537163,2.208918918506087
37.006369,54,2563.339551,True,False,False,5.316079829830582,3.8939287513757708
43.149457,78,2563.85684,True,False,False,5.467358339087185,5.2688879514434515
35.893834,49,2564.139925,True,False,False,3.9912862745005917,3.6826642500173383
44.096997,41,2564.403577,True,False,False,5.064415617725093,5.155657458912021
28.386226,16,2564.502782,True,False,False,1.7091999898764443,1.9534254807993732
44.257467,60,2564.901578,True,False,False,5.798977492465628,5.243190092497781
31.456391,38,2565.13591,True,False,False,2.972705591041789,2.674214122713086
30.045687,23,2565.266416,True,False,False,2.2766934361218873,2.394573558188433
29.001133,18,2565.374543,True,False,False,1.8840738208980987,2.0857498356660047
-17.124324,11,2565.439862,False,True,False,0.9463049523464919,4.463535283123626
34.371866,39,2565.667774,True,False,False,4.519714018649946,3.3241175792674893
27.578514,13,2565.736311,True,False,False,1.559970172966516,1.7587514378343314
34.071576,32,2565.910499,True,False,False,3.2804363844204243,3.040732470119441
28.483884,20,2566.022196,True,False,False,1.972546400167055,1.9533502622059176
31.627395,34,2567.733458,True,False,False,2.9698001739624544,2.710018121186934
-14.980967,22,2567.857532,False,True,False,1.3551722182044712,2.2994773329548615
45.641965,43,2568.094286,True,False,False,6.08732464998535,5.472494519378598
32.56935,49,2568.361375,True,False,False,3.749328540586843,3.007179202561066
35.391857,31,2568.537219,True,False,False,3.160289655299528,3.3681055513091476
26.99978,26,2568.688954,True,False,False,1.7478815618955321,1.8074387891173576
36.497135,48,2568.959235,True,False,False,3.989571710143353,3.8170292857689105
25.906398,24,2569.089739,True,False,False,3.149761615447618,1.7065203926625696
35.657548,36,2569.283761,True,False,False,3.19830294384422,3.3576172212215822
34.5768,27,2569.429122,True,False,False,3.3532652189922674,3.3015919584122133
47.26334,62,2569.762743,True,False,False,6.751803032857371,5.897600955926063
38.602585,59,2570.087734,True,False,False,4.2777576055899695,4.181190340592927
38.024259,55,2572.095081,True,False,False,5.026638507088181,4.1202077160956465
-5.27682,37,2572.336227,False,True,False,3.878886459602662,5.497591478584395
32.433284,29,2572.535216,True,False,False,3.028508928248801,2.9104942052688267
-19.774871,11,2572.613952,False,True,False,0.6786707169852697,1.6852121156204491
37.698893,61,2573.048773,True,False,False,5.463379833789189,4.2999216752459795
39.40344,64,2573.464758,True,False,False,6.1643308942689785,4.559537409011389
33.722821,30,2573.626319,True,False,False,3.2263996808643545,3.0634900349911005
45.349106,40,2573.868414,True,False,False,5.781054852966951,5.371739932105853
47.123013,52,2574.161182,True,False,False,6.238572472531951,5.733130036220272
39.481975,43,2574.41272,True,False,False,5.2320483352583835,4.430492698083051
39.303578,79,2574.848339,True,False,False,8.482717522009676,4.557297078419819
31.966726,41,2575.075428,True,False,False,4.01324738285041,2.878470840281716
38.102888,49,2576.949048,True,False,False,4.374185336366818,4.033330510141521
40.365926,80,2577.491226,True,False,False,6.139539949153161,4.68792407188486
43.740438,39,2579.000776,True,False,False,5.3732052375020505,5.113096513840425
37.094863,44,2579.259375,True,False,False,3.8572987239027468,3.7221403249914533
30.841437,43,2579.509314,True,False,False,3.2328866975243127,2.7655316830141605
35.235121,40,2579.729972,True,False,False,3.933956465508708,3.3980277103644094
36.323524,30,2579.893886,True,False,False,3.626106368180378,3.4826491446790366
28.842554,49,2580.252493,True,False,False,3.4752818653246678,2.5811009392698927
34.466831,60,2580.724744,True,False,False,4.639273630339515,3.4678144513255176
35.878106,54,2581.160266,True,False,False,5.12572059551758,3.730657195487907
38.627512,41,2581.485075,True,False,False,4.245026051461959,4.110568675669027
36.029779,63,2583.704938,True,False,False,6.881406760986982,4.0191904582972695
39.769492,40,2584.012544,True,False,False,4.711273519896919,4.275437684965592
46.310063,47,2584.3677,True,False,False,5.694522207439847,5.509773043423907
40.206387,83,2585.006913,True,False,False,8.160465218109511,4.868095983142027
31.335178,15,2585.120857,True,False,False,2.2877570833653333,2.5455621008770843
27.576831,44,2585.452639,True,False,False,4.429661404545759,2.203795901848495
34.980475,25,2585.653455,True,False,False,3.1175843382351176,3.265565997860419
34.149035,28,2585.862766,True,False,False,3.35996622799601,3.204250685910905
33.992571,22,2586.033898,True,False,False,3.020069674924221,3.019548377123462
46.330307,60,2586.490353,True,False,False,5.792243109508051,5.667948227937758
29.1281,27,2586.695434,True,False,False,2.3693439513872185,2.294896401088366
28.361182,22,2586.86268,True,False,False,2.3228310645526835,1.982905956898601
-18.437142,22,2587.031577,False,True,False,1.3914315742615002,5.297823755293703
26.864226,16,2587.148889,True,False,False,1.5215708175464329,1.6982925695809143
31.989603,51,2589.245791,True,False,False,2.8172888137113565,2.910499231204462
44.774294,66,2589.67326,True,False,False,8.461508881211554,5.497216140058434
44.378283,49,2589.978976,True,False,False,5.7695602091488665,5.27902415852197
27.536208,20,2590.09941,True,False,False,1.6329460448696305,1.8721057031581745
33.684952,54,2590.414599,True,False,False,3.248439811381875,3.3019761861340595
44.187496,56,2590.753119,True,False,False,5.192792620170523,5.251105535193602
29.578971,33,2590.987485,True,False,False,2.358338489372237,2.3440569681796846
33.152187,28,2591.181232,True,False,False,2.8700217384965416,2.8963288399865146
36.574487,57,2591.563439,True,False,False,4.929185099582433,3.8493621165767586
42.767999,56,2591.908903,True,False,False,6.349392744713594,5.027244371329254
32.493953,44,2592.198835,True,False,False,3.6392112874673166,3.0917559428102006
27.609214,25,2594.099198,True,False,False,2.723474697208392,1.9509573127532653
30.77769,31,2594.281145,True,False,False,3.110303707193023,2.4938939020392614
40.854988,71,2594.756054,True,False,False,5.773996713269824,4.796021048273418
29.609715,40,2595.039197,True,False,False,2.6746755103545103,2.4517051234211973
44.147822,39,2595.314073,True,False,False,5.0986939914522855,5.123084163100544
43.710161,42,2595.539533,True,False,False,5.369880828969102,5.000173487707271
36.008151,38,2595.762335,True,False,False,3.948631400607019,3.594274388538559
30.966124,18,2595.868881,True,False,False,2.4174113736787417,2.4586678125697508
40.277769,57,2596.262153,True,False,False,6.884691104558046,4.724756265140932
32.353191,55,2596.64285,True,False,False,4.366220941259019,3.0818930503322086
31.422359,35,2596.886242,True,False,False,2.6256705718345126,2.628985628458022
37.596269,34,2597.111917,True,False,False,3.795092172829181,4.024162316750716
37.204884,55,2599.152337,True,False,False,4.857328916914221,3.8969361591153993
31.834045,18,2599.273861,True,False,False,2.4854384683200443,2.6524314362478956
41.528493,106,2599.950126,True,False,False,8.1533606570245,5.3328070856873575
37.506487,50,2600.297386,True,False,False,4.35369431956065,3.9949965502297613
47.925295,50,2600.633901,True,False,False,6.264704398098361,6.115911700481912
36.489024,61,2601.048378,True,False,False,5.083883358822136,4.176751610231672
3.069594,52,2601.419394,False,True,False,6.588814447628919,6.102927946130515
44.335636,59,2601.775078,True,False,False,5.891309458949853,5.375174575001582
35.735138,38,2602.018677,True,False,False,4.396682513198352,3.5486668854142986
27.418321,26,2602.18055,True,False,False,1.7082457420082489,1.8840737475138498
42.323424,75,2604.100975,True,False,False,4.993158105403719,4.982039357815243
41.5183,49,2605.707647,True,False,False,6.898862213878234,4.771730428302015
43.457589,50,2606.037298,True,False,False,6.268280183052865,5.110908084059612
37.123841,31,2606.232226,True,False,False,3.8189428859839465,3.660442583507085
26.161786,23,2606.376352,True,False,False,1.734972454178636,1.6148516307308924
35.921097,51,2606.716098,True,False,False,3.989585521171834,3.6312956555090823
48.678474,62,2607.074086,True,False,False,8.452429318328427,6.318715335770789
26.126212,38,2607.300111,True,False,False,2.7271772862795105,1.7864874959018544
34.845067,58,2607.622816,True,False,False,4.114958404462875,3.5158489990838127
33.756754,28,2607.78833,True,False,False,2.94666976272669,3.0319257973205995
33.903057,43,2608.032284,True,False,False,3.349863310422412,3.166449098594398
44.841052,45,2610.232194,True,False,False,5.403450087264031,5.301542935693999
46.436718,54,2610.621817,True,False,False,5.778108839872557,5.5278993879654434
32.357894,47,2610.925621,True,False,False,4.4064673170361,3.0150297750469752
47.617163,40,2611.157423,True,False,False,6.0751264468446635,5.780820129133714
33.863396,28,2611.310106,True,False,False,3.7984680658129624,3.0516937802331543
33.056191,25,2611.462797,True,False,False,3.4756972975116773,2.8692189088888616
38.71137,67,2611.8983,True,False,False,4.349510924011631,4.335291765661556
48.958825,73,2612.393858,True,False,False,6.603514274852101,6.447583055602662
39.455353,37,2612.614295,True,False,False,4.288333761871976,4.11968734974664
-17.300025,10,2612.673711,False,True,False,0.6977363816811832,2.008873669203336
36.718422,42,2612.923456,True,False,False,3.6864266304643403,3.774066926540069
34.916481,37,2613.193547,True,False,False,3.349023095071205,3.3595225364251515
33.944559,41,2615.195787,True,False,False,4.100613066237646,3.2822891823311924
31.783853,45,2615.4721,True,False,False,2.978243923140696,2.8479342424384497
43.257658,56,2615.835433,True,False,False,5.4859429978399525,5.048492399510779
28.032441,18,2615.967251,True,False,False,1.8727491292592107,1.857726708667252
30.086691,33,2616.166799,True,False,False,3.1873856123519073,2.4615966075292883
30.0276,19,2616.28947,True,False,False,2.402721150638431,2.303816637185195
38.381017,62,2616.71924,True,False,False,4.368057715141858,4.1635495380224015
41.359938,53,2617.083254,True,False,False,5.187625235223339,4.567842186277716
27.502119,19,2617.22227,True,False,False,2.1618090224201674,2.017701391360998
34.507489,53,2617.52724,True,False,False,4.125158836323128,3.393102997395249
29.217248,36,2617.722786,True,False,False,2.269173602818762,2.2179265449618817
33.064851,34,2617.908365,True,False,False,3.145730912646031,2.9587128989235008
32.78383,27,2618.086137,True,False,False,3.2739663956792375,2.8922036144557492
41.575258,53,2619.981457,True,False,False,4.758874930434266,4.774162157415122
47.671658,55,2620.298796,True,False,False,6.891638976431449,5.969254528230701
33.662372,31,2620.519697,True,False,False,4.16629107088565,3.12058660555771
53.665587,103,2621.166408,True,False,False,7.857525362451172,7.519980038254851
31.053826,22,2621.318983,True,False,False,2.9318198736588212,2.5764446704993706
50.232334,71,2621.805617,True,False,False,6.720077810067627,6.508901071773421
39.353768,93,2622.437685,True,False,False,5.453783091751997,4.6470466037342995
44.002667,86,2623.009876,True,False,False,6.615557413412154,5.618393450691055
41.734482,79,2625.016351,True,False,False,5.312501754929749,4.930262084994769
-19.53703,16,2625.106939,False,True,False,0.8142564172103876,6.17897645805097
28.006532,31,2625.302061,True,False,False,2.422344450871563,2.060536314471998
46.84125,73,2625.753774,True,False,False,6.6394779130938595,5.841305595042415
30.162197,20,2625.892474,True,False,False,2.1663468274678044,2.2954136077928475
28.256126,20,2626.019664,True,False,False,1.8907385493174091,1.970383650286851
32.126727,56,2626.367361,True,False,False,4.102076790673096,3.0841319413409796
31.620808,34,2626.584238,True,False,False,3.068383406102134,2.9567815984728054
43.361625,72,2627.039407,True,False,False,7.585790579234962,5.38746857390239
26.405557,29,2627.23693,True,False,False,1.5919762674040452,1.6994285796008866
36.53352,36,2627.484896,True,False,False,3.7769151224572335,3.628669900030649
39.085071,37,2627.719653,True,False,False,4.462496358452552,4.190829970567533
32.281845,37,2627.968005,True,False,False,2.824146873412886,2.895545251249779
42.906851,50,2631.686567,True,False,False,5.535223970336611,4.86123351545412
35.013872,52,2632.074029,True,False,False,4.331045093747706,3.459937102866086
39.245663,68,2632.573146,True,False,False,4.459533755399871,4.3820090514290335
29.197325,31,2632.787212,True,False,False,2.49426034437589,2.18924966020617
-14.168734,13,2632.886562,False,True,False,1.4790459607183857,2.697703625349894
28.6348,30,2633.104946,True,False,False,3.1157281630818208,2.112710175108428
-6.706663,39,2633.379794,False,True,False,3.5808593469959034,4.190501759107942
33.360579,51,2633.743401,True,False,False,4.289927222352645,3.255733801898104
31.119884,22,2633.910501,True,False,False,2.7715589850709734,2.5200904351419906
-16.254892,11,2634.017506,False,True,False,0.9413993953088525,5.673703474443402
33.404217,28,2634.295334,True,False,False,3.4694873046673567,2.9491339264486713
36.229077,69,2634.769577,True,False,False,6.7772274107285515,4.053274633490633
31.838403,38,2635.015464,True,False,False,3.803070316058402,2.8610234378482997
38.684463,78,2637.16566,True,False,False,6.1261864809728515,4.563653731160898
31.681413,72,2637.663969,True,False,False,4.508458008169983,3.074227608158326
28.262258,52,2638.030529,True,False,False,3.9373483504012134,2.407141607410186
28.421975,29,2638.233969,True,False,False,2.0571095781257123,2.0997802849076335
43.588738,53,2638.569641,True,False,False,5.2097209395681014,4.990183029725781
28.311802,42,2638.885222,True,False,False,3.4773402860677085,2.3221835925258887
31.518157,44,2639.239737,True,False,False,5.414075535544149,2.89859806885361
49.255931,59,2639.640587,True,False,False,6.9710427852958565,6.356193309860409
40.334132,67,2640.106112,True,False,False,4.666801233579335,4.618077738593421
29.778181,37,2640.384515,True,False,False,3.119476701938371,2.3661873530545026
32.050833,24,2642.554311,True,False,False,2.5728601932743165,2.6808924840098234
41.10694,111,2643.320876,True,False,False,8.53110706445924,5.492011891859647
34.18253,24,2643.497969,True,False,False,3.264529235011244,3.162898559186
-12.963532,14,2643.589716,False,True,False,1.5681925243435857,6.011714937185609
28.51441,17,2643.717499,True,False,False,1.8385143851211234,1.9501670817894425
28.130675,23,2643.905401,True,False,False,2.0742797566041355,2.007673903310587
40.683847,55,2644.352896,True,False,False,6.092753986737196,4.787496929408684
30.203213,49,2644.748636,True,False,False,3.7028898936625634,2.5689162705162927
43.927981,72,2645.319535,True,False,False,6.781162523708728,5.310457704918826
39.300431,61,2645.776183,True,False,False,7.120053035099941,4.56865495758482
26.977108,70,2646.308641,True,False,False,4.892733693958456,2.525054394511069
31.069784,38,2648.513057,True,False,False,3.241438437190332,2.682109146557314
35.281853,38,2648.827676,True,False,False,3.450363919445319,3.3991100528881266
42.139698,64,2649.325948,True,False,False,5.9961485085113875,4.960028852365364
46.535525,63,2649.812721,True,False,False,6.081674185224064,5.8441048672552425
27.361061,15,2649.929494,True,False,False,1.6324173555153332,1.7527645517024768
38.440419,37,2650.213137,True,False,False,5.013656957907453,3.9585483095670138
48.115019,75,2650.799484,True,False,False,7.055560527414931,6.097770082792041
47.823211,48,2651.178076,True,False,False,6.081420376630626,5.9514409253575336
28.736449,26,2651.376817,True,False,False,3.3180400114699706,2.1296567326816285
42.280629,58,2651.823774,True,False,False,6.846076088876074,5.044571416205051
39.923381,35,2652.097626,True,False,False,4.536786087615477,4.281429193014997
37.890222,35,2654.402983,True,False,False,4.101203127278173,4.033894343061763
36.298907,36,2654.682136,True,False,False,4.873685937928127,3.623278268459
37.493547,66,2655.200916,True,False,False,4.794963090448285,4.073436702914833
36.482688,48,2655.55441,True,False,False,4.960189382843616,3.6784491375606154
48.071986,49,2655.941638,True,False,False,6.016412709910002,5.915838884593391
46.431819,56,2656.37631,True,False,False,7.755204444199481,5.727873080691778
43.535179,70,2656.92134,True,False,False,6.178438313785341,5.289828511446699
30.091744,33,2657.163648,True,False,False,2.984267121190016,2.528593351163557
29.893154,18,2657.295853,True,False,False,2.0943111969349477,2.2714046924194617
32.191454,43,2657.619838,True,False,False,4.863103820847394,2.9004900874346538
38.24269,28,2659.402076,True,False,False,4.351559341109969,3.817047917943194
32.967969,38,2659.718644,True,False,False,3.438915437112929,3.0328430791447554
39.219605,49,2661.981688,True,False,False,4.496439108624152,4.300433560856882
32.170723,27,2662.19559,True,False,False,2.9148801570443714,2.8645979572163105
30.70748,41,2662.554099,True,False,False,3.3519558733613914,2.67822710979084
25.380132,30,2662.792529,True,False,False,1.7756248360230855,1.5583246175411096
27.817095,17,2662.925702,True,False,False,1.7124558369221707,1.854318920138903
31.013256,41,2663.24129,True,False,False,2.478759266807103,2.637593760900304
41.302265,39,2663.680653,True,False,False,4.6198984333095,4.544749042375792
51.600593,89,2664.462654,True,False,False,8.159052767363946,6.919841648770917
37.447838,74,2665.126468,True,False,False,6.187158121525325,4.239249198448283
35.078441,56,2665.731465,True,False,False,5.74430072664179,3.585084847988897
46.78197,57,2666.257537,True,False,False,7.20577233081524,5.732311288251122
26.405428,14,2668.400752,True,False,False,1.4503649607400078,1.5401287835161623
28.073944,14,2668.51073,True,False,False,1.7150788900040257,1.8796548947153586
33.309638,60,2669.010063,True,False,False,4.025661871998472,3.5458010986716824
26.025936,17,2669.148322,True,False,False,1.405491668781315,1.5128172808455265
38.78615,44,2669.516168,True,False,False,3.9710475187203884,4.013978183554839
28.277412,17,2669.649946,True,False,False,2.0178278840759165,1.99141812339749
40.158624,54,2670.049805,True,False,False,4.846866850052254,4.584450264109614
47.438742,56,2670.450549,True,False,False,5.9156507292494735,5.965813687600019
30.308223,39,2670.730278,True,False,False,4.058609188740563,2.5852954029269526
40.060644,40,2671.020641,True,False,False,4.343603932694887,4.372790599400143
39.803009,47,2671.374664,True,False,False,5.4212854432238045,4.474019782672175
48.78586,71,2671.917503,True,False,False,8.254655202051767,6.409668564765756
-19.247872,15,2672.034112,False,True,False,1.141822917010708,5.489492872187518
31.655118,22,2672.209122,True,False,False,2.770704040868736,2.624549946425925
31.437798,38,2674.501777,True,False,False,4.345211128520994,2.8156823447049733
40.64115,36,2674.797186,True,False,False,4.402806766632731,4.325725651021432
28.083584,15,2674.925329,True,False,False,1.6604938101935953,1.9006490700075658
42.895541,42,2675.264143,True,False,False,5.297142888141164,4.942573804197112
42.449834,68,2675.815226,True,False,False,6.8239611279453225,5.091537077680219
30.325778,32,2676.074609,True,False,False,3.4088359235503978,2.526093108630522
29.315523,75,2676.713092,True,False,False,4.862785073052004,2.7570840622422788
36.813515,38,2677.018524,True,False,False,4.528710497233248,3.670488357695106
39.999668,27,2677.206605,True,False,False,4.200792661026888,4.195304166161619
34.709985,42,2677.52968,True,False,False,3.335251530450207,3.328525812157257
42.323304,45,2677.871568,True,False,False,5.250674333581449,4.862319744975001
33.314929,74,2680.460431,True,False,False,6.675082838916998,3.51023760330236
43.405683,72,2681.044532,True,False,False,7.0237077100744285,5.3648791348874765
34.858125,35,2681.308542,True,False,False,3.3881149721585606,3.34979173349419
28.747155,22,2681.467145,True,False,False,2.0506513319462267,2.18172011383288
45.92361,62,2681.929055,True,False,False,5.446080476235227,5.546079248135783
40.459319,37,2682.270046,True,False,False,4.321203889082523,4.346038853128667
34.96158,37,2682.599317,True,False,False,4.705111218165303,3.324133116207581
44.103294,59,2683.067575,True,False,False,5.440360442125618,5.231707950301376
29.804469,25,2683.2665,True,False,False,3.1493272105124377,2.2891727924357497
31.681174,40,2683.598125,True,False,False,2.724035671603751,2.7383185167040383
-13.376207,25,2683.789267,False,True,False,1.7272647288814227,2.08568329478292
43.388576,34,2684.051501,True,False,False,5.310882440035818,4.9903308553253245
44.957176,92,2686.834074,True,False,False,6.338699536523471,6.138342825320195
25.501111,51,2687.261345,True,False,False,4.41485302815606,1.7590809744539055
29.909457,22,2687.452371,True,False,False,2.132353370806254,2.3046283364672
30.667815,59,2687.930776,True,False,False,4.0655219754435645,2.8034289166303017
28.295768,17,2688.068285,True,False,False,1.8147004232066988,2.0164519265318344
35.583651,31,2688.397783,True,False,False,3.26229993849513,3.3946782294992546
35.471084,44,2688.738834,True,False,False,3.8719720468645855,3.502911160918491
41.594191,49,2689.096828,True,False,False,4.693140304753772,4.671253087077972
47.699915,49,2689.444574,True,False,False,6.979285569176327,5.843685575963505
-11.158467,31,2690.939234,False,True,False,2.041654162604238,6.273840560350436
41.973365,45,2691.287333,True,False,False,5.221552467049337,4.735662842434445
33.119165,35,2691.54846,True,False,False,3.5067545873422965,2.9896049888580327
-11.300485,14,2691.659382,False,True,False,1.8613593227027523,2.8831192844549887
31.565614,38,2694.031326,True,False,False,5.2852889587900505,2.9230908667440563
26.639622,32,2694.277649,True,False,False,2.3602090444611545,1.7934158665276785
41.218977,38,2694.579641,True,False,False,4.61516384428813,4.444180889216072
34.161565,66,2695.104906,True,False,False,4.754363632598515,3.7124992758376236
31.085606,33,2695.415721,True,False,False,2.9034274399719644,2.6469456791528048
35.152956,55,2695.878484,True,False,False,6.935204073945237,3.5859202578146445
33.094472,44,2696.256938,True,False,False,3.257671553811621,3.094177039504494
47.228911,59,2696.723752,True,False,False,7.38252877664846,5.924038389708667
30.080663,25,2696.914485,True,False,False,2.449296322839389,2.331052083409827
43.055146,41,2697.228702,True,False,False,4.951509079943796,4.919086864603959
43.57683,59,2697.715868,True,False,False,6.460728726413764,5.188618212707409
36.874454,47,2700.096063,True,False,False,3.743515770362521,3.814772388210651
36.598709,42,2700.475657,True,False,False,3.801068888456801,3.7641600087403617
33.74707,36,2700.80969,True,False,False,2.875912366250592,3.0962508236584543
41.784047,59,2701.302374,True,False,False,5.580644734341358,4.874979674402216
33.324052,31,2701.530294,True,False,False,2.8693887201312047,2.9816858747060846
32.219676,39,2701.844855,True,False,False,3.147629417335,2.881984886997126
42.628042,62,2702.295229,True,False,False,5.724243526313062,4.940100573773427
31.98263,38,2702.563827,True,False,False,2.6966050473671412,2.907939275780616
43.481478,50,2702.969319,True,False,False,6.686214056820588,5.145096880072006
27.083228,27,2703.18039,True,False,False,2.5030769098464978,1.9002129634552225
35.89057,38,2703.470384,True,False,False,3.7183722610252232,3.476616118708515
-21.176748,24,2703.65781,False,True,False,2.950965001115247,4.97036751364038
34.716418,27,2703.844293,True,False,False,3.5153649395099555,3.2671599261454314
47.767583,102,2706.764267,True,False,False,6.907914199653501,6.307777620184298
27.958595,26,2706.95965,True,False,False,2.8113759702588963,1.9631226367305992
47.529181,81,2707.555,True,False,False,6.337648156079317,5.980707724019045
29.150525,22,2707.724751,True,False,False,2.4437204225773455,2.2513187378384636
34.52641,31,2707.998077,True,False,False,3.0255992621228875,3.1728435874399357
41.577871,55,2708.463648,True,False,False,6.904193805144926,4.775798099421949
45.7743,62,2708.997759,True,False,False,5.846361701935283,5.470513183889477
42.705427,54,2709.414511,True,False,False,4.898051690085912,4.878415793150807
30.31036,54,2709.863789,True,False,False,4.499173370055091,2.6830462014920964
46.53029,81,2712.461711,True,False,False,6.783192792418646,5.8325193002908335
30.765446,27,2712.71524,True,False,False,2.895800176767991,2.8216642934172933
48.277256,44,2713.065258,True,False,False,7.159407367514762,5.9194723612941385
43.277987,62,2713.522824,True,False,False,5.428461708883311,5.139017864833956
39.517461,57,2714.012259,True,False,False,5.925604355365893,4.4454077793166045
-3.830082,45,2714.394653,False,True,False,3.9818864900020596,5.222761358694729
41.874115,76,2715.067591,True,False,False,7.305723082864059,5.440174732309363
31.514948,50,2715.507562,True,False,False,2.9583774929101305,2.8034092024745467
36.638646,58,2716.022019,True,False,False,3.67609947248945,3.8410147364053135
40.861785,43,2716.377832,True,False,False,4.881089900493894,4.552156434312854
42.50972,55,2718.871132,True,False,False,4.980954317728078,4.840738524814938
35.340358,36,2719.15113,True,False,False,3.330417305316475,3.382471354117237
38.591213,31,2719.387904,True,False,False,3.7960217368189233,3.884676503280116
46.041462,75,2719.990296,True,False,False,6.719398647457489,5.882713312689744
43.822829,63,2720.517039,True,False,False,5.474203651469216,5.187573667783789
41.184964,51,2720.922169,True,False,False,5.79623009646407,4.776473640101795
32.375853,30,2721.172737,True,False,False,2.964067136430842,2.8700108598098426
32.563407,20,2722.640403,True,False,False,2.647072355064163,2.7850353321804175
39.76622,53,2723.052563,True,False,False,4.641468541548599,4.364777051603968
29.486976,90,2723.748896,True,False,False,8.136247544323219,3.209741733456217
31.023558,28,2723.9902,True,False,False,2.2976426381690405,2.484882562305083
46.424214,45,2726.345505,True,False,False,6.07282226163224,5.488572443813277
30.578976,24,2726.530955,True,False,False,2.2396333789788643,2.45330334290906
50.106134,83,2727.207664,True,False,False,6.817006424070521,6.430336383731049
41.425586,51,2727.594315,True,False,False,4.797614482113488,4.5659567497990805
37.47917,46,2727.967037,True,False,False,3.9522254584684915,3.9293280568805957
35.692384,34,2728.240705,True,False,False,3.3658793869788095,3.4996350771922407
45.167593,50,2728.693484,True,False,False,5.270997590223189,5.3174430236492505
34.396222,30,2728.919103,True,False,False,3.8949609941783274,3.142806896884294
26.760985,16,2729.045044,True,False,False,1.4737330979660492,1.5909417603854468
48.783308,86,2729.735456,True,False,False,6.583356453617068,6.321243464924021
37.395717,32,2730.048007,True,False,False,4.821639635084495,3.838656485169627
31.820992,50,2732.472087,True,False,False,3.2225992367026444,3.0870411461373846
51.736276,97,2733.323444,True,False,False,8.888171924862744,6.910607329007473
25.857019,16,2733.452807,True,False,False,1.4958587464828554,1.535144617739934
38.165941,45,2733.856257,True,False,False,3.993365092755701,3.9237481680117683
49.245768,92,2734.608981,True,False,False,7.419597603443255,6.625159735628772
33.313852,113,2735.500216,True,False,False,6.167950194301731,3.961810022414286
32.082998,26,2735.69818,True,False,False,3.1628164135560275,2.6994158443323135
39.927552,50,2736.106172,True,False,False,4.474477948564027,4.371120641148124
36.037853,35,2736.324728,True,False,False,3.4348088907665613,3.5537903546212153
44.595132,59,2738.80521,True,False,False,5.2899000025689835,5.2756293785125505
28.76275,26,2739.050363,True,False,False,2.6078462745529785,2.210918091884581
40.10805,37,2739.351541,True,False,False,4.721977640373284,4.475737100842364
42.405669,74,2739.947958,True,False,False,5.285908954214107,5.0417325257713115
36.077609,54,2740.393691,True,False,False,4.14654786474166,3.6417952043170505
27.747845,23,2740.56307,True,False,False,1.6632017270767387,1.859883927590926
33.1577,52,2740.980708,True,False,False,3.829886338721208,3.136373015615385
26.334143,32,2741.237732,True,False,False,1.7373330872432298,1.6974529766777318
44.92503,56,2741.684069,True,False,False,5.661586656167798,5.49825380059308
26.916403,27,2741.905742,True,False,False,2.406176617471242,1.9754481309446474
31.970499,36,2742.198827,True,False,False,3.0115151138379725,2.758783297819946
29.043928,31,2742.430326,True,False,False,3.2386636577725945,2.3991646004050375
33.877716,20,2744.515834,True,False,False,3.1009049913238504,3.083675327014682
34.471457,35,2744.818786,True,False,False,4.287271578306316,3.2982952922143176
29.849984,36,2745.08823,True,False,False,2.167326159171669,2.366710449905575
33.604088,32,2745.344096,True,False,False,3.297208243973659,3.1248265456116306
50.859106,52,2745.803377,True,False,False,6.098031775746425,6.199293133880619
44.71166,55,2746.295243,True,False,False,5.758883406411451,5.315060232925732
50.172889,67,2746.864658,True,False,False,8.477642094407173,6.663280699913694
31.063094,50,2747.337338,True,False,False,3.476029030009696,2.752116928101785
40.880801,61,2747.850276,True,False,False,4.606406073645724,4.548107487505812
29.374387,28,2748.079232,True,False,False,2.5210349178070777,2.237808018065002
35.395552,30,2748.315606,True,False,False,3.4599382027009664,3.526297018698084
35.013888,39,2748.63673,True,False,False,3.520565526951496,3.3468821449455737
28.150163,29,2750.792725,True,False,False,1.9172150755566568,1.9622481180203077
51.939564,61,2751.299646,True,False,False,6.750525088821598,6.843133324666343
37.132538,29,2751.547984,True,False,False,3.615311702367045,3.662287386976674
41.689296,38,2751.885696,True,False,False,4.999209075196208,4.641470948290516
40.433798,43,2752.28009,True,False,False,4.636901694111538,4.400863976262578
36.057322,32,2752.582663,True,False,False,3.732778431306136,3.5278718561594298
41.833496,72,2754.580567,True,False,False,5.039812674602832,4.837019567984003
-15.505923,19,2754.733986,False,True,False,1.1303161432778492,4.734002671872572
39.157144,52,2755.224612,True,False,False,4.456806852200519,4.260806858076443
50.801698,58,2755.657807,True,False,False,7.464233352579274,6.482207075010249
38.714942,48,2756.004891,True,False,False,4.318872421051101,4.248824134639417
38.343024,39,2756.286389,True,False,False,4.194753732947414,3.968507705003698
25.556843,25,2758.410147,True,False,False,2.345384885505466,1.5878263828565446
34.747592,36,2758.709862,True,False,False,3.7239605639440816,3.367536006113269
40.559462,44,2759.111592,True,False,False,4.586418023036176,4.474212026949483
35.350653,69,2759.629847,True,False,False,5.556953568514353,3.8373730140591067
32.547915,27,2759.842808,True,False,False,2.7619838590278425,2.8736007159572305
32.684355,43,2760.176991,True,False,False,3.858616787363968,3.023554560241187
27.163113,31,2760.399105,True,False,False,4.01138099621035,1.9592153220141133
30.295503,61,2760.818338,True,False,False,3.3704131045716323,2.974373356918009
38.901337,46,2761.159636,True,False,False,4.078611330497744,4.201120513023496
31.830698,21,2761.330725,True,False,False,2.4983823448538813,2.656467710926913
-17.782037,6,2761.37467,False,True,False,0.5448869448441358,1.7192227743168742
33.026488,27,2761.56696,True,False,False,3.073100462348471,2.89152133113171
36.421136,53,2761.957593,True,False,False,4.916031870981822,3.738652243754602
41.725768,35,2762.233338,True,False,False,4.543684448510745,4.588641410973342
39.339919,55,2764.610892,True,False,False,5.365255307307442,4.35388884068753
29.10257,28,2764.83038,True,False,False,3.343257977964651,2.205036237928254
39.785141,38,2765.130198,True,False,False,4.095110489734554,4.103269616271972
43.435636,62,2765.622895,True,False,False,7.6730568656073785,5.213859869603366
35.296477,32,2765.869618,True,False,False,3.341296788480662,3.415311325945161
26.098029,20,2766.025875,True,False,False,1.461798827466584,1.550734052353813
27.442302,23,2766.202956,True,False,False,1.83456393206922,1.8170853152525897
-10.532887,16,2766.331394,False,True,False,2.2240052770662855,3.918913729327437
28.04416,22,2766.511906,True,False,False,2.338119318683848,1.9386020234360803
32.823574,28,2766.737582,True,False,False,2.8944493954673307,2.945487506040119
39.455483,54,2767.165086,True,False,False,5.404913220782026,4.433208880484098
36.172548,37,2767.447933,True,False,False,3.721750979309868,3.5841968748425965
37.173148,73,2767.996705,True,False,False,5.0857521839965125,4.485326304519783
29.528542,30,2770.220239,True,False,False,2.8616719909428094,2.5506438541402434
-16.499262,8,2770.286565,False,True,False,0.8156698800002138,4.452824396507176
30.138882,18,2770.433653,True,False,False,2.195257721131024,2.2369052514667302
28.967296,23,2770.613425,True,False,False,2.3225518480887453,2.1589723836957453
43.710679,93,2771.352957,True,False,False,6.748208450839717,6.056607089858303
37.613591,72,2771.907429,True,False,False,6.710497968458495,4.269486060001219
41.53959,67,2772.420594,True,False,False,6.4989176978204135,5.1934238607009435
35.746936,29,2772.640699,True,False,False,4.01643844316564,3.550997894466119
-17.505278,12,2772.733709,False,True,False,0.7952763531529866,2.0270371299943135
24.180226,68,2773.258845,True,False,False,3.293972623129747,2.0416401759680647
58.198608,132,2776.230153,True,False,False,9.153582714360017,8.511611503463975
36.358911,41,2776.554865,True,False,False,3.7165531256291535,3.6778190596250564
-19.860466,10,2776.633456,False,True,False,0.546930897326693,3.501358966893318
29.51698,27,2776.846541,True,False,False,2.1845658590082015,2.226693341619177
27.394122,26,2777.056409,True,False,False,2.2148905163948163,1.8615677496585998
28.822845,28,2777.295145,True,False,False,2.0461673429978724,2.124717965966001
42.993759,65,2777.827302,True,False,False,6.133988094129928,5.142895178224231
30.215394,38,2778.13558,True,False,False,2.8514064610796805,2.7462941501846627
36.656487,34,2778.399186,True,False,False,4.002324270287247,3.676616985932658
43.204393,49,2778.80719,True,False,False,5.0467144453257395,5.015926716985761
28.439942,16,2778.938112,True,False,False,1.795564573461576,1.9439247626555303
35.092342,22,2779.115152,True,False,False,3.2241355278249437,3.2556335205469393
34.474915,64,2779.621114,True,False,False,6.613089622839656,3.6878883049719113
29.694838,35,2779.896241,True,False,False,2.1691708590130006,2.3431458329971746
32.290254,24,2780.086663,True,False,False,2.840403750231911,2.7892530670889397
42.462306,54,2782.416541,True,False,False,5.0555731667325805,5.0082981425386475
34.846113,25,2782.605428,True,False,False,3.3999881180077347,3.2553534344842845
32.007417,25,2782.80047,True,False,False,2.776729547724547,2.711521912464269
41.120012,46,2783.187437,True,False,False,4.842356153771714,4.6069459561670785
54.271911,57,2783.649546,True,False,False,7.460029896405522,7.232082867185372
33.594434,25,2785.343009,True,False,False,2.9486160266117794,3.010930062704408
42.641955,50,2785.741554,True,False,False,4.882767958210637,4.906448040636189
27.010134,41,2786.071808,True,False,False,2.456213821784848,1.9359065318092274
38.420868,57,2786.505781,True,False,False,4.711209826723202,4.116239581239506
32.412737,32,2786.760235,True,False,False,2.84922828052594,2.8439380080144416
-9.769819,33,2787.007156,False,True,False,2.7003757955043852,4.214481076736153
36.334567,46,2787.369589,True,False,False,3.8946716430024866,3.6126169795334264
35.352434,45,2789.686759,True,False,False,3.3019410182081166,3.4278755910648364
37.680439,29,2789.912698,True,False,False,3.94348253116099,3.775822329781464
34.779133,64,2790.409128,True,False,False,4.42968898067968,4.048654368933963
32.685856,30,2790.646251,True,False,False,3.4795475162283296,3.028842349766737
57.144401,74,2791.233423,True,False,False,7.9133905533154225,7.640328500557691
36.772395,47,2791.602767,True,False,False,4.411499906344596,3.6963636447306403
47.020957,125,2792.572933,True,False,False,11.12896153418635,6.3106578841360585
30.375562,38,2792.868733,True,False,False,3.9797921832870933,2.634970465115246
33.747867,36,2793.15643,True,False,False,3.109504609285731,3.0870604462046343
29.217218,30,2793.389879,True,False,False,2.507036245561879,2.268495903860587
39.246607,69,2795.865477,True,False,False,6.721187254726558,4.429068877794832
44.981166,56,2796.303122,True,False,False,5.785908889148458,5.392967706580124
24.494651,36,2796.601115,True,False,False,2.862922387707891,1.5381907325104405
32.853269,29,2796.843777,True,False,False,3.1933038293387006,2.9693794448678714
39.77543,39,2797.161247,True,False,False,4.76093490816355,4.279667629512513
52.444648,65,2797.669047,True,False,False,8.917463604019494,6.773358374225345
50.298788,40,2797.980333,True,False,False,6.516203181038995,6.240053829327387
38.924288,49,2798.364564,True,False,False,6.515359536984894,4.252277498785689
45.39015,63,2798.878632,True,False,False,6.675335286583076,5.781783459072017
42.056896,77,2799.473711,True,False,False,8.56861616826344,5.2715180645827475
49.007093,74,2801.945576,True,False,False,6.480683950194424,6.312383267938575
49.857172,78,2802.557115,True,False,False,6.654589192389618,6.503780798668471
38.641705,44,2802.90008,True,False,False,4.274179512573692,4.115095422665252
43.386328,56,2803.319827,True,False,False,5.836525718230519,5.116593990423275
25.576301,37,2803.603174,True,False,False,2.289590422688973,1.735051113776055
29.743022,29,2803.826645,True,False,False,2.7003769794341625,2.3062427127057545
39.084738,49,2804.19706,True,False,False,4.3432203617357965,4.302299501958957
38.713295,30,2804.420525,True,False,False,3.9742253781151375,4.081594734944922
35.680967,38,2804.713832,True,False,False,3.634353020317753,3.472270372793347
36.368927,31,2804.956577,True,False,False,3.453510762107496,3.608624387346009
28.324118,32,2805.20734,True,False,False,4.003085932983389,2.1272202640673714
34.886118,26,2805.407004,True,False,False,3.15581072238948,3.303319957831121
55.978692,85,2807.968949,True,False,False,8.127421199993147,7.601047631403096
34.533169,42,2808.292486,True,False,False,3.588499459069377,3.2706083082499164
-15.898401,16,2808.414487,False,True,False,1.042844345818315,4.044896765790542
27.065241,23,2808.59905,True,False,False,1.616568132493432,1.7291290948015356
44.624862,56,2809.046396,True,False,False,5.855810886605345,5.28038727241551
31.283351,37,2809.328686,True,False,False,3.654515268311056,2.661851379833934
-15.600317,9,2809.39866,False,True,False,0.9991524360346223,3.513096201474629
31.918728,36,2809.683331,True,False,False,4.0162878284605705,2.944567685019853
37.103658,64,2810.19227,True,False,False,5.3171922197542525,4.005488705704081
29.273846,25,2810.38744,True,False,False,2.236178650107578,2.2471174901768305
47.211474,71,2810.943934,True,False,False,6.52394307919617,5.9146738534970895
45.07159,60,2811.430153,True,False,False,5.641047346070926,5.265079710721175
44.41501,44,2813.686283,True,False,False,5.8406749231828,5.192423532969769
42.458865,47,2814.050302,True,False,False,5.052157227899694,4.795379337052642
36.547124,43,2814.382891,True,False,False,3.5175139634007104,3.607011513518583
32.595371,30,2815.878513,True,False,False,3.7240119221460155,2.919228282155342
28.988215,31,2816.120916,True,False,False,2.2354515830935826,2.1642125537874635
42.071748,75,2816.686351,True,False,False,6.52113834061536,4.946598990937872
32.09026,38,2816.96677,True,False,False,3.8721064059435926,2.9720836437166587
42.448397,50,2817.32275,True,False,False,5.229012597088341,4.945967460986915
40.410571,55,2817.735586,True,False,False,6.347995874959095,4.6505660655982375
30.349633,76,2818.321358,True,False,False,4.691647234535224,3.289281483020844
